<?xml version="1.0" encoding="windows-1252" standalone="no"?>
<XMD-entity REPOSITORY_FORMAT="1.0" PRXML_VER="2.0" ENTITY_TYPE="Article" DOC_UID="EWJ_01/04/1858" DOC_VER="1" FIRST_TOC_ENTRY_ID="58" DEPTH_LEVEL="1" INDEX_IN_DOC="105" PAGE_NO="47" ID="Ar04701" BOX="24 12 811 98" LANGUAGE="English" SNP="Ar04701S.png" SNP_WIDTH="788" SNP_HEIGHT="86" LOGICAL_NAME="true">
	<Meta NAME="ILLUSTRATIONS OF EVERY-DAY LIFE. 119" DESCRIPTION="" SUBTYPE="" BASE_HREF="EWJ/1858/04/01" SOURCE_TYPE="TIFF" PUBLICATION="EWJ" SECTION="None" ISSUE_DATE="01/04/1858" WORDCNT="6" RELEASE_NO="041-EWJ-1858-04-01-001-SINGLE" PAGE_ID="" PAGE_TYPE="Single" PAGE_WIDTH="823" PAGE_HEIGHT="1239" DEFAULT_IMG_EXT="png" PDF_DESTINATION_MAPPED="OLV0_Entity_0047_0002" IMAGES_RESOLUTION="86" XMD_VER="2.6.238.8" PAGE_LABEL="119"/>
	<Link SOURCE="041-EWJ-1858-04-01-001-SINGLE.PDF" FIRST_ID="Ar00200" LAST_ID="Ar07201" NEXT_ID="" PREV_ID="Ar04700" TOC_ID="d:/Olive/Repository/EWJ/1858/04/01/TOC.xml"/>
	<DataFiles>
		<Files TYPE="DOC_PDF" PRESENT="1"/>
		<Files TYPE="PAGE_PDF" PRESENT="0"/>
		<Files TYPE="DOC_IMG" PRESENT="0"/>
		<Files TYPE="PAGE_IMG" PRESENT="0"/>
		<Files TYPE="PAGE_VIEW_IMG" PRESENT="1"/>
		<Files TYPE="PAGE_PREVIEW_IMG" PRESENT="1"/>
		<Files TYPE="PRIMITIVE_IMG" PRESENT="1"/>
		<Files TYPE="SNIPPET_IMG" PRESENT="1"/>
	</DataFiles>
	<Content>
		<Primitive BOX="24 12 811 98" ID="Ar0470100" SEQ_NO="0" TOC_ENTRY_ID="58" DEPTH_LEVEL="1">
			<L BOX="193 63 730 88"/>
			<W BOX="193 63 351 86" STYLE_REF="7">ILLUSTRATIONS</W>
			<W BOX="364 63 390 87" STYLE_REF="7">OF</W>
			<Q BOX="403 63 442 87" STYLE_REF="7" QID="1">EVE</Q>
			<Q BOX="443 63 470 87" STYLE_REF="7" QID="1">RY</Q>
			<Q BOX="470 63 476 87" STYLE_REF="7" LH="y" QID="1">-</Q>
			<q BOX="476 63 518 87" STYLE_REF="7" QID="1">DAY</q>
			<QW QID="1">EVERY-DAY</QW>
			<W BOX="530 64 580 87" STYLE_REF="7" NS="y">LIFE</W>
			<W BOX="581 64 587 87" STYLE_REF="7">.</W>
			<W BOX="693 65 730 88" STYLE_REF="7">119</W>
		</Primitive>
	</Content>
	<TOC_Entries><TOC_Entry TOC_ENTRY_ID="101" TITLE="ILLUSTRATIONS OF EVERY-DAY LIFE. 119" ENTITY_ID_REF="Ar04701" PAGE_NO="47" PAGE_LABEL="119" PRIM_ID_REF="Ar0470100" IS_IC="true"/></TOC_Entries></XMD-entity>
