<?xml version="1.0" encoding="windows-1252" standalone="no"?>
<XMD-entity REPOSITORY_FORMAT="1.0" PRXML_VER="2.0" ENTITY_TYPE="Article" FIRST_TOC_ENTRY_ID="57" DEPTH_LEVEL="1" INDEX_IN_DOC="100" PAGE_NO="47" ID="Ar04700" BOX="24 98 811 1214" LANGUAGE="English" CONTINUATION_TO="Ar04800" CONTINUATION_FROM="Ar04602" LOGICAL_NAME="true">
	<Meta NAME="~ ^U - , just There as trul is a y commo..." DESCRIPTION="" SUBTYPE="" BASE_HREF="EWJ/1858/04/01" SOURCE_TYPE="TIFF" PUBLICATION="EWJ" SECTION="None" ISSUE_DATE="01/04/1858" WORDCNT="592" RELEASE_NO="041-EWJ-1858-04-01-001-SINGLE" PAGE_ID="" PAGE_TYPE="Single" PAGE_WIDTH="823" PAGE_HEIGHT="1239" DEFAULT_IMG_EXT="png" PDF_DESTINATION_MAPPED="OLV0_Entity_0047_0001" IMAGES_RESOLUTION="86" XMD_VER="2.6.238.8" PAGE_LABEL="119"/>
	<Link SOURCE="041-EWJ-1858-04-01-001-SINGLE.PDF" FIRST_ID="Ar00200" LAST_ID="Ar07201" NEXT_ID="Ar04701" PREV_ID="" TOC_ID="d:/Olive/Repository/EWJ/1858/04/01/TOC.xml"/>
	<DataFiles>
		<Files TYPE="DOC_PDF" PRESENT="1"/>
		<Files TYPE="PAGE_PDF" PRESENT="0"/>
		<Files TYPE="DOC_IMG" PRESENT="0"/>
		<Files TYPE="PAGE_IMG" PRESENT="0"/>
		<Files TYPE="PAGE_VIEW_IMG" PRESENT="1"/>
		<Files TYPE="PAGE_PREVIEW_IMG" PRESENT="1"/>
		<Files TYPE="PRIMITIVE_IMG" PRESENT="1"/>
		<Files TYPE="SNIPPET_IMG" PRESENT="1"/>
	</DataFiles>
	<Content>
		<Primitive BOX="24 98 811 153" ID="Ar0470000" SEQ_NO="0" TOC_ENTRY_ID="57" DEPTH_LEVEL="1">
			<L BOX="52 103 733 131"/>
			<W BOX="52 103 117 130" STYLE_REF="1">objects</W>
			<W BOX="127 103 223 130" STYLE_REF="1">connected</W>
			<W BOX="232 103 277 130" STYLE_REF="1">with</W>
			<W BOX="285 103 371 130" STYLE_REF="1">domestic</W>
			<W BOX="378 104 465 131" STYLE_REF="1" NS="y">economy</W>
			<W BOX="469 104 474 131" STYLE_REF="1">;</W>
			<W BOX="483 104 518 131" STYLE_REF="1">and</W>
			<W BOX="526 104 580 131" STYLE_REF="1">when</W>
			<W BOX="587 104 618 131" STYLE_REF="1">Ms</W>
			<Q BOX="625 104 637 131" STYLE_REF="1" QID="1">p</Q>
			<q BOX="637 104 677 131" STYLE_REF="1" QID="1">lans</q>
			<QW QID="1">plans</QW>
			<W BOX="685 104 733 131" STYLE_REF="1">were</W>
			<L BOX="52 125 732 153"/>
			<W BOX="52 125 131 152" STYLE_REF="1" NS="y">matured</W>
			<W BOX="133 125 138 152" STYLE_REF="1">,</W>
			<W BOX="143 125 211 152" STYLE_REF="1">having</W>
			<W BOX="219 125 300 152" STYLE_REF="1">obtained</W>
			<W BOX="309 125 339 152" STYLE_REF="1">the</W>
			<W BOX="345 127 426 153" STYLE_REF="1">sanction</W>
			<W BOX="432 127 449 153" STYLE_REF="1">of</W>
			<W BOX="455 127 486 153" STYLE_REF="1">the</W>
			<W BOX="492 127 569 153" STYLE_REF="1">Council</W>
			<W BOX="575 127 592 153" STYLE_REF="1">of</W>
			<W BOX="600 127 631 153" STYLE_REF="1">the</W>
			<W BOX="639 127 709 153" STYLE_REF="1">Society</W>
			<W BOX="715 127 732 153" STYLE_REF="1">of</W>
		</Primitive>
		<Primitive BOX="24 148 811 199" ID="Ar0470001" SEQ_NO="1" TOC_ENTRY_ID="57" DEPTH_LEVEL="1">
			<L BOX="52 148 734 176"/>
			<W BOX="52 148 95 174" STYLE_REF="1">Arts</W>
			<W BOX="103 148 137 174" STYLE_REF="1">and</W>
			<W BOX="145 148 176 174" STYLE_REF="1">the</W>
			<W BOX="184 148 298 174" STYLE_REF="1">approbation</W>
			<W BOX="308 149 325 175" STYLE_REF="1">of</W>
			<W BOX="333 149 365 175" STYLE_REF="1">the</W>
			<W BOX="372 149 458 176" STYLE_REF="1">Emperor</W>
			<W BOX="466 149 484 176" STYLE_REF="1">of</W>
			<W BOX="492 149 523 176" STYLE_REF="1">the</W>
			<W BOX="531 149 603 176" STYLE_REF="1" NS="y">French</W>
			<W BOX="604 149 609 176" STYLE_REF="1">,</W>
			<W BOX="617 149 641 176" STYLE_REF="1">he</W>
			<W BOX="649 149 691 176" STYLE_REF="1">took</W>
			<W BOX="701 149 734 176" STYLE_REF="1">the</W>
			<L BOX="52 170 732 199"/>
			<W BOX="52 170 90 197" STYLE_REF="1">first</W>
			<W BOX="99 170 137 197" STYLE_REF="1">step</W>
			<W BOX="146 170 224 197" STYLE_REF="1">towards</W>
			<Q BOX="232 170 242 197" STYLE_REF="1" QID="2">c</Q>
			<Q BOX="242 170 282 197" STYLE_REF="1" QID="2">arry</Q>
			<q BOX="283 171 314 197" STYLE_REF="1" QID="2">ing</q>
			<QW QID="2">carrying</QW>
			<W BOX="323 171 353 198" STYLE_REF="1">out</W>
			<W BOX="360 171 390 198" STYLE_REF="1">his</W>
			<Q BOX="398 171 435 198" STYLE_REF="1" QID="3">desi</Q>
			<q BOX="436 172 459 199" STYLE_REF="1" QID="3">gn</q>
			<QW QID="3">design</QW>
			<Q BOX="472 172 484 199" STYLE_REF="1" QID="4">b</Q>
			<q BOX="484 172 497 198" STYLE_REF="1" QID="4">y</q>
			<QW QID="4">by</QW>
			<W BOX="505 172 612 198" STYLE_REF="1">organizing</W>
			<W BOX="619 172 629 198" STYLE_REF="1">a</W>
			<W BOX="637 171 732 198" STYLE_REF="1">collection</W>
		</Primitive>
		<Primitive BOX="24 193 811 244" ID="Ar0470002" SEQ_NO="2" TOC_ENTRY_ID="57" DEPTH_LEVEL="1">
			<L BOX="53 193 733 221"/>
			<W BOX="53 193 70 219" STYLE_REF="1">of</W>
			<W BOX="79 193 110 219" STYLE_REF="1">the</W>
			<W BOX="116 193 160 219" STYLE_REF="1">kind</W>
			<W BOX="169 193 195 219" STYLE_REF="1">for</W>
			<W BOX="207 193 238 219" STYLE_REF="1">the</W>
			<Q BOX="251 193 287 219" STYLE_REF="1" QID="5">Gre</Q>
			<q BOX="287 193 305 219" STYLE_REF="1" QID="5">at</q>
			<QW QID="5">Great</QW>
			<W BOX="317 194 368 220" STYLE_REF="1">Paris</W>
			<W BOX="380 194 486 221" STYLE_REF="1">Exhibition</W>
			<W BOX="494 194 513 221" STYLE_REF="1">in</W>
			<W BOX="523 194 569 221" STYLE_REF="1" NS="y">1855</W>
			<W BOX="569 194 573 221" STYLE_REF="1">.</W>
			<W BOX="599 194 616 221" STYLE_REF="1">A</W>
			<W BOX="625 194 691 221" STYLE_REF="1">similar</W>
			<W BOX="699 194 733 221" STYLE_REF="1">one</W>
			<L BOX="52 216 734 244"/>
			<W BOX="52 216 90 242" STYLE_REF="1">was</W>
			<W BOX="97 216 164 242" STYLE_REF="1">formed</W>
			<W BOX="171 216 239 242" STYLE_REF="1">during</W>
			<W BOX="246 216 277 242" STYLE_REF="1">the</W>
			<W BOX="285 216 328 242" STYLE_REF="1">next</W>
			<W BOX="335 217 379 244" STYLE_REF="1">year</W>
			<W BOX="386 217 406 244" STYLE_REF="1">in</W>
			<Q BOX="414 217 495 244" STYLE_REF="1" QID="6">Brussels</Q>
			<q BOX="506 217 542 244" STYLE_REF="1" QID="6">and</q>
			<QW QID="6">Brusselsand</QW>
			<W BOX="549 217 582 244" STYLE_REF="1">the</W>
			<W BOX="589 217 663 244" STYLE_REF="1">interest</W>
			<W BOX="671 217 734 244" STYLE_REF="1">shown</W>
		</Primitive>
		<Primitive BOX="24 238 811 289" ID="Ar0470003" SEQ_NO="3" TOC_ENTRY_ID="57" DEPTH_LEVEL="1">
			<L BOX="52 217 734 266"/>
			<W BOX="52 238 72 264" STYLE_REF="1">in</W>
			<W BOX="79 238 130 264" STYLE_REF="1">these</W>
			<W BOX="137 238 173 264" STYLE_REF="1">two</W>
			<W BOX="180 238 282 265" STYLE_REF="1">temporary</W>
			<Q BOX="290 239 343 266" STYLE_REF="1" QID="7">exhib</Q>
			<q BOX="343 239 397 266" STYLE_REF="1" QID="7">itions</q>
			<QW QID="7">exhibitions</QW>
			<W BOX="410 239 519 266" STYLE_REF="1">encouraged</W>
			<W BOX="496 217 501 244" STYLE_REF="1">,</W>
			<W BOX="532 240 562 266" STYLE_REF="1" NS="y">Mr</W>
			<W BOX="562 240 568 266" STYLE_REF="1">.</W>
			<W BOX="576 240 662 266" STYLE_REF="1">Twining</W>
			<W BOX="673 240 692 266" STYLE_REF="1">to</W>
			<Q BOX="703 240 726 266" STYLE_REF="1" QID="8">de</Q>
			<Q BOX="726 240 734 266" STYLE_REF="1" QID="8">-</Q>
			<L BOX="53 260 733 289"/>
			<q BOX="53 260 92 287" STYLE_REF="1" QID="8">vise</q>
			<QW QID="8">devise</QW>
			<W BOX="100 260 131 287" STYLE_REF="1">the</W>
			<W BOX="138 260 209 287" STYLE_REF="1">scheme</W>
			<W BOX="217 260 234 287" STYLE_REF="1">of</W>
			<W BOX="242 260 252 287" STYLE_REF="1">a</W>
			<W BOX="260 261 364 288" STYLE_REF="1">permanent</W>
			<W BOX="371 261 404 288" STYLE_REF="1">one</W>
			<W BOX="412 261 432 288" STYLE_REF="1">in</W>
			<Q BOX="436 262 477 288" STYLE_REF="1" QID="9">Eng</Q>
			<q BOX="476 262 519 289" STYLE_REF="1" NS="y" QID="9">land</q>
			<QW QID="9">England</QW>
			<W BOX="519 262 525 289" STYLE_REF="1">.</W>
			<W BOX="549 262 612 289" STYLE_REF="1">Under</W>
			<W BOX="616 262 647 289" STYLE_REF="1">the</W>
			<Q BOX="652 262 696 289" STYLE_REF="1" QID="10">ausp</Q>
			<q BOX="696 262 733 289" STYLE_REF="1" QID="10">ices</q>
			<QW QID="10">auspices</QW>
		</Primitive>
		<Primitive BOX="24 283 811 334" ID="Ar0470004" SEQ_NO="4" TOC_ENTRY_ID="57" DEPTH_LEVEL="1">
			<L BOX="53 283 732 311"/>
			<W BOX="53 283 70 309" STYLE_REF="1">of</W>
			<W BOX="75 283 106 309" STYLE_REF="1">the</W>
			<W BOX="115 283 183 309" STYLE_REF="1">Society</W>
			<W BOX="191 283 208 310" STYLE_REF="1">of</W>
			<W BOX="213 283 256 310" STYLE_REF="1" NS="y">Arts</W>
			<W BOX="256 283 261 309" STYLE_REF="1">,</W>
			<Q BOX="268 283 296 310" STYLE_REF="1" QID="11">thi</Q>
			<q BOX="297 283 305 310" STYLE_REF="1" QID="11">s</q>
			<QW QID="11">this</QW>
			<W BOX="310 284 400 310" STYLE_REF="1">sagacious</W>
			<Q BOX="406 284 418 311" STYLE_REF="1" QID="12">p</Q>
			<Q BOX="418 284 520 311" STYLE_REF="1" QID="12">hilanthrop</Q>
			<q BOX="520 285 544 311" STYLE_REF="1" QID="12">ist</q>
			<QW QID="12">philanthropist</QW>
			<W BOX="550 285 569 311" STYLE_REF="1">at</W>
			<W BOX="575 285 604 311" STYLE_REF="1">his</W>
			<W BOX="609 285 650 311" STYLE_REF="1">own</W>
			<W BOX="655 285 732 311" STYLE_REF="1">expense</W>
			<L BOX="52 305 724 334"/>
			<W BOX="52 305 136 332" STYLE_REF="1">gathered</W>
			<W BOX="149 305 239 332" STYLE_REF="1">materials</W>
			<W BOX="251 305 270 332" STYLE_REF="1">to</W>
			<W BOX="284 305 329 332" STYLE_REF="1">form</W>
			<W BOX="343 305 374 332" STYLE_REF="1">the</W>
			<W BOX="387 307 461 333" STYLE_REF="1">nucleus</W>
			<W BOX="471 307 489 334" STYLE_REF="1">of</W>
			<W BOX="501 307 533 334" STYLE_REF="1">the</W>
			<W BOX="545 307 618 334" STYLE_REF="1">present</W>
			<W BOX="631 307 724 334" STYLE_REF="1">collection</W>
		</Primitive>
		<Primitive BOX="24 328 811 379" ID="Ar0470005" SEQ_NO="5" TOC_ENTRY_ID="57" DEPTH_LEVEL="1">
			<L BOX="726 307 733 333"/>
			<W BOX="726 307 733 333" STYLE_REF="1">,</W>
			<L BOX="51 328 732 356"/>
			<W BOX="51 328 112 355" STYLE_REF="1">which</W>
			<W BOX="123 328 160 355" STYLE_REF="1">was</W>
			<Q BOX="171 328 287 355" STYLE_REF="1" QID="13">subsequentl</Q>
			<q BOX="286 329 300 356" STYLE_REF="1" QID="13">y</q>
			<QW QID="13">subsequently</QW>
			<W BOX="313 329 403 356" STYLE_REF="1">increased</W>
			<Q BOX="417 330 429 356" STYLE_REF="1" QID="14">b</Q>
			<q BOX="428 330 441 356" STYLE_REF="1" QID="14">y</q>
			<QW QID="14">by</QW>
			<W BOX="452 330 523 356" STYLE_REF="1">various</W>
			<W BOX="535 330 655 356" STYLE_REF="1" M="3 * 4 * ">_apjoropriate</W>
			<Q BOX="665 330 723 356" STYLE_REF="1" QID="15">contri</Q>
			<Q BOX="723 330 732 356" STYLE_REF="1" QID="15">-</Q>
			<L BOX="52 350 731 379"/>
			<q BOX="52 350 126 377" STYLE_REF="1" QID="15">butions</q>
			<QW QID="15">contributions</QW>
			<W BOX="136 350 180 377" STYLE_REF="1">from</W>
			<W BOX="190 350 241 377" STYLE_REF="1">other</W>
			<W BOX="254 351 334 378" STYLE_REF="1">quarters</W>
			<W BOX="341 351 346 378" STYLE_REF="1">;</W>
			<W BOX="357 351 391 378" STYLE_REF="1">and</W>
			<W BOX="402 351 435 378" STYLE_REF="1">the</W>
			<W BOX="446 352 523 379" STYLE_REF="1">erection</W>
			<W BOX="537 352 555 379" STYLE_REF="1">of</W>
			<W BOX="569 352 600 379" STYLE_REF="1">the</W>
			<W BOX="613 352 731 379" STYLE_REF="1">Educational</W>
		</Primitive>
		<Primitive BOX="24 373 811 424" ID="Ar0470006" SEQ_NO="6" TOC_ENTRY_ID="57" DEPTH_LEVEL="1">
			<L BOX="51 373 729 402"/>
			<W BOX="51 373 133 400" STYLE_REF="1">Museum</W>
			<W BOX="140 373 158 400" STYLE_REF="1">at</W>
			<W BOX="166 373 223 400" STYLE_REF="1">South</W>
			<W BOX="231 374 344 400" STYLE_REF="1">Kensington</W>
			<W BOX="357 374 431 401" STYLE_REF="1">offering</W>
			<W BOX="444 374 453 401" STYLE_REF="1">a</W>
			<W BOX="465 374 567 401" STYLE_REF="1">favourable</W>
			<Q BOX="579 375 682 401" STYLE_REF="1" QID="16">opportunit</Q>
			<q BOX="682 375 694 402" STYLE_REF="1" QID="16">y</q>
			<QW QID="16">opportunity</QW>
			<W BOX="702 375 729 401" STYLE_REF="1">for</W>
			<L BOX="51 396 731 424"/>
			<W BOX="51 396 124 422" STYLE_REF="1">putting</W>
			<W BOX="129 396 144 422" STYLE_REF="1">it</W>
			<W BOX="152 396 209 422" STYLE_REF="1">under</W>
			<W BOX="217 396 248 422" STYLE_REF="1">the</W>
			<Q BOX="258 396 372 422" STYLE_REF="1" QID="17">guardianshi</Q>
			<q BOX="372 397 384 424" STYLE_REF="1" QID="17">p</q>
			<QW QID="17">guardianship</QW>
			<W BOX="395 397 411 424" STYLE_REF="1">of</W>
			<Q BOX="423 397 544 424" STYLE_REF="1" QID="18">Government</Q>
			<q BOX="559 397 593 424" STYLE_REF="1" QID="18">and</q>
			<QW QID="18">Governmentand</QW>
			<W BOX="603 397 646 424" STYLE_REF="1">thus</W>
			<W BOX="656 397 731 424" STYLE_REF="1">making</W>
		</Primitive>
		<Primitive BOX="24 418 811 468" ID="Ar0470007" SEQ_NO="7" TOC_ENTRY_ID="57" DEPTH_LEVEL="1">
			<L BOX="544 397 549 424"/>
			<W BOX="544 397 549 424" STYLE_REF="1">,</W>
			<L BOX="51 418 731 446"/>
			<W BOX="51 418 67 444" STYLE_REF="1">it</W>
			<W BOX="75 418 85 444" STYLE_REF="1">a</W>
			<Q BOX="98 418 135 444" STYLE_REF="1" QID="19">trul</Q>
			<q BOX="135 418 148 445" STYLE_REF="1" QID="19">y</q>
			<QW QID="19">truly</QW>
			<W BOX="159 418 242 445" STYLE_REF="1">national</W>
			<W BOX="255 418 357 445" STYLE_REF="1" NS="y">institution</W>
			<W BOX="359 418 364 445" STYLE_REF="1">,</W>
			<W BOX="380 419 394 446" STYLE_REF="1">it</W>
			<W BOX="407 419 444 446" STYLE_REF="1">was</W>
			<Q BOX="453 419 523 446" STYLE_REF="1" QID="20">formall</Q>
			<q BOX="523 419 536 446" STYLE_REF="1" QID="20">y</q>
			<QW QID="20">formally</QW>
			<W BOX="548 419 601 446" STYLE_REF="1">made</W>
			<W BOX="613 419 655 446" STYLE_REF="1">over</W>
			<W BOX="668 419 687 446" STYLE_REF="1">to</W>
			<W BOX="699 419 731 446" STYLE_REF="1">the</W>
			<L BOX="51 440 731 468"/>
			<W BOX="51 440 168 467" STYLE_REF="1">Department</W>
			<W BOX="182 440 200 467" STYLE_REF="1">of</W>
			<W BOX="214 440 287 467" STYLE_REF="1">Science</W>
			<W BOX="301 440 336 467" STYLE_REF="1">and</W>
			<W BOX="349 440 384 467" STYLE_REF="1" NS="y">Art</W>
			<W BOX="386 441 390 468" STYLE_REF="1">,</W>
			<W BOX="399 441 433 468" STYLE_REF="1">and</W>
			<Q BOX="446 441 457 468" STYLE_REF="1" QID="21">b</Q>
			<q BOX="457 442 470 468" STYLE_REF="1" QID="21">y</q>
			<QW QID="21">by</QW>
			<W BOX="480 442 530 468" STYLE_REF="1">them</W>
			<W BOX="539 442 611 468" STYLE_REF="1">thrown</W>
			<W BOX="619 442 665 468" STYLE_REF="1">open</W>
			<W BOX="673 442 691 468" STYLE_REF="1">to</W>
			<W BOX="699 442 731 468" STYLE_REF="1">the</W>
		</Primitive>
		<Primitive BOX="24 462 811 514" ID="Ar0470008" SEQ_NO="8" TOC_ENTRY_ID="57" DEPTH_LEVEL="1">
			<L BOX="50 462 688 491"/>
			<W BOX="50 463 113 489" STYLE_REF="1" NS="y">public</W>
			<W BOX="113 462 118 489" STYLE_REF="1">,</W>
			<W BOX="125 462 171 489" STYLE_REF="1">with</W>
			<W BOX="178 462 210 489" STYLE_REF="1">the</W>
			<W BOX="217 462 253 489" STYLE_REF="1">rest</W>
			<W BOX="261 462 278 489" STYLE_REF="1">of</W>
			<W BOX="287 462 318 489" STYLE_REF="1">the</W>
			<W BOX="325 463 409 489" STYLE_REF="1" NS="y">building</W>
			<W BOX="410 463 416 489" STYLE_REF="1">,</W>
			<W BOX="422 464 441 490" STYLE_REF="1">in</W>
			<W BOX="447 464 479 490" STYLE_REF="1">the</W>
			<W BOX="486 464 565 490" STYLE_REF="1">summer</W>
			<W BOX="572 464 589 490" STYLE_REF="1">of</W>
			<W BOX="597 464 631 490" STYLE_REF="1">last</W>
			<W BOX="639 464 681 491" STYLE_REF="1" NS="y">year</W>
			<W BOX="681 464 688 491" STYLE_REF="1">.</W>
			<L BOX="73 485 730 514"/>
			<W BOX="73 485 110 511" STYLE_REF="1">The</W>
			<W BOX="118 485 167 511" STYLE_REF="1">main</W>
			<W BOX="175 485 230 512" STYLE_REF="1">object</W>
			<W BOX="242 485 259 512" STYLE_REF="1">of</W>
			<W BOX="266 485 298 512" STYLE_REF="1">the</W>
			<W BOX="307 485 405 512" STYLE_REF="1" NS="y">Collection</W>
			<W BOX="407 486 412 512" STYLE_REF="1">,</W>
			<W BOX="420 486 439 513" STYLE_REF="1">as</W>
			<Q BOX="451 486 486 513" STYLE_REF="1" QID="22">exp</Q>
			<q BOX="485 486 544 513" STYLE_REF="1" QID="22">lained</q>
			<QW QID="22">explained</QW>
			<W BOX="558 486 577 513" STYLE_REF="1">in</W>
			<W BOX="585 486 617 513" STYLE_REF="1">the</W>
			<W BOX="622 487 654 513" STYLE_REF="1">yet</W>
			<Q BOX="661 487 722 514" STYLE_REF="1" QID="23">unpub</Q>
			<Q BOX="722 487 730 514" STYLE_REF="1" QID="23">-</Q>
		</Primitive>
		<Primitive BOX="24 507 811 559" ID="Ar0470009" SEQ_NO="9" TOC_ENTRY_ID="57" DEPTH_LEVEL="1">
			<L BOX="48 507 731 536"/>
			<q BOX="48 507 106 534" STYLE_REF="1" QID="23">lished</q>
			<QW QID="23">unpublished</QW>
			<W BOX="116 507 212 534" STYLE_REF="1" NS="y">Catalogue</W>
			<W BOX="213 507 218 534" STYLE_REF="1">,</W>
			<W BOX="226 507 242 534" STYLE_REF="1">is</W>
			<Q BOX="251 508 263 535" STYLE_REF="1" QID="24">"</Q>
			<q BOX="262 508 286 535" STYLE_REF="1" QID="24">to</q>
			<QW QID="24">"to</QW>
			<W BOX="296 508 350 534" STYLE_REF="1">bring</W>
			<W BOX="357 509 439 535" STYLE_REF="1">together</W>
			<W BOX="446 509 481 535" STYLE_REF="1">and</W>
			<W BOX="489 509 554 535" STYLE_REF="1">render</W>
			<Q BOX="562 509 646 536" STYLE_REF="1" QID="25">practical</Q>
			<Q BOX="648 509 656 536" STYLE_REF="1" QID="25">l</Q>
			<q BOX="655 510 668 536" STYLE_REF="1" QID="25">y</q>
			<QW QID="25">practically</QW>
			<Q BOX="676 510 723 536" STYLE_REF="1" QID="26">avail</Q>
			<Q BOX="723 510 731 536" STYLE_REF="1" QID="26">-</Q>
			<L BOX="49 530 722 559"/>
			<Q BOX="49 530 78 556" STYLE_REF="1" QID="26">abl</Q>
			<q BOX="79 530 89 556" STYLE_REF="1" QID="26">e</q>
			<QW QID="26">available</QW>
			<W BOX="97 530 149 556" STYLE_REF="1">every</W>
			<W BOX="158 530 220 556" STYLE_REF="1">means</W>
			<W BOX="226 530 252 556" STYLE_REF="1">for</W>
			<W BOX="260 530 361 557" STYLE_REF="1">improving</W>
			<W BOX="369 531 400 558" STYLE_REF="1">the</W>
			<W BOX="407 531 496 558" STYLE_REF="1">condition</W>
			<W BOX="502 531 519 558" STYLE_REF="1">of</W>
			<W BOX="529 531 561 558" STYLE_REF="1">the</W>
			<W BOX="568 531 651 558" STYLE_REF="1">working</W>
			<W BOX="658 532 722 559" STYLE_REF="1">classes</W>
		</Primitive>
		<Primitive BOX="24 552 811 603" ID="Ar0470010" SEQ_NO="10" TOC_ENTRY_ID="57" DEPTH_LEVEL="1">
			<L BOX="49 532 731 581"/>
			<W BOX="49 552 84 579" STYLE_REF="1">and</W>
			<W BOX="92 552 141 579" STYLE_REF="1">more</W>
			<Q BOX="148 552 223 579" STYLE_REF="1" QID="27">especial</Q>
			<Q BOX="225 552 234 579" STYLE_REF="1" QID="27">l</Q>
			<q BOX="233 553 245 580" STYLE_REF="1" QID="27">y</q>
			<QW QID="27">especially</QW>
			<W BOX="253 553 271 580" STYLE_REF="1">to</W>
			<W BOX="279 553 341 580" STYLE_REF="1">enable</W>
			<W BOX="349 553 398 580" STYLE_REF="1">them</W>
			<W BOX="406 553 425 580" STYLE_REF="1">to</W>
			<W BOX="433 553 504 580" STYLE_REF="1" NS="y">acquire</W>
			<W BOX="505 554 510 581" STYLE_REF="1">,</W>
			<W BOX="517 554 536 580" STYLE_REF="1">in</W>
			<W BOX="545 554 568 580" STYLE_REF="1">an</W>
			<W BOX="577 554 617 581" STYLE_REF="1">easy</W>
			<W BOX="627 554 661 581" STYLE_REF="1">and</W>
			<Q BOX="670 554 721 581" STYLE_REF="1" QID="28">agree</Q>
			<q BOX="721 554 729 581" STYLE_REF="1" LH="y" QID="28">-</q>
			<QW QID="28">agree-</QW>
			<W BOX="724 532 731 559" STYLE_REF="1">,</W>
			<L BOX="49 575 728 603"/>
			<W BOX="49 575 88 602" STYLE_REF="1">able</W>
			<W BOX="103 575 143 602" STYLE_REF="1" NS="y">way</W>
			<W BOX="143 575 149 602" STYLE_REF="1">,</W>
			<W BOX="161 575 171 602" STYLE_REF="1">a</W>
			<Q BOX="183 575 266 602" STYLE_REF="1" QID="29">knowled</Q>
			<q BOX="267 575 289 602" STYLE_REF="1" QID="29">ge</q>
			<QW QID="29">knowledge</QW>
			<W BOX="301 575 318 602" STYLE_REF="1">of</W>
			<W BOX="330 575 361 602" STYLE_REF="1">the</W>
			<Q BOX="377 575 403 602" STYLE_REF="1" QID="30">ori</Q>
			<Q BOX="403 576 417 603" STYLE_REF="1" QID="30">g</Q>
			<q BOX="416 575 435 602" STYLE_REF="1" NS="y" QID="30">in</q>
			<QW QID="30">origin</QW>
			<W BOX="436 576 441 602" STYLE_REF="1">,</W>
			<W BOX="454 576 558 603" STYLE_REF="1">distinctive</W>
			<W BOX="574 576 677 603" STYLE_REF="1" NS="y" M="4 * 5 * ">_projDerties</W>
			<W BOX="674 577 679 603" STYLE_REF="1">,</W>
			<W BOX="693 577 728 603" STYLE_REF="1">and</W>
		</Primitive>
		<Primitive BOX="24 597 811 648" ID="Ar0470011" SEQ_NO="11" TOC_ENTRY_ID="57" DEPTH_LEVEL="1">
			<L BOX="48 597 729 625"/>
			<W BOX="48 597 123 624" STYLE_REF="1">relative</W>
			<W BOX="131 597 186 624" STYLE_REF="1">value</W>
			<W BOX="196 597 223 624" STYLE_REF="1">for</W>
			<W BOX="235 597 267 624" STYLE_REF="1" NS="y">use</W>
			<W BOX="268 597 273 624" STYLE_REF="1">,</W>
			<W BOX="282 598 299 624" STYLE_REF="1">of</W>
			<W BOX="308 598 415 624" STYLE_REF="1">everything</W>
			<W BOX="426 599 464 625" STYLE_REF="1">that</W>
			<W BOX="476 599 578 625" STYLE_REF="1">appertains</W>
			<W BOX="586 599 605 625" STYLE_REF="1">to</W>
			<W BOX="612 599 644 625" STYLE_REF="1">the</W>
			<Q BOX="651 599 721 625" STYLE_REF="1" QID="31">necessi</Q>
			<Q BOX="721 599 729 625" STYLE_REF="1" QID="31">-</Q>
			<L BOX="48 619 727 648"/>
			<q BOX="48 619 83 646" STYLE_REF="1" QID="31">ties</q>
			<QW QID="31">necessities</QW>
			<W BOX="90 619 124 646" STYLE_REF="1">and</W>
			<W BOX="131 619 214 646" STYLE_REF="1">comforts</W>
			<W BOX="223 619 240 646" STYLE_REF="1">of</W>
			<W BOX="248 620 328 646" STYLE_REF="1">common</W>
			<W BOX="340 620 371 646" STYLE_REF="1" NS="y">life</W>
			<W BOX="373 620 377 646" STYLE_REF="1">,</W>
			<W BOX="386 621 421 647" STYLE_REF="1">and</W>
			<W BOX="433 621 474 647" STYLE_REF="1">thus</W>
			<W BOX="485 621 504 647" STYLE_REF="1">to</W>
			<W BOX="516 621 566 647" STYLE_REF="1">show</W>
			<W BOX="577 621 627 647" STYLE_REF="1">them</W>
			<W BOX="634 621 676 647" STYLE_REF="1">how</W>
			<W BOX="683 622 727 648" STYLE_REF="1">they</W>
		</Primitive>
		<Primitive BOX="24 642 811 693" ID="Ar0470012" SEQ_NO="12" TOC_ENTRY_ID="57" DEPTH_LEVEL="1">
			<L BOX="47 642 726 671"/>
			<W BOX="47 642 88 669" STYLE_REF="1">may</W>
			<W BOX="93 642 122 668" STYLE_REF="1">lay</W>
			<W BOX="129 642 159 668" STYLE_REF="1">out</W>
			<W BOX="164 642 212 668" STYLE_REF="1">their</W>
			<Q BOX="220 642 259 668" STYLE_REF="1" QID="32">earn</Q>
			<q BOX="261 642 302 669" STYLE_REF="1" QID="32">ings</q>
			<QW QID="32">earnings</QW>
			<W BOX="307 643 325 670" STYLE_REF="1">to</W>
			<W BOX="331 643 362 670" STYLE_REF="1">the</W>
			<W BOX="368 643 406 670" STYLE_REF="1">best</W>
			<W BOX="411 643 509 670" STYLE_REF="1" NS="y">advantage</W>
			<W BOX="509 643 515 670" STYLE_REF="1" NS="y">.</W>
			<W BOX="516 643 525 670" STYLE_REF="1">"</W>
			<Q BOX="549 643 614 670" STYLE_REF="1" QID="33">Thoug</Q>
			<q BOX="614 644 626 670" STYLE_REF="1" QID="33">h</q>
			<QW QID="33">Though</QW>
			<W BOX="631 644 649 670" STYLE_REF="1">at</W>
			<Q BOX="654 644 686 671" STYLE_REF="1" QID="34">pre</Q>
			<Q BOX="686 644 697 671" STYLE_REF="1" QID="34">s</Q>
			<q BOX="696 644 726 671" STYLE_REF="1" QID="34">ent</q>
			<QW QID="34">present</QW>
			<L BOX="47 664 727 693"/>
			<W BOX="47 664 79 691" STYLE_REF="1">the</W>
			<W BOX="92 664 225 691" STYLE_REF="1">arrangements</W>
			<W BOX="235 664 264 691" STYLE_REF="1">are</W>
			<Q BOX="278 664 309 691" STYLE_REF="1" QID="35">onl</Q>
			<q BOX="308 665 321 692" STYLE_REF="1" QID="35">y</q>
			<QW QID="35">only</QW>
			<W BOX="332 665 439 692" STYLE_REF="1" NS="y">provisional</W>
			<W BOX="441 665 445 692" STYLE_REF="1">,</W>
			<W BOX="454 665 504 692" STYLE_REF="1">quite</W>
			<Q BOX="515 665 573 692" STYLE_REF="1" QID="36">enoug</Q>
			<q BOX="573 666 586 693" STYLE_REF="1" QID="36">h</q>
			<QW QID="36">enough</QW>
			<W BOX="597 666 639 693" STYLE_REF="1">may</W>
			<W BOX="649 666 690 693" STYLE_REF="1">now</W>
			<W BOX="703 666 727 693" STYLE_REF="1">be</W>
		</Primitive>
		<Primitive BOX="24 687 811 738" ID="Ar0470013" SEQ_NO="13" TOC_ENTRY_ID="57" DEPTH_LEVEL="1">
			<L BOX="47 687 725 716"/>
			<W BOX="47 687 89 714" STYLE_REF="1">seen</W>
			<W BOX="96 687 114 714" STYLE_REF="1">to</W>
			<W BOX="122 687 171 714" STYLE_REF="1">show</W>
			<W BOX="178 687 211 714" STYLE_REF="1">not</W>
			<Q BOX="219 687 250 714" STYLE_REF="1" QID="37">onl</Q>
			<q BOX="249 687 262 714" STYLE_REF="1" QID="37">y</q>
			<QW QID="37">only</QW>
			<W BOX="270 687 301 714" STYLE_REF="1">the</W>
			<Q BOX="309 687 321 714" STYLE_REF="1" QID="38">n</Q>
			<Q BOX="322 687 351 714" STYLE_REF="1" QID="38">atu</Q>
			<q BOX="352 687 371 714" STYLE_REF="1" QID="38">re</q>
			<QW QID="38">nature</QW>
			<W BOX="380 687 397 714" STYLE_REF="1">of</W>
			<W BOX="410 687 441 714" STYLE_REF="1">the</W>
			<Q BOX="452 689 464 715" STYLE_REF="1" QID="39">p</Q>
			<q BOX="465 688 495 714" STYLE_REF="1" NS="y" QID="39">lan</q>
			<QW QID="39">plan</QW>
			<W BOX="496 688 501 715" STYLE_REF="1">,</W>
			<W BOX="510 688 544 715" STYLE_REF="1">and</W>
			<W BOX="553 688 595 715" STYLE_REF="1">how</W>
			<Q BOX="602 688 689 715" STYLE_REF="1" QID="40">admirabl</Q>
			<q BOX="689 689 702 716" STYLE_REF="1" QID="40">y</q>
			<QW QID="40">admirably</QW>
			<W BOX="709 689 725 716" STYLE_REF="1">it</W>
			<L BOX="46 709 725 738"/>
			<W BOX="46 710 63 736" STYLE_REF="1">is</W>
			<W BOX="71 710 144 736" STYLE_REF="1">adapted</W>
			<W BOX="153 710 172 736" STYLE_REF="1">to</W>
			<Q BOX="186 710 258 736" STYLE_REF="1" QID="41">accomp</Q>
			<q BOX="258 709 294 736" STYLE_REF="1" QID="41">lish</q>
			<QW QID="41">accomplish</QW>
			<W BOX="307 709 339 736" STYLE_REF="1">the</W>
			<W BOX="351 710 395 737" STYLE_REF="1">ends</W>
			<W BOX="408 710 450 737" STYLE_REF="1">thus</W>
			<W BOX="464 710 522 737" STYLE_REF="1">aimed</W>
			<W BOX="535 710 553 737" STYLE_REF="1" NS="y">at</W>
			<W BOX="555 711 560 738" STYLE_REF="1">,</W>
			<W BOX="567 711 616 738" STYLE_REF="1">more</W>
			<Q BOX="628 711 710 738" STYLE_REF="1" QID="42">especiall</Q>
			<q BOX="712 712 725 738" STYLE_REF="1" QID="42">y</q>
			<QW QID="42">especially</QW>
		</Primitive>
		<Primitive BOX="24 732 811 784" ID="Ar0470014" SEQ_NO="14" TOC_ENTRY_ID="57" DEPTH_LEVEL="1">
			<L BOX="46 732 725 760"/>
			<W BOX="46 732 100 759" STYLE_REF="1">when</W>
			<W BOX="109 732 124 759" STYLE_REF="1">it</W>
			<W BOX="135 732 181 759" STYLE_REF="1">shall</W>
			<W BOX="190 732 237 759" STYLE_REF="1">have</W>
			<W BOX="248 732 322 759" STYLE_REF="1">reached</W>
			<W BOX="334 732 358 759" STYLE_REF="1">its</W>
			<W BOX="371 732 406 759" STYLE_REF="1">full</W>
			<W BOX="417 732 541 759" STYLE_REF="1" NS="y">development</W>
			<W BOX="541 733 546 760" STYLE_REF="1">,</W>
			<W BOX="554 733 587 760" STYLE_REF="1">but</W>
			<W BOX="601 733 638 760" STYLE_REF="1">also</W>
			<W BOX="650 733 690 760" STYLE_REF="1">that</W>
			<W BOX="701 734 725 760" STYLE_REF="1">its</W>
			<L BOX="46 754 725 784"/>
			<W BOX="46 755 119 781" STYLE_REF="1">benefits</W>
			<W BOX="134 755 163 781" STYLE_REF="1">are</W>
			<Q BOX="176 755 188 781" STYLE_REF="1" QID="43">b</Q>
			<q BOX="188 754 201 781" STYLE_REF="1" QID="43">y</q>
			<QW QID="43">by</QW>
			<W BOX="214 754 239 781" STYLE_REF="1">no</W>
			<W BOX="252 754 313 781" STYLE_REF="1">means</W>
			<Q BOX="322 754 367 781" STYLE_REF="1" QID="44">likel</Q>
			<q BOX="367 755 380 782" STYLE_REF="1" QID="44">y</q>
			<QW QID="44">likely</QW>
			<W BOX="387 755 406 782" STYLE_REF="1">to</W>
			<W BOX="418 755 441 782" STYLE_REF="1">be</W>
			<W BOX="454 755 533 782" STYLE_REF="1">confined</W>
			<W BOX="547 755 567 782" STYLE_REF="1">to</W>
			<W BOX="581 755 612 782" STYLE_REF="1">the</W>
			<W BOX="627 757 637 784" STYLE_REF="1">"</W>
			<W BOX="643 756 725 783" STYLE_REF="1">working</W>
		</Primitive>
		<Primitive BOX="24 777 811 828" ID="Ar0470015" SEQ_NO="15" TOC_ENTRY_ID="57" DEPTH_LEVEL="1">
			<L BOX="46 777 613 804"/>
			<W BOX="46 777 111 804" STYLE_REF="1" NS="y">classes</W>
			<W BOX="113 777 119 804" STYLE_REF="1" NS="y">,</W>
			<W BOX="119 777 129 804" STYLE_REF="1">"</W>
			<W BOX="136 777 197 804" STYLE_REF="1">unless</W>
			<W BOX="204 777 224 804" STYLE_REF="1">in</W>
			<W BOX="232 777 262 804" STYLE_REF="1">the</W>
			<W BOX="269 777 350 804" STYLE_REF="1">broadest</W>
			<Q BOX="359 777 376 804" STYLE_REF="1" QID="45">si</Q>
			<q BOX="375 778 479 804" STYLE_REF="1" QID="45">gnification</q>
			<QW QID="45">signification</QW>
			<W BOX="486 778 504 804" STYLE_REF="1">of</W>
			<W BOX="511 778 551 804" STYLE_REF="1">that</W>
			<W BOX="559 778 607 804" STYLE_REF="1" NS="y">term</W>
			<W BOX="607 778 613 804" STYLE_REF="1">.</W>
			<L BOX="70 799 724 828"/>
			<W BOX="70 800 107 826" STYLE_REF="1">The</W>
			<W BOX="120 800 232 826" STYLE_REF="1">department</W>
			<W BOX="245 800 262 826" STYLE_REF="1">of</W>
			<W BOX="276 800 360 826" STYLE_REF="1" NS="y">Costume</W>
			<W BOX="361 800 366 826" STYLE_REF="1">,</W>
			<Q BOX="381 799 388 825" STYLE_REF="1" LH="y" QID="46">-</Q>
			<q BOX="387 799 436 825" STYLE_REF="1" NS="y" QID="46">which</q>
			<QW QID="46">-which</QW>
			<W BOX="436 799 441 825" STYLE_REF="1">,</W>
			<W BOX="452 800 488 827" STYLE_REF="1">first</W>
			<W BOX="503 800 586 827" STYLE_REF="1">presents</W>
			<W BOX="598 800 646 827" STYLE_REF="1">itself</W>
			<W BOX="659 801 681 828" STYLE_REF="1">on</W>
			<Q BOX="694 801 716 828" STYLE_REF="1" QID="47">en</Q>
			<Q BOX="716 801 724 828" STYLE_REF="1" QID="47">-</Q>
		</Primitive>
		<Primitive BOX="24 822 811 872" ID="Ar0470016" SEQ_NO="16" TOC_ENTRY_ID="57" DEPTH_LEVEL="1">
			<L BOX="45 822 721 850"/>
			<q BOX="45 822 106 849" STYLE_REF="1" NS="y" QID="47">tering</q>
			<QW QID="47">entering</QW>
			<W BOX="106 822 113 849" STYLE_REF="1">,</W>
			<W BOX="123 822 139 849" STYLE_REF="1">is</W>
			<W BOX="150 822 182 849" STYLE_REF="1">the</W>
			<W BOX="194 822 239 849" STYLE_REF="1">least</W>
			<Q BOX="252 822 303 849" STYLE_REF="1" QID="48">comp</Q>
			<q BOX="305 822 341 849" STYLE_REF="1" QID="48">lete</q>
			<QW QID="48">complete</QW>
			<W BOX="353 822 370 849" STYLE_REF="1">of</W>
			<W BOX="381 822 417 849" STYLE_REF="1" NS="y">any</W>
			<W BOX="423 822 428 849" STYLE_REF="1">;</W>
			<W BOX="440 823 503 849" STYLE_REF="1" NS="y">indeed</W>
			<W BOX="505 823 510 849" STYLE_REF="1">,</W>
			<W BOX="519 823 570 849" STYLE_REF="1">there</W>
			<W BOX="578 823 594 849" STYLE_REF="1">is</W>
			<Q BOX="602 823 657 849" STYLE_REF="1" QID="49">merel</Q>
			<q BOX="657 824 669 850" STYLE_REF="1" QID="49">y</q>
			<QW QID="49">merely</QW>
			<Q BOX="677 824 714 850" STYLE_REF="1" QID="50">suffi</Q>
			<Q BOX="714 824 721 850" STYLE_REF="1" QID="50">-</Q>
			<L BOX="46 844 722 872"/>
			<q BOX="46 845 98 871" STYLE_REF="1" QID="50">cient</q>
			<QW QID="50">sufficient</QW>
			<W BOX="105 845 124 871" STYLE_REF="1">to</W>
			<Q BOX="131 845 143 871" STYLE_REF="1" QID="51">g</Q>
			<q BOX="142 845 172 871" STYLE_REF="1" QID="51">ive</q>
			<QW QID="51">give</QW>
			<W BOX="180 845 203 871" STYLE_REF="1">an</W>
			<W BOX="211 845 251 871" STYLE_REF="1">idea</W>
			<W BOX="260 845 278 871" STYLE_REF="1">of</W>
			<W BOX="290 845 339 871" STYLE_REF="1">what</W>
			<W BOX="350 845 366 871" STYLE_REF="1">is</W>
			<W BOX="378 845 462 871" STYLE_REF="1">intended</W>
			<W BOX="473 845 493 872" STYLE_REF="1">to</W>
			<W BOX="503 845 525 872" STYLE_REF="1">be</W>
			<W BOX="536 845 609 872" STYLE_REF="1" NS="y">effected</W>
			<W BOX="617 844 622 870" STYLE_REF="1">;</W>
			<W BOX="633 845 665 872" STYLE_REF="1">but</W>
			<W BOX="677 845 722 872" STYLE_REF="1">even</W>
		</Primitive>
		<Primitive BOX="24 867 811 916" ID="Ar0470017" SEQ_NO="17" TOC_ENTRY_ID="57" DEPTH_LEVEL="1">
			<L BOX="47 867 722 895"/>
			<W BOX="47 867 90 894" STYLE_REF="1">here</W>
			<W BOX="102 867 134 894" STYLE_REF="1">the</W>
			<Q BOX="146 867 162 894" STYLE_REF="1" QID="52">si</Q>
			<Q BOX="161 868 174 895" STYLE_REF="1" QID="52">g</Q>
			<q BOX="173 867 195 894" STYLE_REF="1" QID="52">ht</q>
			<QW QID="52">sight</QW>
			<W BOX="208 867 225 894" STYLE_REF="1">of</W>
			<W BOX="239 867 307 894" STYLE_REF="1">several</W>
			<W BOX="321 867 367 894" STYLE_REF="1">suits</W>
			<W BOX="378 867 395 894" STYLE_REF="1">of</W>
			<W BOX="408 867 488 894" STYLE_REF="1">clothing</W>
			<W BOX="500 868 544 894" STYLE_REF="1">from</W>
			<W BOX="558 868 647 894" STYLE_REF="1">countries</W>
			<W BOX="659 868 678 894" STYLE_REF="1">in</W>
			<W BOX="690 868 722 894" STYLE_REF="1">the</W>
			<L BOX="44 890 721 916"/>
			<W BOX="44 890 99 916" STYLE_REF="1">north</W>
			<W BOX="112 890 129 916" STYLE_REF="1">of</W>
			<W BOX="141 890 212 916" STYLE_REF="1" NS="y">Europe</W>
			<W BOX="214 890 219 916" STYLE_REF="1">,</W>
			<W BOX="232 890 308 916" STYLE_REF="1">labelled</W>
			<W BOX="321 890 367 916" STYLE_REF="1">with</W>
			<W BOX="378 890 409 916" STYLE_REF="1">the</W>
			<W BOX="423 890 565 916" STYLE_REF="1">announcement</W>
			<Q BOX="577 890 598 916" STYLE_REF="1" QID="53">th</Q>
			<q BOX="599 890 616 916" STYLE_REF="1" QID="53">at</q>
			<QW QID="53">that</QW>
			<W BOX="628 890 659 916" STYLE_REF="1">the</W>
			<W BOX="672 890 721 916" STYLE_REF="1">cloth</W>
		</Primitive>
		<Primitive BOX="24 912 811 962" ID="Ar0470018" SEQ_NO="18" TOC_ENTRY_ID="57" DEPTH_LEVEL="1">
			<L BOX="44 912 720 940"/>
			<W BOX="44 912 71 939" STYLE_REF="1">for</W>
			<W BOX="81 912 112 939" STYLE_REF="1">the</W>
			<W BOX="120 912 161 939" STYLE_REF="1" NS="y">man</W>
			<W BOX="162 912 169 938" STYLE_REF="1" NS="y">'</W>
			<W BOX="167 912 176 939" STYLE_REF="1">s</W>
			<W BOX="188 912 228 939" STYLE_REF="1">coat</W>
			<W BOX="240 912 274 939" STYLE_REF="1">and</W>
			<W BOX="286 912 375 939" STYLE_REF="1">waistcoat</W>
			<W BOX="388 912 404 939" STYLE_REF="1">is</W>
			<W BOX="414 912 477 939" STYLE_REF="1">woven</W>
			<Q BOX="486 912 499 939" STYLE_REF="1" QID="54">b</Q>
			<q BOX="499 913 511 940" STYLE_REF="1" QID="54">y</q>
			<QW QID="54">by</QW>
			<W BOX="519 912 549 939" STYLE_REF="1">his</W>
			<W BOX="558 912 600 939" STYLE_REF="1" NS="y">wife</W>
			<W BOX="601 913 606 939" STYLE_REF="1">,</W>
			<W BOX="614 912 648 939" STYLE_REF="1">and</W>
			<W BOX="656 912 720 939" STYLE_REF="1">indeed</W>
			<L BOX="43 934 720 962"/>
			<W BOX="43 934 83 961" STYLE_REF="1">that</W>
			<W BOX="91 934 144 961" STYLE_REF="1">every</W>
			<W BOX="153 935 187 961" STYLE_REF="1">one</W>
			<W BOX="195 935 212 961" STYLE_REF="1">of</W>
			<W BOX="221 934 251 961" STYLE_REF="1">the</W>
			<W BOX="259 934 331 961" STYLE_REF="1">articles</W>
			<W BOX="338 935 363 961" STYLE_REF="1">for</W>
			<W BOX="375 935 433 961" STYLE_REF="1">either</W>
			<W BOX="440 935 487 961" STYLE_REF="1">male</W>
			<W BOX="494 935 513 961" STYLE_REF="1">or</W>
			<Q BOX="521 935 538 961" STYLE_REF="1" QID="55">fe</Q>
			<Q BOX="539 935 557 961" STYLE_REF="1" QID="55">m</Q>
			<Q BOX="557 935 576 961" STYLE_REF="1" QID="55">al</Q>
			<q BOX="576 935 586 961" STYLE_REF="1" QID="55">e</q>
			<QW QID="55">female</QW>
			<W BOX="595 935 643 961" STYLE_REF="1" NS="y">wear</W>
			<W BOX="644 935 648 962" STYLE_REF="1">,</W>
			<W BOX="658 935 720 962" STYLE_REF="1">except</W>
		</Primitive>
		<Primitive BOX="24 957 811 1006" ID="Ar0470019" SEQ_NO="19" TOC_ENTRY_ID="57" DEPTH_LEVEL="1">
			<L BOX="43 957 721 984"/>
			<W BOX="43 957 75 984" STYLE_REF="1">the</W>
			<W BOX="87 957 117 984" STYLE_REF="1">hat</W>
			<W BOX="131 957 156 984" STYLE_REF="1">for</W>
			<W BOX="169 957 201 984" STYLE_REF="1">the</W>
			<W BOX="212 957 276 984" STYLE_REF="1" NS="y">former</W>
			<W BOX="278 957 282 984" STYLE_REF="1">,</W>
			<W BOX="294 957 310 984" STYLE_REF="1">is</W>
			<W BOX="321 957 373 984" STYLE_REF="1">made</W>
			<W BOX="385 957 403 984" STYLE_REF="1">at</W>
			<W BOX="415 957 467 984" STYLE_REF="1" NS="y">home</W>
			<W BOX="468 957 473 984" STYLE_REF="1">,</W>
			<W BOX="486 958 528 984" STYLE_REF="1">may</W>
			<Q BOX="539 958 553 984" STYLE_REF="1" QID="56">g</Q>
			<q BOX="552 957 583 984" STYLE_REF="1" QID="56">ive</q>
			<QW QID="56">give</QW>
			<W BOX="595 957 631 984" STYLE_REF="1">rise</W>
			<W BOX="643 957 662 984" STYLE_REF="1">to</W>
			<W BOX="672 958 721 984" STYLE_REF="1">some</W>
			<L BOX="42 979 719 1006"/>
			<W BOX="42 979 74 1005" STYLE_REF="1">not</W>
			<W BOX="88 979 205 1006" STYLE_REF="1">unprofitable</W>
			<W BOX="218 979 317 1006" STYLE_REF="1" NS="y">reflections</W>
			<W BOX="320 980 325 1006" STYLE_REF="1">,</W>
			<W BOX="340 980 360 1006" STYLE_REF="1">as</W>
			<W BOX="374 980 402 1006" STYLE_REF="1">we</W>
			<W BOX="416 980 456 1006" STYLE_REF="1">look</W>
			<W BOX="473 980 517 1006" STYLE_REF="1">back</W>
			<W BOX="534 980 574 1006" STYLE_REF="1">into</W>
			<W BOX="586 980 618 1006" STYLE_REF="1">the</W>
			<W BOX="630 980 669 1006" STYLE_REF="1">past</W>
			<W BOX="684 980 719 1006" STYLE_REF="1">and</W>
		</Primitive>
		<Primitive BOX="24 1001 811 1051" ID="Ar0470020" SEQ_NO="20" TOC_ENTRY_ID="57" DEPTH_LEVEL="1">
			<L BOX="42 1001 719 1029"/>
			<W BOX="42 1001 140 1028" STYLE_REF="1">remember</W>
			<W BOX="147 1001 188 1028" STYLE_REF="1">how</W>
			<W BOX="195 1001 245 1028" STYLE_REF="1">short</W>
			<W BOX="252 1001 263 1028" STYLE_REF="1">a</W>
			<W BOX="270 1001 315 1028" STYLE_REF="1">time</W>
			<W BOX="321 1002 353 1029" STYLE_REF="1">has</W>
			<W BOX="361 1002 431 1029" STYLE_REF="1">elapsed</W>
			<W BOX="441 1002 489 1029" STYLE_REF="1">since</W>
			<W BOX="496 1002 533 1029" STYLE_REF="1">like</W>
			<W BOX="539 1002 603 1029" STYLE_REF="1">labour</W>
			<W BOX="611 1002 647 1029" STYLE_REF="1">was</W>
			<W BOX="654 1002 685 1029" STYLE_REF="1">the</W>
			<W BOX="692 1002 719 1029" STYLE_REF="1">lot</W>
			<L BOX="42 1023 717 1051"/>
			<W BOX="42 1023 60 1050" STYLE_REF="1">of</W>
			<W BOX="68 1023 137 1050" STYLE_REF="1">women</W>
			<W BOX="144 1023 186 1050" STYLE_REF="1" NS="y">here</W>
			<W BOX="188 1023 193 1050" STYLE_REF="1">,</W>
			<W BOX="200 1024 236 1051" STYLE_REF="1">and</W>
			<W BOX="244 1024 321 1051" STYLE_REF="1">forward</W>
			<W BOX="332 1024 372 1051" STYLE_REF="1">into</W>
			<W BOX="379 1024 410 1051" STYLE_REF="1">the</W>
			<W BOX="418 1024 475 1051" STYLE_REF="1">future</W>
			<W BOX="484 1024 503 1051" STYLE_REF="1">to</W>
			<W BOX="511 1024 562 1051" STYLE_REF="1">mark</W>
			<W BOX="573 1024 619 1051" STYLE_REF="1">fresh</W>
			<W BOX="629 1024 679 1051" STYLE_REF="1">fields</W>
			<W BOX="690 1024 717 1051" STYLE_REF="1">for</W>
		</Primitive>
		<Primitive BOX="24 1046 811 1096" ID="Ar0470021" SEQ_NO="21" TOC_ENTRY_ID="57" DEPTH_LEVEL="1">
			<L BOX="41 1046 718 1074"/>
			<Q BOX="41 1046 83 1073" STYLE_REF="1" QID="57">Eng</Q>
			<Q BOX="83 1046 126 1072" STYLE_REF="1" QID="57">land</Q>
			<Q BOX="126 1046 130 1072" STYLE_REF="1" QID="57">'</Q>
			<q BOX="131 1046 139 1072" STYLE_REF="1" QID="57">s</q>
			<QW QID="57">England's</QW>
			<W BOX="147 1046 292 1072" STYLE_REF="1">manufacturing</W>
			<Q BOX="304 1046 358 1073" STYLE_REF="1" QID="58">energ</Q>
			<q BOX="358 1046 384 1073" STYLE_REF="1" NS="y" QID="58">ies</q>
			<QW QID="58">energies</QW>
			<W BOX="384 1046 390 1073" STYLE_REF="1">.</W>
			<W BOX="414 1046 431 1073" STYLE_REF="1">A</W>
			<W BOX="441 1046 491 1073" STYLE_REF="1" NS="y">cloak</W>
			<W BOX="492 1046 498 1073" STYLE_REF="1">,</W>
			<W BOX="506 1046 535 1073" STYLE_REF="1" NS="y">too</W>
			<W BOX="536 1047 541 1073" STYLE_REF="1">,</W>
			<W BOX="549 1046 617 1072" STYLE_REF="1">formed</W>
			<W BOX="626 1046 643 1072" STYLE_REF="1">of</W>
			<Q BOX="651 1047 663 1074" STYLE_REF="1" QID="59">p</Q>
			<q BOX="663 1046 718 1073" STYLE_REF="1" QID="59">laited</q>
			<QW QID="59">plaited</QW>
			<L BOX="40 1068 718 1096"/>
			<W BOX="40 1069 76 1095" STYLE_REF="1">hay</W>
			<Q BOX="84 1069 96 1095" STYLE_REF="1" QID="60">b</Q>
			<q BOX="96 1069 109 1096" STYLE_REF="1" QID="60">y</q>
			<QW QID="60">by</QW>
			<W BOX="116 1068 147 1095" STYLE_REF="1">the</W>
			<W BOX="155 1068 265 1095" STYLE_REF="1">Portuguese</W>
			<W BOX="272 1068 368 1095" STYLE_REF="1" NS="y">peasantry</W>
			<W BOX="369 1068 374 1095" STYLE_REF="1">,</W>
			<W BOX="386 1068 426 1095" STYLE_REF="1">will</W>
			<Q BOX="437 1068 516 1095" STYLE_REF="1" QID="61">assuredl</Q>
			<q BOX="515 1068 527 1095" STYLE_REF="1" QID="61">y</q>
			<QW QID="61">assuredly</QW>
			<W BOX="538 1068 573 1095" STYLE_REF="1">call</W>
			<W BOX="585 1068 610 1095" STYLE_REF="1">up</W>
			<W BOX="620 1068 688 1095" STYLE_REF="1">visions</W>
			<W BOX="700 1068 718 1095" STYLE_REF="1">of</W>
		</Primitive>
		<Primitive BOX="24 1091 811 1141" ID="Ar0470022" SEQ_NO="22" TOC_ENTRY_ID="57" DEPTH_LEVEL="1">
			<L BOX="40 1091 718 1119"/>
			<W BOX="40 1091 72 1117" STYLE_REF="1">the</W>
			<W BOX="84 1091 122 1117" STYLE_REF="1">rich</W>
			<Q BOX="134 1091 221 1117" STYLE_REF="1" QID="62">vineyard</Q>
			<q BOX="222 1091 231 1117" STYLE_REF="1" QID="62">s</q>
			<QW QID="62">vineyards</QW>
			<W BOX="244 1091 267 1117" STYLE_REF="1">on</W>
			<W BOX="279 1091 340 1117" STYLE_REF="1">which</W>
			<W BOX="350 1091 398 1117" STYLE_REF="1">their</W>
			<W BOX="409 1091 471 1117" STYLE_REF="1">labour</W>
			<Q BOX="481 1091 506 1117" STYLE_REF="1" QID="63">mi</Q>
			<Q BOX="507 1091 519 1118" STYLE_REF="1" QID="63">g</Q>
			<q BOX="519 1091 539 1118" STYLE_REF="1" QID="63">ht</q>
			<QW QID="63">might</QW>
			<Q BOX="552 1091 588 1118" STYLE_REF="1" QID="64">hav</Q>
			<q BOX="588 1091 598 1118" STYLE_REF="1" QID="64">e</q>
			<QW QID="64">have</QW>
			<W BOX="612 1091 657 1118" STYLE_REF="1">been</W>
			<W BOX="669 1092 718 1119" STYLE_REF="1">more</W>
			<L BOX="39 1113 719 1141"/>
			<Q BOX="39 1114 121 1140" STYLE_REF="1" QID="65">profitabl</Q>
			<q BOX="124 1114 136 1141" STYLE_REF="1" QID="65">y</q>
			<QW QID="65">profitably</QW>
			<W BOX="148 1113 239 1140" STYLE_REF="1">bestowed</W>
			<W BOX="251 1113 270 1140" STYLE_REF="1">to</W>
			<Q BOX="281 1113 300 1140" STYLE_REF="1" QID="66">fu</Q>
			<q BOX="302 1113 352 1139" STYLE_REF="1" QID="66">rnish</q>
			<QW QID="66">furnish</QW>
			<W BOX="360 1113 370 1139" STYLE_REF="1">a</W>
			<W BOX="378 1113 478 1140" STYLE_REF="1">refreshing</W>
			<Q BOX="490 1114 546 1140" STYLE_REF="1" QID="67">draug</Q>
			<q BOX="546 1114 567 1140" STYLE_REF="1" QID="67">ht</q>
			<QW QID="67">draught</QW>
			<W BOX="575 1114 602 1140" STYLE_REF="1">for</W>
			<W BOX="610 1114 641 1140" STYLE_REF="1">the</W>
			<W BOX="649 1114 719 1141" STYLE_REF="1">thirsty</W>
		</Primitive>
		<Primitive BOX="24 1136 811 1164" ID="Ar0470023" SEQ_NO="23" TOC_ENTRY_ID="57" DEPTH_LEVEL="1">
			<L BOX="40 1136 717 1164"/>
			<Q BOX="40 1136 67 1162" STYLE_REF="1" QID="68">Yo</Q>
			<q BOX="67 1136 137 1162" STYLE_REF="1" QID="68">rkshire</q>
			<QW QID="68">Yorkshire</QW>
			<W BOX="152 1136 171 1162" STYLE_REF="1">or</W>
			<Q BOX="184 1136 313 1162" STYLE_REF="1" QID="69">Westmorelan</Q>
			<q BOX="314 1136 325 1162" STYLE_REF="1" QID="69">d</q>
			<QW QID="69">Westmoreland</QW>
			<W BOX="340 1136 411 1162" STYLE_REF="1" NS="y">weaver</W>
			<W BOX="411 1136 416 1163" STYLE_REF="1">,</W>
			<W BOX="430 1136 464 1163" STYLE_REF="1">and</W>
			<W BOX="478 1136 509 1163" STYLE_REF="1">the</W>
			<W BOX="524 1136 602 1163" STYLE_REF="1">warmer</W>
			<W BOX="617 1136 652 1163" STYLE_REF="1">and</W>
			<W BOX="668 1137 717 1164" STYLE_REF="1">more</W>
		</Primitive>
		<Primitive BOX="24 1164 811 1214" ID="Ar0470024" SEQ_NO="24" TOC_ENTRY_ID="57" DEPTH_LEVEL="1">
			<L BOX="39 1158 717 1187"/>
			<W BOX="39 1158 118 1185" STYLE_REF="1">graceful</W>
			<W BOX="127 1158 175 1185" STYLE_REF="1">cloth</W>
			<W BOX="182 1158 260 1185" STYLE_REF="1">mantles</W>
			<W BOX="267 1158 290 1185" STYLE_REF="1">he</W>
			<W BOX="297 1158 357 1185" STYLE_REF="1">would</W>
			<Q BOX="365 1159 378 1186" STYLE_REF="1" QID="70">g</Q>
			<Q BOX="377 1158 413 1185" STYLE_REF="1" QID="70">ladl</Q>
			<q BOX="414 1159 427 1186" STYLE_REF="1" QID="70">y</q>
			<QW QID="70">gladly</QW>
			<Q BOX="435 1159 479 1186" STYLE_REF="1" QID="71">supp</Q>
			<Q BOX="480 1158 487 1185" STYLE_REF="1" QID="71">l</Q>
			<q BOX="488 1159 500 1186" STYLE_REF="1" QID="71">y</q>
			<QW QID="71">supply</QW>
			<W BOX="508 1159 527 1186" STYLE_REF="1">to</W>
			<W BOX="535 1159 586 1186" STYLE_REF="1">them</W>
			<W BOX="593 1159 612 1186" STYLE_REF="1">in</W>
			<W BOX="620 1159 710 1186" STYLE_REF="1" NS="y">exchange</W>
			<W BOX="711 1160 717 1187" STYLE_REF="1">,</W>
		</Primitive>
	</Content>
	<TOC_Entries><TOC_Entry TOC_ENTRY_ID="100" TITLE="~ ^U - , just There as trul is a y commo..." ENTITY_ID_REF="Ar04700" PAGE_NO="47" PAGE_LABEL="119" PRIM_ID_REF="Ar0470000" IS_IC="true"/></TOC_Entries></XMD-entity>
