<?xml version="1.0" encoding="windows-1252" standalone="no"?>
<XMD-PAGE REPOSITORY_FORMAT="1.0" PRXML_VER="2.0">
	<Meta ISSUE_DATE="01/04/1858" RELEASE_NO="041-EWJ-1858-04-01-001-SINGLE" PAGE_NO="47" NAME="" PAGE_LABEL="119" PAGE_TYPE="Single" PUBLISHER="Olive" PUBLICATION="EWJ" SOURCE_TYPE="TIFF" SOURCE_RESOLUTION="72" IMAGES_RESOLUTION="86" PAGE_THUMBNAIL_RESOLUTION="86" PAGE_PREVIEW_RESOLUTION="15" DEFAULT_IMG_EXT="png" IMG_EXT="png" PREVIEW_IMG_EXT="png" XMD_VER="2.6.238.8" PROFILE_ID="D:\pdfs\EWJ\XMD_EWJ.ini" SECTION="None" PAGE_WIDTH="823" PAGE_HEIGHT="1239" PAGES_NUMBER="72" BASE_HREF="EWJ/1858/04/01" PDF_DESTINATION_MAPPED="OLV0_Page_0047">
		<Resolutions>
			<Resolution DEFAULT="true">86</Resolution>
		</Resolutions>
	</Meta>
	<Link SOURCE="041-EWJ-1858-04-01-001-SINGLE.PDF" NEXT_SECTION="" PREV_SECTION="1"/>
	<DataFiles>
		<Files TYPE="DOC_PDF" PRESENT="1"/>
		<Files TYPE="PAGE_PDF" PRESENT="0"/>
		<Files TYPE="DOC_IMG" PRESENT="0"/>
		<Files TYPE="PAGE_IMG" PRESENT="0"/>
		<Files TYPE="PAGE_VIEW_IMG" PRESENT="1"/>
		<Files TYPE="PAGE_PREVIEW_IMG" PRESENT="1"/>
		<Files TYPE="PRIMITIVE_IMG" PRESENT="1"/>
		<Files TYPE="SNIPPET_IMG" PRESENT="1"/>
	</DataFiles>
	<Entity ENTITY_TYPE="Article" FIRST_TOC_ENTRY_ID="57" INDEX_IN_DOC="100" DEPTH_LEVEL="1" ID="Ar04700" SIZE="XLarge" BOX="24 98 811 1214" NEXT_SECTION="" PREV_SECTION="1" CONTINUATION_TO="Ar04800" CONTINUATION_FROM="Ar04602" FIRST_CHUNK="Ar04602" IMAGES_RESOLUTION="86" LOGICAL_NAME="true">
		<Name>~ ^U - , just There as trul is a y commo...</Name>
		<Primitive ID="Ar0470000" BOX="24 98 811 153" ELEMENT_TYPE="Content" SEQ_NO="0" TOC_ENTRY_ID="57" DEPTH_LEVEL="1"/>
		<Primitive ID="Ar0470001" BOX="24 148 811 199" ELEMENT_TYPE="Content" SEQ_NO="1" TOC_ENTRY_ID="57" DEPTH_LEVEL="1"/>
		<Primitive ID="Ar0470002" BOX="24 193 811 244" ELEMENT_TYPE="Content" SEQ_NO="2" TOC_ENTRY_ID="57" DEPTH_LEVEL="1"/>
		<Primitive ID="Ar0470003" BOX="24 238 811 289" ELEMENT_TYPE="Content" SEQ_NO="3" TOC_ENTRY_ID="57" DEPTH_LEVEL="1"/>
		<Primitive ID="Ar0470004" BOX="24 283 811 334" ELEMENT_TYPE="Content" SEQ_NO="4" TOC_ENTRY_ID="57" DEPTH_LEVEL="1"/>
		<Primitive ID="Ar0470005" BOX="24 328 811 379" ELEMENT_TYPE="Content" SEQ_NO="5" TOC_ENTRY_ID="57" DEPTH_LEVEL="1"/>
		<Primitive ID="Ar0470006" BOX="24 373 811 424" ELEMENT_TYPE="Content" SEQ_NO="6" TOC_ENTRY_ID="57" DEPTH_LEVEL="1"/>
		<Primitive ID="Ar0470007" BOX="24 418 811 468" ELEMENT_TYPE="Content" SEQ_NO="7" TOC_ENTRY_ID="57" DEPTH_LEVEL="1"/>
		<Primitive ID="Ar0470008" BOX="24 462 811 514" ELEMENT_TYPE="Content" SEQ_NO="8" TOC_ENTRY_ID="57" DEPTH_LEVEL="1"/>
		<Primitive ID="Ar0470009" BOX="24 507 811 559" ELEMENT_TYPE="Content" SEQ_NO="9" TOC_ENTRY_ID="57" DEPTH_LEVEL="1"/>
		<Primitive ID="Ar0470010" BOX="24 552 811 603" ELEMENT_TYPE="Content" SEQ_NO="10" TOC_ENTRY_ID="57" DEPTH_LEVEL="1"/>
		<Primitive ID="Ar0470011" BOX="24 597 811 648" ELEMENT_TYPE="Content" SEQ_NO="11" TOC_ENTRY_ID="57" DEPTH_LEVEL="1"/>
		<Primitive ID="Ar0470012" BOX="24 642 811 693" ELEMENT_TYPE="Content" SEQ_NO="12" TOC_ENTRY_ID="57" DEPTH_LEVEL="1"/>
		<Primitive ID="Ar0470013" BOX="24 687 811 738" ELEMENT_TYPE="Content" SEQ_NO="13" TOC_ENTRY_ID="57" DEPTH_LEVEL="1"/>
		<Primitive ID="Ar0470014" BOX="24 732 811 784" ELEMENT_TYPE="Content" SEQ_NO="14" TOC_ENTRY_ID="57" DEPTH_LEVEL="1"/>
		<Primitive ID="Ar0470015" BOX="24 777 811 828" ELEMENT_TYPE="Content" SEQ_NO="15" TOC_ENTRY_ID="57" DEPTH_LEVEL="1"/>
		<Primitive ID="Ar0470016" BOX="24 822 811 872" ELEMENT_TYPE="Content" SEQ_NO="16" TOC_ENTRY_ID="57" DEPTH_LEVEL="1"/>
		<Primitive ID="Ar0470017" BOX="24 867 811 916" ELEMENT_TYPE="Content" SEQ_NO="17" TOC_ENTRY_ID="57" DEPTH_LEVEL="1"/>
		<Primitive ID="Ar0470018" BOX="24 912 811 962" ELEMENT_TYPE="Content" SEQ_NO="18" TOC_ENTRY_ID="57" DEPTH_LEVEL="1"/>
		<Primitive ID="Ar0470019" BOX="24 957 811 1006" ELEMENT_TYPE="Content" SEQ_NO="19" TOC_ENTRY_ID="57" DEPTH_LEVEL="1"/>
		<Primitive ID="Ar0470020" BOX="24 1001 811 1051" ELEMENT_TYPE="Content" SEQ_NO="20" TOC_ENTRY_ID="57" DEPTH_LEVEL="1"/>
		<Primitive ID="Ar0470021" BOX="24 1046 811 1096" ELEMENT_TYPE="Content" SEQ_NO="21" TOC_ENTRY_ID="57" DEPTH_LEVEL="1"/>
		<Primitive ID="Ar0470022" BOX="24 1091 811 1141" ELEMENT_TYPE="Content" SEQ_NO="22" TOC_ENTRY_ID="57" DEPTH_LEVEL="1"/>
		<Primitive ID="Ar0470023" BOX="24 1136 811 1164" ELEMENT_TYPE="Content" SEQ_NO="23" TOC_ENTRY_ID="57" DEPTH_LEVEL="1"/>
		<Primitive ID="Ar0470024" BOX="24 1164 811 1214" ELEMENT_TYPE="Content" SEQ_NO="24" TOC_ENTRY_ID="57" DEPTH_LEVEL="1"/>
	</Entity>
	<Entity ENTITY_TYPE="Article" FIRST_TOC_ENTRY_ID="58" INDEX_IN_DOC="105" DEPTH_LEVEL="1" ID="Ar04701" SIZE="Small" BOX="24 12 811 98" NEXT_SECTION="" PREV_SECTION="1" IMAGES_RESOLUTION="86" LOGICAL_NAME="true">
		<Name>ILLUSTRATIONS OF EVERY-DAY LIFE. 119</Name>
		<Primitive ID="Ar0470100" BOX="24 12 811 98" ELEMENT_TYPE="Content" SEQ_NO="0" TOC_ENTRY_ID="58" DEPTH_LEVEL="1"/>
	</Entity>
</XMD-PAGE>