<?xml version="1.0" encoding="windows-1252" standalone="no"?>
<XMD-entity REPOSITORY_FORMAT="1.0" PRXML_VER="2.0" ENTITY_TYPE="Article" DOC_UID="EWJ_01/03/1858" DOC_VER="1" FIRST_TOC_ENTRY_ID="76" DEPTH_LEVEL="1" INDEX_IN_DOC="136" PAGE_NO="61" ID="Ar06101" BOX="24 12 829 84" LANGUAGE="English" SNP="Ar06101S.png" SNP_WIDTH="806" SNP_HEIGHT="73" LOGICAL_NAME="true">
	<Meta NAME="NOTICES OF BOOKS. 61" DESCRIPTION="" SUBTYPE="" BASE_HREF="EWJ/1858/03/01" SOURCE_TYPE="TIFF" PUBLICATION="EWJ" SECTION="None" ISSUE_DATE="01/03/1858" WORDCNT="5" RELEASE_NO="041-EWJ-1858-03-01-001-SINGLE" PAGE_ID="" PAGE_TYPE="Single" PAGE_WIDTH="842" PAGE_HEIGHT="1244" DEFAULT_IMG_EXT="png" PDF_DESTINATION_MAPPED="OLV0_Entity_0061_0002" IMAGES_RESOLUTION="86" XMD_VER="2.6.238.8" PAGE_LABEL="61"/>
	<Link SOURCE="041-EWJ-1858-03-01-001-SINGLE.PDF" FIRST_ID="Ar00200" LAST_ID="Ar07201" NEXT_ID="" PREV_ID="Ar06100" TOC_ID="d:/Olive/Repository/EWJ/1858/03/01/TOC.xml"/>
	<DataFiles>
		<Files TYPE="DOC_PDF" PRESENT="1"/>
		<Files TYPE="PAGE_PDF" PRESENT="0"/>
		<Files TYPE="DOC_IMG" PRESENT="0"/>
		<Files TYPE="PAGE_IMG" PRESENT="0"/>
		<Files TYPE="PAGE_VIEW_IMG" PRESENT="1"/>
		<Files TYPE="PAGE_PREVIEW_IMG" PRESENT="1"/>
		<Files TYPE="PRIMITIVE_IMG" PRESENT="1"/>
		<Files TYPE="SNIPPET_IMG" PRESENT="1"/>
	</DataFiles>
	<Content>
		<Primitive BOX="24 12 829 84" ID="Ar0610100" SEQ_NO="0" TOC_ENTRY_ID="76" DEPTH_LEVEL="1">
			<L BOX="298 37 764 75"/>
			<W BOX="298 51 386 75" STYLE_REF="7">NOTICES</W>
			<W BOX="399 51 426 74" STYLE_REF="7">OF</W>
			<W BOX="440 51 509 74" STYLE_REF="7" NS="y">BOOKS</W>
			<W BOX="509 51 514 74" STYLE_REF="7">.</W>
			<W BOX="733 37 764 74" STYLE_REF="37">61</W>
		</Primitive>
	</Content>
	<TOC_Entries><TOC_Entry TOC_ENTRY_ID="134" TITLE="NOTICES OF BOOKS. 61" ENTITY_ID_REF="Ar06101" PAGE_NO="61" PAGE_LABEL="61" PRIM_ID_REF="Ar0610100" IS_IC="true"/></TOC_Entries></XMD-entity>
