<?xml version="1.0" encoding="windows-1252" standalone="no"?>
<XMD-PAGE REPOSITORY_FORMAT="1.0" PRXML_VER="2.0">
	<Meta ISSUE_DATE="01/03/1858" RELEASE_NO="041-EWJ-1858-03-01-001-SINGLE" PAGE_NO="61" NAME="" PAGE_LABEL="61" PAGE_TYPE="Single" PUBLISHER="Olive" PUBLICATION="EWJ" SOURCE_TYPE="TIFF" SOURCE_RESOLUTION="72" IMAGES_RESOLUTION="86" PAGE_THUMBNAIL_RESOLUTION="86" PAGE_PREVIEW_RESOLUTION="15" DEFAULT_IMG_EXT="png" IMG_EXT="png" PREVIEW_IMG_EXT="png" XMD_VER="2.6.238.8" PROFILE_ID="D:\pdfs\EWJ\XMD_EWJ.ini" SECTION="None" PAGE_WIDTH="842" PAGE_HEIGHT="1244" PAGES_NUMBER="72" BASE_HREF="EWJ/1858/03/01" PDF_DESTINATION_MAPPED="OLV0_Page_0061">
		<Resolutions>
			<Resolution DEFAULT="true">86</Resolution>
		</Resolutions>
	</Meta>
	<Link SOURCE="041-EWJ-1858-03-01-001-SINGLE.PDF" NEXT_SECTION="" PREV_SECTION="1"/>
	<DataFiles>
		<Files TYPE="DOC_PDF" PRESENT="1"/>
		<Files TYPE="PAGE_PDF" PRESENT="0"/>
		<Files TYPE="DOC_IMG" PRESENT="0"/>
		<Files TYPE="PAGE_IMG" PRESENT="0"/>
		<Files TYPE="PAGE_VIEW_IMG" PRESENT="1"/>
		<Files TYPE="PAGE_PREVIEW_IMG" PRESENT="1"/>
		<Files TYPE="PRIMITIVE_IMG" PRESENT="1"/>
		<Files TYPE="SNIPPET_IMG" PRESENT="1"/>
	</DataFiles>
	<Entity ENTITY_TYPE="Article" FIRST_TOC_ENTRY_ID="74" INDEX_IN_DOC="132" DEPTH_LEVEL="1" ID="Ar06100" SIZE="XLarge" BOX="24 84 829 1219" NEXT_SECTION="" PREV_SECTION="1" CONTINUATION_TO="Ar06200" CONTINUATION_FROM="Ar06000" FIRST_CHUNK="Ar05903" IMAGES_RESOLUTION="86" LOGICAL_NAME="true">
		<Name>* * 1.�The Angel John in the W House . P...</Name>
		<Primitive ID="Ar0610000" BOX="24 84 829 145" ELEMENT_TYPE="Content" SEQ_NO="0" TOC_ENTRY_ID="74" DEPTH_LEVEL="1"/>
		<Primitive ID="Ar0610001" BOX="24 137 829 193" ELEMENT_TYPE="Content" SEQ_NO="1" TOC_ENTRY_ID="74" DEPTH_LEVEL="1"/>
		<Primitive ID="Ar0610002" BOX="24 183 829 238" ELEMENT_TYPE="Content" SEQ_NO="2" TOC_ENTRY_ID="74" DEPTH_LEVEL="1"/>
		<Primitive ID="Ar0610003" BOX="24 230 829 286" ELEMENT_TYPE="Content" SEQ_NO="3" TOC_ENTRY_ID="74" DEPTH_LEVEL="1"/>
		<Primitive ID="Ar0610004" BOX="24 277 829 333" ELEMENT_TYPE="Content" SEQ_NO="4" TOC_ENTRY_ID="74" DEPTH_LEVEL="1"/>
		<Primitive ID="Ar0610005" BOX="24 324 829 379" ELEMENT_TYPE="Content" SEQ_NO="5" TOC_ENTRY_ID="74" DEPTH_LEVEL="1"/>
		<Primitive ID="Ar0610006" BOX="24 371 829 426" ELEMENT_TYPE="Content" SEQ_NO="6" TOC_ENTRY_ID="74" DEPTH_LEVEL="1"/>
		<Primitive ID="Ar0610007" BOX="24 418 829 473" ELEMENT_TYPE="Content" SEQ_NO="7" TOC_ENTRY_ID="74" DEPTH_LEVEL="1"/>
		<Primitive ID="Ar0610008" BOX="24 464 829 521" ELEMENT_TYPE="Content" SEQ_NO="8" TOC_ENTRY_ID="74" DEPTH_LEVEL="1"/>
		<Primitive ID="Ar0610009" BOX="24 513 829 568" ELEMENT_TYPE="Content" SEQ_NO="9" TOC_ENTRY_ID="74" DEPTH_LEVEL="1"/>
		<Primitive ID="Ar0610010" BOX="24 559 829 615" ELEMENT_TYPE="Content" SEQ_NO="10" TOC_ENTRY_ID="74" DEPTH_LEVEL="1"/>
		<Primitive ID="Ar0610011" BOX="24 607 829 662" ELEMENT_TYPE="Content" SEQ_NO="11" TOC_ENTRY_ID="74" DEPTH_LEVEL="1"/>
		<Primitive ID="Ar0610012" BOX="24 654 829 709" ELEMENT_TYPE="Content" SEQ_NO="12" TOC_ENTRY_ID="74" DEPTH_LEVEL="1"/>
		<Primitive ID="Ar0610013" BOX="24 700 829 756" ELEMENT_TYPE="Content" SEQ_NO="13" TOC_ENTRY_ID="74" DEPTH_LEVEL="1"/>
		<Primitive ID="Ar0610014" BOX="24 748 829 804" ELEMENT_TYPE="Content" SEQ_NO="14" TOC_ENTRY_ID="74" DEPTH_LEVEL="1"/>
		<Primitive ID="Ar0610015" BOX="24 797 829 850" ELEMENT_TYPE="Content" SEQ_NO="15" TOC_ENTRY_ID="74" DEPTH_LEVEL="1"/>
		<Primitive ID="Ar0610016" BOX="24 841 829 897" ELEMENT_TYPE="Content" SEQ_NO="16" TOC_ENTRY_ID="74" DEPTH_LEVEL="1"/>
		<Primitive ID="Ar0610017" BOX="24 888 829 944" ELEMENT_TYPE="Content" SEQ_NO="17" TOC_ENTRY_ID="74" DEPTH_LEVEL="1"/>
		<Primitive ID="Ar0610018" BOX="24 934 829 1014" ELEMENT_TYPE="Content" SEQ_NO="18" TOC_ENTRY_ID="74" DEPTH_LEVEL="1"/>
		<Primitive ID="Ar0610019" BOX="24 1004 829 1077" ELEMENT_TYPE="Content" SEQ_NO="19" TOC_ENTRY_ID="74" DEPTH_LEVEL="1"/>
		<Primitive ID="Ar0610020" BOX="24 1065 829 1132" ELEMENT_TYPE="Content" SEQ_NO="20" TOC_ENTRY_ID="74" DEPTH_LEVEL="1"/>
		<Primitive ID="Ar0610021" BOX="24 1122 829 1179" ELEMENT_TYPE="Content" SEQ_NO="21" TOC_ENTRY_ID="74" DEPTH_LEVEL="1"/>
		<Primitive ID="Ar0610022" BOX="24 1179 829 1219" ELEMENT_TYPE="Content" SEQ_NO="22" TOC_ENTRY_ID="74" DEPTH_LEVEL="1"/>
	</Entity>
	<Entity ENTITY_TYPE="Article" FIRST_TOC_ENTRY_ID="76" INDEX_IN_DOC="136" DEPTH_LEVEL="1" ID="Ar06101" SIZE="Small" BOX="24 12 829 84" NEXT_SECTION="" PREV_SECTION="1" IMAGES_RESOLUTION="86" LOGICAL_NAME="true">
		<Name>NOTICES OF BOOKS. 61</Name>
		<Primitive ID="Ar0610100" BOX="24 12 829 84" ELEMENT_TYPE="Content" SEQ_NO="0" TOC_ENTRY_ID="76" DEPTH_LEVEL="1"/>
	</Entity>
</XMD-PAGE>