<?xml version="1.0" encoding="windows-1252" standalone="no"?>
<XMD-entity REPOSITORY_FORMAT="1.0" PRXML_VER="2.0" ENTITY_TYPE="Article" FIRST_TOC_ENTRY_ID="90" DEPTH_LEVEL="1" INDEX_IN_DOC="150" PAGE_NO="68" ID="Ar06800" BOX="23 94 811 1215" LANGUAGE="English" CONTINUATION_FROM="Ar06702" LOGICAL_NAME="true">
	<Meta NAME="Madam, I think the following suggestion ..." DESCRIPTION="" SUBTYPE="" BASE_HREF="EWJ/1858/04/01" SOURCE_TYPE="TIFF" PUBLICATION="EWJ" SECTION="None" ISSUE_DATE="01/04/1858" WORDCNT="677" RELEASE_NO="041-EWJ-1858-04-01-001-SINGLE" PAGE_ID="" PAGE_TYPE="Single" PAGE_WIDTH="823" PAGE_HEIGHT="1239" DEFAULT_IMG_EXT="png" PDF_DESTINATION_MAPPED="OLV0_Entity_0068_0001" IMAGES_RESOLUTION="86" XMD_VER="2.6.238.8" PAGE_LABEL="140"/>
	<Link SOURCE="041-EWJ-1858-04-01-001-SINGLE.PDF" FIRST_ID="Ar00200" LAST_ID="Ar07201" NEXT_ID="Ar06801" PREV_ID="" TOC_ID="d:/Olive/Repository/EWJ/1858/04/01/TOC.xml"/>
	<DataFiles>
		<Files TYPE="DOC_PDF" PRESENT="1"/>
		<Files TYPE="PAGE_PDF" PRESENT="0"/>
		<Files TYPE="DOC_IMG" PRESENT="0"/>
		<Files TYPE="PAGE_IMG" PRESENT="0"/>
		<Files TYPE="PAGE_VIEW_IMG" PRESENT="1"/>
		<Files TYPE="PAGE_PREVIEW_IMG" PRESENT="1"/>
		<Files TYPE="PRIMITIVE_IMG" PRESENT="1"/>
		<Files TYPE="SNIPPET_IMG" PRESENT="1"/>
	</DataFiles>
	<Content>
		<Primitive BOX="23 94 811 143" ID="Ar0680000" SEQ_NO="0" TOC_ENTRY_ID="90" DEPTH_LEVEL="1">
			<L BOX="52 101 762 152"/>
			<W BOX="52 127 85 152" STYLE_REF="10">reli</W>
			<Q BOX="67 107 77 133" STYLE_REF="10" QID="1">"</Q>
			<q BOX="75 107 128 133" STYLE_REF="10" QID="1">Every</q>
			<QW QID="1">"Every</QW>
			<Q BOX="93 127 121 152" STYLE_REF="10" QID="2">ion</Q>
			<q BOX="134 126 183 151" STYLE_REF="10" QID="2">home</q>
			<QW QID="2">ionhome</QW>
			<W BOX="141 108 177 133" STYLE_REF="10">care</W>
			<W BOX="190 107 226 132" STYLE_REF="10">will</W>
			<W BOX="190 126 257 151" STYLE_REF="10">comfort</W>
			<W BOX="236 107 256 132" STYLE_REF="10">be</W>
			<W BOX="268 106 318 131" STYLE_REF="10">taken</W>
			<W BOX="271 124 322 149" STYLE_REF="10">home</W>
			<W BOX="328 123 380 148" STYLE_REF="10">affecti</W>
			<W BOX="330 106 347 131" STYLE_REF="10">to</W>
			<Q BOX="358 106 369 131" STYLE_REF="10" QID="3">g</Q>
			<q BOX="369 104 395 129" STYLE_REF="10" QID="3">ive</q>
			<QW QID="3">give</QW>
			<W BOX="381 123 410 148" STYLE_REF="10">ons</W>
			<W BOX="406 104 446 129" STYLE_REF="10">such</W>
			<W BOX="423 122 455 147" STYLE_REF="10">and</W>
			<W BOX="458 103 521 128" STYLE_REF="10">instruc</W>
			<W BOX="463 122 539 147" STYLE_REF="10">friendshi</W>
			<W BOX="522 103 555 128" STYLE_REF="10">tion</W>
			<W BOX="541 122 553 147" STYLE_REF="10">p</W>
			<W BOX="561 120 635 145" STYLE_REF="10">amongst</W>
			<W BOX="567 101 586 127" STYLE_REF="10">as</W>
			<W BOX="596 101 631 127" STYLE_REF="10">will</W>
			<W BOX="642 101 715 126" STYLE_REF="10">promote</W>
			<W BOX="644 119 683 144" STYLE_REF="10">each</W>
			<W BOX="691 119 737 144" STYLE_REF="10">other</W>
			<W BOX="725 101 762 126" STYLE_REF="10">true</W>
			<W BOX="737 119 743 144" STYLE_REF="10">.</W>
			<L BOX="259 123 415 148"/>
			<Q BOX="259 123 264 148" STYLE_REF="10" QID="4">,</Q>
			<q BOX="262 123 266 148" STYLE_REF="10" QID="4">,</q>
			<QW QID="4">,,</QW>
			<W BOX="410 123 415 148" STYLE_REF="10">,</W>
		</Primitive>
		<Primitive BOX="23 132 811 182" ID="Ar0680001" SEQ_NO="1" TOC_ENTRY_ID="90" DEPTH_LEVEL="1">
			<L BOX="53 128 764 189"/>
			<W BOX="53 164 85 189" STYLE_REF="10">and</W>
			<W BOX="75 145 93 170" STYLE_REF="10">It</W>
			<W BOX="83 128 94 153" STYLE_REF="10">g</W>
			<W BOX="97 164 164 189" STYLE_REF="10">another</W>
			<W BOX="105 145 120 170" STYLE_REF="10">is</W>
			<W BOX="122 128 127 153" STYLE_REF="10">,</W>
			<W BOX="131 145 165 170" STYLE_REF="10">also</W>
			<W BOX="175 163 191 188" STYLE_REF="10">of</W>
			<W BOX="177 145 255 170" STYLE_REF="10">proposed</W>
			<W BOX="202 162 276 188" STYLE_REF="10">mothers</W>
			<W BOX="264 143 281 168" STYLE_REF="10">in</W>
			<W BOX="291 143 319 168" STYLE_REF="10">the</W>
			<W BOX="291 161 315 186" STYLE_REF="10">for</W>
			<W BOX="327 160 373 185" STYLE_REF="10">Bible</W>
			<W BOX="330 142 375 167" STYLE_REF="10">same</W>
			<W BOX="384 141 437 166" STYLE_REF="10">rooms</W>
			<W BOX="384 160 450 185" STYLE_REF="10">reading</W>
			<W BOX="448 141 466 166" STYLE_REF="10">to</W>
			<W BOX="450 160 455 185" STYLE_REF="10">,</W>
			<W BOX="465 158 503 184" STYLE_REF="10">that</W>
			<W BOX="473 140 517 166" STYLE_REF="10">have</W>
			<W BOX="513 158 558 184" STYLE_REF="10">these</W>
			<W BOX="525 140 535 165" STYLE_REF="10">a</W>
			<W BOX="545 140 587 165" STYLE_REF="10">class</W>
			<W BOX="568 158 608 183" STYLE_REF="10">poor</W>
			<W BOX="598 139 613 164" STYLE_REF="10">of</W>
			<W BOX="617 157 660 182" STYLE_REF="10">peop</W>
			<W BOX="627 138 684 163" STYLE_REF="10">young</W>
			<W BOX="659 156 674 182" STYLE_REF="10">le</W>
			<W BOX="685 156 725 182" STYLE_REF="10">may</W>
			<W BOX="691 138 735 163" STYLE_REF="10">wom</W>
			<W BOX="731 156 761 181" STYLE_REF="10">feel</W>
			<W BOX="735 138 755 163" STYLE_REF="10" NS="y">en</W>
			<W BOX="756 138 764 164" STYLE_REF="10">,</W>
		</Primitive>
		<Primitive BOX="23 170 811 244" ID="Ar0680002" SEQ_NO="2" TOC_ENTRY_ID="90" DEPTH_LEVEL="1">
			<L BOX="53 163 764 209"/>
			<W BOX="53 183 93 209" STYLE_REF="10">they</W>
			<W BOX="104 183 146 208" STYLE_REF="10">have</W>
			<W BOX="153 182 162 207" STYLE_REF="10">a</W>
			<W BOX="169 182 221 207" STYLE_REF="10">friend</W>
			<W BOX="233 181 249 206" STYLE_REF="10">in</W>
			<W BOX="258 181 267 206" STYLE_REF="10">a</W>
			<W BOX="273 179 327 205" STYLE_REF="10">better</W>
			<W BOX="275 163 280 188" STYLE_REF="10">,</W>
			<W BOX="337 179 407 204" STYLE_REF="10">position</W>
			<W BOX="417 179 434 204" STYLE_REF="10">in</W>
			<W BOX="446 178 506 203" STYLE_REF="10" NS="y">society</W>
			<W BOX="506 178 511 203" STYLE_REF="10">,</W>
			<W BOX="523 177 554 202" STYLE_REF="10">and</W>
			<W BOX="565 177 606 202" STYLE_REF="10">thus</W>
			<W BOX="615 175 636 201" STYLE_REF="10">be</W>
			<W BOX="647 175 701 200" STYLE_REF="10">linked</W>
			<W BOX="709 175 727 200" STYLE_REF="10">to</W>
			<W BOX="734 175 764 200" STYLE_REF="10">the</W>
			<L BOX="53 201 758 246"/>
			<W BOX="53 202 104 227" STYLE_REF="10">upper</W>
			<W BOX="75 220 110 246" STYLE_REF="10">The</W>
			<W BOX="112 201 171 227" STYLE_REF="10">classes</W>
			<W BOX="117 219 171 244" STYLE_REF="10">wants</W>
			<W BOX="171 201 177 227" STYLE_REF="10">.</W>
			<W BOX="180 219 195 244" STYLE_REF="10">of</W>
			<W BOX="207 218 246 243" STYLE_REF="10">each</W>
			<W BOX="295 218 315 243" STYLE_REF="10">be</W>
			<Q BOX="326 216 387 241" STYLE_REF="10" QID="5">tenderl</Q>
			<q BOX="410 215 441 240" STYLE_REF="10" QID="5">and</q>
			<QW QID="5">tenderland</QW>
			<Q BOX="454 215 500 240" STYLE_REF="10" QID="6">kindl</Q>
			<q BOX="523 214 587 239" STYLE_REF="10" QID="6">entered</q>
			<QW QID="6">kindlentered</QW>
			<Q BOX="598 213 633 238" STYLE_REF="10" QID="7">into</Q>
			<q BOX="647 212 678 237" STYLE_REF="10" QID="7">and</q>
			<QW QID="7">intoand</QW>
			<W BOX="689 212 719 237" STYLE_REF="10">the</W>
			<W BOX="727 212 758 237" STYLE_REF="13">real</W>
		</Primitive>
		<Primitive BOX="23 232 811 283" ID="Ar0680003" SEQ_NO="3" TOC_ENTRY_ID="90" DEPTH_LEVEL="1">
			<L BOX="53 214 762 264"/>
			<W BOX="53 239 134 264" STYLE_REF="13">character</W>
			<W BOX="142 237 194 262" STYLE_REF="10">better</W>
			<W BOX="199 236 296 261" STYLE_REF="10">understood</W>
			<W BOX="255 218 283 243" STYLE_REF="10">can</W>
			<W BOX="312 235 329 260" STYLE_REF="10">in</W>
			<W BOX="340 235 385 260" STYLE_REF="10">these</W>
			<W BOX="388 216 400 241" STYLE_REF="10">y</W>
			<W BOX="394 234 441 259" STYLE_REF="10">small</W>
			<W BOX="449 233 535 258" STYLE_REF="13">reunions</W>
			<W BOX="500 215 513 240" STYLE_REF="10">y</W>
			<W BOX="525 234 533 259" STYLE_REF="13">,</W>
			<W BOX="537 232 579 257" STYLE_REF="10">than</W>
			<W BOX="587 232 604 257" STYLE_REF="10">in</W>
			<W BOX="614 232 644 257" STYLE_REF="10">the</W>
			<W BOX="634 214 639 239" STYLE_REF="10">,</W>
			<W BOX="652 231 702 256" STYLE_REF="10">larger</W>
			<Q BOX="710 231 754 256" STYLE_REF="10" QID="8">meet</Q>
			<Q BOX="754 231 762 256" STYLE_REF="10" QID="8">-</Q>
			<L BOX="52 236 762 283"/>
			<q BOX="52 258 89 283" STYLE_REF="10" QID="8">ings</q>
			<QW QID="8">meetings</QW>
			<W BOX="119 257 154 282" STYLE_REF="10">lans</W>
			<W BOX="161 256 176 281" STYLE_REF="10">of</W>
			<W BOX="184 255 301 280" STYLE_REF="10">improvement</W>
			<W BOX="297 236 302 262" STYLE_REF="10">,</W>
			<W BOX="308 254 337 279" STYLE_REF="10">can</W>
			<W BOX="342 254 362 279" STYLE_REF="10">be</W>
			<W BOX="367 253 421 278" STYLE_REF="10">talked</W>
			<Q BOX="428 253 465 278" STYLE_REF="10" QID="9">over</Q>
			<q BOX="476 252 508 277" STYLE_REF="10" QID="9">and</q>
			<QW QID="9">overand</QW>
			<W BOX="516 252 557 277" STYLE_REF="10">hope</W>
			<W BOX="564 250 596 276" STYLE_REF="10">and</W>
			<W BOX="603 250 709 275" STYLE_REF="10" NS="y">cheerfulness</W>
			<W BOX="711 250 716 275" STYLE_REF="10">,</W>
			<W BOX="721 249 762 274" STYLE_REF="10">with</W>
		</Primitive>
		<Primitive BOX="23 271 811 319" ID="Ar0680004" SEQ_NO="4" TOC_ENTRY_ID="90" DEPTH_LEVEL="1">
			<L BOX="95 253 471 283"/>
			<W BOX="95 258 100 283" STYLE_REF="10">;</W>
			<W BOX="108 258 119 283" STYLE_REF="10">p</W>
			<W BOX="466 253 471 278" STYLE_REF="10">,</W>
			<L BOX="52 271 762 319"/>
			<W BOX="52 276 79 301" STYLE_REF="10">tru</W>
			<W BOX="75 294 109 319" STYLE_REF="10">The</W>
			<W BOX="81 276 96 301" STYLE_REF="10">st</W>
			<W BOX="103 276 120 301" STYLE_REF="10">in</W>
			<W BOX="117 294 153 319" STYLE_REF="10">hom</W>
			<W BOX="129 275 165 300" STYLE_REF="10">God</W>
			<W BOX="155 293 164 318" STYLE_REF="10">e</W>
			<W BOX="165 275 170 301" STYLE_REF="10">,</W>
			<W BOX="171 293 186 318" STYLE_REF="10">of</W>
			<W BOX="177 274 276 299" STYLE_REF="10">encouraged</W>
			<W BOX="197 293 235 318" STYLE_REF="10">eaoh</W>
			<W BOX="246 292 289 317" STYLE_REF="10">child</W>
			<W BOX="282 273 322 298" STYLE_REF="10">both</W>
			<W BOX="298 291 355 316" STYLE_REF="10">should</W>
			<Q BOX="330 273 342 298" STYLE_REF="10" QID="10">b</Q>
			<q BOX="342 273 353 298" STYLE_REF="10" QID="10">y</q>
			<QW QID="10">by</QW>
			<W BOX="360 271 405 297" STYLE_REF="10">word</W>
			<W BOX="363 291 384 316" STYLE_REF="10">be</W>
			<W BOX="390 290 449 315" STYLE_REF="10">visited</W>
			<W BOX="411 271 442 297" STYLE_REF="10">and</W>
			<W BOX="449 291 454 316" STYLE_REF="10">,</W>
			<W BOX="450 271 519 296" STYLE_REF="10">manner</W>
			<W BOX="464 289 497 314" STYLE_REF="10">and</W>
			<W BOX="503 289 532 314" STYLE_REF="10">the</W>
			<W BOX="519 271 524 296" STYLE_REF="10">.</W>
			<W BOX="534 288 615 313" STYLE_REF="13">families</W>
			<Q BOX="618 287 691 313" STYLE_REF="10" QID="11">graduall</Q>
			<q BOX="690 287 703 312" STYLE_REF="10" QID="11">y</q>
			<QW QID="11">gradually</QW>
			<W BOX="711 286 736 311" STYLE_REF="10">led</W>
			<W BOX="744 286 762 311" STYLE_REF="10">to</W>
		</Primitive>
		<Primitive BOX="23 310 811 394" ID="Ar0680005" SEQ_NO="5" TOC_ENTRY_ID="90" DEPTH_LEVEL="1">
			<L BOX="52 310 762 356"/>
			<W BOX="52 314 81 339" STYLE_REF="10">the</W>
			<W BOX="73 331 118 356" STYLE_REF="10">Each</W>
			<W BOX="88 312 197 337" STYLE_REF="10">Communion</W>
			<W BOX="126 331 170 356" STYLE_REF="10">room</W>
			<W BOX="177 330 236 355" STYLE_REF="10">should</W>
			<W BOX="203 311 219 336" STYLE_REF="10">of</W>
			<W BOX="227 311 257 336" STYLE_REF="10">the</W>
			<W BOX="246 330 268 355" STYLE_REF="10">be</W>
			<W BOX="263 310 331 335" STYLE_REF="10">Church</W>
			<W BOX="276 328 342 354" STYLE_REF="10">attende</W>
			<W BOX="331 310 337 335" STYLE_REF="10">.</W>
			<W BOX="343 328 353 353" STYLE_REF="10">d</W>
			<W BOX="364 328 387 353" STYLE_REF="10">by</W>
			<W BOX="397 328 430 353" STYLE_REF="10">two</W>
			<W BOX="439 327 457 352" STYLE_REF="10">or</W>
			<Q BOX="468 327 504 352" STYLE_REF="10" QID="12">thre</Q>
			<q BOX="504 326 514 351" STYLE_REF="10" QID="12">e</q>
			<QW QID="12">three</QW>
			<W BOX="524 326 575 351" STYLE_REF="10" NS="y">ladies</W>
			<W BOX="575 326 580 351" STYLE_REF="10">,</W>
			<W BOX="588 325 605 350" STYLE_REF="10">in</W>
			<W BOX="612 325 651 350" STYLE_REF="10" NS="y">turn</W>
			<W BOX="652 325 657 350" STYLE_REF="10">,</W>
			<W BOX="664 324 681 349" STYLE_REF="10">so</W>
			<W BOX="688 324 725 349" STYLE_REF="10">that</W>
			<W BOX="733 323 762 348" STYLE_REF="10">the</W>
			<L BOX="51 346 761 394"/>
			<W BOX="51 350 97 375" STYLE_REF="10">work</W>
			<W BOX="73 369 108 394" STYLE_REF="10">The</W>
			<W BOX="103 350 143 375" STYLE_REF="10">may</W>
			<W BOX="119 368 195 393" STYLE_REF="10">expenses</W>
			<W BOX="149 349 178 374" STYLE_REF="10">not</W>
			<W BOX="185 348 230 373" STYLE_REF="10">press</W>
			<W BOX="205 367 255 393" STYLE_REF="10">being</W>
			<W BOX="238 348 265 373" STYLE_REF="10">too</W>
			<W BOX="265 366 331 391" STYLE_REF="10">divided</W>
			<Q BOX="271 348 327 373" STYLE_REF="10" QID="13">heavil</Q>
			<q BOX="326 347 337 372" STYLE_REF="10" QID="13">y</q>
			<QW QID="13">heavily</QW>
			<W BOX="340 365 414 390" STYLE_REF="10">amongst</W>
			<W BOX="344 347 366 372" STYLE_REF="10">on</W>
			<W BOX="373 346 406 371" STYLE_REF="10">any</W>
			<W BOX="412 346 443 371" STYLE_REF="10">one</W>
			<W BOX="424 364 454 389" STYLE_REF="10">the</W>
			<W BOX="443 346 449 371" STYLE_REF="10">.</W>
			<W BOX="463 364 515 389" STYLE_REF="10" NS="y">ladies</W>
			<W BOX="515 364 520 389" STYLE_REF="10">,</W>
			<W BOX="527 363 556 388" STYLE_REF="10">the</W>
			<W BOX="563 363 596 388" STYLE_REF="10">cost</W>
			<W BOX="604 363 622 388" STYLE_REF="10">to</W>
			<W BOX="629 361 667 386" STYLE_REF="10">each</W>
			<W BOX="675 361 730 386" STYLE_REF="10">would</W>
			<W BOX="740 360 761 385" STYLE_REF="10">be</W>
		</Primitive>
		<Primitive BOX="23 388 811 461" ID="Ar0680006" SEQ_NO="6" TOC_ENTRY_ID="90" DEPTH_LEVEL="1">
			<L BOX="50 388 761 465"/>
			<W BOX="50 425 68 450" STYLE_REF="10">in</W>
			<W BOX="51 388 113 413" STYLE_REF="10">trifling</W>
			<W BOX="73 406 108 432" STYLE_REF="10">One</W>
			<W BOX="74 425 103 450" STYLE_REF="10">the</W>
			<W BOX="110 424 145 449" STYLE_REF="10">first</W>
			<W BOX="113 388 119 413" STYLE_REF="10">.</W>
			<W BOX="115 405 205 430" STYLE_REF="10">advantage</W>
			<W BOX="152 423 226 448" STYLE_REF="10">instance</W>
			<W BOX="210 404 226 429" STYLE_REF="10">of</W>
			<W BOX="226 423 232 448" STYLE_REF="10">.</W>
			<W BOX="233 404 257 429" STYLE_REF="10">thi</W>
			<W BOX="254 422 270 448" STYLE_REF="10">A</W>
			<W BOX="259 404 267 429" STYLE_REF="10">s</W>
			<W BOX="274 404 285 429" STYLE_REF="10">p</W>
			<W BOX="276 422 321 447" STYLE_REF="10">room</W>
			<W BOX="284 403 313 428" STYLE_REF="10">lan</W>
			<W BOX="317 403 372 428" STYLE_REF="10">would</W>
			<W BOX="331 421 347 446" STYLE_REF="10">at</W>
			<W BOX="359 421 385 446" STYLE_REF="10">fou</W>
			<W BOX="379 402 400 428" STYLE_REF="10">be</W>
			<W BOX="381 439 432 465" STYLE_REF="10">suffice</W>
			<W BOX="387 420 394 445" STYLE_REF="10">r</W>
			<W BOX="400 404 405 429" STYLE_REF="10">,</W>
			<W BOX="405 420 421 445" STYLE_REF="10">or</W>
			<W BOX="412 402 449 427" STYLE_REF="10">that</W>
			<W BOX="430 420 461 445" STYLE_REF="10">five</W>
			<W BOX="442 439 460 464" STYLE_REF="10">to</W>
			<W BOX="455 402 477 427" STYLE_REF="10">no</W>
			<W BOX="471 419 547 444" STYLE_REF="10">shillings</W>
			<W BOX="483 400 527 426" STYLE_REF="10">great</W>
			<W BOX="496 437 514 463" STYLE_REF="10">in</W>
			<W BOX="518 437 560 463" STYLE_REF="10">with</W>
			<W BOX="535 399 592 424" STYLE_REF="10">outlay</W>
			<W BOX="553 419 563 444" STYLE_REF="10">a</W>
			<W BOX="570 418 616 443" STYLE_REF="10">week</W>
			<W BOX="571 436 602 461" STYLE_REF="10">and</W>
			<W BOX="597 399 641 424" STYLE_REF="10">woul</W>
			<W BOX="616 418 621 444" STYLE_REF="10">,</W>
			<W BOX="629 417 672 442" STYLE_REF="10">with</W>
			<W BOX="639 435 761 460" STYLE_REF="10">responsibility</W>
			<W BOX="641 398 651 423" STYLE_REF="10">d</W>
			<W BOX="659 398 678 423" STYLE_REF="10">be</W>
			<W BOX="677 417 686 442" STYLE_REF="10">a</W>
			<W BOX="685 398 760 423" STYLE_REF="10">required</W>
			<W BOX="693 416 739 441" STYLE_REF="10" NS="y">table</W>
			<W BOX="738 417 743 442" STYLE_REF="10">,</W>
			<W BOX="750 416 761 441" STYLE_REF="10">a</W>
		</Primitive>
		<Primitive BOX="23 449 811 506" ID="Ar0680007" SEQ_NO="7" TOC_ENTRY_ID="90" DEPTH_LEVEL="1">
			<L BOX="51 436 632 469"/>
			<W BOX="51 444 82 469" STYLE_REF="10">few</W>
			<Q BOX="89 443 159 468" STYLE_REF="10" QID="14">benches</Q>
			<q BOX="172 442 203 467" STYLE_REF="10" QID="14">and</q>
			<QW QID="14">benchesand</QW>
			<W BOX="208 442 218 467" STYLE_REF="10">a</W>
			<W BOX="223 442 253 467" STYLE_REF="10">few</W>
			<Q BOX="258 441 300 466" STYLE_REF="10" QID="15">book</Q>
			<Q BOX="301 441 310 466" STYLE_REF="10" QID="15">s</Q>
			<q BOX="319 440 373 465" STYLE_REF="10" QID="15">would</q>
			<QW QID="15">bookswould</QW>
			<W BOX="466 439 497 464" STYLE_REF="10" NS="y">beg</W>
			<W BOX="560 438 566 463" STYLE_REF="10">,</W>
			<W BOX="610 436 632 461" STYLE_REF="10">no</W>
			<L BOX="50 442 763 506"/>
			<W BOX="50 481 81 506" STYLE_REF="10">the</W>
			<W BOX="51 462 108 487" STYLE_REF="10">would</W>
			<W BOX="86 480 130 506" STYLE_REF="10">most</W>
			<W BOX="113 461 135 487" STYLE_REF="10">be</W>
			<W BOX="137 480 220 505" STYLE_REF="10">miserable</W>
			<W BOX="144 461 208 486" STYLE_REF="10">incurre</W>
			<W BOX="159 443 164 469" STYLE_REF="10">,</W>
			<W BOX="208 461 219 486" STYLE_REF="10">d</W>
			<W BOX="225 478 289 504" STYLE_REF="10">women</W>
			<W BOX="228 460 292 485" STYLE_REF="10">beyond</W>
			<W BOX="292 478 310 504" STYLE_REF="10">or</W>
			<W BOX="302 460 312 485" STYLE_REF="10">a</W>
			<W BOX="309 442 314 467" STYLE_REF="10">,</W>
			<W BOX="316 477 388 502" STYLE_REF="10">children</W>
			<W BOX="319 459 365 484" STYLE_REF="10" NS="y">week</W>
			<W BOX="365 457 371 483" STYLE_REF="10" NS="y">'</W>
			<W BOX="369 458 377 483" STYLE_REF="10">s</W>
			<W BOX="386 458 422 483" STYLE_REF="10">rent</W>
			<W BOX="395 477 441 502" STYLE_REF="10">could</W>
			<W BOX="422 458 427 483" STYLE_REF="10">.</W>
			<W BOX="449 457 522 482" STYLE_REF="10">Another</W>
			<W BOX="453 476 470 501" STYLE_REF="10">at</W>
			<Q BOX="477 476 517 501" STYLE_REF="10" QID="16">once</Q>
			<q BOX="527 474 547 499" STYLE_REF="10" QID="16">be</q>
			<QW QID="16">oncebe</QW>
			<W BOX="532 455 622 480" STYLE_REF="10">advantage</W>
			<W BOX="554 474 604 499" STYLE_REF="10">taken</W>
			<W BOX="612 473 652 498" STYLE_REF="10">from</W>
			<W BOX="629 455 684 480" STYLE_REF="10">would</W>
			<W BOX="661 473 689 498" STYLE_REF="10">the</W>
			<W BOX="690 454 712 479" STYLE_REF="10">be</W>
			<Q BOX="696 473 706 498" STYLE_REF="10" QID="17">s</Q>
			<q BOX="706 472 754 497" STYLE_REF="10" QID="17">treets</q>
			<QW QID="17">streets</QW>
			<W BOX="711 455 716 480" STYLE_REF="10">,</W>
			<W BOX="723 453 760 478" STYLE_REF="10">that</W>
			<W BOX="754 473 763 498" STYLE_REF="10">,</W>
		</Primitive>
		<Primitive BOX="23 494 811 543" ID="Ar0680008" SEQ_NO="8" TOC_ENTRY_ID="90" DEPTH_LEVEL="1">
			<L BOX="51 476 760 543"/>
			<W BOX="51 500 100 525" STYLE_REF="10">when</W>
			<W BOX="73 518 109 543" STYLE_REF="10">The</W>
			<W BOX="106 499 124 524" STYLE_REF="10">to</W>
			<W BOX="117 517 183 542" STYLE_REF="10">Ragged</W>
			<W BOX="131 498 182 523" STYLE_REF="10">admit</W>
			<W BOX="189 498 235 523" STYLE_REF="10">them</W>
			<W BOX="193 517 259 542" STYLE_REF="10">Schools</W>
			<W BOX="242 497 259 522" STYLE_REF="10">to</W>
			<W BOX="264 515 285 540" STYLE_REF="10">do</W>
			<W BOX="266 497 275 522" STYLE_REF="10">a</W>
			<W BOX="282 496 346 521" STYLE_REF="10">private</W>
			<W BOX="291 515 341 540" STYLE_REF="13" NS="y">much</W>
			<W BOX="339 516 348 541" STYLE_REF="13">,</W>
			<W BOX="351 515 383 540" STYLE_REF="10">but</W>
			<W BOX="352 496 400 521" STYLE_REF="10">home</W>
			<W BOX="389 514 438 539" STYLE_REF="13">much</W>
			<W BOX="406 496 460 521" STYLE_REF="10">would</W>
			<W BOX="443 513 485 538" STYLE_REF="13">more</W>
			<W BOX="443 477 448 502" STYLE_REF="10">,</W>
			<W BOX="467 495 487 520" STYLE_REF="10">be</W>
			<W BOX="493 493 587 518" STYLE_REF="10">impossible</W>
			<W BOX="495 512 543 537" STYLE_REF="10">must</W>
			<W BOX="518 476 523 501" STYLE_REF="10">,</W>
			<W BOX="550 512 571 537" STYLE_REF="10">be</W>
			<W BOX="580 511 621 536" STYLE_REF="10">done</W>
			<W BOX="587 493 593 518" STYLE_REF="10">.</W>
			<W BOX="628 511 646 536" STYLE_REF="10">to</W>
			<W BOX="653 510 694 535" STYLE_REF="10">form</W>
			<W BOX="701 510 711 535" STYLE_REF="10">a</W>
			<W BOX="719 510 760 535" STYLE_REF="10">good</W>
		</Primitive>
		<Primitive BOX="23 535 811 591" ID="Ar0680009" SEQ_NO="9" TOC_ENTRY_ID="90" DEPTH_LEVEL="1">
			<L BOX="51 535 760 599"/>
			<W BOX="51 537 134 562" STYLE_REF="10">character</W>
			<W BOX="51 574 109 599" STYLE_REF="10">steadil</W>
			<W BOX="72 555 108 580" STYLE_REF="10">The</W>
			<W BOX="118 554 199 579" STYLE_REF="10">promoter</W>
			<W BOX="135 573 165 598" STYLE_REF="10">and</W>
			<W BOX="141 535 158 560" STYLE_REF="10">in</W>
			<W BOX="165 535 174 560" STYLE_REF="10">a</W>
			<W BOX="174 572 263 597" STYLE_REF="10">extensivel</W>
			<W BOX="182 535 227 560" STYLE_REF="10">child</W>
			<W BOX="209 554 225 579" STYLE_REF="10">of</W>
			<W BOX="227 535 233 560" STYLE_REF="10">.</W>
			<W BOX="236 553 271 578" STYLE_REF="10">this</W>
			<W BOX="279 552 321 577" STYLE_REF="10">plan</W>
			<W BOX="287 571 347 596" STYLE_REF="10">carried</W>
			<W BOX="328 551 343 577" STYLE_REF="10">is</W>
			<W BOX="353 551 440 577" STYLE_REF="10">persuaded</W>
			<Q BOX="360 570 390 596" STYLE_REF="10" QID="18">out</Q>
			<q BOX="405 569 428 594" STYLE_REF="10" QID="18">by</q>
			<QW QID="18">outby</QW>
			<W BOX="435 569 509 594" STYLE_REF="10">working</W>
			<W BOX="451 551 491 576" STYLE_REF="10">from</W>
			<W BOX="503 550 536 575" STYLE_REF="10">her</W>
			<W BOX="518 568 568 593" STYLE_REF="13">quietl</W>
			<W BOX="542 548 580 573" STYLE_REF="10">own</W>
			<W BOX="567 568 578 593" STYLE_REF="13">y</W>
			<W BOX="590 567 607 592" STYLE_REF="10">in</W>
			<W BOX="590 548 682 573" STYLE_REF="10">experience</W>
			<W BOX="617 567 669 592" STYLE_REF="10">many</W>
			<Q BOX="679 567 691 592" STYLE_REF="10" QID="19">p</Q>
			<q BOX="690 566 733 591" STYLE_REF="10" QID="19">laces</q>
			<QW QID="19">places</QW>
			<W BOX="693 547 733 572" STYLE_REF="10" NS="y">that</W>
			<W BOX="730 547 736 573" STYLE_REF="10">,</W>
			<W BOX="741 566 759 591" STYLE_REF="10">at</W>
			<W BOX="746 547 760 572" STYLE_REF="10">if</W>
			<L BOX="263 570 395 596"/>
			<W BOX="263 571 275 596" STYLE_REF="10">y</W>
			<W BOX="391 570 395 596" STYLE_REF="10">,</W>
		</Primitive>
		<Primitive BOX="23 579 811 649" ID="Ar0680010" SEQ_NO="10" TOC_ENTRY_ID="90" DEPTH_LEVEL="1">
			<L BOX="49 573 761 656"/>
			<W BOX="49 631 68 656" STYLE_REF="10">to</W>
			<W BOX="50 593 90 618" STYLE_REF="10">once</W>
			<W BOX="72 611 87 637" STYLE_REF="10">E</W>
			<W BOX="74 629 128 655" STYLE_REF="10">whose</W>
			<W BOX="87 611 118 637" STYLE_REF="10">ach</W>
			<W BOX="90 594 95 619" STYLE_REF="10">,</W>
			<W BOX="100 592 115 617" STYLE_REF="10">it</W>
			<W BOX="110 573 122 598" STYLE_REF="10">y</W>
			<W BOX="122 592 177 617" STYLE_REF="10">would</W>
			<W BOX="125 611 163 636" STYLE_REF="10">lady</W>
			<W BOX="158 628 212 653" STYLE_REF="10">iritual</W>
			<W BOX="170 610 193 635" STYLE_REF="10">mi</W>
			<W BOX="182 590 253 616" STYLE_REF="10">produce</W>
			<Q BOX="194 610 205 635" STYLE_REF="10" QID="20">g</Q>
			<q BOX="204 609 224 634" STYLE_REF="10" QID="20">ht</q>
			<QW QID="20">ght</QW>
			<W BOX="222 627 257 653" STYLE_REF="10">care</W>
			<W BOX="235 609 254 634" STYLE_REF="10">be</W>
			<W BOX="259 590 289 615" STYLE_REF="10">the</W>
			<W BOX="263 609 281 634" STYLE_REF="10">in</W>
			<W BOX="267 627 299 653" STYLE_REF="10">and</W>
			<W BOX="290 608 425 633" STYLE_REF="10">communication</W>
			<W BOX="293 589 337 614" STYLE_REF="10">most</W>
			<W BOX="307 626 421 651" STYLE_REF="10">watchfulness</W>
			<W BOX="343 589 423 614" STYLE_REF="10">beneficial</W>
			<W BOX="429 626 459 651" STYLE_REF="10">she</W>
			<W BOX="432 607 473 632" STYLE_REF="10">with</W>
			<W BOX="434 588 493 613" STYLE_REF="10">results</W>
			<W BOX="467 625 515 650" STYLE_REF="10">could</W>
			<W BOX="481 606 526 631" STYLE_REF="10">some</W>
			<W BOX="493 588 499 613" STYLE_REF="10">.</W>
			<W BOX="524 623 609 648" STYLE_REF="10">commend</W>
			<W BOX="532 605 624 630" STYLE_REF="10">clergyman</W>
			<W BOX="617 623 647 648" STYLE_REF="10">her</W>
			<W BOX="626 605 631 630" STYLE_REF="10">,</W>
			<W BOX="638 603 648 628" STYLE_REF="10">a</W>
			<W BOX="654 622 690 647" STYLE_REF="10">own</W>
			<W BOX="655 603 691 628" STYLE_REF="10">true</W>
			<W BOX="697 622 732 647" STYLE_REF="10">pup</W>
			<W BOX="698 603 753 628" STYLE_REF="10">pastor</W>
			<W BOX="732 621 754 647" STYLE_REF="10">ils</W>
			<W BOX="754 604 761 629" STYLE_REF="10">,</W>
			<W BOX="754 621 761 647" STYLE_REF="10">.</W>
			<L BOX="139 629 159 655"/>
			<W BOX="139 629 159 655" STYLE_REF="10">sp</W>
		</Primitive>
		<Primitive BOX="23 637 811 709" ID="Ar0680011" SEQ_NO="11" TOC_ENTRY_ID="90" DEPTH_LEVEL="1">
			<L BOX="49 640 759 710"/>
			<W BOX="49 667 177 692" STYLE_REF="10">understanding</W>
			<W BOX="50 649 85 674" STYLE_REF="10">The</W>
			<W BOX="92 648 131 673" STYLE_REF="10">tone</W>
			<W BOX="127 685 172 710" STYLE_REF="10">effect</W>
			<W BOX="137 648 152 673" STYLE_REF="10">of</W>
			<W BOX="160 647 206 672" STYLE_REF="10">mind</W>
			<W BOX="181 684 234 709" STYLE_REF="10">would</W>
			<W BOX="188 666 203 691" STYLE_REF="10">of</W>
			<W BOX="214 646 268 671" STYLE_REF="10">would</W>
			<W BOX="215 666 254 691" STYLE_REF="10">God</W>
			<W BOX="245 684 266 709" STYLE_REF="10">be</W>
			<W BOX="254 666 258 691" STYLE_REF="10" NS="y">'</W>
			<W BOX="258 664 266 690" STYLE_REF="10">s</W>
			<W BOX="274 683 354 708" STYLE_REF="10">produced</W>
			<W BOX="274 646 294 671" STYLE_REF="10">be</W>
			<W BOX="276 664 305 690" STYLE_REF="10">hol</W>
			<W BOX="302 645 375 670" STYLE_REF="10">graduall</W>
			<W BOX="304 665 317 690" STYLE_REF="10">y</W>
			<W BOX="324 664 368 689" STYLE_REF="10">word</W>
			<W BOX="361 682 373 707" STYLE_REF="10">b</W>
			<W BOX="376 645 387 670" STYLE_REF="10">y</W>
			<W BOX="379 664 410 689" STYLE_REF="10">and</W>
			<W BOX="391 681 464 706" STYLE_REF="10">constant</W>
			<W BOX="397 644 477 669" STYLE_REF="10">improved</W>
			<W BOX="422 662 522 688" STYLE_REF="10">sacraments</W>
			<W BOX="474 681 500 706" STYLE_REF="10">car</W>
			<W BOX="480 644 485 669" STYLE_REF="10">,</W>
			<W BOX="493 643 523 668" STYLE_REF="10">the</W>
			<W BOX="501 681 510 706" STYLE_REF="10">e</W>
			<W BOX="520 679 601 704" STYLE_REF="10">bestowed</W>
			<W BOX="521 662 526 687" STYLE_REF="10">,</W>
			<W BOX="528 642 575 667" STYLE_REF="10">heart</W>
			<W BOX="534 661 567 686" STYLE_REF="10">and</W>
			<W BOX="576 660 623 685" STYLE_REF="10">more</W>
			<W BOX="582 641 648 666" STYLE_REF="10">prepare</W>
			<W BOX="611 679 632 704" STYLE_REF="10">on</W>
			<W BOX="631 659 717 684" STYLE_REF="10">beneficial</W>
			<W BOX="644 678 684 703" STYLE_REF="10">smal</W>
			<W BOX="648 640 659 665" STYLE_REF="10">d</W>
			<W BOX="666 640 689 665" STYLE_REF="10">for</W>
			<W BOX="685 678 691 703" STYLE_REF="10">l</W>
			<W BOX="698 640 759 665" STYLE_REF="10" M="1 * ">_devout</W>
			<W BOX="698 678 758 703" STYLE_REF="10">groups</W>
			<W BOX="726 659 759 684" STYLE_REF="10">and</W>
		</Primitive>
		<Primitive BOX="23 698 811 767" ID="Ar0680012" SEQ_NO="12" TOC_ENTRY_ID="90" DEPTH_LEVEL="1">
			<L BOX="48 682 761 730"/>
			<W BOX="48 705 89 730" STYLE_REF="10">than</W>
			<W BOX="49 686 117 711" STYLE_REF="10">refining</W>
			<W BOX="96 704 144 729" STYLE_REF="10">could</W>
			<W BOX="151 703 171 729" STYLE_REF="10">be</W>
			<W BOX="178 703 235 728" STYLE_REF="10">looked</W>
			<W BOX="243 702 266 727" STYLE_REF="10">for</W>
			<W BOX="274 702 292 727" STYLE_REF="10">in</W>
			<W BOX="299 702 351 727" STYLE_REF="10">larger</W>
			<W BOX="362 701 395 726" STYLE_REF="10">and</W>
			<W BOX="373 682 384 708" STYLE_REF="10">y</W>
			<W BOX="405 701 449 726" STYLE_REF="10">more</W>
			<W BOX="459 699 517 724" STYLE_REF="10">public</W>
			<W BOX="525 698 607 723" STYLE_REF="10" NS="y">meetings</W>
			<W BOX="605 699 610 724" STYLE_REF="10">,</W>
			<W BOX="617 697 658 722" STYLE_REF="10">even</W>
			<W BOX="666 697 709 722" STYLE_REF="10">with</W>
			<W BOX="714 696 761 721" STYLE_REF="10">more</W>
			<L BOX="49 719 758 767"/>
			<W BOX="49 723 128 748" STYLE_REF="10">elaborate</W>
			<W BOX="71 742 105 767" STYLE_REF="10">The</W>
			<W BOX="113 742 156 767" STYLE_REF="10">same</W>
			<W BOX="136 722 197 747" STYLE_REF="10">system</W>
			<W BOX="164 741 226 766" STYLE_REF="10">system</W>
			<W BOX="204 721 236 746" STYLE_REF="10">and</W>
			<W BOX="233 740 256 765" STYLE_REF="10">for</W>
			<W BOX="243 721 287 746" STYLE_REF="10">more</W>
			<W BOX="264 740 301 765" STYLE_REF="10">men</W>
			<W BOX="294 720 358 745" STYLE_REF="10">regular</W>
			<W BOX="310 738 342 763" STYLE_REF="10">and</W>
			<W BOX="349 738 390 763" STYLE_REF="10">boys</W>
			<W BOX="366 719 429 745" STYLE_REF="10">routine</W>
			<W BOX="397 738 452 763" STYLE_REF="10">would</W>
			<W BOX="429 719 435 745" STYLE_REF="10">.</W>
			<W BOX="458 737 491 762" STYLE_REF="10">also</W>
			<W BOX="498 736 544 761" STYLE_REF="10">work</W>
			<W BOX="550 736 591 761" STYLE_REF="10">very</W>
			<Q BOX="598 734 685 759" STYLE_REF="10" QID="21">beneficiall</Q>
			<q BOX="686 734 698 759" STYLE_REF="10" QID="21">y</q>
			<QW QID="21">beneficially</QW>
			<W BOX="706 734 758 759" STYLE_REF="10">under</W>
		</Primitive>
		<Primitive BOX="23 759 811 841" ID="Ar0680013" SEQ_NO="13" TOC_ENTRY_ID="90" DEPTH_LEVEL="1">
			<L BOX="49 759 758 804"/>
			<W BOX="49 761 78 786" STYLE_REF="10">the</W>
			<W BOX="71 779 105 804" STYLE_REF="10">The</W>
			<W BOX="84 761 120 786" STYLE_REF="10">care</W>
			<W BOX="113 779 165 804" STYLE_REF="10">rooms</W>
			<W BOX="127 760 143 785" STYLE_REF="10">of</W>
			<W BOX="150 759 241 784" STYLE_REF="10">gentlemen</W>
			<W BOX="172 778 230 803" STYLE_REF="10">should</W>
			<W BOX="238 777 255 802" STYLE_REF="10">in</W>
			<W BOX="243 759 252 784" STYLE_REF="10">.</W>
			<W BOX="262 777 312 802" STYLE_REF="10">every</W>
			<W BOX="317 776 352 801" STYLE_REF="10">case</W>
			<W BOX="359 776 379 801" STYLE_REF="10">be</W>
			<W BOX="386 775 404 800" STYLE_REF="10">in</W>
			<W BOX="411 775 507 800" STYLE_REF="10">respectable</W>
			<W BOX="516 774 571 799" STYLE_REF="10" NS="y">streets</W>
			<W BOX="573 774 578 799" STYLE_REF="10">,</W>
			<W BOX="586 772 618 797" STYLE_REF="10">and</W>
			<W BOX="625 772 643 797" STYLE_REF="10">in</W>
			<Q BOX="648 771 685 796" STYLE_REF="10" QID="22">well</Q>
			<Q BOX="685 771 692 796" STYLE_REF="10" LH="y" QID="22">-</Q>
			<q BOX="692 771 758 796" STYLE_REF="10" QID="22">ordered</q>
			<QW QID="22">well-ordered</QW>
			<L BOX="49 798 760 842"/>
			<W BOX="49 798 109 823" STYLE_REF="10">houses</W>
			<W BOX="70 817 91 842" STYLE_REF="10">In</W>
			<W BOX="102 815 146 841" STYLE_REF="10">order</W>
			<W BOX="109 798 115 823" STYLE_REF="10">.</W>
			<W BOX="158 815 176 841" STYLE_REF="10">to</W>
			<W BOX="186 815 210 840" STYLE_REF="10">lift</W>
			<W BOX="222 814 246 839" STYLE_REF="10">up</W>
			<W BOX="256 814 285 839" STYLE_REF="10">the</W>
			<W BOX="295 813 359 838" STYLE_REF="10">human</W>
			<W BOX="367 813 414 838" STYLE_REF="10" NS="y">mind</W>
			<W BOX="414 813 419 838" STYLE_REF="10">,</W>
			<W BOX="426 812 439 837" STYLE_REF="10">it</W>
			<W BOX="447 812 504 837" STYLE_REF="10">should</W>
			<W BOX="511 810 532 835" STYLE_REF="10">be</W>
			<W BOX="538 810 636 835" STYLE_REF="10">understood</W>
			<W BOX="647 808 684 833" STYLE_REF="10">that</W>
			<W BOX="690 808 760 833" STYLE_REF="10">wisdom</W>
			<L BOX="350 829 601 856"/>
			<W BOX="350 831 396 856" STYLE_REF="10">voice</W>
			<W BOX="402 831 421 856" STYLE_REF="10">be</W>
			<W BOX="428 830 476 856" STYLE_REF="10">heard</W>
			<W BOX="483 830 501 855" STYLE_REF="10">in</W>
			<W BOX="509 830 537 855" STYLE_REF="10">the</W>
			<W BOX="552 829 601 854" STYLE_REF="10">treets</W>
		</Primitive>
		<Primitive BOX="23 829 811 917" ID="Ar0680014" SEQ_NO="14" TOC_ENTRY_ID="90" DEPTH_LEVEL="1">
			<L BOX="48 829 758 907"/>
			<W BOX="48 835 125 860" STYLE_REF="10">descends</W>
			<W BOX="49 873 138 898" STYLE_REF="10">sympathy</W>
			<W BOX="71 854 105 879" STYLE_REF="10">Aid</W>
			<W BOX="117 853 136 878" STYLE_REF="10">in</W>
			<W BOX="133 834 172 860" STYLE_REF="10">from</W>
			<W BOX="146 871 178 897" STYLE_REF="10">and</W>
			<W BOX="148 853 193 878" STYLE_REF="10">carry</W>
			<W BOX="180 833 232 858" STYLE_REF="10">above</W>
			<W BOX="187 870 208 895" STYLE_REF="10">co</W>
			<W BOX="194 852 222 877" STYLE_REF="10">ing</W>
			<Q BOX="208 870 215 895" STYLE_REF="10" LH="y" QID="23">-</Q>
			<q BOX="215 870 297 895" STYLE_REF="10" QID="23">operation</q>
			<QW QID="23">-operation</QW>
			<W BOX="232 834 238 859" STYLE_REF="10">,</W>
			<W BOX="233 852 262 877" STYLE_REF="10">out</W>
			<W BOX="245 833 296 858" STYLE_REF="10">thoug</W>
			<W BOX="276 851 311 876" STYLE_REF="10">this</W>
			<W BOX="295 832 307 857" STYLE_REF="10">h</W>
			<W BOX="303 870 308 895" STYLE_REF="10">;</W>
			<W BOX="314 832 343 857" STYLE_REF="10">her</W>
			<W BOX="318 870 342 895" STYLE_REF="10">by</W>
			<Q BOX="322 851 334 876" STYLE_REF="10" QID="24">p</Q>
			<q BOX="333 850 361 875" STYLE_REF="10" QID="24">lan</q>
			<QW QID="24">plan</QW>
			<W BOX="352 869 438 894" STYLE_REF="10">donations</W>
			<W BOX="375 850 414 875" STYLE_REF="10">may</W>
			<W BOX="425 850 445 875" STYLE_REF="10">be</W>
			<W BOX="447 868 465 893" STYLE_REF="10">of</W>
			<W BOX="457 848 533 874" STYLE_REF="10">rendered</W>
			<W BOX="474 867 537 892" STYLE_REF="10" NS="y">money</W>
			<W BOX="540 867 545 892" STYLE_REF="10">;</W>
			<W BOX="544 830 553 855" STYLE_REF="10">s</W>
			<W BOX="545 847 563 872" STYLE_REF="10">in</W>
			<Q BOX="555 866 568 891" STYLE_REF="10" QID="25">b</Q>
			<q BOX="567 867 579 892" STYLE_REF="10" QID="25">y</q>
			<QW QID="25">by</QW>
			<W BOX="576 846 631 872" STYLE_REF="10">variou</W>
			<Q BOX="586 867 598 892" STYLE_REF="10" QID="26">g</Q>
			<q BOX="597 865 615 890" STYLE_REF="10" QID="26">ift</q>
			<QW QID="26">gift</QW>
			<W BOX="601 829 608 854" STYLE_REF="10">.</W>
			<W BOX="617 865 626 890" STYLE_REF="10">s</W>
			<W BOX="633 846 641 871" STYLE_REF="10">s</W>
			<W BOX="636 865 652 890" STYLE_REF="10">of</W>
			<W BOX="653 846 700 871" STYLE_REF="10">ways</W>
			<W BOX="664 864 699 889" STYLE_REF="10">new</W>
			<W BOX="700 846 704 871" STYLE_REF="10">.</W>
			<W BOX="707 864 724 889" STYLE_REF="10">or</W>
			<W BOX="715 882 732 907" STYLE_REF="10">or</W>
			<W BOX="731 864 758 889" STYLE_REF="10">old</W>
			<W BOX="731 844 746 870" STYLE_REF="10">B</W>
			<W BOX="739 882 758 907" STYLE_REF="10">in</W>
			<W BOX="745 845 757 870" STYLE_REF="10">y</W>
			<L BOX="48 883 707 917"/>
			<Q BOX="48 891 63 917" STYLE_REF="10" QID="27">cl</Q>
			<Q BOX="63 891 73 917" STYLE_REF="10" QID="27">o</Q>
			<q BOX="73 891 121 916" STYLE_REF="10" QID="27">thing</q>
			<QW QID="27">clothing</QW>
			<Q BOX="143 891 159 916" STYLE_REF="10" QID="28">or</Q>
			<q BOX="175 890 198 915" STYLE_REF="10" QID="28">by</q>
			<QW QID="28">orby</QW>
			<W BOX="207 889 295 914" STYLE_REF="10">bestowing</W>
			<W BOX="306 888 347 913" STYLE_REF="10">time</W>
			<Q BOX="357 888 385 913" STYLE_REF="13" QID="29">onl</Q>
			<q BOX="383 887 393 912" STYLE_REF="13" QID="29">y</q>
			<QW QID="29">only</QW>
			<W BOX="405 887 425 912" STYLE_REF="10">on</W>
			<W BOX="436 887 466 912" STYLE_REF="10">the</W>
			<W BOX="475 885 572 911" STYLE_REF="10">instruction</W>
			<W BOX="583 885 600 910" STYLE_REF="10">at</W>
			<W BOX="610 884 640 909" STYLE_REF="10">the</W>
			<W BOX="650 883 703 909" STYLE_REF="10" NS="y">rooms</W>
			<W BOX="702 884 707 909" STYLE_REF="10">,</W>
		</Primitive>
		<Primitive BOX="23 908 811 991" ID="Ar0680015" SEQ_NO="15" TOC_ENTRY_ID="90" DEPTH_LEVEL="1">
			<L BOX="47 891 759 954"/>
			<W BOX="47 910 118 935" STYLE_REF="10">visiting</W>
			<W BOX="70 929 123 954" STYLE_REF="10">Those</W>
			<W BOX="122 909 139 934" STYLE_REF="10">at</W>
			<W BOX="127 891 131 916" STYLE_REF="10">;</W>
			<W BOX="134 927 171 952" STYLE_REF="10">who</W>
			<W BOX="145 909 174 934" STYLE_REF="10">the</W>
			<W BOX="160 891 165 916" STYLE_REF="10">,</W>
			<W BOX="180 908 237 933" STYLE_REF="10">homes</W>
			<W BOX="227 926 256 951" STYLE_REF="10">feel</W>
			<W BOX="237 908 243 933" STYLE_REF="10">.</W>
			<W BOX="268 926 278 951" STYLE_REF="10">a</W>
			<W BOX="287 926 328 951" STYLE_REF="10">kind</W>
			<Q BOX="338 925 405 950" STYLE_REF="10" QID="30">interest</Q>
			<q BOX="421 924 486 949" STYLE_REF="10" QID="30">leading</q>
			<QW QID="30">interestleading</QW>
			<W BOX="497 924 515 949" STYLE_REF="10">to</W>
			<W BOX="527 922 588 947" STYLE_REF="10">further</W>
			<W BOX="601 921 667 946" STYLE_REF="10">inquiry</W>
			<W BOX="678 920 715 945" STYLE_REF="10">into</W>
			<W BOX="725 920 759 945" STYLE_REF="10">this</W>
			<L BOX="48 926 760 991"/>
			<W BOX="48 948 113 973" STYLE_REF="10">scheme</W>
			<W BOX="49 966 84 991" STYLE_REF="10">will</W>
			<W BOX="90 966 111 991" STYLE_REF="10">be</W>
			<W BOX="112 949 116 974" STYLE_REF="10">,</W>
			<W BOX="117 965 173 990" STYLE_REF="10">happy</W>
			<W BOX="124 946 151 971" STYLE_REF="10">are</W>
			<W BOX="163 945 226 970" STYLE_REF="10">invited</W>
			<W BOX="180 927 220 952" STYLE_REF="10">may</W>
			<W BOX="181 965 198 990" STYLE_REF="10">to</W>
			<W BOX="208 964 250 989" STYLE_REF="10">meet</W>
			<W BOX="236 945 254 970" STYLE_REF="10">to</W>
			<W BOX="262 944 339 970" STYLE_REF="10">commun</W>
			<W BOX="298 963 349 988" STYLE_REF="10">ladies</W>
			<W BOX="341 944 383 969" STYLE_REF="10">icate</W>
			<W BOX="358 963 381 988" STYLE_REF="10">by</W>
			<W BOX="390 944 399 969" STYLE_REF="13">b</W>
			<W BOX="391 962 422 987" STYLE_REF="10">app</W>
			<W BOX="398 944 409 969" STYLE_REF="13">y</W>
			<W BOX="407 926 412 951" STYLE_REF="10">,</W>
			<W BOX="416 943 461 968" STYLE_REF="13">letter</W>
			<W BOX="422 962 473 987" STYLE_REF="10">ointm</W>
			<W BOX="469 942 512 967" STYLE_REF="10">with</W>
			<Q BOX="474 961 502 986" STYLE_REF="10" QID="31">ent</Q>
			<q BOX="516 960 533 985" STYLE_REF="10" QID="31">at</q>
			<QW QID="31">entat</QW>
			<W BOX="518 942 546 967" STYLE_REF="10">the</W>
			<W BOX="541 959 571 985" STYLE_REF="10">the</W>
			<W BOX="557 942 573 967" STYLE_REF="10" NS="y">"</W>
			<W BOX="573 940 619 965" STYLE_REF="10">Lady</W>
			<W BOX="577 959 634 984" STYLE_REF="10">School</W>
			<W BOX="626 939 697 964" STYLE_REF="10">Teacher</W>
			<Q BOX="634 959 641 984" STYLE_REF="10" LH="y" QID="32">-</Q>
			<q BOX="641 959 687 984" STYLE_REF="10" NS="y" QID="32">room</q>
			<QW QID="32">-room</QW>
			<W BOX="687 958 692 983" STYLE_REF="10">,</W>
			<W BOX="698 939 705 964" STYLE_REF="10">,</W>
			<W BOX="700 957 707 982" STYLE_REF="10">3</W>
			<W BOX="704 939 713 964" STYLE_REF="10">"</W>
			<W BOX="707 957 730 982" STYLE_REF="10" M="2 * ">_STo</W>
			<W BOX="720 938 759 963" STYLE_REF="10">who</W>
			<W BOX="730 957 734 982" STYLE_REF="10">.</W>
			<W BOX="741 957 753 982" STYLE_REF="10" NS="y">7</W>
			<W BOX="753 958 760 983" STYLE_REF="10">,</W>
		</Primitive>
		<Primitive BOX="23 981 811 1040" ID="Ar0680016" SEQ_NO="16" TOC_ENTRY_ID="90" DEPTH_LEVEL="1">
			<L BOX="258 962 508 989"/>
			<W BOX="258 964 291 989" STYLE_REF="10">any</W>
			<W BOX="503 962 508 987" STYLE_REF="10">,</W>
			<L BOX="48 981 402 1009"/>
			<W BOX="48 984 120 1009" STYLE_REF="10">Victoria</W>
			<W BOX="129 983 181 1008" STYLE_REF="10" NS="y">Street</W>
			<W BOX="182 983 187 1009" STYLE_REF="10">,</W>
			<W BOX="195 982 296 1007" STYLE_REF="10">Paddington</W>
			<Q BOX="306 982 321 1007" STYLE_REF="10" QID="33">G</Q>
			<q BOX="322 982 360 1007" STYLE_REF="10" NS="y" QID="33">reen</q>
			<QW QID="33">Green</QW>
			<W BOX="359 983 364 1008" STYLE_REF="10">,</W>
			<W BOX="372 981 395 1006" STYLE_REF="10" NS="y">W</W>
			<W BOX="395 981 402 1006" STYLE_REF="10">.</W>
			<L BOX="68 1013 250 1040" P="S"/>
			<W BOX="68 1015 148 1040" STYLE_REF="13">December</W>
			<W BOX="155 1014 175 1039" STYLE_REF="13" NS="y">16</W>
			<W BOX="174 1014 190 1039" STYLE_REF="13" NS="y">th</W>
			<W BOX="191 1014 197 1039" STYLE_REF="13">,</W>
			<W BOX="201 1013 241 1038" STYLE_REF="10" NS="y">1857</W>
			<W BOX="242 1013 250 1038" STYLE_REF="10">.</W>
		</Primitive>
		<Primitive BOX="23 1040 811 1215" ID="Ar0680017" SEQ_NO="17" TOC_ENTRY_ID="90" DEPTH_LEVEL="1">
			<L BOX="48 1052 757 1102"/>
			<Q BOX="48 1077 57 1102" STYLE_REF="10" QID="34">s</Q>
			<q BOX="55 1076 73 1101" STYLE_REF="10" QID="34">he</q>
			<QW QID="34">she</QW>
			<W BOX="68 1058 97 1083" STYLE_REF="10">The</W>
			<W BOX="79 1075 111 1100" STYLE_REF="10">does</W>
			<W BOX="104 1058 163 1083" STYLE_REF="10">Teacher</W>
			<W BOX="117 1075 142 1100" STYLE_REF="10">not</W>
			<W BOX="149 1074 196 1099" STYLE_REF="10">attend</W>
			<W BOX="170 1057 196 1082" STYLE_REF="10">has</W>
			<W BOX="201 1056 247 1081" STYLE_REF="10">thoug</W>
			<W BOX="204 1074 229 1099" STYLE_REF="10">the</W>
			<W BOX="236 1073 280 1098" STYLE_REF="10">Room</W>
			<Q BOX="245 1055 256 1081" STYLE_REF="10" QID="35">h</Q>
			<q BOX="255 1055 263 1081" STYLE_REF="10" QID="35">t</q>
			<QW QID="35">ht</QW>
			<W BOX="269 1055 281 1081" STYLE_REF="10">it</W>
			<W BOX="286 1073 303 1098" STYLE_REF="10">on</W>
			<W BOX="287 1055 333 1080" STYLE_REF="10">better</W>
			<W BOX="311 1072 339 1097" STYLE_REF="10">wet</W>
			<W BOX="340 1054 361 1079" STYLE_REF="10">for</W>
			<W BOX="345 1072 410 1097" STYLE_REF="10">evenings</W>
			<W BOX="367 1054 428 1079" STYLE_REF="10">children</W>
			<W BOX="411 1072 417 1097" STYLE_REF="10">.</W>
			<W BOX="433 1054 448 1079" STYLE_REF="10">so</W>
			<Q BOX="455 1053 505 1079" STYLE_REF="10" QID="36">scantil</Q>
			<q BOX="503 1054 513 1079" STYLE_REF="10" QID="36">y</q>
			<QW QID="36">scantily</QW>
			<Q BOX="520 1056 541 1078" STYLE_REF="12" QID="37">clo</Q>
			<Q BOX="541 1053 547 1078" STYLE_REF="10" QID="37">t</Q>
			<q BOX="547 1055 574 1077" STYLE_REF="12" NS="y" QID="37">hed</q>
			<QW QID="37">clothed</QW>
			<W BOX="576 1053 581 1078" STYLE_REF="10">,</W>
			<W BOX="584 1053 600 1078" STYLE_REF="10">to</W>
			<Q BOX="605 1053 619 1078" STYLE_REF="10" QID="38">le</Q>
			<q BOX="618 1053 625 1078" STYLE_REF="10" QID="38">t</q>
			<QW QID="38">let</QW>
			<W BOX="631 1053 644 1078" STYLE_REF="10">it</W>
			<W BOX="650 1053 667 1078" STYLE_REF="10">be</W>
			<W BOX="674 1052 757 1077" STYLE_REF="10">understood</W>
		</Primitive>
	</Content>
	<TOC_Entries><TOC_Entry TOC_ENTRY_ID="150" TITLE="Madam, I think the following suggestion ..." ENTITY_ID_REF="Ar06800" PAGE_NO="68" PAGE_LABEL="140" PRIM_ID_REF="Ar0680000" IS_IC="true"/></TOC_Entries></XMD-entity>
