<?xml version="1.0" encoding="windows-1252" standalone="no"?>
<XMD-entity REPOSITORY_FORMAT="1.0" PRXML_VER="2.0" ENTITY_TYPE="Article" DOC_UID="EWJ_01/04/1858" DOC_VER="1" FIRST_TOC_ENTRY_ID="91" DEPTH_LEVEL="1" INDEX_IN_DOC="151" PAGE_NO="68" ID="Ar06801" BOX="24 12 811 93" LANGUAGE="English" SNP="Ar06801S.png" SNP_WIDTH="788" SNP_HEIGHT="81" LOGICAL_NAME="true">
	<Meta NAME="140 OPEN COUNCIL." DESCRIPTION="" SUBTYPE="" BASE_HREF="EWJ/1858/04/01" SOURCE_TYPE="TIFF" PUBLICATION="EWJ" SECTION="None" ISSUE_DATE="01/04/1858" WORDCNT="4" RELEASE_NO="041-EWJ-1858-04-01-001-SINGLE" PAGE_ID="" PAGE_TYPE="Single" PAGE_WIDTH="823" PAGE_HEIGHT="1239" DEFAULT_IMG_EXT="png" PDF_DESTINATION_MAPPED="OLV0_Entity_0068_0002" IMAGES_RESOLUTION="86" XMD_VER="2.6.238.8" PAGE_LABEL="140"/>
	<Link SOURCE="041-EWJ-1858-04-01-001-SINGLE.PDF" FIRST_ID="Ar00200" LAST_ID="Ar07201" NEXT_ID="" PREV_ID="Ar06800" TOC_ID="d:/Olive/Repository/EWJ/1858/04/01/TOC.xml"/>
	<DataFiles>
		<Files TYPE="DOC_PDF" PRESENT="1"/>
		<Files TYPE="PAGE_PDF" PRESENT="0"/>
		<Files TYPE="DOC_IMG" PRESENT="0"/>
		<Files TYPE="PAGE_IMG" PRESENT="0"/>
		<Files TYPE="PAGE_VIEW_IMG" PRESENT="1"/>
		<Files TYPE="PAGE_PREVIEW_IMG" PRESENT="1"/>
		<Files TYPE="PRIMITIVE_IMG" PRESENT="1"/>
		<Files TYPE="SNIPPET_IMG" PRESENT="1"/>
	</DataFiles>
	<Content>
		<Primitive BOX="24 12 811 93" ID="Ar0680100" SEQ_NO="0" TOC_ENTRY_ID="91" DEPTH_LEVEL="1">
			<L BOX="53 61 488 90"/>
			<W BOX="53 65 87 90" STYLE_REF="10">140</W>
			<Q BOX="324 63 364 88" STYLE_REF="10" QID="1">OPE</Q>
			<q BOX="365 63 379 88" STYLE_REF="10" QID="1">N</q>
			<QW QID="1">OPEN</QW>
			<W BOX="393 61 483 86" STYLE_REF="10" NS="y">COUNCIL</W>
			<W BOX="483 61 488 86" STYLE_REF="10">.</W>
		</Primitive>
	</Content>
	<TOC_Entries><TOC_Entry TOC_ENTRY_ID="151" TITLE="140 OPEN COUNCIL." ENTITY_ID_REF="Ar06801" PAGE_NO="68" PAGE_LABEL="140" PRIM_ID_REF="Ar0680100" IS_IC="true"/></TOC_Entries></XMD-entity>
