<?xml version="1.0" encoding="windows-1252" standalone="no"?>
<XMD-entity REPOSITORY_FORMAT="1.0" PRXML_VER="2.0" ENTITY_TYPE="Article" FIRST_TOC_ENTRY_ID="13" DEPTH_LEVEL="1" INDEX_IN_DOC="35" PAGE_NO="24" ID="Ar02400" BOX="24 90 811 1214" LANGUAGE="English" CONTINUATION_TO="Ar02500" CONTINUATION_FROM="Ar02300" LOGICAL_NAME="true">
	<Meta NAME="To the Editors of the English Woman's Jo..." DESCRIPTION="" SUBTYPE="" BASE_HREF="EWJ/1858/04/01" SOURCE_TYPE="TIFF" PUBLICATION="EWJ" SECTION="None" ISSUE_DATE="01/04/1858" WORDCNT="620" RELEASE_NO="041-EWJ-1858-04-01-001-SINGLE" PAGE_ID="" PAGE_TYPE="Single" PAGE_WIDTH="823" PAGE_HEIGHT="1239" DEFAULT_IMG_EXT="png" PDF_DESTINATION_MAPPED="OLV0_Entity_0024_0001" IMAGES_RESOLUTION="86" XMD_VER="2.6.238.8" PAGE_LABEL="96"/>
	<Link SOURCE="041-EWJ-1858-04-01-001-SINGLE.PDF" FIRST_ID="Ar00200" LAST_ID="Ar07201" NEXT_ID="Ar02401" PREV_ID="" TOC_ID="d:/Olive/Repository/EWJ/1858/04/01/TOC.xml"/>
	<DataFiles>
		<Files TYPE="DOC_PDF" PRESENT="1"/>
		<Files TYPE="PAGE_PDF" PRESENT="0"/>
		<Files TYPE="DOC_IMG" PRESENT="0"/>
		<Files TYPE="PAGE_IMG" PRESENT="0"/>
		<Files TYPE="PAGE_VIEW_IMG" PRESENT="1"/>
		<Files TYPE="PAGE_PREVIEW_IMG" PRESENT="1"/>
		<Files TYPE="PRIMITIVE_IMG" PRESENT="1"/>
		<Files TYPE="SNIPPET_IMG" PRESENT="1"/>
	</DataFiles>
	<Content>
		<Primitive BOX="24 90 811 149" ID="Ar0240000" SEQ_NO="0" TOC_ENTRY_ID="13" DEPTH_LEVEL="1">
			<L BOX="44 91 744 148"/>
			<W BOX="44 98 105 125" STYLE_REF="1">while</W>
			<W BOX="100 121 135 148" STYLE_REF="1">has</W>
			<W BOX="109 98 216 125" STYLE_REF="1">possessing</W>
			<W BOX="148 121 195 148" STYLE_REF="1">been</W>
			<W BOX="212 120 293 147" STYLE_REF="1">regularl</W>
			<W BOX="224 98 235 125" STYLE_REF="1">a</W>
			<Q BOX="243 97 307 124" STYLE_REF="1" QID="1">densel</Q>
			<q BOX="306 98 319 124" STYLE_REF="1" QID="1">y</q>
			<QW QID="1">densely</QW>
			<W BOX="319 119 389 146" STYLE_REF="1">opened</W>
			<W BOX="327 96 412 122" STYLE_REF="1">crowded</W>
			<W BOX="406 118 477 144" STYLE_REF="1">throug</W>
			<W BOX="420 95 466 121" STYLE_REF="1">poor</W>
			<W BOX="473 94 580 120" STYLE_REF="1">population</W>
			<W BOX="475 117 489 144" STYLE_REF="1">h</W>
			<W BOX="503 117 536 144" STYLE_REF="1">the</W>
			<W BOX="550 117 596 143" STYLE_REF="1">year</W>
			<W BOX="580 94 585 120" STYLE_REF="1">.</W>
			<W BOX="612 92 651 118" STYLE_REF="1">The</W>
			<W BOX="617 114 641 141" STYLE_REF="1">on</W>
			<W BOX="656 114 736 140" STYLE_REF="1">Monday</W>
			<Q BOX="663 91 711 118" STYLE_REF="1" QID="2">Disp</Q>
			<Q BOX="710 91 734 118" STYLE_REF="1" QID="2">en</Q>
			<q BOX="734 91 744 118" STYLE_REF="1" LH="y" QID="2">-</q>
			<QW QID="2">Dispen-</QW>
			<W BOX="736 114 743 140" STYLE_REF="1">,</W>
		</Primitive>
		<Primitive BOX="24 137 811 194" ID="Ar0240001" SEQ_NO="1" TOC_ENTRY_ID="13" DEPTH_LEVEL="1">
			<L BOX="44 116 743 194"/>
			<W BOX="44 168 117 194" STYLE_REF="1">women</W>
			<W BOX="44 145 161 172" STYLE_REF="1">Wednesday</W>
			<W BOX="44 122 85 149" STYLE_REF="1">sary</W>
			<W BOX="124 168 171 194" STYLE_REF="1">have</W>
			<W BOX="161 145 166 172" STYLE_REF="1">,</W>
			<W BOX="179 167 263 193" STYLE_REF="1">received</W>
			<W BOX="181 144 217 171" STYLE_REF="1">and</W>
			<W BOX="233 143 301 170" STYLE_REF="1">Friday</W>
			<W BOX="270 165 349 192" STYLE_REF="1">medical</W>
			<W BOX="293 121 306 148" STYLE_REF="1">y</W>
			<W BOX="315 141 417 168" STYLE_REF="1">afternoons</W>
			<W BOX="356 164 387 191" STYLE_REF="1" NS="y">aid</W>
			<W BOX="387 164 394 191" STYLE_REF="1">.</W>
			<W BOX="415 164 447 191" STYLE_REF="1">All</W>
			<W BOX="420 141 426 168" STYLE_REF="1">,</W>
			<W BOX="434 141 453 167" STYLE_REF="1">at</W>
			<W BOX="453 164 506 191" STYLE_REF="1">these</W>
			<W BOX="464 141 476 167" STYLE_REF="1">3</W>
			<W BOX="485 141 497 167" STYLE_REF="1" NS="y">o</W>
			<W BOX="498 140 505 166" STYLE_REF="1" NS="y">'</W>
			<W BOX="503 140 556 167" STYLE_REF="1">clock</W>
			<W BOX="512 163 585 189" STYLE_REF="1">women</W>
			<W BOX="556 140 561 167" STYLE_REF="1">.</W>
			<W BOX="587 138 635 165" STYLE_REF="1">Over</W>
			<W BOX="589 161 637 188" STYLE_REF="1">have</W>
			<W BOX="596 116 602 143" STYLE_REF="1">,</W>
			<W BOX="643 160 727 186" STYLE_REF="1">gratefull</W>
			<W BOX="649 137 684 164" STYLE_REF="1">200</W>
			<W BOX="697 137 743 163" STYLE_REF="1">poor</W>
			<W BOX="729 160 743 186" STYLE_REF="1">y</W>
			<L BOX="646 182 742 210"/>
			<W BOX="646 184 680 210" STYLE_REF="1">the</W>
			<W BOX="694 182 742 209" STYLE_REF="1">most</W>
		</Primitive>
		<Primitive BOX="24 182 811 241" ID="Ar0240002" SEQ_NO="2" TOC_ENTRY_ID="13" DEPTH_LEVEL="1">
			<L BOX="44 184 743 241"/>
			<W BOX="44 214 133 241" STYLE_REF="1">destitute</W>
			<W BOX="44 191 152 218" STYLE_REF="1">acknowled</W>
			<W BOX="147 213 195 240" STYLE_REF="1">have</W>
			<W BOX="152 190 188 217" STYLE_REF="1">ged</W>
			<W BOX="201 190 234 216" STYLE_REF="1">the</W>
			<W BOX="210 212 299 239" STYLE_REF="1">tendered</W>
			<Q BOX="247 189 278 215" STYLE_REF="1" QID="3">hel</Q>
			<q BOX="278 189 291 216" STYLE_REF="1" QID="3">p</q>
			<QW QID="3">help</QW>
			<W BOX="306 188 384 214" STYLE_REF="1">afforded</W>
			<W BOX="314 211 363 237" STYLE_REF="1">their</W>
			<W BOX="378 210 415 237" STYLE_REF="1">few</W>
			<W BOX="401 188 453 214" STYLE_REF="1" NS="y">them</W>
			<W BOX="454 187 459 214" STYLE_REF="1">,</W>
			<W BOX="473 186 508 213" STYLE_REF="1">and</W>
			<W BOX="506 209 526 236" STYLE_REF="1">as</W>
			<W BOX="526 185 595 212" STYLE_REF="1">several</W>
			<W BOX="542 209 566 235" STYLE_REF="1">an</W>
			<W BOX="585 207 659 234" STYLE_REF="1">offering</W>
			<W BOX="613 184 630 211" STYLE_REF="1">of</W>
			<W BOX="675 207 695 233" STYLE_REF="1">to</W>
			<W BOX="709 205 743 232" STYLE_REF="1">the</W>
		</Primitive>
		<Primitive BOX="24 229 811 279" ID="Ar0240003" SEQ_NO="3" TOC_ENTRY_ID="13" DEPTH_LEVEL="1">
			<L BOX="41 210 743 286"/>
			<W BOX="41 259 150 286" STYLE_REF="1">ventilation</W>
			<W BOX="43 237 150 263" STYLE_REF="1" NS="y">institution</W>
			<W BOX="150 237 157 263" STYLE_REF="1">.</W>
			<W BOX="170 258 206 285" STYLE_REF="1">and</W>
			<W BOX="180 235 233 262" STYLE_REF="1">With</W>
			<W BOX="219 258 315 284" STYLE_REF="1">judicious</W>
			<W BOX="245 235 271 262" STYLE_REF="1">all</W>
			<W BOX="285 234 336 261" STYLE_REF="1">these</W>
			<W BOX="324 257 364 284" STYLE_REF="1">diet</W>
			<W BOX="349 233 431 260" STYLE_REF="1">patients</W>
			<W BOX="365 257 371 283" STYLE_REF="1">,</W>
			<W BOX="383 256 417 282" STYLE_REF="1">has</W>
			<W BOX="430 256 477 282" STYLE_REF="1">been</W>
			<W BOX="431 233 436 259" STYLE_REF="1">,</W>
			<W BOX="431 210 490 237" STYLE_REF="1">pence</W>
			<W BOX="448 232 481 259" STYLE_REF="1">the</W>
			<W BOX="490 255 553 282" STYLE_REF="1">strong</W>
			<W BOX="493 231 584 258" STYLE_REF="1">necessity</W>
			<Q BOX="554 254 564 281" STYLE_REF="1" QID="4">l</Q>
			<q BOX="562 255 576 281" STYLE_REF="1" QID="4">y</q>
			<QW QID="4">ly</QW>
			<W BOX="589 253 647 280" STYLE_REF="1">urged</W>
			<W BOX="596 231 613 257" STYLE_REF="1">of</W>
			<W BOX="626 229 733 256" STYLE_REF="1">cleanliness</W>
			<W BOX="653 253 658 280" STYLE_REF="1">;</W>
			<W BOX="672 252 705 279" STYLE_REF="1">and</W>
			<W BOX="719 252 740 278" STYLE_REF="1">in</W>
			<W BOX="736 229 743 255" STYLE_REF="1">,</W>
		</Primitive>
		<Primitive BOX="24 267 811 346" ID="Ar0240004" SEQ_NO="4" TOC_ENTRY_ID="13" DEPTH_LEVEL="1">
			<L BOX="41 260 742 348"/>
			<W BOX="41 305 93 332" STYLE_REF="1">word</W>
			<W BOX="42 282 100 309" STYLE_REF="1">many</W>
			<W BOX="106 305 123 332" STYLE_REF="1">of</W>
			<W BOX="106 282 156 309" STYLE_REF="1">cases</W>
			<W BOX="137 305 212 332" STYLE_REF="1">counsel</W>
			<W BOX="152 260 158 286" STYLE_REF="1">,</W>
			<W BOX="169 282 202 309" STYLE_REF="1">the</W>
			<W BOX="213 281 278 307" STYLE_REF="1">advice</W>
			<W BOX="225 304 244 331" STYLE_REF="1">or</W>
			<W BOX="257 303 373 329" STYLE_REF="1">information</W>
			<W BOX="290 280 325 307" STYLE_REF="1">has</W>
			<W BOX="335 280 384 306" STYLE_REF="1">been</W>
			<W BOX="376 302 381 329" STYLE_REF="1">,</W>
			<W BOX="389 302 421 329" STYLE_REF="1">too</W>
			<W BOX="396 279 482 306" STYLE_REF="1">followed</W>
			<W BOX="422 302 427 329" STYLE_REF="1">,</W>
			<W BOX="438 302 473 328" STYLE_REF="1">has</W>
			<W BOX="484 301 532 328" STYLE_REF="1">often</W>
			<W BOX="484 280 489 306" STYLE_REF="1">,</W>
			<W BOX="499 278 518 305" STYLE_REF="1">at</W>
			<W BOX="529 278 577 304" STYLE_REF="1">least</W>
			<W BOX="547 300 594 327" STYLE_REF="1">been</W>
			<W BOX="578 277 584 304" STYLE_REF="1">,</W>
			<W BOX="594 276 621 303" STYLE_REF="1">for</W>
			<W BOX="608 300 621 327" STYLE_REF="1">g</W>
			<W BOX="611 322 663 348" STYLE_REF="1">work</W>
			<W BOX="621 299 664 325" STYLE_REF="1">iven</W>
			<W BOX="631 276 642 303" STYLE_REF="1">a</W>
			<W BOX="650 276 695 302" STYLE_REF="1">time</W>
			<W BOX="676 299 696 325" STYLE_REF="1">to</W>
			<W BOX="695 276 701 302" STYLE_REF="1">.</W>
			<W BOX="697 321 742 347" STYLE_REF="1">well</W>
			<W BOX="709 298 741 324" STYLE_REF="1">the</W>
			<W BOX="723 275 742 302" STYLE_REF="1">A</W>
		</Primitive>
		<Primitive BOX="24 334 811 394" ID="Ar0240005" SEQ_NO="5" TOC_ENTRY_ID="13" DEPTH_LEVEL="1">
			<L BOX="41 322 689 355"/>
			<W BOX="41 328 130 355" STYLE_REF="1">destitute</W>
			<W BOX="137 328 207 355" STYLE_REF="1">widow</W>
			<W BOX="213 327 232 354" STYLE_REF="1">or</W>
			<W BOX="241 326 273 353" STYLE_REF="1">the</W>
			<W BOX="280 326 376 352" STYLE_REF="1">friendless</W>
			<Q BOX="386 326 399 352" STYLE_REF="1" QID="5">g</Q>
			<q BOX="399 325 424 351" STYLE_REF="1" NS="y" QID="5">irl</q>
			<QW QID="5">girl</QW>
			<W BOX="424 325 429 351" STYLE_REF="1">,</W>
			<W BOX="436 324 478 351" STYLE_REF="1">who</W>
			<W BOX="485 324 522 351" STYLE_REF="1">was</W>
			<W BOX="528 323 604 350" STYLE_REF="1">seeking</W>
			<W BOX="669 322 689 348" STYLE_REF="1">as</W>
			<L BOX="41 344 741 401"/>
			<W BOX="41 374 73 401" STYLE_REF="1">out</W>
			<W BOX="41 351 61 378" STYLE_REF="1">as</W>
			<W BOX="66 351 129 378" STYLE_REF="1">health</W>
			<W BOX="89 374 170 400" STYLE_REF="1">suitable</W>
			<W BOX="136 351 141 378" STYLE_REF="1">;</W>
			<W BOX="148 351 182 378" STYLE_REF="1">the</W>
			<W BOX="177 372 260 399" STYLE_REF="1">charities</W>
			<W BOX="187 350 228 377" STYLE_REF="1">best</W>
			<W BOX="233 349 318 376" STYLE_REF="1">methods</W>
			<W BOX="272 372 383 398" STYLE_REF="1">occasionall</W>
			<W BOX="323 348 341 375" STYLE_REF="1">of</W>
			<W BOX="349 348 420 375" STYLE_REF="1">finding</W>
			<W BOX="402 370 542 397" STYLE_REF="1">recommended</W>
			<Q BOX="430 348 472 375" STYLE_REF="1" QID="6">emp</Q>
			<q BOX="471 347 553 373" STYLE_REF="1" QID="6">loyment</q>
			<QW QID="6">employment</QW>
			<W BOX="543 369 548 395" STYLE_REF="1">,</W>
			<W BOX="557 368 594 395" STYLE_REF="1">and</W>
			<W BOX="559 345 607 372" STYLE_REF="1">have</W>
			<W BOX="601 367 700 394" STYLE_REF="1">pecuniary</W>
			<W BOX="612 345 659 371" STYLE_REF="1">been</W>
			<W BOX="664 344 741 370" STYLE_REF="1">pointed</W>
			<W BOX="709 367 740 393" STYLE_REF="1">aid</W>
			<L BOX="383 372 396 399"/>
			<W BOX="383 372 396 399" STYLE_REF="1">y</W>
		</Primitive>
		<Primitive BOX="24 382 811 446" ID="Ar0240006" SEQ_NO="6" TOC_ENTRY_ID="13" DEPTH_LEVEL="1">
			<L BOX="41 374 740 446"/>
			<W BOX="41 420 76 446" STYLE_REF="1">and</W>
			<W BOX="41 397 145 424" STYLE_REF="1">sometimes</W>
			<W BOX="75 374 79 401" STYLE_REF="1">,</W>
			<W BOX="89 420 152 446" STYLE_REF="1">severe</W>
			<W BOX="152 397 166 424" STYLE_REF="1">g</W>
			<W BOX="160 419 243 446" STYLE_REF="1">weather</W>
			<W BOX="166 396 210 423" STYLE_REF="1" NS="y">iven</W>
			<W BOX="210 396 216 423" STYLE_REF="1">.</W>
			<W BOX="240 395 294 422" STYLE_REF="1">Since</W>
			<W BOX="250 418 298 445" STYLE_REF="1">have</W>
			<W BOX="302 395 334 421" STYLE_REF="1">the</W>
			<W BOX="309 418 328 445" STYLE_REF="1">so</W>
			<W BOX="336 417 345 444" STYLE_REF="1">"</W>
			<W BOX="342 394 409 421" STYLE_REF="1">double</W>
			<Q BOX="342 417 371 444" STYLE_REF="1" QID="7">wei</Q>
			<Q BOX="372 418 385 444" STYLE_REF="1" QID="7">g</Q>
			<q BOX="384 417 421 443" STYLE_REF="1" QID="7">hed</q>
			<QW QID="7">weighed</QW>
			<W BOX="418 394 493 420" STYLE_REF="1">distress</W>
			<W BOX="433 417 483 443" STYLE_REF="1">upon</W>
			<W BOX="495 416 527 442" STYLE_REF="1">the</W>
			<W BOX="503 393 520 420" STYLE_REF="1">of</W>
			<W BOX="529 391 645 418" STYLE_REF="1">commercial</W>
			<W BOX="538 415 584 442" STYLE_REF="1" NS="y">poor</W>
			<W BOX="586 415 591 442" STYLE_REF="1">,</W>
			<W BOX="599 414 656 441" STYLE_REF="1">many</W>
			<W BOX="655 390 740 416" STYLE_REF="1">pressure</W>
			<W BOX="664 413 713 439" STYLE_REF="1">cases</W>
			<W BOX="722 413 740 439" STYLE_REF="1">of</W>
		</Primitive>
		<Primitive BOX="24 436 811 515" ID="Ar0240007" SEQ_NO="7" TOC_ENTRY_ID="13" DEPTH_LEVEL="1">
			<L BOX="41 436 742 469"/>
			<W BOX="41 443 124 469" STYLE_REF="1">extreme</W>
			<W BOX="131 442 240 469" STYLE_REF="1">destitution</W>
			<W BOX="247 441 297 468" STYLE_REF="1">have</W>
			<W BOX="303 440 354 467" STYLE_REF="1">come</W>
			<W BOX="362 440 420 467" STYLE_REF="1">under</W>
			<W BOX="428 439 461 466" STYLE_REF="1">the</W>
			<W BOX="469 438 580 465" STYLE_REF="1">cognizance</W>
			<W BOX="593 437 610 463" STYLE_REF="1">of</W>
			<W BOX="622 437 655 463" STYLE_REF="1">the</W>
			<Q BOX="662 436 733 463" STYLE_REF="1" QID="8">Dispen</Q>
			<Q BOX="733 436 742 463" STYLE_REF="1" QID="8">-</Q>
			<L BOX="39 459 741 515"/>
			<q BOX="39 489 108 515" STYLE_REF="1" QID="8">friends</q>
			<QW QID="8">Dispenfriends</QW>
			<W BOX="41 466 83 492" STYLE_REF="1" NS="y">sary</W>
			<W BOX="83 466 89 492" STYLE_REF="1">.</W>
			<W BOX="114 466 173 492" STYLE_REF="1">These</W>
			<W BOX="123 489 143 515" STYLE_REF="1">or</W>
			<W BOX="182 465 231 491" STYLE_REF="1">have</W>
			<W BOX="238 465 285 491" STYLE_REF="1">been</W>
			<W BOX="239 487 275 513" STYLE_REF="1">and</W>
			<Q BOX="283 487 291 513" STYLE_REF="1" QID="9">i</Q>
			<q BOX="290 486 368 513" STYLE_REF="1" QID="9">gnorant</q>
			<QW QID="9">ignorant</QW>
			<Q BOX="294 463 343 490" STYLE_REF="1" QID="10">chiefl</Q>
			<q BOX="347 463 360 490" STYLE_REF="1" QID="10">y</q>
			<QW QID="10">chiefly</QW>
			<W BOX="369 463 405 490" STYLE_REF="1">emi</W>
			<W BOX="380 486 398 513" STYLE_REF="1">of</W>
			<W BOX="406 462 468 489" STYLE_REF="1">grants</W>
			<W BOX="411 486 445 513" STYLE_REF="1">the</W>
			<W BOX="457 485 499 512" STYLE_REF="1">Eng</W>
			<W BOX="470 463 475 489" STYLE_REF="1">,</W>
			<W BOX="482 462 538 488" STYLE_REF="1">mostl</W>
			<W BOX="499 484 535 511" STYLE_REF="1">lish</W>
			<W BOX="537 462 550 489" STYLE_REF="1">y</W>
			<W BOX="543 484 634 510" STYLE_REF="1">language</W>
			<Q BOX="558 461 576 488" STYLE_REF="1" QID="11">G</Q>
			<q BOX="577 460 648 487" STYLE_REF="1" QID="11">ermans</q>
			<QW QID="11">Germans</QW>
			<W BOX="636 483 640 510" STYLE_REF="1">.</W>
			<W BOX="649 461 654 487" STYLE_REF="1">,</W>
			<W BOX="661 459 741 486" STYLE_REF="1">without</W>
			<W BOX="665 482 736 509" STYLE_REF="1">Several</W>
		</Primitive>
		<Primitive BOX="24 505 811 585" ID="Ar0240008" SEQ_NO="8" TOC_ENTRY_ID="13" DEPTH_LEVEL="1">
			<L BOX="39 488 737 539"/>
			<W BOX="39 512 119 539" STYLE_REF="1">families</W>
			<W BOX="131 511 181 538" STYLE_REF="1">have</W>
			<W BOX="156 488 225 515" STYLE_REF="1">money</W>
			<W BOX="192 511 239 537" STYLE_REF="1">been</W>
			<W BOX="225 488 231 515" STYLE_REF="1">,</W>
			<W BOX="248 509 314 536" STYLE_REF="1">visited</W>
			<W BOX="323 509 386 536" STYLE_REF="1">where</W>
			<W BOX="399 508 449 535" STYLE_REF="1">some</W>
			<W BOX="462 508 543 535" STYLE_REF="1">member</W>
			<Q BOX="550 507 559 534" STYLE_REF="1" QID="12">"</Q>
			<q BOX="557 507 589 534" STYLE_REF="1" QID="12">was</q>
			<QW QID="12">"was</QW>
			<W BOX="597 507 619 533" STYLE_REF="1" NS="y">ill</W>
			<W BOX="620 507 626 534" STYLE_REF="1">,</W>
			<W BOX="633 506 669 532" STYLE_REF="1">and</W>
			<W BOX="682 505 737 532" STYLE_REF="1">found</W>
			<L BOX="39 529 739 585"/>
			<W BOX="39 558 74 585" STYLE_REF="1">and</W>
			<W BOX="39 535 59 562" STYLE_REF="1">to</W>
			<W BOX="71 535 95 562" STYLE_REF="1">be</W>
			<W BOX="87 557 201 584" STYLE_REF="1">industrious</W>
			<Q BOX="107 535 165 562" STYLE_REF="1" QID="13" M="2 * ">utterl</Q>
			<q BOX="165 535 179 562" STYLE_REF="1" QID="13">y</q>
			<QW QID="13">_utterly</QW>
			<W BOX="187 533 274 560" STYLE_REF="1">destitute</W>
			<W BOX="218 555 345 582" STYLE_REF="1">disappointed</W>
			<W BOX="276 533 281 560" STYLE_REF="1">,</W>
			<W BOX="289 532 376 559" STYLE_REF="1">suffering</W>
			<W BOX="359 555 379 581" STYLE_REF="1">in</W>
			<W BOX="389 531 436 558" STYLE_REF="1">from</W>
			<W BOX="392 554 448 581" STYLE_REF="1">every</W>
			<W BOX="449 531 521 558" STYLE_REF="1">hunger</W>
			<W BOX="457 554 508 580" STYLE_REF="1">effort</W>
			<W BOX="522 532 528 558" STYLE_REF="1">,</W>
			<W BOX="523 554 543 580" STYLE_REF="1">to</W>
			<W BOX="540 530 576 557" STYLE_REF="1">and</W>
			<W BOX="556 552 618 579" STYLE_REF="1">obtain</W>
			<W BOX="578 531 583 557" STYLE_REF="1">,</W>
			<W BOX="593 530 651 556" STYLE_REF="1">thoug</W>
			<W BOX="629 552 680 578" STYLE_REF="1">work</W>
			<W BOX="650 529 664 555" STYLE_REF="1">h</W>
			<W BOX="674 529 739 555" STYLE_REF="1">honest</W>
			<W BOX="680 552 686 578" STYLE_REF="1">.</W>
			<W BOX="712 552 739 578" STYLE_REF="1">To</W>
		</Primitive>
		<Primitive BOX="24 575 811 630" ID="Ar0240009" SEQ_NO="9" TOC_ENTRY_ID="13" DEPTH_LEVEL="1">
			<L BOX="39 557 740 607"/>
			<W BOX="39 581 85 607" STYLE_REF="1">such</W>
			<W BOX="93 581 172 607" STYLE_REF="1">families</W>
			<W BOX="181 579 191 606" STYLE_REF="1">a</W>
			<W BOX="199 579 251 606" STYLE_REF="1">little</W>
			<W BOX="203 557 208 583" STYLE_REF="1">,</W>
			<Q BOX="256 579 288 605" STYLE_REF="1" QID="14">hel</Q>
			<q BOX="287 579 300 606" STYLE_REF="1" QID="14">p</q>
			<QW QID="14">help</QW>
			<W BOX="307 578 327 604" STYLE_REF="1">in</W>
			<W BOX="335 578 404 604" STYLE_REF="1" NS="y">money</W>
			<W BOX="404 578 410 604" STYLE_REF="1">,</W>
			<Q BOX="417 577 493 604" STYLE_REF="1" QID="15">general</Q>
			<Q BOX="493 577 501 604" STYLE_REF="1" QID="15">l</Q>
			<q BOX="500 577 513 604" STYLE_REF="1" QID="15">y</q>
			<QW QID="15">generally</QW>
			<W BOX="520 576 540 603" STYLE_REF="1">in</W>
			<W BOX="549 575 582 602" STYLE_REF="1">the</W>
			<W BOX="588 575 635 602" STYLE_REF="1">form</W>
			<W BOX="644 575 661 602" STYLE_REF="1">of</W>
			<W BOX="671 575 682 602" STYLE_REF="1">a</W>
			<W BOX="689 575 731 602" STYLE_REF="1" NS="y">loan</W>
			<W BOX="733 575 740 602" STYLE_REF="1">,</W>
			<L BOX="39 598 739 630"/>
			<Q BOX="39 604 62 630" STYLE_REF="1" QID="16">til</Q>
			<q BOX="62 604 69 630" STYLE_REF="1" QID="16">l</q>
			<QW QID="16">till</QW>
			<W BOX="83 604 135 630" STYLE_REF="1">work</W>
			<W BOX="147 603 201 630" STYLE_REF="1">could</W>
			<W BOX="214 603 238 629" STYLE_REF="1">be</W>
			<W BOX="249 601 339 628" STYLE_REF="1" NS="y">procured</W>
			<W BOX="342 601 347 628" STYLE_REF="1">,</W>
			<W BOX="357 601 392 627" STYLE_REF="1">has</W>
			<W BOX="404 601 472 627" STYLE_REF="1">proved</W>
			<W BOX="484 599 591 626" STYLE_REF="1" NS="y">invaluable</W>
			<W BOX="596 599 601 626" STYLE_REF="1">;</W>
			<W BOX="613 598 647 625" STYLE_REF="1">and</W>
			<W BOX="661 598 671 625" STYLE_REF="1">a</W>
			<W BOX="684 598 739 625" STYLE_REF="1">small</W>
		</Primitive>
		<Primitive BOX="24 621 811 700" ID="Ar0240010" SEQ_NO="10" TOC_ENTRY_ID="13" DEPTH_LEVEL="1">
			<L BOX="38 621 740 700"/>
			<W BOX="38 673 101 700" STYLE_REF="1">despai</W>
			<W BOX="38 627 87 654" STYLE_REF="1">Poor</W>
			<W BOX="39 650 80 677" STYLE_REF="1" NS="y">cian</W>
			<W BOX="81 651 86 678" STYLE_REF="1">,</W>
			<W BOX="87 627 95 654" STYLE_REF="1" LH="y">-</W>
			<W BOX="94 650 122 676" STYLE_REF="1">for</W>
			<W BOX="95 627 149 654" STYLE_REF="1">Fund</W>
			<W BOX="102 673 111 699" STYLE_REF="1">r</W>
			<W BOX="119 673 155 699" STYLE_REF="1">and</W>
			<W BOX="131 650 169 676" STYLE_REF="1">this</W>
			<W BOX="150 625 155 653" STYLE_REF="4">,</W>
			<W BOX="164 626 177 654" STYLE_REF="4">p</W>
			<W BOX="164 671 271 698" STYLE_REF="1">impending</W>
			<W BOX="176 626 229 652" STYLE_REF="1">laced</W>
			<W BOX="177 649 245 676" STYLE_REF="1">special</W>
			<W BOX="238 626 264 652" STYLE_REF="1">by</W>
			<W BOX="254 648 312 674" STYLE_REF="1">object</W>
			<W BOX="271 624 339 651" STYLE_REF="1">friends</W>
			<W BOX="280 670 378 697" STYLE_REF="1">starvation</W>
			<W BOX="315 648 321 675" STYLE_REF="1">,</W>
			<W BOX="329 647 363 673" STYLE_REF="1">has</W>
			<W BOX="350 623 370 650" STYLE_REF="1">in</W>
			<W BOX="375 647 430 673" STYLE_REF="1">saved</W>
			<W BOX="378 670 384 697" STYLE_REF="1">.</W>
			<W BOX="378 623 412 650" STYLE_REF="1">the</W>
			<W BOX="406 670 452 697" STYLE_REF="1">This</W>
			<W BOX="418 623 478 650" STYLE_REF="1">hands</W>
			<W BOX="441 646 510 673" STYLE_REF="1">several</W>
			<W BOX="461 669 566 695" STYLE_REF="1">institution</W>
			<W BOX="490 623 508 649" STYLE_REF="1">of</W>
			<W BOX="519 645 579 672" STYLE_REF="1">worth</W>
			<W BOX="520 622 554 649" STYLE_REF="1">the</W>
			<W BOX="566 621 663 648" STYLE_REF="1">attending</W>
			<W BOX="575 667 614 694" STYLE_REF="1">was</W>
			<W BOX="580 646 593 672" STYLE_REF="1">y</W>
			<W BOX="600 644 670 671" STYLE_REF="1">familie</W>
			<W BOX="621 667 738 694" STYLE_REF="1">commenced</W>
			<W BOX="670 644 679 671" STYLE_REF="1">s</W>
			<Q BOX="675 621 688 648" STYLE_REF="1" QID="17">p</Q>
			<q BOX="688 621 702 648" STYLE_REF="1" QID="17">h</q>
			<QW QID="17">ph</QW>
			<W BOX="690 644 736 671" STYLE_REF="1">from</W>
			<Q BOX="701 621 731 648" STYLE_REF="1" QID="18">ysi</Q>
			<Q BOX="731 621 740 648" STYLE_REF="1" QID="18">-</Q>
		</Primitive>
		<Primitive BOX="24 690 811 762" ID="Ar0240011" SEQ_NO="11" TOC_ENTRY_ID="13" DEPTH_LEVEL="1">
			<L BOX="38 690 738 765"/>
			<q BOX="38 719 83 746" STYLE_REF="1" QID="18">kept</q>
			<QW QID="18">ysikept</QW>
			<Q BOX="38 696 51 723" STYLE_REF="1" QID="19">b</Q>
			<q BOX="51 696 63 723" STYLE_REF="1" QID="19">y</q>
			<QW QID="19">by</QW>
			<W BOX="76 696 109 723" STYLE_REF="1">the</W>
			<W BOX="99 719 167 746" STYLE_REF="1">within</W>
			<W BOX="121 696 191 722" STYLE_REF="1">subscri</W>
			<W BOX="182 718 208 744" STYLE_REF="1">its</W>
			<W BOX="193 695 256 721" STYLE_REF="1">ptions</W>
			<W BOX="223 717 287 744" STYLE_REF="1">means</W>
			<W BOX="272 693 289 720" STYLE_REF="1">of</W>
			<W BOX="288 717 293 743" STYLE_REF="1">,</W>
			<W BOX="305 716 340 743" STYLE_REF="1">but</W>
			<W BOX="306 693 316 720" STYLE_REF="1">a</W>
			<W BOX="322 739 339 765" STYLE_REF="1">of</W>
			<W BOX="332 693 369 720" STYLE_REF="1">few</W>
			<W BOX="353 739 378 765" STYLE_REF="1">its</W>
			<W BOX="353 716 387 742" STYLE_REF="1">the</W>
			<W BOX="385 693 454 720" STYLE_REF="1">friends</W>
			<W BOX="393 739 413 765" STYLE_REF="1">fu</W>
			<W BOX="402 716 466 742" STYLE_REF="1">power</W>
			<W BOX="415 739 451 765" STYLE_REF="1">nds</W>
			<W BOX="462 693 467 720" STYLE_REF="1">;</W>
			<W BOX="479 738 497 765" STYLE_REF="1">It</W>
			<W BOX="483 716 499 742" STYLE_REF="1">of</W>
			<W BOX="487 691 512 718" STYLE_REF="1">its</W>
			<W BOX="510 738 527 765" STYLE_REF="1">is</W>
			<W BOX="515 714 573 741" STYLE_REF="1">doing</W>
			<W BOX="528 691 618 718" STYLE_REF="1">expenses</W>
			<W BOX="540 737 599 763" STYLE_REF="1">found</W>
			<W BOX="587 714 634 741" STYLE_REF="1">good</W>
			<W BOX="612 736 689 763" STYLE_REF="1">desirabl</W>
			<W BOX="632 690 680 717" STYLE_REF="1">have</W>
			<W BOX="646 713 679 740" STYLE_REF="1">has</W>
			<W BOX="690 713 737 740" STYLE_REF="1">been</W>
			<W BOX="690 690 737 717" STYLE_REF="1">been</W>
			<W BOX="716 736 738 763" STYLE_REF="1">to</W>
		</Primitive>
		<Primitive BOX="24 750 811 815" ID="Ar0240012" SEQ_NO="12" TOC_ENTRY_ID="13" DEPTH_LEVEL="1">
			<L BOX="38 736 738 814"/>
			<W BOX="38 742 98 769" STYLE_REF="1">limite</W>
			<W BOX="38 765 110 792" STYLE_REF="1">enlarge</W>
			<W BOX="98 742 110 769" STYLE_REF="1">d</W>
			<W BOX="121 764 145 791" STYLE_REF="1">its</W>
			<W BOX="123 787 155 814" STYLE_REF="1">the</W>
			<Q BOX="124 742 138 769" STYLE_REF="1" QID="20">b</Q>
			<q BOX="137 743 151 769" STYLE_REF="1" QID="20">y</q>
			<QW QID="20">by</QW>
			<W BOX="154 764 258 790" STYLE_REF="1">operations</W>
			<W BOX="161 786 241 813" STYLE_REF="1">trustees</W>
			<W BOX="164 741 198 768" STYLE_REF="1">the</W>
			<Q BOX="212 741 223 768" STYLE_REF="1" QID="21">s</Q>
			<q BOX="221 740 259 767" STYLE_REF="1" QID="21">mal</q>
			<QW QID="21">smal</QW>
			<W BOX="245 786 292 812" STYLE_REF="1">wish</W>
			<W BOX="258 740 308 767" STYLE_REF="1">lness</W>
			<W BOX="260 763 265 790" STYLE_REF="1">,</W>
			<W BOX="273 763 308 789" STYLE_REF="1">and</W>
			<W BOX="301 786 320 812" STYLE_REF="1">to</W>
			<W BOX="321 763 334 790" STYLE_REF="1">p</W>
			<W BOX="327 785 375 811" STYLE_REF="1">raise</W>
			<W BOX="334 762 374 788" STYLE_REF="1">lace</W>
			<W BOX="382 762 396 788" STYLE_REF="1">it</W>
			<W BOX="383 785 416 811" STYLE_REF="1">the</W>
			<W BOX="405 762 429 788" STYLE_REF="1">on</W>
			<W BOX="424 785 465 811" STYLE_REF="1">sum</W>
			<W BOX="437 762 448 788" STYLE_REF="1">a</W>
			<W BOX="451 739 456 765" STYLE_REF="1">.</W>
			<W BOX="455 761 565 787" STYLE_REF="1">permanent</W>
			<W BOX="470 784 487 811" STYLE_REF="1">of</W>
			<W BOX="496 784 541 810" STYLE_REF="1">5000</W>
			<W BOX="547 783 615 809" STYLE_REF="1">dollars</W>
			<W BOX="572 760 623 786" STYLE_REF="1" NS="y">basis</W>
			<W BOX="623 760 628 786" STYLE_REF="1">.</W>
			<W BOX="628 782 664 809" STYLE_REF="1">and</W>
			<W BOX="651 759 687 786" STYLE_REF="1">For</W>
			<W BOX="671 782 729 809" STYLE_REF="1">contri</W>
			<W BOX="691 736 701 763" STYLE_REF="1">e</W>
			<W BOX="699 759 738 785" STYLE_REF="1">this</W>
			<W BOX="729 782 737 809" STYLE_REF="1" LH="y">-</W>
			<L BOX="37 783 622 815"/>
			<W BOX="37 788 117 815" STYLE_REF="1">purpose</W>
			<W BOX="617 783 622 810" STYLE_REF="1">,</W>
		</Primitive>
		<Primitive BOX="24 805 811 876" ID="Ar0240013" SEQ_NO="13" TOC_ENTRY_ID="13" DEPTH_LEVEL="1">
			<L BOX="38 805 738 838"/>
			<W BOX="38 811 114 838" STYLE_REF="1">butions</W>
			<W BOX="119 810 149 837" STYLE_REF="1">are</W>
			<Q BOX="155 810 234 836" STYLE_REF="1" QID="22">earnestl</Q>
			<q BOX="234 809 247 835" STYLE_REF="1" QID="22">y</q>
			<QW QID="22">earnestly</QW>
			<W BOX="252 808 335 835" STYLE_REF="1" NS="y">solicited</W>
			<W BOX="335 808 341 835" STYLE_REF="1">.</W>
			<W BOX="363 807 403 834" STYLE_REF="1">The</W>
			<W BOX="409 807 485 834" STYLE_REF="1">amount</W>
			<W BOX="489 807 548 834" STYLE_REF="1">raised</W>
			<W BOX="553 806 594 833" STYLE_REF="1">will</W>
			<W BOX="599 806 622 833" STYLE_REF="1">be</W>
			<W BOX="627 805 710 832" STYLE_REF="1">invested</W>
			<W BOX="717 805 738 832" STYLE_REF="1">as</W>
			<L BOX="38 828 736 880"/>
			<W BOX="38 834 48 861" STYLE_REF="1">a</W>
			<W BOX="55 834 163 860" STYLE_REF="1">permanent</W>
			<W BOX="171 832 216 859" STYLE_REF="1">fund</W>
			<W BOX="226 832 253 858" STYLE_REF="1">for</W>
			<W BOX="262 832 295 858" STYLE_REF="1">the</W>
			<W BOX="300 854 315 880" STYLE_REF="1">it</W>
			<W BOX="303 831 367 857" STYLE_REF="1">institu</W>
			<W BOX="330 854 424 880" STYLE_REF="1">essentiall</W>
			<W BOX="369 831 408 857" STYLE_REF="1" NS="y">tion</W>
			<W BOX="408 831 414 857" STYLE_REF="1">.</W>
			<W BOX="439 831 457 857" STYLE_REF="1">It</W>
			<W BOX="465 831 482 857" STYLE_REF="1">is</W>
			<W BOX="489 830 522 856" STYLE_REF="1">the</W>
			<W BOX="520 852 555 879" STYLE_REF="1">ital</W>
			<W BOX="530 830 578 856" STYLE_REF="1">hope</W>
			<W BOX="567 852 595 879" STYLE_REF="1">for</W>
			<W BOX="587 829 604 856" STYLE_REF="1">of</W>
			<W BOX="612 828 644 855" STYLE_REF="1">the</W>
			<W BOX="651 828 736 855" STYLE_REF="1">founders</W>
			<W BOX="699 851 736 878" STYLE_REF="1">and</W>
		</Primitive>
		<Primitive BOX="24 864 811 922" ID="Ar0240014" SEQ_NO="14" TOC_ENTRY_ID="13" DEPTH_LEVEL="1">
			<L BOX="38 851 738 907"/>
			<W BOX="38 881 105 907" STYLE_REF="1">School</W>
			<W BOX="38 857 55 884" STYLE_REF="1">of</W>
			<W BOX="68 857 109 884" STYLE_REF="1">this</W>
			<W BOX="113 880 130 907" STYLE_REF="1">of</W>
			<W BOX="120 856 180 883" STYLE_REF="1">charit</W>
			<W BOX="139 878 245 905" STYLE_REF="1">Education</W>
			<W BOX="180 856 193 883" STYLE_REF="1">y</W>
			<W BOX="201 855 221 881" STYLE_REF="1">to</W>
			<W BOX="234 855 289 881" STYLE_REF="1">make</W>
			<W BOX="255 878 283 904" STYLE_REF="1">for</W>
			<W BOX="296 877 363 903" STYLE_REF="1">nurses</W>
			<W BOX="385 877 421 903" STYLE_REF="1">but</W>
			<W BOX="425 854 438 880" STYLE_REF="1">y</W>
			<W BOX="432 877 460 903" STYLE_REF="1">for</W>
			<W BOX="447 854 457 880" STYLE_REF="1">a</W>
			<W BOX="468 854 520 880" STYLE_REF="1">Hosp</W>
			<Q BOX="470 877 499 903" STYLE_REF="1" QID="23">thi</Q>
			<q BOX="499 877 508 903" STYLE_REF="1" QID="23">s</q>
			<QW QID="23">this</QW>
			<W BOX="519 876 552 902" STYLE_REF="1">the</W>
			<W BOX="559 875 671 902" STYLE_REF="1">Dispensary</W>
			<W BOX="604 851 681 878" STYLE_REF="1">Women</W>
			<W BOX="680 874 696 901" STYLE_REF="1">is</W>
			<W BOX="682 851 687 878" STYLE_REF="1">,</W>
			<W BOX="703 874 738 901" STYLE_REF="1">the</W>
			<L BOX="368 877 373 903"/>
			<W BOX="368 877 373 903" STYLE_REF="1">;</W>
			<L BOX="37 896 727 930"/>
			<W BOX="37 904 78 930" STYLE_REF="1">best</W>
			<Q BOX="86 902 194 929" STYLE_REF="1" QID="24">foundation</Q>
			<q BOX="210 901 247 928" STYLE_REF="1" QID="24">and</q>
			<QW QID="24">foundationand</QW>
			<W BOX="255 901 275 928" STYLE_REF="1">to</W>
			<W BOX="282 900 323 927" STYLE_REF="1">that</W>
			<W BOX="331 900 384 927" STYLE_REF="1">alone</W>
			<W BOX="392 900 416 927" STYLE_REF="1">all</W>
			<W BOX="426 899 476 926" STYLE_REF="1">effort</W>
			<W BOX="487 899 503 926" STYLE_REF="1">is</W>
			<W BOX="512 899 530 926" STYLE_REF="1">at</W>
			<W BOX="538 898 613 925" STYLE_REF="1">present</W>
			<W BOX="622 897 702 924" STYLE_REF="1" NS="y">directed</W>
			<W BOX="702 897 708 924" STYLE_REF="1" NS="y">.</W>
			<W BOX="710 896 723 923" STYLE_REF="1" NS="y">"</W>
			<W BOX="723 896 727 922" STYLE_REF="1">.</W>
		</Primitive>
		<Primitive BOX="24 910 811 976" ID="Ar0240015" SEQ_NO="15" TOC_ENTRY_ID="13" DEPTH_LEVEL="1">
			<L BOX="62 902 735 953"/>
			<W BOX="62 926 102 953" STYLE_REF="1">The</W>
			<Q BOX="109 925 159 952" STYLE_REF="1" QID="25">stead</Q>
			<q BOX="161 925 173 952" STYLE_REF="1" QID="25">y</q>
			<QW QID="25">steady</QW>
			<W BOX="181 924 252 951" STYLE_REF="1">success</W>
			<W BOX="197 902 202 928" STYLE_REF="1">,</W>
			<W BOX="261 924 279 951" STYLE_REF="1">of</W>
			<W BOX="287 923 320 950" STYLE_REF="1">her</W>
			<W BOX="327 923 442 950" STYLE_REF="1">Dispensary</W>
			<W BOX="449 922 486 949" STYLE_REF="1">was</W>
			<W BOX="494 922 538 949" STYLE_REF="1">such</W>
			<W BOX="545 921 587 948" STYLE_REF="1">that</W>
			<W BOX="596 921 622 948" STYLE_REF="1" NS="y">Dr</W>
			<W BOX="622 921 629 948" STYLE_REF="1">.</W>
			<Q BOX="637 920 702 947" STYLE_REF="1" QID="26">Elizab</Q>
			<Q BOX="703 920 714 947" STYLE_REF="1" QID="26">e</Q>
			<q BOX="714 920 735 947" STYLE_REF="1" QID="26">th</q>
			<QW QID="26">Elizabeth</QW>
			<L BOX="38 943 735 976"/>
			<W BOX="38 949 77 976" STYLE_REF="1">was</W>
			<Q BOX="84 949 162 975" STYLE_REF="1" QID="27">enabled</Q>
			<q BOX="176 947 197 974" STYLE_REF="1" QID="27">in</q>
			<QW QID="27">enabledin</QW>
			<W BOX="205 947 250 974" STYLE_REF="1" NS="y">May</W>
			<W BOX="265 946 311 973" STYLE_REF="1" NS="y">1857</W>
			<W BOX="327 945 347 972" STYLE_REF="1">to</W>
			<W BOX="355 945 402 972" STYLE_REF="1">open</W>
			<W BOX="415 945 439 972" STYLE_REF="1">on</W>
			<W BOX="453 945 463 972" STYLE_REF="1">a</W>
			<W BOX="475 945 529 972" STYLE_REF="1">small</W>
			<W BOX="536 944 586 971" STYLE_REF="1">scale</W>
			<W BOX="595 944 605 970" STYLE_REF="1">a</W>
			<Q BOX="613 944 666 970" STYLE_REF="1" QID="28">Hosp</Q>
			<q BOX="666 943 698 970" STYLE_REF="1" QID="28">ital</q>
			<QW QID="28">Hospital</QW>
			<W BOX="706 943 735 970" STYLE_REF="1">for</W>
		</Primitive>
		<Primitive BOX="24 967 811 1023" ID="Ar0240016" SEQ_NO="16" TOC_ENTRY_ID="13" DEPTH_LEVEL="1">
			<L BOX="38 946 736 999"/>
			<Q BOX="38 972 115 999" STYLE_REF="1" QID="29">Women</Q>
			<q BOX="130 970 194 997" STYLE_REF="1" QID="29">which</q>
			<QW QID="29">Womenwhich</QW>
			<W BOX="163 948 168 975" STYLE_REF="1">,</W>
			<W BOX="205 970 222 997" STYLE_REF="1">is</W>
			<W BOX="234 969 277 995" STYLE_REF="1">now</W>
			<W BOX="250 947 256 974" STYLE_REF="1">,</W>
			<W BOX="289 969 309 995" STYLE_REF="1">in</W>
			<W BOX="314 946 319 973" STYLE_REF="1">,</W>
			<W BOX="322 968 420 995" STYLE_REF="1">successful</W>
			<W BOX="436 968 529 995" STYLE_REF="1" NS="y">operation</W>
			<W BOX="529 968 535 995" STYLE_REF="1">.</W>
			<W BOX="561 967 601 993" STYLE_REF="1">The</W>
			<W BOX="609 967 666 993" STYLE_REF="1">house</W>
			<W BOX="674 967 736 993" STYLE_REF="1">which</W>
			<L BOX="36 972 737 1023"/>
			<W BOX="36 996 70 1023" STYLE_REF="1">has</W>
			<W BOX="85 995 133 1021" STYLE_REF="1">been</W>
			<W BOX="117 972 122 999" STYLE_REF="1">,</W>
			<Q BOX="150 993 265 1020" STYLE_REF="1" QID="30">appropriate</Q>
			<q BOX="268 992 280 1019" STYLE_REF="1" QID="30">d</q>
			<QW QID="30">appropriated</QW>
			<W BOX="294 992 313 1019" STYLE_REF="1">to</W>
			<W BOX="326 991 365 1018" STYLE_REF="1">this</W>
			<W BOX="380 991 460 1018" STYLE_REF="1">purpose</W>
			<W BOX="473 991 489 1018" STYLE_REF="1">is</W>
			<W BOX="503 991 553 1018" STYLE_REF="1" NS="y">large</W>
			<W BOX="555 991 560 1018" STYLE_REF="1">,</W>
			<W BOX="577 990 619 1017" STYLE_REF="1" NS="y">airy</W>
			<W BOX="619 990 625 1017" STYLE_REF="1">,</W>
			<W BOX="640 990 676 1017" STYLE_REF="1">and</W>
			<Q BOX="691 990 727 1017" STYLE_REF="1" QID="31">wel</Q>
			<q BOX="727 990 737 1017" STYLE_REF="1" QID="31">l</q>
			<QW QID="31">well</QW>
		</Primitive>
		<Primitive BOX="24 1013 811 1068" ID="Ar0240017" SEQ_NO="17" TOC_ENTRY_ID="13" DEPTH_LEVEL="1">
			<L BOX="36 1013 735 1045"/>
			<W BOX="36 1019 116 1045" STYLE_REF="1">situated</W>
			<W BOX="125 1018 130 1044" STYLE_REF="1">;</W>
			<W BOX="141 1018 157 1044" STYLE_REF="1">it</W>
			<Q BOX="165 1017 228 1043" STYLE_REF="1" QID="32">alread</Q>
			<q BOX="228 1017 241 1043" STYLE_REF="1" QID="32">y</q>
			<QW QID="32">already</QW>
			<W BOX="249 1015 333 1042" STYLE_REF="1">contains</W>
			<W BOX="341 1014 425 1041" STYLE_REF="1">fourteen</W>
			<W BOX="433 1014 479 1041" STYLE_REF="1" NS="y">beds</W>
			<W BOX="480 1015 485 1041" STYLE_REF="1">,</W>
			<W BOX="491 1014 526 1041" STYLE_REF="1">and</W>
			<W BOX="534 1014 573 1041" STYLE_REF="1">this</W>
			<W BOX="580 1013 657 1040" STYLE_REF="1">number</W>
			<W BOX="663 1013 703 1040" STYLE_REF="1">will</W>
			<W BOX="711 1013 735 1040" STYLE_REF="1">be</W>
			<L BOX="36 1036 734 1068"/>
			<W BOX="36 1042 131 1068" STYLE_REF="1">increased</W>
			<W BOX="139 1041 160 1068" STYLE_REF="1">as</W>
			<W BOX="167 1040 200 1066" STYLE_REF="1">the</W>
			<W BOX="207 1039 297 1065" STYLE_REF="1">requisite</W>
			<W BOX="304 1038 359 1065" STYLE_REF="1">funds</W>
			<W BOX="367 1038 398 1065" STYLE_REF="1">are</W>
			<W BOX="406 1037 491 1064" STYLE_REF="1" NS="y">obtained</W>
			<W BOX="491 1037 497 1064" STYLE_REF="1">.</W>
			<W BOX="522 1037 540 1064" STYLE_REF="1">A</W>
			<Q BOX="546 1037 592 1064" STYLE_REF="1" QID="33">gran</Q>
			<q BOX="593 1037 601 1064" STYLE_REF="1" QID="33">t</q>
			<QW QID="33">grant</QW>
			<W BOX="608 1037 625 1063" STYLE_REF="1">of</W>
			<W BOX="633 1036 734 1063" STYLE_REF="1">pecuniary</W>
		</Primitive>
		<Primitive BOX="24 1059 811 1114" ID="Ar0240018" SEQ_NO="18" TOC_ENTRY_ID="13" DEPTH_LEVEL="1">
			<L BOX="35 1059 733 1092"/>
			<W BOX="35 1065 65 1092" STYLE_REF="1">aid</W>
			<W BOX="74 1065 108 1092" STYLE_REF="1">has</W>
			<Q BOX="116 1064 186 1091" STYLE_REF="1" QID="34">recentl</Q>
			<q BOX="187 1064 200 1090" STYLE_REF="1" QID="34">y</q>
			<QW QID="34">recently</QW>
			<W BOX="208 1063 255 1089" STYLE_REF="1">been</W>
			<W BOX="262 1062 316 1088" STYLE_REF="1">made</W>
			<W BOX="323 1061 343 1087" STYLE_REF="1">to</W>
			<W BOX="351 1061 390 1087" STYLE_REF="1">this</W>
			<W BOX="398 1061 503 1087" STYLE_REF="1">institution</W>
			<Q BOX="510 1061 523 1087" STYLE_REF="1" QID="35">b</Q>
			<q BOX="522 1059 535 1088" STYLE_REF="4" QID="35">y</q>
			<QW QID="35">by</QW>
			<Q BOX="543 1059 564 1088" STYLE_REF="4" QID="36">th</Q>
			<q BOX="565 1060 575 1087" STYLE_REF="1" QID="36">e</q>
			<QW QID="36">the</QW>
			<Q BOX="586 1059 627 1087" STYLE_REF="4" QID="37">Leg</Q>
			<q BOX="627 1060 702 1086" STYLE_REF="1" QID="37">islature</q>
			<QW QID="37">Legislature</QW>
			<W BOX="715 1060 733 1086" STYLE_REF="1">of</W>
			<L BOX="35 1082 733 1114"/>
			<W BOX="35 1088 68 1114" STYLE_REF="1">the</W>
			<W BOX="76 1088 126 1114" STYLE_REF="1">State</W>
			<W BOX="133 1087 151 1114" STYLE_REF="1">of</W>
			<W BOX="159 1086 207 1113" STYLE_REF="1">New</W>
			<W BOX="215 1085 266 1112" STYLE_REF="1" NS="y">York</W>
			<W BOX="268 1086 273 1112" STYLE_REF="1">,</W>
			<W BOX="282 1085 313 1111" STYLE_REF="1">out</W>
			<W BOX="326 1084 344 1111" STYLE_REF="1">of</W>
			<W BOX="355 1084 387 1111" STYLE_REF="1">the</W>
			<W BOX="400 1084 479 1111" STYLE_REF="1">General</W>
			<Q BOX="487 1084 539 1111" STYLE_REF="1" QID="38">Hosp</Q>
			<q BOX="540 1083 573 1110" STYLE_REF="1" QID="38">ital</q>
			<QW QID="38">Hospital</QW>
			<W BOX="581 1083 635 1110" STYLE_REF="1" NS="y">Fund</W>
			<W BOX="641 1082 646 1109" STYLE_REF="1">;</W>
			<W BOX="659 1082 692 1109" STYLE_REF="1">but</W>
			<W BOX="701 1082 733 1109" STYLE_REF="1">the</W>
		</Primitive>
		<Primitive BOX="24 1105 811 1161" ID="Ar0240019" SEQ_NO="19" TOC_ENTRY_ID="13" DEPTH_LEVEL="1">
			<L BOX="35 1105 734 1137"/>
			<W BOX="35 1110 106 1137" STYLE_REF="1">greater</W>
			<W BOX="115 1110 157 1137" STYLE_REF="1">part</W>
			<W BOX="162 1109 180 1136" STYLE_REF="1">of</W>
			<W BOX="189 1109 214 1135" STYLE_REF="1">its</W>
			<W BOX="222 1108 342 1134" STYLE_REF="1">expenditure</W>
			<W BOX="350 1107 384 1134" STYLE_REF="1">has</W>
			<W BOX="392 1107 474 1134" STYLE_REF="1">hitherto</W>
			<W BOX="482 1107 528 1134" STYLE_REF="1" NS="y">been</W>
			<W BOX="530 1108 535 1134" STYLE_REF="1">,</W>
			<W BOX="544 1106 580 1133" STYLE_REF="1">and</W>
			<W BOX="588 1106 637 1133" STYLE_REF="1">must</W>
			<W BOX="645 1105 734 1132" STYLE_REF="1">continue</W>
			<L BOX="34 1129 732 1161"/>
			<W BOX="34 1135 53 1161" STYLE_REF="1">to</W>
			<W BOX="61 1134 86 1161" STYLE_REF="1" NS="y">be</W>
			<W BOX="85 1134 90 1161" STYLE_REF="1">,</W>
			<Q BOX="100 1134 138 1160" STYLE_REF="1" QID="39">defr</Q>
			<Q BOX="140 1134 174 1160" STYLE_REF="1" QID="39">aye</Q>
			<q BOX="175 1132 187 1159" STYLE_REF="1" QID="39">d</q>
			<QW QID="39">defrayed</QW>
			<W BOX="195 1132 221 1159" STYLE_REF="1">by</W>
			<Q BOX="228 1132 291 1159" STYLE_REF="1" QID="40">privat</Q>
			<q BOX="291 1132 301 1159" STYLE_REF="1" QID="40">e</q>
			<QW QID="40">private</QW>
			<W BOX="312 1131 446 1158" STYLE_REF="1" NS="y">contributions</W>
			<W BOX="448 1131 453 1158" STYLE_REF="1">.</W>
			<W BOX="478 1131 518 1158" STYLE_REF="1">The</W>
			<W BOX="525 1130 613 1157" STYLE_REF="1">proceeds</W>
			<W BOX="622 1129 640 1156" STYLE_REF="1">of</W>
			<W BOX="649 1129 660 1156" STYLE_REF="1">a</W>
			<W BOX="667 1129 732 1156" STYLE_REF="1">bazaar</W>
		</Primitive>
		<Primitive BOX="24 1161 811 1214" ID="Ar0240020" SEQ_NO="20" TOC_ENTRY_ID="13" DEPTH_LEVEL="1">
			<L BOX="34 1152 735 1185"/>
			<Q BOX="34 1159 58 1185" STYLE_REF="1" LH="y" QID="41">�</Q>
			<Q BOX="58 1159 70 1185" STYLE_REF="1" QID="41">o</Q>
			<q BOX="69 1157 77 1184" STYLE_REF="1" QID="41">f</q>
			<QW QID="41">�of</QW>
			<W BOX="85 1157 148 1184" STYLE_REF="1">which</W>
			<W BOX="155 1156 166 1183" STYLE_REF="1">a</W>
			<W BOX="174 1156 223 1183" STYLE_REF="1">large</W>
			<W BOX="232 1155 339 1182" STYLE_REF="1">proportion</W>
			<W BOX="354 1155 372 1182" STYLE_REF="1">of</W>
			<W BOX="387 1155 420 1181" STYLE_REF="1">the</W>
			<W BOX="433 1154 504 1181" STYLE_REF="1">articles</W>
			<W BOX="515 1154 580 1181" STYLE_REF="1">offered</W>
			<W BOX="596 1152 624 1179" STYLE_REF="1">for</W>
			<W BOX="638 1152 675 1179" STYLE_REF="1">sale</W>
			<W BOX="684 1152 735 1179" STYLE_REF="1">were</W>
		</Primitive>
	</Content>
	<TOC_Entries><TOC_Entry TOC_ENTRY_ID="50" TITLE="To the Editors of the English Woman's Jo..." ENTITY_ID_REF="Ar02400" PAGE_NO="24" PAGE_LABEL="96" PRIM_ID_REF="Ar0240000" IS_IC="true"/></TOC_Entries></XMD-entity>
