<?xml version="1.0" encoding="windows-1252" standalone="no"?>
<XMD-entity REPOSITORY_FORMAT="1.0" PRXML_VER="2.0" ENTITY_TYPE="Article" DOC_UID="EWJ_01/04/1858" DOC_VER="1" FIRST_TOC_ENTRY_ID="29" DEPTH_LEVEL="1" INDEX_IN_DOC="55" PAGE_NO="24" ID="Ar02401" BOX="24 12 811 90" LANGUAGE="English" SNP="Ar02401S.png" SNP_WIDTH="788" SNP_HEIGHT="79" LOGICAL_NAME="true">
	<Meta NAME="96 ELIZABETH BliACKWELL." DESCRIPTION="" SUBTYPE="" BASE_HREF="EWJ/1858/04/01" SOURCE_TYPE="TIFF" PUBLICATION="EWJ" SECTION="None" ISSUE_DATE="01/04/1858" WORDCNT="4" RELEASE_NO="041-EWJ-1858-04-01-001-SINGLE" PAGE_ID="" PAGE_TYPE="Single" PAGE_WIDTH="823" PAGE_HEIGHT="1239" DEFAULT_IMG_EXT="png" PDF_DESTINATION_MAPPED="OLV0_Entity_0024_0002" IMAGES_RESOLUTION="86" XMD_VER="2.6.238.8" PAGE_LABEL="96"/>
	<Link SOURCE="041-EWJ-1858-04-01-001-SINGLE.PDF" FIRST_ID="Ar00200" LAST_ID="Ar07201" NEXT_ID="" PREV_ID="Ar02400" TOC_ID="d:/Olive/Repository/EWJ/1858/04/01/TOC.xml"/>
	<DataFiles>
		<Files TYPE="DOC_PDF" PRESENT="1"/>
		<Files TYPE="PAGE_PDF" PRESENT="0"/>
		<Files TYPE="DOC_IMG" PRESENT="0"/>
		<Files TYPE="PAGE_IMG" PRESENT="0"/>
		<Files TYPE="PAGE_VIEW_IMG" PRESENT="1"/>
		<Files TYPE="PAGE_PREVIEW_IMG" PRESENT="1"/>
		<Files TYPE="PRIMITIVE_IMG" PRESENT="1"/>
		<Files TYPE="SNIPPET_IMG" PRESENT="1"/>
	</DataFiles>
	<Content>
		<Primitive BOX="24 12 811 90" ID="Ar0240100" SEQ_NO="0" TOC_ENTRY_ID="29" DEPTH_LEVEL="1">
			<L BOX="47 53 530 80"/>
			<W BOX="47 57 72 80" STYLE_REF="7">96</W>
			<W BOX="263 55 381 78" STYLE_REF="7">ELIZABETH</W>
			<W BOX="396 53 524 76" STYLE_REF="7" NS="y">BliACKWELL</W>
			<W BOX="524 53 530 76" STYLE_REF="7">.</W>
		</Primitive>
	</Content>
	<TOC_Entries><TOC_Entry TOC_ENTRY_ID="51" TITLE="96 ELIZABETH BliACKWELL." ENTITY_ID_REF="Ar02401" PAGE_NO="24" PAGE_LABEL="96" PRIM_ID_REF="Ar0240100" IS_IC="true"/></TOC_Entries></XMD-entity>
