<?xml version="1.0" encoding="windows-1252" standalone="no"?>
<XMD-PAGE REPOSITORY_FORMAT="1.0" PRXML_VER="2.0">
	<Meta ISSUE_DATE="01/04/1858" RELEASE_NO="041-EWJ-1858-04-01-001-SINGLE" PAGE_NO="24" NAME="" PAGE_LABEL="96" PAGE_TYPE="Single" PUBLISHER="Olive" PUBLICATION="EWJ" SOURCE_TYPE="TIFF" SOURCE_RESOLUTION="72" IMAGES_RESOLUTION="86" PAGE_THUMBNAIL_RESOLUTION="86" PAGE_PREVIEW_RESOLUTION="15" DEFAULT_IMG_EXT="png" IMG_EXT="png" PREVIEW_IMG_EXT="png" XMD_VER="2.6.238.8" PROFILE_ID="D:\pdfs\EWJ\XMD_EWJ.ini" SECTION="None" PAGE_WIDTH="823" PAGE_HEIGHT="1239" PAGES_NUMBER="72" BASE_HREF="EWJ/1858/04/01" PDF_DESTINATION_MAPPED="OLV0_Page_0024">
		<Resolutions>
			<Resolution DEFAULT="true">86</Resolution>
		</Resolutions>
	</Meta>
	<Link SOURCE="041-EWJ-1858-04-01-001-SINGLE.PDF" NEXT_SECTION="" PREV_SECTION="1"/>
	<DataFiles>
		<Files TYPE="DOC_PDF" PRESENT="1"/>
		<Files TYPE="PAGE_PDF" PRESENT="0"/>
		<Files TYPE="DOC_IMG" PRESENT="0"/>
		<Files TYPE="PAGE_IMG" PRESENT="0"/>
		<Files TYPE="PAGE_VIEW_IMG" PRESENT="1"/>
		<Files TYPE="PAGE_PREVIEW_IMG" PRESENT="1"/>
		<Files TYPE="PRIMITIVE_IMG" PRESENT="1"/>
		<Files TYPE="SNIPPET_IMG" PRESENT="1"/>
	</DataFiles>
	<Entity ENTITY_TYPE="Article" FIRST_TOC_ENTRY_ID="13" INDEX_IN_DOC="35" DEPTH_LEVEL="1" ID="Ar02400" SIZE="XLarge" BOX="24 90 811 1214" NEXT_SECTION="" PREV_SECTION="1" CONTINUATION_TO="Ar02500" CONTINUATION_FROM="Ar02300" FIRST_CHUNK="Ar00802" IMAGES_RESOLUTION="86" LOGICAL_NAME="true">
		<Name>To the Editors of the English Woman's Jo...</Name>
		<Primitive ID="Ar0240000" BOX="24 90 811 149" ELEMENT_TYPE="Content" SEQ_NO="0" TOC_ENTRY_ID="13" DEPTH_LEVEL="1"/>
		<Primitive ID="Ar0240001" BOX="24 137 811 194" ELEMENT_TYPE="Content" SEQ_NO="1" TOC_ENTRY_ID="13" DEPTH_LEVEL="1"/>
		<Primitive ID="Ar0240002" BOX="24 182 811 241" ELEMENT_TYPE="Content" SEQ_NO="2" TOC_ENTRY_ID="13" DEPTH_LEVEL="1"/>
		<Primitive ID="Ar0240003" BOX="24 229 811 279" ELEMENT_TYPE="Content" SEQ_NO="3" TOC_ENTRY_ID="13" DEPTH_LEVEL="1"/>
		<Primitive ID="Ar0240004" BOX="24 267 811 346" ELEMENT_TYPE="Content" SEQ_NO="4" TOC_ENTRY_ID="13" DEPTH_LEVEL="1"/>
		<Primitive ID="Ar0240005" BOX="24 334 811 394" ELEMENT_TYPE="Content" SEQ_NO="5" TOC_ENTRY_ID="13" DEPTH_LEVEL="1"/>
		<Primitive ID="Ar0240006" BOX="24 382 811 446" ELEMENT_TYPE="Content" SEQ_NO="6" TOC_ENTRY_ID="13" DEPTH_LEVEL="1"/>
		<Primitive ID="Ar0240007" BOX="24 436 811 515" ELEMENT_TYPE="Content" SEQ_NO="7" TOC_ENTRY_ID="13" DEPTH_LEVEL="1"/>
		<Primitive ID="Ar0240008" BOX="24 505 811 585" ELEMENT_TYPE="Content" SEQ_NO="8" TOC_ENTRY_ID="13" DEPTH_LEVEL="1"/>
		<Primitive ID="Ar0240009" BOX="24 575 811 630" ELEMENT_TYPE="Content" SEQ_NO="9" TOC_ENTRY_ID="13" DEPTH_LEVEL="1"/>
		<Primitive ID="Ar0240010" BOX="24 621 811 700" ELEMENT_TYPE="Content" SEQ_NO="10" TOC_ENTRY_ID="13" DEPTH_LEVEL="1"/>
		<Primitive ID="Ar0240011" BOX="24 690 811 762" ELEMENT_TYPE="Content" SEQ_NO="11" TOC_ENTRY_ID="13" DEPTH_LEVEL="1"/>
		<Primitive ID="Ar0240012" BOX="24 750 811 815" ELEMENT_TYPE="Content" SEQ_NO="12" TOC_ENTRY_ID="13" DEPTH_LEVEL="1"/>
		<Primitive ID="Ar0240013" BOX="24 805 811 876" ELEMENT_TYPE="Content" SEQ_NO="13" TOC_ENTRY_ID="13" DEPTH_LEVEL="1"/>
		<Primitive ID="Ar0240014" BOX="24 864 811 922" ELEMENT_TYPE="Content" SEQ_NO="14" TOC_ENTRY_ID="13" DEPTH_LEVEL="1"/>
		<Primitive ID="Ar0240015" BOX="24 910 811 976" ELEMENT_TYPE="Content" SEQ_NO="15" TOC_ENTRY_ID="13" DEPTH_LEVEL="1"/>
		<Primitive ID="Ar0240016" BOX="24 967 811 1023" ELEMENT_TYPE="Content" SEQ_NO="16" TOC_ENTRY_ID="13" DEPTH_LEVEL="1"/>
		<Primitive ID="Ar0240017" BOX="24 1013 811 1068" ELEMENT_TYPE="Content" SEQ_NO="17" TOC_ENTRY_ID="13" DEPTH_LEVEL="1"/>
		<Primitive ID="Ar0240018" BOX="24 1059 811 1114" ELEMENT_TYPE="Content" SEQ_NO="18" TOC_ENTRY_ID="13" DEPTH_LEVEL="1"/>
		<Primitive ID="Ar0240019" BOX="24 1105 811 1161" ELEMENT_TYPE="Content" SEQ_NO="19" TOC_ENTRY_ID="13" DEPTH_LEVEL="1"/>
		<Primitive ID="Ar0240020" BOX="24 1161 811 1214" ELEMENT_TYPE="Content" SEQ_NO="20" TOC_ENTRY_ID="13" DEPTH_LEVEL="1"/>
	</Entity>
	<Entity ENTITY_TYPE="Article" FIRST_TOC_ENTRY_ID="29" INDEX_IN_DOC="55" DEPTH_LEVEL="1" ID="Ar02401" SIZE="Small" BOX="24 12 811 90" NEXT_SECTION="" PREV_SECTION="1" IMAGES_RESOLUTION="86" LOGICAL_NAME="true">
		<Name>96 ELIZABETH BliACKWELL.</Name>
		<Primitive ID="Ar0240100" BOX="24 12 811 90" ELEMENT_TYPE="Content" SEQ_NO="0" TOC_ENTRY_ID="29" DEPTH_LEVEL="1"/>
	</Entity>
</XMD-PAGE>