<?xml version="1.0" encoding="windows-1252" standalone="no"?>
<XMD-entity REPOSITORY_FORMAT="1.0" PRXML_VER="2.0" ENTITY_TYPE="Article" DOC_UID="EWJ_01/03/1858" DOC_VER="1" FIRST_TOC_ENTRY_ID="92" DEPTH_LEVEL="1" INDEX_IN_DOC="160" PAGE_NO="71" ID="Ar07101" BOX="24 12 829 99" LANGUAGE="English" SNP="Ar07101S.png" SNP_WIDTH="806" SNP_HEIGHT="88" LOGICAL_NAME="true">
	<Meta NAME="PASSING EVENTS. 71" DESCRIPTION="" SUBTYPE="" BASE_HREF="EWJ/1858/03/01" SOURCE_TYPE="TIFF" PUBLICATION="EWJ" SECTION="None" ISSUE_DATE="01/03/1858" WORDCNT="4" RELEASE_NO="041-EWJ-1858-03-01-001-SINGLE" PAGE_ID="" PAGE_TYPE="Single" PAGE_WIDTH="842" PAGE_HEIGHT="1244" DEFAULT_IMG_EXT="png" PDF_DESTINATION_MAPPED="OLV0_Entity_0071_0002" IMAGES_RESOLUTION="86" XMD_VER="2.6.238.8" PAGE_LABEL="71"/>
	<Link SOURCE="041-EWJ-1858-03-01-001-SINGLE.PDF" FIRST_ID="Ar00200" LAST_ID="Ar07201" NEXT_ID="" PREV_ID="Ar07100" TOC_ID="d:/Olive/Repository/EWJ/1858/03/01/TOC.xml"/>
	<DataFiles>
		<Files TYPE="DOC_PDF" PRESENT="1"/>
		<Files TYPE="PAGE_PDF" PRESENT="0"/>
		<Files TYPE="DOC_IMG" PRESENT="0"/>
		<Files TYPE="PAGE_IMG" PRESENT="0"/>
		<Files TYPE="PAGE_VIEW_IMG" PRESENT="1"/>
		<Files TYPE="PAGE_PREVIEW_IMG" PRESENT="1"/>
		<Files TYPE="PRIMITIVE_IMG" PRESENT="1"/>
		<Files TYPE="SNIPPET_IMG" PRESENT="1"/>
	</DataFiles>
	<Content>
		<Primitive BOX="24 12 829 99" ID="Ar0710100" SEQ_NO="0" TOC_ENTRY_ID="92" DEPTH_LEVEL="1">
			<L BOX="314 61 750 85"/>
			<Q BOX="314 62 370 85" STYLE_REF="7" QID="1">PASSI</Q>
			<q BOX="371 62 399 85" STYLE_REF="7" QID="1">NG</q>
			<QW QID="1">PASSING</QW>
			<W BOX="412 62 491 85" STYLE_REF="7" NS="y">EVENTS</W>
			<W BOX="491 62 496 85" STYLE_REF="7">.</W>
			<W BOX="720 61 750 85" STYLE_REF="7">71</W>
		</Primitive>
	</Content>
	<TOC_Entries><TOC_Entry TOC_ENTRY_ID="159" TITLE="PASSING EVENTS. 71" ENTITY_ID_REF="Ar07101" PAGE_NO="71" PAGE_LABEL="71" PRIM_ID_REF="Ar0710100" IS_IC="true"/></TOC_Entries></XMD-entity>
