<?xml version="1.0" encoding="windows-1252" standalone="no"?>
<XMD-PAGE REPOSITORY_FORMAT="1.0" PRXML_VER="2.0">
	<Meta ISSUE_DATE="01/03/1858" RELEASE_NO="041-EWJ-1858-03-01-001-SINGLE" PAGE_NO="71" NAME="" PAGE_LABEL="71" PAGE_TYPE="Single" PUBLISHER="Olive" PUBLICATION="EWJ" SOURCE_TYPE="TIFF" SOURCE_RESOLUTION="72" IMAGES_RESOLUTION="86" PAGE_THUMBNAIL_RESOLUTION="86" PAGE_PREVIEW_RESOLUTION="15" DEFAULT_IMG_EXT="png" IMG_EXT="png" PREVIEW_IMG_EXT="png" XMD_VER="2.6.238.8" PROFILE_ID="D:\pdfs\EWJ\XMD_EWJ.ini" SECTION="None" PAGE_WIDTH="842" PAGE_HEIGHT="1244" PAGES_NUMBER="72" BASE_HREF="EWJ/1858/03/01" PDF_DESTINATION_MAPPED="OLV0_Page_0071">
		<Resolutions>
			<Resolution DEFAULT="true">86</Resolution>
		</Resolutions>
	</Meta>
	<Link SOURCE="041-EWJ-1858-03-01-001-SINGLE.PDF" NEXT_SECTION="" PREV_SECTION="1"/>
	<DataFiles>
		<Files TYPE="DOC_PDF" PRESENT="1"/>
		<Files TYPE="PAGE_PDF" PRESENT="0"/>
		<Files TYPE="DOC_IMG" PRESENT="0"/>
		<Files TYPE="PAGE_IMG" PRESENT="0"/>
		<Files TYPE="PAGE_VIEW_IMG" PRESENT="1"/>
		<Files TYPE="PAGE_PREVIEW_IMG" PRESENT="1"/>
		<Files TYPE="PRIMITIVE_IMG" PRESENT="1"/>
		<Files TYPE="SNIPPET_IMG" PRESENT="1"/>
	</DataFiles>
	<Entity ENTITY_TYPE="Article" FIRST_TOC_ENTRY_ID="90" INDEX_IN_DOC="157" DEPTH_LEVEL="1" ID="Ar07100" SIZE="XLarge" BOX="24 99 829 1219" NEXT_SECTION="" PREV_SECTION="1" CONTINUATION_TO="Ar07201" CONTINUATION_FROM="Ar07000" FIRST_CHUNK="Ar06900" IMAGES_RESOLUTION="86" LOGICAL_NAME="true">
		<Name>great The heavy revolt in gloom India wh...</Name>
		<Primitive ID="Ar0710000" BOX="24 99 829 164" ELEMENT_TYPE="Content" SEQ_NO="0" TOC_ENTRY_ID="90" DEPTH_LEVEL="1"/>
		<Primitive ID="Ar0710001" BOX="24 155 829 218" ELEMENT_TYPE="Content" SEQ_NO="1" TOC_ENTRY_ID="90" DEPTH_LEVEL="1"/>
		<Primitive ID="Ar0710002" BOX="24 210 829 270" ELEMENT_TYPE="Content" SEQ_NO="2" TOC_ENTRY_ID="90" DEPTH_LEVEL="1"/>
		<Primitive ID="Ar0710003" BOX="24 262 829 342" ELEMENT_TYPE="Content" SEQ_NO="3" TOC_ENTRY_ID="90" DEPTH_LEVEL="1"/>
		<Primitive ID="Ar0710004" BOX="24 333 829 413" ELEMENT_TYPE="Content" SEQ_NO="4" TOC_ENTRY_ID="90" DEPTH_LEVEL="1"/>
		<Primitive ID="Ar0710005" BOX="24 405 829 484" ELEMENT_TYPE="Content" SEQ_NO="5" TOC_ENTRY_ID="90" DEPTH_LEVEL="1"/>
		<Primitive ID="Ar0710006" BOX="24 478 829 532" ELEMENT_TYPE="Content" SEQ_NO="6" TOC_ENTRY_ID="90" DEPTH_LEVEL="1"/>
		<Primitive ID="Ar0710007" BOX="24 520 829 591" ELEMENT_TYPE="Content" SEQ_NO="7" TOC_ENTRY_ID="90" DEPTH_LEVEL="1"/>
		<Primitive ID="Ar0710008" BOX="24 583 829 644" ELEMENT_TYPE="Content" SEQ_NO="8" TOC_ENTRY_ID="90" DEPTH_LEVEL="1"/>
		<Primitive ID="Ar0710009" BOX="24 637 829 734" ELEMENT_TYPE="Content" SEQ_NO="9" TOC_ENTRY_ID="90" DEPTH_LEVEL="1"/>
		<Primitive ID="Ar0710010" BOX="24 726 829 787" ELEMENT_TYPE="Content" SEQ_NO="10" TOC_ENTRY_ID="90" DEPTH_LEVEL="1"/>
		<Primitive ID="Ar0710011" BOX="24 779 829 870" ELEMENT_TYPE="Content" SEQ_NO="11" TOC_ENTRY_ID="90" DEPTH_LEVEL="1"/>
		<Primitive ID="Ar0710012" BOX="24 858 829 948" ELEMENT_TYPE="Content" SEQ_NO="12" TOC_ENTRY_ID="90" DEPTH_LEVEL="1"/>
		<Primitive ID="Ar0710013" BOX="24 940 829 1002" ELEMENT_TYPE="Content" SEQ_NO="13" TOC_ENTRY_ID="90" DEPTH_LEVEL="1"/>
		<Primitive ID="Ar0710014" BOX="24 994 829 1055" ELEMENT_TYPE="Content" SEQ_NO="14" TOC_ENTRY_ID="90" DEPTH_LEVEL="1"/>
		<Primitive ID="Ar0710015" BOX="24 1046 829 1143" ELEMENT_TYPE="Content" SEQ_NO="15" TOC_ENTRY_ID="90" DEPTH_LEVEL="1"/>
		<Primitive ID="Ar0710016" BOX="24 1136 829 1162" ELEMENT_TYPE="Content" SEQ_NO="16" TOC_ENTRY_ID="90" DEPTH_LEVEL="1"/>
		<Primitive ID="Ar0710017" BOX="24 1162 829 1219" ELEMENT_TYPE="Content" SEQ_NO="17" TOC_ENTRY_ID="90" DEPTH_LEVEL="1"/>
	</Entity>
	<Entity ENTITY_TYPE="Article" FIRST_TOC_ENTRY_ID="92" INDEX_IN_DOC="160" DEPTH_LEVEL="1" ID="Ar07101" SIZE="Small" BOX="24 12 829 99" NEXT_SECTION="" PREV_SECTION="1" IMAGES_RESOLUTION="86" LOGICAL_NAME="true">
		<Name>PASSING EVENTS. 71</Name>
		<Primitive ID="Ar0710100" BOX="24 12 829 99" ELEMENT_TYPE="Content" SEQ_NO="0" TOC_ENTRY_ID="92" DEPTH_LEVEL="1"/>
	</Entity>
</XMD-PAGE>