<?xml version="1.0" encoding="windows-1252" standalone="no"?>
<XMD-entity REPOSITORY_FORMAT="1.0" PRXML_VER="2.0" ENTITY_TYPE="Article" DOC_UID="EWJ_01/04/1858" DOC_VER="1" FIRST_TOC_ENTRY_ID="5" DEPTH_LEVEL="1" INDEX_IN_DOC="11" PAGE_NO="2" ID="Ar00201" BOX="24 26 811 118" LANGUAGE="English" SNP="Ar00201S.png" SNP_WIDTH="788" SNP_HEIGHT="92" LOGICAL_NAME="true">
	<Meta NAME="74 FLORENCE NIGHTINGALE AND THE ENGLISH ..." DESCRIPTION="" SUBTYPE="" BASE_HREF="EWJ/1858/04/01" SOURCE_TYPE="TIFF" PUBLICATION="EWJ" SECTION="None" ISSUE_DATE="01/04/1858" WORDCNT="8" RELEASE_NO="041-EWJ-1858-04-01-001-SINGLE" PAGE_ID="" PAGE_TYPE="Single" PAGE_WIDTH="823" PAGE_HEIGHT="1239" DEFAULT_IMG_EXT="png" PDF_DESTINATION_MAPPED="OLV0_Entity_0002_0002" IMAGES_RESOLUTION="86" XMD_VER="2.6.238.8" PAGE_LABEL="74"/>
	<Link SOURCE="041-EWJ-1858-04-01-001-SINGLE.PDF" FIRST_ID="Ar00200" LAST_ID="Ar07201" NEXT_ID="" PREV_ID="Ar00200" TOC_ID="d:/Olive/Repository/EWJ/1858/04/01/TOC.xml"/>
	<DataFiles>
		<Files TYPE="DOC_PDF" PRESENT="1"/>
		<Files TYPE="PAGE_PDF" PRESENT="0"/>
		<Files TYPE="DOC_IMG" PRESENT="0"/>
		<Files TYPE="PAGE_IMG" PRESENT="0"/>
		<Files TYPE="PAGE_VIEW_IMG" PRESENT="1"/>
		<Files TYPE="PAGE_PREVIEW_IMG" PRESENT="1"/>
		<Files TYPE="PRIMITIVE_IMG" PRESENT="1"/>
		<Files TYPE="SNIPPET_IMG" PRESENT="1"/>
	</DataFiles>
	<Content>
		<Primitive BOX="24 26 811 118" ID="Ar0020100" SEQ_NO="0" TOC_ENTRY_ID="5" DEPTH_LEVEL="1">
			<L BOX="93 80 709 109"/>
			<W BOX="93 85 117 109" STYLE_REF="7">74</W>
			<W BOX="143 83 246 107" STYLE_REF="7">FLORENCE</W>
			<W BOX="258 82 397 106" STYLE_REF="7">NIGHTINGALE</W>
			<W BOX="409 82 452 105" STYLE_REF="7">AND</W>
			<W BOX="464 81 504 104" STYLE_REF="7">THE</W>
			<W BOX="517 80 604 104" STYLE_REF="7">ENGLISH</W>
			<W BOX="617 80 703 103" STYLE_REF="7" NS="y">SOLDIER</W>
			<W BOX="703 80 709 103" STYLE_REF="7">.</W>
		</Primitive>
	</Content>
	<TOC_Entries><TOC_Entry TOC_ENTRY_ID="6" TITLE="74 FLORENCE NIGHTINGALE AND THE ENGLISH ..." ENTITY_ID_REF="Ar00201" PAGE_NO="2" PAGE_LABEL="74" PRIM_ID_REF="Ar0020100" IS_IC="true"/></TOC_Entries></XMD-entity>
