<?xml version="1.0" encoding="windows-1252" standalone="no"?>
<XMD-entity REPOSITORY_FORMAT="1.0" PRXML_VER="2.0" ENTITY_TYPE="Article" FIRST_TOC_ENTRY_ID="4" DEPTH_LEVEL="1" INDEX_IN_DOC="5" PAGE_NO="2" ID="Ar00200" BOX="24 118 811 1214" LANGUAGE="English" CONTINUATION_TO="Ar00300" CONTINUATION_FROM="Ar00103" LOGICAL_NAME="true">
	<Meta NAME="+ To the well-known services of Miss Nig..." DESCRIPTION="" SUBTYPE="" BASE_HREF="EWJ/1858/04/01" SOURCE_TYPE="TIFF" PUBLICATION="EWJ" SECTION="None" ISSUE_DATE="01/04/1858" WORDCNT="673" RELEASE_NO="041-EWJ-1858-04-01-001-SINGLE" PAGE_ID="" PAGE_TYPE="Single" PAGE_WIDTH="823" PAGE_HEIGHT="1239" DEFAULT_IMG_EXT="png" PDF_DESTINATION_MAPPED="OLV0_Entity_0002_0001" IMAGES_RESOLUTION="86" XMD_VER="2.6.238.8" PAGE_LABEL="74"/>
	<Link SOURCE="041-EWJ-1858-04-01-001-SINGLE.PDF" FIRST_ID="Ar00200" LAST_ID="Ar07201" NEXT_ID="Ar00201" PREV_ID="" TOC_ID="d:/Olive/Repository/EWJ/1858/04/01/TOC.xml"/>
	<DataFiles>
		<Files TYPE="DOC_PDF" PRESENT="1"/>
		<Files TYPE="PAGE_PDF" PRESENT="0"/>
		<Files TYPE="DOC_IMG" PRESENT="0"/>
		<Files TYPE="PAGE_IMG" PRESENT="0"/>
		<Files TYPE="PAGE_VIEW_IMG" PRESENT="1"/>
		<Files TYPE="PAGE_PREVIEW_IMG" PRESENT="1"/>
		<Files TYPE="PRIMITIVE_IMG" PRESENT="1"/>
		<Files TYPE="SNIPPET_IMG" PRESENT="1"/>
	</DataFiles>
	<Content>
		<Primitive BOX="24 118 811 188" ID="Ar0020000" SEQ_NO="0" TOC_ENTRY_ID="4" DEPTH_LEVEL="1">
			<L BOX="92 119 757 150"/>
			<W BOX="92 124 155 150" STYLE_REF="1">beings</W>
			<W BOX="170 123 201 150" STYLE_REF="1">can</W>
			<W BOX="218 123 240 150" STYLE_REF="1">be</W>
			<W BOX="256 122 344 149" STYLE_REF="1" NS="y">subjected</W>
			<W BOX="347 122 352 149" STYLE_REF="1">,</W>
			<W BOX="368 121 400 148" STYLE_REF="1">our</W>
			<W BOX="416 121 488 148" STYLE_REF="1">soldiers</W>
			<Q BOX="505 120 555 147" STYLE_REF="1" QID="1">shoul</Q>
			<q BOX="556 120 568 147" STYLE_REF="1" QID="1">d</q>
			<QW QID="1">should</QW>
			<W BOX="583 119 655 146" STYLE_REF="1">present</W>
			<W BOX="673 119 705 146" STYLE_REF="1">the</W>
			<W BOX="721 119 757 146" STYLE_REF="1">fine</W>
			<L BOX="91 141 758 192"/>
			<Q BOX="91 147 104 174" STYLE_REF="1" QID="2">p</Q>
			<Q BOX="104 146 116 173" STYLE_REF="1" QID="2">h</Q>
			<q BOX="116 146 173 173" STYLE_REF="1" QID="2">ysical</q>
			<QW QID="2">physical</QW>
			<W BOX="184 145 291 172" STYLE_REF="1">appearance</W>
			<W BOX="305 144 347 171" STYLE_REF="1">they</W>
			<W BOX="356 144 379 170" STYLE_REF="1" NS="y">do</W>
			<W BOX="379 144 385 170" STYLE_REF="1">.</W>
			<W BOX="381 165 427 192" STYLE_REF="1">limb</W>
			<W BOX="407 144 441 170" STYLE_REF="1">We</W>
			<W BOX="437 164 480 191" STYLE_REF="1">from</W>
			<Q BOX="453 144 465 170" STYLE_REF="1" QID="3">p</Q>
			<q BOX="465 142 494 169" STYLE_REF="1" QID="3">ick</q>
			<QW QID="3">pick</QW>
			<W BOX="506 142 536 169" STYLE_REF="1">the</W>
			<W BOX="548 142 635 169" STYLE_REF="1" NS="y">strongest</W>
			<W BOX="637 142 642 168" STYLE_REF="1">,</W>
			<W BOX="655 141 750 168" STYLE_REF="1">healthiest</W>
			<W BOX="721 163 757 190" STYLE_REF="1">and</W>
			<W BOX="752 141 758 168" STYLE_REF="1">,</W>
		</Primitive>
		<Primitive BOX="24 176 811 239" ID="Ar0020001" SEQ_NO="1" TOC_ENTRY_ID="4" DEPTH_LEVEL="1">
			<L BOX="91 163 715 195"/>
			<Q BOX="91 169 134 195" STYLE_REF="1" QID="4">men</Q>
			<q BOX="146 168 188 194" STYLE_REF="1" QID="4">men</q>
			<QW QID="4">menmen</QW>
			<W BOX="193 167 248 193" STYLE_REF="1">sound</W>
			<W BOX="257 167 276 193" STYLE_REF="1">in</W>
			<W BOX="284 166 333 192" STYLE_REF="1">wind</W>
			<W BOX="340 166 374 192" STYLE_REF="1">and</W>
			<W BOX="426 165 431 192" STYLE_REF="1">,</W>
			<W BOX="489 164 552 191" STYLE_REF="1">among</W>
			<W BOX="559 164 591 191" STYLE_REF="1">our</W>
			<W BOX="599 163 715 190" STYLE_REF="1">agricultural</W>
			<L BOX="91 168 758 217"/>
			<W BOX="91 190 156 217" STYLE_REF="1">artisan</W>
			<W BOX="133 168 138 195" STYLE_REF="1">,</W>
			<W BOX="164 189 267 216" STYLE_REF="1" NS="y">population</W>
			<W BOX="269 188 273 215" STYLE_REF="1">,</W>
			<W BOX="280 188 334 214" STYLE_REF="1">spend</W>
			<W BOX="343 188 386 214" STYLE_REF="1" NS="y">time</W>
			<W BOX="386 187 391 214" STYLE_REF="1">,</W>
			<W BOX="396 187 460 214" STYLE_REF="1" NS="y">money</W>
			<W BOX="461 187 466 214" STYLE_REF="1">,</W>
			<W BOX="472 186 506 213" STYLE_REF="1">and</W>
			<W BOX="512 186 581 213" STYLE_REF="1">science</W>
			<W BOX="588 186 608 213" STYLE_REF="1">in</W>
			<Q BOX="614 185 715 212" STYLE_REF="1" QID="5">manufactu</Q>
			<q BOX="716 185 758 212" STYLE_REF="1" QID="5">ring</q>
			<QW QID="5">manufacturing</QW>
			<L BOX="91 207 758 239"/>
			<W BOX="91 213 122 239" STYLE_REF="1">the</W>
			<W BOX="135 212 172 239" STYLE_REF="1">raw</W>
			<W BOX="182 211 289 237" STYLE_REF="1">clodhopper</W>
			<W BOX="300 210 333 237" STYLE_REF="1">and</W>
			<W BOX="346 209 439 236" STYLE_REF="1">slouching</W>
			<W BOX="450 208 539 235" STYLE_REF="1">mechanic</W>
			<W BOX="554 208 593 235" STYLE_REF="1">into</W>
			<W BOX="604 208 635 235" STYLE_REF="1">the</W>
			<W BOX="646 207 687 234" STYLE_REF="1" NS="y">trim</W>
			<W BOX="689 207 693 233" STYLE_REF="1">,</W>
			<Q BOX="707 207 749 233" STYLE_REF="1" QID="6">well</Q>
			<Q BOX="749 207 758 233" STYLE_REF="1" QID="6">-</Q>
		</Primitive>
		<Primitive BOX="24 229 811 283" ID="Ar0020002" SEQ_NO="2" TOC_ENTRY_ID="4" DEPTH_LEVEL="1">
			<L BOX="90 229 757 283"/>
			<q BOX="90 235 134 261" STYLE_REF="1" QID="6">knit</q>
			<QW QID="6">wellknit</QW>
			<W BOX="90 257 144 283" STYLE_REF="1">going</W>
			<W BOX="132 234 137 261" STYLE_REF="1">,</W>
			<W BOX="144 233 184 260" STYLE_REF="1">firm</W>
			<W BOX="151 256 172 282" STYLE_REF="1">on</W>
			<W BOX="181 255 210 282" STYLE_REF="1">we</W>
			<Q BOX="184 233 191 260" STYLE_REF="1" LH="y" QID="7">-</Q>
			<q BOX="191 233 239 260" STYLE_REF="1" QID="7">stepp</q>
			<QW QID="7">-stepp</QW>
			<W BOX="217 255 264 281" STYLE_REF="1">hand</W>
			<W BOX="241 232 274 259" STYLE_REF="1">ing</W>
			<W BOX="274 254 312 281" STYLE_REF="1">him</W>
			<W BOX="285 232 329 259" STYLE_REF="1">soldi</W>
			<W BOX="319 254 359 280" STYLE_REF="1">over</W>
			<W BOX="330 232 350 259" STYLE_REF="1" NS="y">er</W>
			<W BOX="350 231 355 258" STYLE_REF="1">,</W>
			<W BOX="362 231 397 258" STYLE_REF="1">and</W>
			<W BOX="371 253 391 280" STYLE_REF="1">in</W>
			<W BOX="402 253 432 280" STYLE_REF="1">his</W>
			<W BOX="409 230 464 257" STYLE_REF="1">while</W>
			<W BOX="442 252 496 279" STYLE_REF="1">hours</W>
			<W BOX="475 230 512 257" STYLE_REF="1">this</W>
			<W BOX="509 252 525 279" STYLE_REF="1">of</W>
			<W BOX="522 230 566 257" STYLE_REF="1">costl</W>
			<W BOX="537 252 573 279" STYLE_REF="1">rest</W>
			<W BOX="567 230 580 257" STYLE_REF="1">y</W>
			<W BOX="584 252 618 279" STYLE_REF="1">and</W>
			<W BOX="586 229 729 256" STYLE_REF="1">transformation</W>
			<W BOX="625 251 690 278" STYLE_REF="1">leisure</W>
			<W BOX="698 251 717 278" STYLE_REF="1">to</W>
			<W BOX="724 251 755 278" STYLE_REF="1">the</W>
			<W BOX="739 229 757 255" STYLE_REF="1">is</W>
		</Primitive>
		<Primitive BOX="24 273 811 328" ID="Ar0020003" SEQ_NO="3" TOC_ENTRY_ID="4" DEPTH_LEVEL="1">
			<L BOX="89 273 755 305"/>
			<W BOX="89 278 175 305" STYLE_REF="1">insidious</W>
			<W BOX="186 277 254 304" STYLE_REF="1">attacks</W>
			<W BOX="263 276 279 303" STYLE_REF="1">of</W>
			<W BOX="291 275 403 302" STYLE_REF="1">preventible</W>
			<W BOX="413 275 481 302" STYLE_REF="1" NS="y">disease</W>
			<W BOX="482 275 487 302" STYLE_REF="1">,</W>
			<W BOX="499 274 533 300" STYLE_REF="1">and</W>
			<W BOX="544 274 577 300" STYLE_REF="1">the</W>
			<W BOX="588 274 610 300" STYLE_REF="1">no</W>
			<W BOX="622 274 657 300" STYLE_REF="1">less</W>
			<W BOX="669 273 755 300" STYLE_REF="1">insidious</W>
			<L BOX="89 296 584 328"/>
			<W BOX="89 301 124 328" STYLE_REF="1">and</W>
			<W BOX="131 300 179 326" STYLE_REF="1">more</W>
			<Q BOX="186 299 237 326" STYLE_REF="1" QID="8">deadl</Q>
			<q BOX="237 299 250 325" STYLE_REF="1" QID="8">y</q>
			<QW QID="8">deadly</QW>
			<W BOX="258 298 371 325" STYLE_REF="1">temptations</W>
			<W BOX="378 297 396 324" STYLE_REF="1">of</W>
			<W BOX="403 297 480 324" STYLE_REF="1">idleness</W>
			<W BOX="487 296 521 323" STYLE_REF="1">and</W>
			<W BOX="530 296 578 322" STYLE_REF="2" NS="y">ennui</W>
			<W BOX="578 296 584 322" STYLE_REF="2">.</W>
			<L BOX="676 317 741 344"/>
			<Q BOX="676 317 691 344" STYLE_REF="1" QID="9">si</Q>
			<q BOX="717 317 741 344" STYLE_REF="1" QID="9">all</q>
			<QW QID="9">siall</QW>
		</Primitive>
		<Primitive BOX="24 317 811 392" ID="Ar0020004" SEQ_NO="4" TOC_ENTRY_ID="4" DEPTH_LEVEL="1">
			<L BOX="113 317 754 349"/>
			<W BOX="113 322 151 349" STYLE_REF="1">The</W>
			<W BOX="159 321 243 348" STYLE_REF="1">defective</W>
			<W BOX="255 320 371 347" STYLE_REF="1">organization</W>
			<W BOX="385 320 402 347" STYLE_REF="1">of</W>
			<W BOX="415 319 446 345" STYLE_REF="1">the</W>
			<Q BOX="456 319 496 345" STYLE_REF="1" QID="10">Eng</Q>
			<q BOX="495 317 529 344" STYLE_REF="1" QID="10">lish</q>
			<QW QID="10">English</QW>
			<W BOX="540 317 591 344" STYLE_REF="1">army</W>
			<W BOX="598 317 634 344" STYLE_REF="1">was</W>
			<W BOX="645 317 665 344" STYLE_REF="1">as</W>
			<Q BOX="692 317 715 344" STYLE_REF="1" QID="11">gn</Q>
			<q BOX="741 318 754 344" STYLE_REF="1" QID="11">y</q>
			<QW QID="11">gny</QW>
			<L BOX="87 339 754 392"/>
			<W BOX="87 366 185 392" STYLE_REF="1">individual</W>
			<W BOX="88 344 155 371" STYLE_REF="1">proved</W>
			<W BOX="167 343 186 369" STYLE_REF="1">in</W>
			<W BOX="199 343 230 369" STYLE_REF="1">the</W>
			<W BOX="218 364 269 391" STYLE_REF="1">They</W>
			<W BOX="238 342 307 369" STYLE_REF="1">Crimea</W>
			<W BOX="275 364 322 391" STYLE_REF="1">were</W>
			<W BOX="308 342 313 368" STYLE_REF="1">,</W>
			<W BOX="321 341 340 368" STYLE_REF="1">as</W>
			<W BOX="330 364 370 391" STYLE_REF="1">Eng</W>
			<W BOX="349 341 380 368" STYLE_REF="1">the</W>
			<W BOX="369 363 404 389" STYLE_REF="1">lish</W>
			<W BOX="391 341 451 367" STYLE_REF="1">heroic</W>
			<W BOX="412 363 454 389" STYLE_REF="1">men</W>
			<W BOX="463 362 495 389" STYLE_REF="1">and</W>
			<W BOX="465 339 538 366" STYLE_REF="1">courage</W>
			<W BOX="507 362 537 388" STYLE_REF="1">not</W>
			<W BOX="545 362 587 388" STYLE_REF="1">Eng</W>
			<W BOX="551 339 586 366" STYLE_REF="1">and</W>
			<W BOX="585 361 620 388" STYLE_REF="1">lish</W>
			<W BOX="598 339 681 366" STYLE_REF="1">devotion</W>
			<W BOX="630 361 702 388" STYLE_REF="1">soldiers</W>
			<W BOX="693 339 710 366" STYLE_REF="1">of</W>
			<W BOX="712 361 754 388" STYLE_REF="1">who</W>
			<W BOX="722 339 754 366" STYLE_REF="1">the</W>
		</Primitive>
		<Primitive BOX="24 383 811 437" ID="Ar0020005" SEQ_NO="5" TOC_ENTRY_ID="4" DEPTH_LEVEL="1">
			<L BOX="189 365 193 392"/>
			<W BOX="189 365 193 392" STYLE_REF="1">.</W>
			<L BOX="87 383 753 415"/>
			<W BOX="87 388 140 415" STYLE_REF="1">saved</W>
			<W BOX="150 388 180 415" STYLE_REF="1">our</W>
			<W BOX="191 386 259 413" STYLE_REF="1">honour</W>
			<W BOX="269 386 288 412" STYLE_REF="1">in</W>
			<W BOX="299 386 330 412" STYLE_REF="1">the</W>
			<W BOX="339 386 382 412" STYLE_REF="1" NS="y">East</W>
			<W BOX="382 386 386 413" STYLE_REF="1">.</W>
			<W BOX="410 384 448 411" STYLE_REF="1">The</W>
			<W BOX="456 384 523 411" STYLE_REF="1">French</W>
			<W BOX="533 384 568 410" STYLE_REF="1">had</W>
			<W BOX="579 384 600 410" STYLE_REF="1">an</W>
			<W BOX="612 384 662 410" STYLE_REF="1" NS="y">army</W>
			<W BOX="662 384 669 410" STYLE_REF="1">,</W>
			<W BOX="679 383 707 410" STYLE_REF="1">we</W>
			<W BOX="718 383 753 410" STYLE_REF="1">had</W>
			<L BOX="87 405 755 437"/>
			<W BOX="87 411 133 437" STYLE_REF="1">none</W>
			<Q BOX="157 410 188 436" STYLE_REF="1" QID="12">onl</Q>
			<q BOX="207 409 263 435" STYLE_REF="1" QID="12">bands</q>
			<QW QID="12">onlbands</QW>
			<W BOX="275 408 291 435" STYLE_REF="1">of</W>
			<W BOX="302 408 361 434" STYLE_REF="1">heroic</W>
			<Q BOX="368 408 410 434" STYLE_REF="1" QID="13">men</Q>
			<q BOX="425 407 466 433" STYLE_REF="1" NS="y" QID="13">who</q>
			<QW QID="13">menwho</QW>
			<W BOX="466 406 471 433" STYLE_REF="1">,</W>
			<W BOX="479 406 558 432" STYLE_REF="1">whether</W>
			<W BOX="569 406 598 432" STYLE_REF="1">led</W>
			<Q BOX="610 406 676 432" STYLE_REF="1" QID="14">throug</Q>
			<q BOX="675 405 688 432" STYLE_REF="1" QID="14">h</q>
			<QW QID="14">through</QW>
			<Q BOX="695 405 703 432" STYLE_REF="1" QID="15">i</Q>
			<Q BOX="702 405 746 432" STYLE_REF="1" QID="15">gnor</Q>
			<Q BOX="746 405 755 432" STYLE_REF="1" QID="15">-</Q>
		</Primitive>
		<Primitive BOX="24 428 811 481" ID="Ar0020006" SEQ_NO="6" TOC_ENTRY_ID="4" DEPTH_LEVEL="1">
			<L BOX="86 407 752 460"/>
			<q BOX="86 433 129 460" STYLE_REF="1" QID="15">ance</q>
			<QW QID="15">ignorance</QW>
			<W BOX="140 410 145 436" STYLE_REF="1">;</W>
			<W BOX="142 432 160 459" STYLE_REF="1">or</W>
			<W BOX="173 431 238 458" STYLE_REF="1">mistak</W>
			<W BOX="187 410 200 437" STYLE_REF="1">y</W>
			<W BOX="238 431 248 458" STYLE_REF="1">e</W>
			<W BOX="259 431 278 458" STYLE_REF="1">to</W>
			<W BOX="290 430 351 456" STYLE_REF="1">charge</W>
			<W BOX="364 430 395 456" STYLE_REF="1">the</W>
			<W BOX="408 429 469 456" STYLE_REF="1">enemy</W>
			<W BOX="411 407 416 433" STYLE_REF="1">,</W>
			<W BOX="478 428 497 454" STYLE_REF="1">in</W>
			<W BOX="508 428 545 454" STYLE_REF="1">face</W>
			<W BOX="557 428 575 454" STYLE_REF="1">of</W>
			<W BOX="587 428 653 454" STYLE_REF="1">certain</W>
			<W BOX="664 428 716 454" STYLE_REF="1" NS="y">death</W>
			<W BOX="717 428 722 454" STYLE_REF="1">,</W>
			<W BOX="733 428 752 454" STYLE_REF="1">or</W>
			<L BOX="87 450 751 481"/>
			<W BOX="87 455 159 481" STYLE_REF="1">ordered</W>
			<W BOX="167 454 198 480" STYLE_REF="1">out</W>
			<W BOX="206 454 225 480" STYLE_REF="1">to</W>
			<W BOX="232 453 291 479" STYLE_REF="1">starve</W>
			<W BOX="302 452 336 478" STYLE_REF="1">and</W>
			<W BOX="348 452 374 478" STYLE_REF="1">rot</W>
			<W BOX="386 451 405 477" STYLE_REF="1">in</W>
			<W BOX="416 451 448 477" STYLE_REF="1">the</W>
			<W BOX="454 450 536 477" STYLE_REF="1" NS="y">trenches</W>
			<W BOX="535 450 540 477" STYLE_REF="1">,</W>
			<Q BOX="548 450 663 476" STYLE_REF="1" QID="16" M="7 * ">inadeqxiatel</Q>
			<q BOX="661 450 673 477" STYLE_REF="1" QID="16">y</q>
			<QW QID="16">_inadeqxiately</QW>
			<W BOX="679 450 707 476" STYLE_REF="1">fed</W>
			<W BOX="716 450 751 476" STYLE_REF="1">and</W>
		</Primitive>
		<Primitive BOX="24 472 811 526" ID="Ar0020007" SEQ_NO="7" TOC_ENTRY_ID="4" DEPTH_LEVEL="1">
			<L BOX="84 472 753 526"/>
			<W BOX="84 499 153 526" STYLE_REF="1">honour</W>
			<Q BOX="85 477 145 504" STYLE_REF="1" QID="17">clothe</Q>
			<q BOX="146 477 158 504" STYLE_REF="1" NS="y" QID="17">d</q>
			<QW QID="17">clothed</QW>
			<W BOX="158 476 163 503" STYLE_REF="1">,</W>
			<W BOX="170 498 187 525" STYLE_REF="1">of</W>
			<W BOX="177 476 209 502" STYLE_REF="1">gav</W>
			<W BOX="205 497 244 523" STYLE_REF="1">that</W>
			<W BOX="212 475 222 501" STYLE_REF="1">e</W>
			<W BOX="234 475 281 501" STYLE_REF="1">their</W>
			<W BOX="260 496 335 523" STYLE_REF="1">country</W>
			<W BOX="296 473 341 500" STYLE_REF="1">lives</W>
			<W BOX="351 496 411 522" STYLE_REF="1">whose</W>
			<W BOX="354 473 494 500" STYLE_REF="1">unquestioning</W>
			<W BOX="429 494 514 521" STYLE_REF="1">defective</W>
			<W BOX="496 472 501 499" STYLE_REF="1">;</W>
			<W BOX="518 472 590 499" STYLE_REF="1">content</W>
			<W BOX="531 494 612 520" STYLE_REF="1">military</W>
			<W BOX="604 472 622 499" STYLE_REF="1">to</W>
			<W BOX="625 494 744 520" STYLE_REF="1">organization</W>
			<W BOX="635 472 665 499" STYLE_REF="1">die</W>
			<W BOX="679 472 706 499" STYLE_REF="1">for</W>
			<W BOX="720 472 752 499" STYLE_REF="1">the</W>
			<W BOX="745 494 753 520" STYLE_REF="1">,</W>
		</Primitive>
		<Primitive BOX="24 516 811 561" ID="Ar0020008" SEQ_NO="8" TOC_ENTRY_ID="4" DEPTH_LEVEL="1">
			<L BOX="84 516 752 570"/>
			<W BOX="84 543 104 570" STYLE_REF="1">in</W>
			<W BOX="84 521 153 548" STYLE_REF="1">having</W>
			<W BOX="112 543 143 570" STYLE_REF="1">the</W>
			<W BOX="150 542 198 568" STYLE_REF="1">fields</W>
			<W BOX="159 519 235 546" STYLE_REF="1">exposed</W>
			<W BOX="207 542 224 568" STYLE_REF="1">of</W>
			<W BOX="232 541 264 567" STYLE_REF="1">the</W>
			<W BOX="243 518 292 545" STYLE_REF="1">them</W>
			<W BOX="270 541 314 567" STYLE_REF="1">East</W>
			<W BOX="298 518 317 544" STYLE_REF="1">to</W>
			<W BOX="325 518 376 544" STYLE_REF="1">death</W>
			<W BOX="326 540 399 567" STYLE_REF="1">victims</W>
			<W BOX="386 517 421 544" STYLE_REF="1">and</W>
			<W BOX="409 539 441 566" STYLE_REF="1">not</W>
			<W BOX="429 517 494 543" STYLE_REF="1">disease</W>
			<W BOX="449 539 468 566" STYLE_REF="1">so</W>
			<W BOX="475 539 531 566" STYLE_REF="1">much</W>
			<W BOX="502 516 519 543" STYLE_REF="1">at</W>
			<W BOX="527 516 580 542" STYLE_REF="1">home</W>
			<W BOX="535 538 556 565" STYLE_REF="1">to</W>
			<W BOX="562 538 593 565" STYLE_REF="1">the</W>
			<W BOX="580 516 585 543" STYLE_REF="1">,</W>
			<W BOX="594 516 656 542" STYLE_REF="1">offered</W>
			<W BOX="602 538 675 565" STYLE_REF="1">chances</W>
			<W BOX="670 516 719 542" STYLE_REF="1">them</W>
			<W BOX="684 538 701 565" STYLE_REF="1">of</W>
			<W BOX="708 538 746 565" STYLE_REF="1">war</W>
			<W BOX="726 516 751 542" STYLE_REF="1">up</W>
			<W BOX="745 538 752 564" STYLE_REF="1">,</W>
		</Primitive>
		<Primitive BOX="24 549 811 614" ID="Ar0020009" SEQ_NO="9" TOC_ENTRY_ID="4" DEPTH_LEVEL="1">
			<L BOX="315 540 401 567"/>
			<W BOX="315 540 319 567" STYLE_REF="1">,</W>
			<W BOX="397 540 401 566" STYLE_REF="1">,</W>
			<L BOX="84 560 566 592"/>
			<W BOX="84 566 103 592" STYLE_REF="1">as</W>
			<W BOX="111 566 130 592" STYLE_REF="1">to</W>
			<W BOX="137 565 168 591" STYLE_REF="1">the</W>
			<W BOX="174 563 219 590" STYLE_REF="1">evils</W>
			<W BOX="228 563 244 590" STYLE_REF="1">of</W>
			<W BOX="252 563 263 590" STYLE_REF="1">a</W>
			<W BOX="270 562 379 589" STYLE_REF="1">pretentious</W>
			<W BOX="386 561 420 588" STYLE_REF="1">and</W>
			<W BOX="429 561 486 587" STYLE_REF="1">rotten</W>
			<W BOX="494 560 560 587" STYLE_REF="1" NS="y">system</W>
			<W BOX="560 560 566 587" STYLE_REF="1">.</W>
			<L BOX="107 582 751 614"/>
			<W BOX="107 587 145 614" STYLE_REF="1">The</W>
			<W BOX="153 586 214 612" STYLE_REF="1">public</W>
			<Q BOX="221 585 255 612" STYLE_REF="1" QID="18">has</Q>
			<q BOX="260 584 292 611" STYLE_REF="1" QID="18">not</q>
			<QW QID="18">hasnot</QW>
			<W BOX="299 584 385 611" STYLE_REF="1">forgotten</W>
			<W BOX="395 583 425 610" STYLE_REF="1">the</W>
			<W BOX="431 582 525 609" STYLE_REF="1">wholesale</W>
			<W BOX="535 582 611 609" STYLE_REF="1">sacrifice</W>
			<W BOX="625 582 642 609" STYLE_REF="1">of</W>
			<W BOX="654 582 686 609" STYLE_REF="1">life</W>
			<W BOX="693 582 712 609" STYLE_REF="1">in</W>
			<W BOX="719 582 751 609" STYLE_REF="1">the</W>
		</Primitive>
		<Primitive BOX="24 603 811 658" ID="Ar0020010" SEQ_NO="10" TOC_ENTRY_ID="4" DEPTH_LEVEL="1">
			<L BOX="254 586 257 613"/>
			<W BOX="254 586 257 613" STYLE_REF="1">.</W>
			<L BOX="84 603 751 636"/>
			<W BOX="84 609 152 636" STYLE_REF="1">Crimea</W>
			<W BOX="158 609 177 635" STYLE_REF="1">to</W>
			<W BOX="182 607 217 634" STYLE_REF="1">the</W>
			<W BOX="219 606 345 633" STYLE_REF="1">requirements</W>
			<W BOX="352 606 368 632" STYLE_REF="1">of</W>
			<W BOX="374 606 397 632" STYLE_REF="1">an</W>
			<W BOX="403 604 466 631" STYLE_REF="1">absurd</W>
			<W BOX="473 604 507 631" STYLE_REF="1">and</W>
			<W BOX="514 604 602 630" STYLE_REF="1">defective</W>
			<W BOX="607 603 663 630" STYLE_REF="1">official</W>
			<W BOX="673 603 744 630" STYLE_REF="1" NS="y">routine</W>
			<W BOX="744 604 751 630" STYLE_REF="1">,</W>
			<L BOX="83 625 750 658"/>
			<W BOX="83 631 144 658" STYLE_REF="1">which</W>
			<W BOX="156 630 180 656" STYLE_REF="1">no</W>
			<W BOX="192 629 233 656" STYLE_REF="1">man</W>
			<W BOX="246 629 281 655" STYLE_REF="1">had</W>
			<W BOX="295 628 325 655" STYLE_REF="1">the</W>
			<Q BOX="336 628 378 654" STYLE_REF="1" QID="19">hear</Q>
			<q BOX="379 628 386 654" STYLE_REF="1" QID="19">t</q>
			<QW QID="19">heart</QW>
			<W BOX="399 627 417 654" STYLE_REF="1">or</W>
			<W BOX="433 626 464 653" STYLE_REF="1">the</W>
			<W BOX="477 626 551 653" STYLE_REF="1">courage</W>
			<W BOX="564 626 583 652" STYLE_REF="1">to</W>
			<W BOX="596 626 649 652" STYLE_REF="1">break</W>
			<Q BOX="665 626 730 652" STYLE_REF="1" QID="20">throug</Q>
			<q BOX="729 625 741 652" STYLE_REF="1" NS="y" QID="20">h</q>
			<QW QID="20">through</QW>
			<W BOX="743 625 750 652" STYLE_REF="1">,</W>
		</Primitive>
		<Primitive BOX="24 648 811 702" ID="Ar0020011" SEQ_NO="11" TOC_ENTRY_ID="4" DEPTH_LEVEL="1">
			<L BOX="81 648 748 702"/>
			<W BOX="81 675 173 702" STYLE_REF="1">hundreds</W>
			<Q BOX="82 654 140 680" STYLE_REF="1" QID="21">thoug</Q>
			<q BOX="139 652 151 679" STYLE_REF="1" QID="21">h</q>
			<QW QID="21">though</QW>
			<W BOX="164 652 187 679" STYLE_REF="1">he</W>
			<W BOX="183 674 211 701" STYLE_REF="1">for</W>
			<W BOX="200 652 236 679" STYLE_REF="1">saw</W>
			<W BOX="223 673 274 699" STYLE_REF="1">want</W>
			<W BOX="247 651 306 677" STYLE_REF="1">before</W>
			<W BOX="283 673 300 699" STYLE_REF="1">of</W>
			<W BOX="312 673 361 699" STYLE_REF="1">those</W>
			<W BOX="320 650 349 677" STYLE_REF="1">his</W>
			<W BOX="362 650 404 676" STYLE_REF="1">eyes</W>
			<W BOX="369 672 413 698" STYLE_REF="1">very</W>
			<W BOX="417 650 450 676" STYLE_REF="1">our</W>
			<W BOX="421 671 483 698" STYLE_REF="1">things</W>
			<W BOX="462 648 528 675" STYLE_REF="1">gallant</W>
			<Q BOX="492 670 516 697" STYLE_REF="1" QID="22">kn</Q>
			<q BOX="517 670 556 697" STYLE_REF="1" QID="22">own</q>
			<QW QID="22">known</QW>
			<W BOX="539 648 607 675" STYLE_REF="1">fellows</W>
			<W BOX="567 670 586 697" STYLE_REF="1">to</W>
			<W BOX="595 670 617 697" STYLE_REF="1">be</W>
			<W BOX="620 648 712 675" STYLE_REF="1">perishing</W>
			<W BOX="624 670 643 697" STYLE_REF="1">at</W>
			<W BOX="650 670 700 697" STYLE_REF="1" NS="y">hand</W>
			<W BOX="699 670 704 697" STYLE_REF="1">,</W>
			<W BOX="713 670 748 697" STYLE_REF="1">and</W>
			<Q BOX="724 648 736 674" STYLE_REF="1" QID="23">b</Q>
			<q BOX="736 648 748 675" STYLE_REF="1" QID="23">y</q>
			<QW QID="23">by</QW>
		</Primitive>
		<Primitive BOX="24 692 811 738" ID="Ar0020012" SEQ_NO="12" TOC_ENTRY_ID="4" DEPTH_LEVEL="1">
			<L BOX="82 692 749 747"/>
			<W BOX="82 720 131 747" STYLE_REF="1">dited</W>
			<Q BOX="82 698 112 725" STYLE_REF="1" QID="24">onl</Q>
			<q BOX="112 699 125 725" STYLE_REF="1" QID="24">y</q>
			<QW QID="24">only</QW>
			<W BOX="132 697 163 724" STYLE_REF="1">not</W>
			<W BOX="143 719 197 745" STYLE_REF="1">officer</W>
			<Q BOX="171 696 210 723" STYLE_REF="1" QID="25">avai</Q>
			<q BOX="210 696 219 723" STYLE_REF="1" QID="25">l</q>
			<QW QID="25">avail</QW>
			<W BOX="214 718 279 744" STYLE_REF="1">distant</W>
			<W BOX="218 696 254 723" STYLE_REF="1">able</W>
			<W BOX="267 695 286 721" STYLE_REF="1">in</W>
			<W BOX="292 716 306 743" STYLE_REF="1">it</W>
			<W BOX="297 695 328 721" STYLE_REF="1">the</W>
			<W BOX="318 716 341 743" STYLE_REF="1">mi</W>
			<W BOX="339 694 402 721" STYLE_REF="1">absenc</W>
			<W BOX="354 716 374 743" STYLE_REF="1">ht</W>
			<W BOX="385 716 408 743" STYLE_REF="1">be</W>
			<W BOX="404 694 413 720" STYLE_REF="1">e</W>
			<W BOX="420 715 472 742" STYLE_REF="1">miles</W>
			<W BOX="422 694 439 720" STYLE_REF="1">of</W>
			<W BOX="447 694 457 720" STYLE_REF="1">a</W>
			<W BOX="465 692 536 719" STYLE_REF="1">written</W>
			<W BOX="472 715 477 742" STYLE_REF="1">,</W>
			<W BOX="485 715 505 741" STYLE_REF="1">in</W>
			<W BOX="516 715 546 741" STYLE_REF="1">the</W>
			<W BOX="543 692 594 719" STYLE_REF="1">order</W>
			<W BOX="553 715 674 741" STYLE_REF="1">performance</W>
			<Q BOX="602 692 627 719" STYLE_REF="1" QID="26">fro</Q>
			<q BOX="628 692 646 719" STYLE_REF="1" QID="26">m</q>
			<QW QID="26">from</QW>
			<W BOX="653 692 684 719" STYLE_REF="1">the</W>
			<W BOX="685 715 701 741" STYLE_REF="1">of</W>
			<W BOX="691 692 740 719" STYLE_REF="1">accre</W>
			<W BOX="714 715 748 741" STYLE_REF="1">one</W>
			<W BOX="740 692 749 719" STYLE_REF="1" LH="y">-</W>
			<L BOX="343 718 355 744"/>
			<W BOX="343 718 355 744" STYLE_REF="1">g</W>
		</Primitive>
		<Primitive BOX="24 726 811 790" ID="Ar0020013" SEQ_NO="13" TOC_ENTRY_ID="4" DEPTH_LEVEL="1">
			<L BOX="82 718 749 769"/>
			<W BOX="82 742 100 769" STYLE_REF="1">of</W>
			<W BOX="110 742 139 769" STYLE_REF="1">his</W>
			<W BOX="150 740 271 767" STYLE_REF="1">multifarious</W>
			<W BOX="201 718 206 745" STYLE_REF="1">,</W>
			<W BOX="280 739 335 765" STYLE_REF="1" NS="y">duties</W>
			<W BOX="338 739 342 765" STYLE_REF="1">.</W>
			<W BOX="365 738 442 764" STYLE_REF="1">Neither</W>
			<W BOX="454 737 485 764" STYLE_REF="1">has</W>
			<W BOX="497 737 529 764" STYLE_REF="1">the</W>
			<Q BOX="539 737 551 763" STYLE_REF="1" QID="27">p</Q>
			<q BOX="551 737 602 763" STYLE_REF="1" QID="27">ublic</q>
			<QW QID="27">public</QW>
			<Q BOX="614 737 633 763" STYLE_REF="1" QID="28">fo</Q>
			<Q BOX="632 737 681 763" STYLE_REF="1" QID="28">rgott</Q>
			<q BOX="680 737 702 763" STYLE_REF="1" QID="28">en</q>
			<QW QID="28">forgotten</QW>
			<W BOX="717 737 749 763" STYLE_REF="1">the</W>
			<L BOX="82 759 750 790"/>
			<W BOX="82 764 159 790" STYLE_REF="1">disorder</W>
			<W BOX="166 763 227 789" STYLE_REF="1">which</W>
			<W BOX="231 761 320 788" STYLE_REF="1">prevailed</W>
			<W BOX="326 761 346 787" STYLE_REF="1">in</W>
			<W BOX="351 761 382 787" STYLE_REF="1">the</W>
			<Q BOX="387 760 432 787" STYLE_REF="1" QID="29">hosp</Q>
			<q BOX="432 759 474 786" STYLE_REF="1" NS="y" QID="29">itals</q>
			<QW QID="29">hospitals</QW>
			<W BOX="474 759 479 786" STYLE_REF="1">,</W>
			<Q BOX="485 759 514 785" STYLE_REF="1" QID="30">wh</Q>
			<q BOX="515 759 535 785" STYLE_REF="1" QID="30">en</q>
			<QW QID="30">when</QW>
			<W BOX="542 759 627 785" STYLE_REF="1">Florence</W>
			<Q BOX="633 759 656 785" STYLE_REF="1" QID="31">Ni</Q>
			<Q BOX="658 759 671 786" STYLE_REF="1" QID="31">g</Q>
			<q BOX="670 759 750 785" STYLE_REF="1" QID="31">htingale</q>
			<QW QID="31">Nightingale</QW>
		</Primitive>
		<Primitive BOX="24 781 811 835" ID="Ar0020014" SEQ_NO="14" TOC_ENTRY_ID="4" DEPTH_LEVEL="1">
			<L BOX="82 781 748 813"/>
			<W BOX="82 786 117 813" STYLE_REF="1">and</W>
			<W BOX="125 785 157 812" STYLE_REF="1">her</W>
			<Q BOX="164 785 198 812" STYLE_REF="1" QID="32">ban</Q>
			<q BOX="200 784 211 811" STYLE_REF="1" QID="32">d</q>
			<QW QID="32">band</QW>
			<W BOX="220 784 236 811" STYLE_REF="1">of</W>
			<W BOX="244 783 307 810" STYLE_REF="1">nurses</W>
			<W BOX="314 783 348 810" STYLE_REF="1">and</W>
			<W BOX="356 782 410 809" STYLE_REF="1">ladies</W>
			<W BOX="423 782 487 809" STYLE_REF="1">started</W>
			<W BOX="495 782 520 808" STYLE_REF="1">for</W>
			<Q BOX="530 781 656 808" STYLE_REF="1" QID="33">Constantinop</Q>
			<q BOX="657 781 675 808" STYLE_REF="1" QID="33">le</q>
			<QW QID="33">Constantinople</QW>
			<W BOX="686 781 705 808" STYLE_REF="1">in</W>
			<W BOX="717 781 748 808" STYLE_REF="1">the</W>
			<L BOX="81 806 240 835"/>
			<W BOX="81 808 156 835" STYLE_REF="1">autumn</W>
			<W BOX="164 807 180 833" STYLE_REF="1">of</W>
			<W BOX="189 806 233 833" STYLE_REF="1" NS="y">1854</W>
			<W BOX="233 806 240 833" STYLE_REF="1">.</W>
		</Primitive>
		<Primitive BOX="24 825 811 902" ID="Ar0020015" SEQ_NO="15" TOC_ENTRY_ID="4" DEPTH_LEVEL="1">
			<L BOX="104 825 747 857"/>
			<W BOX="104 830 165 857" STYLE_REF="1">Never</W>
			<W BOX="176 829 214 855" STYLE_REF="1">was</W>
			<W BOX="226 828 257 855" STYLE_REF="1">the</W>
			<W BOX="269 827 351 854" STYLE_REF="1">presence</W>
			<W BOX="364 827 381 854" STYLE_REF="1">of</W>
			<W BOX="393 826 462 852" STYLE_REF="1">woman</W>
			<W BOX="474 826 521 852" STYLE_REF="1">more</W>
			<W BOX="533 825 600 852" STYLE_REF="1" NS="y">needed</W>
			<W BOX="602 825 607 852" STYLE_REF="1">,</W>
			<W BOX="620 825 675 851" STYLE_REF="1">never</W>
			<W BOX="687 825 718 851" STYLE_REF="1">did</W>
			<W BOX="732 825 747 851" STYLE_REF="1">it</W>
			<L BOX="80 847 746 902"/>
			<W BOX="80 875 121 902" STYLE_REF="1">ness</W>
			<W BOX="81 853 131 880" STYLE_REF="1">carry</W>
			<W BOX="128 874 163 901" STYLE_REF="1">and</W>
			<W BOX="140 852 184 878" STYLE_REF="1">with</W>
			<W BOX="171 873 272 899" STYLE_REF="1">gentleness</W>
			<W BOX="194 851 208 878" STYLE_REF="1">it</W>
			<W BOX="219 850 266 877" STYLE_REF="1">more</W>
			<W BOX="274 849 353 876" STYLE_REF="1">blessing</W>
			<W BOX="284 871 303 898" STYLE_REF="1">so</W>
			<W BOX="314 871 440 897" STYLE_REF="1">characteristic</W>
			<W BOX="359 849 394 875" STYLE_REF="1">and</W>
			<W BOX="401 848 474 874" STYLE_REF="1">healing</W>
			<W BOX="449 870 466 897" STYLE_REF="1">of</W>
			<W BOX="473 870 541 896" STYLE_REF="1">woman</W>
			<W BOX="474 848 480 874" STYLE_REF="1">.</W>
			<W BOX="502 847 551 874" STYLE_REF="1">With</W>
			<W BOX="542 870 546 896" STYLE_REF="1">,</W>
			<W BOX="554 869 616 896" STYLE_REF="1">united</W>
			<W BOX="558 847 598 874" STYLE_REF="1">that</W>
			<W BOX="605 847 659 874" STYLE_REF="1">union</W>
			<W BOX="627 869 646 896" STYLE_REF="1">to</W>
			<W BOX="658 869 699 896" STYLE_REF="1">skill</W>
			<W BOX="671 847 687 874" STYLE_REF="1">of</W>
			<W BOX="699 847 738 873" STYLE_REF="1">firm</W>
			<W BOX="710 869 746 896" STYLE_REF="1">and</W>
			<Q BOX="738 847 746 873" STYLE_REF="1" QID="34">-</Q>
		</Primitive>
		<Primitive BOX="24 891 811 957" ID="Ar0020016" SEQ_NO="16" TOC_ENTRY_ID="4" DEPTH_LEVEL="1">
			<L BOX="80 891 747 923"/>
			<q BOX="80 897 183 923" STYLE_REF="1" QID="34">experience</q>
			<QW QID="34">experience</QW>
			<Q BOX="196 895 268 921" STYLE_REF="1" QID="35">acquire</Q>
			<q BOX="268 894 279 921" STYLE_REF="1" QID="35">d</q>
			<QW QID="35">acquired</QW>
			<W BOX="288 894 307 921" STYLE_REF="1">in</W>
			<W BOX="315 894 356 920" STYLE_REF="1">long</W>
			<W BOX="368 893 421 920" STYLE_REF="1">years</W>
			<W BOX="430 893 446 919" STYLE_REF="1">of</W>
			<Q BOX="459 892 497 919" STYLE_REF="1" QID="36">stud</Q>
			<q BOX="499 893 511 920" STYLE_REF="1" QID="36">y</q>
			<QW QID="36">study</QW>
			<W BOX="519 891 552 918" STYLE_REF="1">and</W>
			<W BOX="563 891 673 918" STYLE_REF="1" NS="y">observation</W>
			<W BOX="676 891 683 918" STYLE_REF="1" NS="y">,</W>
			<W BOX="682 892 694 919" STYLE_REF="1">*</W>
			<W BOX="701 891 747 918" STYLE_REF="1">Miss</W>
			<L BOX="100 927 745 969" P="S"/>
			<W BOX="100 936 110 960" STYLE_REF="7">*</W>
			<W BOX="118 932 137 956" STYLE_REF="7">At</W>
			<W BOX="143 932 166 956" STYLE_REF="7">the</W>
			<W BOX="172 931 280 954" STYLE_REF="7">commencement</W>
			<W BOX="286 929 299 953" STYLE_REF="7">of</W>
			<W BOX="297 945 322 969" STYLE_REF="7">call</W>
			<W BOX="309 929 341 953" STYLE_REF="7">Miss</W>
			<W BOX="328 945 351 968" STYLE_REF="7">the</W>
			<W BOX="350 929 376 953" STYLE_REF="7">Nig</W>
			<W BOX="354 945 418 968" STYLE_REF="7">attention</W>
			<Q BOX="376 929 384 952" STYLE_REF="7" QID="37">h</Q>
			<q BOX="385 929 435 952" STYLE_REF="7" QID="37">tingale</q>
			<QW QID="37">htingale</QW>
			<W BOX="424 945 437 968" STYLE_REF="7">of</W>
			<W BOX="435 930 442 953" STYLE_REF="7" NS="y">'</W>
			<W BOX="439 928 446 952" STYLE_REF="7">s</W>
			<Q BOX="452 928 503 952" STYLE_REF="7" QID="38">evidenc</Q>
			<q BOX="504 928 511 952" STYLE_REF="7" QID="38">e</q>
			<QW QID="38">evidence</QW>
			<W BOX="516 928 536 952" STYLE_REF="7">we</W>
			<W BOX="525 943 564 967" STYLE_REF="7">femal</W>
			<W BOX="544 927 570 951" STYLE_REF="7">find</W>
			<W BOX="577 943 627 967" STYLE_REF="7">readers</W>
			<W BOX="578 927 601 951" STYLE_REF="7">the</W>
			<W BOX="606 927 675 951" STYLE_REF="7">following</W>
			<W BOX="633 943 647 967" STYLE_REF="7">to</W>
			<W BOX="654 943 678 967" STYLE_REF="7">the</W>
			<W BOX="679 927 745 951" STYLE_REF="7">questions</W>
		</Primitive>
		<Primitive BOX="24 945 811 1023" ID="Ar0020017" SEQ_NO="17" TOC_ENTRY_ID="4" DEPTH_LEVEL="1">
			<L BOX="80 943 745 1023"/>
			<W BOX="80 984 115 1004" STYLE_REF="8">excel</W>
			<W BOX="80 965 118 989" STYLE_REF="7">proof</W>
			<W BOX="80 950 105 973" STYLE_REF="7">and</W>
			<W BOX="99 1000 108 1023" STYLE_REF="7">"</W>
			<W BOX="112 949 135 972" STYLE_REF="7">ans</W>
			<W BOX="113 996 151 1020" STYLE_REF="7">Have</W>
			<W BOX="121 983 134 1003" STYLE_REF="8">in</W>
			<W BOX="123 964 159 988" STYLE_REF="7">more</W>
			<W BOX="135 949 169 972" STYLE_REF="7">wers</W>
			<W BOX="141 983 157 1003" STYLE_REF="8">an</W>
			<W BOX="156 996 183 1019" STYLE_REF="7">you</W>
			<W BOX="158 980 166 1004" STYLE_REF="7">y</W>
			<W BOX="165 964 178 987" STYLE_REF="7">of</W>
			<W BOX="169 949 174 972" STYLE_REF="7">.</W>
			<W BOX="171 981 252 1001" STYLE_REF="8">department</W>
			<W BOX="183 996 188 1019" STYLE_REF="7">,</W>
			<W BOX="184 964 208 987" STYLE_REF="7">the</W>
			<W BOX="192 947 216 971" STYLE_REF="7">We</W>
			<W BOX="193 997 214 1017" STYLE_REF="8">for</W>
			<W BOX="213 962 278 985" STYLE_REF="7">necessity</W>
			<W BOX="220 996 268 1017" STYLE_REF="8">several</W>
			<W BOX="222 946 282 970" STYLE_REF="7">especiall</W>
			<W BOX="252 978 257 1002" STYLE_REF="7">,</W>
			<W BOX="263 977 278 1001" STYLE_REF="7">or</W>
			<W BOX="276 993 313 1017" STYLE_REF="7">years</W>
			<W BOX="281 946 291 969" STYLE_REF="7">y</W>
			<W BOX="283 961 320 985" STYLE_REF="7">there</W>
			<W BOX="285 977 299 1001" STYLE_REF="7">to</W>
			<W BOX="304 977 321 1001" STYLE_REF="7">be</W>
			<W BOX="313 993 317 1017" STYLE_REF="7">,</W>
			<W BOX="323 993 376 1016" STYLE_REF="7">devoted</W>
			<W BOX="327 977 340 1001" STYLE_REF="7">of</W>
			<W BOX="327 961 339 985" STYLE_REF="7">is</W>
			<W BOX="345 977 369 1001" STYLE_REF="7">use</W>
			<W BOX="347 961 367 985" STYLE_REF="7">for</W>
			<W BOX="375 976 388 1000" STYLE_REF="7">in</W>
			<W BOX="375 960 406 984" STYLE_REF="7">long</W>
			<W BOX="383 992 419 1015" STYLE_REF="7">atten</W>
			<W BOX="395 976 420 1000" STYLE_REF="7">our</W>
			<W BOX="416 960 441 984" STYLE_REF="7">and</W>
			<W BOX="421 992 431 1015" STYLE_REF="7">ti</W>
			<W BOX="426 976 499 999" STYLE_REF="7">generation</W>
			<W BOX="432 992 448 1015" STYLE_REF="7">on</W>
			<W BOX="444 945 467 968" STYLE_REF="7">our</W>
			<W BOX="451 960 525 983" STYLE_REF="7">systematic</W>
			<W BOX="455 992 469 1015" STYLE_REF="7">to</W>
			<W BOX="475 992 497 1015" STYLE_REF="7">the</W>
			<W BOX="475 944 519 968" STYLE_REF="7">young</W>
			<W BOX="500 977 507 1000" STYLE_REF="7">.</W>
			<W BOX="503 991 590 1014" STYLE_REF="7">organization</W>
			<W BOX="532 960 591 983" STYLE_REF="7">training</W>
			<W BOX="564 943 571 967" STYLE_REF="7">e</W>
			<W BOX="591 960 595 983" STYLE_REF="7">,</W>
			<W BOX="597 991 611 1014" STYLE_REF="7">of</W>
			<W BOX="600 959 610 983" STYLE_REF="7">if</W>
			<W BOX="616 991 647 1014" STYLE_REF="7">civil</W>
			<W BOX="616 959 637 983" STYLE_REF="7">we</W>
			<W BOX="642 959 685 983" STYLE_REF="7">would</W>
			<W BOX="653 991 679 1014" STYLE_REF="7">and</W>
			<W BOX="677 943 689 967" STYLE_REF="7">m</W>
			<W BOX="685 991 744 1014" STYLE_REF="7">military</W>
			<W BOX="691 943 695 966" STYLE_REF="7">,</W>
			<W BOX="692 959 725 983" STYLE_REF="7">hope</W>
			<W BOX="700 946 715 966" STYLE_REF="8">as</W>
			<W BOX="721 946 745 966" STYLE_REF="8">one</W>
			<W BOX="730 959 745 983" STYLE_REF="7">to</W>
			<L BOX="112 1015 144 1035"/>
			<W BOX="112 1015 144 1035" STYLE_REF="8">itals</W>
		</Primitive>
		<Primitive BOX="24 1012 811 1094" ID="Ar0020018" SEQ_NO="18" TOC_ENTRY_ID="4" DEPTH_LEVEL="1">
			<L BOX="79 1012 744 1096"/>
			<W BOX="79 1016 104 1036" STYLE_REF="8" NS="y">hos</W>
			<S S_TYPE="SUP">
				<W BOX="97 1064 106 1087" STYLE_REF="7">"</W>
			</S>
			<W BOX="99 1048 107 1072" STYLE_REF="7">"</W>
			<W BOX="99 1032 104 1055" STYLE_REF="9">"</W>
			<W BOX="103 1013 112 1037" STYLE_REF="7">p</W>
			<W BOX="113 1044 154 1067" STYLE_REF="7">What</W>
			<W BOX="113 1028 139 1052" STYLE_REF="7">Yes</W>
			<W BOX="113 1060 119 1083" STYLE_REF="7">I</W>
			<W BOX="126 1060 161 1083" STYLE_REF="7">have</W>
			<W BOX="140 1028 145 1052" STYLE_REF="7">,</W>
			<W BOX="149 1012 169 1036" STYLE_REF="9">V</W>
			<W BOX="151 1027 170 1051" STYLE_REF="7">for</W>
			<W BOX="160 1043 213 1066" STYLE_REF="7">British</W>
			<W BOX="166 1058 213 1082" STYLE_REF="7">visited</W>
			<W BOX="176 1026 233 1050" STYLE_REF="7">thirteen</W>
			<W BOX="218 1042 242 1065" STYLE_REF="7">and</W>
			<W BOX="220 1057 237 1081" STYLE_REF="7">all</W>
			<W BOX="239 1025 278 1049" STYLE_REF="7">years</W>
			<W BOX="244 1057 250 1081" STYLE_REF="7">t</W>
			<W BOX="249 1041 282 1065" STYLE_REF="7">forei</W>
			<W BOX="250 1057 267 1081" STYLE_REF="7">he</W>
			<W BOX="273 1057 306 1081" STYLE_REF="7">hosp</W>
			<W BOX="278 1026 285 1050" STYLE_REF="7" NS="y">.</W>
			<S S_TYPE="SUB">
				<W BOX="281 1044 290 1064" STYLE_REF="8">g</W>
			</S>
			<W BOX="283 1026 296 1050" STYLE_REF="7">"</W>
			<W BOX="289 1041 299 1065" STYLE_REF="7">n</W>
			<W BOX="304 1043 338 1063" STYLE_REF="8">hosp</W>
			<W BOX="306 1056 336 1080" STYLE_REF="7">itals</W>
			<W BOX="325 1072 330 1096" STYLE_REF="7">t</W>
			<Q BOX="337 1040 341 1063" STYLE_REF="7" QID="39">i</Q>
			<q BOX="342 1040 361 1063" STYLE_REF="7" QID="39">tal</q>
			<QW QID="39">ital</QW>
			<W BOX="343 1056 356 1080" STYLE_REF="7">in</W>
			<W BOX="361 1072 385 1095" STYLE_REF="7">hos</W>
			<W BOX="361 1040 368 1063" STYLE_REF="7">s</W>
			<W BOX="366 1056 418 1079" STYLE_REF="7">London</W>
			<W BOX="374 1040 410 1063" STYLE_REF="7">have</W>
			<W BOX="414 1040 442 1063" STYLE_REF="7">you</W>
			<W BOX="421 1055 426 1079" STYLE_REF="7">,</W>
			<W BOX="431 1071 445 1094" STYLE_REF="7">in</W>
			<Q BOX="432 1055 445 1078" STYLE_REF="7" QID="40">D</Q>
			<q BOX="445 1057 480 1078" STYLE_REF="8" QID="40">ublin</q>
			<QW QID="40">Dublin</QW>
			<W BOX="448 1039 494 1062" STYLE_REF="7">visited</W>
			<W BOX="478 1070 507 1094" STYLE_REF="7">land</W>
			<W BOX="482 1055 486 1078" STYLE_REF="7">,</W>
			<W BOX="493 1055 517 1078" STYLE_REF="7">and</W>
			<Q BOX="498 1039 507 1062" STYLE_REF="7" QID="41">?</Q>
			<q BOX="507 1039 517 1062" STYLE_REF="7" QID="41">"</q>
			<QW QID="41">?"</QW>
			<W BOX="524 1070 542 1094" STYLE_REF="7">all</W>
			<W BOX="525 1055 591 1078" STYLE_REF="7">Edinburg</W>
			<W BOX="548 1070 572 1094" STYLE_REF="7">the</W>
			<W BOX="577 1070 612 1094" STYLE_REF="7">hosp</W>
			<W BOX="592 1055 600 1078" STYLE_REF="7" NS="y">h</W>
			<W BOX="601 1054 606 1078" STYLE_REF="7">,</W>
			<W BOX="611 1070 641 1094" STYLE_REF="7">itals</W>
			<W BOX="612 1055 653 1078" STYLE_REF="7">many</W>
			<W BOX="647 1070 661 1094" STYLE_REF="7">in</W>
			<W BOX="658 1055 698 1078" STYLE_REF="7">count</W>
			<W BOX="668 1070 707 1094" STYLE_REF="7">Paris</W>
			<W BOX="698 1055 707 1079" STYLE_REF="7">y</W>
			<W BOX="713 1055 738 1078" STYLE_REF="7">hos</W>
			<W BOX="716 1073 742 1093" STYLE_REF="8">and</W>
			<Q BOX="738 1055 744 1078" STYLE_REF="7" QID="42">-</Q>
		</Primitive>
		<Primitive BOX="24 1082 811 1125" ID="Ar0020019" SEQ_NO="19" TOC_ENTRY_ID="4" DEPTH_LEVEL="1">
			<L BOX="87 1070 710 1100"/>
			<Q BOX="87 1079 93 1099" STYLE_REF="8" QID="42">i</Q>
			<Q BOX="92 1077 99 1100" STYLE_REF="7" QID="42">t</Q>
			<Q BOX="99 1079 119 1099" STYLE_REF="8" QID="42">als</Q>
			<Q BOX="129 1077 145 1098" STYLE_REF="8" QID="42">so</Q>
			<Q BOX="144 1075 158 1099" STYLE_REF="7" QID="42">m</Q>
			<q BOX="158 1077 165 1098" STYLE_REF="8" QID="42">e</q>
			<QW QID="42">italssome</QW>
			<W BOX="170 1077 184 1098" STYLE_REF="8">of</W>
			<W BOX="190 1076 214 1096" STYLE_REF="8">the</W>
			<Q BOX="219 1073 228 1097" STYLE_REF="7" QID="43">n</Q>
			<q BOX="228 1076 257 1096" STYLE_REF="8" QID="43">aval</q>
			<QW QID="43">naval</QW>
			<W BOX="264 1075 288 1095" STYLE_REF="8">and</W>
			<Q BOX="296 1074 324 1095" STYLE_REF="8" QID="44">mili</Q>
			<Q BOX="330 1074 345 1095" STYLE_REF="8" QID="44">ar</Q>
			<q BOX="345 1072 355 1096" STYLE_REF="7" QID="44">y</q>
			<QW QID="44">miliary</QW>
			<W BOX="384 1071 425 1095" STYLE_REF="7">pitals</W>
			<W BOX="449 1071 478 1094" STYLE_REF="7" NS="y">Eng</W>
			<W BOX="511 1070 516 1094" STYLE_REF="7">;</W>
			<W BOX="706 1070 710 1094" STYLE_REF="7">,</W>
			<L BOX="78 1076 744 1132"/>
			<W BOX="78 1108 123 1132" STYLE_REF="7">werth</W>
			<W BOX="78 1092 129 1115" STYLE_REF="7">studied</W>
			<W BOX="78 1078 88 1102" STYLE_REF="7" NS="y">p</W>
			<W BOX="119 1076 123 1100" STYLE_REF="7" NS="y">,</W>
			<S S_TYPE="SUB">
				<W BOX="133 1109 150 1130" STYLE_REF="8">on</W>
			</S>
			<Q BOX="134 1091 150 1115" STYLE_REF="7" QID="45">wi</Q>
			<q BOX="152 1091 166 1115" STYLE_REF="7" QID="45">th</q>
			<QW QID="45">with</QW>
			<W BOX="157 1109 179 1130" STYLE_REF="8">the</W>
			<W BOX="171 1091 194 1114" STYLE_REF="7">the</W>
			<Q BOX="185 1106 196 1129" STYLE_REF="7" QID="46">R</Q>
			<q BOX="196 1108 229 1129" STYLE_REF="8" QID="46">hine</q>
			<QW QID="46">Rhine</QW>
			<W BOX="200 1091 206 1115" STYLE_REF="7">*</W>
			<W BOX="209 1090 249 1113" STYLE_REF="9">sceurs</W>
			<W BOX="228 1106 233 1129" STYLE_REF="7">,</W>
			<W BOX="238 1105 261 1129" STYLE_REF="7">wh</W>
			<W BOX="254 1090 270 1113" STYLE_REF="9">de</W>
			<W BOX="261 1105 283 1129" STYLE_REF="7">ere</W>
			<W BOX="278 1089 290 1112" STYLE_REF="9">la</W>
			<W BOX="288 1105 295 1129" STYLE_REF="7">I</W>
			<W BOX="298 1088 345 1112" STYLE_REF="9">charite</W>
			<W BOX="301 1104 330 1128" STYLE_REF="7">was</W>
			<W BOX="334 1104 374 1128" STYLE_REF="7">twice</W>
			<Q BOX="351 1088 358 1112" STYLE_REF="9" QID="47">;</Q>
			<q BOX="358 1087 363 1110" STYLE_REF="9" QID="47">*</q>
			<QW QID="47">;*</QW>
			<W BOX="372 1087 395 1111" STYLE_REF="7">the</W>
			<W BOX="383 1104 398 1128" STYLE_REF="7">in</W>
			<W BOX="399 1087 473 1110" STYLE_REF="7">institution</W>
			<W BOX="405 1103 464 1126" STYLE_REF="7">training</W>
			<W BOX="470 1103 485 1126" STYLE_REF="7">as</W>
			<W BOX="480 1086 493 1110" STYLE_REF="7">of</W>
			<W BOX="492 1103 500 1126" STYLE_REF="7">a</W>
			<W BOX="500 1086 573 1110" STYLE_REF="7">Protestant</W>
			<W BOX="508 1103 549 1126" STYLE_REF="7" NS="y">nurse</W>
			<W BOX="550 1103 555 1126" STYLE_REF="7">;</W>
			<W BOX="564 1103 589 1126" STYLE_REF="7">the</W>
			<W BOX="578 1086 661 1110" STYLE_REF="7">Deaconesses</W>
			<W BOX="594 1102 657 1126" STYLE_REF="7">hospitals</W>
			<W BOX="665 1102 680 1126" STYLE_REF="7">at</W>
			<W BOX="665 1086 680 1110" STYLE_REF="7">at</W>
			<W BOX="685 1086 737 1110" STYLE_REF="7">Kaisers</W>
			<W BOX="689 1102 734 1126" STYLE_REF="7" NS="y">Berlin</W>
			<W BOX="736 1102 744 1126" STYLE_REF="7">,</W>
			<W BOX="737 1086 743 1110" STYLE_REF="7" LH="y">-</W>
		</Primitive>
		<Primitive BOX="24 1125 811 1214" ID="Ar0020020" SEQ_NO="20" TOC_ENTRY_ID="4" DEPTH_LEVEL="1">
			<L BOX="77 1108 743 1164"/>
			<W BOX="77 1141 102 1164" STYLE_REF="7">the</W>
			<W BOX="78 1125 103 1148" STYLE_REF="7">and</W>
			<W BOX="108 1140 138 1163" STYLE_REF="7">war</W>
			<W BOX="110 1123 151 1147" STYLE_REF="7">many</W>
			<W BOX="122 1108 127 1131" STYLE_REF="7">,</W>
			<W BOX="143 1139 177 1163" STYLE_REF="7">hosp</W>
			<W BOX="156 1122 198 1146" STYLE_REF="7">others</W>
			<W BOX="176 1138 207 1162" STYLE_REF="7">itals</W>
			<W BOX="205 1122 218 1145" STYLE_REF="7">in</W>
			<W BOX="213 1138 227 1162" STYLE_REF="7">of</W>
			<W BOX="224 1121 290 1145" STYLE_REF="7">Germany</W>
			<W BOX="233 1137 255 1160" STYLE_REF="7">the</W>
			<W BOX="261 1137 311 1160" STYLE_REF="7">French</W>
			<W BOX="295 1121 299 1145" STYLE_REF="7">;</W>
			<W BOX="309 1120 323 1144" STYLE_REF="7">at</W>
			<W BOX="318 1137 343 1160" STYLE_REF="7">and</W>
			<Q BOX="329 1120 339 1144" STYLE_REF="7" QID="48">L</Q>
			<q BOX="340 1120 372 1144" STYLE_REF="7" QID="48">yons</q>
			<QW QID="48">Lyons</QW>
			<W BOX="350 1136 426 1159" STYLE_REF="7">Sardinians</W>
			<W BOX="373 1121 377 1144" STYLE_REF="7">,</W>
			<W BOX="383 1120 425 1143" STYLE_REF="7" NS="y">Rome</W>
			<W BOX="424 1120 429 1143" STYLE_REF="7">,</W>
			<W BOX="426 1136 430 1159" STYLE_REF="7" NS="y">.</W>
			<W BOX="430 1137 444 1160" STYLE_REF="7">"</W>
			<Q BOX="434 1119 445 1143" STYLE_REF="7" QID="49">A</Q>
			<Q BOX="447 1121 466 1142" STYLE_REF="8" QID="49">lex</Q>
			<Q BOX="467 1119 483 1143" STYLE_REF="7" QID="49">an</Q>
			<q BOX="483 1121 511 1142" STYLE_REF="8" NS="y" QID="49">dria</q>
			<QW QID="49">Alexandria</QW>
			<W BOX="512 1119 517 1143" STYLE_REF="7">,</W>
			<Q BOX="521 1119 616 1142" STYLE_REF="7" QID="50">Constantinop</Q>
			<q BOX="616 1121 628 1141" STYLE_REF="8" NS="y" QID="50">le</q>
			<QW QID="50">Constantinople</QW>
			<W BOX="628 1119 633 1143" STYLE_REF="7">,</W>
			<W BOX="638 1118 698 1142" STYLE_REF="7" NS="y">Brussels</W>
			<W BOX="701 1118 705 1142" STYLE_REF="7">;</W>
			<W BOX="714 1118 743 1142" STYLE_REF="7">also</W>
		</Primitive>
	</Content>
	<TOC_Entries><TOC_Entry TOC_ENTRY_ID="5" TITLE="+ To the well-known services of Miss Nig..." ENTITY_ID_REF="Ar00200" PAGE_NO="2" PAGE_LABEL="74" PRIM_ID_REF="Ar0020000" IS_IC="true"/></TOC_Entries></XMD-entity>
