<?xml version="1.0" encoding="windows-1252" standalone="no"?>
<XMD-entity REPOSITORY_FORMAT="1.0" PRXML_VER="2.0" ENTITY_TYPE="Article" FIRST_TOC_ENTRY_ID="13" DEPTH_LEVEL="1" INDEX_IN_DOC="38" PAGE_NO="27" ID="Ar02700" BOX="24 91 811 1214" LANGUAGE="English" CONTINUATION_TO="Ar02800" CONTINUATION_FROM="Ar02600" LOGICAL_NAME="true">
	<Meta NAME="To the Editors of the English Woman's Jo..." DESCRIPTION="" SUBTYPE="" BASE_HREF="EWJ/1858/04/01" SOURCE_TYPE="TIFF" PUBLICATION="EWJ" SECTION="None" ISSUE_DATE="01/04/1858" WORDCNT="761" RELEASE_NO="041-EWJ-1858-04-01-001-SINGLE" PAGE_ID="" PAGE_TYPE="Single" PAGE_WIDTH="823" PAGE_HEIGHT="1239" DEFAULT_IMG_EXT="png" PDF_DESTINATION_MAPPED="OLV0_Entity_0027_0001" IMAGES_RESOLUTION="86" XMD_VER="2.6.238.8" PAGE_LABEL="99"/>
	<Link SOURCE="041-EWJ-1858-04-01-001-SINGLE.PDF" FIRST_ID="Ar00200" LAST_ID="Ar07201" NEXT_ID="Ar02701" PREV_ID="" TOC_ID="d:/Olive/Repository/EWJ/1858/04/01/TOC.xml"/>
	<DataFiles>
		<Files TYPE="DOC_PDF" PRESENT="1"/>
		<Files TYPE="PAGE_PDF" PRESENT="0"/>
		<Files TYPE="DOC_IMG" PRESENT="0"/>
		<Files TYPE="PAGE_IMG" PRESENT="0"/>
		<Files TYPE="PAGE_VIEW_IMG" PRESENT="1"/>
		<Files TYPE="PAGE_PREVIEW_IMG" PRESENT="1"/>
		<Files TYPE="PRIMITIVE_IMG" PRESENT="1"/>
		<Files TYPE="SNIPPET_IMG" PRESENT="1"/>
	</DataFiles>
	<Content>
		<Primitive BOX="24 91 811 150" ID="Ar0270000" SEQ_NO="0" TOC_ENTRY_ID="13" DEPTH_LEVEL="1">
			<L BOX="98 98 765 128"/>
			<W BOX="98 98 115 127" STYLE_REF="4">It</W>
			<W BOX="130 98 166 127" STYLE_REF="4">had</W>
			<W BOX="179 99 224 127" STYLE_REF="4">been</W>
			<W BOX="238 99 266 127" STYLE_REF="4" NS="y">Dr</W>
			<W BOX="266 99 272 127" STYLE_REF="4">.</W>
			<Q BOX="285 99 335 127" STYLE_REF="4" QID="1">Emil</Q>
			<q BOX="335 99 348 128" STYLE_REF="4" NS="y" QID="1">y</q>
			<QW QID="1">Emily</QW>
			<W BOX="349 99 356 127" STYLE_REF="4" NS="y">'</W>
			<W BOX="354 99 363 127" STYLE_REF="4">s</W>
			<W BOX="376 99 468 127" STYLE_REF="4">intention</W>
			<W BOX="480 99 500 127" STYLE_REF="4">to</W>
			<W BOX="513 99 600 127" STYLE_REF="4">establish</W>
			<W BOX="611 98 677 127" STYLE_REF="4" NS="y">herself</W>
			<W BOX="679 98 684 126" STYLE_REF="4">,</W>
			<W BOX="697 99 721 127" STYLE_REF="4">on</W>
			<W BOX="732 99 765 127" STYLE_REF="4">the</W>
			<L BOX="73 121 763 150"/>
			<Q BOX="73 121 82 149" STYLE_REF="4" QID="2">t</Q>
			<Q BOX="82 123 94 148" STYLE_REF="10" QID="2">e</Q>
			<Q BOX="92 121 128 149" STYLE_REF="4" QID="2">rmi</Q>
			<Q BOX="127 123 151 148" STYLE_REF="10" QID="2">na</Q>
			<Q BOX="150 121 166 149" STYLE_REF="4" QID="2">ti</Q>
			<q BOX="166 124 189 149" STYLE_REF="10" QID="2">on</q>
			<QW QID="2">termination</QW>
			<W BOX="198 124 215 149" STYLE_REF="10">of</W>
			<W BOX="224 124 257 149" STYLE_REF="10">her</W>
			<Q BOX="265 124 276 149" STYLE_REF="10" QID="3">s</Q>
			<Q BOX="274 122 282 150" STYLE_REF="4" QID="3">t</Q>
			<q BOX="282 124 333 149" STYLE_REF="10" QID="3">udies</q>
			<QW QID="3">studies</QW>
			<W BOX="341 124 362 149" STYLE_REF="10">in</W>
			<Q BOX="368 122 384 150" STYLE_REF="4" QID="4">L</Q>
			<Q BOX="385 124 445 149" STYLE_REF="10" QID="4">ondon</Q>
			<q BOX="460 122 480 150" STYLE_REF="4" QID="4">as</q>
			<QW QID="4">Londonas</QW>
			<W BOX="487 122 497 150" STYLE_REF="4">a</W>
			<Q BOX="502 122 530 150" STYLE_REF="4" QID="5">Ph</Q>
			<Q BOX="531 121 544 149" STYLE_REF="4" QID="5">y</Q>
			<Q BOX="544 124 555 149" STYLE_REF="10" QID="5">s</Q>
			<Q BOX="553 121 562 149" STYLE_REF="4" QID="5">i</Q>
			<Q BOX="561 124 572 149" STYLE_REF="10" QID="5">c</Q>
			<Q BOX="571 121 578 149" STYLE_REF="4" QID="5">i</Q>
			<q BOX="578 124 600 149" STYLE_REF="10" QID="5">an</q>
			<QW QID="5">Physician</QW>
			<Q BOX="609 121 617 149" STYLE_REF="4" QID="6">f</Q>
			<q BOX="617 124 636 149" STYLE_REF="10" QID="6">or</q>
			<QW QID="6">for</QW>
			<Q BOX="644 121 668 149" STYLE_REF="4" QID="7">W</Q>
			<q BOX="668 123 720 148" STYLE_REF="10" QID="7">omen</q>
			<QW QID="7">Women</QW>
			<W BOX="729 123 763 148" STYLE_REF="10">and</W>
		</Primitive>
		<Primitive BOX="24 143 811 196" ID="Ar0270001" SEQ_NO="1" TOC_ENTRY_ID="13" DEPTH_LEVEL="1">
			<L BOX="74 122 764 172"/>
			<W BOX="74 143 163 172" STYLE_REF="4">Children</W>
			<W BOX="171 143 192 172" STYLE_REF="4">in</W>
			<W BOX="199 144 239 172" STYLE_REF="4">that</W>
			<W BOX="246 144 284 172" STYLE_REF="4" NS="y">city</W>
			<W BOX="289 144 295 172" STYLE_REF="4">;</W>
			<W BOX="307 144 341 172" STYLE_REF="4">but</W>
			<W BOX="349 144 359 172" STYLE_REF="4">a</W>
			<W BOX="368 144 426 172" STYLE_REF="4">desire</W>
			<W BOX="437 144 457 172" STYLE_REF="4">to</W>
			<W BOX="447 122 452 150" STYLE_REF="4">,</W>
			<W BOX="465 144 495 172" STYLE_REF="4">aid</W>
			<W BOX="503 144 524 172" STYLE_REF="4">in</W>
			<W BOX="532 144 564 172" STYLE_REF="4">the</W>
			<W BOX="572 144 697 172" STYLE_REF="4">development</W>
			<W BOX="707 143 724 172" STYLE_REF="4">of</W>
			<W BOX="733 143 764 172" STYLE_REF="4">the</W>
			<L BOX="74 166 765 196"/>
			<W BOX="74 166 151 194" STYLE_REF="4" NS="y">Women</W>
			<W BOX="152 166 159 195" STYLE_REF="4" NS="y">'</W>
			<W BOX="157 167 166 195" STYLE_REF="4">s</W>
			<Q BOX="174 167 226 195" STYLE_REF="4" QID="8">Hosp</Q>
			<q BOX="227 167 260 195" STYLE_REF="4" QID="8">ital</q>
			<QW QID="8">Hospital</QW>
			<W BOX="268 167 288 195" STYLE_REF="4">in</W>
			<W BOX="296 167 343 195" STYLE_REF="4">New</W>
			<Q BOX="351 167 401 195" STYLE_REF="4" QID="9">York</Q>
			<q BOX="415 167 435 196" STYLE_REF="4" QID="9">as</q>
			<QW QID="9">Yorkas</QW>
			<W BOX="443 167 453 196" STYLE_REF="4">a</W>
			<W BOX="462 167 502 196" STYLE_REF="4">field</W>
			<W BOX="514 167 542 196" STYLE_REF="4">for</W>
			<W BOX="554 167 584 195" STYLE_REF="4">the</W>
			<Q BOX="595 166 653 195" STYLE_REF="4" QID="10">practi</Q>
			<Q BOX="654 166 664 195" STYLE_REF="4" QID="10">c</Q>
			<q BOX="664 166 681 195" STYLE_REF="4" QID="10">al</q>
			<QW QID="10">practical</QW>
			<Q BOX="690 166 757 195" STYLE_REF="4" QID="11">demon</Q>
			<Q BOX="757 166 765 195" STYLE_REF="4" QID="11">-</Q>
		</Primitive>
		<Primitive BOX="24 189 811 241" ID="Ar0270002" SEQ_NO="2" TOC_ENTRY_ID="13" DEPTH_LEVEL="1">
			<L BOX="72 167 764 218"/>
			<q BOX="72 189 149 217" STYLE_REF="4" QID="11">stration</q>
			<QW QID="11">demonstration</QW>
			<W BOX="157 189 176 217" STYLE_REF="4">of</W>
			<W BOX="184 189 218 217" STYLE_REF="4">the</W>
			<W BOX="224 189 313 217" STYLE_REF="4">efficiency</W>
			<W BOX="329 190 347 218" STYLE_REF="4">of</W>
			<W BOX="358 190 438 218" STYLE_REF="4">Women</W>
			<W BOX="402 167 407 196" STYLE_REF="4">,</W>
			<Q BOX="437 190 446 218" STYLE_REF="4" LH="y" QID="12">-</Q>
			<Q BOX="445 190 471 218" STYLE_REF="4" QID="12">Ph</Q>
			<q BOX="469 190 549 218" STYLE_REF="4" NS="y" QID="12">ysicians</q>
			<QW QID="12">-Physicians</QW>
			<W BOX="551 190 555 218" STYLE_REF="4">,</W>
			<W BOX="567 189 601 217" STYLE_REF="4">and</W>
			<W BOX="609 189 636 217" STYLE_REF="4">for</W>
			<W BOX="644 189 676 217" STYLE_REF="4">the</W>
			<W BOX="683 189 764 217" STYLE_REF="4">Medical</W>
			<L BOX="73 211 758 241"/>
			<Q BOX="73 214 129 239" STYLE_REF="10" QID="13">educa</Q>
			<Q BOX="130 211 138 240" STYLE_REF="4" QID="13">t</Q>
			<q BOX="138 214 169 239" STYLE_REF="10" QID="13">ion</q>
			<QW QID="13">education</QW>
			<W BOX="177 214 194 239" STYLE_REF="10">of</W>
			<Q BOX="203 214 214 239" STYLE_REF="10" QID="14">o</Q>
			<Q BOX="214 211 235 240" STYLE_REF="4" QID="14">th</Q>
			<q BOX="236 214 255 239" STYLE_REF="10" QID="14">er</q>
			<QW QID="14">other</QW>
			<Q BOX="263 214 335 239" STYLE_REF="10" QID="15">women</Q>
			<Q BOX="349 212 357 241" STYLE_REF="4" QID="15">i</Q>
			<q BOX="356 215 426 240" STYLE_REF="10" QID="15">nduced</q>
			<QW QID="15">womeninduced</QW>
			<W BOX="434 215 468 240" STYLE_REF="10">her</W>
			<Q BOX="477 213 484 241" STYLE_REF="4" QID="16">t</Q>
			<q BOX="485 215 495 240" STYLE_REF="10" QID="16">o</q>
			<QW QID="16">to</QW>
			<Q BOX="503 213 516 241" STYLE_REF="4" QID="17">p</Q>
			<Q BOX="516 215 537 240" STYLE_REF="10" QID="17">os</Q>
			<Q BOX="536 213 568 241" STYLE_REF="4" QID="17">tpo</Q>
			<Q BOX="568 215 592 240" STYLE_REF="10" QID="17">ne</Q>
			<q BOX="606 212 633 240" STYLE_REF="4" QID="17">for</q>
			<QW QID="17">postponefor</QW>
			<W BOX="642 212 652 240" STYLE_REF="4">a</W>
			<W BOX="659 212 695 240" STYLE_REF="4">few</W>
			<W BOX="703 212 758 240" STYLE_REF="4">years</W>
		</Primitive>
		<Primitive BOX="24 234 811 286" ID="Ar0270003" SEQ_NO="3" TOC_ENTRY_ID="13" DEPTH_LEVEL="1">
			<L BOX="72 212 765 264"/>
			<W BOX="72 234 105 262" STYLE_REF="4">the</W>
			<Q BOX="113 234 124 262" STYLE_REF="4" QID="18">c</Q>
			<Q BOX="124 234 166 262" STYLE_REF="4" QID="18">arry</Q>
			<Q BOX="166 235 186 263" STYLE_REF="4" QID="18">in</Q>
			<Q BOX="186 235 199 263" STYLE_REF="4" QID="18">g</Q>
			<Q BOX="199 235 207 263" STYLE_REF="4" LH="y" QID="18">-</Q>
			<q BOX="207 235 238 263" STYLE_REF="4" QID="18">out</q>
			<QW QID="18">carrying-out</QW>
			<W BOX="247 235 264 263" STYLE_REF="4">of</W>
			<W BOX="273 235 311 263" STYLE_REF="4">this</W>
			<W BOX="321 235 413 263" STYLE_REF="4">intention</W>
			<W BOX="335 212 340 241" STYLE_REF="4">,</W>
			<W BOX="419 235 424 263" STYLE_REF="4">;</W>
			<W BOX="437 235 472 264" STYLE_REF="4">and</W>
			<W BOX="483 235 503 264" STYLE_REF="4">in</W>
			<W BOX="514 235 547 264" STYLE_REF="4">the</W>
			<W BOX="556 235 633 264" STYLE_REF="4">autumn</W>
			<W BOX="592 213 597 241" STYLE_REF="4">,</W>
			<W BOX="643 235 660 263" STYLE_REF="4">of</W>
			<W BOX="673 235 719 263" STYLE_REF="4">1856</W>
			<W BOX="730 235 763 263" STYLE_REF="4">she</W>
			<W BOX="758 212 765 240" STYLE_REF="4">,</W>
			<L BOX="72 257 762 286"/>
			<Q BOX="72 259 92 284" STYLE_REF="10" QID="19">re</Q>
			<Q BOX="92 257 100 285" STYLE_REF="4" QID="19">t</Q>
			<q BOX="100 259 158 284" STYLE_REF="10" QID="19">urned</q>
			<QW QID="19">returned</QW>
			<Q BOX="166 257 174 285" STYLE_REF="4" QID="20">t</Q>
			<q BOX="175 259 185 284" STYLE_REF="10" QID="20">o</q>
			<QW QID="20">to</QW>
			<Q BOX="193 257 210 285" STYLE_REF="4" QID="21">A</Q>
			<Q BOX="210 259 249 284" STYLE_REF="10" QID="21">mer</Q>
			<Q BOX="249 257 257 285" STYLE_REF="4" QID="21">i</Q>
			<q BOX="257 260 278 285" STYLE_REF="10" NS="y" QID="21">ca</q>
			<QW QID="21">America</QW>
			<W BOX="279 257 284 286" STYLE_REF="4">,</W>
			<W BOX="292 258 354 286" STYLE_REF="4">where</W>
			<W BOX="361 258 394 286" STYLE_REF="4">she</W>
			<W BOX="400 258 433 286" STYLE_REF="4">has</W>
			<W BOX="439 258 501 286" STYLE_REF="4">joined</W>
			<W BOX="508 258 535 286" STYLE_REF="4" NS="y">Dr</W>
			<W BOX="535 258 541 286" STYLE_REF="4">.</W>
			<W BOX="547 258 642 286" STYLE_REF="4" NS="y">Elizabeth</W>
			<W BOX="643 257 648 286" STYLE_REF="4">,</W>
			<W BOX="657 257 692 285" STYLE_REF="4">and</W>
			<W BOX="700 257 762 285" STYLE_REF="4">where</W>
		</Primitive>
		<Primitive BOX="24 280 811 332" ID="Ar0270004" SEQ_NO="4" TOC_ENTRY_ID="13" DEPTH_LEVEL="1">
			<L BOX="72 280 759 309"/>
			<W BOX="72 280 104 308" STYLE_REF="4">she</W>
			<W BOX="112 280 199 308" STYLE_REF="4">purposes</W>
			<W BOX="207 280 311 308" STYLE_REF="4">remaining</W>
			<Q BOX="320 281 363 309" STYLE_REF="4" QID="22">unti</Q>
			<q BOX="362 281 370 309" STYLE_REF="4" QID="22">l</q>
			<QW QID="22">until</QW>
			<W BOX="381 281 413 309" STYLE_REF="4">the</W>
			<Q BOX="424 281 471 309" STYLE_REF="4" QID="23">hosp</Q>
			<Q BOX="472 283 480 308" STYLE_REF="10" QID="23">i</Q>
			<Q BOX="479 281 486 309" STYLE_REF="4" QID="23">t</Q>
			<Q BOX="487 283 497 308" STYLE_REF="10" QID="23">a</Q>
			<q BOX="496 281 503 309" STYLE_REF="4" QID="23">l</q>
			<QW QID="23">hospital</QW>
			<Q BOX="515 283 526 308" STYLE_REF="10" QID="24">s</Q>
			<Q BOX="524 281 536 309" STYLE_REF="4" QID="24">h</Q>
			<Q BOX="537 283 556 308" STYLE_REF="10" QID="24">al</Q>
			<q BOX="555 281 563 309" STYLE_REF="4" QID="24">l</q>
			<QW QID="24">shall</QW>
			<W BOX="572 283 595 308" STYLE_REF="10">no</W>
			<Q BOX="606 281 615 309" STYLE_REF="4" QID="25">l</Q>
			<Q BOX="614 283 638 308" STYLE_REF="10" QID="25">on</Q>
			<Q BOX="638 281 651 309" STYLE_REF="4" QID="25">g</Q>
			<q BOX="651 283 670 308" STYLE_REF="10" QID="25">er</q>
			<QW QID="25">longer</QW>
			<W BOX="682 282 718 308" STYLE_REF="10">call</W>
			<W BOX="731 282 759 307" STYLE_REF="10">for</W>
			<L BOX="71 303 414 332"/>
			<W BOX="71 303 154 331" STYLE_REF="4">personal</W>
			<Q BOX="163 303 186 331" STYLE_REF="4" QID="26">co</Q>
			<Q BOX="186 303 194 331" STYLE_REF="4" LH="y" QID="26">-</Q>
			<q BOX="194 303 284 331" STYLE_REF="4" QID="26">operation</q>
			<QW QID="26">co-operation</QW>
			<W BOX="294 303 318 332" STYLE_REF="4">on</W>
			<W BOX="326 303 359 332" STYLE_REF="4">her</W>
			<W BOX="367 303 408 332" STYLE_REF="4" NS="y">part</W>
			<W BOX="408 303 414 332" STYLE_REF="4">.</W>
		</Primitive>
		<Primitive BOX="24 326 811 378" ID="Ar0270005" SEQ_NO="5" TOC_ENTRY_ID="13" DEPTH_LEVEL="1">
			<L BOX="94 326 761 355"/>
			<W BOX="94 326 129 354" STYLE_REF="4">For</W>
			<W BOX="138 326 171 354" STYLE_REF="4">the</W>
			<W BOX="179 326 294 354" STYLE_REF="4">information</W>
			<W BOX="303 326 320 355" STYLE_REF="4">of</W>
			<W BOX="328 326 380 355" STYLE_REF="4">those</W>
			<W BOX="387 326 430 355" STYLE_REF="4">who</W>
			<W BOX="436 326 480 355" STYLE_REF="4">take</W>
			<W BOX="487 326 509 355" STYLE_REF="4">an</W>
			<W BOX="517 326 593 355" STYLE_REF="4">interest</W>
			<W BOX="604 326 625 355" STYLE_REF="4">in</W>
			<W BOX="634 326 666 354" STYLE_REF="4">the</W>
			<Q BOX="673 326 752 354" STYLE_REF="4" QID="27">constitu</Q>
			<Q BOX="752 326 761 354" STYLE_REF="4" QID="27">-</Q>
			<L BOX="70 348 761 378"/>
			<Q BOX="70 349 86 377" STYLE_REF="4" QID="27">ti</Q>
			<q BOX="86 351 110 376" STYLE_REF="10" QID="27">on</q>
			<QW QID="27">constitution</QW>
			<Q BOX="123 351 135 376" STYLE_REF="10" QID="28">o</Q>
			<q BOX="134 349 141 377" STYLE_REF="4" QID="28">f</q>
			<QW QID="28">of</QW>
			<Q BOX="154 349 162 377" STYLE_REF="4" QID="29">t</Q>
			<q BOX="162 351 192 376" STYLE_REF="10" QID="29">his</q>
			<QW QID="29">this</QW>
			<Q BOX="203 352 270 377" STYLE_REF="10" QID="30">nascen</Q>
			<q BOX="271 349 278 378" STYLE_REF="4" QID="30">t</q>
			<QW QID="30">nascent</QW>
			<Q BOX="294 352 314 377" STYLE_REF="10" QID="31">es</Q>
			<Q BOX="314 349 321 378" STYLE_REF="4" QID="31">t</Q>
			<Q BOX="322 352 369 377" STYLE_REF="10" QID="31">ablis</Q>
			<Q BOX="369 349 381 378" STYLE_REF="4" QID="31">h</Q>
			<Q BOX="382 352 424 377" STYLE_REF="10" QID="31">men</Q>
			<q BOX="424 349 432 378" STYLE_REF="4" NS="y" QID="31">t</q>
			<QW QID="31">establishment</QW>
			<W BOX="433 349 438 378" STYLE_REF="4">,</W>
			<W BOX="454 349 464 378" STYLE_REF="4">I</W>
			<W BOX="480 349 523 378" STYLE_REF="4">may</W>
			<W BOX="537 349 572 378" STYLE_REF="4">add</W>
			<W BOX="586 349 627 378" STYLE_REF="4">that</W>
			<W BOX="639 349 664 378" STYLE_REF="4">its</W>
			<W BOX="678 348 761 377" STYLE_REF="4">resident</W>
		</Primitive>
		<Primitive BOX="24 371 811 423" ID="Ar0270006" SEQ_NO="6" TOC_ENTRY_ID="13" DEPTH_LEVEL="1">
			<L BOX="70 371 759 401"/>
			<Q BOX="70 371 98 399" STYLE_REF="4" QID="32">Ph</Q>
			<Q BOX="98 371 111 400" STYLE_REF="4" QID="32">y</Q>
			<q BOX="111 374 168 399" STYLE_REF="10" NS="y" QID="32">sician</q>
			<QW QID="32">Physician</QW>
			<W BOX="170 372 175 400" STYLE_REF="4">,</W>
			<W BOX="183 372 210 400" STYLE_REF="4" NS="y">Dr</W>
			<W BOX="210 372 216 400" STYLE_REF="4">.</W>
			<W BOX="221 372 280 400" STYLE_REF="4">Maria</W>
			<W BOX="285 372 381 400" STYLE_REF="4">Elizabeth</W>
			<W BOX="388 372 506 400" STYLE_REF="4" NS="y">Zakrzewska</W>
			<W BOX="507 372 512 401" STYLE_REF="4">,</W>
			<W BOX="521 374 537 400" STYLE_REF="10">is</W>
			<W BOX="546 374 556 400" STYLE_REF="10">a</W>
			<Q BOX="564 372 579 400" STYLE_REF="4" QID="33">P</Q>
			<Q BOX="579 374 589 400" STYLE_REF="10" QID="33">o</Q>
			<Q BOX="589 372 598 400" STYLE_REF="4" QID="33">l</Q>
			<q BOX="597 374 626 400" STYLE_REF="10" QID="33">ish</q>
			<QW QID="33">Polish</QW>
			<Q BOX="634 372 643 400" STYLE_REF="4" QID="34">l</Q>
			<Q BOX="643 374 664 400" STYLE_REF="10" QID="34">ad</Q>
			<q BOX="665 372 678 400" STYLE_REF="4" QID="34">y</q>
			<QW QID="34">lady</QW>
			<W BOX="686 371 703 399" STYLE_REF="4">of</W>
			<Q BOX="712 371 734 399" STYLE_REF="4" QID="35">hi</Q>
			<Q BOX="734 371 747 399" STYLE_REF="4" QID="35">g</Q>
			<q BOX="746 371 759 399" STYLE_REF="4" QID="35">h</q>
			<QW QID="35">high</QW>
			<L BOX="70 393 760 423"/>
			<Q BOX="70 397 81 422" STYLE_REF="10" QID="36">c</Q>
			<Q BOX="80 394 93 423" STYLE_REF="4" QID="36">h</Q>
			<Q BOX="94 397 134 422" STYLE_REF="10" QID="36">arac</Q>
			<Q BOX="135 394 142 423" STYLE_REF="4" QID="36">t</Q>
			<q BOX="143 397 162 422" STYLE_REF="10" QID="36">er</q>
			<QW QID="36">character</QW>
			<W BOX="172 397 207 422" STYLE_REF="10">and</W>
			<Q BOX="216 397 272 422" STYLE_REF="10" QID="37">educa</Q>
			<Q BOX="272 395 280 423" STYLE_REF="4" QID="37">t</Q>
			<q BOX="280 397 312 422" STYLE_REF="10" NS="y" QID="37">ion</q>
			<QW QID="37">education</QW>
			<W BOX="314 395 318 423" STYLE_REF="4">,</W>
			<Q BOX="326 395 334 423" STYLE_REF="4" QID="38">t</Q>
			<q BOX="334 397 358 422" STYLE_REF="10" QID="38">he</q>
			<QW QID="38">the</QW>
			<Q BOX="367 397 414 422" STYLE_REF="10" QID="39">daug</Q>
			<Q BOX="414 397 427 422" STYLE_REF="10" QID="39">h</Q>
			<Q BOX="427 395 434 423" STYLE_REF="4" QID="39">t</Q>
			<q BOX="435 397 454 422" STYLE_REF="10" QID="39">er</q>
			<QW QID="39">daughter</QW>
			<W BOX="468 397 485 422" STYLE_REF="10">of</W>
			<W BOX="497 397 507 422" STYLE_REF="10">a</W>
			<Q BOX="515 395 528 423" STYLE_REF="4" QID="40">p</Q>
			<Q BOX="528 395 540 423" STYLE_REF="4" QID="40">h</Q>
			<Q BOX="541 395 554 423" STYLE_REF="4" QID="40">y</Q>
			<Q BOX="555 397 565 422" STYLE_REF="10" QID="40">s</Q>
			<Q BOX="564 395 572 423" STYLE_REF="4" QID="40">i</Q>
			<q BOX="572 397 609 422" STYLE_REF="10" NS="y" QID="40">cian</q>
			<QW QID="40">physician</QW>
			<W BOX="612 394 617 423" STYLE_REF="4">,</W>
			<Q BOX="625 394 638 423" STYLE_REF="4" QID="41">b</Q>
			<q BOX="638 394 650 423" STYLE_REF="4" QID="41">y</q>
			<QW QID="41">by</QW>
			<Q BOX="657 393 665 421" STYLE_REF="4" LH="y" QID="42">-</Q>
			<q BOX="663 393 717 421" STYLE_REF="4" QID="42">whom</q>
			<QW QID="42">-whom</QW>
			<W BOX="726 393 760 422" STYLE_REF="4">she</W>
		</Primitive>
		<Primitive BOX="24 417 811 491" ID="Ar0270007" SEQ_NO="7" TOC_ENTRY_ID="13" DEPTH_LEVEL="1">
			<L BOX="69 417 758 446"/>
			<W BOX="69 419 107 444" STYLE_REF="10">was</W>
			<Q BOX="120 419 131 444" STYLE_REF="10" QID="43">c</Q>
			<Q BOX="130 417 141 446" STYLE_REF="4" QID="43">a</Q>
			<Q BOX="140 420 179 445" STYLE_REF="10" QID="43">refu</Q>
			<Q BOX="180 417 189 446" STYLE_REF="4" QID="43">l</Q>
			<Q BOX="188 420 196 445" STYLE_REF="10" QID="43">l</Q>
			<q BOX="195 418 208 446" STYLE_REF="4" QID="43">y</q>
			<QW QID="43">carefully</QW>
			<Q BOX="221 419 251 445" STYLE_REF="10" QID="44">ins</Q>
			<Q BOX="251 417 259 445" STYLE_REF="4" QID="44">t</Q>
			<Q BOX="260 419 292 445" STYLE_REF="10" QID="44">ruc</Q>
			<Q BOX="293 417 300 445" STYLE_REF="4" QID="44">t</Q>
			<q BOX="300 419 323 445" STYLE_REF="10" QID="44">ed</q>
			<QW QID="44">instructed</QW>
			<W BOX="339 419 359 445" STYLE_REF="10">in</W>
			<Q BOX="376 417 396 445" STYLE_REF="4" QID="45">M</Q>
			<q BOX="396 419 467 445" STYLE_REF="10" QID="45">edicine</q>
			<QW QID="45">Medicine</QW>
			<W BOX="483 419 519 445" STYLE_REF="10">and</W>
			<Q BOX="534 417 555 445" STYLE_REF="4" QID="46">M</Q>
			<Q BOX="556 419 626 445" STYLE_REF="10" QID="46">idwifer</Q>
			<q BOX="627 417 639 445" STYLE_REF="4" QID="46">y</q>
			<QW QID="46">Midwifery</QW>
			<W BOX="647 419 652 445" STYLE_REF="10">;</W>
			<Q BOX="669 417 682 445" STYLE_REF="4" QID="47">b</Q>
			<q BOX="682 419 758 445" STYLE_REF="10" QID="47">ranches</q>
			<QW QID="47">branches</QW>
			<L BOX="69 451 759 491" P="S"/>
			<W BOX="69 467 101 491" STYLE_REF="7">grea</W>
			<W BOX="69 451 116 474" STYLE_REF="7">course</W>
			<W BOX="101 467 107 491" STYLE_REF="7">t</W>
			<W BOX="114 467 176 491" STYLE_REF="7">aptitude</W>
			<W BOX="122 451 139 474" STYLE_REF="7">on</W>
			<W BOX="146 451 170 474" STYLE_REF="7">the</W>
			<W BOX="177 451 237 474" STYLE_REF="7">Diseases</W>
			<W BOX="182 467 208 491" STYLE_REF="7">and</W>
			<W BOX="215 467 250 491" STYLE_REF="7">tasle</W>
			<W BOX="243 451 257 474" STYLE_REF="7">of</W>
			<W BOX="256 467 277 491" STYLE_REF="7">for</W>
			<W BOX="263 451 322 474" STYLE_REF="7">Women</W>
			<W BOX="283 467 335 491" STYLE_REF="7">science</W>
			<W BOX="322 451 326 474" STYLE_REF="7">.</W>
			<W BOX="335 467 340 491" STYLE_REF="7">.</W>
			<W BOX="345 451 352 474" STYLE_REF="7">I</W>
			<W BOX="358 451 386 474" STYLE_REF="7">also</W>
			<Q BOX="393 451 432 474" STYLE_REF="7" QID="48">certif</Q>
			<q BOX="432 452 442 475" STYLE_REF="7" QID="48">y</q>
			<QW QID="48">certify</QW>
			<W BOX="448 451 479 474" STYLE_REF="7">that</W>
			<W BOX="484 451 518 474" STYLE_REF="7">Miss</W>
			<W BOX="524 451 598 474" STYLE_REF="7">Blackwell</W>
			<W BOX="604 451 629 474" STYLE_REF="7">has</W>
			<W BOX="638 451 690 474" STYLE_REF="7">always</W>
			<W BOX="696 451 743 474" STYLE_REF="7">shown</W>
			<W BOX="750 451 759 474" STYLE_REF="7">a</W>
		</Primitive>
		<Primitive BOX="24 485 811 537" ID="Ar0270008" SEQ_NO="8" TOC_ENTRY_ID="13" DEPTH_LEVEL="1">
			<L BOX="644 485 755 506" P="S"/>
			<W BOX="644 485 653 500" STYLE_REF="21">ei</W>
			<W BOX="658 488 733 505" STYLE_REF="22" NS="y">HUGUIER</W>
			<W BOX="735 489 743 506" STYLE_REF="22" NS="y">.</W>
			<W BOX="741 487 755 505" STYLE_REF="22">"</W>
			<L BOX="76 512 748 537" P="S"/>
			<Q BOX="76 513 88 536" STYLE_REF="7" QID="49">F</Q>
			<q BOX="87 515 117 535" STYLE_REF="8" QID="49">rom</q>
			<QW QID="49">From</QW>
			<W BOX="124 513 201 536" STYLE_REF="7">Clement</W>
			<W BOX="208 513 243 536" STYLE_REF="7" NS="y">Hue</W>
			<W BOX="244 513 249 537" STYLE_REF="7">,</W>
			<W BOX="255 513 286 536" STYLE_REF="7" NS="y">Esq</W>
			<Q BOX="286 513 291 536" STYLE_REF="7" QID="50">.</Q>
			<q BOX="291 513 295 536" STYLE_REF="7" QID="50">,</q>
			<QW QID="50">.,</QW>
			<W BOX="301 513 318 536" STYLE_REF="7" NS="y">M</W>
			<W BOX="318 513 322 536" STYLE_REF="7" NS="y">.</W>
			<W BOX="322 513 336 536" STYLE_REF="7" NS="y">D</W>
			<W BOX="338 513 342 536" STYLE_REF="7">.</W>
			<W BOX="351 513 402 536" STYLE_REF="9">Senior</W>
			<Q BOX="406 513 427 536" STYLE_REF="9" QID="51">Ph</Q>
			<q BOX="429 513 484 537" STYLE_REF="9" QID="51">ysician</q>
			<QW QID="51">Physician</QW>
			<W BOX="488 513 502 537" STYLE_REF="9">to</W>
			<W BOX="509 513 531 537" STYLE_REF="9" NS="y">St</W>
			<W BOX="531 513 537 537" STYLE_REF="9">.</W>
			<W BOX="539 513 639 537" STYLE_REF="9" NS="y">Bartholomew</W>
			<W BOX="637 513 644 536" STYLE_REF="9" NS="y" M="1 * ">_'</W>
			<W BOX="642 514 649 535" STYLE_REF="8">s</W>
			<W BOX="655 514 684 535" STYLE_REF="8">and</W>
			<Q BOX="691 512 703 536" STYLE_REF="9" QID="52">C</Q>
			<Q BOX="701 514 717 535" STYLE_REF="8" QID="52">hr</Q>
			<Q BOX="718 512 725 536" STYLE_REF="9" QID="52">i</Q>
			<Q BOX="723 514 732 535" STYLE_REF="8" QID="52">s</Q>
			<q BOX="731 512 737 536" STYLE_REF="9" NS="y" QID="52">t</q>
			<QW QID="52">Christ</QW>
			<W BOX="737 513 743 534" STYLE_REF="8" NS="y">'</W>
			<W BOX="741 512 748 536" STYLE_REF="9">s</W>
		</Primitive>
		<Primitive BOX="24 530 811 607" ID="Ar0270009" SEQ_NO="9" TOC_ENTRY_ID="13" DEPTH_LEVEL="1">
			<L BOX="376 530 457 553"/>
			<W BOX="376 530 452 553" STYLE_REF="9" NS="y">Hospitals</W>
			<W BOX="452 530 457 553" STYLE_REF="9">.</W>
			<L BOX="87 549 760 576" P="S"/>
			<W BOX="87 552 95 576" STYLE_REF="7">"</W>
			<W BOX="100 550 107 573" STYLE_REF="7">I</W>
			<W BOX="114 550 148 573" STYLE_REF="7">have</W>
			<W BOX="154 550 181 573" STYLE_REF="7">had</W>
			<W BOX="189 550 212 573" STYLE_REF="7">the</W>
			<Q BOX="218 550 228 573" STYLE_REF="7" QID="53">p</Q>
			<q BOX="228 550 279 573" STYLE_REF="7" QID="53">leasure</q>
			<QW QID="53">pleasure</QW>
			<W BOX="287 550 301 573" STYLE_REF="7">of</W>
			<W BOX="311 550 351 573" STYLE_REF="7">being</W>
			<W BOX="358 550 394 573" STYLE_REF="7">most</W>
			<Q BOX="402 550 426 573" STYLE_REF="7" QID="54">dili</Q>
			<Q BOX="426 553 451 573" STYLE_REF="8" QID="54">gen</Q>
			<Q BOX="451 550 458 573" STYLE_REF="7" QID="54">t</Q>
			<Q BOX="457 552 464 573" STYLE_REF="8" QID="54">l</Q>
			<q BOX="463 550 473 574" STYLE_REF="7" QID="54">y</q>
			<QW QID="54">diligently</QW>
			<W BOX="480 550 542 574" STYLE_REF="7">attended</W>
			<Q BOX="554 550 563 574" STYLE_REF="7" QID="55">b</Q>
			<q BOX="563 550 573 574" STYLE_REF="7" QID="55">y</q>
			<QW QID="55">by</QW>
			<Q BOX="579 550 595 573" STYLE_REF="7" QID="56">M</Q>
			<q BOX="595 552 613 572" STYLE_REF="8" QID="56">iss</q>
			<QW QID="56">Miss</QW>
			<Q BOX="625 550 636 573" STYLE_REF="7" QID="57">E</Q>
			<Q BOX="637 552 661 572" STYLE_REF="8" QID="57">mil</Q>
			<q BOX="661 550 670 573" STYLE_REF="7" QID="57">y</q>
			<QW QID="57">Emily</QW>
			<W BOX="678 549 753 573" STYLE_REF="7" NS="y">Blackwell</W>
			<W BOX="753 549 760 573" STYLE_REF="7">,</W>
			<L BOX="67 566 757 606"/>
			<W BOX="67 582 89 606" STYLE_REF="7">me</W>
			<W BOX="67 566 84 590" STYLE_REF="7" NS="y">M</W>
			<W BOX="84 566 89 590" STYLE_REF="7" NS="y">.</W>
			<W BOX="89 566 102 590" STYLE_REF="7">D</W>
			<W BOX="95 582 126 606" STYLE_REF="7">man</W>
			<Q BOX="102 566 107 590" STYLE_REF="7" QID="58">.</Q>
			<q BOX="107 566 112 590" STYLE_REF="7" QID="58">,</q>
			<QW QID="58">.,</QW>
			<Q BOX="118 566 132 590" STYLE_REF="7" QID="59">fo</Q>
			<q BOX="131 566 138 590" STYLE_REF="7" QID="59">r</q>
			<QW QID="59">for</QW>
			<W BOX="143 583 215 606" STYLE_REF="7">opportuni</W>
			<W BOX="145 566 182 590" STYLE_REF="7">some</W>
			<W BOX="189 566 244 590" STYLE_REF="7">months</W>
			<W BOX="215 583 241 606" STYLE_REF="7">ties</W>
			<W BOX="248 583 261 606" STYLE_REF="7">of</W>
			<W BOX="250 566 300 590" STYLE_REF="7">during</W>
			<W BOX="267 583 346 606" STYLE_REF="7">witnessing</W>
			<W BOX="306 566 331 590" STYLE_REF="7">my</W>
			<W BOX="337 566 370 590" STYLE_REF="7">visit</W>
			<W BOX="351 583 375 606" STYLE_REF="7">her</W>
			<W BOX="377 566 391 590" STYLE_REF="7">to</W>
			<W BOX="381 583 421 606" STYLE_REF="7">arden</W>
			<W BOX="398 566 422 590" STYLE_REF="7">the</W>
			<W BOX="421 583 427 606" STYLE_REF="7">t</W>
			<W BOX="427 566 486 590" STYLE_REF="7">patients</W>
			<W BOX="433 583 464 606" STYLE_REF="7">love</W>
			<W BOX="470 583 483 606" STYLE_REF="7">of</W>
			<W BOX="489 583 550 606" STYLE_REF="7">knowled</W>
			<W BOX="492 566 505 590" STYLE_REF="7">of</W>
			<W BOX="511 566 535 590" STYLE_REF="7">the</W>
			<W BOX="541 566 604 590" STYLE_REF="7">Hospital</W>
			<W BOX="577 582 600 606" STYLE_REF="7">her</W>
			<W BOX="604 566 608 590" STYLE_REF="7">.</W>
			<W BOX="607 582 651 606" STYLE_REF="7">indefa</W>
			<W BOX="628 566 661 590" STYLE_REF="7">This</W>
			<Q BOX="650 582 662 606" STYLE_REF="7" QID="60">ti</Q>
			<q BOX="662 582 701 606" STYLE_REF="7" QID="60">gable</q>
			<QW QID="60">tigable</QW>
			<W BOX="667 566 691 590" STYLE_REF="7">has</W>
			<W BOX="696 566 755 590" STYLE_REF="7">afforded</W>
			<W BOX="707 582 735 605" STYLE_REF="7">zeal</W>
			<W BOX="742 582 757 605" STYLE_REF="7">in</W>
		</Primitive>
		<Primitive BOX="24 599 811 672" ID="Ar0270010" SEQ_NO="10" TOC_ENTRY_ID="13" DEPTH_LEVEL="1">
			<L BOX="67 583 572 623"/>
			<Q BOX="67 599 74 623" STYLE_REF="7" QID="61">t</Q>
			<q BOX="74 601 91 622" STYLE_REF="8" QID="61">he</q>
			<QW QID="61">the</QW>
			<W BOX="97 601 187 622" STYLE_REF="8">examination</W>
			<W BOX="126 583 136 606" STYLE_REF="7">y</W>
			<W BOX="194 601 207 622" STYLE_REF="8">of</W>
			<W BOX="214 601 263 622" STYLE_REF="8" NS="y">disease</W>
			<W BOX="264 599 268 623" STYLE_REF="7">,</W>
			<W BOX="275 599 300 623" STYLE_REF="7">her</W>
			<W BOX="306 599 348 623" STYLE_REF="7">sound</W>
			<Q BOX="354 599 379 623" STYLE_REF="7" QID="62">jud</Q>
			<Q BOX="380 599 403 623" STYLE_REF="7" QID="62">gm</Q>
			<Q BOX="404 599 420 623" STYLE_REF="7" QID="62">en</Q>
			<q BOX="419 599 426 623" STYLE_REF="7" QID="62">t</q>
			<QW QID="62">judgment</QW>
			<W BOX="432 599 458 623" STYLE_REF="7">and</W>
			<W BOX="464 599 496 623" STYLE_REF="7">kind</W>
			<W BOX="502 599 551 623" STYLE_REF="7">feeling</W>
			<W BOX="550 583 567 607" STYLE_REF="7">ge</W>
			<W BOX="552 599 559 623" STYLE_REF="7">.</W>
			<W BOX="567 583 572 607" STYLE_REF="7">,</W>
			<L BOX="65 615 756 655"/>
			<W BOX="65 632 112 655" STYLE_REF="7">gained</W>
			<W BOX="85 618 94 641" STYLE_REF="7">"</W>
			<W BOX="100 615 116 639" STYLE_REF="7">In</W>
			<W BOX="119 632 142 655" STYLE_REF="7">the</W>
			<W BOX="124 615 149 639" STYLE_REF="7">the</W>
			<W BOX="148 632 214 655" STYLE_REF="7">profound</W>
			<W BOX="154 615 199 639" STYLE_REF="7">wards</W>
			<W BOX="205 615 219 639" STYLE_REF="7">of</W>
			<W BOX="220 632 272 655" STYLE_REF="7">respect</W>
			<W BOX="224 615 249 639" STYLE_REF="7">the</W>
			<W BOX="254 615 314 639" STYLE_REF="7">hospital</W>
			<W BOX="279 632 292 655" STYLE_REF="7">of</W>
			<W BOX="299 632 323 655" STYLE_REF="7">my</W>
			<W BOX="314 615 318 639" STYLE_REF="7">,</W>
			<W BOX="326 618 353 639" STYLE_REF="8">and</W>
			<W BOX="329 632 376 655" STYLE_REF="7">pupils</W>
			<Q BOX="362 618 372 639" STYLE_REF="8" QID="63">b</Q>
			<q BOX="371 615 381 639" STYLE_REF="7" QID="63">y</q>
			<QW QID="63">by</QW>
			<W BOX="382 632 397 655" STYLE_REF="7">as</W>
			<Q BOX="387 615 394 639" STYLE_REF="7" QID="64">t</Q>
			<q BOX="393 618 410 638" STYLE_REF="8" QID="64">he</q>
			<QW QID="64">the</QW>
			<W BOX="403 632 428 655" STYLE_REF="7">wel</W>
			<W BOX="417 618 471 638" STYLE_REF="8">bedside</W>
			<W BOX="429 632 434 655" STYLE_REF="7">l</W>
			<Q BOX="443 632 458 655" STYLE_REF="7" QID="65">as</Q>
			<q BOX="455 629 460 652" STYLE_REF="7" QID="65">"</q>
			<QW QID="65">as"</QW>
			<W BOX="466 632 490 655" STYLE_REF="7">the</W>
			<W BOX="478 618 492 638" STYLE_REF="8">of</W>
			<W BOX="497 632 555 655" STYLE_REF="7">grateful</W>
			<W BOX="501 618 526 638" STYLE_REF="8">the</W>
			<Q BOX="533 618 551 638" STYLE_REF="8" QID="66">pa</Q>
			<Q BOX="551 615 558 639" STYLE_REF="7" QID="66">t</Q>
			<q BOX="558 618 579 638" STYLE_REF="8" QID="66">ien</q>
			<QW QID="66">patien</QW>
			<W BOX="567 632 642 655" STYLE_REF="7">acknowled</W>
			<Q BOX="578 615 585 639" STYLE_REF="7" QID="67">t</Q>
			<q BOX="585 618 593 638" STYLE_REF="8" NS="y" QID="67">s</q>
			<QW QID="67">ts</QW>
			<W BOX="593 615 597 639" STYLE_REF="7">,</W>
			<W BOX="605 615 640 638" STYLE_REF="7">Miss</W>
			<W BOX="642 631 697 655" STYLE_REF="7">gments</W>
			<W BOX="647 615 723 638" STYLE_REF="7">Blackwell</W>
			<W BOX="704 631 719 655" STYLE_REF="7">of</W>
			<W BOX="729 631 754 655" STYLE_REF="7">my</W>
			<W BOX="731 615 756 638" STYLE_REF="7">has</W>
			<L BOX="64 648 700 672"/>
			<W BOX="64 648 96 671" STYLE_REF="7">poor</W>
			<Q BOX="103 648 148 671" STYLE_REF="7" QID="68">patien</Q>
			<q BOX="148 648 162 671" STYLE_REF="7" NS="y" QID="68">ts</q>
			<QW QID="68">patients</QW>
			<W BOX="162 648 167 671" STYLE_REF="7">.</W>
			<W BOX="185 648 193 671" STYLE_REF="7">I</W>
			<Q BOX="199 648 248 671" STYLE_REF="7" QID="69">heartil</Q>
			<q BOX="248 648 257 672" STYLE_REF="7" QID="69">y</q>
			<QW QID="69">heartily</QW>
			<W BOX="263 648 298 672" STYLE_REF="7">pray</W>
			<W BOX="304 648 335 672" STYLE_REF="7">that</W>
			<W BOX="342 648 394 672" STYLE_REF="7">success</W>
			<W BOX="400 648 432 672" STYLE_REF="7">may</W>
			<W BOX="438 648 483 672" STYLE_REF="7">crown</W>
			<W BOX="489 648 513 672" STYLE_REF="7">her</W>
			<W BOX="519 648 596 672" STYLE_REF="7">benevolent</W>
			<W BOX="603 648 695 671" STYLE_REF="7" NS="y">undertaking</W>
			<W BOX="695 648 700 671" STYLE_REF="7">.</W>
		</Primitive>
		<Primitive BOX="24 668 811 747" ID="Ar0270011" SEQ_NO="11" TOC_ENTRY_ID="13" DEPTH_LEVEL="1">
			<L BOX="645 668 737 694"/>
			<W BOX="645 671 654 694" STYLE_REF="7">"</W>
			<W BOX="659 668 672 691" STYLE_REF="7" NS="y">C</W>
			<W BOX="672 668 677 691" STYLE_REF="7">.</W>
			<W BOX="683 668 719 691" STYLE_REF="7" NS="y">Hue</W>
			<W BOX="720 668 728 691" STYLE_REF="7" NS="y">.</W>
			<W BOX="724 668 737 691" STYLE_REF="7">"</W>
			<L BOX="276 684 545 709"/>
			<Q BOX="276 685 288 709" STYLE_REF="7" QID="70">F</Q>
			<q BOX="287 688 316 708" STYLE_REF="8" QID="70">rom</q>
			<QW QID="70">From</QW>
			<W BOX="323 685 392 709" STYLE_REF="7">Edward</W>
			<W BOX="399 684 448 707" STYLE_REF="7" NS="y" M="3 * ">_Kigby</W>
			<W BOX="449 686 453 709" STYLE_REF="7">,</W>
			<W BOX="460 685 490 708" STYLE_REF="7" NS="y">Esq</W>
			<Q BOX="491 685 496 708" STYLE_REF="7" QID="71">.</Q>
			<q BOX="496 685 500 708" STYLE_REF="7" QID="71">,</q>
			<QW QID="71">.,</QW>
			<W BOX="505 685 522 709" STYLE_REF="7" NS="y">M</W>
			<W BOX="522 685 526 709" STYLE_REF="7" NS="y">.</W>
			<W BOX="526 685 540 709" STYLE_REF="7" NS="y">D</W>
			<W BOX="540 685 545 709" STYLE_REF="7">.</W>
			<L BOX="65 704 755 746"/>
			<W BOX="65 723 90 746" STYLE_REF="7">and</W>
			<W BOX="84 709 93 733" STYLE_REF="7">"</W>
			<W BOX="96 723 148 746" STYLE_REF="7">willing</W>
			<W BOX="98 706 104 730" STYLE_REF="7">I</W>
			<W BOX="111 706 145 730" STYLE_REF="7">have</W>
			<W BOX="147 723 153 746" STYLE_REF="7">l</W>
			<W BOX="152 706 178 730" STYLE_REF="7">had</W>
			<W BOX="168 723 174 746" STYLE_REF="7">t</W>
			<W BOX="184 706 208 730" STYLE_REF="7">the</W>
			<Q BOX="188 723 194 746" STYLE_REF="7" QID="72">t</Q>
			<q BOX="195 725 206 745" STYLE_REF="8" QID="72">if</q>
			<QW QID="72">tif</QW>
			<W BOX="214 706 224 730" STYLE_REF="7">p</W>
			<W BOX="221 722 236 746" STYLE_REF="7">to</W>
			<Q BOX="223 706 230 730" STYLE_REF="7" QID="73">l</Q>
			<q BOX="229 708 275 729" STYLE_REF="8" QID="73">easure</q>
			<QW QID="73">leasure</QW>
			<W BOX="242 722 265 746" STYLE_REF="7">her</W>
			<W BOX="271 722 327 746" STYLE_REF="7">medical</W>
			<Q BOX="283 708 291 729" STYLE_REF="8" QID="74">o</Q>
			<q BOX="291 706 297 730" STYLE_REF="7" QID="74">f</q>
			<QW QID="74">of</QW>
			<W BOX="306 708 371 729" STYLE_REF="8">knowing</W>
			<W BOX="333 722 432 746" STYLE_REF="7">acquirements</W>
			<Q BOX="379 706 394 729" STYLE_REF="7" QID="75">M</Q>
			<q BOX="394 708 412 729" STYLE_REF="8" QID="75">iss</q>
			<QW QID="75">Miss</QW>
			<Q BOX="421 706 432 729" STYLE_REF="7" QID="76">E</Q>
			<q BOX="432 708 457 729" STYLE_REF="8" QID="76">mil</q>
			<QW QID="76">Emil</QW>
			<W BOX="449 722 472 746" STYLE_REF="7">not</W>
			<W BOX="457 706 467 730" STYLE_REF="7">y</W>
			<W BOX="475 705 542 729" STYLE_REF="7">Blackwel</W>
			<Q BOX="479 722 500 746" STYLE_REF="7" QID="77">onl</Q>
			<q BOX="516 722 531 745" STYLE_REF="7" QID="77">as</q>
			<QW QID="77">onlas</QW>
			<W BOX="537 722 589 745" STYLE_REF="7">regards</W>
			<W BOX="542 705 548 729" STYLE_REF="7" NS="y">l</W>
			<W BOX="548 705 553 729" STYLE_REF="7">,</W>
			<W BOX="560 705 575 729" STYLE_REF="7" NS="y">M</W>
			<W BOX="575 705 579 729" STYLE_REF="7" NS="y">.</W>
			<W BOX="580 705 594 729" STYLE_REF="7" NS="y">D</W>
			<W BOX="594 705 598 729" STYLE_REF="7">.</W>
			<W BOX="595 722 620 745" STYLE_REF="7">her</W>
			<W BOX="598 705 603 729" STYLE_REF="7">,</W>
			<W BOX="613 707 636 727" STYLE_REF="8">for</W>
			<W BOX="625 721 690 745" STYLE_REF="7">extensive</W>
			<W BOX="646 707 683 727" STYLE_REF="8">some</W>
			<W BOX="692 707 724 727" STYLE_REF="8">mon</W>
			<W BOX="696 721 754 745" STYLE_REF="7">medical</W>
			<Q BOX="725 704 731 728" STYLE_REF="7" QID="78">t</Q>
			<q BOX="732 707 748 727" STYLE_REF="8" NS="y" QID="78">hs</q>
			<QW QID="78">ths</QW>
			<W BOX="749 704 755 728" STYLE_REF="7">,</W>
		</Primitive>
		<Primitive BOX="24 737 811 811" ID="Ar0270012" SEQ_NO="12" TOC_ENTRY_ID="13" DEPTH_LEVEL="1">
			<L BOX="64 722 755 779"/>
			<W BOX="64 755 76 779" STYLE_REF="7">E</W>
			<W BOX="64 739 109 763" STYLE_REF="7">readin</W>
			<W BOX="76 758 135 778" STYLE_REF="8">dinburg</W>
			<W BOX="109 739 119 763" STYLE_REF="7" NS="y">g</W>
			<W BOX="119 739 124 763" STYLE_REF="7">,</W>
			<W BOX="129 741 148 762" STYLE_REF="8">bu</W>
			<W BOX="133 755 143 779" STYLE_REF="7" NS="y">h</W>
			<W BOX="144 755 149 779" STYLE_REF="7">,</W>
			<W BOX="149 739 155 763" STYLE_REF="7" NS="y">t</W>
			<S S_TYPE="SUP">
				<W BOX="153 725 162 745" STYLE_REF="8">y</W>
			</S>
			<W BOX="160 755 169 779" STYLE_REF="7">a</W>
			<W BOX="164 741 191 762" STYLE_REF="8">also</W>
			<W BOX="168 755 186 779" STYLE_REF="7">nd</W>
			<W BOX="175 725 189 745" STYLE_REF="8">es</W>
			<W BOX="196 755 251 779" STYLE_REF="7">London</W>
			<W BOX="199 741 213 762" STYLE_REF="8">as</W>
			<W BOX="205 723 214 747" STYLE_REF="7" NS="y">y</W>
			<S S_TYPE="SUB">
				<Q BOX="224 741 239 762" STYLE_REF="8" QID="79">re</Q>
			</S>
			<Q BOX="238 739 248 763" STYLE_REF="7" QID="79">g</Q>
			<q BOX="247 741 278 762" STYLE_REF="8" QID="79">ards</q>
			<QW QID="79">regards</QW>
			<W BOX="253 755 257 779" STYLE_REF="7">.</W>
			<W BOX="280 755 309 779" STYLE_REF="7">The</W>
			<W BOX="287 741 311 762" STYLE_REF="8">her</W>
			<W BOX="320 741 365 762" STYLE_REF="8">equall</W>
			<W BOX="321 755 371 779" STYLE_REF="7">energy</W>
			<W BOX="365 738 374 762" STYLE_REF="7">y</W>
			<W BOX="381 755 407 779" STYLE_REF="7">and</W>
			<W BOX="383 738 449 762" STYLE_REF="7">extensive</W>
			<W BOX="419 755 482 778" STYLE_REF="7">devotion</W>
			<W BOX="436 722 440 746" STYLE_REF="7">;</W>
			<W BOX="457 738 533 762" STYLE_REF="7">experience</W>
			<W BOX="492 754 507 778" STYLE_REF="7">to</W>
			<W BOX="501 722 510 745" STYLE_REF="7">y</W>
			<W BOX="516 754 540 778" STYLE_REF="7">her</W>
			<W BOX="533 738 538 762" STYLE_REF="7">,</W>
			<W BOX="544 740 561 761" STYLE_REF="8">ob</W>
			<W BOX="551 754 621 778" STYLE_REF="7">profession</W>
			<Q BOX="561 738 567 761" STYLE_REF="7" QID="80">t</Q>
			<q BOX="567 740 604 761" STYLE_REF="8" QID="80">ained</q>
			<QW QID="80">tained</QW>
			<W BOX="613 740 627 761" STYLE_REF="8">in</W>
			<W BOX="633 754 679 778" STYLE_REF="7">which</W>
			<W BOX="633 740 695 760" STYLE_REF="8">America</W>
			<W BOX="691 754 715 777" STYLE_REF="7">she</W>
			<W BOX="696 737 700 760" STYLE_REF="7">,</W>
			<Q BOX="709 737 721 761" STYLE_REF="7" QID="81">P</Q>
			<q BOX="721 740 748 760" STYLE_REF="8" QID="81">aris</q>
			<QW QID="81">Paris</QW>
			<Q BOX="725 754 747 777" STYLE_REF="7" QID="82">dis</Q>
			<q BOX="747 754 754 777" STYLE_REF="7" LH="y" QID="82">-</q>
			<QW QID="82">dis-</QW>
			<W BOX="749 737 755 761" STYLE_REF="7">,</W>
			<L BOX="64 770 755 811"/>
			<W BOX="64 772 74 795" STYLE_REF="7">p</W>
			<W BOX="64 788 98 811" STYLE_REF="7">unos</W>
			<Q BOX="73 774 87 795" STYLE_REF="8" QID="83">la</Q>
			<Q BOX="87 772 96 795" STYLE_REF="7" QID="83">y</Q>
			<q BOX="96 774 103 795" STYLE_REF="8" QID="83">s</q>
			<QW QID="83">lays</QW>
			<W BOX="98 788 172 811" STYLE_REF="7">tentatious</W>
			<W BOX="109 774 131 795" STYLE_REF="8">are</W>
			<Q BOX="137 774 152 795" STYLE_REF="8" QID="84">hi</Q>
			<Q BOX="152 773 162 796" STYLE_REF="7" QID="84">g</Q>
			<Q BOX="161 774 176 795" STYLE_REF="8" QID="84">hl</Q>
			<q BOX="177 774 186 795" STYLE_REF="8" QID="84">y</q>
			<QW QID="84">highly</QW>
			<W BOX="178 788 235 811" STYLE_REF="7">manner</W>
			<Q BOX="192 774 227 795" STYLE_REF="8" QID="85">credi</Q>
			<Q BOX="227 772 234 795" STYLE_REF="7" QID="85">t</Q>
			<q BOX="234 774 262 794" STYLE_REF="8" QID="85">able</q>
			<QW QID="85">creditable</QW>
			<W BOX="258 788 285 811" STYLE_REF="7">She</W>
			<Q BOX="270 772 276 795" STYLE_REF="7" QID="86">t</Q>
			<q BOX="276 774 284 794" STYLE_REF="8" QID="86">o</q>
			<QW QID="86">to</QW>
			<W BOX="290 774 314 794" STYLE_REF="8">her</W>
			<W BOX="291 788 326 811" STYLE_REF="7" NS="y">wins</W>
			<S S_TYPE="SUP">
				<W BOX="317 776 321 796" STYLE_REF="8">;</W>
			</S>
			<W BOX="332 788 356 811" STYLE_REF="7">the</W>
			<W BOX="334 771 358 795" STYLE_REF="7">the</W>
			<W BOX="362 788 413 811" STYLE_REF="7">respect</W>
			<W BOX="364 771 401 795" STYLE_REF="7">more</W>
			<W BOX="407 771 421 795" STYLE_REF="7">so</W>
			<W BOX="420 788 446 811" STYLE_REF="7">and</W>
			<W BOX="427 771 442 795" STYLE_REF="7">as</W>
			<W BOX="448 771 472 795" STYLE_REF="7">she</W>
			<W BOX="453 788 501 811" STYLE_REF="7">esteem</W>
			<W BOX="478 771 534 795" STYLE_REF="7">pursues</W>
			<W BOX="507 788 521 811" STYLE_REF="7">of</W>
			<W BOX="528 788 546 811" STYLE_REF="7">all</W>
			<W BOX="541 771 564 795" STYLE_REF="7">her</W>
			<W BOX="553 788 590 811" STYLE_REF="7">those</W>
			<W BOX="572 770 610 794" STYLE_REF="7">cours</W>
			<W BOX="596 787 628 810" STYLE_REF="7">who</W>
			<W BOX="610 770 617 794" STYLE_REF="7">e</W>
			<W BOX="623 770 637 794" STYLE_REF="7">in</W>
			<W BOX="634 786 656 810" STYLE_REF="7">are</W>
			<W BOX="644 770 667 794" STYLE_REF="7">the</W>
			<W BOX="663 786 677 810" STYLE_REF="7">so</W>
			<W BOX="673 770 709 794" STYLE_REF="7">most</W>
			<W BOX="684 786 755 810" STYLE_REF="7">fortunate</W>
			<W BOX="715 770 753 793" STYLE_REF="7">quiet</W>
		</Primitive>
		<Primitive BOX="24 802 811 861" ID="Ar0270013" SEQ_NO="13" TOC_ENTRY_ID="13" DEPTH_LEVEL="1">
			<L BOX="235 788 239 811"/>
			<W BOX="235 788 239 811" STYLE_REF="7">.</W>
			<L BOX="63 802 754 845"/>
			<W BOX="63 823 85 844" STYLE_REF="8">vie</W>
			<W BOX="63 805 79 828" STYLE_REF="7">as</W>
			<W BOX="85 821 98 844" STYLE_REF="7">w</W>
			<W BOX="85 805 100 828" STYLE_REF="7">to</W>
			<W BOX="106 805 147 828" STYLE_REF="7">know</W>
			<W BOX="109 823 135 844" STYLE_REF="8">and</W>
			<W BOX="142 823 167 844" STYLE_REF="8">feel</W>
			<W BOX="153 805 178 828" STYLE_REF="7" NS="y">her</W>
			<S S_TYPE="SUB">
				<W BOX="174 823 182 844" STYLE_REF="8">s</W>
			</S>
			<W BOX="178 805 183 828" STYLE_REF="7">.</W>
			<Q BOX="181 821 190 845" STYLE_REF="7" QID="87">u</Q>
			<q BOX="191 823 205 844" STYLE_REF="8" QID="87">re</q>
			<QW QID="87">ure</QW>
			<W BOX="203 805 209 828" STYLE_REF="7">I</W>
			<Q BOX="210 821 217 845" STYLE_REF="7" QID="88">t</Q>
			<q BOX="218 823 235 844" STYLE_REF="8" QID="88">ha</q>
			<QW QID="88">tha</QW>
			<W BOX="220 805 276 828" STYLE_REF="7">sincerel</W>
			<Q BOX="236 821 242 845" STYLE_REF="7" QID="89">t</Q>
			<Q BOX="254 821 267 845" STYLE_REF="7" QID="89">w</Q>
			<q BOX="267 823 291 844" STYLE_REF="8" QID="89">her</q>
			<QW QID="89">twher</QW>
			<W BOX="276 804 286 828" STYLE_REF="7">y</W>
			<W BOX="291 821 307 845" STYLE_REF="7">ev</W>
			<W BOX="294 804 329 828" STYLE_REF="7">wish</W>
			<W BOX="308 823 321 844" STYLE_REF="8">er</W>
			<W BOX="328 823 353 844" STYLE_REF="8">her</W>
			<W BOX="340 804 364 828" STYLE_REF="7" NS="y">her</W>
			<S S_TYPE="SUB">
				<Q BOX="359 823 373 844" STYLE_REF="8" QID="90">lo</Q>
			</S>
			<q BOX="373 820 379 844" STYLE_REF="7" QID="90">t</q>
			<QW QID="90">lot</QW>
			<W BOX="375 804 426 827" STYLE_REF="7">success</W>
			<W BOX="385 823 397 843" STYLE_REF="8">is</W>
			<Q BOX="405 823 427 843" STYLE_REF="8" QID="91">cas</Q>
			<q BOX="426 820 432 844" STYLE_REF="7" QID="91">t</q>
			<QW QID="91">cast</QW>
			<W BOX="434 804 448 827" STYLE_REF="7">in</W>
			<Q BOX="444 820 451 844" STYLE_REF="7" QID="92">s</Q>
			<q BOX="450 820 468 844" STYLE_REF="7" QID="92">he</q>
			<QW QID="92">she</QW>
			<W BOX="459 804 482 827" STYLE_REF="7">the</W>
			<W BOX="474 820 502 844" STYLE_REF="7">will</W>
			<W BOX="492 804 564 827" STYLE_REF="7">charitable</W>
			<W BOX="508 820 525 844" STYLE_REF="7">be</W>
			<W BOX="530 820 554 844" STYLE_REF="7">the</W>
			<W BOX="560 820 648 843" STYLE_REF="7">benefactress</W>
			<W BOX="573 804 615 827" STYLE_REF="7">object</W>
			<W BOX="623 804 668 827" STYLE_REF="7">which</W>
			<W BOX="650 819 663 843" STYLE_REF="7">of</W>
			<W BOX="670 819 694 843" STYLE_REF="7">her</W>
			<W BOX="676 803 699 826" STYLE_REF="7">she</W>
			<W BOX="700 819 747 843" STYLE_REF="7">fellow</W>
			<W BOX="707 802 732 826" STYLE_REF="7">has</W>
			<W BOX="739 802 753 826" STYLE_REF="7">in</W>
			<W BOX="747 819 754 843" STYLE_REF="7" LH="y">-</W>
			<L BOX="63 820 438 861"/>
			<Q BOX="63 837 93 861" STYLE_REF="7" QID="93">crea</Q>
			<q BOX="93 837 131 861" STYLE_REF="7" QID="93">tures</q>
			<QW QID="93">creatures</QW>
			<W BOX="99 821 104 845" STYLE_REF="7">,</W>
			<W BOX="132 837 137 861" STYLE_REF="7">.</W>
			<W BOX="242 821 247 845" STYLE_REF="7">,</W>
			<W BOX="433 820 438 844" STYLE_REF="7">,</W>
		</Primitive>
		<Primitive BOX="24 852 811 914" ID="Ar0270014" SEQ_NO="14" TOC_ENTRY_ID="13" DEPTH_LEVEL="1">
			<L BOX="466 852 661 879"/>
			<W BOX="466 855 475 879" STYLE_REF="7">"</W>
			<Q BOX="480 853 491 877" STYLE_REF="7" QID="94">E</Q>
			<q BOX="492 853 549 877" STYLE_REF="7" QID="94">dward</q>
			<QW QID="94">Edward</QW>
			<W BOX="556 852 604 875" STYLE_REF="7" NS="y">Kigby</W>
			<W BOX="607 853 611 876" STYLE_REF="7">,</W>
			<W BOX="617 852 634 876" STYLE_REF="7" NS="y">M</W>
			<W BOX="634 852 638 876" STYLE_REF="7" NS="y">.</W>
			<W BOX="638 852 651 876" STYLE_REF="7" NS="y">D</W>
			<Q BOX="651 852 656 876" STYLE_REF="7" QID="95">.</Q>
			<q BOX="656 852 661 876" STYLE_REF="7" QID="95">,</q>
			<QW QID="95">.,</QW>
			<L BOX="277 872 755 914"/>
			<W BOX="277 877 286 900" STYLE_REF="7">"</W>
			<W BOX="292 874 344 897" STYLE_REF="9">Fellow</W>
			<W BOX="348 874 360 897" STYLE_REF="9">of</W>
			<W BOX="349 890 364 914" STYLE_REF="9">to</W>
			<W BOX="369 874 391 897" STYLE_REF="9">the</W>
			<W BOX="377 890 398 914" STYLE_REF="9">the</W>
			<W BOX="397 874 442 897" STYLE_REF="9">Royal</W>
			<W BOX="414 890 471 914" STYLE_REF="9">General</W>
			<W BOX="449 874 502 897" STYLE_REF="9">College</W>
			<W BOX="485 890 535 913" STYLE_REF="9">Lying</W>
			<W BOX="506 874 519 897" STYLE_REF="9">of</W>
			<W BOX="527 874 551 897" STYLE_REF="9">Ph</W>
			<Q BOX="535 890 543 913" STYLE_REF="9" LH="y" QID="96">-</Q>
			<q BOX="543 890 559 913" STYLE_REF="9" QID="96">in</q>
			<QW QID="96">-in</QW>
			<W BOX="551 873 613 897" STYLE_REF="9">ysicians</W>
			<Q BOX="604 891 611 912" STYLE_REF="8" QID="97">i</Q>
			<q BOX="609 889 616 913" STYLE_REF="9" QID="97">t</q>
			<QW QID="97">it</QW>
			<W BOX="610 874 617 898" STYLE_REF="9" NS="y">,</W>
			<S S_TYPE="SUB">
				<W BOX="616 891 631 912" STYLE_REF="8">al</W>
			</S>
			<W BOX="621 873 670 896" STYLE_REF="9">Senior</W>
			<W BOX="646 889 721 912" STYLE_REF="9">Examiner</W>
			<Q BOX="675 872 697 895" STYLE_REF="9" QID="98">Ph</Q>
			<q BOX="697 872 755 895" STYLE_REF="9" QID="98">ysician</q>
			<QW QID="98">Physician</QW>
			<W BOX="736 888 753 911" STYLE_REF="9">in</W>
		</Primitive>
		<Primitive BOX="24 904 811 962" ID="Ar0270015" SEQ_NO="15" TOC_ENTRY_ID="13" DEPTH_LEVEL="1">
			<L BOX="349 890 693 930"/>
			<W BOX="349 907 433 930" STYLE_REF="9">Midwifery</W>
			<W BOX="435 907 449 930" STYLE_REF="9">at</W>
			<W BOX="457 907 479 930" STYLE_REF="9">the</W>
			<W BOX="488 907 566 930" STYLE_REF="9">University</W>
			<W BOX="565 890 605 913" STYLE_REF="9">Hosp</W>
			<W BOX="572 907 583 930" STYLE_REF="9">of</W>
			<W BOX="591 906 650 930" STYLE_REF="9">London</W>
			<W BOX="630 890 637 913" STYLE_REF="9">,</W>
			<W BOX="650 906 656 930" STYLE_REF="9">,</W>
			<Q BOX="659 906 667 930" STYLE_REF="9" QID="99" M="1 * 2 * ">ty</Q>
			<q BOX="671 904 680 928" STYLE_REF="9" NS="y" QID="99">c</q>
			<QW QID="99">_tyc</QW>
			<W BOX="680 904 685 928" STYLE_REF="9" NS="y">,</W>
			<W BOX="683 905 693 928" STYLE_REF="9">"</W>
			<L BOX="257 937 555 962" P="S"/>
			<W BOX="257 939 298 962" STYLE_REF="7">From</W>
			<W BOX="305 939 400 962" STYLE_REF="7">Southwood</W>
			<W BOX="408 938 459 962" STYLE_REF="7" NS="y">Smith</W>
			<W BOX="459 938 464 962" STYLE_REF="7">,</W>
			<W BOX="471 937 501 961" STYLE_REF="7" NS="y">Esq</W>
			<Q BOX="502 937 506 961" STYLE_REF="7" QID="100">.</Q>
			<q BOX="506 937 511 961" STYLE_REF="7" QID="100">,</q>
			<QW QID="100">.,</QW>
			<W BOX="516 938 532 961" STYLE_REF="7" NS="y">M</W>
			<W BOX="532 938 537 961" STYLE_REF="7" NS="y">.</W>
			<W BOX="537 938 550 961" STYLE_REF="7" NS="y">D</W>
			<W BOX="550 938 555 961" STYLE_REF="7">.</W>
		</Primitive>
		<Primitive BOX="24 957 811 1017" ID="Ar0270016" SEQ_NO="16" TOC_ENTRY_ID="13" DEPTH_LEVEL="1">
			<L BOX="60 957 751 1000"/>
			<W BOX="60 978 92 999" STYLE_REF="8">prac</W>
			<W BOX="80 962 93 985" STYLE_REF="7">"</W>
			<W BOX="92 976 98 1000" STYLE_REF="7">t</W>
			<W BOX="94 960 101 983" STYLE_REF="7" NS="y">I</W>
			<S S_TYPE="SUB">
				<W BOX="98 978 118 999" STYLE_REF="8">ice</W>
			</S>
			<W BOX="111 960 152 983" STYLE_REF="7">hereb</W>
			<Q BOX="124 978 133 999" STYLE_REF="8" QID="101">a</Q>
			<q BOX="133 976 139 1000" STYLE_REF="7" QID="101">t</q>
			<QW QID="101">at</QW>
			<W BOX="147 976 153 1000" STYLE_REF="7">t</W>
			<W BOX="152 960 161 983" STYLE_REF="7" NS="y">y</W>
			<S S_TYPE="SUB">
				<W BOX="153 978 171 999" STYLE_REF="8">he</W>
			</S>
			<W BOX="169 960 207 983" STYLE_REF="7">certif</W>
			<Q BOX="177 978 201 999" STYLE_REF="8" QID="102">hos</Q>
			<q BOX="201 976 210 1000" STYLE_REF="7" QID="102">p</q>
			<QW QID="102">hosp</QW>
			<W BOX="208 960 216 984" STYLE_REF="7" NS="y">y</W>
			<S S_TYPE="SUB">
				<Q BOX="210 978 216 999" STYLE_REF="8" QID="103">i</Q>
			</S>
			<Q BOX="216 976 222 1000" STYLE_REF="7" QID="103">t</Q>
			<q BOX="222 978 236 999" STYLE_REF="8" QID="103">al</q>
			<QW QID="103">ital</QW>
			<W BOX="224 959 254 983" STYLE_REF="7">that</W>
			<W BOX="236 976 241 1000" STYLE_REF="7">,</W>
			<W BOX="247 976 274 999" STYLE_REF="7">and</W>
			<W BOX="261 959 295 983" STYLE_REF="7">Miss</W>
			<W BOX="280 976 305 999" STYLE_REF="7">has</W>
			<W BOX="301 959 338 983" STYLE_REF="7">Emil</W>
			<W BOX="311 976 351 999" STYLE_REF="7">made</W>
			<Q BOX="338 960 348 983" STYLE_REF="7" QID="104">y</Q>
			<Q BOX="351 959 357 982" STYLE_REF="7" LH="y" QID="104">-</Q>
			<q BOX="356 959 395 982" STYLE_REF="7" QID="104">Black</q>
			<QW QID="104">y-Black</QW>
			<Q BOX="357 976 388 999" STYLE_REF="7" QID="105">hers</Q>
			<q BOX="388 976 401 999" STYLE_REF="7" QID="105">el</q>
			<QW QID="105">hersel</QW>
			<W BOX="397 959 427 983" STYLE_REF="7">well</W>
			<W BOX="401 975 406 998" STYLE_REF="7">f</W>
			<W BOX="417 975 495 998" STYLE_REF="7">acquainted</W>
			<W BOX="428 959 433 983" STYLE_REF="7">,</W>
			<W BOX="442 959 459 982" STYLE_REF="7" NS="y">M</W>
			<W BOX="459 959 464 982" STYLE_REF="7" NS="y">.</W>
			<W BOX="464 959 477 982" STYLE_REF="7" NS="y">D</W>
			<Q BOX="477 959 482 982" STYLE_REF="7" QID="106">.</Q>
			<q BOX="482 959 486 982" STYLE_REF="7" QID="106">,</q>
			<QW QID="106">.,</QW>
			<W BOX="494 958 518 982" STYLE_REF="7">has</W>
			<W BOX="502 975 538 998" STYLE_REF="7">with</W>
			<W BOX="528 958 563 982" STYLE_REF="7">very</W>
			<W BOX="547 975 570 998" STYLE_REF="7">the</W>
			<W BOX="571 958 632 981" STYLE_REF="7">diligentl</W>
			<W BOX="577 975 632 998" STYLE_REF="7">various</W>
			<W BOX="633 957 642 981" STYLE_REF="7">y</W>
			<W BOX="638 974 681 997" STYLE_REF="7">forms</W>
			<W BOX="653 957 715 980" STYLE_REF="7">attended</W>
			<W BOX="689 973 703 997" STYLE_REF="7">of</W>
			<W BOX="713 973 751 996" STYLE_REF="7">fever</W>
			<W BOX="727 957 751 980" STYLE_REF="7">my</W>
			<L BOX="62 992 442 1016"/>
			<W BOX="62 992 131 1016" STYLE_REF="7">prevalent</W>
			<W BOX="137 992 153 1016" STYLE_REF="7">in</W>
			<W BOX="159 992 187 1016" STYLE_REF="7">this</W>
			<Q BOX="194 992 272 1016" STYLE_REF="7" QID="107">metropolis</Q>
			<q BOX="284 992 311 1016" STYLE_REF="7" QID="107">and</q>
			<QW QID="107">metropolisand</QW>
			<W BOX="317 992 354 1016" STYLE_REF="7">their</W>
			<W BOX="361 992 432 1015" STYLE_REF="7" NS="y">treatment</W>
			<W BOX="435 992 442 1015" STYLE_REF="7">.</W>
		</Primitive>
		<Primitive BOX="24 1011 811 1060" ID="Ar0270017" SEQ_NO="17" TOC_ENTRY_ID="13" DEPTH_LEVEL="1">
			<L BOX="273 993 277 1017"/>
			<W BOX="273 993 277 1017" STYLE_REF="7">,</W>
			<L BOX="423 1011 646 1039"/>
			<W BOX="423 1015 431 1039" STYLE_REF="7">"</W>
			<W BOX="437 1013 533 1037" STYLE_REF="7">Southwood</W>
			<W BOX="540 1012 588 1036" STYLE_REF="7" NS="y">Smith</W>
			<W BOX="590 1012 594 1035" STYLE_REF="7">,</W>
			<W BOX="600 1011 617 1035" STYLE_REF="7" NS="y">M</W>
			<W BOX="617 1011 622 1035" STYLE_REF="7" NS="y">.</W>
			<W BOX="622 1011 636 1035" STYLE_REF="7" NS="y">D</W>
			<Q BOX="636 1011 641 1035" STYLE_REF="7" QID="108">.</Q>
			<q BOX="641 1011 646 1035" STYLE_REF="7" QID="108">,</q>
			<QW QID="108">.,</QW>
			<L BOX="330 1031 725 1060"/>
			<W BOX="330 1036 339 1060" STYLE_REF="7">"</W>
			<W BOX="344 1034 395 1057" STYLE_REF="9">Senior</W>
			<Q BOX="399 1033 424 1057" STYLE_REF="9" QID="109">Ph</Q>
			<q BOX="421 1033 478 1057" STYLE_REF="9" QID="109">ysician</q>
			<QW QID="109">Physician</QW>
			<W BOX="480 1033 493 1057" STYLE_REF="9">of</W>
			<W BOX="501 1033 522 1057" STYLE_REF="9">the</W>
			<W BOX="529 1033 586 1057" STYLE_REF="9">London</W>
			<W BOX="592 1032 639 1056" STYLE_REF="9">Fever</W>
			<Q BOX="642 1031 684 1055" STYLE_REF="9" QID="110">Hosp</Q>
			<q BOX="681 1031 708 1054" STYLE_REF="9" NS="y" QID="110">ital</q>
			<QW QID="110">Hospital</QW>
			<W BOX="708 1031 713 1054" STYLE_REF="9" NS="y">.</W>
			<W BOX="713 1031 725 1055" STYLE_REF="9">"</W>
		</Primitive>
		<Primitive BOX="24 1060 811 1143" ID="Ar0270018" SEQ_NO="18" TOC_ENTRY_ID="13" DEPTH_LEVEL="1">
			<L BOX="260 1064 549 1088" P="S"/>
			<W BOX="260 1064 301 1088" STYLE_REF="7">From</W>
			<W BOX="308 1064 382 1088" STYLE_REF="7">William</W>
			<W BOX="389 1064 453 1088" STYLE_REF="7" NS="y">Jenner</W>
			<W BOX="454 1064 459 1087" STYLE_REF="7">,</W>
			<W BOX="464 1064 495 1087" STYLE_REF="7" NS="y">Esq</W>
			<Q BOX="495 1064 500 1087" STYLE_REF="7" QID="111">.</Q>
			<q BOX="500 1064 504 1087" STYLE_REF="7" QID="111">,</q>
			<QW QID="111">.,</QW>
			<W BOX="509 1064 526 1087" STYLE_REF="7" NS="y">M</W>
			<W BOX="526 1064 530 1087" STYLE_REF="7" NS="y">.</W>
			<W BOX="530 1064 544 1087" STYLE_REF="7" NS="y">D</W>
			<W BOX="544 1064 549 1087" STYLE_REF="7">.</W>
			<L BOX="59 1082 750 1143"/>
			<W BOX="59 1102 74 1125" STYLE_REF="7">at</W>
			<W BOX="60 1119 107 1142" STYLE_REF="7">struck</W>
			<W BOX="79 1086 91 1110" STYLE_REF="7">"</W>
			<W BOX="82 1102 105 1125" STYLE_REF="7">the</W>
			<W BOX="90 1086 99 1110" STYLE_REF="7">I</W>
			<W BOX="107 1085 142 1109" STYLE_REF="7">have</W>
			<W BOX="111 1102 149 1125" STYLE_REF="7">Hosp</W>
			<W BOX="113 1119 131 1143" STYLE_REF="7">by</W>
			<W BOX="138 1118 162 1142" STYLE_REF="7">her</W>
			<W BOX="147 1085 186 1109" STYLE_REF="7">great</W>
			<Q BOX="149 1103 154 1124" STYLE_REF="8" QID="112">i</Q>
			<Q BOX="154 1101 160 1125" STYLE_REF="7" QID="112">t</Q>
			<q BOX="161 1103 170 1124" STYLE_REF="8" QID="112">a</q>
			<QW QID="112">ita</QW>
			<W BOX="169 1118 213 1142" STYLE_REF="7">intelli</W>
			<W BOX="169 1101 174 1125" STYLE_REF="7">l</W>
			<W BOX="182 1103 202 1124" STYLE_REF="8">for</W>
			<Q BOX="192 1085 202 1109" STYLE_REF="7" QID="113">p</Q>
			<q BOX="201 1085 253 1108" STYLE_REF="7" QID="113">leasure</q>
			<QW QID="113">pleasure</QW>
			<W BOX="209 1101 219 1125" STYLE_REF="7">S</W>
			<W BOX="213 1118 254 1141" STYLE_REF="7">gence</W>
			<W BOX="219 1103 240 1124" STYLE_REF="8">ick</W>
			<Q BOX="247 1101 258 1125" STYLE_REF="7" QID="114">C</Q>
			<q BOX="258 1103 272 1124" STYLE_REF="8" QID="114">hi</q>
			<QW QID="114">Chi</QW>
			<W BOX="260 1085 273 1108" STYLE_REF="7">in</W>
			<W BOX="265 1119 292 1141" STYLE_REF="12">zeal</W>
			<Q BOX="273 1101 277 1125" STYLE_REF="7" QID="115">l</Q>
			<q BOX="279 1103 310 1124" STYLE_REF="8" QID="115">dren</q>
			<QW QID="115">ldren</QW>
			<W BOX="281 1085 333 1108" STYLE_REF="7">stating</W>
			<W BOX="304 1119 330 1140" STYLE_REF="8">and</W>
			<W BOX="312 1101 317 1125" STYLE_REF="7">,</W>
			<W BOX="323 1101 378 1124" STYLE_REF="7">London</W>
			<W BOX="337 1119 368 1140" STYLE_REF="8">amo</W>
			<W BOX="339 1085 371 1108" STYLE_REF="7">that</W>
			<W BOX="369 1117 377 1140" STYLE_REF="7">u</W>
			<W BOX="375 1085 395 1108" STYLE_REF="7">Dr</W>
			<W BOX="378 1119 387 1140" STYLE_REF="8">n</W>
			<W BOX="380 1100 384 1124" STYLE_REF="7">,</W>
			<W BOX="388 1117 394 1140" STYLE_REF="7">t</W>
			<W BOX="391 1100 408 1124" STYLE_REF="7">on</W>
			<W BOX="395 1085 400 1108" STYLE_REF="7" NS="y">.</W>
			<S S_TYPE="SUB">
				<W BOX="399 1119 407 1140" STYLE_REF="8">o</W>
			</S>
			<W BOX="406 1084 416 1108" STYLE_REF="7">E</W>
			<W BOX="407 1117 412 1140" STYLE_REF="7" NS="y">f</W>
			<S S_TYPE="SUP">
				<W BOX="417 1087 440 1107" STYLE_REF="8">mil</W>
			</S>
			<W BOX="418 1100 441 1124" STYLE_REF="7">the</W>
			<W BOX="419 1119 475 1139" STYLE_REF="8">medical</W>
			<W BOX="441 1085 451 1109" STYLE_REF="7">y</W>
			<W BOX="451 1100 459 1124" STYLE_REF="7">d</W>
			<W BOX="455 1084 529 1107" STYLE_REF="7">Blackwell</W>
			<W BOX="460 1100 485 1124" STYLE_REF="7" NS="y">ays</W>
			<S S_TYPE="SUB">
				<W BOX="481 1119 506 1139" STYLE_REF="8">kno</W>
			</S>
			<W BOX="491 1100 504 1124" STYLE_REF="7">of</W>
			<W BOX="507 1117 526 1140" STYLE_REF="7">wl</W>
			<W BOX="510 1100 534 1124" STYLE_REF="7" NS="y">my</W>
			<S S_TYPE="SUB">
				<W BOX="526 1119 541 1139" STYLE_REF="8">ed</W>
			</S>
			<W BOX="536 1084 561 1107" STYLE_REF="7">has</W>
			<W BOX="541 1100 580 1124" STYLE_REF="7">visits</W>
			<W BOX="542 1117 559 1140" STYLE_REF="7" NS="y">ge</W>
			<W BOX="559 1117 564 1140" STYLE_REF="7">.</W>
			<W BOX="567 1083 627 1107" STYLE_REF="7">attended</W>
			<W BOX="580 1100 585 1124" STYLE_REF="7">,</W>
			<W BOX="590 1099 616 1123" STYLE_REF="7">and</W>
			<W BOX="623 1099 653 1123" STYLE_REF="7">that</W>
			<W BOX="634 1083 670 1106" STYLE_REF="7">most</W>
			<W BOX="660 1099 666 1123" STYLE_REF="7">I</W>
			<W BOX="673 1099 707 1123" STYLE_REF="7">have</W>
			<Q BOX="677 1082 700 1106" STYLE_REF="7" QID="116">dili</Q>
			<q BOX="701 1082 739 1106" STYLE_REF="7" QID="116">gentl</q>
			<QW QID="116">diligentl</QW>
			<W BOX="716 1099 749 1123" STYLE_REF="7">been</W>
			<W BOX="740 1083 750 1106" STYLE_REF="7">y</W>
		</Primitive>
		<Primitive BOX="24 1137 811 1164" ID="Ar0270019" SEQ_NO="19" TOC_ENTRY_ID="13" DEPTH_LEVEL="1">
			<L BOX="254 1119 298 1143"/>
			<W BOX="254 1119 258 1143" STYLE_REF="7">,</W>
			<W BOX="294 1119 298 1142" STYLE_REF="7">,</W>
			<L BOX="412 1137 625 1164"/>
			<W BOX="412 1141 421 1164" STYLE_REF="7">"</W>
			<W BOX="425 1138 498 1161" STYLE_REF="7">William</W>
			<W BOX="505 1138 570 1161" STYLE_REF="7" NS="y">Jenner</W>
			<W BOX="571 1137 575 1161" STYLE_REF="7">,</W>
			<W BOX="581 1137 597 1161" STYLE_REF="7" NS="y">M</W>
			<W BOX="597 1137 602 1161" STYLE_REF="7" NS="y">.</W>
			<W BOX="602 1137 615 1161" STYLE_REF="7" NS="y">D</W>
			<Q BOX="615 1137 620 1161" STYLE_REF="7" QID="117">.</Q>
			<q BOX="620 1137 625 1161" STYLE_REF="7" QID="117">,</q>
			<QW QID="117">.,</QW>
		</Primitive>
		<Primitive BOX="24 1164 811 1214" ID="Ar0270020" SEQ_NO="20" TOC_ENTRY_ID="13" DEPTH_LEVEL="1">
			<L BOX="131 1154 752 1187"/>
			<W BOX="131 1162 141 1187" STYLE_REF="10">"</W>
			<Q BOX="145 1159 167 1184" STYLE_REF="13" QID="118">Ph</Q>
			<q BOX="168 1159 224 1184" STYLE_REF="13" QID="118">ysician</q>
			<QW QID="118">Physician</QW>
			<W BOX="228 1159 242 1184" STYLE_REF="13">to</W>
			<W BOX="253 1159 329 1184" STYLE_REF="13">University</W>
			<W BOX="338 1158 391 1183" STYLE_REF="13">College</W>
			<Q BOX="395 1158 452 1183" STYLE_REF="13" QID="119">Hospita</Q>
			<q BOX="455 1158 460 1183" STYLE_REF="13" NS="y" QID="119">l</q>
			<QW QID="119">Hospital</QW>
			<W BOX="460 1159 468 1184" STYLE_REF="13">,</W>
			<W BOX="471 1157 492 1182" STYLE_REF="13">the</W>
			<W BOX="500 1157 567 1182" STYLE_REF="13">Hospital</W>
			<W BOX="568 1157 590 1182" STYLE_REF="13">for</W>
			<W BOX="599 1157 634 1182" STYLE_REF="13">Sick</W>
			<W BOX="641 1157 703 1182" STYLE_REF="13" NS="y">Children</W>
			<W BOX="705 1157 712 1182" STYLE_REF="13">,</W>
			<W BOX="716 1157 724 1182" STYLE_REF="10" NS="y" M="1 * ">_#</W>
			<Q BOX="723 1157 732 1182" STYLE_REF="10" QID="120">&lt;</Q>
			<q BOX="732 1157 738 1182" STYLE_REF="10" NS="y" QID="120">?</q>
			<QW QID="120">&lt;?</QW>
			<W BOX="738 1157 742 1182" STYLE_REF="10" NS="y">.</W>
			<Q BOX="742 1156 747 1181" STYLE_REF="10" QID="121">'</Q>
			<q BOX="746 1154 752 1179" STYLE_REF="10" QID="121">'</q>
			<QW QID="121">''</QW>
		</Primitive>
	</Content>
	<TOC_Entries><TOC_Entry TOC_ENTRY_ID="56" TITLE="To the Editors of the English Woman's Jo..." ENTITY_ID_REF="Ar02700" PAGE_NO="27" PAGE_LABEL="99" PRIM_ID_REF="Ar0270000" IS_IC="true"/></TOC_Entries></XMD-entity>
