<?xml version="1.0" encoding="windows-1252" standalone="no"?>
<XMD-entity REPOSITORY_FORMAT="1.0" PRXML_VER="2.0" ENTITY_TYPE="Article" DOC_UID="EWJ_01/03/1858" DOC_VER="1" FIRST_TOC_ENTRY_ID="69" DEPTH_LEVEL="1" INDEX_IN_DOC="124" PAGE_NO="58" ID="Ar05800" BOX="24 12 829 116" LANGUAGE="English" SNP="Ar05800S.png" SNP_WIDTH="806" SNP_HEIGHT="105" LOGICAL_NAME="true">
	<Meta NAME="( 58 )" DESCRIPTION="" SUBTYPE="" BASE_HREF="EWJ/1858/03/01" SOURCE_TYPE="TIFF" PUBLICATION="EWJ" SECTION="None" ISSUE_DATE="01/03/1858" WORDCNT="3" RELEASE_NO="041-EWJ-1858-03-01-001-SINGLE" PAGE_ID="" PAGE_TYPE="Single" PAGE_WIDTH="842" PAGE_HEIGHT="1244" DEFAULT_IMG_EXT="png" PDF_DESTINATION_MAPPED="OLV0_Entity_0058_0001" IMAGES_RESOLUTION="86" XMD_VER="2.6.238.8" PAGE_LABEL="58"/>
	<Link SOURCE="041-EWJ-1858-03-01-001-SINGLE.PDF" FIRST_ID="Ar00200" LAST_ID="Ar07201" NEXT_ID="Ar05801" PREV_ID="" TOC_ID="d:/Olive/Repository/EWJ/1858/03/01/TOC.xml"/>
	<DataFiles>
		<Files TYPE="DOC_PDF" PRESENT="1"/>
		<Files TYPE="PAGE_PDF" PRESENT="0"/>
		<Files TYPE="DOC_IMG" PRESENT="0"/>
		<Files TYPE="PAGE_IMG" PRESENT="0"/>
		<Files TYPE="PAGE_VIEW_IMG" PRESENT="1"/>
		<Files TYPE="PAGE_PREVIEW_IMG" PRESENT="1"/>
		<Files TYPE="PRIMITIVE_IMG" PRESENT="1"/>
		<Files TYPE="SNIPPET_IMG" PRESENT="1"/>
	</DataFiles>
	<Content>
		<Primitive BOX="24 12 829 116" ID="Ar0580000" SEQ_NO="0" TOC_ENTRY_ID="69" DEPTH_LEVEL="1">
			<L BOX="409 53 507 85"/>
			<W BOX="409 53 418 85" STYLE_REF="16">(</W>
			<W BOX="444 53 470 85" STYLE_REF="16">58</W>
			<W BOX="497 53 507 85" STYLE_REF="16">)</W>
		</Primitive>
	</Content>
	<TOC_Entries><TOC_Entry TOC_ENTRY_ID="124" TITLE="( 58 )" ENTITY_ID_REF="Ar05800" PAGE_NO="58" PAGE_LABEL="58" PRIM_ID_REF="Ar0580000" IS_IC="true"/></TOC_Entries></XMD-entity>
