<?xml version="1.0" encoding="windows-1252" standalone="no"?>
<XMD-entity REPOSITORY_FORMAT="1.0" PRXML_VER="2.0" ENTITY_TYPE="Article" DOC_UID="EWJ_01/03/1858" DOC_VER="1" FIRST_TOC_ENTRY_ID="71" DEPTH_LEVEL="1" INDEX_IN_DOC="126" PAGE_NO="58" ID="Ar05802" BOX="24 205 829 1219" LANGUAGE="English" CONTINUATION_TO="Ar05900" SNP="Ar05802S.png" SNP_WIDTH="806" SNP_HEIGHT="63" LOGICAL_NAME="true">
	<Meta NAME="In the summer and autumn of 1855 petitio..." DESCRIPTION="" SUBTYPE="" BASE_HREF="EWJ/1858/03/01" SOURCE_TYPE="TIFF" PUBLICATION="EWJ" SECTION="None" ISSUE_DATE="01/03/1858" WORDCNT="632" RELEASE_NO="041-EWJ-1858-03-01-001-SINGLE" PAGE_ID="" PAGE_TYPE="Single" PAGE_WIDTH="842" PAGE_HEIGHT="1244" DEFAULT_IMG_EXT="png" PDF_DESTINATION_MAPPED="OLV0_Entity_0058_0003" IMAGES_RESOLUTION="86" XMD_VER="2.6.238.8" PAGE_LABEL="58"/>
	<Link SOURCE="041-EWJ-1858-03-01-001-SINGLE.PDF" FIRST_ID="Ar00200" LAST_ID="Ar07201" NEXT_ID="" PREV_ID="Ar05801" TOC_ID="d:/Olive/Repository/EWJ/1858/03/01/TOC.xml"/>
	<DataFiles>
		<Files TYPE="DOC_PDF" PRESENT="1"/>
		<Files TYPE="PAGE_PDF" PRESENT="0"/>
		<Files TYPE="DOC_IMG" PRESENT="0"/>
		<Files TYPE="PAGE_IMG" PRESENT="0"/>
		<Files TYPE="PAGE_VIEW_IMG" PRESENT="1"/>
		<Files TYPE="PAGE_PREVIEW_IMG" PRESENT="1"/>
		<Files TYPE="PRIMITIVE_IMG" PRESENT="1"/>
		<Files TYPE="SNIPPET_IMG" PRESENT="1"/>
	</DataFiles>
	<Content>
		<Primitive BOX="24 205 829 267" ID="Ar0580200" SEQ_NO="0" TOC_ENTRY_ID="71" DEPTH_LEVEL="1">
			<L BOX="104 220 806 247"/>
			<W BOX="104 220 124 246" STYLE_REF="10">In</W>
			<W BOX="136 220 164 246" STYLE_REF="9">the</W>
			<W BOX="174 220 248 246" STYLE_REF="9">summer</W>
			<W BOX="259 220 291 246" STYLE_REF="9">and</W>
			<W BOX="303 220 372 246" STYLE_REF="9">autumn</W>
			<W BOX="384 220 399 246" STYLE_REF="9">of</W>
			<W BOX="412 220 452 246" STYLE_REF="9">1855</W>
			<W BOX="467 220 544 247" STYLE_REF="9">petitions</W>
			<W BOX="556 220 596 247" STYLE_REF="9">were</W>
			<W BOX="607 220 693 247" STYLE_REF="9">circulated</W>
			<Q BOX="707 220 766 247" STYLE_REF="9" QID="1">throug</Q>
			<Q BOX="766 220 798 246" STYLE_REF="9" QID="1">hou</Q>
			<q BOX="799 220 806 246" STYLE_REF="9" QID="1">t</q>
			<QW QID="1">throughout</QW>
			<L BOX="103 241 805 267"/>
			<Q BOX="103 241 141 267" STYLE_REF="9" QID="2">Eng</Q>
			<Q BOX="140 243 165 266" STYLE_REF="7" QID="2">lan</Q>
			<q BOX="167 243 178 266" STYLE_REF="7" QID="2">d</q>
			<QW QID="2">England</QW>
			<Q BOX="191 243 208 266" STYLE_REF="7" QID="3">re</Q>
			<Q BOX="207 241 219 267" STYLE_REF="9" QID="3">p</Q>
			<Q BOX="219 243 235 266" STYLE_REF="7" QID="3">re</Q>
			<Q BOX="235 241 244 267" STYLE_REF="9" QID="3">s</Q>
			<Q BOX="244 243 264 266" STYLE_REF="7" QID="3">en</Q>
			<Q BOX="265 241 271 267" STYLE_REF="9" QID="3">t</Q>
			<Q BOX="272 243 289 266" STYLE_REF="7" QID="3">in</Q>
			<q BOX="289 241 300 267" STYLE_REF="9" QID="3">g</q>
			<QW QID="3">representing</QW>
			<Q BOX="312 241 318 267" STYLE_REF="9" QID="4">t</Q>
			<q BOX="318 243 337 266" STYLE_REF="7" QID="4">he</q>
			<QW QID="4">the</QW>
			<Q BOX="348 243 392 266" STYLE_REF="7" QID="5">injus</Q>
			<Q BOX="393 241 400 267" STYLE_REF="9" QID="5">t</Q>
			<Q BOX="401 243 406 266" STYLE_REF="7" QID="5">i</Q>
			<Q BOX="407 241 416 267" STYLE_REF="9" QID="5">c</Q>
			<q BOX="416 243 424 266" STYLE_REF="7" QID="5">e</q>
			<QW QID="5">injustice</QW>
			<Q BOX="437 243 447 266" STYLE_REF="7" QID="6">o</Q>
			<q BOX="447 241 453 267" STYLE_REF="9" QID="6">f</q>
			<QW QID="6">of</QW>
			<W BOX="465 243 494 266" STYLE_REF="7">the</W>
			<W BOX="506 243 537 266" STYLE_REF="7">law</W>
			<W BOX="549 243 637 266" STYLE_REF="7">respecting</W>
			<Q BOX="647 241 665 267" STYLE_REF="9" QID="7">th</Q>
			<q BOX="666 243 674 266" STYLE_REF="7" QID="7">e</q>
			<QW QID="7">the</QW>
			<Q BOX="685 243 715 266" STYLE_REF="7" QID="8">pro</Q>
			<Q BOX="715 241 726 267" STYLE_REF="9" QID="8">p</Q>
			<Q BOX="726 243 742 266" STYLE_REF="7" QID="8">er</Q>
			<q BOX="743 241 763 267" STYLE_REF="9" QID="8">ty</q>
			<QW QID="8">property</QW>
			<W BOX="774 243 805 266" STYLE_REF="7">and</W>
		</Primitive>
		<Primitive BOX="24 262 829 310" ID="Ar0580201" SEQ_NO="1" TOC_ENTRY_ID="71" DEPTH_LEVEL="1">
			<L BOX="102 262 806 289"/>
			<W BOX="102 264 175 287" STYLE_REF="7">earnings</W>
			<Q BOX="185 262 196 288" STYLE_REF="9" QID="9">o</Q>
			<q BOX="195 264 201 287" STYLE_REF="7" QID="9">f</q>
			<QW QID="9">of</QW>
			<W BOX="212 264 280 287" STYLE_REF="7">married</W>
			<Q BOX="287 264 304 287" STYLE_REF="7" QID="10">w</Q>
			<Q BOX="303 262 314 288" STYLE_REF="9" QID="10">o</Q>
			<q BOX="313 264 348 287" STYLE_REF="7" NS="y" QID="10">men</q>
			<QW QID="10">women</QW>
			<W BOX="349 262 354 289" STYLE_REF="9">,</W>
			<W BOX="362 264 394 288" STYLE_REF="7">and</W>
			<Q BOX="401 264 436 288" STYLE_REF="7" QID="11">imp</Q>
			<q BOX="435 264 488 287" STYLE_REF="7" QID="11">loring</q>
			<QW QID="11">imploring</QW>
			<W BOX="497 262 594 288" STYLE_REF="9">Parliament</W>
			<W BOX="602 262 619 288" STYLE_REF="9">to</W>
			<W BOX="626 262 663 288" STYLE_REF="9">take</W>
			<W BOX="670 262 698 288" STYLE_REF="9">the</W>
			<W BOX="705 262 764 288" STYLE_REF="9">matter</W>
			<W BOX="771 262 806 288" STYLE_REF="9">into</W>
			<L BOX="102 283 805 310"/>
			<Q BOX="102 283 178 309" STYLE_REF="9" QID="12">immedia</Q>
			<q BOX="178 283 195 309" STYLE_REF="9" QID="12">te</q>
			<QW QID="12">immediate</QW>
			<W BOX="198 283 314 309" STYLE_REF="9" NS="y">consideration</W>
			<W BOX="316 283 320 309" STYLE_REF="9">.</W>
			<W BOX="341 283 393 309" STYLE_REF="9">These</W>
			<Q BOX="400 283 433 309" STYLE_REF="9" QID="13">peti</Q>
			<q BOX="435 283 477 309" STYLE_REF="9" NS="y" QID="13">tions</q>
			<QW QID="13">petitions</QW>
			<W BOX="477 283 482 310" STYLE_REF="9">,</W>
			<W BOX="487 285 569 309" STYLE_REF="7">organised</W>
			<W BOX="575 285 606 309" STYLE_REF="7">and</W>
			<Q BOX="614 285 623 309" STYLE_REF="7" QID="14">s</Q>
			<Q BOX="622 283 629 309" STYLE_REF="9" QID="14">t</Q>
			<Q BOX="630 285 646 309" STYLE_REF="7" QID="14">ar</Q>
			<Q BOX="647 283 653 309" STYLE_REF="9" QID="14">t</Q>
			<Q BOX="654 285 664 309" STYLE_REF="7" QID="14">e</Q>
			<q BOX="663 283 673 309" STYLE_REF="9" QID="14">d</q>
			<QW QID="14">started</QW>
			<W BOX="681 285 703 309" STYLE_REF="7">by</W>
			<W BOX="709 285 718 309" STYLE_REF="7">a</W>
			<Q BOX="726 285 736 309" STYLE_REF="7" QID="15">c</Q>
			<Q BOX="735 283 746 309" STYLE_REF="9" QID="15">o</Q>
			<Q BOX="745 285 768 309" STYLE_REF="7" QID="15">up</Q>
			<q BOX="768 285 783 308" STYLE_REF="7" QID="15">le</q>
			<QW QID="15">couple</QW>
			<W BOX="789 285 805 308" STYLE_REF="7">of</W>
		</Primitive>
		<Primitive BOX="24 303 829 352" ID="Ar0580202" SEQ_NO="2" TOC_ENTRY_ID="71" DEPTH_LEVEL="1">
			<L BOX="23 303 805 334"/>
			<W BOX="23 303 30 330" STYLE_REF="9" M="1 * ">_\</W>
			<Q BOX="101 303 113 330" STYLE_REF="9" QID="16">p</Q>
			<Q BOX="112 303 205 330" STYLE_REF="9" QID="16">hilanthrop</Q>
			<q BOX="205 306 220 330" STYLE_REF="7" QID="16">ic</q>
			<QW QID="16">philanthropic</QW>
			<W BOX="225 306 275 330" STYLE_REF="7" NS="y">ladies</W>
			<W BOX="276 304 281 331" STYLE_REF="9">,</W>
			<Q BOX="285 306 327 330" STYLE_REF="7" QID="17">resul</Q>
			<Q BOX="327 304 334 330" STYLE_REF="9" QID="17">t</Q>
			<q BOX="335 306 353 330" STYLE_REF="7" QID="17">ed</q>
			<QW QID="17">resulted</QW>
			<W BOX="358 306 376 330" STYLE_REF="7">in</W>
			<Q BOX="381 304 400 330" STYLE_REF="9" QID="18">M</Q>
			<Q BOX="400 306 410 330" STYLE_REF="7" QID="18">a</Q>
			<Q BOX="410 304 417 330" STYLE_REF="9" QID="18">r</Q>
			<q BOX="418 306 439 330" STYLE_REF="7" NS="y" QID="18">ch</q>
			<QW QID="18">March</QW>
			<W BOX="439 304 444 331" STYLE_REF="9">,</W>
			<W BOX="448 307 452 334" STYLE_REF="9">.</W>
			<W BOX="450 305 492 330" STYLE_REF="14" NS="y">1856</W>
			<W BOX="493 304 498 331" STYLE_REF="9">,</W>
			<W BOX="503 306 520 330" STYLE_REF="7">in</W>
			<Q BOX="526 304 533 330" STYLE_REF="9" QID="19">t</Q>
			<q BOX="533 306 554 330" STYLE_REF="7" QID="19">he</q>
			<QW QID="19">the</QW>
			<Q BOX="561 306 589 330" STYLE_REF="7" QID="20">pre</Q>
			<Q BOX="589 306 598 330" STYLE_REF="7" QID="20">s</Q>
			<Q BOX="597 306 617 330" STYLE_REF="7" QID="20">en</Q>
			<Q BOX="617 304 624 330" STYLE_REF="9" QID="20">t</Q>
			<Q BOX="625 306 635 330" STYLE_REF="7" QID="20">a</Q>
			<Q BOX="635 304 641 330" STYLE_REF="9" QID="20">t</Q>
			<q BOX="641 306 667 330" STYLE_REF="7" QID="20">ion</q>
			<QW QID="20">presentation</QW>
			<Q BOX="674 304 681 330" STYLE_REF="9" QID="21">t</Q>
			<q BOX="682 306 692 330" STYLE_REF="7" QID="21">o</q>
			<QW QID="21">to</QW>
			<Q BOX="698 306 719 330" STYLE_REF="7" QID="22">bo</Q>
			<Q BOX="719 304 726 330" STYLE_REF="9" QID="22">t</Q>
			<q BOX="726 306 737 330" STYLE_REF="7" QID="22">h</q>
			<QW QID="22">both</QW>
			<Q BOX="742 304 759 330" STYLE_REF="9" QID="23">H</Q>
			<q BOX="759 306 805 330" STYLE_REF="7" QID="23">ouses</q>
			<QW QID="23">Houses</QW>
			<L BOX="101 324 797 352"/>
			<Q BOX="101 327 112 350" STYLE_REF="7" QID="24">o</Q>
			<q BOX="112 324 118 351" STYLE_REF="9" QID="24">f</q>
			<QW QID="24">of</QW>
			<W BOX="130 327 140 350" STYLE_REF="7">a</W>
			<Q BOX="150 327 171 350" STYLE_REF="7" QID="25">pe</Q>
			<Q BOX="170 324 177 351" STYLE_REF="9" QID="25">t</Q>
			<Q BOX="177 327 183 350" STYLE_REF="7" QID="25">i</Q>
			<Q BOX="184 324 191 351" STYLE_REF="9" QID="25">t</Q>
			<q BOX="191 327 218 350" STYLE_REF="7" QID="25">ion</q>
			<QW QID="25">petition</QW>
			<Q BOX="228 327 242 350" STYLE_REF="7" QID="26">si</Q>
			<q BOX="242 327 284 350" STYLE_REF="7" QID="26">gned</q>
			<QW QID="26">signed</QW>
			<Q BOX="296 327 308 350" STYLE_REF="7" QID="27">b</Q>
			<q BOX="307 327 318 351" STYLE_REF="7" QID="27">y</q>
			<QW QID="27">by</QW>
			<W BOX="326 327 367 351" STYLE_REF="7">3000</W>
			<Q BOX="375 327 402 351" STYLE_REF="7" QID="28">wo</Q>
			<Q BOX="401 325 418 351" STYLE_REF="9" QID="28">m</Q>
			<q BOX="419 327 443 351" STYLE_REF="7" NS="y" QID="28">en</q>
			<QW QID="28">women</QW>
			<W BOX="443 327 450 351" STYLE_REF="7">;</W>
			<W BOX="460 327 477 351" STYLE_REF="7">in</W>
			<Q BOX="489 327 526 351" STYLE_REF="7" QID="29">addi</Q>
			<Q BOX="526 325 533 351" STYLE_REF="9" QID="29">t</Q>
			<q BOX="534 327 561 351" STYLE_REF="7" QID="29">ion</q>
			<QW QID="29">addition</QW>
			<W BOX="572 327 589 351" STYLE_REF="7">to</W>
			<Q BOX="596 325 603 351" STYLE_REF="9" QID="30">t</Q>
			<q BOX="603 327 630 351" STYLE_REF="7" QID="30">his</q>
			<QW QID="30">this</QW>
			<Q BOX="637 325 659 351" STYLE_REF="9" QID="31">W</Q>
			<q BOX="659 327 708 351" STYLE_REF="7" NS="y" QID="31">oman</q>
			<QW QID="31">Woman</QW>
			<W BOX="709 326 715 352" STYLE_REF="9" NS="y">'</W>
			<W BOX="713 325 721 351" STYLE_REF="9">s</W>
			<Q BOX="728 325 763 351" STYLE_REF="9" QID="32">Peti</Q>
			<q BOX="765 325 797 351" STYLE_REF="9" QID="32">tion</q>
			<QW QID="32">Petition</QW>
		</Primitive>
		<Primitive BOX="24 345 829 394" ID="Ar0580203" SEQ_NO="3" TOC_ENTRY_ID="71" DEPTH_LEVEL="1">
			<L BOX="799 324 806 351"/>
			<W BOX="799 324 806 351" STYLE_REF="9">,</W>
			<L BOX="100 345 804 373"/>
			<Q BOX="100 348 134 371" STYLE_REF="7" QID="33">peti</Q>
			<Q BOX="134 345 142 372" STYLE_REF="9" QID="33">t</Q>
			<q BOX="142 348 176 371" STYLE_REF="7" QID="33">ions</q>
			<QW QID="33">petitions</QW>
			<Q BOX="183 345 190 372" STYLE_REF="9" QID="34">f</Q>
			<q BOX="190 348 226 371" STYLE_REF="7" QID="34">rom</q>
			<QW QID="34">from</QW>
			<W BOX="236 348 260 371" STYLE_REF="7">all</W>
			<Q BOX="271 345 299 372" STYLE_REF="9" QID="35">par</Q>
			<q BOX="300 345 316 372" STYLE_REF="9" QID="35">ts</q>
			<QW QID="35">parts</QW>
			<W BOX="326 345 342 372" STYLE_REF="9">of</W>
			<W BOX="352 345 381 372" STYLE_REF="9">the</W>
			<W BOX="391 345 461 372" STYLE_REF="9">country</W>
			<W BOX="467 345 527 372" STYLE_REF="9">poured</W>
			<W BOX="539 345 557 372" STYLE_REF="9" NS="y">in</W>
			<W BOX="558 346 563 373" STYLE_REF="9">,</W>
			<W BOX="574 348 639 372" STYLE_REF="7">bearing</W>
			<Q BOX="649 346 657 372" STYLE_REF="9" QID="36">t</Q>
			<q BOX="657 348 678 372" STYLE_REF="7" QID="36">he</q>
			<QW QID="36">the</QW>
			<Q BOX="690 346 699 372" STYLE_REF="9" QID="37">s</Q>
			<Q BOX="699 348 703 372" STYLE_REF="7" QID="37">i</Q>
			<Q BOX="704 348 735 372" STYLE_REF="7" QID="37">gna</Q>
			<Q BOX="735 346 743 373" STYLE_REF="9" QID="37">t</Q>
			<q BOX="743 348 781 372" STYLE_REF="7" QID="37">ures</q>
			<QW QID="37">signatures</QW>
			<W BOX="789 348 804 372" STYLE_REF="7">of</W>
			<L BOX="100 366 805 394"/>
			<Q BOX="100 368 112 392" STYLE_REF="7" QID="38">u</Q>
			<Q BOX="113 366 124 393" STYLE_REF="9" QID="38">p</Q>
			<q BOX="125 368 175 392" STYLE_REF="7" QID="38">wards</q>
			<QW QID="38">upwards</QW>
			<Q BOX="182 366 193 393" STYLE_REF="9" QID="39">o</Q>
			<q BOX="192 368 198 392" STYLE_REF="7" QID="39">f</q>
			<QW QID="39">of</QW>
			<Q BOX="210 368 221 392" STYLE_REF="7" QID="40">2</Q>
			<Q BOX="222 366 233 393" STYLE_REF="9" QID="40">6</Q>
			<q BOX="238 367 270 393" STYLE_REF="9" QID="40">000</q>
			<QW QID="40">26000</QW>
			<Q BOX="281 367 297 393" STYLE_REF="9" QID="41">m</Q>
			<q BOX="298 367 318 393" STYLE_REF="9" QID="41">en</q>
			<QW QID="41">men</QW>
			<W BOX="324 367 355 393" STYLE_REF="9">and</W>
			<W BOX="365 367 428 393" STYLE_REF="9" NS="y">women</W>
			<W BOX="429 367 433 393" STYLE_REF="9">.</W>
			<Q BOX="456 367 491 393" STYLE_REF="9" QID="42">Thu</Q>
			<Q BOX="493 367 502 393" STYLE_REF="9" QID="42">s</Q>
			<q BOX="514 367 557 394" STYLE_REF="9" QID="42">there</q>
			<QW QID="42">Thusthere</QW>
			<W BOX="564 367 597 394" STYLE_REF="9">was</W>
			<W BOX="603 367 625 394" STYLE_REF="9">no</W>
			<W BOX="631 367 721 394" STYLE_REF="9">mistaking</W>
			<W BOX="729 367 758 394" STYLE_REF="9">the</W>
			<Q BOX="768 367 797 394" STYLE_REF="9" QID="43">pro</Q>
			<Q BOX="797 367 805 394" STYLE_REF="9" LH="y" QID="43">-</Q>
		</Primitive>
		<Primitive BOX="24 388 829 436" ID="Ar0580204" SEQ_NO="4" TOC_ENTRY_ID="71" DEPTH_LEVEL="1">
			<L BOX="232 367 506 394"/>
			<q BOX="232 367 239 394" STYLE_REF="9" QID="43">,</q>
			<QW QID="43">pro-,</QW>
			<W BOX="501 367 506 394" STYLE_REF="9">,</W>
			<L BOX="100 388 805 415"/>
			<W BOX="100 390 150 414" STYLE_REF="7">found</W>
			<Q BOX="157 390 177 414" STYLE_REF="7" QID="44">an</Q>
			<q BOX="178 388 188 414" STYLE_REF="9" QID="44">d</q>
			<QW QID="44">and</QW>
			<Q BOX="196 390 262 414" STYLE_REF="7" QID="45">univers</Q>
			<Q BOX="262 388 272 414" STYLE_REF="9" QID="45">a</Q>
			<q BOX="271 390 277 414" STYLE_REF="7" QID="45">l</q>
			<QW QID="45">universal</QW>
			<Q BOX="284 390 302 414" STYLE_REF="7" QID="46">in</Q>
			<Q BOX="302 388 309 414" STYLE_REF="9" QID="46">t</Q>
			<Q BOX="310 390 334 414" STYLE_REF="7" QID="46">ere</Q>
			<q BOX="334 388 348 414" STYLE_REF="9" QID="46">st</q>
			<QW QID="46">interest</QW>
			<Q BOX="356 388 363 414" STYLE_REF="9" QID="47">f</Q>
			<Q BOX="363 390 378 414" STYLE_REF="7" QID="47">el</Q>
			<q BOX="378 388 386 414" STYLE_REF="9" QID="47">t</q>
			<QW QID="47">felt</QW>
			<W BOX="392 390 410 414" STYLE_REF="7">in</W>
			<Q BOX="417 388 437 414" STYLE_REF="9" QID="48">th</Q>
			<q BOX="437 390 446 414" STYLE_REF="7" QID="48">e</q>
			<QW QID="48">the</QW>
			<Q BOX="454 388 465 414" STYLE_REF="9" QID="49">q</Q>
			<Q BOX="464 390 493 414" STYLE_REF="7" QID="49">ues</Q>
			<Q BOX="493 388 500 414" STYLE_REF="9" QID="49">t</Q>
			<Q BOX="501 390 516 414" STYLE_REF="7" QID="49">io</Q>
			<q BOX="516 388 527 415" STYLE_REF="9" NS="y" QID="49">n</q>
			<QW QID="49">question</QW>
			<W BOX="528 388 533 415" STYLE_REF="9">,</W>
			<W BOX="541 391 572 414" STYLE_REF="7">and</W>
			<Q BOX="580 388 598 415" STYLE_REF="9" QID="50">th</Q>
			<q BOX="599 391 607 414" STYLE_REF="7" QID="50">e</q>
			<QW QID="50">the</QW>
			<Q BOX="615 391 636 414" STYLE_REF="7" QID="51">ab</Q>
			<Q BOX="635 388 645 415" STYLE_REF="9" QID="51">s</Q>
			<Q BOX="643 391 670 414" STYLE_REF="7" QID="51">olu</Q>
			<Q BOX="671 388 677 415" STYLE_REF="9" QID="51">t</Q>
			<q BOX="678 391 687 414" STYLE_REF="7" QID="51">e</q>
			<QW QID="51">absolute</QW>
			<Q BOX="694 391 714 414" STYLE_REF="7" QID="52">ne</Q>
			<Q BOX="714 388 723 415" STYLE_REF="9" QID="52">c</Q>
			<Q BOX="723 391 754 414" STYLE_REF="7" QID="52">essi</Q>
			<Q BOX="755 388 762 415" STYLE_REF="9" QID="52">t</Q>
			<q BOX="762 391 774 414" STYLE_REF="7" QID="52">y</q>
			<QW QID="52">necessity</QW>
			<W BOX="781 391 805 414" STYLE_REF="7">for</W>
			<L BOX="100 408 301 436"/>
			<Q BOX="100 408 175 435" STYLE_REF="9" QID="53">immedia</Q>
			<q BOX="175 408 193 435" STYLE_REF="9" QID="53">te</q>
			<QW QID="53">immediate</QW>
			<W BOX="199 408 292 435" STYLE_REF="9" NS="y">alleviation</W>
			<W BOX="293 409 301 436" STYLE_REF="9">.</W>
		</Primitive>
		<Primitive BOX="24 429 829 478" ID="Ar0580205" SEQ_NO="5" TOC_ENTRY_ID="71" DEPTH_LEVEL="1">
			<L BOX="122 429 804 457"/>
			<W BOX="122 429 142 455" STYLE_REF="9">In</W>
			<W BOX="153 429 180 455" STYLE_REF="9">the</W>
			<W BOX="189 429 247 455" STYLE_REF="9">month</W>
			<W BOX="258 429 274 455" STYLE_REF="9">of</W>
			<W BOX="287 429 330 456" STYLE_REF="9">June</W>
			<W BOX="341 429 424 456" STYLE_REF="9" NS="y">following</W>
			<W BOX="424 429 429 456" STYLE_REF="9">,</W>
			<W BOX="439 432 448 456" STYLE_REF="7">a</W>
			<Q BOX="458 430 469 457" STYLE_REF="9" QID="54">p</Q>
			<q BOX="469 432 513 456" STYLE_REF="7" QID="54">ublic</q>
			<QW QID="54">public</QW>
			<Q BOX="524 430 541 457" STYLE_REF="9" QID="55">m</Q>
			<Q BOX="542 432 559 456" STYLE_REF="7" QID="55">ee</Q>
			<Q BOX="559 430 566 457" STYLE_REF="9" QID="55">t</Q>
			<q BOX="566 432 595 456" STYLE_REF="7" QID="55">ing</q>
			<QW QID="55">meeting</QW>
			<Q BOX="601 432 616 456" STYLE_REF="7" QID="56">w</Q>
			<Q BOX="616 430 626 457" STYLE_REF="9" QID="56">a</Q>
			<q BOX="626 432 634 456" STYLE_REF="7" QID="56">s</q>
			<QW QID="56">was</QW>
			<Q BOX="641 430 652 457" STYLE_REF="9" QID="57">h</Q>
			<q BOX="653 432 678 456" STYLE_REF="7" NS="y" QID="57">eld</q>
			<QW QID="57">held</QW>
			<W BOX="679 431 684 457" STYLE_REF="9">,</W>
			<W BOX="691 430 709 457" STYLE_REF="9">at</W>
			<W BOX="716 430 771 457" STYLE_REF="9">which</W>
			<W BOX="779 430 804 457" STYLE_REF="9">Sir</W>
			<L BOX="100 450 804 478"/>
			<W BOX="100 450 145 476" STYLE_REF="9">John</W>
			<Q BOX="155 450 220 476" STYLE_REF="9" QID="58">Paking</Q>
			<Q BOX="219 450 226 477" STYLE_REF="9" QID="58">t</Q>
			<q BOX="227 453 247 476" STYLE_REF="7" QID="58">on</q>
			<QW QID="58">Pakington</QW>
			<Q BOX="259 450 271 477" STYLE_REF="9" QID="59">p</Q>
			<Q BOX="270 453 296 476" STYLE_REF="7" QID="59">res</Q>
			<Q BOX="295 450 302 477" STYLE_REF="9" QID="59">i</Q>
			<Q BOX="302 453 331 476" STYLE_REF="7" QID="59">ded</Q>
			<q BOX="346 453 378 476" STYLE_REF="7" QID="59">and</q>
			<QW QID="59">presidedand</QW>
			<Q BOX="389 453 404 476" STYLE_REF="7" QID="60">w</Q>
			<Q BOX="404 451 415 477" STYLE_REF="9" QID="60">h</Q>
			<q BOX="416 453 458 476" STYLE_REF="7" QID="60">erein</q>
			<QW QID="60">wherein</QW>
			<Q BOX="469 451 477 477" STYLE_REF="9" QID="61">t</Q>
			<q BOX="476 453 497 476" STYLE_REF="7" QID="61">he</q>
			<QW QID="61">the</QW>
			<Q BOX="508 451 532 477" STYLE_REF="9" QID="62">La</Q>
			<q BOX="531 453 548 476" STYLE_REF="7" QID="62">w</q>
			<QW QID="62">Law</QW>
			<Q BOX="556 453 657 476" STYLE_REF="7" QID="63">Amendmen</Q>
			<q BOX="657 453 664 476" STYLE_REF="7" QID="63">t</q>
			<QW QID="63">Amendment</QW>
			<Q BOX="677 451 690 478" STYLE_REF="9" QID="64">S</Q>
			<Q BOX="688 453 722 477" STYLE_REF="7" QID="64">ocie</Q>
			<Q BOX="721 451 728 477" STYLE_REF="9" QID="64">t</Q>
			<q BOX="728 453 740 477" STYLE_REF="7" QID="64">y</q>
			<QW QID="64">Society</QW>
			<Q BOX="749 451 756 477" STYLE_REF="9" QID="65">t</Q>
			<Q BOX="756 453 776 477" STYLE_REF="7" QID="65">oo</Q>
			<q BOX="776 451 786 477" STYLE_REF="9" QID="65">k</q>
			<QW QID="65">took</QW>
			<W BOX="794 453 804 477" STYLE_REF="7">a</W>
		</Primitive>
		<Primitive BOX="24 471 829 519" ID="Ar0580206" SEQ_NO="6" TOC_ENTRY_ID="71" DEPTH_LEVEL="1">
			<L BOX="98 451 807 499"/>
			<Q BOX="98 471 182 497" STYLE_REF="9" QID="66">prominen</Q>
			<q BOX="182 471 189 498" STYLE_REF="9" QID="66">t</q>
			<QW QID="66">prominent</QW>
			<W BOX="201 471 239 498" STYLE_REF="9" NS="y">part</W>
			<W BOX="239 471 245 498" STYLE_REF="9">.</W>
			<W BOX="266 471 307 498" STYLE_REF="9">This</W>
			<W BOX="317 471 364 498" STYLE_REF="9">societ</W>
			<W BOX="331 451 336 478" STYLE_REF="9">,</W>
			<W BOX="364 474 376 498" STYLE_REF="7">y</W>
			<W BOX="387 474 452 498" STYLE_REF="7">referred</W>
			<Q BOX="468 472 475 498" STYLE_REF="9" QID="67">t</Q>
			<q BOX="476 474 496 498" STYLE_REF="7" QID="67">he</q>
			<QW QID="67">the</QW>
			<Q BOX="510 474 519 498" STYLE_REF="7" QID="68">s</Q>
			<Q BOX="518 472 529 498" STYLE_REF="9" QID="68">u</Q>
			<Q BOX="529 474 555 498" STYLE_REF="7" QID="68">bje</Q>
			<q BOX="556 472 571 498" STYLE_REF="9" QID="68">ct</q>
			<QW QID="68">subject</QW>
			<W BOX="586 472 603 498" STYLE_REF="9">to</W>
			<W BOX="618 472 627 498" STYLE_REF="9">a</W>
			<Q BOX="641 474 700 498" STYLE_REF="7" QID="69">commi</Q>
			<Q BOX="700 472 715 498" STYLE_REF="9" QID="69">tt</Q>
			<q BOX="716 474 734 498" STYLE_REF="7" NS="y" QID="69">ee</q>
			<QW QID="69">committee</QW>
			<W BOX="733 472 739 499" STYLE_REF="9">,</W>
			<Q BOX="749 472 755 498" STYLE_REF="9" LH="y" QID="70">-</Q>
			<q BOX="755 472 807 498" STYLE_REF="9" QID="70">which</q>
			<QW QID="70">-which</QW>
			<L BOX="98 492 803 519"/>
			<Q BOX="98 492 119 518" STYLE_REF="9" QID="71">en</Q>
			<q BOX="119 492 161 518" STYLE_REF="9" QID="71">tered</q>
			<QW QID="71">entered</QW>
			<W BOX="168 492 204 518" STYLE_REF="9">into</W>
			<W BOX="211 492 220 519" STYLE_REF="9">a</W>
			<W BOX="227 492 257 519" STYLE_REF="9">full</W>
			<W BOX="266 492 298 519" STYLE_REF="9">and</W>
			<Q BOX="310 492 383 519" STYLE_REF="9" QID="72">compreh</Q>
			<q BOX="384 492 439 519" STYLE_REF="9" QID="72">ensive</q>
			<QW QID="72">comprehensive</QW>
			<W BOX="451 492 560 519" STYLE_REF="9">examination</W>
			<W BOX="571 492 587 519" STYLE_REF="9">of</W>
			<W BOX="599 492 613 519" STYLE_REF="9">it</W>
			<W BOX="624 492 642 519" STYLE_REF="9">in</W>
			<W BOX="653 492 675 519" STYLE_REF="9">all</W>
			<W BOX="687 492 710 519" STYLE_REF="9">its</W>
			<Q BOX="721 492 767 519" STYLE_REF="9" QID="73">relati</Q>
			<q BOX="768 492 797 519" STYLE_REF="9" NS="y" QID="73">ons</q>
			<QW QID="73">relations</QW>
			<W BOX="797 492 803 519" STYLE_REF="9">,</W>
		</Primitive>
		<Primitive BOX="24 513 829 562" ID="Ar0580207" SEQ_NO="7" TOC_ENTRY_ID="71" DEPTH_LEVEL="1">
			<L BOX="98 513 803 541"/>
			<W BOX="98 516 130 539" STYLE_REF="7">and</W>
			<Q BOX="137 516 175 539" STYLE_REF="7" QID="74">recei</Q>
			<Q BOX="176 513 187 540" STYLE_REF="9" QID="74">v</Q>
			<q BOX="187 516 207 539" STYLE_REF="7" QID="74">ed</q>
			<QW QID="74">received</QW>
			<Q BOX="215 516 266 539" STYLE_REF="7" QID="75">impor</Q>
			<Q BOX="267 513 273 540" STYLE_REF="9" QID="75">t</Q>
			<Q BOX="274 516 295 539" STYLE_REF="7" QID="75">an</Q>
			<q BOX="296 513 303 540" STYLE_REF="9" QID="75">t</q>
			<QW QID="75">important</QW>
			<Q BOX="310 516 378 539" STYLE_REF="7" QID="76">informa</Q>
			<Q BOX="378 513 385 540" STYLE_REF="9" QID="76">t</Q>
			<q BOX="386 516 412 539" STYLE_REF="7" QID="76">ion</q>
			<QW QID="76">information</QW>
			<Q BOX="423 516 468 539" STYLE_REF="7" QID="77">respe</Q>
			<Q BOX="467 514 483 541" STYLE_REF="9" QID="77">ct</Q>
			<q BOX="483 516 511 540" STYLE_REF="7" QID="77">ing</q>
			<QW QID="77">respecting</QW>
			<Q BOX="518 514 536 541" STYLE_REF="9" QID="78">th</Q>
			<q BOX="537 516 546 540" STYLE_REF="7" QID="78">e</q>
			<QW QID="78">the</QW>
			<W BOX="553 516 592 540" STYLE_REF="7">laws</W>
			<W BOX="599 516 614 540" STYLE_REF="7">of</W>
			<Q BOX="624 516 631 540" STYLE_REF="7" QID="79">f</Q>
			<Q BOX="631 514 641 541" STYLE_REF="9" QID="79">o</Q>
			<Q BOX="640 516 662 540" STYLE_REF="7" QID="79">rei</Q>
			<Q BOX="662 514 673 541" STYLE_REF="9" QID="79">g</Q>
			<q BOX="672 516 683 540" STYLE_REF="7" QID="79">n</q>
			<QW QID="79">foreign</QW>
			<Q BOX="691 516 733 540" STYLE_REF="7" QID="80">coun</Q>
			<Q BOX="733 514 740 541" STYLE_REF="9" QID="80">t</Q>
			<q BOX="740 516 771 540" STYLE_REF="7" QID="80">ries</q>
			<QW QID="80">countries</QW>
			<W BOX="777 516 782 540" STYLE_REF="7">:</W>
			<W BOX="793 516 803 540" STYLE_REF="7">a</W>
			<L BOX="98 534 802 562"/>
			<Q BOX="98 534 109 561" STYLE_REF="9" QID="81">g</Q>
			<Q BOX="108 536 128 560" STYLE_REF="7" QID="81">en</Q>
			<Q BOX="129 534 138 561" STYLE_REF="9" QID="81">e</Q>
			<q BOX="137 536 160 560" STYLE_REF="7" QID="81">ral</q>
			<QW QID="81">general</QW>
			<Q BOX="167 536 184 560" STYLE_REF="7" QID="82">re</Q>
			<Q BOX="183 534 195 561" STYLE_REF="9" QID="82">p</Q>
			<Q BOX="195 536 212 560" STYLE_REF="7" QID="82">or</Q>
			<q BOX="213 534 220 561" STYLE_REF="9" QID="82">t</q>
			<QW QID="82">report</QW>
			<W BOX="227 536 261 560" STYLE_REF="7">was</W>
			<Q BOX="267 536 281 560" STYLE_REF="7" QID="83">fr</Q>
			<Q BOX="282 534 309 561" STYLE_REF="9" QID="83">am</Q>
			<q BOX="310 537 328 560" STYLE_REF="7" QID="83">ed</q>
			<QW QID="83">framed</QW>
			<W BOX="335 537 366 560" STYLE_REF="7">and</W>
			<W BOX="374 537 383 560" STYLE_REF="7">a</W>
			<Q BOX="391 537 414 560" STYLE_REF="7" QID="84">bil</Q>
			<q BOX="415 534 421 561" STYLE_REF="9" QID="84">l</q>
			<QW QID="84">bill</QW>
			<Q BOX="429 537 492 560" STYLE_REF="7" QID="85">carefull</Q>
			<q BOX="494 537 506 561" STYLE_REF="7" QID="85">y</q>
			<QW QID="85">carefully</QW>
			<Q BOX="513 537 524 561" STYLE_REF="7" QID="86">p</Q>
			<Q BOX="524 535 532 562" STYLE_REF="9" QID="86">r</Q>
			<Q BOX="532 537 541 561" STYLE_REF="7" QID="86">e</Q>
			<Q BOX="540 535 551 562" STYLE_REF="9" QID="86">p</Q>
			<q BOX="551 537 587 561" STYLE_REF="7" NS="y" QID="86">ared</q>
			<QW QID="86">prepared</QW>
			<W BOX="588 536 593 562" STYLE_REF="9">,</W>
			<Q BOX="601 537 634 561" STYLE_REF="7" QID="87">whi</Q>
			<Q BOX="634 535 643 562" STYLE_REF="9" QID="87">c</Q>
			<q BOX="642 537 653 561" STYLE_REF="7" QID="87">h</q>
			<QW QID="87">which</QW>
			<Q BOX="661 535 675 562" STYLE_REF="9" QID="88">L</Q>
			<q BOX="675 537 703 561" STYLE_REF="7" QID="88">ord</q>
			<QW QID="88">Lord</QW>
			<Q BOX="711 535 726 562" STYLE_REF="9" QID="89">B</Q>
			<Q BOX="725 537 733 561" STYLE_REF="7" QID="89">r</Q>
			<Q BOX="732 535 743 562" STYLE_REF="9" QID="89">o</Q>
			<Q BOX="742 537 765 561" STYLE_REF="7" QID="89">ug</Q>
			<q BOX="764 535 802 562" STYLE_REF="9" QID="89">ham</q>
			<QW QID="89">Brougham</QW>
		</Primitive>
		<Primitive BOX="24 555 829 604" ID="Ar0580208" SEQ_NO="8" TOC_ENTRY_ID="71" DEPTH_LEVEL="1">
			<L BOX="97 555 802 583"/>
			<Q BOX="97 557 151 581" STYLE_REF="7" QID="90">presen</Q>
			<Q BOX="152 555 159 581" STYLE_REF="9" QID="90">t</Q>
			<q BOX="159 557 178 581" STYLE_REF="7" QID="90">ed</q>
			<QW QID="90">presented</QW>
			<Q BOX="191 557 224 581" STYLE_REF="7" QID="91">earl</Q>
			<q BOX="224 555 235 582" STYLE_REF="9" QID="91">y</q>
			<QW QID="91">early</QW>
			<W BOX="242 555 260 582" STYLE_REF="9">in</W>
			<W BOX="272 555 354 582" STYLE_REF="9" NS="y">February</W>
			<W BOX="354 555 360 582" STYLE_REF="9">,</W>
			<W BOX="367 556 411 582" STYLE_REF="9" NS="y">1857</W>
			<W BOX="410 557 415 583" STYLE_REF="9">,</W>
			<W BOX="422 556 440 583" STYLE_REF="9">to</W>
			<W BOX="450 556 479 583" STYLE_REF="9">the</W>
			<W BOX="490 556 546 583" STYLE_REF="9">House</W>
			<W BOX="558 556 575 583" STYLE_REF="9">of</W>
			<W BOX="586 556 637 583" STYLE_REF="9" NS="y">Lords</W>
			<W BOX="637 557 642 583" STYLE_REF="9">,</W>
			<W BOX="652 556 684 583" STYLE_REF="9">and</W>
			<W BOX="696 556 721 583" STYLE_REF="9">Sir</W>
			<W BOX="732 556 802 583" STYLE_REF="9">Erskine</W>
			<L BOX="98 575 803 604"/>
			<Q BOX="98 575 112 602" STYLE_REF="9" QID="92">P</Q>
			<q BOX="111 578 146 601" STYLE_REF="7" QID="92">erry</q>
			<QW QID="92">Perry</QW>
			<W BOX="153 576 194 603" STYLE_REF="9">later</W>
			<W BOX="204 576 222 603" STYLE_REF="9">to</W>
			<W BOX="233 576 261 603" STYLE_REF="9">the</W>
			<W BOX="273 576 328 603" STYLE_REF="9">House</W>
			<W BOX="338 576 353 603" STYLE_REF="9">of</W>
			<W BOX="367 577 456 603" STYLE_REF="9" NS="y">Commons</W>
			<W BOX="456 577 461 603" STYLE_REF="9">.</W>
			<W BOX="482 577 521 603" STYLE_REF="9">This</W>
			<W BOX="531 577 562 603" STYLE_REF="9" NS="y">bill</W>
			<W BOX="562 578 567 604" STYLE_REF="9">,</W>
			<Q BOX="575 577 630 604" STYLE_REF="9" QID="93">strong</Q>
			<Q BOX="630 577 636 603" STYLE_REF="9" QID="93">l</Q>
			<q BOX="635 577 647 604" STYLE_REF="9" QID="93">y</q>
			<QW QID="93">strongly</QW>
			<Q BOX="654 580 713 603" STYLE_REF="7" QID="94">suppor</Q>
			<Q BOX="713 577 721 604" STYLE_REF="9" QID="94">t</Q>
			<q BOX="721 580 740 603" STYLE_REF="7" QID="94">ed</q>
			<QW QID="94">supported</QW>
			<Q BOX="752 577 758 604" STYLE_REF="9" QID="95">i</Q>
			<q BOX="758 580 770 603" STYLE_REF="7" QID="95">n</q>
			<QW QID="95">in</QW>
			<Q BOX="780 580 787 603" STYLE_REF="7" QID="96">i</Q>
			<Q BOX="787 577 793 604" STYLE_REF="9" QID="96">t</Q>
			<q BOX="794 580 803 603" STYLE_REF="7" QID="96">s</q>
			<QW QID="96">its</QW>
		</Primitive>
		<Primitive BOX="24 597 829 647" ID="Ar0580209" SEQ_NO="9" TOC_ENTRY_ID="71" DEPTH_LEVEL="1">
			<L BOX="98 597 802 625"/>
			<Q BOX="98 599 124 623" STYLE_REF="7" QID="97">firs</Q>
			<q BOX="126 597 132 623" STYLE_REF="9" QID="97">t</q>
			<QW QID="97">first</QW>
			<W BOX="140 599 171 623" STYLE_REF="7">and</W>
			<Q BOX="178 599 195 623" STYLE_REF="7" QID="98">se</Q>
			<Q BOX="195 597 204 624" STYLE_REF="9" QID="98">c</Q>
			<q BOX="204 600 236 623" STYLE_REF="7" QID="98">ond</q>
			<QW QID="98">second</QW>
			<Q BOX="243 600 251 623" STYLE_REF="7" QID="99">r</Q>
			<Q BOX="251 597 261 624" STYLE_REF="9" QID="99">e</Q>
			<Q BOX="260 600 308 623" STYLE_REF="7" QID="99">ading</Q>
			<q BOX="308 600 317 623" STYLE_REF="7" NS="y" QID="99">s</q>
			<QW QID="99">readings</QW>
			<W BOX="317 598 322 625" STYLE_REF="9">,</W>
			<Q BOX="329 600 353 624" STYLE_REF="7" QID="100">wa</Q>
			<q BOX="354 598 361 625" STYLE_REF="9" QID="100">s</q>
			<QW QID="100">was</QW>
			<Q BOX="368 600 407 624" STYLE_REF="7" QID="101">chec</Q>
			<Q BOX="406 598 417 625" STYLE_REF="9" QID="101">k</Q>
			<q BOX="418 600 437 624" STYLE_REF="7" QID="101">ed</q>
			<QW QID="101">checked</QW>
			<W BOX="444 600 461 624" STYLE_REF="7">in</W>
			<Q BOX="469 598 487 625" STYLE_REF="9" QID="102">th</Q>
			<q BOX="488 600 496 624" STYLE_REF="7" QID="102">e</q>
			<QW QID="102">the</QW>
			<Q BOX="503 598 530 625" STYLE_REF="9" QID="103">Ho</Q>
			<q BOX="529 600 559 624" STYLE_REF="7" QID="103">use</q>
			<QW QID="103">House</QW>
			<W BOX="565 600 581 624" STYLE_REF="7">of</W>
			<Q BOX="593 598 606 625" STYLE_REF="9" QID="104">C</Q>
			<q BOX="606 601 679 624" STYLE_REF="7" QID="104">ommons</q>
			<QW QID="104">Commons</QW>
			<W BOX="685 598 709 625" STYLE_REF="10">hy</W>
			<W BOX="716 598 725 625" STYLE_REF="9">a</W>
			<Q BOX="731 601 751 624" STYLE_REF="7" QID="105">pr</Q>
			<Q BOX="751 598 761 625" STYLE_REF="9" QID="105">o</Q>
			<q BOX="760 601 802 624" STYLE_REF="7" QID="105">mise</q>
			<QW QID="105">promise</QW>
			<L BOX="97 618 797 646"/>
			<W BOX="97 620 136 644" STYLE_REF="7">from</W>
			<Q BOX="146 618 164 645" STYLE_REF="9" QID="106">th</Q>
			<q BOX="165 620 174 644" STYLE_REF="7" QID="106">e</q>
			<QW QID="106">the</QW>
			<Q BOX="181 618 197 645" STYLE_REF="9" QID="107">G</Q>
			<Q BOX="196 620 283 644" STYLE_REF="7" QID="107">overnmen</Q>
			<q BOX="285 618 290 645" STYLE_REF="9" QID="107">t</q>
			<QW QID="107">Government</QW>
			<Q BOX="298 618 305 645" STYLE_REF="9" QID="108">t</Q>
			<q BOX="306 621 315 645" STYLE_REF="7" QID="108">o</q>
			<QW QID="108">to</QW>
			<Q BOX="322 619 329 646" STYLE_REF="9" QID="109">t</Q>
			<q BOX="329 621 358 645" STYLE_REF="7" QID="109">ake</q>
			<QW QID="109">take</QW>
			<Q BOX="365 619 373 646" STYLE_REF="9" QID="110">t</Q>
			<q BOX="373 621 394 645" STYLE_REF="7" QID="110">he</q>
			<QW QID="110">the</QW>
			<Q BOX="404 621 442 645" STYLE_REF="7" QID="111">subj</Q>
			<Q BOX="442 621 450 645" STYLE_REF="7" QID="111">e</Q>
			<q BOX="450 619 466 646" STYLE_REF="9" QID="111">ct</q>
			<QW QID="111">subject</QW>
			<Q BOX="473 621 490 645" STYLE_REF="7" QID="112">in</Q>
			<Q BOX="490 619 497 646" STYLE_REF="9" QID="112">t</Q>
			<q BOX="498 621 508 645" STYLE_REF="7" QID="112">o</q>
			<QW QID="112">into</QW>
			<Q BOX="518 619 528 646" STYLE_REF="9" QID="113">c</Q>
			<Q BOX="527 621 598 645" STYLE_REF="7" QID="113">onsidera</Q>
			<Q BOX="600 619 607 646" STYLE_REF="9" QID="113">t</Q>
			<q BOX="607 621 634 645" STYLE_REF="7" QID="113">ion</q>
			<QW QID="113">consideration</QW>
			<W BOX="645 621 703 645" STYLE_REF="7">during</W>
			<Q BOX="711 620 718 646" STYLE_REF="9" QID="114">t</Q>
			<q BOX="718 622 738 646" STYLE_REF="7" QID="114">he</q>
			<QW QID="114">the</QW>
			<Q BOX="745 622 762 646" STYLE_REF="7" QID="115">re</Q>
			<Q BOX="762 620 772 646" STYLE_REF="9" QID="115">c</Q>
			<Q BOX="771 622 788 646" STYLE_REF="7" QID="115">es</Q>
			<q BOX="788 620 797 646" STYLE_REF="9" QID="115">s</q>
			<QW QID="115">recess</QW>
		</Primitive>
		<Primitive BOX="24 639 829 688" ID="Ar0580210" SEQ_NO="10" TOC_ENTRY_ID="71" DEPTH_LEVEL="1">
			<L BOX="97 620 802 667"/>
			<W BOX="97 641 129 665" STYLE_REF="7">and</W>
			<Q BOX="136 639 143 666" STYLE_REF="9" QID="116">t</Q>
			<q BOX="144 641 153 665" STYLE_REF="7" QID="116">o</q>
			<QW QID="116">to</QW>
			<Q BOX="160 641 184 665" STYLE_REF="7" QID="117">bri</Q>
			<Q BOX="185 639 195 666" STYLE_REF="9" QID="117">n</Q>
			<q BOX="196 641 207 665" STYLE_REF="7" QID="117">g</q>
			<QW QID="117">bring</QW>
			<W BOX="214 639 281 666" STYLE_REF="9">forward</W>
			<W BOX="289 639 298 666" STYLE_REF="9">a</W>
			<W BOX="305 639 377 666" STYLE_REF="9">measure</W>
			<W BOX="384 639 399 666" STYLE_REF="9">of</W>
			<W BOX="410 639 432 666" STYLE_REF="9">its</W>
			<W BOX="438 639 474 666" STYLE_REF="9">own</W>
			<W BOX="480 639 485 666" STYLE_REF="9">:</W>
			<W BOX="496 639 505 666" STYLE_REF="9">a</W>
			<W BOX="513 640 581 666" STYLE_REF="9">promise</W>
			<W BOX="588 640 606 667" STYLE_REF="9">as</W>
			<W BOX="612 640 640 667" STYLE_REF="9">yet</W>
			<W BOX="647 640 752 667" STYLE_REF="9" NS="y">unredeemed</W>
			<W BOX="752 640 758 667" STYLE_REF="9">.</W>
			<W BOX="796 620 802 647" STYLE_REF="9">,</W>
			<L BOX="119 660 801 688"/>
			<W BOX="119 660 177 687" STYLE_REF="9">Clause</W>
			<W BOX="183 660 228 687" STYLE_REF="9" NS="y">XXI</W>
			<W BOX="228 660 234 687" STYLE_REF="9">.</W>
			<W BOX="240 660 255 687" STYLE_REF="9">of</W>
			<W BOX="266 660 294 687" STYLE_REF="9">the</W>
			<W BOX="300 660 335 687" STYLE_REF="9">new</W>
			<W BOX="342 660 410 687" STYLE_REF="9">Divorce</W>
			<W BOX="417 660 450 687" STYLE_REF="9">Act</W>
			<W BOX="457 660 497 687" STYLE_REF="9">may</W>
			<Q BOX="503 663 539 686" STYLE_REF="7" QID="118">fairl</Q>
			<q BOX="540 661 551 688" STYLE_REF="9" QID="118">y</q>
			<QW QID="118">fairly</QW>
			<W BOX="559 661 579 688" STYLE_REF="9">be</W>
			<W BOX="589 661 661 688" STYLE_REF="9">regarded</W>
			<W BOX="668 661 686 688" STYLE_REF="9">as</W>
			<W BOX="694 661 703 688" STYLE_REF="9">a</W>
			<W BOX="711 661 801 688" STYLE_REF="9">concession</W>
		</Primitive>
		<Primitive BOX="24 681 829 731" ID="Ar0580211" SEQ_NO="11" TOC_ENTRY_ID="71" DEPTH_LEVEL="1">
			<L BOX="95 681 800 709"/>
			<W BOX="95 681 113 708" STYLE_REF="9">to</W>
			<W BOX="120 681 148 708" STYLE_REF="9">the</W>
			<W BOX="155 681 242 708" STYLE_REF="9">imperious</W>
			<W BOX="252 681 321 708" STYLE_REF="9">demand</W>
			<W BOX="328 681 343 708" STYLE_REF="9">of</W>
			<W BOX="354 681 383 708" STYLE_REF="9">the</W>
			<W BOX="390 681 446 708" STYLE_REF="9">public</W>
			<W BOX="456 681 480 708" STYLE_REF="9">for</W>
			<Q BOX="491 682 545 708" STYLE_REF="9" QID="119">instan</Q>
			<q BOX="547 682 554 709" STYLE_REF="9" QID="119">t</q>
			<QW QID="119">instant</QW>
			<Q BOX="564 682 590 709" STYLE_REF="9" QID="120">leg</Q>
			<q BOX="590 683 653 709" STYLE_REF="9" QID="120">islation</q>
			<QW QID="120">legislation</QW>
			<W BOX="660 683 683 709" STYLE_REF="9">for</W>
			<W BOX="692 683 720 709" STYLE_REF="9">the</W>
			<W BOX="727 683 772 709" STYLE_REF="9">relief</W>
			<W BOX="784 683 800 709" STYLE_REF="9">of</W>
			<L BOX="95 702 800 731"/>
			<W BOX="95 705 163 728" STYLE_REF="7">married</W>
			<Q BOX="170 705 185 728" STYLE_REF="7" QID="121">w</Q>
			<Q BOX="185 702 196 729" STYLE_REF="9" QID="121">o</Q>
			<q BOX="195 705 233 728" STYLE_REF="7" QID="121">men</q>
			<QW QID="121">women</QW>
			<W BOX="238 705 243 728" STYLE_REF="7">;</W>
			<Q BOX="254 702 264 729" STYLE_REF="9" QID="122">a</Q>
			<q BOX="263 705 285 728" STYLE_REF="7" QID="122">nd</q>
			<QW QID="122">and</QW>
			<Q BOX="293 702 304 729" STYLE_REF="9" QID="123">h</Q>
			<q BOX="304 705 328 728" STYLE_REF="7" QID="123">ow</q>
			<QW QID="123">how</QW>
			<Q BOX="335 705 344 728" STYLE_REF="7" QID="124">s</Q>
			<Q BOX="343 702 353 729" STYLE_REF="9" QID="124">o</Q>
			<Q BOX="352 705 369 728" STYLE_REF="7" QID="124">re</Q>
			<Q BOX="369 702 377 729" STYLE_REF="9" QID="124">l</Q>
			<q BOX="377 703 387 729" STYLE_REF="9" QID="124">y</q>
			<QW QID="124">sorely</QW>
			<W BOX="396 703 424 729" STYLE_REF="9">the</W>
			<W BOX="431 703 490 729" STYLE_REF="9">partial</W>
			<W BOX="497 703 585 730" STYLE_REF="9">protection</W>
			<W BOX="595 704 629 731" STYLE_REF="9">this</W>
			<W BOX="639 704 692 731" STYLE_REF="9">clause</W>
			<W BOX="700 704 758 731" STYLE_REF="9">affords</W>
			<W BOX="766 704 800 731" STYLE_REF="9">was</W>
		</Primitive>
		<Primitive BOX="24 724 829 773" ID="Ar0580212" SEQ_NO="12" TOC_ENTRY_ID="71" DEPTH_LEVEL="1">
			<L BOX="95 724 799 752"/>
			<W BOX="95 724 154 750" STYLE_REF="9">needed</W>
			<W BOX="162 724 175 750" STYLE_REF="9">is</W>
			<W BOX="182 724 268 750" STYLE_REF="9">evidenced</W>
			<W BOX="276 724 293 750" STYLE_REF="9">in</W>
			<W BOX="301 724 327 750" STYLE_REF="9">the</W>
			<W BOX="332 724 419 750" STYLE_REF="9">numerous</W>
			<W BOX="426 724 470 750" STYLE_REF="9">cases</W>
			<Q BOX="477 724 510 750" STYLE_REF="9" QID="125">dail</Q>
			<q BOX="510 725 521 751" STYLE_REF="9" QID="125">y</q>
			<QW QID="125">daily</QW>
			<Q BOX="527 725 559 751" STYLE_REF="9" QID="126">app</Q>
			<Q BOX="559 725 566 751" STYLE_REF="9" QID="126">l</Q>
			<Q BOX="565 725 576 752" STYLE_REF="9" QID="126">y</Q>
			<q BOX="577 725 605 752" STYLE_REF="9" QID="126">ing</q>
			<QW QID="126">applying</QW>
			<W BOX="612 725 661 752" STYLE_REF="9">under</W>
			<W BOX="668 725 681 752" STYLE_REF="9">it</W>
			<W BOX="688 725 706 752" STYLE_REF="9">in</W>
			<W BOX="713 725 742 752" STYLE_REF="9">the</W>
			<W BOX="747 725 799 752" STYLE_REF="9">police</W>
			<L BOX="95 745 799 773"/>
			<W BOX="95 745 148 771" STYLE_REF="9">courts</W>
			<W BOX="158 745 173 771" STYLE_REF="9">of</W>
			<W BOX="185 745 214 771" STYLE_REF="9">the</W>
			<W BOX="225 745 318 771" STYLE_REF="9">metropolis</W>
			<W BOX="330 745 376 771" STYLE_REF="9" NS="y">alone</W>
			<W BOX="376 745 381 771" STYLE_REF="9">.</W>
			<W BOX="403 745 436 771" STYLE_REF="9" NS="y">But</W>
			<W BOX="437 745 442 772" STYLE_REF="9">,</W>
			<W BOX="452 745 496 772" STYLE_REF="9">great</W>
			<W BOX="508 745 526 772" STYLE_REF="9">as</W>
			<Q BOX="536 745 561 772" STYLE_REF="9" QID="127">thi</Q>
			<q BOX="561 745 569 772" STYLE_REF="9" QID="127">s</q>
			<QW QID="127">this</QW>
			<W BOX="581 745 625 772" STYLE_REF="9">relief</W>
			<W BOX="637 746 651 772" STYLE_REF="9" NS="y">is</W>
			<W BOX="651 746 656 773" STYLE_REF="9">,</W>
			<W BOX="663 746 677 773" STYLE_REF="9">it</W>
			<W BOX="685 746 741 773" STYLE_REF="9">covers</W>
			<W BOX="751 746 782 773" STYLE_REF="9">but</W>
			<W BOX="789 746 799 773" STYLE_REF="9">a</W>
		</Primitive>
		<Primitive BOX="24 765 829 815" ID="Ar0580213" SEQ_NO="13" TOC_ENTRY_ID="71" DEPTH_LEVEL="1">
			<L BOX="95 765 799 794"/>
			<Q BOX="95 765 136 792" STYLE_REF="9" QID="128">smal</Q>
			<q BOX="136 765 143 792" STYLE_REF="9" QID="128">l</q>
			<QW QID="128">small</QW>
			<Q BOX="150 766 160 792" STYLE_REF="9" QID="129">p</Q>
			<Q BOX="161 768 178 792" STYLE_REF="7" QID="129">or</Q>
			<Q BOX="178 766 191 792" STYLE_REF="9" QID="129">ti</Q>
			<q BOX="191 768 212 792" STYLE_REF="7" QID="129">on</q>
			<QW QID="129">portion</QW>
			<W BOX="220 768 235 792" STYLE_REF="7">of</W>
			<Q BOX="243 766 250 792" STYLE_REF="9" QID="130">t</Q>
			<q BOX="250 768 271 792" STYLE_REF="7" QID="130">he</q>
			<QW QID="130">the</QW>
			<Q BOX="277 768 298 792" STYLE_REF="7" QID="131">ha</Q>
			<Q BOX="298 766 306 792" STYLE_REF="9" QID="131">r</Q>
			<Q BOX="306 768 340 792" STYLE_REF="7" QID="131">dshi</Q>
			<q BOX="341 768 352 792" STYLE_REF="7" QID="131">p</q>
			<QW QID="131">hardship</QW>
			<W BOX="359 768 391 792" STYLE_REF="7">and</W>
			<Q BOX="399 768 405 792" STYLE_REF="7" QID="132">i</Q>
			<Q BOX="405 766 416 793" STYLE_REF="9" QID="132">n</Q>
			<Q BOX="415 768 443 792" STYLE_REF="7" QID="132">jus</Q>
			<Q BOX="444 766 450 793" STYLE_REF="9" QID="132">t</Q>
			<q BOX="451 768 474 792" STYLE_REF="7" QID="132">ice</q>
			<QW QID="132">injustice</QW>
			<Q BOX="480 766 499 793" STYLE_REF="9" QID="133">co</Q>
			<Q BOX="499 768 514 792" STYLE_REF="7" QID="133">m</Q>
			<Q BOX="515 766 532 793" STYLE_REF="9" QID="133">pl</Q>
			<Q BOX="533 768 569 792" STYLE_REF="7" QID="133">aine</Q>
			<q BOX="569 767 579 793" STYLE_REF="9" QID="133">d</q>
			<QW QID="133">complained</QW>
			<W BOX="587 769 603 793" STYLE_REF="7" NS="y">of</W>
			<W BOX="603 768 608 794" STYLE_REF="9">,</W>
			<Q BOX="616 769 636 793" STYLE_REF="7" QID="134">an</Q>
			<q BOX="637 767 646 794" STYLE_REF="9" QID="134">d</q>
			<QW QID="134">and</QW>
			<Q BOX="653 767 660 794" STYLE_REF="9" QID="135">t</Q>
			<q BOX="660 769 681 793" STYLE_REF="7" QID="135">he</q>
			<QW QID="135">the</QW>
			<Q BOX="688 769 734 793" STYLE_REF="7" QID="136">neces</Q>
			<Q BOX="734 767 744 794" STYLE_REF="9" QID="136">s</Q>
			<Q BOX="743 769 749 793" STYLE_REF="7" QID="136">i</Q>
			<Q BOX="749 767 757 794" STYLE_REF="9" QID="136">t</Q>
			<q BOX="756 770 769 794" STYLE_REF="7" QID="136">y</q>
			<QW QID="136">necessity</QW>
			<W BOX="776 768 799 794" STYLE_REF="9">for</W>
			<L BOX="94 787 798 815"/>
			<W BOX="94 787 104 814" STYLE_REF="9">a</W>
			<W BOX="111 787 168 814" STYLE_REF="9">radical</W>
			<W BOX="176 787 279 814" STYLE_REF="9">reformation</W>
			<W BOX="287 787 302 814" STYLE_REF="9">of</W>
			<W BOX="310 787 338 814" STYLE_REF="9">the</W>
			<W BOX="344 787 384 814" STYLE_REF="9">laws</W>
			<W BOX="390 787 464 814" STYLE_REF="9">affecting</W>
			<W BOX="471 787 499 814" STYLE_REF="9">the</W>
			<W BOX="505 788 511 814" STYLE_REF="9" NS="y">j</W>
			<W BOX="513 788 524 814" STYLE_REF="9" NS="y" M="1 * ">_&gt;</W>
			<W BOX="524 788 581 814" STYLE_REF="9">roperty</W>
			<W BOX="587 788 618 814" STYLE_REF="9">and</W>
			<W BOX="626 788 699 815" STYLE_REF="9">earnings</W>
			<W BOX="706 789 722 815" STYLE_REF="9">of</W>
			<W BOX="729 789 798 815" STYLE_REF="9">married</W>
		</Primitive>
		<Primitive BOX="24 808 829 857" ID="Ar0580214" SEQ_NO="14" TOC_ENTRY_ID="71" DEPTH_LEVEL="1">
			<L BOX="94 808 337 834"/>
			<Q BOX="94 808 136 834" STYLE_REF="9" QID="137">wom</Q>
			<q BOX="137 808 156 834" STYLE_REF="9" QID="137">en</q>
			<QW QID="137">women</QW>
			<Q BOX="163 808 171 834" STYLE_REF="9" QID="138">r</Q>
			<Q BOX="171 808 197 834" STYLE_REF="9" QID="138">em</Q>
			<q BOX="197 808 234 834" STYLE_REF="9" QID="138">ains</q>
			<QW QID="138">remains</QW>
			<Q BOX="240 808 291 834" STYLE_REF="9" QID="139">untou</Q>
			<q BOX="292 808 332 834" STYLE_REF="9" NS="y" QID="139">ched</q>
			<QW QID="139">untouched</QW>
			<W BOX="332 808 337 834" STYLE_REF="9">.</W>
			<L BOX="116 829 798 857"/>
			<W BOX="116 829 141 855" STYLE_REF="9">As</W>
			<W BOX="147 829 174 855" STYLE_REF="9">the</W>
			<W BOX="181 829 213 855" STYLE_REF="9">law</W>
			<W BOX="219 829 257 855" STYLE_REF="9">now</W>
			<W BOX="263 829 319 855" STYLE_REF="9" NS="y">stands</W>
			<W BOX="319 829 324 856" STYLE_REF="9">,</W>
			<W BOX="329 829 416 856" STYLE_REF="9">protection</W>
			<W BOX="424 829 439 856" STYLE_REF="9">is</W>
			<W BOX="446 829 511 856" STYLE_REF="9">afforded</W>
			<W BOX="521 829 539 856" STYLE_REF="9">to</W>
			<W BOX="545 829 574 856" STYLE_REF="9">the</W>
			<W BOX="581 830 654 856" STYLE_REF="9">earnings</W>
			<W BOX="660 830 691 857" STYLE_REF="9">and</W>
			<W BOX="699 831 774 857" STYLE_REF="9">property</W>
			<W BOX="782 831 798 857" STYLE_REF="9">of</W>
		</Primitive>
		<Primitive BOX="24 849 829 899" ID="Ar0580215" SEQ_NO="15" TOC_ENTRY_ID="71" DEPTH_LEVEL="1">
			<L BOX="94 849 798 878"/>
			<W BOX="94 849 103 876" STYLE_REF="9">a</W>
			<W BOX="116 849 154 876" STYLE_REF="9">wife</W>
			<W BOX="163 849 234 876" STYLE_REF="9">deserted</W>
			<W BOX="246 849 269 876" STYLE_REF="9">by</W>
			<W BOX="278 849 306 876" STYLE_REF="9">her</W>
			<W BOX="318 849 391 876" STYLE_REF="9" NS="y">husband</W>
			<W BOX="392 851 397 877" STYLE_REF="9">,</W>
			<W BOX="408 850 439 877" STYLE_REF="9">but</W>
			<W BOX="451 850 465 877" STYLE_REF="9">it</W>
			<W BOX="475 850 531 877" STYLE_REF="9">makes</W>
			<W BOX="542 850 624 877" STYLE_REF="9">provision</W>
			<W BOX="633 851 656 878" STYLE_REF="9">for</W>
			<W BOX="668 851 689 878" STYLE_REF="9">no</W>
			<W BOX="700 851 735 878" STYLE_REF="9">case</W>
			<W BOX="745 851 798 878" STYLE_REF="9">where</W>
			<L BOX="94 870 796 899"/>
			<W BOX="94 870 171 897" STYLE_REF="9">desertion</W>
			<W BOX="178 870 209 897" STYLE_REF="9">has</W>
			<W BOX="215 870 244 897" STYLE_REF="9">not</W>
			<W BOX="252 870 300 897" STYLE_REF="9">taken</W>
			<Q BOX="307 870 318 897" STYLE_REF="9" QID="140">p</Q>
			<Q BOX="318 870 350 897" STYLE_REF="9" QID="140">lace</Q>
			<q BOX="363 871 403 897" STYLE_REF="9" QID="140">thus</q>
			<QW QID="140">placethus</QW>
			<W BOX="410 871 473 897" STYLE_REF="9">leaving</W>
			<W BOX="480 871 584 898" STYLE_REF="9">unprotected</W>
			<W BOX="590 872 599 899" STYLE_REF="9">a</W>
			<W BOX="606 872 649 899" STYLE_REF="9">large</W>
			<W BOX="653 872 694 899" STYLE_REF="9">class</W>
			<W BOX="701 873 717 899" STYLE_REF="9">of</W>
			<W BOX="725 873 796 899" STYLE_REF="9">sufferers</W>
		</Primitive>
		<Primitive BOX="24 891 829 940" ID="Ar0580216" SEQ_NO="16" TOC_ENTRY_ID="71" DEPTH_LEVEL="1">
			<L BOX="93 871 799 920"/>
			<W BOX="93 891 130 918" STYLE_REF="9">who</W>
			<W BOX="136 891 162 918" STYLE_REF="9">are</W>
			<W BOX="169 891 250 918" STYLE_REF="9">subjected</W>
			<W BOX="259 891 276 918" STYLE_REF="9">to</W>
			<W BOX="283 891 311 918" STYLE_REF="9">the</W>
			<Q BOX="318 891 349 918" STYLE_REF="9" QID="141">dail</Q>
			<q BOX="350 891 360 918" STYLE_REF="9" QID="141">y</q>
			<QW QID="141">daily</QW>
			<W BOX="351 871 356 898" STYLE_REF="9">,</W>
			<W BOX="367 891 399 918" STYLE_REF="9">loss</W>
			<W BOX="406 891 422 918" STYLE_REF="9">of</W>
			<W BOX="430 892 471 918" STYLE_REF="9">their</W>
			<W BOX="478 892 553 919" STYLE_REF="9">property</W>
			<W BOX="559 892 576 919" STYLE_REF="9">or</W>
			<W BOX="583 892 656 919" STYLE_REF="9">earnings</W>
			<Q BOX="662 892 674 919" STYLE_REF="9" QID="142">b</Q>
			<q BOX="673 893 685 920" STYLE_REF="9" QID="142">y</q>
			<QW QID="142">by</QW>
			<W BOX="690 893 717 920" STYLE_REF="9">the</W>
			<W BOX="724 894 799 920" STYLE_REF="9">presence</W>
			<L BOX="93 912 435 940"/>
			<W BOX="93 912 108 939" STYLE_REF="9">of</W>
			<W BOX="115 912 124 939" STYLE_REF="9">a</W>
			<W BOX="129 912 207 939" STYLE_REF="9">dissolute</W>
			<W BOX="214 912 231 939" STYLE_REF="9">or</W>
			<Q BOX="239 912 312 939" STYLE_REF="9" QID="143">unprinci</Q>
			<Q BOX="312 913 323 940" STYLE_REF="9" QID="143">p</Q>
			<q BOX="323 913 347 939" STYLE_REF="9" QID="143">led</q>
			<QW QID="143">unprincipled</QW>
			<W BOX="354 913 428 939" STYLE_REF="9" NS="y">husband</W>
			<W BOX="429 913 435 939" STYLE_REF="9">.</W>
		</Primitive>
		<Primitive BOX="24 933 829 984" ID="Ar0580217" SEQ_NO="17" TOC_ENTRY_ID="71" DEPTH_LEVEL="1">
			<L BOX="114 933 797 962"/>
			<W BOX="114 933 130 960" STYLE_REF="9">It</W>
			<W BOX="143 933 177 960" STYLE_REF="9">also</W>
			<W BOX="188 933 241 960" STYLE_REF="9">leaves</W>
			<W BOX="252 933 343 960" STYLE_REF="9">untouched</W>
			<W BOX="355 933 383 960" STYLE_REF="9">the</W>
			<Q BOX="394 933 459 960" STYLE_REF="9" QID="144">anomal</Q>
			<q BOX="459 934 470 960" STYLE_REF="9" QID="144">y</q>
			<QW QID="144">anomaly</QW>
			<W BOX="482 934 500 961" STYLE_REF="9">in</W>
			<W BOX="511 934 540 961" STYLE_REF="9">our</W>
			<W BOX="552 934 583 961" STYLE_REF="9">law</W>
			<W BOX="594 934 646 961" STYLE_REF="9">which</W>
			<W BOX="656 935 705 962" STYLE_REF="9">arises</W>
			<Q BOX="716 935 738 962" STYLE_REF="9" QID="145">fro</Q>
			<q BOX="740 935 757 962" STYLE_REF="9" QID="145">m</q>
			<QW QID="145">from</QW>
			<W BOX="768 935 797 962" STYLE_REF="9">the</W>
			<L BOX="93 955 796 984"/>
			<W BOX="93 955 163 981" STYLE_REF="9">different</W>
			<W BOX="175 955 223 981" STYLE_REF="9">mode</W>
			<W BOX="233 955 250 981" STYLE_REF="9">in</W>
			<W BOX="258 955 312 981" STYLE_REF="9">which</W>
			<W BOX="322 955 379 981" STYLE_REF="9">Courts</W>
			<W BOX="391 955 407 981" STYLE_REF="9">of</W>
			<W BOX="420 955 498 982" STYLE_REF="9">Common</W>
			<W BOX="506 955 545 982" STYLE_REF="9">Law</W>
			<W BOX="552 955 583 982" STYLE_REF="9">and</W>
			<W BOX="594 955 652 982" STYLE_REF="9">Courts</W>
			<W BOX="662 955 678 982" STYLE_REF="9">of</W>
			<Q BOX="690 955 704 982" STYLE_REF="9" QID="146">E</Q>
			<q BOX="705 956 754 983" STYLE_REF="9" QID="146">quity</q>
			<QW QID="146">Equity</QW>
			<W BOX="761 957 796 984" STYLE_REF="9">deal</W>
		</Primitive>
		<Primitive BOX="24 975 829 1040" ID="Ar0580218" SEQ_NO="18" TOC_ENTRY_ID="71" DEPTH_LEVEL="1">
			<L BOX="92 975 796 1005"/>
			<W BOX="92 975 134 1002" STYLE_REF="9">with</W>
			<W BOX="141 976 223 1002" STYLE_REF="9">questions</W>
			<W BOX="230 976 298 1002" STYLE_REF="9">relating</W>
			<W BOX="309 976 326 1002" STYLE_REF="9">to</W>
			<W BOX="336 976 363 1002" STYLE_REF="9">the</W>
			<W BOX="374 976 450 1002" STYLE_REF="9">property</W>
			<W BOX="458 976 473 1002" STYLE_REF="9">of</W>
			<W BOX="485 976 559 1003" STYLE_REF="9">husband</W>
			<W BOX="571 976 602 1003" STYLE_REF="9">and</W>
			<W BOX="610 976 647 1003" STYLE_REF="9" NS="y">wife</W>
			<W BOX="647 976 652 1003" STYLE_REF="9">.</W>
			<W BOX="673 976 707 1003" STYLE_REF="9">The</W>
			<W BOX="715 978 773 1005" STYLE_REF="9">Courts</W>
			<W BOX="780 978 796 1005" STYLE_REF="9">of</W>
			<L BOX="92 997 795 1044"/>
			<W BOX="92 997 169 1023" STYLE_REF="9">Common</W>
			<W BOX="102 1017 128 1044" STYLE_REF="9">ive</W>
			<W BOX="138 1017 160 1044" STYLE_REF="9">all</W>
			<W BOX="170 1017 198 1044" STYLE_REF="9">her</W>
			<W BOX="176 997 216 1023" STYLE_REF="9">Law</W>
			<W BOX="223 997 301 1023" STYLE_REF="9">recognise</W>
			<W BOX="308 997 329 1023" STYLE_REF="9">no</W>
			<W BOX="336 997 407 1023" STYLE_REF="9">separate</W>
			<W BOX="415 997 496 1023" STYLE_REF="9">existence</W>
			<W BOX="503 997 520 1023" STYLE_REF="9">in</W>
			<W BOX="527 997 556 1023" STYLE_REF="9">the</W>
			<W BOX="561 997 598 1023" STYLE_REF="9">wife</W>
			<W BOX="609 998 666 1024" STYLE_REF="9">during</W>
			<W BOX="673 998 752 1025" STYLE_REF="9" NS="y">marriage</W>
			<W BOX="751 1000 756 1026" STYLE_REF="9">,</W>
			<W BOX="764 999 795 1026" STYLE_REF="9">and</W>
		</Primitive>
		<Primitive BOX="24 1028 829 1090" ID="Ar0580219" SEQ_NO="19" TOC_ENTRY_ID="71" DEPTH_LEVEL="1">
			<L BOX="92 1017 795 1047"/>
			<Q BOX="92 1017 103 1044" STYLE_REF="9" QID="147">g</Q>
			<q BOX="209 1017 282 1044" STYLE_REF="9" QID="147">personal</q>
			<QW QID="147">gpersonal</QW>
			<W BOX="294 1018 366 1045" STYLE_REF="9">property</W>
			<W BOX="380 1018 412 1045" STYLE_REF="9">and</W>
			<W BOX="422 1018 496 1045" STYLE_REF="9">earnings</W>
			<W BOX="507 1018 524 1045" STYLE_REF="9">to</W>
			<W BOX="534 1018 562 1045" STYLE_REF="9">the</W>
			<Q BOX="572 1018 634 1045" STYLE_REF="9" QID="148">husban</Q>
			<q BOX="635 1019 645 1046" STYLE_REF="9" QID="148">d</q>
			<QW QID="148">husband</QW>
			<Q BOX="656 1019 733 1046" STYLE_REF="9" QID="149">absolutel</Q>
			<q BOX="734 1020 749 1047" STYLE_REF="9" NS="y" QID="149">y</q>
			<QW QID="149">absolutely</QW>
			<W BOX="749 1020 756 1047" STYLE_REF="9">;</W>
			<W BOX="767 1020 795 1047" STYLE_REF="9">the</W>
			<L BOX="92 1039 795 1068"/>
			<W BOX="92 1039 150 1065" STYLE_REF="9">Courts</W>
			<W BOX="157 1039 172 1065" STYLE_REF="9">of</W>
			<W BOX="185 1039 250 1065" STYLE_REF="9" NS="y">Equity</W>
			<W BOX="250 1039 256 1065" STYLE_REF="9">,</W>
			<W BOX="263 1039 283 1065" STYLE_REF="9">on</W>
			<W BOX="291 1039 320 1065" STYLE_REF="9">the</W>
			<W BOX="325 1039 368 1065" STYLE_REF="9">other</W>
			<W BOX="380 1039 423 1065" STYLE_REF="9" NS="y">hand</W>
			<W BOX="425 1039 430 1066" STYLE_REF="9">,</W>
			<W BOX="438 1039 493 1066" STYLE_REF="9">secure</W>
			<W BOX="502 1039 519 1066" STYLE_REF="9">to</W>
			<W BOX="526 1039 555 1066" STYLE_REF="9">the</W>
			<W BOX="562 1039 599 1066" STYLE_REF="9" NS="y">wife</W>
			<W BOX="599 1040 604 1067" STYLE_REF="9">,</W>
			<W BOX="611 1040 680 1067" STYLE_REF="9">through</W>
			<W BOX="687 1041 716 1067" STYLE_REF="9">the</W>
			<W BOX="722 1041 795 1068" STYLE_REF="9">medium</W>
			<L BOX="91 1059 794 1090"/>
			<W BOX="91 1059 107 1086" STYLE_REF="9">of</W>
			<Q BOX="118 1059 203 1086" STYLE_REF="9" QID="150">trusteeshi</Q>
			<Q BOX="203 1059 223 1086" STYLE_REF="9" QID="150">ps</Q>
			<q BOX="236 1060 245 1086" STYLE_REF="9" QID="150">a</q>
			<QW QID="150">trusteeshipsa</QW>
			<Q BOX="253 1060 263 1086" STYLE_REF="9" QID="151">s</Q>
			<q BOX="262 1060 323 1086" STYLE_REF="9" QID="151">eparate</q>
			<QW QID="151">separate</QW>
			<W BOX="335 1060 395 1086" STYLE_REF="9">control</W>
			<W BOX="405 1060 442 1086" STYLE_REF="9">over</W>
			<W BOX="452 1060 481 1086" STYLE_REF="9">her</W>
			<W BOX="492 1060 527 1086" STYLE_REF="9">own</W>
			<Q BOX="537 1060 611 1087" STYLE_REF="9" QID="152">property</Q>
			<q BOX="624 1061 655 1088" STYLE_REF="9" QID="152">and</q>
			<QW QID="152">propertyand</QW>
			<W BOX="745 1062 758 1089" STYLE_REF="9">it</W>
			<W BOX="770 1063 794 1090" STYLE_REF="9">for</W>
		</Primitive>
		<Primitive BOX="24 1081 829 1132" ID="Ar0580220" SEQ_NO="20" TOC_ENTRY_ID="71" DEPTH_LEVEL="1">
			<L BOX="90 1060 794 1111"/>
			<W BOX="90 1081 146 1107" STYLE_REF="9">herself</W>
			<W BOX="154 1081 185 1107" STYLE_REF="9">and</W>
			<W BOX="193 1081 222 1107" STYLE_REF="9">her</W>
			<W BOX="223 1060 229 1086" STYLE_REF="9">,</W>
			<W BOX="232 1081 304 1107" STYLE_REF="9" NS="y">children</W>
			<W BOX="304 1081 310 1107" STYLE_REF="9">.</W>
			<W BOX="330 1081 372 1107" STYLE_REF="9" NS="y">Now</W>
			<W BOX="372 1081 377 1108" STYLE_REF="9">,</W>
			<W BOX="385 1081 402 1107" STYLE_REF="9">to</W>
			<Q BOX="410 1081 431 1107" STYLE_REF="9" QID="153">ob</Q>
			<q BOX="431 1081 465 1107" STYLE_REF="9" QID="153">tain</q>
			<QW QID="153">obtain</QW>
			<Q BOX="477 1081 500 1107" STYLE_REF="9" QID="154">thi</Q>
			<q BOX="502 1081 510 1107" STYLE_REF="9" QID="154">s</q>
			<QW QID="154">this</QW>
			<W BOX="521 1082 609 1108" STYLE_REF="9" NS="y">advantage</W>
			<W BOX="610 1083 615 1109" STYLE_REF="9">,</W>
			<W BOX="612 1060 618 1087" STYLE_REF="9">,</W>
			<W BOX="624 1083 651 1109" STYLE_REF="9">the</W>
			<W BOX="657 1083 733 1110" STYLE_REF="9">property</W>
			<W BOX="662 1062 735 1089" STYLE_REF="9">preserve</W>
			<W BOX="739 1084 755 1110" STYLE_REF="9">of</W>
			<W BOX="766 1084 794 1111" STYLE_REF="9">the</W>
			<L BOX="91 1102 793 1132"/>
			<W BOX="91 1102 128 1128" STYLE_REF="9">wife</W>
			<W BOX="135 1102 179 1128" STYLE_REF="9">must</W>
			<W BOX="184 1102 235 1128" STYLE_REF="9">either</W>
			<W BOX="241 1102 283 1128" STYLE_REF="9">have</W>
			<W BOX="289 1102 328 1128" STYLE_REF="9">been</W>
			<W BOX="341 1102 399 1128" STYLE_REF="9">settled</W>
			<W BOX="406 1102 427 1128" STYLE_REF="9">on</W>
			<W BOX="435 1102 463 1128" STYLE_REF="9">her</W>
			<W BOX="470 1103 492 1130" STYLE_REF="9">by</W>
			<W BOX="499 1103 508 1130" STYLE_REF="9">a</W>
			<W BOX="515 1103 558 1130" STYLE_REF="9">trust</W>
			<W BOX="569 1103 606 1130" STYLE_REF="9" NS="y">deed</W>
			<W BOX="608 1104 613 1130" STYLE_REF="9">,</W>
			<W BOX="621 1104 638 1130" STYLE_REF="9">or</W>
			<W BOX="645 1104 654 1130" STYLE_REF="9">a</W>
			<W BOX="662 1104 695 1130" STYLE_REF="9">suit</W>
			<W BOX="705 1104 747 1130" STYLE_REF="9">have</W>
			<W BOX="754 1105 793 1132" STYLE_REF="9">been</W>
		</Primitive>
		<Primitive BOX="24 1122 829 1186" ID="Ar0580221" SEQ_NO="21" TOC_ENTRY_ID="71" DEPTH_LEVEL="1">
			<L BOX="90 1122 794 1152"/>
			<W BOX="90 1122 175 1149" STYLE_REF="9">instituted</W>
			<W BOX="185 1122 203 1149" STYLE_REF="9">in</W>
			<W BOX="215 1123 297 1149" STYLE_REF="9" NS="y">Chancery</W>
			<W BOX="297 1123 303 1149" STYLE_REF="9">,</W>
			<Q BOX="313 1123 327 1150" STYLE_REF="9" QID="155">ei</Q>
			<q BOX="328 1123 362 1150" STYLE_REF="9" QID="155">ther</q>
			<QW QID="155">either</QW>
			<W BOX="372 1123 388 1150" STYLE_REF="9">of</W>
			<W BOX="401 1123 454 1150" STYLE_REF="9">which</W>
			<W BOX="464 1123 567 1150" STYLE_REF="9">proceedings</W>
			<W BOX="577 1124 605 1151" STYLE_REF="9">can</W>
			<W BOX="617 1124 636 1151" STYLE_REF="9">be</W>
			<W BOX="648 1124 695 1151" STYLE_REF="9">taken</W>
			<Q BOX="708 1125 734 1152" STYLE_REF="9" QID="156">onl</Q>
			<q BOX="735 1126 747 1152" STYLE_REF="9" QID="156">y</q>
			<QW QID="156">only</QW>
			<Q BOX="755 1126 765 1152" STYLE_REF="9" QID="157">b</Q>
			<q BOX="765 1129 776 1152" STYLE_REF="7" QID="157">y</q>
			<QW QID="157">by</QW>
			<W BOX="785 1129 794 1152" STYLE_REF="7">a</W>
			<L BOX="90 1143 796 1193"/>
			<W BOX="90 1164 99 1191" STYLE_REF="9">a</W>
			<W BOX="90 1143 126 1170" STYLE_REF="9">pers</W>
			<W BOX="106 1164 187 1191" STYLE_REF="9">notorious</W>
			<W BOX="126 1143 146 1170" STYLE_REF="9">on</W>
			<W BOX="152 1143 232 1170" STYLE_REF="9">possessed</W>
			<W BOX="192 1164 265 1191" STYLE_REF="9">instance</W>
			<W BOX="239 1143 255 1170" STYLE_REF="9">of</W>
			<W BOX="263 1143 297 1170" STYLE_REF="9">som</W>
			<W BOX="272 1164 287 1191" STYLE_REF="9">of</W>
			<W BOX="295 1164 324 1191" STYLE_REF="9">one</W>
			<W BOX="298 1143 307 1170" STYLE_REF="9">e</W>
			<W BOX="314 1143 380 1170" STYLE_REF="9">amount</W>
			<W BOX="329 1165 358 1191" STYLE_REF="9">law</W>
			<W BOX="367 1165 390 1192" STYLE_REF="9">for</W>
			<W BOX="387 1143 402 1170" STYLE_REF="9">of</W>
			<W BOX="399 1165 426 1192" STYLE_REF="9">the</W>
			<W BOX="410 1145 484 1171" STYLE_REF="9">property</W>
			<Q BOX="433 1165 445 1192" STYLE_REF="9" QID="158">ri</Q>
			<q BOX="447 1165 466 1192" STYLE_REF="9" QID="158">ch</q>
			<QW QID="158">rich</QW>
			<W BOX="475 1165 506 1192" STYLE_REF="9">and</W>
			<W BOX="490 1145 495 1171" STYLE_REF="9">;</W>
			<W BOX="502 1145 520 1171" STYLE_REF="9">so</W>
			<W BOX="514 1165 580 1192" STYLE_REF="9">another</W>
			<W BOX="527 1145 563 1171" STYLE_REF="9">that</W>
			<W BOX="570 1145 594 1172" STYLE_REF="9">we</W>
			<W BOX="587 1166 610 1193" STYLE_REF="9">for</W>
			<W BOX="600 1145 642 1172" STYLE_REF="9">have</W>
			<W BOX="618 1167 646 1193" STYLE_REF="9">the</W>
			<W BOX="647 1145 684 1172" STYLE_REF="9" NS="y">here</W>
			<W BOX="683 1147 688 1173" STYLE_REF="9">,</W>
			<W BOX="690 1167 696 1193" STYLE_REF="9">.</W>
			<W BOX="693 1146 711 1173" STYLE_REF="9">in</W>
			<W BOX="718 1147 789 1173" STYLE_REF="9" NS="y">practice</W>
			<W BOX="787 1147 796 1173" STYLE_REF="9">,</W>
			<L BOX="652 1167 690 1193"/>
			<W BOX="652 1167 690 1193" STYLE_REF="9">poor</W>
		</Primitive>
		<Primitive BOX="24 1186 829 1219" ID="Ar0580222" SEQ_NO="22" TOC_ENTRY_ID="71" DEPTH_LEVEL="1"/>
	</Content>
	<Continuation-Content ID_REF="Ar05900"/>
	<TOC_Entries><TOC_Entry TOC_ENTRY_ID="126" TITLE="In the summer and autumn of 1855 petitio..." ENTITY_ID_REF="Ar05802" PAGE_NO="58" PAGE_LABEL="58" PRIM_ID_REF="Ar0580200" IS_IC="true"/></TOC_Entries></XMD-entity>
