<?xml version="1.0" encoding="windows-1252" standalone="no"?>
<XMD-PAGE REPOSITORY_FORMAT="1.0" PRXML_VER="2.0">
	<Meta ISSUE_DATE="01/03/1858" RELEASE_NO="041-EWJ-1858-03-01-001-SINGLE" PAGE_NO="58" NAME="" PAGE_LABEL="58" PAGE_TYPE="Single" PUBLISHER="Olive" PUBLICATION="EWJ" SOURCE_TYPE="TIFF" SOURCE_RESOLUTION="72" IMAGES_RESOLUTION="86" PAGE_THUMBNAIL_RESOLUTION="86" PAGE_PREVIEW_RESOLUTION="15" DEFAULT_IMG_EXT="png" IMG_EXT="png" PREVIEW_IMG_EXT="png" XMD_VER="2.6.238.8" PROFILE_ID="D:\pdfs\EWJ\XMD_EWJ.ini" SECTION="None" PAGE_WIDTH="842" PAGE_HEIGHT="1244" PAGES_NUMBER="72" BASE_HREF="EWJ/1858/03/01" PDF_DESTINATION_MAPPED="OLV0_Page_0058">
		<Resolutions>
			<Resolution DEFAULT="true">86</Resolution>
		</Resolutions>
	</Meta>
	<Link SOURCE="041-EWJ-1858-03-01-001-SINGLE.PDF" NEXT_SECTION="" PREV_SECTION="1"/>
	<DataFiles>
		<Files TYPE="DOC_PDF" PRESENT="1"/>
		<Files TYPE="PAGE_PDF" PRESENT="0"/>
		<Files TYPE="DOC_IMG" PRESENT="0"/>
		<Files TYPE="PAGE_IMG" PRESENT="0"/>
		<Files TYPE="PAGE_VIEW_IMG" PRESENT="1"/>
		<Files TYPE="PAGE_PREVIEW_IMG" PRESENT="1"/>
		<Files TYPE="PRIMITIVE_IMG" PRESENT="1"/>
		<Files TYPE="SNIPPET_IMG" PRESENT="1"/>
	</DataFiles>
	<Entity ENTITY_TYPE="Article" FIRST_TOC_ENTRY_ID="69" INDEX_IN_DOC="124" DEPTH_LEVEL="1" ID="Ar05800" SIZE="Medium" BOX="24 12 829 116" NEXT_SECTION="" PREV_SECTION="1" IMAGES_RESOLUTION="86" LOGICAL_NAME="true">
		<Name>( 58 )</Name>
		<Primitive ID="Ar0580000" BOX="24 12 829 116" ELEMENT_TYPE="Content" SEQ_NO="0" TOC_ENTRY_ID="69" DEPTH_LEVEL="1"/>
	</Entity>
	<Entity ENTITY_TYPE="Article" ENTITY_SUBTYPE="Section" FIRST_TOC_ENTRY_ID="70" INDEX_IN_DOC="125" DEPTH_LEVEL="1" ID="Ar05801" SIZE="Small" BOX="24 116 829 205" NEXT_SECTION="" PREV_SECTION="1" IMAGES_RESOLUTION="86" LOGICAL_NAME="true">
		<Name>VI.�PROPERTY OF MARRIED WOMEN.</Name>
		<Primitive ID="Ar0580100" BOX="24 116 829 173" ELEMENT_TYPE="HedLine_hl1" SEQ_NO="0" TOC_ENTRY_ID="70" DEPTH_LEVEL="1"/>
		<Primitive ID="Ar0580101" BOX="24 173 829 205" ELEMENT_TYPE="HedLine_hl1" SEQ_NO="1" TOC_ENTRY_ID="70" DEPTH_LEVEL="1"/>
	</Entity>
	<Entity ENTITY_TYPE="Article" FIRST_TOC_ENTRY_ID="71" INDEX_IN_DOC="126" DEPTH_LEVEL="1" ID="Ar05802" SIZE="XLarge" BOX="24 205 829 1219" NEXT_SECTION="" PREV_SECTION="1" CONTINUATION_TO="Ar05900" IMAGES_RESOLUTION="86" LOGICAL_NAME="true">
		<Name>In the summer and autumn of 1855 petitio...</Name>
		<Primitive ID="Ar0580200" BOX="24 205 829 267" ELEMENT_TYPE="Content" SEQ_NO="0" TOC_ENTRY_ID="71" DEPTH_LEVEL="1"/>
		<Primitive ID="Ar0580201" BOX="24 262 829 310" ELEMENT_TYPE="Content" SEQ_NO="1" TOC_ENTRY_ID="71" DEPTH_LEVEL="1"/>
		<Primitive ID="Ar0580202" BOX="24 303 829 352" ELEMENT_TYPE="Content" SEQ_NO="2" TOC_ENTRY_ID="71" DEPTH_LEVEL="1"/>
		<Primitive ID="Ar0580203" BOX="24 345 829 394" ELEMENT_TYPE="Content" SEQ_NO="3" TOC_ENTRY_ID="71" DEPTH_LEVEL="1"/>
		<Primitive ID="Ar0580204" BOX="24 388 829 436" ELEMENT_TYPE="Content" SEQ_NO="4" TOC_ENTRY_ID="71" DEPTH_LEVEL="1"/>
		<Primitive ID="Ar0580205" BOX="24 429 829 478" ELEMENT_TYPE="Content" SEQ_NO="5" TOC_ENTRY_ID="71" DEPTH_LEVEL="1"/>
		<Primitive ID="Ar0580206" BOX="24 471 829 519" ELEMENT_TYPE="Content" SEQ_NO="6" TOC_ENTRY_ID="71" DEPTH_LEVEL="1"/>
		<Primitive ID="Ar0580207" BOX="24 513 829 562" ELEMENT_TYPE="Content" SEQ_NO="7" TOC_ENTRY_ID="71" DEPTH_LEVEL="1"/>
		<Primitive ID="Ar0580208" BOX="24 555 829 604" ELEMENT_TYPE="Content" SEQ_NO="8" TOC_ENTRY_ID="71" DEPTH_LEVEL="1"/>
		<Primitive ID="Ar0580209" BOX="24 597 829 647" ELEMENT_TYPE="Content" SEQ_NO="9" TOC_ENTRY_ID="71" DEPTH_LEVEL="1"/>
		<Primitive ID="Ar0580210" BOX="24 639 829 688" ELEMENT_TYPE="Content" SEQ_NO="10" TOC_ENTRY_ID="71" DEPTH_LEVEL="1"/>
		<Primitive ID="Ar0580211" BOX="24 681 829 731" ELEMENT_TYPE="Content" SEQ_NO="11" TOC_ENTRY_ID="71" DEPTH_LEVEL="1"/>
		<Primitive ID="Ar0580212" BOX="24 724 829 773" ELEMENT_TYPE="Content" SEQ_NO="12" TOC_ENTRY_ID="71" DEPTH_LEVEL="1"/>
		<Primitive ID="Ar0580213" BOX="24 765 829 815" ELEMENT_TYPE="Content" SEQ_NO="13" TOC_ENTRY_ID="71" DEPTH_LEVEL="1"/>
		<Primitive ID="Ar0580214" BOX="24 808 829 857" ELEMENT_TYPE="Content" SEQ_NO="14" TOC_ENTRY_ID="71" DEPTH_LEVEL="1"/>
		<Primitive ID="Ar0580215" BOX="24 849 829 899" ELEMENT_TYPE="Content" SEQ_NO="15" TOC_ENTRY_ID="71" DEPTH_LEVEL="1"/>
		<Primitive ID="Ar0580216" BOX="24 891 829 940" ELEMENT_TYPE="Content" SEQ_NO="16" TOC_ENTRY_ID="71" DEPTH_LEVEL="1"/>
		<Primitive ID="Ar0580217" BOX="24 933 829 984" ELEMENT_TYPE="Content" SEQ_NO="17" TOC_ENTRY_ID="71" DEPTH_LEVEL="1"/>
		<Primitive ID="Ar0580218" BOX="24 975 829 1040" ELEMENT_TYPE="Content" SEQ_NO="18" TOC_ENTRY_ID="71" DEPTH_LEVEL="1"/>
		<Primitive ID="Ar0580219" BOX="24 1028 829 1090" ELEMENT_TYPE="Content" SEQ_NO="19" TOC_ENTRY_ID="71" DEPTH_LEVEL="1"/>
		<Primitive ID="Ar0580220" BOX="24 1081 829 1132" ELEMENT_TYPE="Content" SEQ_NO="20" TOC_ENTRY_ID="71" DEPTH_LEVEL="1"/>
		<Primitive ID="Ar0580221" BOX="24 1122 829 1186" ELEMENT_TYPE="Content" SEQ_NO="21" TOC_ENTRY_ID="71" DEPTH_LEVEL="1"/>
		<Primitive ID="Ar0580222" BOX="24 1186 829 1219" ELEMENT_TYPE="Content" SEQ_NO="22" TOC_ENTRY_ID="71" DEPTH_LEVEL="1"/>
	</Entity>
</XMD-PAGE>
