<?xml version="1.0" encoding="windows-1252" standalone="no"?>
<XMD-entity REPOSITORY_FORMAT="1.0" PRXML_VER="2.0" ENTITY_TYPE="Article" DOC_UID="EWJ_01/03/1858" DOC_VER="1" FIRST_TOC_ENTRY_ID="31" DEPTH_LEVEL="1" INDEX_IN_DOC="57" PAGE_NO="26" ID="Ar02601" BOX="24 12 829 78" LANGUAGE="English" SNP="Ar02601S.png" SNP_WIDTH="806" SNP_HEIGHT="67" LOGICAL_NAME="true">
	<Meta NAME="26 A HOUSE OF MERCY." DESCRIPTION="" SUBTYPE="" BASE_HREF="EWJ/1858/03/01" SOURCE_TYPE="TIFF" PUBLICATION="EWJ" SECTION="None" ISSUE_DATE="01/03/1858" WORDCNT="6" RELEASE_NO="041-EWJ-1858-03-01-001-SINGLE" PAGE_ID="" PAGE_TYPE="Single" PAGE_WIDTH="842" PAGE_HEIGHT="1244" DEFAULT_IMG_EXT="png" PDF_DESTINATION_MAPPED="OLV0_Entity_0026_0002" IMAGES_RESOLUTION="86" XMD_VER="2.6.238.8" PAGE_LABEL="26"/>
	<Link SOURCE="041-EWJ-1858-03-01-001-SINGLE.PDF" FIRST_ID="Ar00200" LAST_ID="Ar07201" NEXT_ID="" PREV_ID="Ar02600" TOC_ID="d:/Olive/Repository/EWJ/1858/03/01/TOC.xml"/>
	<DataFiles>
		<Files TYPE="DOC_PDF" PRESENT="1"/>
		<Files TYPE="PAGE_PDF" PRESENT="0"/>
		<Files TYPE="DOC_IMG" PRESENT="0"/>
		<Files TYPE="PAGE_IMG" PRESENT="0"/>
		<Files TYPE="PAGE_VIEW_IMG" PRESENT="1"/>
		<Files TYPE="PAGE_PREVIEW_IMG" PRESENT="1"/>
		<Files TYPE="PRIMITIVE_IMG" PRESENT="1"/>
		<Files TYPE="SNIPPET_IMG" PRESENT="1"/>
	</DataFiles>
	<Content>
		<Primitive BOX="24 12 829 78" ID="Ar0260100" SEQ_NO="0" TOC_ENTRY_ID="31" DEPTH_LEVEL="1">
			<L BOX="76 46 549 70"/>
			<W BOX="76 46 102 70" STYLE_REF="7">26</W>
			<W BOX="316 46 331 70" STYLE_REF="7">A</W>
			<W BOX="345 46 414 70" STYLE_REF="7">HOUSE</W>
			<W BOX="430 46 456 70" STYLE_REF="7">OF</W>
			<W BOX="470 46 544 70" STYLE_REF="7" NS="y">MERCY</W>
			<W BOX="544 46 549 70" STYLE_REF="7">.</W>
		</Primitive>
	</Content>
	<TOC_Entries><TOC_Entry TOC_ENTRY_ID="56" TITLE="26 A HOUSE OF MERCY." ENTITY_ID_REF="Ar02601" PAGE_NO="26" PAGE_LABEL="26" PRIM_ID_REF="Ar0260100" IS_IC="true"/></TOC_Entries></XMD-entity>
