<?xml version="1.0" encoding="windows-1252" standalone="no"?>
<XMD-entity REPOSITORY_FORMAT="1.0" PRXML_VER="2.0" ENTITY_TYPE="Article" FIRST_TOC_ENTRY_ID="18" DEPTH_LEVEL="1" INDEX_IN_DOC="43" PAGE_NO="26" ID="Ar02600" BOX="24 78 829 1219" LANGUAGE="English" CONTINUATION_TO="Ar02700" CONTINUATION_FROM="Ar02500" LOGICAL_NAME="true">
	<Meta NAME=". at A few This High days institution ga..." DESCRIPTION="" SUBTYPE="" BASE_HREF="EWJ/1858/03/01" SOURCE_TYPE="TIFF" PUBLICATION="EWJ" SECTION="None" ISSUE_DATE="01/03/1858" WORDCNT="590" RELEASE_NO="041-EWJ-1858-03-01-001-SINGLE" PAGE_ID="" PAGE_TYPE="Single" PAGE_WIDTH="842" PAGE_HEIGHT="1244" DEFAULT_IMG_EXT="png" PDF_DESTINATION_MAPPED="OLV0_Entity_0026_0001" IMAGES_RESOLUTION="86" XMD_VER="2.6.238.8" PAGE_LABEL="26"/>
	<Link SOURCE="041-EWJ-1858-03-01-001-SINGLE.PDF" FIRST_ID="Ar00200" LAST_ID="Ar07201" NEXT_ID="Ar02601" PREV_ID="" TOC_ID="d:/Olive/Repository/EWJ/1858/03/01/TOC.xml"/>
	<DataFiles>
		<Files TYPE="DOC_PDF" PRESENT="1"/>
		<Files TYPE="PAGE_PDF" PRESENT="0"/>
		<Files TYPE="DOC_IMG" PRESENT="0"/>
		<Files TYPE="PAGE_IMG" PRESENT="0"/>
		<Files TYPE="PAGE_VIEW_IMG" PRESENT="1"/>
		<Files TYPE="PAGE_PREVIEW_IMG" PRESENT="1"/>
		<Files TYPE="PRIMITIVE_IMG" PRESENT="1"/>
		<Files TYPE="SNIPPET_IMG" PRESENT="1"/>
	</DataFiles>
	<Content>
		<Primitive BOX="24 78 829 142" ID="Ar0260000" SEQ_NO="0" TOC_ENTRY_ID="18" DEPTH_LEVEL="1">
			<L BOX="98 86 788 115"/>
			<W BOX="98 89 108 106" STYLE_REF="25">cc</W>
			<W BOX="119 87 172 115" STYLE_REF="5">After</W>
			<W BOX="182 87 215 115" STYLE_REF="5">the</W>
			<Q BOX="228 87 242 115" STYLE_REF="5" QID="1">g</Q>
			<Q BOX="242 87 265 115" STYLE_REF="5" QID="1">irl</Q>
			<q BOX="266 87 276 115" STYLE_REF="5" QID="1">s</q>
			<QW QID="1">girls</QW>
			<Q BOX="285 87 323 115" STYLE_REF="5" QID="2">hav</Q>
			<q BOX="324 87 334 115" STYLE_REF="5" QID="2">e</q>
			<QW QID="2">have</QW>
			<W BOX="346 87 393 115" STYLE_REF="5">been</W>
			<W BOX="400 87 461 115" STYLE_REF="5">under</W>
			<W BOX="470 87 504 115" STYLE_REF="5">our</W>
			<Q BOX="513 87 524 115" STYLE_REF="5" QID="3">c</Q>
			<q BOX="524 87 556 115" STYLE_REF="5" QID="3">are</q>
			<QW QID="3">care</QW>
			<W BOX="567 87 578 115" STYLE_REF="5">a</W>
			<W BOX="590 87 660 115" STYLE_REF="5">certain</W>
			<W BOX="670 87 717 115" STYLE_REF="5" NS="y">time</W>
			<W BOX="717 86 724 114" STYLE_REF="5" NS="y">,</W>
			<W BOX="723 87 734 115" STYLE_REF="5">"</W>
			<Q BOX="743 86 779 114" STYLE_REF="5" QID="4">pur</Q>
			<Q BOX="779 86 788 114" STYLE_REF="5" QID="4">-</Q>
			<L BOX="72 110 787 142"/>
			<q BOX="72 111 118 139" STYLE_REF="5" QID="4">sued</q>
			<QW QID="4">pursued</QW>
			<W BOX="126 111 160 139" STYLE_REF="5">the</W>
			<W BOX="168 111 249 139" STYLE_REF="5" NS="y">Warden</W>
			<W BOX="251 111 256 139" STYLE_REF="5">,</W>
			<W BOX="266 114 283 142" STYLE_REF="5" NS="y">"</W>
			<W BOX="285 111 323 139" STYLE_REF="5">and</W>
			<W BOX="333 111 344 139" STYLE_REF="5">I</W>
			<W BOX="354 111 403 139" STYLE_REF="5">have</W>
			<W BOX="416 111 470 139" STYLE_REF="5">cause</W>
			<W BOX="483 111 504 139" STYLE_REF="5">to</W>
			<W BOX="516 111 591 139" STYLE_REF="5">believe</W>
			<W BOX="602 111 654 139" STYLE_REF="5">them</W>
			<W BOX="666 110 738 138" STYLE_REF="5">sincere</W>
			<W BOX="749 110 787 138" STYLE_REF="5">and</W>
		</Primitive>
		<Primitive BOX="24 133 829 187" ID="Ar0260001" SEQ_NO="1" TOC_ENTRY_ID="18" DEPTH_LEVEL="1">
			<L BOX="70 133 787 163"/>
			<W BOX="70 135 91 163" STYLE_REF="5">in</W>
			<W BOX="107 135 180 163" STYLE_REF="5" NS="y">earnest</W>
			<W BOX="182 134 187 163" STYLE_REF="5">,</W>
			<W BOX="204 135 215 163" STYLE_REF="5">I</W>
			<W BOX="232 135 262 163" STYLE_REF="5">am</W>
			<W BOX="279 135 358 163" STYLE_REF="5">anxious</W>
			<W BOX="373 135 394 163" STYLE_REF="5">to</W>
			<W BOX="411 135 489 163" STYLE_REF="5">include</W>
			<W BOX="508 135 561 163" STYLE_REF="5">them</W>
			<W BOX="582 135 668 163" STYLE_REF="5">amongst</W>
			<Q BOX="688 133 718 162" STYLE_REF="5" QID="5">wh</Q>
			<q BOX="719 133 738 162" STYLE_REF="5" QID="5">at</q>
			<QW QID="5">what</QW>
			<W BOX="755 133 787 162" STYLE_REF="5">are</W>
			<L BOX="70 157 788 187"/>
			<W BOX="70 158 143 187" STYLE_REF="5">termed</W>
			<W BOX="150 158 185 187" STYLE_REF="5">the</W>
			<W BOX="194 158 199 187" STYLE_REF="5">*</W>
			<W BOX="205 158 295 187" STYLE_REF="5">Enrolled</W>
			<W BOX="305 158 404 187" STYLE_REF="5" NS="y">Penitents</W>
			<W BOX="404 158 410 187" STYLE_REF="5" NS="y">.</W>
			<W BOX="412 158 417 186" STYLE_REF="5">'</W>
			<Q BOX="442 158 459 186" STYLE_REF="5" QID="6">B</Q>
			<q BOX="458 159 472 187" STYLE_REF="5" QID="6">y</q>
			<QW QID="6">By</QW>
			<W BOX="481 158 520 186" STYLE_REF="5">this</W>
			<W BOX="531 158 578 186" STYLE_REF="5">they</W>
			<W BOX="588 158 642 186" STYLE_REF="5">enter</W>
			<W BOX="653 158 693 186" STYLE_REF="5">into</W>
			<W BOX="701 158 712 186" STYLE_REF="5">a</W>
			<Q BOX="720 157 780 185" STYLE_REF="5" QID="7">volun</Q>
			<Q BOX="780 157 788 185" STYLE_REF="5" QID="7">-</Q>
		</Primitive>
		<Primitive BOX="24 180 829 234" ID="Ar0260002" SEQ_NO="2" TOC_ENTRY_ID="18" DEPTH_LEVEL="1">
			<L BOX="70 180 786 210"/>
			<q BOX="70 182 113 210" STYLE_REF="5" QID="7">tary</q>
			<QW QID="7">voluntary</QW>
			<W BOX="120 182 227 210" STYLE_REF="5">agreement</W>
			<W BOX="236 182 256 210" STYLE_REF="5">to</W>
			<W BOX="264 182 305 210" STYLE_REF="5">stay</W>
			<W BOX="314 182 348 210" STYLE_REF="5" NS="y">out</W>
			<W BOX="349 182 354 210" STYLE_REF="5">,</W>
			<W BOX="362 182 457 210" STYLE_REF="5">agreeable</W>
			<W BOX="471 182 492 210" STYLE_REF="5">to</W>
			<W BOX="504 182 537 210" STYLE_REF="5">my</W>
			<Q BOX="547 182 560 210" STYLE_REF="5" QID="8">p</Q>
			<Q BOX="560 182 569 210" STYLE_REF="5" QID="8">l</Q>
			<q BOX="568 184 602 209" STYLE_REF="14" NS="y" QID="8">ans</q>
			<QW QID="8">plans</QW>
			<W BOX="602 182 608 210" STYLE_REF="5">,</W>
			<W BOX="618 181 668 209" STYLE_REF="5">their</W>
			<W BOX="682 181 716 209" STYLE_REF="5">full</W>
			<W BOX="728 180 779 209" STYLE_REF="5" NS="y">term</W>
			<W BOX="779 180 786 209" STYLE_REF="5">.</W>
			<L BOX="69 204 786 234"/>
			<W BOX="69 206 88 234" STYLE_REF="5">A</W>
			<W BOX="95 206 170 234" STYLE_REF="5">regular</W>
			<W BOX="179 206 275 234" STYLE_REF="5">chronicle</W>
			<W BOX="283 206 300 234" STYLE_REF="5">is</W>
			<Q BOX="308 206 346 234" STYLE_REF="5" QID="9">kep</Q>
			<q BOX="346 205 355 234" STYLE_REF="5" QID="9">t</q>
			<QW QID="9">kept</QW>
			<W BOX="364 205 382 234" STYLE_REF="5">of</W>
			<W BOX="390 205 440 234" STYLE_REF="5">their</W>
			<W BOX="449 205 531 234" STYLE_REF="5">conduct</W>
			<W BOX="542 205 589 234" STYLE_REF="5">from</W>
			<W BOX="600 205 634 234" STYLE_REF="5">the</W>
			<W BOX="645 205 692 234" STYLE_REF="5">time</W>
			<W BOX="704 205 722 233" STYLE_REF="5">of</W>
			<W BOX="734 204 786 232" STYLE_REF="5">their</W>
		</Primitive>
		<Primitive BOX="24 228 829 281" ID="Ar0260003" SEQ_NO="3" TOC_ENTRY_ID="18" DEPTH_LEVEL="1">
			<L BOX="69 228 787 258"/>
			<W BOX="69 229 108 257" STYLE_REF="5">first</W>
			<W BOX="119 229 218 257" STYLE_REF="5" NS="y">admission</W>
			<W BOX="220 229 225 258" STYLE_REF="5">,</W>
			<W BOX="233 229 271 258" STYLE_REF="5">and</W>
			<W BOX="279 229 294 258" STYLE_REF="5" NS="y">if</W>
			<W BOX="296 230 300 258" STYLE_REF="5">,</W>
			<W BOX="313 229 334 258" STYLE_REF="5">as</W>
			<W BOX="345 229 435 258" STYLE_REF="5">Enrolled</W>
			<W BOX="446 229 545 258" STYLE_REF="5" NS="y">Penitents</W>
			<W BOX="545 230 551 258" STYLE_REF="5">,</W>
			<W BOX="561 229 640 257" STYLE_REF="5">bearing</W>
			<W BOX="650 229 698 257" STYLE_REF="5">good</W>
			<Q BOX="711 228 778 256" STYLE_REF="5" QID="10">charac</Q>
			<Q BOX="778 228 787 256" STYLE_REF="5" QID="10">-</Q>
			<L BOX="68 252 784 281"/>
			<Q BOX="68 253 107 281" STYLE_REF="5" QID="10">ters</Q>
			<q BOX="126 253 172 281" STYLE_REF="5" QID="10">they</q>
			<QW QID="10">charactersthey</QW>
			<W BOX="189 253 242 281" STYLE_REF="5">leave</W>
			<W BOX="259 253 298 281" STYLE_REF="5">this</W>
			<W BOX="314 253 424 281" STYLE_REF="5" NS="y">institution</W>
			<W BOX="426 252 431 281" STYLE_REF="5">,</W>
			<W BOX="447 252 494 281" STYLE_REF="5">they</W>
			<W BOX="511 252 541 281" STYLE_REF="5">are</W>
			<W BOX="558 252 638 281" STYLE_REF="5">entitled</W>
			<W BOX="656 252 676 281" STYLE_REF="5">to</W>
			<W BOX="688 252 699 281" STYLE_REF="5">a</W>
			<W BOX="713 252 784 280" STYLE_REF="5">certain</W>
		</Primitive>
		<Primitive BOX="24 275 829 328" ID="Ar0260004" SEQ_NO="4" TOC_ENTRY_ID="18" DEPTH_LEVEL="1">
			<L BOX="107 253 112 281"/>
			<W BOX="107 253 112 281" STYLE_REF="5">,</W>
			<L BOX="67 275 786 306"/>
			<Q BOX="67 277 80 305" STYLE_REF="5" QID="11">p</Q>
			<q BOX="81 276 161 304" STYLE_REF="5" QID="11">rivilege</q>
			<QW QID="11">privilege</QW>
			<Q BOX="172 276 226 304" STYLE_REF="5" QID="12">durin</Q>
			<q BOX="228 277 241 306" STYLE_REF="5" QID="12">g</q>
			<QW QID="12">during</QW>
			<W BOX="249 276 283 305" STYLE_REF="5">the</W>
			<W BOX="292 276 397 304" STYLE_REF="5">remainder</W>
			<W BOX="406 276 425 304" STYLE_REF="5">of</W>
			<W BOX="438 276 489 304" STYLE_REF="5">their</W>
			<W BOX="500 276 548 304" STYLE_REF="5">lives</W>
			<W BOX="555 276 560 304" STYLE_REF="5">;</W>
			<W BOX="573 276 615 304" STYLE_REF="5">that</W>
			<W BOX="627 276 646 304" STYLE_REF="5" NS="y">is</W>
			<W BOX="646 276 652 304" STYLE_REF="5">,</W>
			<W BOX="660 276 674 304" STYLE_REF="5">if</W>
			<W BOX="687 276 734 304" STYLE_REF="5">they</W>
			<Q BOX="743 275 777 303" STYLE_REF="5" QID="13">con</Q>
			<Q BOX="777 275 786 303" STYLE_REF="5" QID="13">-</Q>
			<L BOX="68 299 784 328"/>
			<q BOX="68 300 122 328" STYLE_REF="5" QID="13">tinue</q>
			<QW QID="13">continue</QW>
			<W BOX="129 300 149 328" STYLE_REF="5">in</W>
			<W BOX="158 300 191 328" STYLE_REF="5">the</W>
			<W BOX="198 300 244 328" STYLE_REF="5">path</W>
			<W BOX="253 300 271 328" STYLE_REF="5">of</W>
			<W BOX="280 300 371 328" STYLE_REF="5" NS="y">rectitude</W>
			<W BOX="371 300 378 328" STYLE_REF="5">.</W>
			<W BOX="397 300 403 328" STYLE_REF="5" NS="y">!</W>
			<W BOX="403 300 424 328" STYLE_REF="5" NS="y">Le</W>
			<W BOX="424 300 434 328" STYLE_REF="5">�</W>
			<W BOX="442 300 553 328" STYLE_REF="5">misfortune</W>
			<Q BOX="561 300 597 328" STYLE_REF="5" QID="14">hav</Q>
			<q BOX="599 300 609 328" STYLE_REF="5" QID="14">e</q>
			<QW QID="14">have</QW>
			<W BOX="618 299 675 328" STYLE_REF="5">fallen</W>
			<W BOX="685 299 737 327" STYLE_REF="5">upon</W>
			<W BOX="745 299 784 327" STYLE_REF="5">any</W>
		</Primitive>
		<Primitive BOX="24 321 829 375" ID="Ar0260005" SEQ_NO="5" TOC_ENTRY_ID="18" DEPTH_LEVEL="1">
			<L BOX="66 321 783 352"/>
			<W BOX="66 323 84 352" STYLE_REF="5">of</W>
			<W BOX="93 323 146 352" STYLE_REF="5">these</W>
			<W BOX="152 323 225 352" STYLE_REF="5">women</W>
			<W BOX="232 323 253 352" STYLE_REF="5">in</W>
			<W BOX="261 323 308 352" STYLE_REF="5">after</W>
			<W BOX="317 323 373 352" STYLE_REF="5" NS="y">years</W>
			<W BOX="374 323 378 351" STYLE_REF="5">,</W>
			<W BOX="387 323 435 351" STYLE_REF="5">they</W>
			<W BOX="440 323 472 351" STYLE_REF="5">are</W>
			<W BOX="481 323 556 351" STYLE_REF="5">invited</W>
			<W BOX="564 323 584 351" STYLE_REF="5">to</W>
			<W BOX="592 322 648 350" STYLE_REF="5">make</W>
			<W BOX="654 322 725 350" STYLE_REF="5">known</W>
			<W BOX="732 321 783 350" STYLE_REF="5">their</W>
			<L BOX="65 345 785 375"/>
			<W BOX="65 347 160 375" STYLE_REF="5">condition</W>
			<W BOX="169 347 189 375" STYLE_REF="5">to</W>
			<W BOX="196 347 231 375" STYLE_REF="5">the</W>
			<W BOX="238 347 320 375" STYLE_REF="5">Warden</W>
			<W BOX="329 347 365 375" STYLE_REF="5">and</W>
			<W BOX="373 347 407 375" STYLE_REF="5">the</W>
			<Q BOX="416 347 483 375" STYLE_REF="5" QID="15">Sisters</Q>
			<q BOX="496 346 540 375" STYLE_REF="5" NS="y" QID="15">who</q>
			<QW QID="15">Sisterswho</QW>
			<W BOX="540 346 546 374" STYLE_REF="5">,</W>
			<W BOX="555 346 575 374" STYLE_REF="5">as</W>
			<W BOX="583 346 609 374" STYLE_REF="5">far</W>
			<W BOX="620 346 640 374" STYLE_REF="5">as</W>
			<W BOX="647 346 662 374" STYLE_REF="5">it</W>
			<W BOX="671 345 706 374" STYLE_REF="5">lies</W>
			<W BOX="713 345 785 374" STYLE_REF="5">within</W>
		</Primitive>
		<Primitive BOX="24 369 829 423" ID="Ar0260006" SEQ_NO="6" TOC_ENTRY_ID="18" DEPTH_LEVEL="1">
			<L BOX="485 347 490 375"/>
			<W BOX="485 347 490 375" STYLE_REF="5">,</W>
			<L BOX="65 369 783 399"/>
			<W BOX="65 371 116 399" STYLE_REF="5">their</W>
			<Q BOX="128 371 181 399" STYLE_REF="5" QID="16">powe</Q>
			<q BOX="181 371 190 399" STYLE_REF="5" NS="y" QID="16">r</q>
			<QW QID="16">power</QW>
			<W BOX="192 370 197 399" STYLE_REF="5">,</W>
			<W BOX="205 371 237 399" STYLE_REF="5">are</W>
			<W BOX="248 371 332 399" STYLE_REF="5">desirous</W>
			<W BOX="341 371 359 399" STYLE_REF="5">of</W>
			<W BOX="370 371 474 399" STYLE_REF="5">stretching</W>
			<W BOX="483 370 533 398" STYLE_REF="5">forth</W>
			<W BOX="542 370 552 398" STYLE_REF="5">a</W>
			<W BOX="561 370 667 398" STYLE_REF="5">protecting</W>
			<W BOX="676 369 726 397" STYLE_REF="5" NS="y">hand</W>
			<W BOX="727 369 732 397" STYLE_REF="5">.</W>
			<W BOX="758 369 783 397" STYLE_REF="5">In</W>
			<L BOX="64 393 782 423"/>
			<W BOX="64 394 102 423" STYLE_REF="5">any</W>
			<W BOX="111 394 157 423" STYLE_REF="5">time</W>
			<W BOX="170 394 187 423" STYLE_REF="5">of</W>
			<W BOX="201 394 287 423" STYLE_REF="5">affliction</W>
			<W BOX="299 394 326 423" STYLE_REF="5">let</W>
			<W BOX="339 394 373 423" STYLE_REF="5">but</W>
			<W BOX="386 394 441 423" STYLE_REF="5">these</W>
			<W BOX="453 394 584 422" STYLE_REF="5">unfortunates</W>
			<W BOX="597 393 653 421" STYLE_REF="5">reach</W>
			<W BOX="661 393 694 421" STYLE_REF="5">the</W>
			<W BOX="702 393 755 421" STYLE_REF="5">gates</W>
			<W BOX="763 393 782 421" STYLE_REF="5">of</W>
		</Primitive>
		<Primitive BOX="24 416 829 471" ID="Ar0260007" SEQ_NO="7" TOC_ENTRY_ID="18" DEPTH_LEVEL="1">
			<L BOX="64 416 782 447"/>
			<W BOX="64 418 103 446" STYLE_REF="5">this</W>
			<Q BOX="111 418 128 446" STYLE_REF="5" QID="17">P</Q>
			<q BOX="128 418 241 446" STYLE_REF="5" NS="y" QID="17">enitentiary</q>
			<QW QID="17">Penitentiary</QW>
			<W BOX="241 418 247 446" STYLE_REF="5">,</W>
			<W BOX="256 418 293 446" STYLE_REF="5">and</W>
			<Q BOX="299 419 313 447" STYLE_REF="5" QID="18">g</Q>
			<q BOX="313 418 344 446" STYLE_REF="5" QID="18">ive</q>
			<QW QID="18">give</QW>
			<W BOX="352 418 387 446" STYLE_REF="5">one</W>
			<W BOX="395 418 437 446" STYLE_REF="5">pull</W>
			<W BOX="446 418 464 446" STYLE_REF="5">at</W>
			<W BOX="473 418 499 446" STYLE_REF="5" NS="y">its</W>
			<W BOX="497 416 501 444" STYLE_REF="5">,</W>
			<Q BOX="505 417 543 445" STYLE_REF="5" QID="19">bell</Q>
			<Q BOX="543 417 552 445" STYLE_REF="5" LH="y" QID="19">-</Q>
			<q BOX="552 417 623 445" STYLE_REF="5" NS="y" QID="19">handle</q>
			<QW QID="19">bell-handle</QW>
			<W BOX="623 417 627 445" STYLE_REF="5">,</W>
			<W BOX="635 416 673 445" STYLE_REF="5">and</W>
			<W BOX="680 416 714 445" STYLE_REF="5">the</W>
			<W BOX="721 416 782 444" STYLE_REF="5">abode</W>
			<L BOX="64 440 783 471"/>
			<W BOX="64 442 82 470" STYLE_REF="5">of</W>
			<W BOX="98 442 169 470" STYLE_REF="5">friends</W>
			<W BOX="186 442 203 470" STYLE_REF="5">is</W>
			<W BOX="220 442 299 470" STYLE_REF="5" NS="y">reached</W>
			<W BOX="301 442 305 471" STYLE_REF="5">.</W>
			<W BOX="330 442 365 470" STYLE_REF="5">We</W>
			<W BOX="378 441 447 469" STYLE_REF="5">cannot</W>
			<W BOX="459 441 478 469" STYLE_REF="5">of</W>
			<W BOX="492 440 556 469" STYLE_REF="5">course</W>
			<W BOX="569 440 614 468" STYLE_REF="5">take</W>
			<W BOX="627 440 681 468" STYLE_REF="5">them</W>
			<W BOX="693 440 736 468" STYLE_REF="5">into</W>
			<W BOX="748 440 783 468" STYLE_REF="5">the</W>
		</Primitive>
		<Primitive BOX="24 462 829 518" ID="Ar0260008" SEQ_NO="8" TOC_ENTRY_ID="18" DEPTH_LEVEL="1">
			<L BOX="63 462 783 493"/>
			<W BOX="63 465 171 493" STYLE_REF="5" NS="y">institution</W>
			<W BOX="177 465 183 493" STYLE_REF="5">;</W>
			<W BOX="196 465 238 493" STYLE_REF="5">that</W>
			<Q BOX="251 465 302 493" STYLE_REF="5" QID="20">woul</Q>
			<q BOX="303 465 314 493" STYLE_REF="5" QID="20">d</q>
			<QW QID="20">would</QW>
			<W BOX="330 465 378 493" STYLE_REF="5">avail</W>
			<W BOX="395 465 447 493" STYLE_REF="5">them</W>
			<W BOX="461 465 543 493" STYLE_REF="5" NS="y">nothing</W>
			<W BOX="550 465 555 493" STYLE_REF="5">;</W>
			<W BOX="573 464 608 492" STYLE_REF="5">but</W>
			<Q BOX="624 464 671 492" STYLE_REF="5" QID="21">they</Q>
			<Q BOX="678 462 686 490" STYLE_REF="5" LH="y" QID="21">-</Q>
			<q BOX="685 462 720 490" STYLE_REF="5" QID="21">will</q>
			<QW QID="21">they-will</QW>
			<W BOX="733 463 783 491" STYLE_REF="5">have</W>
			<L BOX="63 487 781 518"/>
			<W BOX="63 489 189 517" STYLE_REF="5">encountered</W>
			<Q BOX="199 489 270 517" STYLE_REF="5" QID="22">friends</Q>
			<Q BOX="287 491 310 516" STYLE_REF="14" QID="22">an</Q>
			<q BOX="311 489 323 517" STYLE_REF="5" QID="22">d</q>
			<QW QID="22">friendsand</QW>
			<Q BOX="335 489 357 517" STYLE_REF="5" QID="23">th</Q>
			<q BOX="358 491 388 516" STYLE_REF="14" QID="23">ere</q>
			<QW QID="23">there</QW>
			<W BOX="396 491 428 516" STYLE_REF="14">are</W>
			<W BOX="440 491 451 516" STYLE_REF="14" NS="y">a</W>
			<W BOX="450 490 453 518" STYLE_REF="5">.</W>
			<W BOX="462 488 556 516" STYLE_REF="5">thousand</W>
			<W BOX="564 487 618 516" STYLE_REF="5">ways</W>
			<W BOX="627 487 648 515" STYLE_REF="5">in</W>
			<W BOX="656 487 720 515" STYLE_REF="5">which</W>
			<Q BOX="732 487 767 515" STYLE_REF="5" QID="24">kin</Q>
			<q BOX="768 487 781 515" STYLE_REF="5" QID="24">d</q>
			<QW QID="24">kind</QW>
		</Primitive>
		<Primitive BOX="24 510 829 564" ID="Ar0260009" SEQ_NO="9" TOC_ENTRY_ID="18" DEPTH_LEVEL="1">
			<L BOX="272 489 278 517"/>
			<W BOX="272 489 278 517" STYLE_REF="5">,</W>
			<L BOX="61 510 781 541"/>
			<W BOX="61 513 126 541" STYLE_REF="5">hearts</W>
			<W BOX="133 513 177 541" STYLE_REF="5">may</W>
			<W BOX="184 512 251 540" STYLE_REF="5">benefit</W>
			<W BOX="262 512 296 540" STYLE_REF="5">the</W>
			<W BOX="303 512 349 540" STYLE_REF="5">poor</W>
			<W BOX="358 512 394 540" STYLE_REF="5">and</W>
			<W BOX="403 512 438 540" STYLE_REF="5">the</W>
			<W BOX="445 511 546 539" STYLE_REF="5" NS="y">distressed</W>
			<W BOX="546 511 552 539" STYLE_REF="5">.</W>
			<W BOX="579 511 598 539" STYLE_REF="5" NS="y">If</W>
			<W BOX="598 511 603 539" STYLE_REF="5">,</W>
			<W BOX="611 510 640 539" STYLE_REF="5">for</W>
			<W BOX="649 510 734 539" STYLE_REF="5" NS="y">instance</W>
			<W BOX="735 510 741 538" STYLE_REF="5">,</W>
			<W BOX="749 510 781 538" STYLE_REF="5">we</W>
			<L BOX="61 534 781 564"/>
			<W BOX="61 536 104 564" STYLE_REF="5">will</W>
			<W BOX="112 536 146 564" STYLE_REF="5" NS="y">say</W>
			<W BOX="146 536 152 564" STYLE_REF="5">,</W>
			<W BOX="162 536 172 564" STYLE_REF="5">a</W>
			<W BOX="181 536 255 564" STYLE_REF="5">woman</W>
			<W BOX="262 536 297 564" STYLE_REF="5">has</W>
			<W BOX="304 536 342 564" STYLE_REF="5">lost</W>
			<W BOX="350 536 384 564" STYLE_REF="5">her</W>
			<W BOX="392 535 480 564" STYLE_REF="5" NS="y">husband</W>
			<W BOX="481 536 487 564" STYLE_REF="5">,</W>
			<W BOX="495 535 531 563" STYLE_REF="5">and</W>
			<W BOX="539 535 575 563" STYLE_REF="5">has</W>
			<W BOX="583 535 594 563" STYLE_REF="5">a</W>
			<W BOX="604 534 685 562" STYLE_REF="5">number</W>
			<W BOX="697 534 714 562" STYLE_REF="5">of</W>
			<W BOX="728 534 781 562" STYLE_REF="5">little</W>
		</Primitive>
		<Primitive BOX="24 557 829 612" ID="Ar0260010" SEQ_NO="10" TOC_ENTRY_ID="18" DEPTH_LEVEL="1">
			<L BOX="61 557 780 588"/>
			<W BOX="61 560 147 588" STYLE_REF="5">children</W>
			<Q BOX="153 560 190 588" STYLE_REF="5" QID="25">dep</Q>
			<q BOX="191 560 260 588" STYLE_REF="5" QID="25">endent</q>
			<QW QID="25">dependent</QW>
			<W BOX="266 560 317 588" STYLE_REF="5">upon</W>
			<W BOX="323 560 358 588" STYLE_REF="5">her</W>
			<Q BOX="367 560 394 588" STYLE_REF="5" QID="26">sol</Q>
			<q BOX="395 560 406 588" STYLE_REF="5" QID="26">e</q>
			<QW QID="26">sole</QW>
			<W BOX="414 559 508 587" STYLE_REF="5" NS="y">exertions</W>
			<W BOX="510 559 515 587" STYLE_REF="5">,</W>
			<W BOX="521 558 552 587" STYLE_REF="5">we</W>
			<W BOX="559 558 628 587" STYLE_REF="5">cannot</W>
			<Q BOX="636 558 714 586" STYLE_REF="5" QID="27">probabl</Q>
			<q BOX="714 558 728 587" STYLE_REF="5" QID="27">y</q>
			<QW QID="27">probably</QW>
			<Q BOX="735 558 749 587" STYLE_REF="5" QID="28">g</Q>
			<q BOX="748 557 780 586" STYLE_REF="5" QID="28">ive</q>
			<QW QID="28">give</QW>
			<L BOX="60 581 779 612"/>
			<W BOX="60 583 95 612" STYLE_REF="5">her</W>
			<W BOX="103 584 172 612" STYLE_REF="5" NS="y">money</W>
			<W BOX="172 584 178 612" STYLE_REF="5">,</W>
			<W BOX="186 583 221 612" STYLE_REF="5">but</W>
			<W BOX="229 583 263 612" STYLE_REF="5">the</W>
			<W BOX="275 583 342 612" STYLE_REF="5">Sisters</W>
			<W BOX="357 583 391 612" STYLE_REF="5">can</W>
			<W BOX="406 583 461 611" STYLE_REF="5">make</W>
			<W BOX="473 582 500 611" STYLE_REF="5">up</W>
			<W BOX="513 582 523 611" STYLE_REF="5">a</W>
			<Q BOX="536 582 597 610" STYLE_REF="5" QID="29">bundl</Q>
			<q BOX="597 581 608 609" STYLE_REF="5" QID="29">e</q>
			<QW QID="29">bundle</QW>
			<W BOX="621 581 638 609" STYLE_REF="5">of</W>
			<W BOX="653 581 724 609" STYLE_REF="5" NS="y">clothes</W>
			<W BOX="726 581 731 609" STYLE_REF="5">,</W>
			<W BOX="741 581 779 609" STYLE_REF="5">and</W>
		</Primitive>
		<Primitive BOX="24 605 829 660" ID="Ar0260011" SEQ_NO="11" TOC_ENTRY_ID="18" DEPTH_LEVEL="1">
			<L BOX="60 605 777 636"/>
			<W BOX="60 607 112 635" STYLE_REF="5">ways</W>
			<W BOX="121 607 158 636" STYLE_REF="5">and</W>
			<Q BOX="166 607 220 636" STYLE_REF="5" QID="30">mean</Q>
			<q BOX="221 607 230 636" STYLE_REF="5" QID="30">s</q>
			<QW QID="30">means</QW>
			<Q BOX="239 607 308 636" STYLE_REF="5" QID="31">throug</Q>
			<q BOX="307 607 321 635" STYLE_REF="5" QID="31">h</q>
			<QW QID="31">through</QW>
			<W BOX="330 607 405 635" STYLE_REF="5">various</W>
			<W BOX="419 606 509 634" STYLE_REF="5">channels</W>
			<W BOX="522 606 567 634" STYLE_REF="5">may</W>
			<W BOX="574 605 598 634" STYLE_REF="5">be</W>
			<Q BOX="610 605 671 634" STYLE_REF="5" QID="32">thoug</Q>
			<q BOX="670 605 692 633" STYLE_REF="5" QID="32">ht</q>
			<QW QID="32">thought</QW>
			<W BOX="706 605 739 633" STYLE_REF="5">out</W>
			<W BOX="748 605 777 633" STYLE_REF="5">for</W>
			<L BOX="59 628 777 660"/>
			<Q BOX="59 631 92 659" STYLE_REF="5" QID="33">hel</Q>
			<Q BOX="92 632 105 660" STYLE_REF="5" QID="33">p</Q>
			<q BOX="105 630 139 659" STYLE_REF="5" QID="33">ing</q>
			<QW QID="33">helping</QW>
			<W BOX="150 630 183 659" STYLE_REF="5">the</W>
			<W BOX="195 630 269 659" STYLE_REF="5">mother</W>
			<W BOX="283 630 302 659" STYLE_REF="5">to</W>
			<W BOX="315 630 394 659" STYLE_REF="5">provide</W>
			<W BOX="407 630 435 659" STYLE_REF="5">for</W>
			<W BOX="451 630 484 659" STYLE_REF="5">the</W>
			<W BOX="497 629 582 657" STYLE_REF="5">children</W>
			<W BOX="591 629 596 657" STYLE_REF="5">:</W>
			<W BOX="609 629 646 657" STYLE_REF="5">and</W>
			<W BOX="658 629 715 657" STYLE_REF="5">many</W>
			<W BOX="723 628 777 657" STYLE_REF="5">other</W>
		</Primitive>
		<Primitive BOX="24 654 829 706" ID="Ar0260012" SEQ_NO="12" TOC_ENTRY_ID="18" DEPTH_LEVEL="1">
			<L BOX="59 654 340 683"/>
			<W BOX="59 655 155 683" STYLE_REF="5">instances</W>
			<Q BOX="163 655 205 683" STYLE_REF="5" QID="34">coul</Q>
			<q BOX="206 655 218 683" STYLE_REF="5" QID="34">d</q>
			<QW QID="34">could</QW>
			<W BOX="226 655 250 683" STYLE_REF="5">be</W>
			<Q BOX="259 655 273 683" STYLE_REF="5" QID="35">g</Q>
			<q BOX="273 654 318 683" STYLE_REF="5" NS="y" QID="35">iven</q>
			<QW QID="35">given</QW>
			<W BOX="318 654 324 683" STYLE_REF="5" NS="y">.</W>
			<W BOX="325 654 340 683" STYLE_REF="5">"</W>
			<L BOX="84 675 778 706"/>
			<W BOX="84 678 112 706" STYLE_REF="5">On</W>
			<W BOX="126 678 213 706" STYLE_REF="5">entering</W>
			<W BOX="223 678 258 706" STYLE_REF="5">the</W>
			<W BOX="270 678 378 706" STYLE_REF="5">institution</W>
			<W BOX="390 678 424 706" STYLE_REF="5">the</W>
			<W BOX="438 676 509 705" STYLE_REF="5">clothes</W>
			<W BOX="524 676 542 705" STYLE_REF="5">of</W>
			<W BOX="556 676 591 705" STYLE_REF="5">the</W>
			<W BOX="601 676 688 704" STYLE_REF="5">penitent</W>
			<W BOX="703 675 736 704" STYLE_REF="5">are</W>
			<Q BOX="749 675 769 704" STYLE_REF="5" QID="36">re</Q>
			<Q BOX="769 675 778 704" STYLE_REF="5" QID="36">-</Q>
		</Primitive>
		<Primitive BOX="24 699 829 753" ID="Ar0260013" SEQ_NO="13" TOC_ENTRY_ID="18" DEPTH_LEVEL="1">
			<L BOX="58 699 778 730"/>
			<q BOX="58 702 126 730" STYLE_REF="5" NS="y" QID="36">moved</q>
			<QW QID="36">removed</QW>
			<W BOX="127 701 132 730" STYLE_REF="5">,</W>
			<W BOX="146 701 183 730" STYLE_REF="5">and</W>
			<W BOX="192 701 224 730" STYLE_REF="5">the</W>
			<W BOX="232 701 285 730" STYLE_REF="5">dress</W>
			<W BOX="295 701 313 730" STYLE_REF="5">of</W>
			<W BOX="326 701 360 730" STYLE_REF="5">the</W>
			<W BOX="372 701 516 729" STYLE_REF="5">establishment</W>
			<W BOX="528 700 545 729" STYLE_REF="5">is</W>
			<Q BOX="559 700 572 729" STYLE_REF="5" QID="37">g</Q>
			<q BOX="572 699 616 728" STYLE_REF="5" QID="37">iven</q>
			<QW QID="37">given</QW>
			<W BOX="631 699 651 728" STYLE_REF="5">to</W>
			<W BOX="664 699 697 728" STYLE_REF="5" NS="y">her</W>
			<W BOX="702 699 707 728" STYLE_REF="5">;</W>
			<Q BOX="717 699 769 728" STYLE_REF="5" QID="38">what</Q>
			<Q BOX="769 699 778 728" STYLE_REF="5" QID="38">-</Q>
			<L BOX="58 723 778 753"/>
			<q BOX="58 725 102 753" STYLE_REF="5" QID="38">ever</q>
			<QW QID="38">whatever</QW>
			<W BOX="121 725 176 753" STYLE_REF="5">small</W>
			<W BOX="197 725 312 753" STYLE_REF="5">possessions</W>
			<W BOX="332 725 365 753" STYLE_REF="5">she</W>
			<W BOX="383 725 429 753" STYLE_REF="5">may</W>
			<W BOX="444 724 494 752" STYLE_REF="5">have</W>
			<Q BOX="514 724 574 752" STYLE_REF="5" QID="39">broug</Q>
			<q BOX="574 723 595 751" STYLE_REF="5" QID="39">ht</q>
			<QW QID="39">brought</QW>
			<W BOX="612 723 660 751" STYLE_REF="5">with</W>
			<W BOX="681 723 715 751" STYLE_REF="5">her</W>
			<W BOX="737 723 769 751" STYLE_REF="5" NS="y">are</W>
			<W BOX="771 723 778 751" STYLE_REF="5">,</W>
		</Primitive>
		<Primitive BOX="24 746 829 801" ID="Ar0260014" SEQ_NO="14" TOC_ENTRY_ID="18" DEPTH_LEVEL="1">
			<L BOX="57 746 776 777"/>
			<W BOX="57 749 144 777" STYLE_REF="5">together</W>
			<W BOX="156 749 204 777" STYLE_REF="5">with</W>
			<W BOX="215 749 249 777" STYLE_REF="5">the</W>
			<W BOX="266 749 337 777" STYLE_REF="5">clothes</W>
			<W BOX="354 749 373 777" STYLE_REF="5">in</W>
			<W BOX="387 748 451 777" STYLE_REF="5">which</W>
			<W BOX="465 747 500 776" STYLE_REF="5">she</W>
			<W BOX="516 747 579 776" STYLE_REF="5" NS="y">enters</W>
			<W BOX="580 747 585 776" STYLE_REF="5">,</W>
			<Q BOX="598 747 612 776" STYLE_REF="5" QID="40">g</Q>
			<q BOX="612 747 656 775" STYLE_REF="5" QID="40">iven</q>
			<QW QID="40">given</QW>
			<W BOX="669 747 694 775" STYLE_REF="5">up</W>
			<W BOX="710 746 729 775" STYLE_REF="5">to</W>
			<W BOX="742 746 776 775" STYLE_REF="5">the</W>
			<L BOX="57 770 775 801"/>
			<Q BOX="57 772 120 801" STYLE_REF="5" QID="41">Princi</Q>
			<q BOX="121 773 153 801" STYLE_REF="5" QID="41">pal</q>
			<QW QID="41">Principal</QW>
			<W BOX="170 773 227 801" STYLE_REF="5" NS="y">Sister</W>
			<W BOX="227 773 233 801" STYLE_REF="5">.</W>
			<W BOX="261 772 321 801" STYLE_REF="5">These</W>
			<W BOX="336 772 408 801" STYLE_REF="5" NS="y">clothes</W>
			<W BOX="409 772 415 800" STYLE_REF="5">,</W>
			<W BOX="430 771 503 799" STYLE_REF="5">having</W>
			<W BOX="517 771 564 799" STYLE_REF="5">been</W>
			<W BOX="582 771 668 799" STYLE_REF="5" NS="y">cleansed</W>
			<W BOX="670 770 675 799" STYLE_REF="5">,</W>
			<W BOX="691 770 722 798" STYLE_REF="5">are</W>
			<W BOX="739 770 775 799" STYLE_REF="5">put</W>
		</Primitive>
		<Primitive BOX="24 793 829 848" ID="Ar0260015" SEQ_NO="15" TOC_ENTRY_ID="18" DEPTH_LEVEL="1">
			<L BOX="56 793 775 824"/>
			<Q BOX="56 796 109 824" STYLE_REF="5" QID="42">aside</Q>
			<q BOX="130 796 212 824" STYLE_REF="5" QID="42">ticketed</q>
			<QW QID="42">asideticketed</QW>
			<W BOX="227 796 275 824" STYLE_REF="5">with</W>
			<W BOX="291 796 325 824" STYLE_REF="5">her</W>
			<Q BOX="338 796 405 824" STYLE_REF="6" QID="43">number</Q>
			<q BOX="426 794 459 823" STYLE_REF="5" QID="43">not</q>
			<QW QID="43">numbernot</QW>
			<W BOX="467 794 516 823" STYLE_REF="5">with</W>
			<W BOX="529 794 563 823" STYLE_REF="5">her</W>
			<Q BOX="577 794 620 822" STYLE_REF="5" QID="44">nam</Q>
			<q BOX="621 794 633 822" STYLE_REF="5" NS="y" QID="44">e</q>
			<QW QID="44">name</QW>
			<W BOX="633 793 638 822" STYLE_REF="5">,</W>
			<W BOX="652 794 688 822" STYLE_REF="5">and</W>
			<W BOX="702 794 726 822" STYLE_REF="5">do</W>
			<W BOX="741 794 775 822" STYLE_REF="5">not</W>
			<L BOX="56 796 775 848"/>
			<W BOX="56 820 111 848" STYLE_REF="5">again</W>
			<W BOX="110 796 115 825" STYLE_REF="5">,</W>
			<W BOX="125 820 177 848" STYLE_REF="5">come</W>
			<W BOX="189 820 229 848" STYLE_REF="5">into</W>
			<W BOX="241 820 276 848" STYLE_REF="5">her</W>
			<W BOX="288 819 395 848" STYLE_REF="5">possession</W>
			<W BOX="406 796 414 825" STYLE_REF="6">,</W>
			<W BOX="407 819 472 847" STYLE_REF="5">unless</W>
			<W BOX="484 819 518 847" STYLE_REF="5">she</W>
			<Q BOX="530 818 634 846" STYLE_REF="5" QID="45">voluntaril</Q>
			<q BOX="634 818 647 846" STYLE_REF="5" QID="45">y</q>
			<QW QID="45">voluntarily</QW>
			<W BOX="661 817 724 845" STYLE_REF="5">leaves</W>
			<W BOX="741 817 775 845" STYLE_REF="5">the</W>
		</Primitive>
		<Primitive BOX="24 840 829 895" ID="Ar0260016" SEQ_NO="16" TOC_ENTRY_ID="18" DEPTH_LEVEL="1">
			<L BOX="55 840 776 871"/>
			<W BOX="55 843 184 871" STYLE_REF="5">Penitentiary</W>
			<W BOX="195 843 215 871" STYLE_REF="5">or</W>
			<W BOX="223 843 240 871" STYLE_REF="5">is</W>
			<W BOX="249 843 334 871" STYLE_REF="5" NS="y">expelled</W>
			<W BOX="338 843 343 871" STYLE_REF="5">,</W>
			<W BOX="352 842 363 871" STYLE_REF="5">a</W>
			<W BOX="371 842 418 871" STYLE_REF="5">very</W>
			<W BOX="426 842 467 871" STYLE_REF="5">rare</W>
			<W BOX="475 841 588 870" STYLE_REF="5" NS="y">occurrence</W>
			<W BOX="590 841 595 869" STYLE_REF="5">,</W>
			<W BOX="603 841 659 869" STYLE_REF="5" NS="y">when</W>
			<W BOX="659 841 664 869" STYLE_REF="5">,</W>
			<W BOX="673 841 691 869" STYLE_REF="5">of</W>
			<W BOX="700 841 767 869" STYLE_REF="5" NS="y">course</W>
			<W BOX="769 840 776 869" STYLE_REF="5">,</W>
			<L BOX="55 864 774 895"/>
			<W BOX="55 867 89 895" STYLE_REF="5">she</W>
			<W BOX="102 867 119 895" STYLE_REF="5">is</W>
			<Q BOX="136 867 156 895" STYLE_REF="5" QID="46">re</Q>
			<Q BOX="156 867 164 895" STYLE_REF="5" LH="y" QID="46">-</Q>
			<q BOX="164 867 240 895" STYLE_REF="5" QID="46">clothed</q>
			<QW QID="46">re-clothed</QW>
			<W BOX="257 867 277 895" STYLE_REF="5">in</W>
			<W BOX="291 867 326 895" STYLE_REF="5">her</W>
			<W BOX="343 867 373 895" STYLE_REF="5">old</W>
			<W BOX="389 866 486 894" STYLE_REF="5" NS="y">garments</W>
			<W BOX="487 866 492 894" STYLE_REF="5">,</W>
			<W BOX="506 865 541 894" STYLE_REF="5">and</W>
			<W BOX="557 865 601 894" STYLE_REF="5">goes</W>
			<W BOX="617 864 667 893" STYLE_REF="5">forth</W>
			<W BOX="684 864 724 893" STYLE_REF="5">into</W>
			<W BOX="741 864 774 893" STYLE_REF="5">the</W>
		</Primitive>
		<Primitive BOX="24 888 829 942" ID="Ar0260017" SEQ_NO="17" TOC_ENTRY_ID="18" DEPTH_LEVEL="1">
			<L BOX="55 888 774 919"/>
			<W BOX="55 891 115 919" STYLE_REF="5">world</W>
			<W BOX="129 890 246 919" STYLE_REF="5">unprovided</W>
			<Q BOX="258 890 285 919" STYLE_REF="5" QID="47">wi</Q>
			<q BOX="285 890 306 919" STYLE_REF="5" QID="47">th</q>
			<QW QID="47">with</QW>
			<W BOX="322 890 355 919" STYLE_REF="5">the</W>
			<W BOX="369 890 488 918" STYLE_REF="5">comfortable</W>
			<W BOX="503 890 556 918" STYLE_REF="5">outfit</W>
			<Q BOX="571 890 584 918" STYLE_REF="5" QID="48">g</Q>
			<q BOX="584 888 627 916" STYLE_REF="5" QID="48">iven</q>
			<QW QID="48">given</QW>
			<W BOX="641 888 661 916" STYLE_REF="5">to</W>
			<W BOX="673 888 706 916" STYLE_REF="5">the</W>
			<Q BOX="720 888 765 916" STYLE_REF="5" QID="49">peni</Q>
			<Q BOX="765 888 774 916" STYLE_REF="5" QID="49">-</Q>
			<L BOX="55 912 773 942"/>
			<q BOX="55 914 106 942" STYLE_REF="5" QID="49">tents</q>
			<QW QID="49">penitents</QW>
			<W BOX="114 914 158 942" STYLE_REF="5">who</W>
			<Q BOX="167 914 261 942" STYLE_REF="5" QID="50">obedientl</Q>
			<q BOX="263 914 277 942" STYLE_REF="5" QID="50">y</q>
			<QW QID="50">obediently</QW>
			<W BOX="285 914 320 942" STYLE_REF="5">and</W>
			<Q BOX="334 913 443 941" STYLE_REF="5" QID="51">satisfactori</Q>
			<Q BOX="447 913 454 941" STYLE_REF="5" QID="51">l</Q>
			<q BOX="454 914 466 942" STYLE_REF="5" QID="51">y</q>
			<QW QID="51">satisfactorily</QW>
			<W BOX="475 913 524 941" STYLE_REF="5">have</W>
			<W BOX="537 913 589 941" STYLE_REF="5">lived</W>
			<W BOX="598 912 630 940" STYLE_REF="5">out</W>
			<W BOX="640 912 690 940" STYLE_REF="5">their</W>
			<W BOX="698 912 745 940" STYLE_REF="5">time</W>
			<W BOX="754 912 773 940" STYLE_REF="5">of</W>
		</Primitive>
		<Primitive BOX="24 938 829 990" ID="Ar0260018" SEQ_NO="18" TOC_ENTRY_ID="18" DEPTH_LEVEL="1">
			<L BOX="55 938 162 966"/>
			<W BOX="55 938 155 966" STYLE_REF="5" NS="y">probation</W>
			<W BOX="155 938 162 966" STYLE_REF="5">.</W>
			<L BOX="79 959 772 990"/>
			<W BOX="79 962 124 990" STYLE_REF="5">Any</W>
			<W BOX="132 962 201 990" STYLE_REF="5">money</W>
			<W BOX="209 961 273 989" STYLE_REF="5">which</W>
			<W BOX="281 961 313 989" STYLE_REF="5">the</W>
			<W BOX="325 961 411 989" STYLE_REF="5">penitent</W>
			<W BOX="426 961 470 989" STYLE_REF="5">may</W>
			<W BOX="478 960 552 989" STYLE_REF="5">possess</W>
			<W BOX="565 959 589 988" STYLE_REF="5">on</W>
			<W BOX="605 959 639 988" STYLE_REF="5">her</W>
			<W BOX="654 959 741 987" STYLE_REF="5">entrance</W>
			<W BOX="755 959 772 987" STYLE_REF="5">is</W>
		</Primitive>
		<Primitive BOX="24 983 829 1038" ID="Ar0260019" SEQ_NO="19" TOC_ENTRY_ID="18" DEPTH_LEVEL="1">
			<L BOX="54 983 771 1015"/>
			<Q BOX="54 987 67 1015" STYLE_REF="5" QID="52">p</Q>
			<q BOX="67 985 118 1013" STYLE_REF="5" QID="52">laced</q>
			<QW QID="52">placed</QW>
			<W BOX="133 985 154 1013" STYLE_REF="5">in</W>
			<W BOX="167 985 200 1013" STYLE_REF="5">the</W>
			<W BOX="213 985 259 1013" STYLE_REF="5" NS="y">poor</W>
			<W BOX="260 985 267 1013" STYLE_REF="5" NS="y">'</W>
			<W BOX="266 985 275 1013" STYLE_REF="5">s</W>
			<W BOX="283 985 320 1013" STYLE_REF="5" NS="y">box</W>
			<W BOX="321 985 326 1013" STYLE_REF="5">,</W>
			<W BOX="336 985 372 1013" STYLE_REF="5">and</W>
			<W BOX="380 985 419 1013" STYLE_REF="5">this</W>
			<Q BOX="429 985 442 1013" STYLE_REF="5" QID="53">p</Q>
			<q BOX="442 984 473 1012" STYLE_REF="5" QID="53">lan</q>
			<QW QID="53">plan</QW>
			<W BOX="489 984 523 1012" STYLE_REF="5">has</W>
			<W BOX="536 983 584 1012" STYLE_REF="5">been</W>
			<W BOX="596 983 673 1011" STYLE_REF="5">decided</W>
			<W BOX="682 983 733 1011" STYLE_REF="5">upon</W>
			<W BOX="742 983 771 1011" STYLE_REF="5">for</W>
			<L BOX="53 1006 774 1038"/>
			<W BOX="53 1009 125 1038" STYLE_REF="5">several</W>
			<W BOX="135 1009 210 1037" STYLE_REF="5" NS="y">reasons</W>
			<W BOX="211 1009 216 1037" STYLE_REF="5">.</W>
			<W BOX="241 1009 260 1037" STYLE_REF="5">It</W>
			<W BOX="268 1009 313 1037" STYLE_REF="5">may</W>
			<W BOX="320 1008 395 1036" STYLE_REF="5">happen</W>
			<W BOX="402 1008 445 1036" STYLE_REF="5">that</W>
			<W BOX="453 1008 486 1036" STYLE_REF="5">the</W>
			<Q BOX="494 1008 508 1036" STYLE_REF="5" QID="54">g</Q>
			<q BOX="507 1007 532 1035" STYLE_REF="5" QID="54">irl</q>
			<QW QID="54">girl</QW>
			<W BOX="540 1007 557 1035" STYLE_REF="5">is</W>
			<W BOX="565 1007 650 1035" STYLE_REF="5">actuated</W>
			<Q BOX="664 1007 677 1035" STYLE_REF="5" QID="55">b</Q>
			<q BOX="676 1007 690 1035" STYLE_REF="5" QID="55">y</q>
			<QW QID="55">by</QW>
			<W BOX="697 1007 723 1035" STYLE_REF="5">no</W>
			<W BOX="731 1006 774 1035" STYLE_REF="5">real</W>
		</Primitive>
		<Primitive BOX="24 1030 829 1085" ID="Ar0260020" SEQ_NO="20" TOC_ENTRY_ID="18" DEPTH_LEVEL="1">
			<L BOX="53 1030 772 1061"/>
			<W BOX="53 1033 152 1061" STYLE_REF="5">penitence</W>
			<W BOX="160 1033 181 1061" STYLE_REF="5">in</W>
			<W BOX="190 1033 277 1061" STYLE_REF="5" NS="y">entering</W>
			<W BOX="277 1033 284 1061" STYLE_REF="5">,</W>
			<W BOX="292 1032 329 1060" STYLE_REF="5">and</W>
			<Q BOX="339 1032 388 1060" STYLE_REF="5" QID="56">simp</Q>
			<Q BOX="388 1032 396 1060" STYLE_REF="5" QID="56">l</Q>
			<q BOX="395 1032 408 1061" STYLE_REF="5" QID="56">y</q>
			<QW QID="56">simply</QW>
			<W BOX="418 1031 471 1059" STYLE_REF="5">seeks</W>
			<W BOX="486 1031 520 1059" STYLE_REF="5">the</W>
			<Q BOX="528 1030 625 1059" STYLE_REF="5" QID="57">Penitenti</Q>
			<q BOX="625 1030 659 1059" STYLE_REF="5" QID="57">ary</q>
			<QW QID="57">Penitentiary</QW>
			<W BOX="668 1030 688 1059" STYLE_REF="5">as</W>
			<W BOX="700 1030 711 1059" STYLE_REF="5">a</W>
			<Q BOX="722 1030 764 1059" STYLE_REF="5" QID="58">com</Q>
			<Q BOX="764 1030 772 1059" STYLE_REF="5" QID="58">-</Q>
			<L BOX="52 1054 771 1085"/>
			<q BOX="52 1057 133 1085" STYLE_REF="5" QID="58">fortable</q>
			<QW QID="58">comfortable</QW>
			<Q BOX="141 1057 175 1085" STYLE_REF="5" QID="59">asy</Q>
			<q BOX="175 1056 215 1084" STYLE_REF="5" QID="59">lum</q>
			<QW QID="59">asylum</QW>
			<W BOX="222 1056 251 1084" STYLE_REF="5">for</W>
			<W BOX="259 1056 298 1084" STYLE_REF="5">two</W>
			<W BOX="306 1056 326 1084" STYLE_REF="5">or</W>
			<W BOX="336 1056 389 1084" STYLE_REF="5">three</W>
			<W BOX="396 1055 461 1083" STYLE_REF="5" NS="y">weeks</W>
			<W BOX="462 1055 467 1083" STYLE_REF="5">,</W>
			<W BOX="476 1054 554 1082" STYLE_REF="5">leaving</W>
			<W BOX="561 1054 616 1082" STYLE_REF="5">again</W>
			<W BOX="625 1054 646 1082" STYLE_REF="5">as</W>
			<W BOX="654 1054 699 1082" STYLE_REF="5">soon</W>
			<W BOX="708 1054 728 1082" STYLE_REF="5">as</W>
			<W BOX="737 1054 771 1082" STYLE_REF="5">the</W>
		</Primitive>
		<Primitive BOX="24 1078 829 1133" ID="Ar0260021" SEQ_NO="21" TOC_ENTRY_ID="18" DEPTH_LEVEL="1">
			<L BOX="53 1078 772 1110"/>
			<Q BOX="53 1081 76 1110" STYLE_REF="5" QID="60">sp</Q>
			<q BOX="75 1080 107 1109" STYLE_REF="5" QID="60">irit</q>
			<QW QID="60">spirit</QW>
			<W BOX="119 1080 137 1109" STYLE_REF="5">of</W>
			<W BOX="152 1080 223 1108" STYLE_REF="5">change</W>
			<W BOX="236 1080 295 1108" STYLE_REF="5">seizes</W>
			<W BOX="310 1079 361 1108" STYLE_REF="5">upon</W>
			<W BOX="375 1079 409 1108" STYLE_REF="5" NS="y">her</W>
			<W BOX="409 1079 415 1108" STYLE_REF="5">.</W>
			<W BOX="441 1078 464 1106" STYLE_REF="5">In</W>
			<W BOX="476 1078 519 1106" STYLE_REF="5">that</W>
			<W BOX="530 1078 572 1106" STYLE_REF="5">case</W>
			<W BOX="586 1078 625 1106" STYLE_REF="5">any</W>
			<Q BOX="632 1078 671 1106" STYLE_REF="5" QID="61">littl</Q>
			<q BOX="672 1078 683 1106" STYLE_REF="5" QID="61">e</q>
			<QW QID="61">little</QW>
			<W BOX="695 1078 765 1106" STYLE_REF="5" NS="y">money</W>
			<W BOX="765 1078 772 1106" STYLE_REF="5">,</W>
			<L BOX="52 1101 770 1133"/>
			<Q BOX="52 1104 146 1132" STYLE_REF="5" QID="62">frequentl</Q>
			<q BOX="147 1104 160 1133" STYLE_REF="5" QID="62">y</q>
			<QW QID="62">frequently</QW>
			<W BOX="168 1104 201 1132" STYLE_REF="5">the</W>
			<W BOX="209 1103 273 1132" STYLE_REF="5">wages</W>
			<W BOX="286 1103 304 1132" STYLE_REF="5">of</W>
			<Q BOX="318 1103 347 1132" STYLE_REF="5" QID="63">ini</Q>
			<q BOX="348 1103 403 1131" STYLE_REF="5" NS="y" QID="63">quity</q>
			<QW QID="63">iniquity</QW>
			<W BOX="404 1103 409 1131" STYLE_REF="5">,</W>
			<W BOX="423 1102 512 1131" STYLE_REF="5">removed</W>
			<W BOX="522 1102 568 1131" STYLE_REF="5">from</W>
			<W BOX="582 1102 616 1130" STYLE_REF="5">her</W>
			<W BOX="625 1101 662 1130" STYLE_REF="5">and</W>
			<Q BOX="671 1102 684 1131" STYLE_REF="5" QID="64">p</Q>
			<q BOX="684 1101 736 1129" STYLE_REF="5" QID="64">laced</q>
			<QW QID="64">placed</QW>
			<W BOX="748 1101 770 1129" STYLE_REF="5">in</W>
		</Primitive>
		<Primitive BOX="24 1124 829 1180" ID="Ar0260022" SEQ_NO="22" TOC_ENTRY_ID="18" DEPTH_LEVEL="1">
			<L BOX="51 1124 770 1156"/>
			<W BOX="51 1128 85 1156" STYLE_REF="5">the</W>
			<Q BOX="92 1128 139 1156" STYLE_REF="5" QID="65">poor</Q>
			<Q BOX="140 1127 146 1156" STYLE_REF="5" QID="65">'</Q>
			<q BOX="145 1127 154 1156" STYLE_REF="5" QID="65">s</q>
			<QW QID="65">poor's</QW>
			<W BOX="162 1127 197 1156" STYLE_REF="5" NS="y">box</W>
			<W BOX="201 1127 205 1155" STYLE_REF="5">,</W>
			<W BOX="213 1127 230 1155" STYLE_REF="5">is</W>
			<W BOX="238 1127 248 1155" STYLE_REF="5">a</W>
			<W BOX="258 1127 313 1155" STYLE_REF="5">small</W>
			<W BOX="319 1126 410 1154" STYLE_REF="5">payment</W>
			<W BOX="417 1126 437 1154" STYLE_REF="5">as</W>
			<W BOX="445 1126 461 1154" STYLE_REF="5">it</W>
			<W BOX="467 1126 518 1154" STYLE_REF="5">were</W>
			<W BOX="523 1125 605 1154" STYLE_REF="5">towards</W>
			<W BOX="612 1125 645 1153" STYLE_REF="5">the</W>
			<W BOX="651 1125 742 1153" STYLE_REF="5">expenses</W>
			<W BOX="751 1124 770 1153" STYLE_REF="5">of</W>
			<L BOX="50 1148 768 1180"/>
			<W BOX="50 1151 85 1180" STYLE_REF="5">her</W>
			<W BOX="93 1151 150 1180" STYLE_REF="5">board</W>
			<W BOX="160 1151 196 1180" STYLE_REF="5">and</W>
			<Q BOX="210 1151 242 1180" STYLE_REF="5" QID="66">lod</Q>
			<Q BOX="243 1152 257 1180" STYLE_REF="5" QID="66">g</Q>
			<q BOX="256 1151 290 1179" STYLE_REF="5" NS="y" QID="66">ing</q>
			<QW QID="66">lodging</QW>
			<W BOX="290 1151 296 1179" STYLE_REF="5">.</W>
			<W BOX="321 1151 339 1179" STYLE_REF="5" NS="y">If</W>
			<W BOX="340 1150 345 1179" STYLE_REF="5">,</W>
			<W BOX="355 1150 379 1178" STYLE_REF="5">on</W>
			<W BOX="387 1150 421 1178" STYLE_REF="5">the</W>
			<W BOX="430 1150 519 1178" STYLE_REF="5" NS="y">contrary</W>
			<W BOX="519 1150 525 1178" STYLE_REF="5">,</W>
			<W BOX="534 1150 568 1178" STYLE_REF="5">she</W>
			<Q BOX="580 1149 650 1177" STYLE_REF="5" QID="67">remain</Q>
			<q BOX="651 1149 660 1177" STYLE_REF="5" QID="67">s</q>
			<QW QID="67">remains</QW>
			<Q BOX="673 1148 736 1177" STYLE_REF="5" QID="68">patien</Q>
			<Q BOX="739 1148 754 1176" STYLE_REF="5" QID="68">tl</Q>
			<q BOX="754 1149 768 1177" STYLE_REF="5" QID="68">y</q>
			<QW QID="68">patiently</QW>
		</Primitive>
		<Primitive BOX="24 1180 829 1219" ID="Ar0260023" SEQ_NO="23" TOC_ENTRY_ID="18" DEPTH_LEVEL="1">
			<L BOX="50 1173 766 1204"/>
			<W BOX="50 1176 87 1204" STYLE_REF="5">and</W>
			<Q BOX="95 1175 159 1204" STYLE_REF="5" QID="69">meekl</Q>
			<q BOX="158 1175 172 1204" STYLE_REF="5" NS="y" QID="69">y</q>
			<QW QID="69">meekly</QW>
			<W BOX="172 1175 178 1204" STYLE_REF="5">,</W>
			<W BOX="185 1175 274 1203" STYLE_REF="5">fulfilling</W>
			<W BOX="285 1174 319 1203" STYLE_REF="5">her</W>
			<W BOX="327 1174 390 1203" STYLE_REF="5">duties</W>
			<W BOX="397 1174 449 1202" STYLE_REF="5">until</W>
			<W BOX="456 1173 490 1202" STYLE_REF="5">the</W>
			<W BOX="498 1173 531 1202" STYLE_REF="5">full</W>
			<W BOX="544 1173 594 1202" STYLE_REF="5">term</W>
			<W BOX="601 1173 618 1202" STYLE_REF="5">of</W>
			<W BOX="627 1173 661 1202" STYLE_REF="5">her</W>
			<W BOX="669 1173 766 1201" STYLE_REF="5">probation</W>
		</Primitive>
	</Content>
	<TOC_Entries><TOC_Entry TOC_ENTRY_ID="55" TITLE=". at A few This High days institution ga..." ENTITY_ID_REF="Ar02600" PAGE_NO="26" PAGE_LABEL="26" PRIM_ID_REF="Ar0260000" IS_IC="true"/></TOC_Entries></XMD-entity>
