<?xml version="1.0" encoding="windows-1252" standalone="no"?>
<XMD-entity REPOSITORY_FORMAT="1.0" PRXML_VER="2.0" ENTITY_TYPE="Article" DOC_UID="EWJ_01/04/1858" DOC_VER="1" FIRST_TOC_ENTRY_ID="26" DEPTH_LEVEL="1" INDEX_IN_DOC="52" PAGE_NO="21" ID="Ar02101" BOX="24 12 811 102" LANGUAGE="English" SNP="Ar02101S.png" SNP_WIDTH="788" SNP_HEIGHT="91" LOGICAL_NAME="true">
	<Meta NAME="ELIZABETH BLACKWELL. 93" DESCRIPTION="" SUBTYPE="" BASE_HREF="EWJ/1858/04/01" SOURCE_TYPE="TIFF" PUBLICATION="EWJ" SECTION="None" ISSUE_DATE="01/04/1858" WORDCNT="4" RELEASE_NO="041-EWJ-1858-04-01-001-SINGLE" PAGE_ID="" PAGE_TYPE="Single" PAGE_WIDTH="823" PAGE_HEIGHT="1239" DEFAULT_IMG_EXT="png" PDF_DESTINATION_MAPPED="OLV0_Entity_0021_0002" IMAGES_RESOLUTION="86" XMD_VER="2.6.238.8" PAGE_LABEL="93"/>
	<Link SOURCE="041-EWJ-1858-04-01-001-SINGLE.PDF" FIRST_ID="Ar00200" LAST_ID="Ar07201" NEXT_ID="" PREV_ID="Ar02100" TOC_ID="d:/Olive/Repository/EWJ/1858/04/01/TOC.xml"/>
	<DataFiles>
		<Files TYPE="DOC_PDF" PRESENT="1"/>
		<Files TYPE="PAGE_PDF" PRESENT="0"/>
		<Files TYPE="DOC_IMG" PRESENT="0"/>
		<Files TYPE="PAGE_IMG" PRESENT="0"/>
		<Files TYPE="PAGE_VIEW_IMG" PRESENT="1"/>
		<Files TYPE="PAGE_PREVIEW_IMG" PRESENT="1"/>
		<Files TYPE="PRIMITIVE_IMG" PRESENT="1"/>
		<Files TYPE="SNIPPET_IMG" PRESENT="1"/>
	</DataFiles>
	<Content>
		<Primitive BOX="24 12 811 102" ID="Ar0210100" SEQ_NO="0" TOC_ENTRY_ID="26" DEPTH_LEVEL="1">
			<L BOX="291 68 763 93"/>
			<W BOX="291 68 407 92" STYLE_REF="7">ELIZABETH</W>
			<W BOX="421 68 547 92" STYLE_REF="7" NS="y">BLACKWELL</W>
			<W BOX="547 68 552 92" STYLE_REF="7">.</W>
			<W BOX="735 69 763 93" STYLE_REF="7">93</W>
		</Primitive>
	</Content>
	<TOC_Entries><TOC_Entry TOC_ENTRY_ID="45" TITLE="ELIZABETH BLACKWELL. 93" ENTITY_ID_REF="Ar02101" PAGE_NO="21" PAGE_LABEL="93" PRIM_ID_REF="Ar0210100" IS_IC="true"/></TOC_Entries></XMD-entity>
