<?xml version="1.0" encoding="windows-1252" standalone="no"?>
<XMD-entity REPOSITORY_FORMAT="1.0" PRXML_VER="2.0" ENTITY_TYPE="Article" FIRST_TOC_ENTRY_ID="13" DEPTH_LEVEL="1" INDEX_IN_DOC="32" PAGE_NO="21" ID="Ar02100" BOX="24 102 811 1214" LANGUAGE="English" CONTINUATION_TO="Ar02200" CONTINUATION_FROM="Ar02000" LOGICAL_NAME="true">
	<Meta NAME="To the Editors of the English Woman's Jo..." DESCRIPTION="" SUBTYPE="" BASE_HREF="EWJ/1858/04/01" SOURCE_TYPE="TIFF" PUBLICATION="EWJ" SECTION="None" ISSUE_DATE="01/04/1858" WORDCNT="697" RELEASE_NO="041-EWJ-1858-04-01-001-SINGLE" PAGE_ID="" PAGE_TYPE="Single" PAGE_WIDTH="823" PAGE_HEIGHT="1239" DEFAULT_IMG_EXT="png" PDF_DESTINATION_MAPPED="OLV0_Entity_0021_0001" IMAGES_RESOLUTION="86" XMD_VER="2.6.238.8" PAGE_LABEL="93"/>
	<Link SOURCE="041-EWJ-1858-04-01-001-SINGLE.PDF" FIRST_ID="Ar00200" LAST_ID="Ar07201" NEXT_ID="Ar02101" PREV_ID="" TOC_ID="d:/Olive/Repository/EWJ/1858/04/01/TOC.xml"/>
	<DataFiles>
		<Files TYPE="DOC_PDF" PRESENT="1"/>
		<Files TYPE="PAGE_PDF" PRESENT="0"/>
		<Files TYPE="DOC_IMG" PRESENT="0"/>
		<Files TYPE="PAGE_IMG" PRESENT="0"/>
		<Files TYPE="PAGE_VIEW_IMG" PRESENT="1"/>
		<Files TYPE="PAGE_PREVIEW_IMG" PRESENT="1"/>
		<Files TYPE="PRIMITIVE_IMG" PRESENT="1"/>
		<Files TYPE="SNIPPET_IMG" PRESENT="1"/>
	</DataFiles>
	<Content>
		<Primitive BOX="24 102 811 157" ID="Ar0210000" SEQ_NO="0" TOC_ENTRY_ID="13" DEPTH_LEVEL="1">
			<L BOX="76 108 761 135"/>
			<W BOX="76 108 153 133" STYLE_REF="10">visiting</W>
			<W BOX="165 109 215 134" STYLE_REF="10">some</W>
			<W BOX="228 109 245 134" STYLE_REF="10">of</W>
			<W BOX="258 109 290 134" STYLE_REF="10">the</W>
			<W BOX="303 109 354 134" STYLE_REF="10">other</W>
			<Q BOX="367 110 420 135" STYLE_REF="10" QID="1">Hosp</Q>
			<q BOX="420 110 462 135" STYLE_REF="10" NS="y" QID="1">itals</q>
			<QW QID="1">Hospitals</QW>
			<W BOX="462 110 468 135" STYLE_REF="10">.</W>
			<W BOX="498 110 534 135" STYLE_REF="10">She</W>
			<W BOX="547 110 585 135" STYLE_REF="10">also</W>
			<W BOX="597 110 648 135" STYLE_REF="10">went</W>
			<Q BOX="660 110 726 135" STYLE_REF="10" QID="2">throug</Q>
			<q BOX="724 110 738 135" STYLE_REF="10" QID="2">h</q>
			<QW QID="2">through</QW>
			<W BOX="750 110 761 135" STYLE_REF="10">a</W>
			<L BOX="75 131 759 157"/>
			<W BOX="75 131 147 156" STYLE_REF="10">private</W>
			<Q BOX="161 131 214 156" STYLE_REF="10" QID="3">cours</Q>
			<q BOX="215 131 225 156" STYLE_REF="10" QID="3">e</q>
			<QW QID="3">course</QW>
			<W BOX="238 131 255 156" STYLE_REF="10">of</W>
			<W BOX="267 131 356 157" STYLE_REF="10">Anatoiny</W>
			<W BOX="370 132 406 157" STYLE_REF="10">and</W>
			<W BOX="420 132 523 157" STYLE_REF="10">Dissection</W>
			<W BOX="538 132 584 157" STYLE_REF="10">with</W>
			<W BOX="597 132 632 157" STYLE_REF="10">one</W>
			<W BOX="647 132 663 157" STYLE_REF="10">of</W>
			<W BOX="677 132 708 157" STYLE_REF="10">the</W>
			<W BOX="720 132 759 157" STYLE_REF="10">best</W>
		</Primitive>
		<Primitive BOX="24 153 811 203" ID="Ar0210001" SEQ_NO="1" TOC_ENTRY_ID="13" DEPTH_LEVEL="1">
			<L BOX="75 153 321 179"/>
			<W BOX="75 153 172 178" STYLE_REF="10">professors</W>
			<W BOX="182 153 199 178" STYLE_REF="10">of</W>
			<W BOX="208 153 241 178" STYLE_REF="10">the</W>
			<Q BOX="248 154 280 179" STYLE_REF="10" QID="4">cap</Q>
			<Q BOX="281 154 297 179" STYLE_REF="10" QID="4">it</Q>
			<q BOX="297 154 314 179" STYLE_REF="10" NS="y" QID="4">al</q>
			<QW QID="4">capital</QW>
			<W BOX="314 154 321 179" STYLE_REF="10">.</W>
			<L BOX="99 176 760 203"/>
			<W BOX="99 176 128 201" STYLE_REF="10">On</W>
			<W BOX="139 176 214 201" STYLE_REF="10">leaving</W>
			<W BOX="224 176 274 201" STYLE_REF="10">Paris</W>
			<W BOX="287 177 319 202" STYLE_REF="10">she</W>
			<W BOX="327 177 394 202" STYLE_REF="10">visited</W>
			<Q BOX="403 177 419 202" STYLE_REF="10" QID="5">G</Q>
			<Q BOX="419 177 426 202" STYLE_REF="10" LH="y" QID="5">-</Q>
			<q BOX="425 177 525 202" STYLE_REF="10" NS="y" QID="5" M="7 * ">raefenlberg</q>
			<QW QID="5">_G-raefenlberg</QW>
			<W BOX="533 177 537 202" STYLE_REF="10">;</W>
			<W BOX="551 177 586 202" STYLE_REF="10">and</W>
			<W BOX="594 177 639 202" STYLE_REF="10">then</W>
			<W BOX="647 177 733 202" STYLE_REF="10">returned</W>
			<W BOX="741 176 760 203" STYLE_REF="2">to</W>
		</Primitive>
		<Primitive BOX="24 198 811 249" ID="Ar0210002" SEQ_NO="2" TOC_ENTRY_ID="13" DEPTH_LEVEL="1">
			<L BOX="76 198 761 225"/>
			<W BOX="76 198 152 223" STYLE_REF="10" NS="y">London</W>
			<W BOX="154 199 159 224" STYLE_REF="10">,</W>
			<W BOX="168 199 230 224" STYLE_REF="10">where</W>
			<W BOX="237 199 269 224" STYLE_REF="10">she</W>
			<W BOX="277 199 347 224" STYLE_REF="10">studied</W>
			<W BOX="356 200 446 225" STYLE_REF="10">Medicine</W>
			<W BOX="458 200 476 225" STYLE_REF="10">at</W>
			<W BOX="487 200 507 225" STYLE_REF="10" NS="y">St</W>
			<W BOX="507 200 513 225" STYLE_REF="10">.</W>
			<W BOX="525 200 660 225" STYLE_REF="10" NS="y">Bartholomew</W>
			<W BOX="661 198 668 223" STYLE_REF="10" NS="y">'</W>
			<W BOX="666 200 674 225" STYLE_REF="10">s</W>
			<W BOX="683 200 718 225" STYLE_REF="10">and</W>
			<W BOX="730 200 761 225" STYLE_REF="10">the</W>
			<L BOX="75 220 760 248"/>
			<W BOX="75 221 151 246" STYLE_REF="10" NS="y">Woman</W>
			<W BOX="152 220 159 245" STYLE_REF="10" NS="y">'</W>
			<W BOX="157 221 165 246" STYLE_REF="10">s</W>
			<Q BOX="173 221 225 247" STYLE_REF="10" QID="6">Hosp</Q>
			<q BOX="226 221 258 247" STYLE_REF="10" QID="6">ital</q>
			<QW QID="6">Hospital</QW>
			<W BOX="266 221 286 247" STYLE_REF="10">in</W>
			<W BOX="295 222 333 247" STYLE_REF="10">Red</W>
			<W BOX="339 222 384 247" STYLE_REF="10">Lion</W>
			<Q BOX="390 222 404 247" STYLE_REF="10" QID="7">S</Q>
			<Q BOX="403 223 458 248" STYLE_REF="10" QID="7">quare</Q>
			<q BOX="473 222 509 247" STYLE_REF="10" QID="7">and</q>
			<QW QID="7">Squareand</QW>
			<W BOX="517 222 570 247" STYLE_REF="10">made</W>
			<W BOX="577 222 707 247" STYLE_REF="10">acquaintance</W>
			<W BOX="714 222 760 247" STYLE_REF="10">with</W>
		</Primitive>
		<Primitive BOX="24 243 811 293" ID="Ar0210003" SEQ_NO="3" TOC_ENTRY_ID="13" DEPTH_LEVEL="1">
			<L BOX="460 224 465 249"/>
			<W BOX="460 224 465 249" STYLE_REF="10">,</W>
			<L BOX="74 243 759 272"/>
			<W BOX="74 244 106 269" STYLE_REF="10">the</W>
			<W BOX="113 243 176 268" STYLE_REF="10" NS="y">system</W>
			<W BOX="177 243 182 268" STYLE_REF="10">,</W>
			<W BOX="189 244 207 269" STYLE_REF="10">of</W>
			<W BOX="216 244 294 269" STYLE_REF="10">Medical</W>
			<Q BOX="303 245 321 270" STYLE_REF="10" QID="8">G</Q>
			<q BOX="319 245 418 271" STYLE_REF="10" QID="8">ymnastics</q>
			<QW QID="8">Gymnastics</QW>
			<W BOX="426 245 499 271" STYLE_REF="10">devised</W>
			<Q BOX="512 245 525 271" STYLE_REF="10" QID="9">b</Q>
			<q BOX="525 247 538 272" STYLE_REF="10" QID="9">y</q>
			<QW QID="9">by</QW>
			<Q BOX="546 244 570 271" STYLE_REF="2" QID="10">Li</Q>
			<Q BOX="569 245 582 271" STYLE_REF="10" QID="10">n</Q>
			<q BOX="582 244 595 271" STYLE_REF="2" NS="y" QID="10">g</q>
			<QW QID="10">Ling</QW>
			<W BOX="595 244 601 271" STYLE_REF="2">,</W>
			<W BOX="608 245 644 270" STYLE_REF="10">and</W>
			<W BOX="653 245 759 270" STYLE_REF="10">introduced</W>
			<L BOX="75 266 760 293"/>
			<W BOX="75 266 114 291" STYLE_REF="10">into</W>
			<Q BOX="122 266 164 292" STYLE_REF="10" QID="11">Eng</Q>
			<q BOX="163 266 206 292" STYLE_REF="10" QID="11">land</q>
			<QW QID="11">England</QW>
			<Q BOX="214 266 227 292" STYLE_REF="10" QID="12">b</Q>
			<q BOX="227 268 240 293" STYLE_REF="10" QID="12">y</q>
			<QW QID="12">by</QW>
			<W BOX="247 267 271 292" STYLE_REF="10">its</W>
			<Q BOX="279 267 309 292" STYLE_REF="10" QID="13">abl</Q>
			<q BOX="310 267 320 292" STYLE_REF="10" QID="13">e</q>
			<QW QID="13">able</QW>
			<W BOX="328 268 419 293" STYLE_REF="10" NS="y">expositor</W>
			<W BOX="420 268 425 293" STYLE_REF="10">,</W>
			<W BOX="430 268 460 293" STYLE_REF="10" NS="y">Mr</W>
			<W BOX="460 268 465 293" STYLE_REF="10">.</W>
			<Q BOX="472 268 533 293" STYLE_REF="10" QID="14">Georg</Q>
			<q BOX="533 268 546 293" STYLE_REF="10" NS="y" QID="14">ii</q>
			<QW QID="14">Georgii</QW>
			<W BOX="546 268 552 293" STYLE_REF="10">.</W>
			<W BOX="571 268 644 293" STYLE_REF="10">During</W>
			<W BOX="651 268 689 293" STYLE_REF="10">this</W>
			<W BOX="697 268 760 293" STYLE_REF="10">period</W>
		</Primitive>
		<Primitive BOX="24 289 811 339" ID="Ar0210004" SEQ_NO="4" TOC_ENTRY_ID="13" DEPTH_LEVEL="1">
			<L BOX="74 289 760 317"/>
			<W BOX="74 289 106 314" STYLE_REF="10">she</W>
			<W BOX="114 289 198 314" STYLE_REF="10">obtained</W>
			<W BOX="206 290 325 315" STYLE_REF="10">testimonials</W>
			<W BOX="332 290 349 315" STYLE_REF="10">of</W>
			<Q BOX="358 290 387 315" STYLE_REF="10" QID="15">stu</Q>
			<Q BOX="387 290 400 315" STYLE_REF="10" QID="15">d</Q>
			<q BOX="399 292 412 317" STYLE_REF="10" QID="15">y</q>
			<QW QID="15">study</QW>
			<W BOX="420 291 466 316" STYLE_REF="10">from</W>
			<W BOX="475 291 535 316" STYLE_REF="10">Baron</W>
			<W BOX="543 291 613 316" STYLE_REF="10" NS="y">Dubois</W>
			<W BOX="614 291 619 316" STYLE_REF="10">,</W>
			<W BOX="628 290 655 315" STYLE_REF="10" NS="y">Dr</W>
			<W BOX="655 290 662 315" STYLE_REF="10">.</W>
			<W BOX="668 290 752 315" STYLE_REF="10" NS="y">Burrows</W>
			<W BOX="754 291 760 316" STYLE_REF="10">,</W>
			<L BOX="74 312 760 339"/>
			<W BOX="74 312 101 337" STYLE_REF="10" NS="y">Dr</W>
			<W BOX="101 312 107 337" STYLE_REF="10">.</W>
			<W BOX="115 312 158 337" STYLE_REF="10" NS="y">Hue</W>
			<W BOX="159 312 164 337" STYLE_REF="10">,</W>
			<W BOX="177 312 207 337" STYLE_REF="10" NS="y">Mr</W>
			<W BOX="207 312 213 337" STYLE_REF="10">.</W>
			<W BOX="223 312 280 337" STYLE_REF="10" NS="y">Paget</W>
			<W BOX="281 313 285 338" STYLE_REF="10">,</W>
			<W BOX="297 313 331 338" STYLE_REF="10">and</W>
			<W BOX="343 313 394 338" STYLE_REF="10">other</W>
			<W BOX="407 313 488 338" STYLE_REF="10">eminent</W>
			<Q BOX="498 314 525 339" STYLE_REF="10" QID="16">Ph</Q>
			<q BOX="526 313 606 338" STYLE_REF="10" QID="16">ysicians</q>
			<QW QID="16">Physicians</QW>
			<W BOX="617 313 654 338" STYLE_REF="10">and</W>
			<W BOX="669 313 760 338" STYLE_REF="10">Surgeons</W>
		</Primitive>
		<Primitive BOX="24 336 811 407" ID="Ar0210005" SEQ_NO="5" TOC_ENTRY_ID="13" DEPTH_LEVEL="1">
			<L BOX="73 336 758 362"/>
			<W BOX="73 336 131 361" STYLE_REF="10">under</W>
			<W BOX="139 336 199 361" STYLE_REF="10">whom</W>
			<W BOX="206 336 239 361" STYLE_REF="10">she</W>
			<W BOX="247 336 282 361" STYLE_REF="10">had</W>
			<W BOX="291 336 388 361" STYLE_REF="10">continued</W>
			<W BOX="396 336 429 361" STYLE_REF="10">her</W>
			<W BOX="435 337 513 362" STYLE_REF="10">Medical</W>
			<W BOX="526 337 621 362" STYLE_REF="10">education</W>
			<W BOX="631 337 651 362" STYLE_REF="10">in</W>
			<W BOX="662 337 713 362" STYLE_REF="10">Paris</W>
			<W BOX="722 337 758 362" STYLE_REF="10">and</W>
			<L BOX="73 358 185 383"/>
			<W BOX="73 358 93 383" STYLE_REF="10">in</W>
			<W BOX="101 358 179 383" STYLE_REF="10" NS="y">London</W>
			<W BOX="179 358 185 383" STYLE_REF="10">.</W>
			<L BOX="96 381 758 407"/>
			<W BOX="96 381 126 406" STYLE_REF="10">An</W>
			<W BOX="137 381 235 406" STYLE_REF="10">invitation</W>
			<W BOX="245 381 264 406" STYLE_REF="10">to</W>
			<W BOX="276 381 369 406" STYLE_REF="10">prosecute</W>
			<W BOX="380 381 414 406" STYLE_REF="10">her</W>
			<W BOX="425 381 493 406" STYLE_REF="10">studies</W>
			<W BOX="504 381 524 406" STYLE_REF="10">in</W>
			<W BOX="534 381 565 406" STYLE_REF="10">the</W>
			<W BOX="575 381 635 406" STYLE_REF="10">Royal</W>
			<Q BOX="642 382 694 407" STYLE_REF="10" QID="17">Hosp</Q>
			<q BOX="695 381 728 406" STYLE_REF="10" QID="17">ital</q>
			<QW QID="17">Hospital</QW>
			<W BOX="739 381 758 406" STYLE_REF="10">of</W>
		</Primitive>
		<Primitive BOX="24 403 811 451" ID="Ar0210006" SEQ_NO="6" TOC_ENTRY_ID="13" DEPTH_LEVEL="1">
			<L BOX="73 403 757 429"/>
			<W BOX="73 403 135 428" STYLE_REF="10" NS="y">Berlin</W>
			<W BOX="137 404 142 429" STYLE_REF="10">,</W>
			<W BOX="148 403 194 428" STYLE_REF="10">with</W>
			<W BOX="199 403 230 428" STYLE_REF="10">the</W>
			<W BOX="236 403 314 428" STYLE_REF="10">promise</W>
			<W BOX="319 403 336 428" STYLE_REF="10">of</W>
			<W BOX="345 403 376 428" STYLE_REF="10">the</W>
			<W BOX="384 404 436 429" STYLE_REF="10">freest</W>
			<W BOX="447 404 545 429" STYLE_REF="10">admission</W>
			<W BOX="553 404 572 429" STYLE_REF="10">to</W>
			<W BOX="581 404 636 429" STYLE_REF="10">every</W>
			<W BOX="644 403 757 428" STYLE_REF="10">department</W>
			<L BOX="73 426 758 451"/>
			<W BOX="73 426 90 451" STYLE_REF="10">of</W>
			<W BOX="98 426 138 451" STYLE_REF="10">that</W>
			<W BOX="146 426 253 451" STYLE_REF="10" NS="y">Institution</W>
			<W BOX="255 426 259 451" STYLE_REF="10">,</W>
			<W BOX="268 426 306 451" STYLE_REF="10">was</W>
			<W BOX="312 426 406 451" STYLE_REF="10">addressed</W>
			<W BOX="418 426 438 451" STYLE_REF="10">to</W>
			<W BOX="448 426 481 451" STYLE_REF="10" NS="y">her</W>
			<W BOX="482 426 487 451" STYLE_REF="10">,</W>
			<W BOX="498 426 517 451" STYLE_REF="10">in</W>
			<W BOX="525 426 581 451" STYLE_REF="10">terms</W>
			<W BOX="588 426 693 451" STYLE_REF="10">expressive</W>
			<W BOX="702 426 718 451" STYLE_REF="10">of</W>
			<W BOX="726 426 758 451" STYLE_REF="10">the</W>
		</Primitive>
		<Primitive BOX="24 447 811 497" ID="Ar0210007" SEQ_NO="7" TOC_ENTRY_ID="13" DEPTH_LEVEL="1">
			<L BOX="72 447 758 474"/>
			<W BOX="72 448 157 473" STYLE_REF="10">warmest</W>
			<W BOX="169 448 287 473" STYLE_REF="10">approbation</W>
			<W BOX="299 448 316 473" STYLE_REF="10">of</W>
			<W BOX="327 448 359 473" STYLE_REF="10">her</W>
			<W BOX="371 448 435 473" STYLE_REF="10" NS="y">course</W>
			<W BOX="436 448 441 473" STYLE_REF="10">,</W>
			<Q BOX="451 448 464 473" STYLE_REF="10" QID="18">b</Q>
			<q BOX="464 449 477 474" STYLE_REF="10" QID="18">y</q>
			<QW QID="18">by</QW>
			<W BOX="486 449 518 474" STYLE_REF="10">the</W>
			<Q BOX="530 449 589 474" STYLE_REF="10" QID="19">princi</Q>
			<Q BOX="589 447 599 474" STYLE_REF="2" QID="19">p</Q>
			<Q BOX="602 448 613 473" STYLE_REF="10" QID="19">a</Q>
			<q BOX="612 447 618 474" STYLE_REF="2" QID="19">l</q>
			<QW QID="19">principal</QW>
			<Q BOX="629 447 656 474" STYLE_REF="2" QID="20">Ph</Q>
			<q BOX="658 449 727 474" STYLE_REF="10" QID="20">ysician</q>
			<QW QID="20">Physician</QW>
			<W BOX="740 449 758 474" STYLE_REF="10">of</W>
			<L BOX="72 471 759 497"/>
			<W BOX="72 471 111 496" STYLE_REF="10">that</W>
			<W BOX="119 471 227 496" STYLE_REF="10" NS="y">Institution</W>
			<W BOX="232 471 237 496" STYLE_REF="10">;</W>
			<W BOX="249 471 272 496" STYLE_REF="10">an</W>
			<W BOX="283 471 380 496" STYLE_REF="10" NS="y">invitation</W>
			<W BOX="382 472 386 497" STYLE_REF="10">,</W>
			<W BOX="399 471 484 496" STYLE_REF="10" NS="y">however</W>
			<W BOX="485 472 490 497" STYLE_REF="10">,</W>
			<W BOX="501 471 518 496" STYLE_REF="10">of</W>
			<W BOX="530 471 590 496" STYLE_REF="10">which</W>
			<W BOX="600 471 632 496" STYLE_REF="10">she</W>
			<W BOX="644 471 682 496" STYLE_REF="10">was</W>
			<Q BOX="692 471 747 496" STYLE_REF="10" QID="21">unabl</Q>
			<q BOX="748 471 759 496" STYLE_REF="10" QID="21">e</q>
			<QW QID="21">unable</QW>
		</Primitive>
		<Primitive BOX="24 494 811 542" ID="Ar0210008" SEQ_NO="8" TOC_ENTRY_ID="13" DEPTH_LEVEL="1">
			<L BOX="72 494 231 519"/>
			<W BOX="72 494 91 519" STYLE_REF="10">to</W>
			<W BOX="99 494 147 519" STYLE_REF="10">avail</W>
			<W BOX="155 494 224 519" STYLE_REF="10" NS="y">herself</W>
			<W BOX="224 494 231 519" STYLE_REF="10">.</W>
			<L BOX="95 514 758 542"/>
			<W BOX="95 517 169 542" STYLE_REF="10">Having</W>
			<Q BOX="178 517 238 542" STYLE_REF="10" QID="22">alread</Q>
			<q BOX="240 514 253 542" STYLE_REF="4" NS="y" QID="22">y</q>
			<QW QID="22">already</QW>
			<W BOX="253 514 259 542" STYLE_REF="4">,</W>
			<Q BOX="269 517 282 542" STYLE_REF="10" QID="23">b</Q>
			<q BOX="282 517 295 542" STYLE_REF="10" QID="23">y</q>
			<QW QID="23">by</QW>
			<W BOX="304 516 337 541" STYLE_REF="10">her</W>
			<W BOX="347 516 433 541" STYLE_REF="10">previous</W>
			<W BOX="445 516 506 541" STYLE_REF="10" NS="y">efforts</W>
			<W BOX="508 517 513 542" STYLE_REF="10">,</W>
			<Q BOX="527 517 585 542" STYLE_REF="10" QID="24">broug</Q>
			<q BOX="585 516 605 541" STYLE_REF="10" QID="24">ht</q>
			<QW QID="24">brought</QW>
			<W BOX="616 516 649 541" STYLE_REF="10">the</W>
			<W BOX="658 517 722 542" STYLE_REF="10">subject</W>
			<W BOX="740 517 758 542" STYLE_REF="10">of</W>
		</Primitive>
		<Primitive BOX="24 539 811 588" ID="Ar0210009" SEQ_NO="9" TOC_ENTRY_ID="13" DEPTH_LEVEL="1">
			<L BOX="71 539 757 566"/>
			<W BOX="71 539 144 564" STYLE_REF="10">Female</W>
			<Q BOX="152 539 178 564" STYLE_REF="10" QID="25">Ph</Q>
			<q BOX="179 539 260 564" STYLE_REF="10" QID="25">ysicians</q>
			<QW QID="25">Physicians</QW>
			<W BOX="267 539 293 564" STYLE_REF="10">for</W>
			<W BOX="303 539 378 564" STYLE_REF="10">Women</W>
			<W BOX="386 539 422 564" STYLE_REF="10">and</W>
			<W BOX="430 539 516 564" STYLE_REF="10">Children</W>
			<Q BOX="525 539 636 564" STYLE_REF="10" QID="26">prominentl</Q>
			<q BOX="636 541 648 566" STYLE_REF="10" QID="26">y</q>
			<QW QID="26">prominently</QW>
			<W BOX="656 540 717 565" STYLE_REF="10">before</W>
			<W BOX="726 540 757 565" STYLE_REF="10">the</W>
			<L BOX="71 562 758 588"/>
			<W BOX="71 562 134 587" STYLE_REF="10">public</W>
			<W BOX="147 562 164 587" STYLE_REF="10">of</W>
			<W BOX="178 562 210 587" STYLE_REF="10">the</W>
			<W BOX="223 562 292 587" STYLE_REF="10">United</W>
			<W BOX="308 562 366 587" STYLE_REF="10" NS="y">States</W>
			<W BOX="367 562 372 587" STYLE_REF="10">,</W>
			<W BOX="386 562 418 587" STYLE_REF="10">she</W>
			<W BOX="429 562 517 587" STYLE_REF="10">regarded</W>
			<W BOX="529 562 569 587" STYLE_REF="10">that</W>
			<W BOX="582 562 659 587" STYLE_REF="10">country</W>
			<W BOX="671 563 690 588" STYLE_REF="10">as</W>
			<W BOX="702 563 758 588" STYLE_REF="10">being</W>
		</Primitive>
		<Primitive BOX="24 584 811 634" ID="Ar0210010" SEQ_NO="10" TOC_ENTRY_ID="13" DEPTH_LEVEL="1">
			<L BOX="70 584 758 611"/>
			<Q BOX="70 584 145 610" STYLE_REF="10" QID="27">probabl</Q>
			<q BOX="146 586 159 611" STYLE_REF="10" QID="27">y</q>
			<QW QID="27">probably</QW>
			<W BOX="171 584 230 610" STYLE_REF="10">better</W>
			<W BOX="244 584 331 610" STYLE_REF="10">prepared</W>
			<W BOX="345 584 388 610" STYLE_REF="10">than</W>
			<W BOX="401 584 434 610" STYLE_REF="10">her</W>
			<W BOX="445 584 508 610" STYLE_REF="10">native</W>
			<W BOX="520 584 562 610" STYLE_REF="10">land</W>
			<W BOX="573 584 592 610" STYLE_REF="10">to</W>
			<W BOX="602 585 677 610" STYLE_REF="10">support</W>
			<W BOX="689 585 699 610" STYLE_REF="10">a</W>
			<Q BOX="707 585 736 610" STYLE_REF="10" QID="28">lad</Q>
			<Q BOX="737 585 750 610" STYLE_REF="10" QID="28">y</Q>
			<Q BOX="750 585 758 610" STYLE_REF="10" QID="28">-</Q>
			<L BOX="71 607 758 634"/>
			<q BOX="71 607 133 632" STYLE_REF="10" NS="y" QID="28">doctor</q>
			<QW QID="28">ladydoctor</QW>
			<W BOX="133 607 139 632" STYLE_REF="10">.</W>
			<W BOX="165 607 200 632" STYLE_REF="10">She</W>
			<W BOX="209 607 247 632" STYLE_REF="10">also</W>
			<W BOX="254 607 309 632" STYLE_REF="10">knew</W>
			<W BOX="318 607 357 632" STYLE_REF="10">that</W>
			<W BOX="367 607 401 632" STYLE_REF="10">her</W>
			<Q BOX="412 607 473 632" STYLE_REF="10" QID="29">examp</Q>
			<q BOX="475 607 493 632" STYLE_REF="10" QID="29">le</q>
			<QW QID="29">example</QW>
			<W BOX="502 607 538 632" STYLE_REF="10">had</W>
			<Q BOX="549 607 608 632" STYLE_REF="10" QID="30">alread</Q>
			<q BOX="608 608 622 634" STYLE_REF="10" QID="30">y</q>
			<QW QID="30">already</QW>
			<W BOX="634 607 664 632" STYLE_REF="10">led</W>
			<W BOX="675 607 729 632" STYLE_REF="10">many</W>
			<W BOX="740 608 758 633" STYLE_REF="10">of</W>
		</Primitive>
		<Primitive BOX="24 630 811 678" ID="Ar0210011" SEQ_NO="11" TOC_ENTRY_ID="13" DEPTH_LEVEL="1">
			<L BOX="70 630 758 656"/>
			<W BOX="70 630 102 655" STYLE_REF="10">her</W>
			<W BOX="110 630 152 655" STYLE_REF="10">own</W>
			<W BOX="159 630 190 655" STYLE_REF="10">sex</W>
			<W BOX="198 630 218 655" STYLE_REF="10">in</W>
			<W BOX="227 630 258 655" STYLE_REF="10">the</W>
			<W BOX="266 630 334 655" STYLE_REF="10">United</W>
			<W BOX="342 630 399 655" STYLE_REF="10">States</W>
			<W BOX="412 630 430 655" STYLE_REF="10">to</W>
			<W BOX="441 630 493 655" STYLE_REF="10">enter</W>
			<W BOX="503 630 551 655" STYLE_REF="10">upon</W>
			<W BOX="561 630 592 655" STYLE_REF="10">the</W>
			<Q BOX="604 630 646 655" STYLE_REF="10" QID="31">stud</Q>
			<q BOX="646 631 659 656" STYLE_REF="10" QID="31">y</q>
			<QW QID="31">study</QW>
			<W BOX="672 631 689 656" STYLE_REF="10">of</W>
			<Q BOX="702 631 750 656" STYLE_REF="10" QID="32">medi</Q>
			<Q BOX="750 631 758 656" STYLE_REF="10" QID="32">-</Q>
			<L BOX="70 652 755 678"/>
			<q BOX="70 653 110 678" STYLE_REF="10" QID="32">cine</q>
			<QW QID="32">medicine</QW>
			<W BOX="116 653 121 678" STYLE_REF="10">;</W>
			<W BOX="134 652 168 677" STYLE_REF="10">and</W>
			<W BOX="178 652 282 677" STYLE_REF="10">considered</W>
			<W BOX="292 652 307 677" STYLE_REF="10">it</W>
			<W BOX="315 652 334 677" STYLE_REF="10">as</W>
			<W BOX="342 652 448 677" STYLE_REF="10">incumbent</W>
			<W BOX="458 652 482 677" STYLE_REF="10">on</W>
			<W BOX="490 652 523 677" STYLE_REF="10">her</W>
			<W BOX="530 652 549 677" STYLE_REF="10">to</W>
			<W BOX="557 652 611 677" STYLE_REF="10">afford</W>
			<W BOX="622 652 647 677" STYLE_REF="10">all</W>
			<W BOX="656 652 688 677" STYLE_REF="10">the</W>
			<W BOX="696 653 725 678" STYLE_REF="10">aid</W>
			<W BOX="734 653 755 678" STYLE_REF="10">in</W>
		</Primitive>
		<Primitive BOX="24 675 811 723" ID="Ar0210012" SEQ_NO="12" TOC_ENTRY_ID="13" DEPTH_LEVEL="1">
			<L BOX="69 675 756 701"/>
			<W BOX="69 676 102 701" STYLE_REF="10">her</W>
			<W BOX="110 676 172 701" STYLE_REF="10">power</W>
			<W BOX="179 675 198 700" STYLE_REF="10">to</W>
			<W BOX="206 675 258 700" STYLE_REF="10">those</W>
			<W BOX="266 675 308 700" STYLE_REF="10">who</W>
			<W BOX="316 675 363 700" STYLE_REF="10">were</W>
			<W BOX="370 675 415 700" STYLE_REF="10">thus</W>
			<Q BOX="422 675 505 700" STYLE_REF="10" QID="33">preparin</Q>
			<q BOX="506 676 518 701" STYLE_REF="10" QID="33">g</q>
			<QW QID="33">preparing</QW>
			<W BOX="528 676 547 701" STYLE_REF="10">to</W>
			<W BOX="556 675 618 700" STYLE_REF="10">follow</W>
			<W BOX="628 675 648 700" STYLE_REF="10">in</W>
			<W BOX="659 676 693 701" STYLE_REF="10">her</W>
			<W BOX="701 676 730 701" STYLE_REF="10" NS="y">stej</W>
			<W BOX="733 676 741 701" STYLE_REF="10" NS="y">)</W>
			<W BOX="741 676 750 701" STYLE_REF="10" NS="y">s</W>
			<W BOX="750 676 756 701" STYLE_REF="10">.</W>
			<L BOX="70 698 771 723"/>
			<W BOX="70 698 106 723" STYLE_REF="10">She</W>
			<W BOX="114 698 204 723" STYLE_REF="10" NS="y">therefore</W>
			<W BOX="205 698 210 723" STYLE_REF="10">,</W>
			<W BOX="216 698 239 723" STYLE_REF="10">on</W>
			<W BOX="245 698 277 723" STYLE_REF="10">the</W>
			<W BOX="285 698 387 723" STYLE_REF="10">conclusion</W>
			<W BOX="397 698 414 723" STYLE_REF="10">of</W>
			<W BOX="423 698 455 723" STYLE_REF="10">her</W>
			<W BOX="463 698 532 723" STYLE_REF="10">studies</W>
			<W BOX="540 698 559 723" STYLE_REF="10">in</W>
			<W BOX="568 698 644 723" STYLE_REF="10" NS="y">London</W>
			<W BOX="646 698 650 723" STYLE_REF="10">,</W>
			<Q BOX="658 698 674 723" STYLE_REF="10" QID="34">w</Q>
			<q BOX="675 698 754 723" STYLE_REF="10" QID="34">ithstood</q>
			<QW QID="34">withstood</QW>
			<Q BOX="767 698 771 723" STYLE_REF="10" QID="35">-</Q>
		</Primitive>
		<Primitive BOX="24 720 811 769" ID="Ar0210013" SEQ_NO="13" TOC_ENTRY_ID="13" DEPTH_LEVEL="1">
			<L BOX="68 720 756 746"/>
			<q BOX="68 721 100 746" STYLE_REF="10" QID="35">the</q>
			<QW QID="35">the</QW>
			<W BOX="108 720 165 745" STYLE_REF="10">efforts</W>
			<W BOX="176 720 193 745" STYLE_REF="10">of</W>
			<Q BOX="202 720 229 745" STYLE_REF="10" QID="36">rel</Q>
			<q BOX="230 720 288 745" STYLE_REF="10" QID="36">atives</q>
			<QW QID="36">relatives</QW>
			<W BOX="296 720 331 745" STYLE_REF="10">and</W>
			<W BOX="339 720 407 745" STYLE_REF="10">friends</W>
			<W BOX="417 720 459 745" STYLE_REF="10">who</W>
			<W BOX="464 720 521 745" STYLE_REF="10">urged</W>
			<W BOX="529 720 562 745" STYLE_REF="10">her</W>
			<W BOX="568 720 587 745" STYLE_REF="10">to</W>
			<W BOX="594 720 679 745" STYLE_REF="10">establish</W>
			<W BOX="688 721 756 746" STYLE_REF="10">herself</W>
			<L BOX="69 741 754 769"/>
			<W BOX="69 743 88 768" STYLE_REF="10">in</W>
			<W BOX="97 743 137 768" STYLE_REF="10">that</W>
			<Q BOX="145 743 170 768" STYLE_REF="10" QID="37">cit</Q>
			<q BOX="170 741 184 769" STYLE_REF="4" NS="y" QID="37">y</q>
			<QW QID="37">city</QW>
			<W BOX="184 741 190 769" STYLE_REF="4">,</W>
			<W BOX="197 742 233 767" STYLE_REF="10">and</W>
			<Q BOX="241 742 280 767" STYLE_REF="10" QID="38">retu</Q>
			<q BOX="281 742 326 767" STYLE_REF="10" NS="y" QID="38">rned</q>
			<QW QID="38">returned</QW>
			<W BOX="328 743 332 768" STYLE_REF="10">,</W>
			<W BOX="342 742 361 767" STYLE_REF="10">in</W>
			<W BOX="370 742 416 767" STYLE_REF="10" NS="y">1851</W>
			<W BOX="417 743 422 768" STYLE_REF="10">,</W>
			<W BOX="428 743 446 768" STYLE_REF="10">to</W>
			<W BOX="451 743 499 768" STYLE_REF="10">New</W>
			<Q BOX="503 743 530 768" STYLE_REF="10" QID="39">Yo</Q>
			<q BOX="530 743 551 768" STYLE_REF="10" NS="y" QID="39">rk</q>
			<QW QID="39">York</QW>
			<W BOX="552 743 557 768" STYLE_REF="10">.</W>
			<W BOX="578 743 600 768" STYLE_REF="10">In</W>
			<W BOX="608 743 618 768" STYLE_REF="10">a</W>
			<W BOX="626 743 680 768" STYLE_REF="10" NS="y">letter</W>
			<W BOX="682 743 687 769" STYLE_REF="10">,</W>
			<W BOX="694 744 754 769" STYLE_REF="10">begun</W>
		</Primitive>
		<Primitive BOX="24 762 811 824" ID="Ar0210014" SEQ_NO="14" TOC_ENTRY_ID="13" DEPTH_LEVEL="1">
			<L BOX="67 762 536 791"/>
			<Q BOX="67 765 75 791" STYLE_REF="2" QID="40">t</Q>
			<Q BOX="76 766 87 791" STYLE_REF="10" QID="40">o</Q>
			<Q BOX="88 765 105 791" STYLE_REF="2" QID="40">w</Q>
			<Q BOX="103 766 123 791" STYLE_REF="10" QID="40">ar</Q>
			<q BOX="123 765 144 791" STYLE_REF="2" QID="40">ds</q>
			<QW QID="40">towards</QW>
			<W BOX="153 765 182 791" STYLE_REF="2">the</W>
			<Q BOX="192 765 203 791" STYLE_REF="2" QID="41">e</Q>
			<Q BOX="203 766 215 791" STYLE_REF="10" QID="41">n</Q>
			<q BOX="216 765 226 791" STYLE_REF="2" QID="41">d</q>
			<QW QID="41">end</QW>
			<W BOX="236 762 248 789" STYLE_REF="2">of</W>
			<Q BOX="261 764 284 791" STYLE_REF="2" QID="42">he</Q>
			<q BOX="284 766 293 791" STYLE_REF="10" QID="42">r</q>
			<QW QID="42">her</QW>
			<Q BOX="300 764 339 791" STYLE_REF="2" QID="43">voy</Q>
			<Q BOX="337 766 348 791" STYLE_REF="10" QID="43">a</Q>
			<q BOX="348 765 369 791" STYLE_REF="2" QID="43">ge</q>
			<QW QID="43">voyage</QW>
			<Q BOX="377 766 401 791" STYLE_REF="10" QID="44">ou</Q>
			<q BOX="402 764 410 791" STYLE_REF="2" NS="y" QID="44">t</q>
			<QW QID="44">out</QW>
			<W BOX="411 766 416 791" STYLE_REF="10">,</W>
			<W BOX="425 766 457 791" STYLE_REF="10">she</W>
			<W BOX="465 766 508 791" STYLE_REF="10" NS="y">says</W>
			<W BOX="508 766 514 791" STYLE_REF="10" NS="y">,</W>
			<W BOX="513 766 536 791" STYLE_REF="10" LH="y">�</W>
			<L BOX="91 797 754 824" P="S"/>
			<W BOX="91 799 100 824" STYLE_REF="10">"</W>
			<W BOX="106 797 114 822" STYLE_REF="10">I</W>
			<W BOX="122 797 213 822" STYLE_REF="10">commence</W>
			<W BOX="219 797 247 822" STYLE_REF="10">my</W>
			<W BOX="254 797 300 822" STYLE_REF="10">letter</W>
			<Q BOX="307 797 343 822" STYLE_REF="10" QID="45">now</Q>
			<q BOX="356 797 379 822" STYLE_REF="10" QID="45">for</q>
			<QW QID="45">nowfor</QW>
			<W BOX="387 797 395 822" STYLE_REF="10">I</W>
			<W BOX="403 797 443 822" STYLE_REF="10">have</W>
			<W BOX="452 797 486 822" STYLE_REF="10">just</W>
			<W BOX="496 797 557 822" STYLE_REF="10">learned</W>
			<W BOX="566 797 593 822" STYLE_REF="10">the</W>
			<W BOX="600 797 660 822" STYLE_REF="10">blessed</W>
			<W BOX="668 797 712 822" STYLE_REF="10">news</W>
			<W BOX="718 798 754 823" STYLE_REF="10">that</W>
		</Primitive>
		<Primitive BOX="24 815 811 877" ID="Ar0210015" SEQ_NO="15" TOC_ENTRY_ID="13" DEPTH_LEVEL="1">
			<L BOX="68 797 753 841"/>
			<W BOX="68 815 93 840" STYLE_REF="10">we</W>
			<W BOX="99 815 140 840" STYLE_REF="10">shall</W>
			<Q BOX="147 815 186 840" STYLE_REF="10" QID="46">prob</Q>
			<Q BOX="186 815 213 840" STYLE_REF="10" QID="46">abl</Q>
			<q BOX="213 815 224 840" STYLE_REF="10" QID="46">y</q>
			<QW QID="46">probably</QW>
			<W BOX="232 815 276 840" STYLE_REF="10">reach</W>
			<W BOX="288 815 328 840" STYLE_REF="10">New</W>
			<W BOX="335 815 359 840" STYLE_REF="10">Yo</W>
			<W BOX="344 797 349 822" STYLE_REF="10">,</W>
			<W BOX="359 815 377 840" STYLE_REF="10">rk</W>
			<Q BOX="385 815 401 840" STYLE_REF="10" QID="47">to</Q>
			<Q BOX="401 815 409 840" STYLE_REF="10" LH="y" QID="47">-</Q>
			<q BOX="409 815 476 840" STYLE_REF="10" NS="y" QID="47">morrow</q>
			<QW QID="47">to-morrow</QW>
			<W BOX="481 815 486 840" STYLE_REF="10">;</W>
			<W BOX="497 815 536 840" STYLE_REF="10">such</W>
			<W BOX="543 815 616 840" STYLE_REF="10">welcome</W>
			<W BOX="625 815 669 840" STYLE_REF="10" NS="y">news</W>
			<W BOX="668 816 673 841" STYLE_REF="10">,</W>
			<W BOX="680 816 703 841" STYLE_REF="10">for</W>
			<W BOX="711 816 719 841" STYLE_REF="10">I</W>
			<W BOX="727 816 753 841" STYLE_REF="10">am</W>
			<L BOX="68 833 754 877"/>
			<W BOX="68 851 105 876" STYLE_REF="10">once</W>
			<W BOX="68 833 86 858" STYLE_REF="10">so</W>
			<W BOX="93 833 160 858" STYLE_REF="10">intensel</W>
			<W BOX="113 851 156 876" STYLE_REF="10">more</W>
			<W BOX="160 833 171 858" STYLE_REF="10">y</W>
			<W BOX="163 851 181 876" STYLE_REF="10">on</W>
			<W BOX="179 833 232 858" STYLE_REF="10">weary</W>
			<W BOX="191 851 221 876" STYLE_REF="10">dry</W>
			<W BOX="228 851 264 876" STYLE_REF="10">land</W>
			<W BOX="242 833 257 858" STYLE_REF="10">of</W>
			<W BOX="266 833 295 858" STYLE_REF="10">the</W>
			<W BOX="301 833 361 858" STYLE_REF="10">voyage</W>
			<W BOX="346 851 363 876" STYLE_REF="10">M</W>
			<W BOX="361 833 366 859" STYLE_REF="10">,</W>
			<W BOX="363 851 374 876" STYLE_REF="10">y</W>
			<W BOX="378 833 409 858" STYLE_REF="10">and</W>
			<W BOX="382 851 423 876" STYLE_REF="10">chief</W>
			<W BOX="421 833 478 858" STYLE_REF="10">cannot</W>
			<Q BOX="432 851 443 876" STYLE_REF="10" QID="48">p</Q>
			<q BOX="443 851 505 876" STYLE_REF="10" QID="48">leasure</q>
			<QW QID="48">pleasure</QW>
			<W BOX="490 833 552 858" STYLE_REF="10">express</W>
			<W BOX="512 851 532 876" STYLE_REF="10">on</W>
			<W BOX="539 851 586 876" STYLE_REF="10">board</W>
			<W BOX="563 833 591 858" STYLE_REF="10">my</W>
			<W BOX="593 851 622 876" STYLE_REF="10">has</W>
			<W BOX="600 833 695 858" STYLE_REF="10">impatience</W>
			<W BOX="630 851 669 876" STYLE_REF="10">been</W>
			<W BOX="677 851 694 876" STYLE_REF="10">to</W>
			<W BOX="700 852 752 877" STYLE_REF="10">watch</W>
			<W BOX="706 834 723 859" STYLE_REF="10">to</W>
			<W BOX="734 834 754 859" STYLE_REF="10">be</W>
		</Primitive>
		<Primitive BOX="24 869 811 949" ID="Ar0210016" SEQ_NO="16" TOC_ENTRY_ID="13" DEPTH_LEVEL="1">
			<L BOX="68 869 752 913"/>
			<W BOX="68 887 152 912" STYLE_REF="10">American</W>
			<W BOX="68 869 96 894" STYLE_REF="10">the</W>
			<W BOX="107 869 170 894" STYLE_REF="10">sunsets</W>
			<W BOX="158 887 175 912" STYLE_REF="10">sh</W>
			<W BOX="170 870 175 895" STYLE_REF="10">,</W>
			<W BOX="177 887 202 912" STYLE_REF="10">ore</W>
			<W BOX="186 869 238 894" STYLE_REF="10">which</W>
			<W BOX="202 887 207 912" STYLE_REF="10">.</W>
			<W BOX="225 887 234 912" STYLE_REF="10">I</W>
			<W BOX="241 887 280 912" STYLE_REF="10">have</W>
			<W BOX="251 869 304 894" STYLE_REF="10">becom</W>
			<W BOX="287 887 333 912" STYLE_REF="10">never</W>
			<W BOX="305 869 313 894" STYLE_REF="10">e</W>
			<W BOX="327 869 370 894" STYLE_REF="10">more</W>
			<W BOX="342 886 376 912" STYLE_REF="10">seen</W>
			<W BOX="384 869 415 894" STYLE_REF="10">and</W>
			<W BOX="384 886 463 912" STYLE_REF="10">anything</W>
			<W BOX="429 869 472 894" STYLE_REF="10">more</W>
			<W BOX="469 886 513 912" STYLE_REF="10">more</W>
			<W BOX="483 869 557 894" STYLE_REF="10">gorgeous</W>
			<W BOX="519 886 594 912" STYLE_REF="10">beautiful</W>
			<W BOX="571 869 587 894" STYLE_REF="10">as</W>
			<W BOX="601 869 625 894" STYLE_REF="10">we</W>
			<Q BOX="602 886 620 912" STYLE_REF="10" QID="49">th</Q>
			<q BOX="621 886 642 912" STYLE_REF="10" QID="49">an</q>
			<QW QID="49">than</QW>
			<W BOX="636 869 648 894" STYLE_REF="10" M="2 * ">_aj</W>
			<W BOX="650 886 678 912" STYLE_REF="10">the</W>
			<W BOX="650 869 659 894" STYLE_REF="10" NS="y" M="1 * ">_^</W>
			<W BOX="659 869 715 894" STYLE_REF="10">proach</W>
			<Q BOX="684 886 704 912" STYLE_REF="10" QID="50">sk</Q>
			<q BOX="703 888 714 913" STYLE_REF="10" QID="50">y</q>
			<QW QID="50">sky</QW>
			<W BOX="721 888 752 913" STYLE_REF="10">last</W>
			<W BOX="724 870 751 895" STYLE_REF="10">the</W>
			<L BOX="68 904 752 949"/>
			<W BOX="68 905 135 930" STYLE_REF="10">evening</W>
			<W BOX="68 923 122 948" STYLE_REF="10">sunset</W>
			<W BOX="129 923 205 948" STYLE_REF="10">transfigu</W>
			<W BOX="135 905 141 930" STYLE_REF="10">,</W>
			<W BOX="148 905 193 930" STYLE_REF="10">when</W>
			<W BOX="200 905 209 930" STYLE_REF="10">a</W>
			<W BOX="207 923 234 948" STYLE_REF="10">red</W>
			<W BOX="217 905 320 930" STYLE_REF="10">magnificent</W>
			<W BOX="241 923 268 948" STYLE_REF="10">the</W>
			<W BOX="274 923 314 948" STYLE_REF="10" NS="y">west</W>
			<W BOX="314 923 320 948" STYLE_REF="10">.</W>
			<W BOX="328 904 397 930" STYLE_REF="10">rainbow</W>
			<W BOX="335 923 366 948" STYLE_REF="10">But</W>
			<W BOX="375 923 402 948" STYLE_REF="10">the</W>
			<W BOX="404 904 445 930" STYLE_REF="10">filled</W>
			<W BOX="409 923 458 948" STYLE_REF="10">thoug</W>
			<W BOX="454 904 482 930" STYLE_REF="10">the</W>
			<W BOX="457 922 476 947" STYLE_REF="10">ht</W>
			<W BOX="484 922 499 947" STYLE_REF="10">of</W>
			<W BOX="489 904 549 930" STYLE_REF="10">eastern</W>
			<W BOX="506 922 542 947" STYLE_REF="10">how</W>
			<W BOX="549 922 572 947" STYLE_REF="10">far</W>
			<W BOX="558 904 626 930" STYLE_REF="10">heavens</W>
			<W BOX="585 923 621 948" STYLE_REF="10">how</W>
			<W BOX="627 906 631 931" STYLE_REF="10">,</W>
			<W BOX="640 905 687 930" STYLE_REF="10">while</W>
			<W BOX="674 923 697 948" STYLE_REF="10">far</W>
			<W BOX="694 905 703 930" STYLE_REF="10">a</W>
			<W BOX="710 923 718 949" STYLE_REF="10">I</W>
			<W BOX="710 905 752 930" STYLE_REF="10">regal</W>
			<W BOX="725 923 751 949" STYLE_REF="10">am</W>
		</Primitive>
		<Primitive BOX="24 940 811 1003" ID="Ar0210017" SEQ_NO="17" TOC_ENTRY_ID="13" DEPTH_LEVEL="1">
			<L BOX="67 923 750 967"/>
			<W BOX="67 941 114 967" STYLE_REF="10">going</W>
			<W BOX="124 941 162 966" STYLE_REF="10">from</W>
			<W BOX="175 941 202 966" STYLE_REF="10">the</W>
			<Q BOX="212 941 250 966" STYLE_REF="10" QID="51">nobl</Q>
			<q BOX="251 941 259 966" STYLE_REF="10" QID="51">e</q>
			<QW QID="51">noble</QW>
			<W BOX="266 941 296 966" STYLE_REF="10">Old</W>
			<Q BOX="304 941 348 966" STYLE_REF="10" QID="52">Worl</Q>
			<q BOX="350 941 359 966" STYLE_REF="10" QID="52">d</q>
			<QW QID="52">World</QW>
			<W BOX="367 941 382 966" STYLE_REF="10">of</W>
			<W BOX="389 941 418 966" STYLE_REF="10">my</W>
			<Q BOX="428 941 438 966" STYLE_REF="10" QID="53">g</Q>
			<q BOX="438 941 498 966" STYLE_REF="10" NS="y" QID="53">irlhood</q>
			<QW QID="53">girlhood</QW>
			<W BOX="501 941 505 966" STYLE_REF="10">,</W>
			<W BOX="515 940 547 965" STYLE_REF="10">and</W>
			<W BOX="557 940 587 965" STYLE_REF="13">my</W>
			<W BOX="573 923 578 948" STYLE_REF="10">,</W>
			<W BOX="596 941 632 966" STYLE_REF="10">dear</W>
			<W BOX="627 923 667 948" STYLE_REF="10">very</W>
			<W BOX="643 941 682 966" STYLE_REF="10">kind</W>
			<W BOX="694 941 750 966" STYLE_REF="10">friends</W>
			<W BOX="698 924 703 949" STYLE_REF="10">,</W>
			<L BOX="67 958 753 1003"/>
			<W BOX="67 977 114 1002" STYLE_REF="10">hours</W>
			<W BOX="67 959 110 984" STYLE_REF="10" NS="y">there</W>
			<W BOX="111 960 115 985" STYLE_REF="10">,</W>
			<W BOX="124 977 187 1002" STYLE_REF="10">looking</W>
			<W BOX="126 959 154 984" STYLE_REF="10">has</W>
			<W BOX="164 959 203 984" STYLE_REF="10">been</W>
			<W BOX="195 977 223 1002" STYLE_REF="10">out</W>
			<W BOX="213 959 290 984" STYLE_REF="10">pursuing</W>
			<W BOX="231 977 272 1002" STYLE_REF="10">upon</W>
			<W BOX="283 977 310 1002" STYLE_REF="10">the</W>
			<W BOX="300 959 326 984" STYLE_REF="10">me</W>
			<W BOX="320 977 373 1002" STYLE_REF="10">dreary</W>
			<Q BOX="337 959 370 984" STYLE_REF="10" QID="54">sadl</Q>
			<q BOX="370 959 381 984" STYLE_REF="10" QID="54">y</q>
			<QW QID="54">sadly</QW>
			<W BOX="382 976 429 1002" STYLE_REF="10">ocean</W>
			<W BOX="392 959 448 984" STYLE_REF="10">throug</W>
			<W BOX="430 976 434 1002" STYLE_REF="10">.</W>
			<W BOX="448 958 460 983" STYLE_REF="10">h</W>
			<W BOX="452 976 485 1002" STYLE_REF="10">Lad</W>
			<W BOX="470 958 499 983" STYLE_REF="10">the</W>
			<W BOX="485 977 497 1002" STYLE_REF="10">y</W>
			<W BOX="504 969 506 994" STYLE_REF="10">�</W>
			<W BOX="505 958 565 983" STYLE_REF="10">voyage</W>
			<W BOX="545 977 552 1002" STYLE_REF="10" NS="y">'</W>
			<W BOX="551 977 559 1002" STYLE_REF="10">s</W>
			<W BOX="565 959 570 984" STYLE_REF="10">,</W>
			<W BOX="570 977 616 1002" STYLE_REF="10">sweet</W>
			<W BOX="580 959 597 984" STYLE_REF="10">as</W>
			<W BOX="604 959 613 984" STYLE_REF="10">I</W>
			<W BOX="620 959 662 984" STYLE_REF="10">have</W>
			<W BOX="623 977 706 1002" STYLE_REF="10">venerable</W>
			<W BOX="673 959 716 984" STYLE_REF="10">stood</W>
			<W BOX="713 977 746 1002" STYLE_REF="10">face</W>
			<W BOX="728 959 751 984" STYLE_REF="10">for</W>
			<W BOX="747 978 753 1003" STYLE_REF="10">,</W>
		</Primitive>
		<Primitive BOX="24 994 811 1074" ID="Ar0210018" SEQ_NO="18" TOC_ENTRY_ID="13" DEPTH_LEVEL="1">
			<L BOX="67 994 753 1038"/>
			<W BOX="67 995 97 1020" STYLE_REF="10">and</W>
			<W BOX="67 1012 138 1037" STYLE_REF="10">haunted</W>
			<W BOX="112 995 148 1020" STYLE_REF="10">dear</W>
			<W BOX="149 1012 175 1037" STYLE_REF="10">me</W>
			<W BOX="185 1012 273 1037" STYLE_REF="10">continuall</W>
			<W BOX="211 995 251 1020" STYLE_REF="10">with</W>
			<W BOX="264 995 292 1020" STYLE_REF="10">her</W>
			<W BOX="274 1013 285 1038" STYLE_REF="10">y</W>
			<Q BOX="304 995 340 1020" STYLE_REF="10" QID="55">poet</Q>
			<Q BOX="340 995 347 1020" STYLE_REF="10" LH="y" QID="55">-</Q>
			<q BOX="347 995 384 1020" STYLE_REF="10" QID="55">eyes</q>
			<QW QID="55">poet-eyes</QW>
			<W BOX="364 1012 388 1037" STYLE_REF="10">On</W>
			<W BOX="384 995 389 1020" STYLE_REF="10">,</W>
			<W BOX="399 1012 465 1037" STYLE_REF="10">landing</W>
			<W BOX="402 994 433 1020" STYLE_REF="10">and</W>
			<W BOX="465 1012 470 1037" STYLE_REF="10">,</W>
			<W BOX="477 1012 485 1037" STYLE_REF="10">I</W>
			<W BOX="489 995 494 1020" STYLE_REF="10">,</W>
			<W BOX="493 1012 539 1037" STYLE_REF="10">break</W>
			<W BOX="506 994 536 1020" STYLE_REF="10">and</W>
			<W BOX="541 1012 590 1037" STYLE_REF="10">fasted</W>
			<W BOX="550 994 568 1020" STYLE_REF="10">so</W>
			<W BOX="581 994 630 1020" STYLE_REF="10">many</W>
			<W BOX="601 1012 617 1037" STYLE_REF="10">at</W>
			<W BOX="629 1012 648 1037" STYLE_REF="10">an</W>
			<W BOX="642 994 694 1020" STYLE_REF="10">others</W>
			<W BOX="659 1012 703 1037" STYLE_REF="10">hotel</W>
			<W BOX="694 995 699 1020" STYLE_REF="10">,</W>
			<W BOX="703 1012 708 1037" STYLE_REF="10">,</W>
			<W BOX="711 995 741 1020" STYLE_REF="10">hav</W>
			<W BOX="719 1013 751 1038" STYLE_REF="10">and</W>
			<W BOX="743 995 753 1020" STYLE_REF="10">e</W>
			<L BOX="66 1030 751 1074"/>
			<W BOX="66 1048 106 1073" STYLE_REF="10">hosp</W>
			<W BOX="66 1030 104 1055" STYLE_REF="10">then</W>
			<W BOX="106 1048 154 1073" STYLE_REF="10">itable</W>
			<W BOX="118 1030 165 1055" STYLE_REF="10">drove</W>
			<W BOX="164 1048 252 1073" STYLE_REF="10">household</W>
			<W BOX="175 1030 192 1055" STYLE_REF="10">to</W>
			<W BOX="202 1030 238 1055" STYLE_REF="10" NS="y">Mrs</W>
			<W BOX="238 1030 243 1055" STYLE_REF="10">.</W>
			<W BOX="250 1030 265 1055" STYLE_REF="10">A</W>
			<W BOX="252 1048 257 1073" STYLE_REF="10">.</W>
			<W BOX="308 1030 315 1055" STYLE_REF="10" NS="y">'</W>
			<W BOX="313 1030 322 1055" STYLE_REF="10" NS="y">s</W>
			<W BOX="321 1031 326 1056" STYLE_REF="10">,</W>
			<W BOX="327 1048 359 1073" STYLE_REF="10">was</W>
			<W BOX="334 1030 385 1055" STYLE_REF="10">where</W>
			<W BOX="370 1048 400 1073" STYLE_REF="10">wai</W>
			<W BOX="392 1030 400 1055" STYLE_REF="10">I</W>
			<W BOX="401 1048 435 1073" STYLE_REF="10">ting</W>
			<W BOX="407 1030 438 1055" STYLE_REF="10">had</W>
			<W BOX="445 1047 468 1073" STYLE_REF="10">for</W>
			<W BOX="446 1030 455 1055" STYLE_REF="10">a</W>
			<W BOX="463 1030 505 1055" STYLE_REF="10">most</W>
			<W BOX="479 1047 505 1073" STYLE_REF="10" NS="y">me</W>
			<W BOX="505 1048 510 1073" STYLE_REF="10">,</W>
			<W BOX="516 1030 573 1055" STYLE_REF="10">cordial</W>
			<W BOX="517 1047 548 1073" STYLE_REF="10">and</W>
			<W BOX="555 1047 594 1073" STYLE_REF="10">with</W>
			<W BOX="581 1030 654 1055" STYLE_REF="10">welcome</W>
			<W BOX="604 1047 632 1073" STYLE_REF="10">her</W>
			<W BOX="644 1047 669 1073" STYLE_REF="10">aid</W>
			<W BOX="664 1030 701 1055" STYLE_REF="10">from</W>
			<W BOX="681 1047 689 1073" STYLE_REF="10">I</W>
			<W BOX="700 1047 737 1073" STYLE_REF="10">foun</W>
			<W BOX="714 1030 750 1055" STYLE_REF="10">that</W>
			<W BOX="739 1049 751 1074" STYLE_REF="10">d</W>
		</Primitive>
		<Primitive BOX="24 1065 811 1145" ID="Ar0210019" SEQ_NO="19" TOC_ENTRY_ID="13" DEPTH_LEVEL="1">
			<L BOX="66 1065 750 1109"/>
			<W BOX="66 1084 81 1109" STYLE_REF="10">of</W>
			<W BOX="66 1066 94 1091" STYLE_REF="10">my</W>
			<W BOX="89 1084 115 1109" STYLE_REF="10">red</W>
			<W BOX="101 1066 164 1091" STYLE_REF="10">present</W>
			<W BOX="122 1083 166 1108" STYLE_REF="10">brick</W>
			<W BOX="171 1066 207 1091" STYLE_REF="10">lodg</W>
			<W BOX="173 1083 230 1108" STYLE_REF="10">houses</W>
			<W BOX="208 1066 244 1091" STYLE_REF="10">ings</W>
			<W BOX="231 1084 235 1109" STYLE_REF="10">,</W>
			<W BOX="242 1083 273 1108" STYLE_REF="10">and</W>
			<W BOX="244 1066 250 1091" STYLE_REF="10">.</W>
			<W BOX="270 1066 312 1091" STYLE_REF="10">How</W>
			<W BOX="281 1083 308 1108" STYLE_REF="10">the</W>
			<W BOX="314 1083 363 1108" STYLE_REF="10">crowd</W>
			<W BOX="318 1066 347 1091" STYLE_REF="10">my</W>
			<W BOX="354 1065 398 1090" STYLE_REF="10">heart</W>
			<W BOX="365 1083 373 1108" STYLE_REF="10">s</W>
			<W BOX="380 1083 395 1108" STYLE_REF="10">of</W>
			<W BOX="403 1083 456 1108" STYLE_REF="10">sallow</W>
			<Q BOX="404 1065 431 1090" STYLE_REF="10" QID="56">san</Q>
			<q BOX="432 1065 442 1090" STYLE_REF="10" QID="56">k</q>
			<QW QID="56">sank</QW>
			<W BOX="448 1065 504 1090" STYLE_REF="10">within</W>
			<W BOX="463 1083 507 1108" STYLE_REF="10">eager</W>
			<W BOX="512 1065 538 1090" STYLE_REF="10">me</W>
			<W BOX="514 1083 551 1108" STYLE_REF="10">men</W>
			<W BOX="544 1065 560 1090" STYLE_REF="10">at</W>
			<W BOX="561 1083 592 1108" STYLE_REF="10">and</W>
			<W BOX="567 1065 593 1090" STYLE_REF="10">the</W>
			<W BOX="599 1065 695 1090" STYLE_REF="10">monotonou</W>
			<Q BOX="603 1083 679 1108" STYLE_REF="10" QID="57">frivolous</Q>
			<Q BOX="679 1083 686 1108" STYLE_REF="10" LH="y" QID="57">-</Q>
			<q BOX="686 1083 748 1108" STYLE_REF="10" QID="57">looking</q>
			<QW QID="57">frivolous-looking</QW>
			<W BOX="696 1066 704 1091" STYLE_REF="10">s</W>
			<W BOX="710 1066 750 1091" STYLE_REF="10">lines</W>
			<L BOX="65 1100 752 1145"/>
			<W BOX="65 1120 138 1145" STYLE_REF="10">morning</W>
			<W BOX="66 1102 127 1127" STYLE_REF="10" NS="y">women</W>
			<W BOX="127 1103 132 1128" STYLE_REF="10">,</W>
			<W BOX="139 1101 169 1126" STYLE_REF="10">and</W>
			<W BOX="147 1119 162 1144" STYLE_REF="10">is</W>
			<W BOX="172 1119 201 1144" STYLE_REF="10">one</W>
			<W BOX="180 1101 208 1126" STYLE_REF="10">the</W>
			<W BOX="211 1119 227 1144" STYLE_REF="10">of</W>
			<W BOX="218 1101 277 1126" STYLE_REF="10">money</W>
			<W BOX="238 1119 282 1144" STYLE_REF="10">those</W>
			<Q BOX="277 1101 284 1126" STYLE_REF="10" LH="y" QID="58">-</Q>
			<q BOX="284 1101 331 1126" STYLE_REF="10" QID="58">grasp</q>
			<QW QID="58">-grasp</QW>
			<W BOX="293 1119 325 1144" STYLE_REF="10" NS="y">cool</W>
			<W BOX="326 1119 331 1144" STYLE_REF="10">,</W>
			<W BOX="330 1101 356 1126" STYLE_REF="10">ing</W>
			<W BOX="338 1118 413 1143" STYLE_REF="10">delicious</W>
			<W BOX="366 1101 429 1126" STYLE_REF="10">atmosp</W>
			<W BOX="414 1119 419 1144" STYLE_REF="10">,</W>
			<W BOX="428 1119 487 1144" STYLE_REF="10">crystal</W>
			<W BOX="428 1100 465 1126" STYLE_REF="10">here</W>
			<W BOX="475 1100 491 1126" STYLE_REF="10">of</W>
			<W BOX="498 1119 537 1144" STYLE_REF="10">days</W>
			<W BOX="502 1101 542 1126" STYLE_REF="10">New</W>
			<W BOX="544 1119 590 1144" STYLE_REF="10">when</W>
			<W BOX="548 1102 590 1127" STYLE_REF="10">York</W>
			<W BOX="596 1119 646 1144" STYLE_REF="10">merel</W>
			<W BOX="596 1102 601 1127" STYLE_REF="10">!</W>
			<W BOX="612 1102 616 1127" STYLE_REF="10">.</W>
			<W BOX="628 1102 632 1127" STYLE_REF="10">.</W>
			<W BOX="644 1102 648 1127" STYLE_REF="10">.</W>
			<W BOX="645 1120 657 1145" STYLE_REF="10">y</W>
			<W BOX="660 1102 664 1127" STYLE_REF="10">.</W>
			<W BOX="667 1120 684 1145" STYLE_REF="10">to</W>
			<W BOX="675 1102 707 1127" STYLE_REF="10">But</W>
			<W BOX="695 1120 726 1145" STYLE_REF="10">live</W>
			<W BOX="718 1102 752 1127" STYLE_REF="10">this</W>
			<W BOX="737 1120 751 1145" STYLE_REF="10">is</W>
		</Primitive>
		<Primitive BOX="24 1145 811 1214" ID="Ar0210020" SEQ_NO="20" TOC_ENTRY_ID="13" DEPTH_LEVEL="1">
			<L BOX="65 1137 751 1181"/>
			<W BOX="65 1156 93 1181" STYLE_REF="10">eve</W>
			<W BOX="65 1138 126 1163" STYLE_REF="10">blissful</W>
			<Q BOX="93 1156 110 1181" STYLE_REF="10" QID="59">ry</Q>
			<q BOX="112 1156 158 1181" STYLE_REF="10" QID="59">thing</q>
			<QW QID="59">rything</QW>
			<W BOX="135 1138 140 1163" STYLE_REF="10">;</W>
			<W BOX="150 1138 180 1163" STYLE_REF="10">and</W>
			<W BOX="158 1156 163 1181" STYLE_REF="10">,</W>
			<W BOX="173 1155 204 1180" STYLE_REF="10">and</W>
			<W BOX="187 1137 195 1162" STYLE_REF="10">I</W>
			<W BOX="203 1137 229 1162" STYLE_REF="10">am</W>
			<W BOX="215 1155 235 1180" STYLE_REF="10">do</W>
			<W BOX="239 1137 282 1162" STYLE_REF="10">quite</W>
			<W BOX="244 1155 271 1180" STYLE_REF="10">my</W>
			<W BOX="284 1155 294 1180" STYLE_REF="10">d</W>
			<W BOX="292 1137 363 1162" STYLE_REF="10">disposed</W>
			<W BOX="295 1154 324 1181" STYLE_REF="2">uty</W>
			<W BOX="335 1155 389 1180" STYLE_REF="10">heartil</W>
			<W BOX="374 1137 390 1162" STYLE_REF="10">to</W>
			<W BOX="392 1155 403 1180" STYLE_REF="10">y</W>
			<W BOX="403 1137 424 1162" STYLE_REF="10">set</W>
			<W BOX="411 1155 427 1180" STYLE_REF="10">in</W>
			<W BOX="436 1155 510 1180" STYLE_REF="10">America</W>
			<W BOX="436 1137 453 1162" STYLE_REF="10">to</W>
			<W BOX="461 1137 505 1162" STYLE_REF="10" NS="y">work</W>
			<W BOX="507 1138 511 1163" STYLE_REF="10">,</W>
			<W BOX="510 1155 515 1180" STYLE_REF="10">.</W>
			<W BOX="519 1137 555 1162" STYLE_REF="10">seek</W>
			<W BOX="536 1155 544 1180" STYLE_REF="10">I</W>
			<W BOX="551 1156 591 1181" STYLE_REF="10">have</W>
			<W BOX="566 1137 594 1162" STYLE_REF="10">out</W>
			<W BOX="602 1156 623 1181" STYLE_REF="10">no</W>
			<W BOX="604 1137 632 1162" STYLE_REF="10">the</W>
			<W BOX="632 1156 682 1181" STYLE_REF="10">doubt</W>
			<W BOX="643 1137 682 1162" STYLE_REF="10">good</W>
			<W BOX="693 1138 726 1163" STYLE_REF="10">side</W>
			<W BOX="694 1156 709 1181" STYLE_REF="10">of</W>
			<W BOX="720 1156 748 1181" STYLE_REF="10">the</W>
			<W BOX="734 1138 751 1163" STYLE_REF="10">oC</W>
		</Primitive>
	</Content>
	<TOC_Entries><TOC_Entry TOC_ENTRY_ID="44" TITLE="To the Editors of the English Woman's Jo..." ENTITY_ID_REF="Ar02100" PAGE_NO="21" PAGE_LABEL="93" PRIM_ID_REF="Ar0210000" IS_IC="true"/></TOC_Entries></XMD-entity>
