<?xml version="1.0" encoding="windows-1252" standalone="no"?>
<XMD-entity REPOSITORY_FORMAT="1.0" PRXML_VER="2.0" ENTITY_TYPE="Article" DOC_UID="EWJ_01/03/1858" DOC_VER="1" FIRST_TOC_ENTRY_ID="18" DEPTH_LEVEL="1" INDEX_IN_DOC="30" PAGE_NO="13" ID="Ar01303" BOX="24 690 829 1219" LANGUAGE="English" CONTINUATION_TO="Ar01400" SNP="Ar01303S.png" SNP_WIDTH="806" SNP_HEIGHT="106" LOGICAL_NAME="true">
	<Meta NAME=". at A few This High days institution ga..." DESCRIPTION="" SUBTYPE="" BASE_HREF="EWJ/1858/03/01" SOURCE_TYPE="TIFF" PUBLICATION="EWJ" SECTION="None" ISSUE_DATE="01/03/1858" WORDCNT="247" RELEASE_NO="041-EWJ-1858-03-01-001-SINGLE" PAGE_ID="" PAGE_TYPE="Single" PAGE_WIDTH="842" PAGE_HEIGHT="1244" DEFAULT_IMG_EXT="png" PDF_DESTINATION_MAPPED="OLV0_Entity_0013_0004" IMAGES_RESOLUTION="86" XMD_VER="2.6.238.8" PAGE_LABEL="13"/>
	<Link SOURCE="041-EWJ-1858-03-01-001-SINGLE.PDF" FIRST_ID="Ar00200" LAST_ID="Ar07201" NEXT_ID="" PREV_ID="Ar01302" TOC_ID="d:/Olive/Repository/EWJ/1858/03/01/TOC.xml"/>
	<DataFiles>
		<Files TYPE="DOC_PDF" PRESENT="1"/>
		<Files TYPE="PAGE_PDF" PRESENT="0"/>
		<Files TYPE="DOC_IMG" PRESENT="0"/>
		<Files TYPE="PAGE_IMG" PRESENT="0"/>
		<Files TYPE="PAGE_VIEW_IMG" PRESENT="1"/>
		<Files TYPE="PAGE_PREVIEW_IMG" PRESENT="1"/>
		<Files TYPE="PRIMITIVE_IMG" PRESENT="1"/>
		<Files TYPE="SNIPPET_IMG" PRESENT="1"/>
	</DataFiles>
	<Content>
		<Primitive BOX="24 690 829 799" ID="Ar0130300" SEQ_NO="0" TOC_ENTRY_ID="18" DEPTH_LEVEL="1">
			<L BOX="417 677 421 703"/>
			<W BOX="417 677 421 703" STYLE_REF="20">.</W>
			<L BOX="56 719 767 799" P="S"/>
			<W BOX="56 748 75 776" STYLE_REF="5">at</W>
			<W BOX="57 724 73 752" STYLE_REF="5">A</W>
			<W BOX="78 724 116 752" STYLE_REF="5">few</W>
			<W BOX="79 771 125 799" STYLE_REF="5">This</W>
			<Q BOX="83 748 109 776" STYLE_REF="5" QID="1">Hi</Q>
			<Q BOX="109 749 123 777" STYLE_REF="5" QID="1">g</Q>
			<q BOX="122 748 135 776" STYLE_REF="5" QID="1">h</q>
			<QW QID="1">High</QW>
			<W BOX="122 724 167 752" STYLE_REF="5">days</W>
			<W BOX="135 770 242 799" STYLE_REF="5">institution</W>
			<W BOX="135 748 178 776" STYLE_REF="5">gate</W>
			<W BOX="175 724 210 752" STYLE_REF="5">ago</W>
			<W BOX="184 747 189 775" STYLE_REF="5">;</W>
			<W BOX="203 747 213 775" STYLE_REF="5">a</W>
			<W BOX="219 723 230 751" STYLE_REF="5">I</W>
			<W BOX="221 746 350 775" STYLE_REF="5">penitentiary</W>
			<W BOX="238 723 308 751" STYLE_REF="5">visited</W>
			<W BOX="258 770 274 798" STYLE_REF="5">is</W>
			<W BOX="287 769 350 797" STYLE_REF="5">princi</W>
			<W BOX="315 723 349 751" STYLE_REF="5">the</W>
			<W BOX="350 769 389 797" STYLE_REF="5">pall</W>
			<W BOX="354 721 433 749" STYLE_REF="5">London</W>
			<W BOX="356 745 384 773" STYLE_REF="5">for</W>
			<W BOX="389 769 403 797" STYLE_REF="5">y</W>
			<W BOX="392 745 425 773" STYLE_REF="5">the</W>
			<W BOX="412 768 513 796" STYLE_REF="5">supported</W>
			<W BOX="433 745 481 773" STYLE_REF="5">most</W>
			<W BOX="442 721 536 749" STYLE_REF="5">Diocesan</W>
			<W BOX="489 743 598 771" STYLE_REF="5">unfortunat</W>
			<Q BOX="527 768 540 796" STYLE_REF="5" QID="2">b</Q>
			<q BOX="539 768 554 796" STYLE_REF="5" QID="2">y</q>
			<QW QID="2">by</QW>
			<W BOX="543 719 674 747" STYLE_REF="5">Penitentiary</W>
			<W BOX="563 766 664 794" STYLE_REF="5">voluntary</W>
			<W BOX="600 742 610 771" STYLE_REF="5">e</W>
			<W BOX="618 742 635 771" STYLE_REF="5">of</W>
			<W BOX="645 742 718 771" STYLE_REF="5">women</W>
			<W BOX="672 765 758 793" STYLE_REF="5">contribu</W>
			<W BOX="674 719 681 747" STYLE_REF="5">,</W>
			<W BOX="686 719 724 747" STYLE_REF="5">situ</W>
			<W BOX="720 742 728 771" STYLE_REF="5">.</W>
			<W BOX="725 719 767 747" STYLE_REF="5">ated</W>
			<Q BOX="758 765 767 793" STYLE_REF="5" QID="3">-</Q>
		</Primitive>
		<Primitive BOX="24 789 829 847" ID="Ar0130301" SEQ_NO="1" TOC_ENTRY_ID="18" DEPTH_LEVEL="1">
			<L BOX="55 789 767 824"/>
			<Q BOX="55 795 103 824" STYLE_REF="5" QID="3">tions</Q>
			<q BOX="118 795 155 823" STYLE_REF="5" QID="3">and</q>
			<QW QID="3">tionsand</QW>
			<W BOX="164 794 181 823" STYLE_REF="5">is</W>
			<Q BOX="189 794 281 822" STYLE_REF="5" QID="4">calculate</Q>
			<q BOX="281 793 293 821" STYLE_REF="5" QID="4">d</q>
			<QW QID="4">calculated</QW>
			<W BOX="301 793 321 821" STYLE_REF="5">to</W>
			<W BOX="330 792 405 820" STYLE_REF="5">receive</W>
			<W BOX="412 792 467 820" STYLE_REF="5">about</W>
			<Q BOX="476 791 495 819" STYLE_REF="5" QID="5">ei</Q>
			<Q BOX="494 792 507 820" STYLE_REF="5" QID="5">g</Q>
			<q BOX="506 791 542 819" STYLE_REF="5" QID="5">hty</q>
			<QW QID="5">eighty</QW>
			<W BOX="549 790 644 818" STYLE_REF="5" NS="y">penitents</W>
			<W BOX="644 790 651 818" STYLE_REF="5">.</W>
			<W BOX="675 789 706 818" STYLE_REF="5">An</W>
			<Q BOX="715 789 759 818" STYLE_REF="5" QID="6">orna</Q>
			<Q BOX="759 789 767 818" STYLE_REF="5" QID="6">-</Q>
			<L BOX="55 795 766 847"/>
			<q BOX="55 819 124 847" STYLE_REF="5" QID="6">mental</q>
			<QW QID="6">ornamental</QW>
			<W BOX="104 795 109 823" STYLE_REF="5">,</W>
			<W BOX="138 819 187 847" STYLE_REF="5">cross</W>
			<W BOX="201 817 244 845" STYLE_REF="5">over</W>
			<W BOX="254 817 288 845" STYLE_REF="5">the</W>
			<W BOX="301 816 388 844" STYLE_REF="5">entrance</W>
			<W BOX="402 815 446 844" STYLE_REF="5">gate</W>
			<Q BOX="459 815 493 844" STYLE_REF="5" QID="7">has</Q>
			<q BOX="511 814 521 842" STYLE_REF="5" QID="7">I</q>
			<QW QID="7">hasI</QW>
			<W BOX="532 814 607 842" STYLE_REF="5" NS="y">believe</W>
			<W BOX="608 813 613 842" STYLE_REF="5">,</W>
			<Q BOX="624 813 701 841" STYLE_REF="5" QID="8">unfortu</Q>
			<Q BOX="701 813 753 841" STYLE_REF="5" QID="8">natel</Q>
			<q BOX="753 813 766 842" STYLE_REF="5" QID="8">y</q>
			<QW QID="8">unfortunately</QW>
		</Primitive>
		<Primitive BOX="24 836 829 885" ID="Ar0130302" SEQ_NO="2" TOC_ENTRY_ID="18" DEPTH_LEVEL="1">
			<L BOX="494 814 499 842"/>
			<W BOX="494 814 499 842" STYLE_REF="5">,</W>
			<L BOX="55 836 767 870"/>
			<Q BOX="55 842 84 870" STYLE_REF="5" QID="9">cre</Q>
			<q BOX="84 842 126 870" STYLE_REF="5" QID="9">ated</q>
			<QW QID="9">created</QW>
			<W BOX="135 842 145 870" STYLE_REF="5">a</W>
			<W BOX="154 841 249 869" STYLE_REF="5">prejudice</W>
			<W BOX="258 840 277 869" STYLE_REF="5">in</W>
			<W BOX="287 840 337 868" STYLE_REF="5">some</W>
			<W BOX="345 839 409 867" STYLE_REF="5">minds</W>
			<W BOX="416 838 487 867" STYLE_REF="5">against</W>
			<W BOX="496 838 536 866" STYLE_REF="5">this</W>
			<W BOX="542 837 672 865" STYLE_REF="5">Penitentiary</W>
			<W BOX="680 836 701 865" STYLE_REF="5">as</W>
			<W BOX="709 836 767 865" STYLE_REF="5">being</W>
			<L BOX="54 860 766 894"/>
			<W BOX="54 865 124 894" STYLE_REF="5">Eoman</W>
			<Q BOX="133 865 218 894" STYLE_REF="5" QID="10">Catholic</Q>
			<q BOX="231 864 316 892" STYLE_REF="5" QID="10">whereas</q>
			<QW QID="10">Catholicwhereas</QW>
			<W BOX="324 864 338 892" STYLE_REF="5">it</W>
			<W BOX="347 862 364 890" STYLE_REF="5">is</W>
			<W BOX="372 862 478 890" STYLE_REF="5" NS="y">Protestant</W>
			<W BOX="480 861 485 889" STYLE_REF="5">,</W>
			<W BOX="492 861 502 889" STYLE_REF="5">a</W>
			<W BOX="511 861 617 889" STYLE_REF="5">clergymen</W>
			<W BOX="625 860 642 889" STYLE_REF="5">of</W>
			<W BOX="651 860 684 888" STYLE_REF="5">the</W>
			<W BOX="690 860 766 888" STYLE_REF="5">Church</W>
		</Primitive>
		<Primitive BOX="24 873 829 941" ID="Ar0130303" SEQ_NO="3" TOC_ENTRY_ID="18" DEPTH_LEVEL="1">
			<L BOX="53 864 767 941"/>
			<W BOX="53 912 91 941" STYLE_REF="5">tion</W>
			<W BOX="53 889 71 917" STYLE_REF="5">of</W>
			<W BOX="80 889 122 917" STYLE_REF="5">Eng</W>
			<W BOX="106 912 165 941" STYLE_REF="5">being</W>
			<W BOX="121 889 166 917" STYLE_REF="5" NS="y">land</W>
			<W BOX="167 887 172 915" STYLE_REF="5">,</W>
			<W BOX="173 912 192 941" STYLE_REF="5">at</W>
			<W BOX="181 888 226 916" STYLE_REF="5">who</W>
			<W BOX="201 911 225 939" STYLE_REF="5">its</W>
			<W BOX="220 864 225 892" STYLE_REF="5">,</W>
			<W BOX="233 887 303 916" STYLE_REF="5">resides</W>
			<W BOX="233 911 281 939" STYLE_REF="5">head</W>
			<W BOX="290 910 310 939" STYLE_REF="5">as</W>
			<W BOX="309 887 357 915" STYLE_REF="5">with</W>
			<W BOX="319 909 403 938" STYLE_REF="5">Warden</W>
			<W BOX="365 886 396 914" STYLE_REF="5">his</W>
			<W BOX="403 886 446 914" STYLE_REF="5">wife</W>
			<W BOX="403 909 410 938" STYLE_REF="5">.</W>
			<W BOX="454 886 490 914" STYLE_REF="5">and</W>
			<Q BOX="497 884 551 913" STYLE_REF="5" QID="11">famil</Q>
			<q BOX="550 885 563 913" STYLE_REF="5" QID="11">y</q>
			<QW QID="11">family</QW>
			<W BOX="570 884 615 912" STYLE_REF="5">near</W>
			<W BOX="622 884 642 912" STYLE_REF="5">to</W>
			<W BOX="650 884 683 912" STYLE_REF="5">the</W>
			<Q BOX="691 884 758 912" STYLE_REF="5" QID="12">institu</Q>
			<Q BOX="758 884 767 912" STYLE_REF="5" LH="y" QID="12">-</Q>
		</Primitive>
		<Primitive BOX="24 930 829 988" ID="Ar0130304" SEQ_NO="4" TOC_ENTRY_ID="18" DEPTH_LEVEL="1">
			<L BOX="76 912 765 964"/>
			<q BOX="76 936 116 964" STYLE_REF="5" QID="12">The</q>
			<QW QID="12">institu-The</QW>
			<W BOX="93 912 98 941" STYLE_REF="5">,</W>
			<W BOX="124 935 235 963" STYLE_REF="5">impression</W>
			<W BOX="250 934 281 962" STYLE_REF="5">left</W>
			<W BOX="296 934 348 962" STYLE_REF="5">upon</W>
			<W BOX="360 932 393 961" STYLE_REF="5">my</W>
			<W BOX="401 932 453 961" STYLE_REF="5">mind</W>
			<Q BOX="467 932 479 960" STYLE_REF="5" QID="13">b</Q>
			<q BOX="479 932 493 961" STYLE_REF="5" QID="13">y</q>
			<QW QID="13">by</QW>
			<W BOX="501 931 534 959" STYLE_REF="5">my</W>
			<W BOX="544 931 589 959" STYLE_REF="5">visit</W>
			<W BOX="600 931 617 959" STYLE_REF="5">is</W>
			<W BOX="627 930 646 959" STYLE_REF="5">so</W>
			<W BOX="659 930 757 958" STYLE_REF="5" NS="y">agreeable</W>
			<W BOX="759 930 765 958" STYLE_REF="5">,</W>
			<L BOX="52 954 765 988"/>
			<W BOX="52 959 92 988" STYLE_REF="5">that</W>
			<W BOX="100 959 110 988" STYLE_REF="5">I</W>
			<W BOX="118 959 182 988" STYLE_REF="5">would</W>
			<Q BOX="190 958 265 986" STYLE_REF="5" QID="14">willing</Q>
			<Q BOX="263 958 272 986" STYLE_REF="5" QID="14">l</Q>
			<q BOX="271 958 285 987" STYLE_REF="5" QID="14">y</q>
			<QW QID="14">willingly</QW>
			<W BOX="293 957 348 985" STYLE_REF="5">make</W>
			<W BOX="356 956 419 984" STYLE_REF="5">others</W>
			<W BOX="427 955 540 983" STYLE_REF="5">acquainted</W>
			<W BOX="549 954 597 983" STYLE_REF="5">with</W>
			<W BOX="604 954 644 982" STYLE_REF="5">this</W>
			<W BOX="651 954 765 982" STYLE_REF="5">benevolent</W>
		</Primitive>
		<Primitive BOX="24 980 829 1028" ID="Ar0130305" SEQ_NO="5" TOC_ENTRY_ID="18" DEPTH_LEVEL="1">
			<L BOX="52 980 765 1036"/>
			<W BOX="52 984 85 1012" STYLE_REF="5">asy</W>
			<W BOX="76 1007 116 1036" STYLE_REF="5">The</W>
			<W BOX="85 983 125 1012" STYLE_REF="5">lum</W>
			<W BOX="133 983 161 1012" STYLE_REF="5">for</W>
			<W BOX="137 1007 177 1035" STYLE_REF="5">lace</W>
			<W BOX="169 983 202 1012" STYLE_REF="5">the</W>
			<W BOX="190 1006 239 1035" STYLE_REF="5">itself</W>
			<W BOX="210 983 256 1011" STYLE_REF="5">desp</W>
			<W BOX="254 1006 271 1034" STYLE_REF="5">is</W>
			<W BOX="256 982 296 1010" STYLE_REF="5">ised</W>
			<W BOX="279 1006 290 1034" STYLE_REF="5">a</W>
			<W BOX="299 1005 351 1033" STYLE_REF="5">large</W>
			<W BOX="306 981 342 1009" STYLE_REF="5">and</W>
			<W BOX="351 980 443 1008" STYLE_REF="5">unhappy</W>
			<W BOX="359 1004 445 1032" STYLE_REF="5">mansion</W>
			<W BOX="444 980 451 1008" STYLE_REF="5">.</W>
			<W BOX="446 1003 451 1032" STYLE_REF="5">,</W>
			<W BOX="460 1003 549 1031" STYLE_REF="5">standing</W>
			<W BOX="560 1001 580 1029" STYLE_REF="5">in</W>
			<W BOX="589 1001 614 1029" STYLE_REF="5">its</W>
			<W BOX="623 1001 665 1029" STYLE_REF="5">own</W>
			<W BOX="674 1001 757 1029" STYLE_REF="5" NS="y">grounds</W>
			<W BOX="758 1001 765 1029" STYLE_REF="5">,</W>
		</Primitive>
		<Primitive BOX="24 1016 829 1082" ID="Ar0130306" SEQ_NO="6" TOC_ENTRY_ID="18" DEPTH_LEVEL="1">
			<L BOX="52 1009 765 1082"/>
			<W BOX="52 1031 168 1059" STYLE_REF="5">surrounded</W>
			<W BOX="76 1054 115 1082" STYLE_REF="5">The</W>
			<W BOX="123 1054 205 1082" STYLE_REF="5">Warden</W>
			<W BOX="124 1009 137 1037" STYLE_REF="5">p</W>
			<Q BOX="176 1031 189 1059" STYLE_REF="5" QID="15">b</Q>
			<q BOX="189 1031 203 1059" STYLE_REF="5" QID="15">y</q>
			<QW QID="15">by</QW>
			<W BOX="211 1030 232 1058" STYLE_REF="5">hi</W>
			<W BOX="221 1053 268 1081" STYLE_REF="5">deep</W>
			<Q BOX="232 1030 245 1058" STYLE_REF="5" QID="16">g</Q>
			<q BOX="244 1029 258 1057" STYLE_REF="5" QID="16">h</q>
			<QW QID="16">gh</QW>
			<W BOX="266 1029 322 1057" STYLE_REF="5">walls</W>
			<Q BOX="268 1052 277 1081" STYLE_REF="5" QID="17">l</Q>
			<q BOX="298 1051 400 1079" STYLE_REF="5" QID="17">interested</q>
			<QW QID="17">linterested</QW>
			<W BOX="327 1029 332 1057" STYLE_REF="5">;</W>
			<W BOX="345 1028 356 1056" STYLE_REF="5">a</W>
			<W BOX="365 1028 413 1056" STYLE_REF="5">very</W>
			<W BOX="413 1050 434 1079" STYLE_REF="5">in</W>
			<W BOX="420 1026 485 1055" STYLE_REF="5">health</W>
			<W BOX="445 1050 483 1078" STYLE_REF="5">this</W>
			<W BOX="485 1027 499 1055" STYLE_REF="5">y</W>
			<W BOX="496 1049 534 1078" STYLE_REF="5">and</W>
			<W BOX="499 1027 506 1055" STYLE_REF="5">,</W>
			<W BOX="514 1026 556 1054" STYLE_REF="5">airy</W>
			<W BOX="547 1049 600 1077" STYLE_REF="5">other</W>
			<W BOX="557 1026 562 1054" STYLE_REF="5">,</W>
			<W BOX="571 1025 656 1053" STYLE_REF="5">spacious</W>
			<W BOX="614 1048 670 1076" STYLE_REF="5">social</W>
			<W BOX="665 1025 724 1053" STYLE_REF="5">abode</W>
			<W BOX="679 1048 746 1076" STYLE_REF="5">reform</W>
			<W BOX="724 1025 731 1053" STYLE_REF="5">.</W>
			<W BOX="748 1048 758 1076" STYLE_REF="5" NS="y">s</W>
			<W BOX="758 1048 765 1076" STYLE_REF="5">,</W>
		</Primitive>
		<Primitive BOX="24 1071 829 1130" ID="Ar0130307" SEQ_NO="7" TOC_ENTRY_ID="18" DEPTH_LEVEL="1">
			<L BOX="51 1053 764 1106"/>
			<W BOX="51 1078 87 1106" STYLE_REF="5">and</W>
			<W BOX="95 1078 139 1106" STYLE_REF="5">who</W>
			<W BOX="146 1078 180 1106" STYLE_REF="5">has</W>
			<W BOX="187 1077 232 1105" STYLE_REF="5">long</W>
			<W BOX="207 1053 212 1082" STYLE_REF="5">,</W>
			<W BOX="241 1076 320 1104" STYLE_REF="5">devoted</W>
			<W BOX="276 1053 289 1081" STYLE_REF="5">y</W>
			<W BOX="329 1075 406 1103" STYLE_REF="5">himself</W>
			<W BOX="418 1074 438 1102" STYLE_REF="5">to</W>
			<W BOX="451 1073 521 1101" STYLE_REF="5">similar</W>
			<W BOX="531 1072 606 1100" STYLE_REF="5" NS="y">labours</W>
			<W BOX="608 1071 613 1099" STYLE_REF="5">,</W>
			<W BOX="621 1071 655 1099" STYLE_REF="5">has</W>
			<W BOX="663 1071 711 1099" STYLE_REF="5">been</W>
			<W BOX="720 1071 764 1099" STYLE_REF="5">now</W>
			<L BOX="51 1095 765 1130"/>
			<W BOX="51 1101 69 1130" STYLE_REF="5">at</W>
			<W BOX="82 1101 115 1130" STYLE_REF="5">the</W>
			<W BOX="127 1101 175 1130" STYLE_REF="5">head</W>
			<W BOX="190 1101 207 1130" STYLE_REF="5">of</W>
			<W BOX="223 1099 261 1128" STYLE_REF="5">this</W>
			<W BOX="273 1099 416 1127" STYLE_REF="5">establishment</W>
			<W BOX="429 1097 531 1125" STYLE_REF="5">somewhat</W>
			<W BOX="541 1095 578 1123" STYLE_REF="5">less</W>
			<W BOX="591 1095 637 1123" STYLE_REF="5">than</W>
			<W BOX="649 1095 689 1123" STYLE_REF="5">two</W>
			<W BOX="701 1095 758 1123" STYLE_REF="5" NS="y">years</W>
			<W BOX="758 1095 765 1123" STYLE_REF="5">.</W>
			<L BOX="586 1118 764 1146"/>
			<W BOX="586 1118 623 1146" STYLE_REF="5">iate</W>
			<Q BOX="638 1118 691 1146" STYLE_REF="5" QID="18">dress</Q>
			<q BOX="723 1118 764 1146" STYLE_REF="5" QID="18">The</q>
			<QW QID="18">dressThe</QW>
		</Primitive>
		<Primitive BOX="24 1118 829 1178" ID="Ar0130308" SEQ_NO="8" TOC_ENTRY_ID="18" DEPTH_LEVEL="1">
			<L BOX="50 1118 697 1154"/>
			<W BOX="50 1126 80 1154" STYLE_REF="5">He</W>
			<W BOX="93 1126 180 1154" STYLE_REF="5">received</W>
			<W BOX="194 1124 217 1152" STYLE_REF="5">us</W>
			<W BOX="229 1122 249 1151" STYLE_REF="5">in</W>
			<W BOX="263 1122 294 1151" STYLE_REF="5">his</W>
			<W BOX="307 1122 359 1150" STYLE_REF="5" NS="y">room</W>
			<W BOX="361 1121 365 1149" STYLE_REF="5">,</W>
			<W BOX="379 1121 465 1149" STYLE_REF="5">wearing</W>
			<W BOX="478 1120 509 1148" STYLE_REF="5">his</W>
			<W BOX="526 1119 586 1147" STYLE_REF="5" NS="y">colleg</W>
			<W BOX="691 1118 697 1146" STYLE_REF="5">.</W>
			<L BOX="49 1142 764 1178"/>
			<W BOX="49 1149 100 1178" STYLE_REF="5">room</W>
			<W BOX="107 1149 124 1178" STYLE_REF="5">is</W>
			<Q BOX="133 1148 215 1176" STYLE_REF="5" QID="19">furnishe</Q>
			<q BOX="219 1147 231 1175" STYLE_REF="5" QID="19">d</q>
			<QW QID="19">furnished</QW>
			<Q BOX="240 1146 289 1174" STYLE_REF="5" QID="20">simp</Q>
			<Q BOX="290 1145 298 1174" STYLE_REF="5" QID="20">l</Q>
			<q BOX="297 1145 311 1174" STYLE_REF="5" NS="y" QID="20">y</q>
			<QW QID="20">simply</QW>
			<W BOX="311 1145 318 1174" STYLE_REF="5">,</W>
			<W BOX="327 1145 374 1173" STYLE_REF="5">with</W>
			<W BOX="387 1144 422 1172" STYLE_REF="5">oak</W>
			<W BOX="432 1143 494 1172" STYLE_REF="5">chairs</W>
			<W BOX="503 1142 539 1171" STYLE_REF="5">and</W>
			<W BOX="549 1142 572 1170" STYLE_REF="5">an</W>
			<W BOX="581 1142 616 1170" STYLE_REF="5">oak</W>
			<W BOX="625 1142 696 1170" STYLE_REF="5">library</W>
			<W BOX="706 1142 757 1170" STYLE_REF="5" NS="y">table</W>
			<W BOX="757 1142 764 1170" STYLE_REF="5">.</W>
			<L BOX="438 1166 765 1195"/>
			<W BOX="438 1167 518 1195" STYLE_REF="5">mottoes</W>
			<W BOX="664 1166 723 1194" STYLE_REF="5">above</W>
			<W BOX="732 1166 765 1194" STYLE_REF="5">the</W>
		</Primitive>
		<Primitive BOX="24 1178 829 1219" ID="Ar0130309" SEQ_NO="9" TOC_ENTRY_ID="18" DEPTH_LEVEL="1">
			<L BOX="50 1166 653 1202"/>
			<W BOX="50 1173 68 1201" STYLE_REF="5">A</W>
			<Q BOX="75 1173 120 1202" STYLE_REF="5" QID="21">poor</Q>
			<Q BOX="121 1173 128 1201" STYLE_REF="5" QID="21">'</Q>
			<Q BOX="127 1173 136 1201" STYLE_REF="5" QID="21">s</Q>
			<Q BOX="136 1173 144 1201" STYLE_REF="5" LH="y" QID="21">-</Q>
			<q BOX="144 1173 179 1201" STYLE_REF="5" QID="21">box</q>
			<QW QID="21">poor's-box</QW>
			<W BOX="193 1171 255 1199" STYLE_REF="5">hangs</W>
			<W BOX="266 1169 316 1197" STYLE_REF="5">upon</W>
			<W BOX="327 1169 361 1197" STYLE_REF="5">the</W>
			<W BOX="368 1167 414 1196" STYLE_REF="5" NS="y">wall</W>
			<W BOX="420 1167 425 1196" STYLE_REF="5">;</W>
			<W BOX="530 1167 561 1195" STYLE_REF="5">are</W>
			<W BOX="575 1166 653 1194" STYLE_REF="5">painted</W>
		</Primitive>
	</Content>
	<Continuation-Content ID_REF="Ar01400"/>
	<Continuation-Content ID_REF="Ar01500"/>
	<Continuation-Content ID_REF="Ar01600"/>
	<Continuation-Content ID_REF="Ar01700"/>
	<Continuation-Content ID_REF="Ar01800"/>
	<Continuation-Content ID_REF="Ar01900"/>
	<Continuation-Content ID_REF="Ar02001"/>
	<Continuation-Content ID_REF="Ar02100"/>
	<Continuation-Content ID_REF="Ar02200"/>
	<Continuation-Content ID_REF="Ar02300"/>
	<Continuation-Content ID_REF="Ar02400"/>
	<Continuation-Content ID_REF="Ar02500"/>
	<Continuation-Content ID_REF="Ar02600"/>
	<Continuation-Content ID_REF="Ar02700"/>
	<TOC_Entries><TOC_Entry TOC_ENTRY_ID="30" TITLE=". at A few This High days institution ga..." ENTITY_ID_REF="Ar01303" PAGE_NO="13" PAGE_LABEL="13" PRIM_ID_REF="Ar0130300" IS_IC="true"/></TOC_Entries></XMD-entity>
