<?xml version="1.0" encoding="windows-1252" standalone="no"?>
<XMD-entity REPOSITORY_FORMAT="1.0" PRXML_VER="2.0" ENTITY_TYPE="Article" DOC_UID="EWJ_01/03/1858" DOC_VER="1" FIRST_TOC_ENTRY_ID="16" DEPTH_LEVEL="1" INDEX_IN_DOC="28" PAGE_NO="13" ID="Ar01301" BOX="24 12 829 91" LANGUAGE="English" SNP="Ar01301S.png" SNP_WIDTH="806" SNP_HEIGHT="80" LOGICAL_NAME="true">
	<Meta NAME="A HOUSE OF MERCY. 13" DESCRIPTION="" SUBTYPE="" BASE_HREF="EWJ/1858/03/01" SOURCE_TYPE="TIFF" PUBLICATION="EWJ" SECTION="None" ISSUE_DATE="01/03/1858" WORDCNT="6" RELEASE_NO="041-EWJ-1858-03-01-001-SINGLE" PAGE_ID="" PAGE_TYPE="Single" PAGE_WIDTH="842" PAGE_HEIGHT="1244" DEFAULT_IMG_EXT="png" PDF_DESTINATION_MAPPED="OLV0_Entity_0013_0002" IMAGES_RESOLUTION="86" XMD_VER="2.6.238.8" PAGE_LABEL="13"/>
	<Link SOURCE="041-EWJ-1858-03-01-001-SINGLE.PDF" FIRST_ID="Ar00200" LAST_ID="Ar07201" NEXT_ID="Ar01302" PREV_ID="Ar01300" TOC_ID="d:/Olive/Repository/EWJ/1858/03/01/TOC.xml"/>
	<DataFiles>
		<Files TYPE="DOC_PDF" PRESENT="1"/>
		<Files TYPE="PAGE_PDF" PRESENT="0"/>
		<Files TYPE="DOC_IMG" PRESENT="0"/>
		<Files TYPE="PAGE_IMG" PRESENT="0"/>
		<Files TYPE="PAGE_VIEW_IMG" PRESENT="1"/>
		<Files TYPE="PAGE_PREVIEW_IMG" PRESENT="1"/>
		<Files TYPE="PRIMITIVE_IMG" PRESENT="1"/>
		<Files TYPE="SNIPPET_IMG" PRESENT="1"/>
	</DataFiles>
	<Content>
		<Primitive BOX="24 12 829 91" ID="Ar0130100" SEQ_NO="0" TOC_ENTRY_ID="16" DEPTH_LEVEL="1">
			<L BOX="304 50 778 82"/>
			<W BOX="304 55 319 82" STYLE_REF="9">A</W>
			<W BOX="333 55 402 82" STYLE_REF="9">HOUSE</W>
			<W BOX="416 55 443 82" STYLE_REF="9">OF</W>
			<W BOX="457 55 531 81" STYLE_REF="9" NS="y">MERCY</W>
			<W BOX="531 55 536 81" STYLE_REF="9">.</W>
			<W BOX="749 50 778 81" STYLE_REF="16">13</W>
		</Primitive>
	</Content>
	<TOC_Entries><TOC_Entry TOC_ENTRY_ID="28" TITLE="A HOUSE OF MERCY. 13" ENTITY_ID_REF="Ar01301" PAGE_NO="13" PAGE_LABEL="13" PRIM_ID_REF="Ar0130100" IS_IC="true"/></TOC_Entries></XMD-entity>
