<?xml version="1.0" encoding="windows-1252" standalone="no"?>
<XMD-entity REPOSITORY_FORMAT="1.0" PRXML_VER="2.0" ENTITY_TYPE="Article" FIRST_TOC_ENTRY_ID="4" DEPTH_LEVEL="1" INDEX_IN_DOC="16" PAGE_NO="13" ID="Ar01300" BOX="24 91 829 607" LANGUAGE="English" CONTINUATION_FROM="Ar01200" LOGICAL_NAME="true">
	<Meta NAME="The Annual Reports of the Governesses' B..." DESCRIPTION="" SUBTYPE="" BASE_HREF="EWJ/1858/03/01" SOURCE_TYPE="TIFF" PUBLICATION="EWJ" SECTION="None" ISSUE_DATE="01/03/1858" WORDCNT="245" RELEASE_NO="041-EWJ-1858-03-01-001-SINGLE" PAGE_ID="" PAGE_TYPE="Single" PAGE_WIDTH="842" PAGE_HEIGHT="1244" DEFAULT_IMG_EXT="png" PDF_DESTINATION_MAPPED="OLV0_Entity_0013_0001" IMAGES_RESOLUTION="86" XMD_VER="2.6.238.8" PAGE_LABEL="13"/>
	<Link SOURCE="041-EWJ-1858-03-01-001-SINGLE.PDF" FIRST_ID="Ar00200" LAST_ID="Ar07201" NEXT_ID="Ar01301" PREV_ID="" TOC_ID="d:/Olive/Repository/EWJ/1858/03/01/TOC.xml"/>
	<DataFiles>
		<Files TYPE="DOC_PDF" PRESENT="1"/>
		<Files TYPE="PAGE_PDF" PRESENT="0"/>
		<Files TYPE="DOC_IMG" PRESENT="0"/>
		<Files TYPE="PAGE_IMG" PRESENT="0"/>
		<Files TYPE="PAGE_VIEW_IMG" PRESENT="1"/>
		<Files TYPE="PAGE_PREVIEW_IMG" PRESENT="1"/>
		<Files TYPE="PRIMITIVE_IMG" PRESENT="1"/>
		<Files TYPE="SNIPPET_IMG" PRESENT="1"/>
	</DataFiles>
	<Content>
		<Primitive BOX="24 91 829 152" ID="Ar0130000" SEQ_NO="0" TOC_ENTRY_ID="4" DEPTH_LEVEL="1">
			<L BOX="65 96 774 129"/>
			<W BOX="65 101 113 129" STYLE_REF="5">have</W>
			<W BOX="127 100 162 128" STYLE_REF="5">put</W>
			<W BOX="175 100 229 128" STYLE_REF="5">down</W>
			<W BOX="245 100 317 128" STYLE_REF="5" NS="y">suicide</W>
			<W BOX="318 100 323 128" STYLE_REF="5">,</W>
			<W BOX="335 99 371 127" STYLE_REF="5">and</W>
			<W BOX="384 99 418 127" STYLE_REF="5">the</W>
			<Q BOX="428 98 460 127" STYLE_REF="5" QID="1">onl</Q>
			<q BOX="460 98 474 126" STYLE_REF="5" QID="1">y</q>
			<QW QID="1">only</QW>
			<W BOX="482 98 574 126" STYLE_REF="5">objection</W>
			<W BOX="591 97 620 125" STYLE_REF="5">we</W>
			<Q BOX="630 96 667 124" STYLE_REF="5" QID="2">hav</Q>
			<q BOX="668 96 679 124" STYLE_REF="5" QID="2">e</q>
			<QW QID="2">have</QW>
			<W BOX="688 96 708 124" STYLE_REF="5">to</W>
			<Q BOX="719 96 762 124" STYLE_REF="5" QID="3">mak</Q>
			<q BOX="762 96 774 124" STYLE_REF="5" QID="3">e</q>
			<QW QID="3">make</QW>
			<L BOX="65 120 774 152"/>
			<W BOX="65 124 81 152" STYLE_REF="5">is</W>
			<W BOX="89 124 130 152" STYLE_REF="5">that</W>
			<W BOX="138 123 172 152" STYLE_REF="5">the</W>
			<W BOX="179 123 245 151" STYLE_REF="5">article</W>
			<Q BOX="254 123 262 151" STYLE_REF="5" QID="4">i</Q>
			<q BOX="261 123 329 151" STYLE_REF="5" QID="4">gnores</q>
			<QW QID="4">ignores</QW>
			<W BOX="337 123 384 151" STYLE_REF="5" NS="y">facts</W>
			<W BOX="386 123 391 151" STYLE_REF="5">.</W>
			<W BOX="416 121 457 150" STYLE_REF="5">The</W>
			<W BOX="466 121 519 150" STYLE_REF="5">exact</W>
			<W BOX="527 120 607 148" STYLE_REF="5">number</W>
			<W BOX="618 120 636 148" STYLE_REF="5">of</W>
			<W BOX="649 120 722 148" STYLE_REF="5">women</W>
			<W BOX="731 120 774 148" STYLE_REF="5">who</W>
		</Primitive>
		<Primitive BOX="24 143 829 199" ID="Ar0130001" SEQ_NO="1" TOC_ENTRY_ID="4" DEPTH_LEVEL="1">
			<L BOX="65 143 774 176"/>
			<W BOX="65 147 94 176" STYLE_REF="5">are</W>
			<W BOX="102 147 210 175" STYLE_REF="5">unmarried</W>
			<W BOX="218 147 238 175" STYLE_REF="5">or</W>
			<W BOX="247 147 339 175" STYLE_REF="5" NS="y">widowed</W>
			<W BOX="340 146 345 175" STYLE_REF="5">,</W>
			<W BOX="354 146 390 174" STYLE_REF="5">and</W>
			<W BOX="399 146 443 174" STYLE_REF="5">such</W>
			<W BOX="453 145 562 173" STYLE_REF="5">proportion</W>
			<W BOX="575 144 592 173" STYLE_REF="5">of</W>
			<W BOX="606 143 658 172" STYLE_REF="5">them</W>
			<W BOX="666 143 686 171" STYLE_REF="5">as</W>
			<W BOX="697 143 747 171" STYLE_REF="5">have</W>
			<W BOX="754 143 774 171" STYLE_REF="5">to</W>
			<L BOX="64 167 774 199"/>
			<W BOX="64 170 115 199" STYLE_REF="5">work</W>
			<W BOX="123 170 151 199" STYLE_REF="5">for</W>
			<W BOX="160 170 209 198" STYLE_REF="5">their</W>
			<Q BOX="217 170 274 198" STYLE_REF="5" QID="5">bread</Q>
			<q BOX="290 170 321 198" STYLE_REF="5" QID="5">are</q>
			<QW QID="5">breadare</QW>
			<W BOX="329 170 349 198" STYLE_REF="5">to</W>
			<W BOX="356 170 380 198" STYLE_REF="5">be</W>
			<W BOX="388 169 444 198" STYLE_REF="5">found</W>
			<W BOX="459 169 520 197" STYLE_REF="5">stated</W>
			<W BOX="529 168 549 196" STYLE_REF="5">in</W>
			<W BOX="558 167 591 196" STYLE_REF="5">the</W>
			<W BOX="599 167 667 196" STYLE_REF="5" NS="y">census</W>
			<W BOX="668 167 673 196" STYLE_REF="5">.</W>
			<Q BOX="697 167 762 196" STYLE_REF="5" QID="6">Femal</Q>
			<q BOX="763 167 774 196" STYLE_REF="5" QID="6">e</q>
			<QW QID="6">Female</QW>
		</Primitive>
		<Primitive BOX="24 190 829 245" ID="Ar0130002" SEQ_NO="2" TOC_ENTRY_ID="4" DEPTH_LEVEL="1">
			<L BOX="63 170 775 222"/>
			<W BOX="63 194 169 222" STYLE_REF="5">pauperism</W>
			<W BOX="181 194 190 222" STYLE_REF="5" NS="y">(</W>
			<W BOX="190 194 211 222" STYLE_REF="5">in</W>
			<W BOX="223 193 257 221" STYLE_REF="5">the</W>
			<W BOX="264 193 386 221" STYLE_REF="5">workhouses</W>
			<W BOX="275 170 281 198" STYLE_REF="5">,</W>
			<W BOX="386 193 394 221" STYLE_REF="5">)</W>
			<W BOX="407 192 442 221" STYLE_REF="5">can</W>
			<W BOX="456 192 480 221" STYLE_REF="5">be</W>
			<W BOX="493 191 591 220" STYLE_REF="5" NS="y">estimated</W>
			<W BOX="594 191 598 220" STYLE_REF="5">,</W>
			<W BOX="607 190 644 219" STYLE_REF="5">and</W>
			<W BOX="652 190 720 219" STYLE_REF="5">female</W>
			<Q BOX="729 190 766 219" STYLE_REF="5" QID="7">emi</Q>
			<Q BOX="766 190 775 219" STYLE_REF="5" QID="7">-</Q>
			<L BOX="63 214 777 245"/>
			<q BOX="63 217 134 245" STYLE_REF="5" QID="7">gration</q>
			<QW QID="7">emigration</QW>
			<Q BOX="144 217 183 245" STYLE_REF="5" QID="8">told</Q>
			<q BOX="199 217 219 245" STYLE_REF="5" QID="8">to</q>
			<QW QID="8">toldto</QW>
			<W BOX="227 217 237 245" STYLE_REF="5">a</W>
			<W BOX="246 217 293 245" STYLE_REF="5">head</W>
			<W BOX="301 217 305 245" STYLE_REF="5">:</W>
			<Q BOX="317 217 379 245" STYLE_REF="5" QID="9">nobod</Q>
			<q BOX="379 217 392 245" STYLE_REF="5" QID="9">y</q>
			<QW QID="9">nobody</QW>
			<W BOX="400 215 448 244" STYLE_REF="5">need</W>
			<W BOX="457 215 532 244" STYLE_REF="5">dispute</W>
			<W BOX="540 215 597 243" STYLE_REF="5">about</W>
			<W BOX="607 216 618 245" STYLE_REF="5">"</W>
			<W BOX="625 214 756 242" STYLE_REF="5">exaggeration</W>
			<W BOX="764 214 777 242" STYLE_REF="5">"</W>
		</Primitive>
		<Primitive BOX="24 237 829 292" ID="Ar0130003" SEQ_NO="3" TOC_ENTRY_ID="4" DEPTH_LEVEL="1">
			<L BOX="63 217 774 269"/>
			<W BOX="63 240 91 268" STYLE_REF="5">till</W>
			<W BOX="100 240 146 268" STYLE_REF="5">they</W>
			<W BOX="154 240 202 268" STYLE_REF="5">have</W>
			<W BOX="184 217 190 245" STYLE_REF="5">,</W>
			<W BOX="211 240 293 268" STYLE_REF="5">checked</W>
			<W BOX="302 240 317 268" STYLE_REF="5">it</W>
			<Q BOX="325 240 338 268" STYLE_REF="5" QID="10">b</Q>
			<q BOX="338 241 351 269" STYLE_REF="5" QID="10">y</q>
			<QW QID="10">by</QW>
			<Q BOX="358 240 370 268" STYLE_REF="5" QID="11">fi</Q>
			<Q BOX="372 239 385 268" STYLE_REF="5" QID="11">g</Q>
			<q BOX="386 239 428 268" STYLE_REF="5" NS="y" QID="11">ures</q>
			<QW QID="11">figures</QW>
			<W BOX="428 239 434 268" STYLE_REF="5">.</W>
			<W BOX="458 239 496 267" STYLE_REF="5" NS="y">But</W>
			<W BOX="497 239 502 267" STYLE_REF="5">,</W>
			<W BOX="508 238 610 267" STYLE_REF="5">supposing</W>
			<W BOX="616 237 689 266" STYLE_REF="5">women</W>
			<W BOX="697 237 717 266" STYLE_REF="5">to</W>
			<W BOX="725 237 774 266" STYLE_REF="5">have</W>
			<L BOX="63 261 774 292"/>
			<W BOX="63 264 82 292" STYLE_REF="5">as</W>
			<Q BOX="85 264 95 292" STYLE_REF="6" QID="12">g</Q>
			<q BOX="97 266 125 291" STYLE_REF="20" QID="12">ood</q>
			<QW QID="12">good</QW>
			<W BOX="133 263 211 292" STYLE_REF="5">chances</W>
			<W BOX="219 264 237 292" STYLE_REF="5">of</W>
			<Q BOX="246 264 301 292" STYLE_REF="5" QID="13">escap</Q>
			<q BOX="301 263 335 292" STYLE_REF="5" QID="13">ing</q>
			<QW QID="13">escaping</QW>
			<W BOX="342 263 452 291" STYLE_REF="5">destitution</W>
			<W BOX="460 263 480 291" STYLE_REF="5">as</W>
			<W BOX="489 262 532 291" STYLE_REF="5">men</W>
			<W BOX="541 261 550 290" STYLE_REF="5" NS="y">(</W>
			<W BOX="549 261 612 290" STYLE_REF="5">which</W>
			<W BOX="621 261 668 289" STYLE_REF="5">they</W>
			<W BOX="672 261 722 289" STYLE_REF="5">have</W>
			<W BOX="728 261 748 289" STYLE_REF="6" NS="y">no</W>
			<W BOX="748 261 759 289" STYLE_REF="6" NS="y">�</W>
			<W BOX="756 261 762 289" STYLE_REF="6" NS="y">)</W>
			<W BOX="767 262 774 290" STYLE_REF="6">,</W>
		</Primitive>
		<Primitive BOX="24 284 829 338" ID="Ar0130004" SEQ_NO="4" TOC_ENTRY_ID="4" DEPTH_LEVEL="1">
			<L BOX="62 284 771 315"/>
			<W BOX="62 287 100 315" STYLE_REF="5">still</W>
			<Q BOX="115 287 172 315" STYLE_REF="5" QID="14">every</Q>
			<q BOX="172 287 223 315" STYLE_REF="5" QID="14">body</q>
			<QW QID="14">everybody</QW>
			<W BOX="236 286 303 314" STYLE_REF="5">knows</W>
			<W BOX="315 286 357 314" STYLE_REF="5">that</W>
			<W BOX="370 286 479 314" STYLE_REF="5">destitution</W>
			<W BOX="492 285 509 314" STYLE_REF="5">is</W>
			<W BOX="521 285 549 314" STYLE_REF="5">for</W>
			<W BOX="563 285 615 313" STYLE_REF="5">them</W>
			<W BOX="628 284 639 312" STYLE_REF="5">a</W>
			<W BOX="650 284 702 312" STYLE_REF="5">more</W>
			<W BOX="715 284 771 312" STYLE_REF="5">awful</W>
			<L BOX="61 305 773 338"/>
			<W BOX="61 310 116 338" STYLE_REF="5" NS="y">thing</W>
			<W BOX="120 310 126 338" STYLE_REF="5">;</W>
			<W BOX="139 310 180 338" STYLE_REF="5">that</W>
			<W BOX="192 310 246 338" STYLE_REF="5">there</W>
			<W BOX="258 310 289 338" STYLE_REF="5">are</W>
			<W BOX="305 310 370 338" STYLE_REF="5">depths</W>
			<W BOX="384 309 403 338" STYLE_REF="5">of</W>
			<Q BOX="415 309 471 337" STYLE_REF="5" QID="15">horro</Q>
			<q BOX="471 309 480 337" STYLE_REF="5" NS="y" QID="15">r</q>
			<QW QID="15">horror</QW>
			<W BOX="481 309 486 337" STYLE_REF="5">,</W>
			<W BOX="494 309 511 337" STYLE_REF="5">of</W>
			<W BOX="524 308 644 337" STYLE_REF="5">degradation</W>
			<W BOX="648 305 652 333" STYLE_REF="5">,</W>
			<W BOX="660 307 702 336" STYLE_REF="5">into</W>
			<Q BOX="710 307 750 336" STYLE_REF="5" QID="16">whi</Q>
			<q BOX="750 307 773 336" STYLE_REF="5" QID="16">ch</q>
			<QW QID="16">which</QW>
		</Primitive>
		<Primitive BOX="24 331 829 385" ID="Ar0130005" SEQ_NO="5" TOC_ENTRY_ID="4" DEPTH_LEVEL="1">
			<L BOX="61 331 772 362"/>
			<W BOX="61 334 103 362" STYLE_REF="5">men</W>
			<W BOX="118 334 185 362" STYLE_REF="5">cannot</W>
			<W BOX="197 334 230 362" STYLE_REF="5" NS="y">fall</W>
			<W BOX="236 334 242 362" STYLE_REF="5">;</W>
			<W BOX="255 334 292 362" STYLE_REF="5">and</W>
			<W BOX="305 334 346 362" STYLE_REF="5" NS="y">that</W>
			<W BOX="347 333 352 361" STYLE_REF="5">,</W>
			<W BOX="360 333 441 361" STYLE_REF="5">without</W>
			<W BOX="455 333 493 361" STYLE_REF="5">any</W>
			<Q BOX="501 333 527 361" STYLE_REF="5" QID="17">ug</Q>
			<Q BOX="526 332 535 360" STYLE_REF="5" QID="17">l</Q>
			<q BOX="534 332 547 360" STYLE_REF="5" QID="17">y</q>
			<QW QID="17">ugly</QW>
			<W BOX="555 332 660 360" STYLE_REF="5">reflections</W>
			<W BOX="674 331 695 359" STYLE_REF="5">as</W>
			<W BOX="707 331 727 359" STYLE_REF="5">to</W>
			<W BOX="740 331 772 359" STYLE_REF="5">the</W>
			<L BOX="62 354 772 385"/>
			<W BOX="62 357 184 385" STYLE_REF="5">comparative</W>
			<W BOX="193 357 271 385" STYLE_REF="5">chances</W>
			<W BOX="280 357 298 385" STYLE_REF="5">of</W>
			<W BOX="312 357 345 385" STYLE_REF="5">the</W>
			<W BOX="355 356 462 384" STYLE_REF="5">university</W>
			<W BOX="469 356 519 384" STYLE_REF="5">tutor</W>
			<W BOX="531 356 552 384" STYLE_REF="5">or</W>
			<W BOX="560 356 593 384" STYLE_REF="5">the</W>
			<W BOX="603 355 704 383" STYLE_REF="5" NS="y">governess</W>
			<W BOX="704 356 710 384" STYLE_REF="5">,</W>
			<W BOX="718 354 772 383" STYLE_REF="5">there</W>
		</Primitive>
		<Primitive BOX="24 378 829 432" ID="Ar0130006" SEQ_NO="6" TOC_ENTRY_ID="4" DEPTH_LEVEL="1">
			<L BOX="61 378 771 409"/>
			<W BOX="61 380 77 408" STYLE_REF="5">is</W>
			<W BOX="83 380 149 408" STYLE_REF="5">cogent</W>
			<W BOX="156 380 221 408" STYLE_REF="5">reason</W>
			<Q BOX="226 380 258 408" STYLE_REF="5" QID="18">wh</Q>
			<q BOX="258 381 271 409" STYLE_REF="5" QID="18">y</q>
			<QW QID="18">why</QW>
			<W BOX="276 380 386 408" STYLE_REF="5">prosperous</W>
			<Q BOX="393 380 435 408" STYLE_REF="5" QID="19">Eng</Q>
			<q BOX="435 379 548 407" STYLE_REF="5" NS="y" QID="19">lishwomen</q>
			<QW QID="19">Englishwomen</QW>
			<W BOX="548 379 553 407" STYLE_REF="5">,</W>
			<W BOX="558 379 596 407" STYLE_REF="5">and</W>
			<W BOX="602 379 655 407" STYLE_REF="5">those</W>
			<W BOX="659 379 718 407" STYLE_REF="5">many</W>
			<W BOX="723 378 771 406" STYLE_REF="5">good</W>
			<L BOX="61 401 771 432"/>
			<W BOX="61 404 103 432" STYLE_REF="5">men</W>
			<W BOX="117 404 161 432" STYLE_REF="5">who</W>
			<W BOX="174 404 205 432" STYLE_REF="5">are</W>
			<W BOX="218 404 294 432" STYLE_REF="5">willing</W>
			<W BOX="305 404 326 432" STYLE_REF="5">to</W>
			<Q BOX="338 404 371 432" STYLE_REF="5" QID="20">hel</Q>
			<q BOX="371 403 383 431" STYLE_REF="5" QID="20">p</q>
			<QW QID="20">help</QW>
			<W BOX="399 403 452 431" STYLE_REF="5" NS="y">them</W>
			<W BOX="453 403 458 431" STYLE_REF="5">,</W>
			<W BOX="470 402 537 431" STYLE_REF="5">should</W>
			<W BOX="552 402 584 431" STYLE_REF="5">try</W>
			<Q BOX="598 401 608 430" STYLE_REF="5" QID="21" M="1 * ">"</Q>
			<q BOX="605 401 643 430" STYLE_REF="5" QID="21">with</q>
			<QW QID="21">_"with</QW>
			<Q BOX="659 401 687 430" STYLE_REF="5" QID="22">mi</Q>
			<Q BOX="686 402 700 430" STYLE_REF="5" QID="22">g</Q>
			<q BOX="698 401 722 430" STYLE_REF="5" QID="22">ht</q>
			<QW QID="22">might</QW>
			<W BOX="734 401 771 430" STYLE_REF="5">and</W>
		</Primitive>
		<Primitive BOX="24 424 829 479" ID="Ar0130007" SEQ_NO="7" TOC_ENTRY_ID="4" DEPTH_LEVEL="1">
			<L BOX="61 424 771 457"/>
			<W BOX="61 428 110 456" STYLE_REF="5">main</W>
			<W BOX="118 428 138 456" STYLE_REF="5">to</W>
			<Q BOX="146 428 178 456" STYLE_REF="5" QID="23">hel</Q>
			<q BOX="178 429 191 457" STYLE_REF="5" QID="23">p</q>
			<QW QID="23">help</QW>
			<W BOX="204 427 254 456" STYLE_REF="5">their</W>
			<W BOX="262 427 306 456" STYLE_REF="5">own</W>
			<W BOX="319 427 350 455" STYLE_REF="5">sex</W>
			<W BOX="364 426 384 454" STYLE_REF="5">to</W>
			<W BOX="396 426 469 454" STYLE_REF="5">further</W>
			<W BOX="482 425 583 453" STYLE_REF="5">industrial</W>
			<W BOX="597 425 651 453" STYLE_REF="5" NS="y">gains</W>
			<W BOX="651 424 656 452" STYLE_REF="5">,</W>
			<W BOX="666 425 703 453" STYLE_REF="5">and</W>
			<W BOX="713 425 771 453" STYLE_REF="5">every</W>
			<L BOX="61 448 771 479"/>
			<W BOX="61 451 123 479" STYLE_REF="5">reason</W>
			<Q BOX="132 451 165 479" STYLE_REF="5" QID="24">wh</Q>
			<q BOX="164 451 177 479" STYLE_REF="5" QID="24">y</q>
			<QW QID="24">why</QW>
			<W BOX="184 451 218 479" STYLE_REF="5">the</W>
			<W BOX="225 451 291 479" STYLE_REF="5">young</W>
			<W BOX="297 450 385 478" STYLE_REF="5">working</W>
			<W BOX="392 449 464 478" STYLE_REF="5">women</W>
			<W BOX="473 449 491 477" STYLE_REF="5">of</W>
			<W BOX="502 449 536 477" STYLE_REF="5">the</W>
			<W BOX="544 449 580 477" STYLE_REF="5">day</W>
			<Q BOX="589 448 643 477" STYLE_REF="5" QID="25">shoul</Q>
			<q BOX="644 448 656 476" STYLE_REF="5" QID="25">d</q>
			<QW QID="25">should</QW>
			<W BOX="666 448 705 476" STYLE_REF="5">cast</W>
			<W BOX="713 448 771 476" STYLE_REF="5">about</W>
		</Primitive>
		<Primitive BOX="24 471 829 526" ID="Ar0130008" SEQ_NO="8" TOC_ENTRY_ID="4" DEPTH_LEVEL="1">
			<L BOX="60 471 771 503"/>
			<W BOX="60 475 86 503" STYLE_REF="5">for</W>
			<W BOX="95 475 146 503" STYLE_REF="5">what</W>
			<W BOX="159 475 208 503" STYLE_REF="5">their</W>
			<W BOX="220 475 271 503" STYLE_REF="5">hand</W>
			<W BOX="283 474 353 502" STYLE_REF="5">findeth</W>
			<W BOX="364 473 384 502" STYLE_REF="5">to</W>
			<W BOX="392 473 417 502" STYLE_REF="5" NS="y">do</W>
			<W BOX="418 473 423 501" STYLE_REF="5">,</W>
			<W BOX="431 472 569 501" STYLE_REF="5">remembering</W>
			<W BOX="575 472 616 500" STYLE_REF="5" NS="y">that</W>
			<W BOX="617 472 622 500" STYLE_REF="5">,</W>
			<W BOX="631 471 677 500" STYLE_REF="5">after</W>
			<W BOX="687 471 713 500" STYLE_REF="5" NS="y">all</W>
			<W BOX="715 471 720 500" STYLE_REF="5">,</W>
			<W BOX="729 472 744 500" STYLE_REF="5">it</W>
			<W BOX="753 472 771 500" STYLE_REF="5">is</W>
			<L BOX="59 495 640 526"/>
			<W BOX="59 498 169 526" STYLE_REF="5">themselves</W>
			<W BOX="176 498 221 526" STYLE_REF="5">who</W>
			<W BOX="229 498 278 526" STYLE_REF="5">must</W>
			<W BOX="284 498 331 526" STYLE_REF="5">clear</W>
			<W BOX="342 497 375 526" STYLE_REF="5">the</W>
			<W BOX="380 497 429 525" STYLE_REF="5">path</W>
			<W BOX="434 497 454 525" STYLE_REF="5">to</W>
			<W BOX="462 496 505 524" STYLE_REF="5">new</W>
			<W BOX="513 495 633 524" STYLE_REF="5" NS="y">occupations</W>
			<W BOX="633 495 640 524" STYLE_REF="5">.</W>
		</Primitive>
		<Primitive BOX="24 526 829 607" ID="Ar0130009" SEQ_NO="9" TOC_ENTRY_ID="4" DEPTH_LEVEL="1">
			<L BOX="188 535 641 569"/>
			<W BOX="188 540 199 569" STYLE_REF="5">"</W>
			<W BOX="208 537 248 566" STYLE_REF="6">Who</W>
			<W BOX="252 537 306 566" STYLE_REF="6">would</W>
			<W BOX="314 537 331 566" STYLE_REF="6">he</W>
			<W BOX="332 536 369 565" STYLE_REF="6" NS="y">free</W>
			<W BOX="371 538 378 566" STYLE_REF="6">,</W>
			<W BOX="382 536 437 564" STYLE_REF="6">herself</W>
			<W BOX="445 535 490 563" STYLE_REF="6">must</W>
			<W BOX="495 535 546 563" STYLE_REF="6">strike</W>
			<W BOX="552 535 578 563" STYLE_REF="6">the</W>
			<W BOX="585 535 625 563" STYLE_REF="6" NS="y">blow</W>
			<W BOX="630 535 641 564" STYLE_REF="6" M="1 * ">_"</W>
		</Primitive>
	</Content>
	<TOC_Entries><TOC_Entry TOC_ENTRY_ID="27" TITLE="The Annual Reports of the Governesses' B..." ENTITY_ID_REF="Ar01300" PAGE_NO="13" PAGE_LABEL="13" PRIM_ID_REF="Ar0130000" IS_IC="true"/></TOC_Entries></XMD-entity>
