<?xml version="1.0" encoding="windows-1252" standalone="no"?>
<XMD-entity REPOSITORY_FORMAT="1.0" PRXML_VER="2.0" ENTITY_TYPE="Article" DOC_UID="EWJ_01/03/1858" DOC_VER="1" FIRST_TOC_ENTRY_ID="49" DEPTH_LEVEL="1" INDEX_IN_DOC="103" PAGE_NO="40" ID="Ar04001" BOX="24 12 829 85" LANGUAGE="English" SNP="Ar04001S.png" SNP_WIDTH="806" SNP_HEIGHT="74" LOGICAL_NAME="true">
	<Meta NAME="40 &quot; BEADSHAW THE BETRAYER." DESCRIPTION="" SUBTYPE="" BASE_HREF="EWJ/1858/03/01" SOURCE_TYPE="TIFF" PUBLICATION="EWJ" SECTION="None" ISSUE_DATE="01/03/1858" WORDCNT="6" RELEASE_NO="041-EWJ-1858-03-01-001-SINGLE" PAGE_ID="" PAGE_TYPE="Single" PAGE_WIDTH="842" PAGE_HEIGHT="1244" DEFAULT_IMG_EXT="png" PDF_DESTINATION_MAPPED="OLV0_Entity_0040_0002" IMAGES_RESOLUTION="86" XMD_VER="2.6.238.8" PAGE_LABEL="40"/>
	<Link SOURCE="041-EWJ-1858-03-01-001-SINGLE.PDF" FIRST_ID="Ar00200" LAST_ID="Ar07201" NEXT_ID="" PREV_ID="Ar04000" TOC_ID="d:/Olive/Repository/EWJ/1858/03/01/TOC.xml"/>
	<DataFiles>
		<Files TYPE="DOC_PDF" PRESENT="1"/>
		<Files TYPE="PAGE_PDF" PRESENT="0"/>
		<Files TYPE="DOC_IMG" PRESENT="0"/>
		<Files TYPE="PAGE_IMG" PRESENT="0"/>
		<Files TYPE="PAGE_VIEW_IMG" PRESENT="1"/>
		<Files TYPE="PAGE_PREVIEW_IMG" PRESENT="1"/>
		<Files TYPE="PRIMITIVE_IMG" PRESENT="1"/>
		<Files TYPE="SNIPPET_IMG" PRESENT="1"/>
	</DataFiles>
	<Content>
		<Primitive BOX="24 12 829 85" ID="Ar0400100" SEQ_NO="0" TOC_ENTRY_ID="49" DEPTH_LEVEL="1">
			<L BOX="75 41 593 86"/>
			<W BOX="75 46 100 85" STYLE_REF="15">40</W>
			<W BOX="150 41 158 79" STYLE_REF="15">"</W>
			<W BOX="282 47 395 86" STYLE_REF="15">BEADSHAW</W>
			<W BOX="414 47 457 86" STYLE_REF="15">THE</W>
			<W BOX="472 47 577 86" STYLE_REF="15" NS="y">BETRAYER</W>
			<W BOX="577 47 593 86" STYLE_REF="15">.</W>
		</Primitive>
	</Content>
	<TOC_Entries><TOC_Entry TOC_ENTRY_ID="87" TITLE="40 &quot; BEADSHAW THE BETRAYER." ENTITY_ID_REF="Ar04001" PAGE_NO="40" PAGE_LABEL="40" PRIM_ID_REF="Ar0400100" IS_IC="true"/></TOC_Entries></XMD-entity>
