<?xml version="1.0" encoding="windows-1252" standalone="no"?>
<XMD-entity REPOSITORY_FORMAT="1.0" PRXML_VER="2.0" ENTITY_TYPE="Article" FIRST_TOC_ENTRY_ID="45" DEPTH_LEVEL="1" INDEX_IN_DOC="91" PAGE_NO="48" ID="Ar04800" BOX="24 94 829 1219" LANGUAGE="English" CONTINUATION_TO="Ar04900" CONTINUATION_FROM="Ar04700" LOGICAL_NAME="true">
	<Meta NAME=".+. &quot; Oh Doricles ! your praises are too..." DESCRIPTION="" SUBTYPE="" BASE_HREF="EWJ/1858/03/01" SOURCE_TYPE="TIFF" PUBLICATION="EWJ" SECTION="None" ISSUE_DATE="01/03/1858" WORDCNT="600" RELEASE_NO="041-EWJ-1858-03-01-001-SINGLE" PAGE_ID="" PAGE_TYPE="Single" PAGE_WIDTH="842" PAGE_HEIGHT="1244" DEFAULT_IMG_EXT="png" PDF_DESTINATION_MAPPED="OLV0_Entity_0048_0001" IMAGES_RESOLUTION="86" XMD_VER="2.6.238.8" PAGE_LABEL="48"/>
	<Link SOURCE="041-EWJ-1858-03-01-001-SINGLE.PDF" FIRST_ID="Ar00200" LAST_ID="Ar07201" NEXT_ID="Ar04801" PREV_ID="" TOC_ID="d:/Olive/Repository/EWJ/1858/03/01/TOC.xml"/>
	<DataFiles>
		<Files TYPE="DOC_PDF" PRESENT="1"/>
		<Files TYPE="PAGE_PDF" PRESENT="0"/>
		<Files TYPE="DOC_IMG" PRESENT="0"/>
		<Files TYPE="PAGE_IMG" PRESENT="0"/>
		<Files TYPE="PAGE_VIEW_IMG" PRESENT="1"/>
		<Files TYPE="PAGE_PREVIEW_IMG" PRESENT="1"/>
		<Files TYPE="PRIMITIVE_IMG" PRESENT="1"/>
		<Files TYPE="SNIPPET_IMG" PRESENT="1"/>
	</DataFiles>
	<Content>
		<Primitive BOX="24 94 829 150" ID="Ar0480000" SEQ_NO="0" TOC_ENTRY_ID="45" DEPTH_LEVEL="1">
			<L BOX="81 101 774 128"/>
			<W BOX="81 101 116 127" STYLE_REF="9">one</W>
			<W BOX="123 101 166 127" STYLE_REF="9">who</W>
			<W BOX="172 101 204 127" STYLE_REF="9">lias</W>
			<W BOX="213 101 278 127" STYLE_REF="9">driven</W>
			<W BOX="286 101 330 127" STYLE_REF="9">hard</W>
			<W BOX="338 101 363 127" STYLE_REF="9">all</W>
			<W BOX="373 101 406 128" STYLE_REF="9">the</W>
			<Q BOX="412 102 420 128" STYLE_REF="9" QID="1">"</Q>
			<q BOX="420 102 455 128" STYLE_REF="9" NS="y" QID="1">way</q>
			<QW QID="1">"way</QW>
			<W BOX="455 102 459 128" STYLE_REF="9">,</W>
			<W BOX="468 102 503 128" STYLE_REF="9">and</W>
			<W BOX="512 102 611 128" STYLE_REF="9">exhausted</W>
			<W BOX="623 102 696 128" STYLE_REF="9">himself</W>
			<W BOX="709 102 729 128" STYLE_REF="9">in</W>
			<W BOX="741 102 774 128" STYLE_REF="9">the</W>
			<L BOX="80 123 456 150"/>
			<W BOX="80 123 150 150" STYLE_REF="9">service</W>
			<W BOX="159 123 176 150" STYLE_REF="9">of</W>
			<W BOX="184 123 207 150" STYLE_REF="9">an</W>
			<W BOX="215 123 319 150" STYLE_REF="9">ungrateful</W>
			<W BOX="328 124 449 150" STYLE_REF="9" NS="y">government</W>
			<W BOX="450 124 456 150" STYLE_REF="9">.</W>
		</Primitive>
		<Primitive BOX="24 146 829 197" ID="Ar0480001" SEQ_NO="1" TOC_ENTRY_ID="45" DEPTH_LEVEL="1">
			<L BOX="104 146 773 175"/>
			<W BOX="104 146 155 172" STYLE_REF="9" NS="y">Thus</W>
			<W BOX="156 146 160 173" STYLE_REF="9">,</W>
			<W BOX="169 146 187 173" STYLE_REF="9">at</W>
			<W BOX="194 146 217 173" STYLE_REF="9">an</W>
			<W BOX="228 146 351 173" STYLE_REF="9">intermittent</W>
			<W BOX="361 147 406 174" STYLE_REF="9">pace</W>
			<W BOX="417 147 481 174" STYLE_REF="9">which</W>
			<W BOX="491 147 508 174" STYLE_REF="9">is</W>
			<Q BOX="521 147 616 174" STYLE_REF="9" QID="2">alternatel</Q>
			<q BOX="616 148 629 175" STYLE_REF="9" QID="2">y</q>
			<QW QID="2">alternately</QW>
			<W BOX="637 147 708 173" STYLE_REF="9">furious</W>
			<W BOX="717 147 738 173" STYLE_REF="9">or</W>
			<Q BOX="746 147 765 173" STYLE_REF="9" QID="3">fu</Q>
			<Q BOX="765 147 773 173" STYLE_REF="9" QID="3">-</Q>
			<L BOX="80 169 773 197"/>
			<Q BOX="80 169 123 195" STYLE_REF="9" QID="3">nere</Q>
			<q BOX="123 169 141 195" STYLE_REF="9" QID="3">al</q>
			<QW QID="3">funereal</QW>
			<W BOX="149 169 246 196" STYLE_REF="9">according</W>
			<W BOX="254 169 274 196" STYLE_REF="9">as</W>
			<W BOX="281 169 311 196" STYLE_REF="9">we</W>
			<W BOX="317 169 406 196" STYLE_REF="9">approach</W>
			<W BOX="415 169 426 196" STYLE_REF="9">a</W>
			<W BOX="434 169 503 196" STYLE_REF="9">village</W>
			<W BOX="511 170 531 197" STYLE_REF="9">or</W>
			<W BOX="538 170 621 197" STYLE_REF="9">traverse</W>
			<W BOX="628 170 638 197" STYLE_REF="9">a</W>
			<Q BOX="646 170 696 196" STYLE_REF="9" QID="4">lonel</Q>
			<q BOX="696 170 710 196" STYLE_REF="9" QID="4">y</q>
			<QW QID="4">lonely</QW>
			<Q BOX="718 169 765 196" STYLE_REF="9" QID="5">coun</Q>
			<Q BOX="765 169 773 196" STYLE_REF="9" QID="5">-</Q>
		</Primitive>
		<Primitive BOX="24 191 829 242" ID="Ar0480002" SEQ_NO="2" TOC_ENTRY_ID="45" DEPTH_LEVEL="1">
			<L BOX="79 191 772 220"/>
			<q BOX="79 191 110 218" STYLE_REF="9" QID="5">try</q>
			<QW QID="5">country</QW>
			<W BOX="118 192 161 218" STYLE_REF="9" NS="y">road</W>
			<W BOX="162 192 167 219" STYLE_REF="9">,</W>
			<W BOX="176 192 204 218" STYLE_REF="9">we</W>
			<W BOX="209 192 292 219" STYLE_REF="9">journey</W>
			<W BOX="298 192 321 218" STYLE_REF="9">on</W>
			<W BOX="329 192 361 218" STYLE_REF="9">our</W>
			<W BOX="369 192 411 219" STYLE_REF="9" NS="y">way</W>
			<W BOX="411 192 417 219" STYLE_REF="9">.</W>
			<Q BOX="441 192 459 219" STYLE_REF="9" QID="6">B</Q>
			<q BOX="457 193 470 219" STYLE_REF="9" QID="6">y</q>
			<QW QID="6">By</QW>
			<W BOX="478 193 514 219" STYLE_REF="9">and</W>
			<Q BOX="522 193 535 219" STYLE_REF="9" QID="7">b</Q>
			<q BOX="535 193 559 220" STYLE_REF="9" QID="7">ye</q>
			<QW QID="7">bye</QW>
			<W BOX="566 193 598 220" STYLE_REF="9">the</W>
			<W BOX="606 193 703 219" STYLE_REF="9">landscape</W>
			<W BOX="711 192 772 219" STYLE_REF="9">grows</W>
			<L BOX="80 214 774 242"/>
			<Q BOX="80 214 110 241" STYLE_REF="9" QID="8">mo</Q>
			<q BOX="110 214 130 241" STYLE_REF="9" QID="8">re</q>
			<QW QID="8">more</QW>
			<W BOX="142 214 178 241" STYLE_REF="9">and</W>
			<W BOX="193 214 244 241" STYLE_REF="9">more</W>
			<W BOX="260 214 339 241" STYLE_REF="9" NS="y">desolate</W>
			<W BOX="346 214 351 241" STYLE_REF="9">;</W>
			<W BOX="368 214 400 241" STYLE_REF="9">the</W>
			<W BOX="415 215 459 242" STYLE_REF="9">heat</W>
			<W BOX="473 215 525 242" STYLE_REF="9">more</W>
			<W BOX="540 215 576 242" STYLE_REF="9">and</W>
			<W BOX="591 215 642 242" STYLE_REF="9">more</W>
			<W BOX="657 215 763 242" STYLE_REF="9" NS="y">oppressive</W>
			<W BOX="765 215 774 242" STYLE_REF="9">.</W>
		</Primitive>
		<Primitive BOX="24 237 829 288" ID="Ar0480003" SEQ_NO="3" TOC_ENTRY_ID="45" DEPTH_LEVEL="1">
			<L BOX="78 237 770 265"/>
			<W BOX="78 237 148 264" STYLE_REF="9">Dreary</W>
			<W BOX="157 237 246 264" STYLE_REF="9">sandhills</W>
			<W BOX="257 237 293 264" STYLE_REF="9">and</W>
			<W BOX="306 237 416 264" STYLE_REF="9">undulating</W>
			<W BOX="423 238 494 265" STYLE_REF="9">sweeps</W>
			<W BOX="501 238 519 265" STYLE_REF="9">of</W>
			<W BOX="531 238 585 265" STYLE_REF="9">furzy</W>
			<W BOX="596 238 680 265" STYLE_REF="9">common</W>
			<W BOX="693 238 770 265" STYLE_REF="9">succeed</W>
			<L BOX="78 260 769 288"/>
			<W BOX="78 260 98 286" STYLE_REF="9">to</W>
			<W BOX="105 260 137 286" STYLE_REF="9">the</W>
			<W BOX="144 260 196 286" STYLE_REF="9">fields</W>
			<W BOX="206 260 241 286" STYLE_REF="9">and</W>
			<W BOX="249 260 305 287" STYLE_REF="9">farms</W>
			<W BOX="313 260 366 287" STYLE_REF="9">about</W>
			<W BOX="374 260 471 287" STYLE_REF="9" NS="y">Abbeville</W>
			<W BOX="471 260 477 287" STYLE_REF="9">.</W>
			<Q BOX="503 261 585 287" STYLE_REF="9" QID="9">Habitati</Q>
			<q BOX="587 261 619 288" STYLE_REF="9" QID="9">ons</q>
			<QW QID="9">Habitations</QW>
			<W BOX="626 261 701 288" STYLE_REF="9">become</W>
			<W BOX="713 260 769 287" STYLE_REF="9">fewer</W>
		</Primitive>
		<Primitive BOX="24 283 829 334" ID="Ar0480004" SEQ_NO="4" TOC_ENTRY_ID="45" DEPTH_LEVEL="1">
			<L BOX="78 283 769 311"/>
			<W BOX="78 283 115 310" STYLE_REF="9">and</W>
			<W BOX="123 283 192 310" STYLE_REF="9">farther</W>
			<W BOX="199 283 285 310" STYLE_REF="9" NS="y">between</W>
			<W BOX="285 283 291 310" STYLE_REF="9">.</W>
			<W BOX="315 284 420 310" STYLE_REF="9">Vegetation</W>
			<W BOX="431 284 497 310" STYLE_REF="9">almost</W>
			<W BOX="510 284 571 310" STYLE_REF="9" NS="y">ceases</W>
			<W BOX="572 284 578 310" STYLE_REF="9">.</W>
			<W BOX="600 284 640 311" STYLE_REF="9">The</W>
			<W BOX="652 284 706 311" STYLE_REF="9" NS="y">horse</W>
			<W BOX="706 283 714 310" STYLE_REF="9" NS="y">'</W>
			<W BOX="712 284 721 311" STYLE_REF="9">s</W>
			<W BOX="732 284 769 311" STYLE_REF="9">feet</W>
			<L BOX="77 306 768 334"/>
			<W BOX="77 306 119 332" STYLE_REF="9">sink</W>
			<W BOX="127 306 173 332" STYLE_REF="9">deep</W>
			<W BOX="182 306 200 333" STYLE_REF="9">at</W>
			<W BOX="208 306 266 333" STYLE_REF="9">every</W>
			<W BOX="273 306 312 333" STYLE_REF="9" NS="y">step</W>
			<W BOX="312 306 318 333" STYLE_REF="9">,</W>
			<W BOX="328 306 363 333" STYLE_REF="9">and</W>
			<W BOX="371 306 403 333" STYLE_REF="9">the</W>
			<W BOX="410 306 486 333" STYLE_REF="9">drifting</W>
			<Q BOX="501 307 547 334" STYLE_REF="9" QID="10">sand</Q>
			<Q BOX="547 307 555 334" STYLE_REF="9" LH="y" QID="10">-</Q>
			<q BOX="555 307 596 334" STYLE_REF="9" QID="10">dust</q>
			<QW QID="10">sand-dust</QW>
			<W BOX="603 307 665 334" STYLE_REF="9">swirls</W>
			<W BOX="671 307 698 334" STYLE_REF="9">up</W>
			<W BOX="705 307 726 334" STYLE_REF="9">in</W>
			<W BOX="735 307 768 334" STYLE_REF="9">our</W>
		</Primitive>
		<Primitive BOX="24 328 829 380" ID="Ar0480005" SEQ_NO="5" TOC_ENTRY_ID="45" DEPTH_LEVEL="1">
			<L BOX="74 328 568 356"/>
			<W BOX="74 328 124 355" STYLE_REF="9">faces</W>
			<W BOX="131 328 178 355" STYLE_REF="9">with</W>
			<W BOX="185 328 239 355" STYLE_REF="9">every</W>
			<W BOX="249 329 281 356" STYLE_REF="9">hot</W>
			<W BOX="289 329 330 356" STYLE_REF="9">gust</W>
			<W BOX="338 329 355 356" STYLE_REF="9">of</W>
			<W BOX="364 329 396 356" STYLE_REF="9">the</W>
			<Q BOX="403 329 456 356" STYLE_REF="9" QID="11">north</Q>
			<Q BOX="457 329 465 356" STYLE_REF="9" LH="y" QID="11">-</Q>
			<q BOX="465 329 504 356" STYLE_REF="9" QID="11">east</q>
			<QW QID="11">north-east</QW>
			<W BOX="512 328 517 355" STYLE_REF="9" NS="y">�</W>
			<W BOX="514 328 561 355" STYLE_REF="9" NS="y">wind</W>
			<W BOX="561 328 568 355" STYLE_REF="9">.</W>
			<L BOX="99 352 768 380"/>
			<W BOX="99 352 132 378" STYLE_REF="9">We</W>
			<W BOX="140 352 188 378" STYLE_REF="9">have</W>
			<W BOX="195 352 241 378" STYLE_REF="9">been</W>
			<W BOX="249 352 291 378" STYLE_REF="9">four</W>
			<W BOX="298 352 353 378" STYLE_REF="9">hours</W>
			<W BOX="360 352 397 378" STYLE_REF="9">and</W>
			<W BOX="410 352 420 378" STYLE_REF="9">a</W>
			<W BOX="435 352 473 378" STYLE_REF="9">half</W>
			<W BOX="482 353 531 380" STYLE_REF="9">upon</W>
			<W BOX="540 353 573 380" STYLE_REF="9">the</W>
			<W BOX="580 353 622 380" STYLE_REF="9">road</W>
			<Q BOX="629 353 690 380" STYLE_REF="9" QID="12">alread</Q>
			<q BOX="691 353 707 380" STYLE_REF="9" NS="y" QID="12">y</q>
			<QW QID="12">already</QW>
			<W BOX="707 353 715 380" STYLE_REF="9">;</W>
			<W BOX="727 353 742 380" STYLE_REF="9">it</W>
			<W BOX="750 353 768 380" STYLE_REF="9">is</W>
		</Primitive>
		<Primitive BOX="24 374 829 426" ID="Ar0480006" SEQ_NO="6" TOC_ENTRY_ID="45" DEPTH_LEVEL="1">
			<L BOX="74 374 767 426"/>
			<W BOX="74 374 121 401" STYLE_REF="9">close</W>
			<W BOX="99 399 115 426" STYLE_REF="9" NS="y">"</W>
			<W BOX="115 397 170 424" STYLE_REF="9">From</W>
			<W BOX="129 374 178 401" STYLE_REF="9">upon</W>
			<W BOX="183 397 214 424" STYLE_REF="9">the</W>
			<W BOX="186 374 238 401" STYLE_REF="9">three</W>
			<W BOX="222 397 254 424" STYLE_REF="9">top</W>
			<W BOX="245 374 257 401" STYLE_REF="9" NS="y">o</W>
			<W BOX="257 374 265 401" STYLE_REF="9">'</W>
			<W BOX="262 398 332 424" STYLE_REF="9">yonder</W>
			<W BOX="262 375 315 402" STYLE_REF="9" NS="y">clock</W>
			<W BOX="320 375 325 402" STYLE_REF="9">;</W>
			<W BOX="333 398 339 425" STYLE_REF="9">,</W>
			<W BOX="338 375 373 402" STYLE_REF="9">and</W>
			<W BOX="339 397 349 424" STYLE_REF="9">"</W>
			<W BOX="360 398 402 425" STYLE_REF="9">says</W>
			<W BOX="382 375 392 402" STYLE_REF="9">a</W>
			<W BOX="400 375 445 402" STYLE_REF="9">long</W>
			<W BOX="414 398 447 425" STYLE_REF="9">the</W>
			<W BOX="452 375 486 402" STYLE_REF="9">hill</W>
			<W BOX="457 398 514 425" STYLE_REF="10">gamin</W>
			<Q BOX="494 377 508 403" STYLE_REF="9" QID="13">g</Q>
			<q BOX="507 375 553 402" STYLE_REF="9" QID="13">lares</q>
			<QW QID="13">glares</QW>
			<W BOX="527 399 630 426" STYLE_REF="9">composedl</W>
			<W BOX="560 375 620 402" STYLE_REF="9">before</W>
			<W BOX="630 398 644 426" STYLE_REF="5">y</W>
			<W BOX="630 375 654 402" STYLE_REF="9">us</W>
			<W BOX="660 375 679 402" STYLE_REF="9">in</W>
			<Q BOX="660 393 666 418" STYLE_REF="14" QID="14">&lt;</Q>
			<q BOX="667 393 670 418" STYLE_REF="14" QID="14">(</q>
			<QW QID="14">&lt;(</QW>
			<W BOX="677 398 706 425" STYLE_REF="9">we</W>
			<W BOX="686 375 719 402" STYLE_REF="9">the</W>
			<W BOX="718 398 767 425" STYLE_REF="9">shall</W>
			<W BOX="725 375 761 402" STYLE_REF="9" NS="y">sun</W>
			<W BOX="761 375 767 402" STYLE_REF="9">.</W>
		</Primitive>
		<Primitive BOX="24 420 829 471" ID="Ar0480007" SEQ_NO="7" TOC_ENTRY_ID="45" DEPTH_LEVEL="1">
			<L BOX="644 398 651 426"/>
			<W BOX="644 398 651 426" STYLE_REF="5">,</W>
			<L BOX="72 420 331 448" P="S"/>
			<W BOX="72 420 123 446" STYLE_REF="9">come</W>
			<W BOX="130 420 150 446" STYLE_REF="9">in</W>
			<Q BOX="157 420 173 446" STYLE_REF="9" QID="15">si</Q>
			<Q BOX="173 421 186 448" STYLE_REF="9" QID="15">g</Q>
			<q BOX="185 420 206 447" STYLE_REF="9" QID="15">ht</q>
			<QW QID="15">sight</QW>
			<W BOX="214 420 231 447" STYLE_REF="9">of</W>
			<W BOX="240 420 273 447" STYLE_REF="9">the</W>
			<W BOX="281 420 312 447" STYLE_REF="9" NS="y">sea</W>
			<W BOX="312 421 321 448" STYLE_REF="9" NS="y">.</W>
			<W BOX="317 420 331 446" STYLE_REF="9">"</W>
			<L BOX="98 442 504 471"/>
			<W BOX="98 443 110 469" STYLE_REF="9">**</W>
			<W BOX="115 443 155 469" STYLE_REF="9">The</W>
			<W BOX="163 443 193 470" STYLE_REF="9">sea</W>
			<W BOX="200 442 205 469" STYLE_REF="9">!</W>
			<W BOX="217 443 237 470" STYLE_REF="9">Is</W>
			<W BOX="245 444 266 470" STYLE_REF="9" NS="y">St</W>
			<W BOX="266 444 272 470" STYLE_REF="9">.</W>
			<W BOX="280 444 348 470" STYLE_REF="9">Valery</W>
			<W BOX="356 444 401 470" STYLE_REF="9">near</W>
			<W BOX="408 444 441 470" STYLE_REF="9">the</W>
			<W BOX="449 444 477 470" STYLE_REF="9">sea</W>
			<Q BOX="484 444 494 471" STYLE_REF="9" QID="16">?</Q>
			<q BOX="494 444 504 471" STYLE_REF="9" QID="16">"</q>
			<QW QID="16">?"</QW>
		</Primitive>
		<Primitive BOX="24 466 829 517" ID="Ar0480008" SEQ_NO="8" TOC_ENTRY_ID="45" DEPTH_LEVEL="1">
			<L BOX="96 466 622 494"/>
			<W BOX="96 468 107 494" STYLE_REF="9">"</W>
			<W BOX="114 466 160 492" STYLE_REF="10">Mais</W>
			<W BOX="166 466 274 492" STYLE_REF="10" NS="y">certainement</W>
			<W BOX="278 467 282 493" STYLE_REF="9">.</W>
			<W BOX="307 467 343 493" STYLE_REF="9">Did</W>
			<W BOX="351 467 384 493" STYLE_REF="9">not</W>
			<W BOX="392 467 486 493" STYLE_REF="9">Monsieur</W>
			<W BOX="494 467 550 493" STYLE_REF="9">know</W>
			<W BOX="557 467 597 493" STYLE_REF="9" NS="y">that</W>
			<Q BOX="602 467 611 494" STYLE_REF="9" QID="17">?</Q>
			<q BOX="611 467 622 494" STYLE_REF="9" QID="17">"</q>
			<QW QID="17">?"</QW>
			<L BOX="94 488 764 517"/>
			<W BOX="94 488 105 515" STYLE_REF="9">I</W>
			<W BOX="113 488 143 515" STYLE_REF="9">did</W>
			<W BOX="152 488 185 515" STYLE_REF="9">not</W>
			<W BOX="192 488 248 515" STYLE_REF="9">know</W>
			<W BOX="260 488 276 515" STYLE_REF="9" NS="y">it</W>
			<W BOX="277 489 282 516" STYLE_REF="9">,</W>
			<W BOX="290 489 325 516" STYLE_REF="9">and</W>
			<W BOX="335 489 345 516" STYLE_REF="9">I</W>
			<W BOX="357 489 387 516" STYLE_REF="9">am</W>
			<W BOX="399 489 432 516" STYLE_REF="9">not</W>
			<Q BOX="444 491 457 517" STYLE_REF="9" QID="18">p</Q>
			<q BOX="458 490 518 517" STYLE_REF="9" QID="18">leased</q>
			<QW QID="18">pleased</QW>
			<W BOX="531 490 551 517" STYLE_REF="9">to</W>
			<W BOX="564 490 618 517" STYLE_REF="9">know</W>
			<W BOX="629 491 644 517" STYLE_REF="9" NS="y">it</W>
			<W BOX="644 491 651 517" STYLE_REF="9">.</W>
			<W BOX="675 491 686 517" STYLE_REF="9">I</W>
			<W BOX="694 491 723 517" STYLE_REF="9">am</W>
			<W BOX="731 491 764 517" STYLE_REF="9">not</W>
		</Primitive>
		<Primitive BOX="24 512 829 563" ID="Ar0480009" SEQ_NO="9" TOC_ENTRY_ID="45" DEPTH_LEVEL="1">
			<L BOX="69 512 764 540"/>
			<W BOX="69 512 114 539" STYLE_REF="9">fond</W>
			<W BOX="127 512 144 539" STYLE_REF="9">of</W>
			<W BOX="158 512 191 539" STYLE_REF="9">the</W>
			<Q BOX="204 512 235 539" STYLE_REF="9" QID="19">sea</Q>
			<Q BOX="235 512 243 539" STYLE_REF="9" LH="y" QID="19">-</Q>
			<q BOX="243 512 282 539" STYLE_REF="9" NS="y" QID="19">side</q>
			<QW QID="19">sea-side</QW>
			<W BOX="282 512 288 539" STYLE_REF="9">.</W>
			<W BOX="310 512 320 539" STYLE_REF="9">I</W>
			<W BOX="332 512 375 539" STYLE_REF="9">hate</W>
			<W BOX="388 512 466 539" STYLE_REF="9" NS="y">bathing</W>
			<W BOX="466 512 472 539" STYLE_REF="9">.</W>
			<W BOX="495 513 505 540" STYLE_REF="9">I</W>
			<W BOX="519 513 548 540" STYLE_REF="9">am</W>
			<W BOX="559 513 592 540" STYLE_REF="9">not</W>
			<W BOX="608 513 669 540" STYLE_REF="9">clever</W>
			<W BOX="681 513 700 540" STYLE_REF="9">at</W>
			<W BOX="714 513 764 540" STYLE_REF="9">coast</W>
			<L BOX="69 535 764 563"/>
			<W BOX="69 535 145 561" STYLE_REF="9" NS="y">scenery</W>
			<W BOX="145 535 151 561" STYLE_REF="9">,</W>
			<W BOX="159 535 195 561" STYLE_REF="9">and</W>
			<W BOX="204 535 214 561" STYLE_REF="9">I</W>
			<W BOX="222 535 280 561" STYLE_REF="9">never</W>
			<W BOX="288 535 341 561" STYLE_REF="9">could</W>
			<W BOX="354 535 405 561" STYLE_REF="9">draw</W>
			<W BOX="418 535 428 561" STYLE_REF="9">a</W>
			<W BOX="442 535 484 561" STYLE_REF="9">boat</W>
			<W BOX="498 535 518 561" STYLE_REF="9">in</W>
			<W BOX="532 536 563 562" STYLE_REF="9">my</W>
			<W BOX="571 536 601 563" STYLE_REF="9" NS="y">life</W>
			<W BOX="601 536 607 563" STYLE_REF="9">.</W>
			<W BOX="633 536 743 563" STYLE_REF="9">Altogether</W>
			<W BOX="752 536 764 563" STYLE_REF="9">I</W>
		</Primitive>
		<Primitive BOX="24 557 829 610" ID="Ar0480010" SEQ_NO="10" TOC_ENTRY_ID="45" DEPTH_LEVEL="1">
			<L BOX="68 557 766 586"/>
			<Q BOX="68 558 104 584" STYLE_REF="9" QID="20">beg</Q>
			<q BOX="104 557 124 584" STYLE_REF="9" QID="20">in</q>
			<QW QID="20">begin</QW>
			<W BOX="131 557 151 584" STYLE_REF="9">to</W>
			<Q BOX="158 557 193 584" STYLE_REF="9" QID="21">hav</Q>
			<q BOX="194 557 204 584" STYLE_REF="9" QID="21">e</q>
			<QW QID="21">have</QW>
			<Q BOX="212 557 262 584" STYLE_REF="9" QID="22">misg</Q>
			<q BOX="261 558 323 584" STYLE_REF="9" QID="22">ivings</q>
			<QW QID="22">misgivings</QW>
			<W BOX="331 558 353 584" STYLE_REF="9">on</W>
			<W BOX="360 558 392 584" STYLE_REF="9">the</W>
			<W BOX="399 558 467 585" STYLE_REF="9">subject</W>
			<W BOX="477 559 494 586" STYLE_REF="9">of</W>
			<W BOX="503 559 553 586" STYLE_REF="9">what</W>
			<W BOX="560 559 571 586" STYLE_REF="9">I</W>
			<W BOX="578 559 625 586" STYLE_REF="9">have</W>
			<W BOX="633 559 685 586" STYLE_REF="9">come</W>
			<W BOX="692 559 712 586" STYLE_REF="9">to</W>
			<W BOX="720 559 750 586" STYLE_REF="9">see</W>
			<W BOX="758 559 766 586" STYLE_REF="9">;</W>
			<L BOX="67 580 763 610"/>
			<W BOX="67 580 104 607" STYLE_REF="9">and</W>
			<W BOX="112 580 167 607" STYLE_REF="9">when</W>
			<W BOX="174 580 202 607" STYLE_REF="9">we</W>
			<W BOX="209 580 233 607" STYLE_REF="9">do</W>
			<W BOX="242 580 297 607" STYLE_REF="9">reach</W>
			<W BOX="303 580 335 607" STYLE_REF="9">the</W>
			<W BOX="342 581 374 607" STYLE_REF="9">top</W>
			<W BOX="382 581 399 608" STYLE_REF="9">of</W>
			<W BOX="407 581 441 608" STYLE_REF="9">the</W>
			<W BOX="448 581 483 608" STYLE_REF="9">hill</W>
			<W BOX="491 581 526 608" STYLE_REF="9">and</W>
			<W BOX="539 581 549 608" STYLE_REF="9">I</W>
			<W BOX="564 581 615 608" STYLE_REF="9">catch</W>
			<W BOX="628 581 639 608" STYLE_REF="9">a</W>
			<Q BOX="652 583 666 610" STYLE_REF="9" QID="23">g</Q>
			<q BOX="665 582 731 609" STYLE_REF="9" QID="23">limpse</q>
			<QW QID="23">glimpse</QW>
			<W BOX="745 582 763 609" STYLE_REF="9">of</W>
		</Primitive>
		<Primitive BOX="24 603 829 655" ID="Ar0480011" SEQ_NO="11" TOC_ENTRY_ID="45" DEPTH_LEVEL="1">
			<L BOX="67 603 762 633"/>
			<W BOX="67 603 109 630" STYLE_REF="9">that</W>
			<Q BOX="115 603 128 630" STYLE_REF="9" QID="24">g</Q>
			<q BOX="127 603 211 630" STYLE_REF="9" QID="24">littering</q>
			<QW QID="24">glittering</QW>
			<W BOX="218 604 258 630" STYLE_REF="9">line</W>
			<W BOX="266 604 306 630" STYLE_REF="9">that</W>
			<W BOX="319 604 390 630" STYLE_REF="9">bounds</W>
			<W BOX="402 604 434 630" STYLE_REF="9">the</W>
			<W BOX="447 604 523 631" STYLE_REF="9">horizon</W>
			<W BOX="530 605 570 631" STYLE_REF="9">like</W>
			<W BOX="578 605 588 631" STYLE_REF="9">a</W>
			<W BOX="601 605 657 631" STYLE_REF="9">silver</W>
			<W BOX="672 605 755 632" STYLE_REF="9" NS="y">scimitar</W>
			<W BOX="756 606 762 633" STYLE_REF="9">,</W>
			<L BOX="67 626 663 655"/>
			<W BOX="67 626 78 653" STYLE_REF="9">I</W>
			<W BOX="85 626 129 653" STYLE_REF="9">turn</W>
			<W BOX="136 626 190 653" STYLE_REF="9">away</W>
			<W BOX="197 626 248 653" STYLE_REF="9">mine</W>
			<W BOX="255 626 299 653" STYLE_REF="9">eyes</W>
			<W BOX="306 626 326 653" STYLE_REF="9">in</W>
			<W BOX="334 626 405 653" STYLE_REF="9" NS="y">disgust</W>
			<W BOX="406 627 411 654" STYLE_REF="9">,</W>
			<W BOX="420 627 456 654" STYLE_REF="9">and</W>
			<Q BOX="464 627 488 654" STYLE_REF="9" QID="25">fei</Q>
			<q BOX="490 628 516 654" STYLE_REF="9" QID="25">gn</q>
			<QW QID="25">feign</QW>
			<W BOX="524 628 534 654" STYLE_REF="9">a</W>
			<Q BOX="541 628 583 654" STYLE_REF="9" QID="26">sulk</Q>
			<q BOX="583 628 596 655" STYLE_REF="9" QID="26">y</q>
			<QW QID="26">sulky</QW>
			<W BOX="604 628 655 655" STYLE_REF="9" NS="y">sleep</W>
			<W BOX="656 628 663 655" STYLE_REF="9">.</W>
		</Primitive>
		<Primitive BOX="24 649 829 701" ID="Ar0480012" SEQ_NO="12" TOC_ENTRY_ID="45" DEPTH_LEVEL="1">
			<L BOX="91 649 761 678"/>
			<W BOX="91 649 130 676" STYLE_REF="9">The</W>
			<Q BOX="138 649 162 676" STYLE_REF="9" QID="27">fei</Q>
			<q BOX="163 649 210 676" STYLE_REF="9" QID="27">gned</q>
			<QW QID="27">feigned</QW>
			<Q BOX="220 649 237 676" STYLE_REF="9" QID="28">sl</Q>
			<Q BOX="238 649 249 676" STYLE_REF="9" QID="28">e</Q>
			<q BOX="249 649 271 676" STYLE_REF="9" QID="28">ep</q>
			<QW QID="28">sleep</QW>
			<W BOX="284 649 355 676" STYLE_REF="9">merges</W>
			<Q BOX="368 649 458 676" STYLE_REF="9" QID="29">insensibl</Q>
			<q BOX="459 651 471 677" STYLE_REF="9" QID="29">y</q>
			<QW QID="29">insensibly</QW>
			<Q BOX="479 650 508 677" STYLE_REF="9" QID="30">int</Q>
			<q BOX="509 650 520 677" STYLE_REF="9" QID="30">o</q>
			<QW QID="30">into</QW>
			<W BOX="527 650 538 677" STYLE_REF="9">a</W>
			<W BOX="546 650 584 677" STYLE_REF="9">real</W>
			<W BOX="593 651 627 678" STYLE_REF="9" NS="y">one</W>
			<W BOX="628 651 633 678" STYLE_REF="9">,</W>
			<Q BOX="641 651 669 678" STYLE_REF="9" QID="31">fro</Q>
			<q BOX="671 651 689 678" STYLE_REF="9" QID="31">m</q>
			<QW QID="31">from</QW>
			<W BOX="697 651 761 678" STYLE_REF="9">which</W>
			<L BOX="66 672 760 701"/>
			<W BOX="66 672 76 699" STYLE_REF="9">I</W>
			<W BOX="83 672 112 699" STYLE_REF="9">am</W>
			<Q BOX="120 672 133 699" STYLE_REF="9" QID="32">b</Q>
			<q BOX="132 672 146 699" STYLE_REF="9" QID="32">y</q>
			<QW QID="32">by</QW>
			<W BOX="158 672 194 699" STYLE_REF="9">and</W>
			<Q BOX="206 672 219 699" STYLE_REF="9" QID="33">b</Q>
			<q BOX="219 672 244 699" STYLE_REF="9" QID="33">ye</q>
			<QW QID="33">bye</QW>
			<W BOX="256 672 354 699" STYLE_REF="9">awakened</W>
			<Q BOX="367 672 380 699" STYLE_REF="9" QID="34">b</Q>
			<q BOX="379 673 392 700" STYLE_REF="9" QID="34">y</q>
			<QW QID="34">by</QW>
			<W BOX="404 673 455 700" STYLE_REF="9">more</W>
			<W BOX="467 673 540 700" STYLE_REF="9">yelling</W>
			<W BOX="547 673 583 700" STYLE_REF="9">and</W>
			<Q BOX="589 674 655 701" STYLE_REF="9" QID="35">whoop</Q>
			<q BOX="655 674 687 701" STYLE_REF="9" QID="35">ing</q>
			<QW QID="35">whooping</QW>
			<W BOX="696 674 719 701" STYLE_REF="9">on</W>
			<W BOX="727 674 760 701" STYLE_REF="9">ihe</W>
		</Primitive>
		<Primitive BOX="24 695 829 747" ID="Ar0480013" SEQ_NO="13" TOC_ENTRY_ID="45" DEPTH_LEVEL="1">
			<L BOX="64 695 759 725"/>
			<W BOX="64 696 107 722" STYLE_REF="9">part</W>
			<W BOX="116 695 133 722" STYLE_REF="9">of</W>
			<W BOX="147 695 180 722" STYLE_REF="9">the</W>
			<W BOX="190 695 251 722" STYLE_REF="9" NS="y">driver</W>
			<W BOX="253 695 258 722" STYLE_REF="9">,</W>
			<Q BOX="266 695 279 722" STYLE_REF="9" QID="36">b</Q>
			<q BOX="278 695 292 722" STYLE_REF="9" QID="36">y</q>
			<QW QID="36">by</QW>
			<W BOX="300 695 331 722" STYLE_REF="9">the</W>
			<W BOX="342 695 436 722" STYLE_REF="9">headlong</W>
			<W BOX="443 696 514 722" STYLE_REF="9">jolting</W>
			<W BOX="521 697 538 724" STYLE_REF="9">of</W>
			<W BOX="548 697 580 723" STYLE_REF="9">the</W>
			<W BOX="590 697 663 723" STYLE_REF="10" NS="y">cabriolet</W>
			<W BOX="664 698 672 725" STYLE_REF="10">,</W>
			<W BOX="684 697 721 724" STYLE_REF="9">and</W>
			<Q BOX="734 697 747 724" STYLE_REF="9" QID="37">b</Q>
			<q BOX="746 698 759 724" STYLE_REF="9" QID="37">y</q>
			<QW QID="37">by</QW>
			<L BOX="64 718 760 747"/>
			<W BOX="64 718 97 745" STYLE_REF="9">the</W>
			<W BOX="104 718 199 745" STYLE_REF="9">transition</W>
			<W BOX="206 718 250 745" STYLE_REF="9">from</W>
			<W BOX="265 718 275 745" STYLE_REF="9">a</W>
			<W BOX="286 718 319 745" STYLE_REF="9">soft</W>
			<W BOX="334 718 389 745" STYLE_REF="9">dusty</W>
			<W BOX="401 718 445 745" STYLE_REF="9">road</W>
			<W BOX="458 719 478 745" STYLE_REF="9">to</W>
			<W BOX="491 719 523 746" STYLE_REF="9">the</W>
			<Q BOX="536 719 582 746" STYLE_REF="9" QID="38">roug</Q>
			<q BOX="581 720 594 747" STYLE_REF="9" QID="38">h</q>
			<QW QID="38">rough</QW>
			<W BOX="606 720 705 747" STYLE_REF="9">pavement</W>
			<W BOX="718 720 735 747" STYLE_REF="9">of</W>
			<W BOX="748 720 760 747" STYLE_REF="9">a</W>
		</Primitive>
		<Primitive BOX="24 741 829 792" ID="Ar0480014" SEQ_NO="14" TOC_ENTRY_ID="45" DEPTH_LEVEL="1">
			<L BOX="64 741 124 768"/>
			<W BOX="64 741 114 768" STYLE_REF="9" NS="y">town</W>
			<W BOX="115 741 124 768" STYLE_REF="9">.</W>
			<L BOX="88 764 758 792"/>
			<W BOX="88 764 106 790" STYLE_REF="9">It</W>
			<W BOX="114 764 130 790" STYLE_REF="9">is</W>
			<W BOX="138 764 149 790" STYLE_REF="9">a</W>
			<W BOX="157 764 212 790" STYLE_REF="9">street</W>
			<W BOX="220 764 308 790" STYLE_REF="9">bordered</W>
			<W BOX="322 764 347 790" STYLE_REF="9">by</W>
			<W BOX="359 764 425 791" STYLE_REF="9">houses</W>
			<W BOX="438 764 462 791" STYLE_REF="9">on</W>
			<W BOX="475 764 510 791" STYLE_REF="9">one</W>
			<W BOX="522 764 561 791" STYLE_REF="9">side</W>
			<W BOX="569 765 605 792" STYLE_REF="9">and</W>
			<W BOX="613 765 624 792" STYLE_REF="9">a</W>
			<W BOX="632 765 681 792" STYLE_REF="9">quay</W>
			<W BOX="689 765 713 792" STYLE_REF="9">on</W>
			<W BOX="725 765 758 792" STYLE_REF="9">the</W>
		</Primitive>
		<Primitive BOX="24 787 829 838" ID="Ar0480015" SEQ_NO="15" TOC_ENTRY_ID="45" DEPTH_LEVEL="1">
			<L BOX="63 787 758 815"/>
			<W BOX="63 787 116 813" STYLE_REF="9" NS="y">other</W>
			<W BOX="116 787 122 813" STYLE_REF="9">.</W>
			<W BOX="147 787 186 813" STYLE_REF="9">The</W>
			<W BOX="197 787 265 813" STYLE_REF="9">houses</W>
			<W BOX="277 787 309 813" STYLE_REF="9">are</W>
			<W BOX="321 787 338 813" STYLE_REF="9">of</W>
			<W BOX="350 787 382 813" STYLE_REF="9">the</W>
			<W BOX="395 787 468 813" STYLE_REF="9" NS="y">poorest</W>
			<W BOX="470 788 474 814" STYLE_REF="9">,</W>
			<W BOX="482 788 519 814" STYLE_REF="9">and</W>
			<W BOX="531 788 564 814" STYLE_REF="9">the</W>
			<W BOX="578 788 683 815" STYLE_REF="9">population</W>
			<W BOX="697 788 715 815" STYLE_REF="9">of</W>
			<W BOX="725 788 758 815" STYLE_REF="9">the</W>
			<L BOX="62 810 757 838"/>
			<W BOX="62 810 152 837" STYLE_REF="9">shabbiest</W>
			<Q BOX="168 810 226 837" STYLE_REF="9" QID="39">descri</Q>
			<q BOX="227 810 282 837" STYLE_REF="9" NS="y" QID="39">ption</q>
			<QW QID="39">description</QW>
			<W BOX="282 810 288 837" STYLE_REF="9">.</W>
			<W BOX="318 810 356 837" STYLE_REF="9">The</W>
			<W BOX="368 810 418 837" STYLE_REF="9">town</W>
			<W BOX="435 811 512 837" STYLE_REF="9">consists</W>
			<W BOX="529 811 547 838" STYLE_REF="9">of</W>
			<W BOX="563 811 574 838" STYLE_REF="9">a</W>
			<Q BOX="590 811 631 838" STYLE_REF="9" QID="40">sing</Q>
			<q BOX="632 811 650 838" STYLE_REF="9" QID="40">le</q>
			<QW QID="40">single</QW>
			<W BOX="666 812 757 838" STYLE_REF="9">irregular</W>
		</Primitive>
		<Primitive BOX="24 832 829 885" ID="Ar0480016" SEQ_NO="16" TOC_ENTRY_ID="45" DEPTH_LEVEL="1">
			<L BOX="62 832 757 862"/>
			<W BOX="62 833 118 859" STYLE_REF="9">street</W>
			<W BOX="127 833 181 859" STYLE_REF="9">about</W>
			<W BOX="188 833 199 859" STYLE_REF="9">a</W>
			<W BOX="207 833 252 859" STYLE_REF="9">mile</W>
			<W BOX="259 832 279 859" STYLE_REF="9">in</W>
			<W BOX="288 833 351 859" STYLE_REF="9" NS="y">length</W>
			<W BOX="352 833 357 860" STYLE_REF="9">,</W>
			<W BOX="363 833 398 860" STYLE_REF="9">and</W>
			<W BOX="406 833 439 860" STYLE_REF="9">the</W>
			<W BOX="446 834 551 860" STYLE_REF="9">prevailing</W>
			<W BOX="562 834 614 861" STYLE_REF="9">trade</W>
			<W BOX="622 835 697 862" STYLE_REF="9">appears</W>
			<W BOX="706 835 726 861" STYLE_REF="9">to</W>
			<W BOX="734 835 757 861" STYLE_REF="9">be</W>
			<L BOX="62 856 756 885"/>
			<W BOX="62 856 82 883" STYLE_REF="9">in</W>
			<W BOX="91 856 162 883" STYLE_REF="9">cockles</W>
			<W BOX="169 856 205 883" STYLE_REF="9">and</W>
			<W BOX="214 856 290 883" STYLE_REF="9" NS="y">cordage</W>
			<W BOX="290 856 296 883" STYLE_REF="9">.</W>
			<W BOX="321 856 346 883" STYLE_REF="9">At</W>
			<W BOX="353 856 385 883" STYLE_REF="9">the</W>
			<W BOX="397 856 467 883" STYLE_REF="9">farther</W>
			<Q BOX="479 857 578 884" STYLE_REF="9" QID="41">extremity</Q>
			<q BOX="590 858 613 884" STYLE_REF="9" QID="41">on</q>
			<QW QID="41">extremityon</QW>
			<W BOX="621 858 631 884" STYLE_REF="9">a</W>
			<Q BOX="640 858 677 884" STYLE_REF="9" QID="42">littl</Q>
			<q BOX="679 858 689 884" STYLE_REF="9" QID="42">e</q>
			<QW QID="42">little</QW>
			<Q BOX="697 858 742 884" STYLE_REF="9" QID="43">sand</Q>
			<q BOX="743 859 756 885" STYLE_REF="9" QID="43">y</q>
			<QW QID="43">sandy</QW>
		</Primitive>
		<Primitive BOX="24 878 829 931" ID="Ar0480017" SEQ_NO="17" TOC_ENTRY_ID="45" DEPTH_LEVEL="1">
			<L BOX="578 857 584 884"/>
			<W BOX="578 857 584 884" STYLE_REF="9">,</W>
			<L BOX="62 878 757 908"/>
			<W BOX="62 879 156 905" STYLE_REF="9" NS="y">eminence</W>
			<W BOX="156 879 161 905" STYLE_REF="9">,</W>
			<Q BOX="174 878 225 905" STYLE_REF="9" QID="44">stand</Q>
			<q BOX="228 878 237 905" STYLE_REF="9" QID="44">s</q>
			<QW QID="44">stands</QW>
			<W BOX="250 878 261 905" STYLE_REF="9">a</W>
			<W BOX="274 878 327 905" STYLE_REF="9">small</W>
			<Q BOX="338 879 381 906" STYLE_REF="9" QID="45">grey</Q>
			<Q BOX="381 879 389 906" STYLE_REF="9" LH="y" QID="45">-</Q>
			<Q BOX="389 879 441 906" STYLE_REF="9" QID="45">steep</Q>
			<q BOX="441 879 471 906" STYLE_REF="9" QID="45">led</q>
			<QW QID="45">grey-steepled</QW>
			<W BOX="484 879 553 906" STYLE_REF="9">church</W>
			<W BOX="569 880 688 907" STYLE_REF="9">surmounted</W>
			<Q BOX="702 880 716 907" STYLE_REF="9" QID="46">b</Q>
			<q BOX="715 881 729 908" STYLE_REF="9" QID="46">y</q>
			<QW QID="46">by</QW>
			<W BOX="744 881 757 908" STYLE_REF="9">a</W>
			<L BOX="60 902 754 930"/>
			<W BOX="60 902 131 929" STYLE_REF="9">forlorn</W>
			<W BOX="138 902 214 929" STYLE_REF="9">wooden</W>
			<Q BOX="222 902 306 929" STYLE_REF="9" QID="47">telegrap</Q>
			<q BOX="306 902 319 929" STYLE_REF="9" QID="47">h</q>
			<QW QID="47">telegraph</QW>
			<W BOX="327 902 366 929" STYLE_REF="9">that</W>
			<W BOX="374 902 408 929" STYLE_REF="9">has</W>
			<W BOX="419 902 465 929" STYLE_REF="9">long</W>
			<W BOX="476 903 533 929" STYLE_REF="9">fallen</W>
			<W BOX="547 903 587 929" STYLE_REF="9">into</W>
			<Q BOX="595 904 657 930" STYLE_REF="9" QID="48">disuse</Q>
			<q BOX="670 904 705 930" STYLE_REF="9" QID="48">and</q>
			<QW QID="48">disuseand</QW>
			<W BOX="715 904 754 930" STYLE_REF="9">still</W>
		</Primitive>
		<Primitive BOX="24 925 829 976" ID="Ar0480018" SEQ_NO="18" TOC_ENTRY_ID="45" DEPTH_LEVEL="1">
			<L BOX="60 904 754 953"/>
			<W BOX="60 925 124 951" STYLE_REF="9">points</W>
			<W BOX="135 925 220 951" STYLE_REF="9">upwards</W>
			<W BOX="233 925 281 951" STYLE_REF="9">with</W>
			<W BOX="295 925 330 951" STYLE_REF="9">one</W>
			<Q BOX="343 925 373 951" STYLE_REF="9" QID="49">lan</Q>
			<q BOX="374 925 387 951" STYLE_REF="9" QID="49">k</q>
			<QW QID="49">lank</QW>
			<W BOX="400 925 438 952" STYLE_REF="9" NS="y">arm</W>
			<W BOX="440 925 445 952" STYLE_REF="9">,</W>
			<W BOX="454 926 493 952" STYLE_REF="9">like</W>
			<W BOX="505 926 515 952" STYLE_REF="9">a</W>
			<W BOX="529 926 611 952" STYLE_REF="9">skeleton</W>
			<W BOX="625 926 643 953" STYLE_REF="9">of</W>
			<W BOX="657 926 678 953" STYLE_REF="9">ill</W>
			<W BOX="658 904 663 931" STYLE_REF="9">,</W>
			<W BOX="693 926 748 953" STYLE_REF="9" NS="y">omen</W>
			<W BOX="748 926 754 953" STYLE_REF="9">.</W>
			<L BOX="60 948 754 976"/>
			<W BOX="60 948 100 974" STYLE_REF="9">The</W>
			<W BOX="108 948 157 974" STYLE_REF="9">river</W>
			<W BOX="166 948 184 974" STYLE_REF="9">at</W>
			<W BOX="192 948 230 974" STYLE_REF="9">this</W>
			<W BOX="236 948 289 974" STYLE_REF="9">point</W>
			<W BOX="298 948 361 974" STYLE_REF="9">almost</W>
			<W BOX="369 948 428 974" STYLE_REF="9">ceases</W>
			<W BOX="438 948 459 975" STYLE_REF="9">to</W>
			<W BOX="470 949 492 975" STYLE_REF="9">be</W>
			<W BOX="504 949 515 975" STYLE_REF="9">a</W>
			<W BOX="526 949 575 975" STYLE_REF="9" NS="y">river</W>
			<W BOX="576 949 581 976" STYLE_REF="9">,</W>
			<W BOX="590 949 625 976" STYLE_REF="9">and</W>
			<W BOX="638 949 710 976" STYLE_REF="9">widens</W>
			<W BOX="722 949 754 976" STYLE_REF="9">out</W>
		</Primitive>
		<Primitive BOX="24 970 829 1023" ID="Ar0480019" SEQ_NO="19" TOC_ENTRY_ID="45" DEPTH_LEVEL="1">
			<L BOX="59 970 752 999"/>
			<W BOX="59 970 143 997" STYLE_REF="9">between</W>
			<W BOX="151 970 187 997" STYLE_REF="9">low</W>
			<Q BOX="195 970 238 997" STYLE_REF="9" QID="50">sand</Q>
			<q BOX="238 971 251 998" STYLE_REF="9" QID="50">y</q>
			<QW QID="50">sandy</QW>
			<W BOX="260 970 320 997" STYLE_REF="9">banks</W>
			<W BOX="327 970 345 997" STYLE_REF="9">to</W>
			<W BOX="353 970 377 997" STYLE_REF="9">its</W>
			<W BOX="383 972 468 998" STYLE_REF="9">junction</W>
			<W BOX="476 972 523 998" STYLE_REF="9">with</W>
			<W BOX="531 972 563 998" STYLE_REF="9">the</W>
			<W BOX="567 972 597 998" STYLE_REF="9" NS="y">sea</W>
			<W BOX="597 972 603 998" STYLE_REF="9">.</W>
			<W BOX="624 972 663 998" STYLE_REF="9">The</W>
			<W BOX="670 972 752 999" STYLE_REF="9">opposite</W>
			<L BOX="59 993 753 1023"/>
			<W BOX="59 993 113 1020" STYLE_REF="9">shore</W>
			<W BOX="121 993 137 1020" STYLE_REF="9">is</W>
			<W BOX="145 993 165 1020" STYLE_REF="9">so</W>
			<W BOX="171 993 198 1020" STYLE_REF="9">far</W>
			<W BOX="206 993 274 1020" STYLE_REF="9">distant</W>
			<W BOX="287 993 327 1020" STYLE_REF="9">that</W>
			<Q BOX="339 993 370 1020" STYLE_REF="9" QID="51">onl</Q>
			<q BOX="370 994 383 1021" STYLE_REF="9" QID="51">y</q>
			<QW QID="51">only</QW>
			<W BOX="395 994 427 1021" STYLE_REF="9">the</W>
			<Q BOX="439 994 453 1021" STYLE_REF="9" QID="52">g</Q>
			<Q BOX="452 994 501 1021" STYLE_REF="9" QID="52">hostl</Q>
			<q BOX="500 995 513 1021" STYLE_REF="9" QID="52">y</q>
			<QW QID="52">ghostly</QW>
			<W BOX="521 995 593 1021" STYLE_REF="9">outline</W>
			<W BOX="601 995 617 1021" STYLE_REF="9">of</W>
			<W BOX="627 995 637 1021" STYLE_REF="9">a</W>
			<Q BOX="645 995 661 1021" STYLE_REF="9" QID="53">li</Q>
			<Q BOX="661 996 674 1023" STYLE_REF="9" QID="53">g</Q>
			<Q BOX="673 994 694 1023" STYLE_REF="5" QID="53">ht</Q>
			<Q BOX="695 996 708 1022" STYLE_REF="9" QID="53">h</Q>
			<q BOX="709 994 753 1023" STYLE_REF="5" QID="53">ouse</q>
			<QW QID="53">lighthouse</QW>
		</Primitive>
		<Primitive BOX="24 1016 829 1068" ID="Ar0480020" SEQ_NO="20" TOC_ENTRY_ID="45" DEPTH_LEVEL="1">
			<L BOX="58 1016 751 1046"/>
			<W BOX="58 1016 95 1043" STYLE_REF="9">and</W>
			<W BOX="104 1016 153 1043" STYLE_REF="9">some</W>
			<W BOX="160 1016 208 1043" STYLE_REF="9">trees</W>
			<W BOX="216 1016 233 1043" STYLE_REF="9">is</W>
			<W BOX="241 1016 309 1043" STYLE_REF="9" NS="y">visible</W>
			<W BOX="314 1016 319 1043" STYLE_REF="9">;</W>
			<W BOX="332 1016 367 1043" STYLE_REF="9">and</W>
			<W BOX="380 1016 464 1043" STYLE_REF="9">between</W>
			<W BOX="477 1017 518 1043" STYLE_REF="9">that</W>
			<W BOX="530 1017 583 1044" STYLE_REF="9">shore</W>
			<W BOX="596 1017 632 1044" STYLE_REF="9">and</W>
			<W BOX="645 1019 666 1046" STYLE_REF="9" NS="y">St</W>
			<W BOX="666 1019 673 1046" STYLE_REF="9">.</W>
			<W BOX="682 1019 751 1046" STYLE_REF="9">Valery</W>
			<L BOX="57 1039 754 1068"/>
			<W BOX="57 1039 147 1066" STYLE_REF="9">stretches</W>
			<W BOX="155 1039 201 1066" STYLE_REF="9">such</W>
			<W BOX="209 1039 219 1066" STYLE_REF="9">a</W>
			<Q BOX="227 1039 259 1065" STYLE_REF="9" QID="54">dre</Q>
			<q BOX="260 1039 293 1065" STYLE_REF="9" QID="54">ary</q>
			<QW QID="54">dreary</QW>
			<W BOX="302 1039 358 1065" STYLE_REF="9">waste</W>
			<W BOX="366 1039 383 1065" STYLE_REF="9">of</W>
			<W BOX="392 1040 436 1066" STYLE_REF="9" NS="y">mud</W>
			<W BOX="436 1040 442 1067" STYLE_REF="9">,</W>
			<W BOX="450 1040 486 1066" STYLE_REF="9">and</W>
			<W BOX="494 1040 549 1066" STYLE_REF="9" NS="y">slime</W>
			<W BOX="548 1041 554 1068" STYLE_REF="9">,</W>
			<W BOX="562 1041 598 1068" STYLE_REF="9">and</W>
			<W BOX="606 1041 650 1068" STYLE_REF="9">sand</W>
			<W BOX="659 1041 679 1068" STYLE_REF="9">as</W>
			<W BOX="687 1041 697 1068" STYLE_REF="9">I</W>
			<Q BOX="705 1041 718 1068" STYLE_REF="9" QID="55">h</Q>
			<q BOX="719 1042 754 1068" STYLE_REF="9" QID="55">ave</q>
			<QW QID="55">have</QW>
		</Primitive>
		<Primitive BOX="24 1062 829 1114" ID="Ar0480021" SEQ_NO="21" TOC_ENTRY_ID="45" DEPTH_LEVEL="1">
			<L BOX="57 1062 752 1092"/>
			<W BOX="57 1062 115 1089" STYLE_REF="9">never</W>
			<W BOX="121 1062 163 1089" STYLE_REF="9">seen</W>
			<W BOX="172 1062 192 1089" STYLE_REF="9">in</W>
			<W BOX="200 1062 233 1089" STYLE_REF="9">my</W>
			<W BOX="239 1062 271 1088" STYLE_REF="9">life</W>
			<Q BOX="281 1062 321 1088" STYLE_REF="9" QID="56">befo</Q>
			<q BOX="322 1062 341 1088" STYLE_REF="9" QID="56">re</q>
			<QW QID="56">before</QW>
			<W BOX="354 1062 374 1088" STYLE_REF="9">or</W>
			<W BOX="387 1063 438 1089" STYLE_REF="9" NS="y">since</W>
			<W BOX="438 1063 444 1089" STYLE_REF="9">.</W>
			<Q BOX="469 1063 522 1089" STYLE_REF="9" QID="57">Imag</Q>
			<Q BOX="520 1063 528 1090" STYLE_REF="9" QID="57">i</Q>
			<Q BOX="528 1062 541 1090" STYLE_REF="5" QID="57">n</Q>
			<q BOX="541 1063 551 1090" STYLE_REF="9" QID="57">e</q>
			<QW QID="57">Imagine</QW>
			<W BOX="564 1062 597 1091" STYLE_REF="5">the</W>
			<Q BOX="608 1063 638 1092" STYLE_REF="5" QID="58">mo</Q>
			<Q BOX="638 1064 651 1091" STYLE_REF="9" QID="58">u</Q>
			<q BOX="651 1063 673 1092" STYLE_REF="5" QID="58">th</q>
			<QW QID="58">mouth</QW>
			<W BOX="686 1063 704 1092" STYLE_REF="5">of</W>
			<Q BOX="718 1063 738 1092" STYLE_REF="5" QID="59">th</Q>
			<q BOX="741 1064 752 1091" STYLE_REF="9" QID="59">e</q>
			<QW QID="59">the</QW>
			<L BOX="56 1085 751 1114"/>
			<W BOX="56 1085 61 1112" STYLE_REF="9" NS="y">!</W>
			<Q BOX="61 1085 75 1112" STYLE_REF="9" QID="60">N</Q>
			<q BOX="76 1085 108 1112" STYLE_REF="9" QID="60">ore</q>
			<QW QID="60">Nore</QW>
			<W BOX="116 1085 162 1112" STYLE_REF="9">with</W>
			<W BOX="169 1085 201 1112" STYLE_REF="9">the</W>
			<W BOX="209 1085 248 1112" STYLE_REF="9">tide</W>
			<W BOX="256 1085 289 1112" STYLE_REF="9">out</W>
			<W BOX="301 1085 336 1112" STYLE_REF="9">and</W>
			<W BOX="348 1085 373 1112" STYLE_REF="9">all</W>
			<W BOX="386 1085 418 1112" STYLE_REF="9">the</W>
			<W BOX="429 1085 487 1112" STYLE_REF="9">water</W>
			<W BOX="498 1087 546 1113" STYLE_REF="9" NS="y">gone</W>
			<W BOX="547 1087 552 1114" STYLE_REF="9">,</W>
			<W BOX="561 1087 604 1114" STYLE_REF="9">save</W>
			<W BOX="611 1087 621 1114" STYLE_REF="9">a</W>
			<W BOX="629 1087 702 1114" STYLE_REF="9">narrow</W>
			<Q BOX="710 1087 743 1114" STYLE_REF="9" QID="61">cur</Q>
			<Q BOX="743 1087 751 1114" STYLE_REF="9" QID="61">-</Q>
		</Primitive>
		<Primitive BOX="24 1107 829 1161" ID="Ar0480022" SEQ_NO="22" TOC_ENTRY_ID="45" DEPTH_LEVEL="1">
			<L BOX="56 1107 749 1137"/>
			<q BOX="56 1108 98 1134" STYLE_REF="9" QID="61">rent</q>
			<QW QID="61">current</QW>
			<W BOX="105 1108 167 1134" STYLE_REF="9">which</W>
			<Q BOX="174 1108 190 1134" STYLE_REF="9" QID="62">ri</Q>
			<Q BOX="191 1107 216 1135" STYLE_REF="5" QID="62">pp</Q>
			<Q BOX="216 1108 235 1135" STYLE_REF="9" QID="62">le</Q>
			<q BOX="234 1108 243 1135" STYLE_REF="9" QID="62">s</q>
			<QW QID="62">ripples</QW>
			<W BOX="251 1108 307 1135" STYLE_REF="9">along</W>
			<W BOX="315 1109 325 1135" STYLE_REF="9">a</W>
			<W BOX="333 1109 399 1135" STYLE_REF="9">groove</W>
			<W BOX="406 1109 426 1135" STYLE_REF="9">in</W>
			<W BOX="434 1109 467 1135" STYLE_REF="9">the</W>
			<W BOX="475 1109 530 1135" STYLE_REF="9">midst</W>
			<W BOX="538 1110 555 1137" STYLE_REF="9">of</W>
			<W BOX="563 1110 596 1137" STYLE_REF="9">the</W>
			<Q BOX="603 1110 651 1137" STYLE_REF="9" QID="63">river</Q>
			<Q BOX="652 1110 660 1137" STYLE_REF="9" LH="y" QID="63">-</Q>
			<Q BOX="660 1110 697 1137" STYLE_REF="9" QID="63">bed</Q>
			<q BOX="712 1111 749 1137" STYLE_REF="9" QID="63">and</q>
			<QW QID="63">river-bedand</QW>
			<L BOX="55 1111 749 1161"/>
			<W BOX="55 1131 93 1158" STYLE_REF="9">you</W>
			<W BOX="101 1131 141 1158" STYLE_REF="9">will</W>
			<W BOX="148 1131 166 1158" STYLE_REF="9">at</W>
			<W BOX="174 1131 219 1158" STYLE_REF="9">least</W>
			<W BOX="226 1131 273 1158" STYLE_REF="9">have</W>
			<W BOX="281 1131 350 1158" STYLE_REF="9">formed</W>
			<W BOX="357 1131 406 1158" STYLE_REF="9">some</W>
			<W BOX="414 1133 475 1159" STYLE_REF="9">vague</W>
			<W BOX="482 1133 546 1159" STYLE_REF="9">notion</W>
			<W BOX="555 1133 572 1159" STYLE_REF="9">of</W>
			<W BOX="585 1133 616 1159" STYLE_REF="9">the</W>
			<W BOX="624 1133 686 1160" STYLE_REF="9">aspect</W>
			<W BOX="695 1133 713 1160" STYLE_REF="9">of</W>
			<W BOX="698 1111 703 1138" STYLE_REF="9">,</W>
			<W BOX="721 1134 742 1161" STYLE_REF="9" NS="y">St</W>
			<W BOX="742 1134 749 1161" STYLE_REF="9">.</W>
		</Primitive>
		<Primitive BOX="24 1161 829 1219" ID="Ar0480023" SEQ_NO="23" TOC_ENTRY_ID="45" DEPTH_LEVEL="1">
			<L BOX="54 1154 267 1181"/>
			<Q BOX="54 1154 103 1181" STYLE_REF="9" QID="64">Vale</Q>
			<q BOX="102 1154 125 1181" STYLE_REF="9" QID="64">ry</q>
			<QW QID="64">Valery</QW>
			<W BOX="132 1154 150 1181" STYLE_REF="9">at</W>
			<W BOX="158 1154 195 1181" STYLE_REF="9">low</W>
			<W BOX="201 1154 259 1181" STYLE_REF="9" NS="y">water</W>
			<W BOX="260 1154 267 1181" STYLE_REF="9">.</W>
		</Primitive>
	</Content>
	<TOC_Entries><TOC_Entry TOC_ENTRY_ID="102" TITLE=".+. &quot; Oh Doricles ! your praises are too..." ENTITY_ID_REF="Ar04800" PAGE_NO="48" PAGE_LABEL="48" PRIM_ID_REF="Ar0480000" IS_IC="true"/></TOC_Entries></XMD-entity>
