<?xml version="1.0" encoding="windows-1252" standalone="no"?>
<XMD-entity REPOSITORY_FORMAT="1.0" PRXML_VER="2.0" ENTITY_TYPE="Article" DOC_UID="EWJ_01/03/1858" DOC_VER="1" FIRST_TOC_ENTRY_ID="57" DEPTH_LEVEL="1" INDEX_IN_DOC="111" PAGE_NO="48" ID="Ar04801" BOX="24 12 829 94" LANGUAGE="English" SNP="Ar04801S.png" SNP_WIDTH="806" SNP_HEIGHT="82" LOGICAL_NAME="true">
	<Meta NAME="48 BBADSHAW THE BETBAYER." DESCRIPTION="" SUBTYPE="" BASE_HREF="EWJ/1858/03/01" SOURCE_TYPE="TIFF" PUBLICATION="EWJ" SECTION="None" ISSUE_DATE="01/03/1858" WORDCNT="5" RELEASE_NO="041-EWJ-1858-03-01-001-SINGLE" PAGE_ID="" PAGE_TYPE="Single" PAGE_WIDTH="842" PAGE_HEIGHT="1244" DEFAULT_IMG_EXT="png" PDF_DESTINATION_MAPPED="OLV0_Entity_0048_0002" IMAGES_RESOLUTION="86" XMD_VER="2.6.238.8" PAGE_LABEL="48"/>
	<Link SOURCE="041-EWJ-1858-03-01-001-SINGLE.PDF" FIRST_ID="Ar00200" LAST_ID="Ar07201" NEXT_ID="" PREV_ID="Ar04800" TOC_ID="d:/Olive/Repository/EWJ/1858/03/01/TOC.xml"/>
	<DataFiles>
		<Files TYPE="DOC_PDF" PRESENT="1"/>
		<Files TYPE="PAGE_PDF" PRESENT="0"/>
		<Files TYPE="DOC_IMG" PRESENT="0"/>
		<Files TYPE="PAGE_IMG" PRESENT="0"/>
		<Files TYPE="PAGE_VIEW_IMG" PRESENT="1"/>
		<Files TYPE="PAGE_PREVIEW_IMG" PRESENT="1"/>
		<Files TYPE="PRIMITIVE_IMG" PRESENT="1"/>
		<Files TYPE="SNIPPET_IMG" PRESENT="1"/>
	</DataFiles>
	<Content>
		<Primitive BOX="24 12 829 94" ID="Ar0480100" SEQ_NO="0" TOC_ENTRY_ID="57" DEPTH_LEVEL="1">
			<L BOX="82 54 584 94"/>
			<W BOX="82 54 106 93" STYLE_REF="15">48</W>
			<Q BOX="281 55 379 93" STYLE_REF="15" QID="1">BBADSHA</Q>
			<q BOX="377 55 396 94" STYLE_REF="15" QID="1">W</q>
			<QW QID="1">BBADSHAW</QW>
			<W BOX="409 55 450 94" STYLE_REF="15">THE</W>
			<W BOX="465 55 569 94" STYLE_REF="15" NS="y">BETBAYER</W>
			<W BOX="569 55 584 94" STYLE_REF="15">.</W>
		</Primitive>
	</Content>
	<TOC_Entries><TOC_Entry TOC_ENTRY_ID="103" TITLE="48 BBADSHAW THE BETBAYER." ENTITY_ID_REF="Ar04801" PAGE_NO="48" PAGE_LABEL="48" PRIM_ID_REF="Ar0480100" IS_IC="true"/></TOC_Entries></XMD-entity>
