<?xml version="1.0" encoding="windows-1252" standalone="no"?>
<XMD-entity REPOSITORY_FORMAT="1.0" PRXML_VER="2.0" ENTITY_TYPE="Article" DOC_UID="EWJ_01/04/1858" DOC_VER="1" FIRST_TOC_ENTRY_ID="52" DEPTH_LEVEL="1" INDEX_IN_DOC="94" PAGE_NO="43" ID="Ar04301" BOX="24 12 811 119" LANGUAGE="English" SNP="Ar04301S.png" SNP_WIDTH="788" SNP_HEIGHT="87" LOGICAL_NAME="true">
	<Meta NAME="MY GREAT AUNT POLLY'S ELOPEMENT. 115" DESCRIPTION="" SUBTYPE="" BASE_HREF="EWJ/1858/04/01" SOURCE_TYPE="TIFF" PUBLICATION="EWJ" SECTION="None" ISSUE_DATE="01/04/1858" WORDCNT="9" RELEASE_NO="041-EWJ-1858-04-01-001-SINGLE" PAGE_ID="" PAGE_TYPE="Single" PAGE_WIDTH="823" PAGE_HEIGHT="1239" DEFAULT_IMG_EXT="png" PDF_DESTINATION_MAPPED="OLV0_Entity_0043_0002" IMAGES_RESOLUTION="86" XMD_VER="2.6.238.8" PAGE_LABEL="115"/>
	<Link SOURCE="041-EWJ-1858-04-01-001-SINGLE.PDF" FIRST_ID="Ar00200" LAST_ID="Ar07201" NEXT_ID="" PREV_ID="Ar04300" TOC_ID="d:/Olive/Repository/EWJ/1858/04/01/TOC.xml"/>
	<DataFiles>
		<Files TYPE="DOC_PDF" PRESENT="1"/>
		<Files TYPE="PAGE_PDF" PRESENT="0"/>
		<Files TYPE="DOC_IMG" PRESENT="0"/>
		<Files TYPE="PAGE_IMG" PRESENT="0"/>
		<Files TYPE="PAGE_VIEW_IMG" PRESENT="1"/>
		<Files TYPE="PAGE_PREVIEW_IMG" PRESENT="1"/>
		<Files TYPE="PRIMITIVE_IMG" PRESENT="1"/>
		<Files TYPE="SNIPPET_IMG" PRESENT="1"/>
	</DataFiles>
	<Content>
		<Primitive BOX="24 12 811 119" ID="Ar0430100" SEQ_NO="0" TOC_ENTRY_ID="52" DEPTH_LEVEL="1">
			<L BOX="208 86 736 111"/>
			<W BOX="208 89 236 111" STYLE_REF="12">MY</W>
			<W BOX="250 89 314 111" STYLE_REF="12">GREAT</W>
			<Q BOX="327 89 367 111" STYLE_REF="12" QID="1">AUN</Q>
			<q BOX="368 89 379 111" STYLE_REF="12" QID="1">T</q>
			<QW QID="1">AUNT</QW>
			<W BOX="393 89 453 111" STYLE_REF="12" NS="y">POLLY</W>
			<W BOX="455 86 461 108" STYLE_REF="12" NS="y">'</W>
			<W BOX="460 89 470 111" STYLE_REF="12">S</W>
			<W BOX="482 89 602 111" STYLE_REF="12" NS="y">ELOPEMENT</W>
			<W BOX="602 89 607 111" STYLE_REF="12">.</W>
			<W BOX="702 89 736 111" STYLE_REF="12">115</W>
		</Primitive>
	</Content>
	<TOC_Entries><TOC_Entry TOC_ENTRY_ID="92" TITLE="MY GREAT AUNT POLLY'S ELOPEMENT. 115" ENTITY_ID_REF="Ar04301" PAGE_NO="43" PAGE_LABEL="115" PRIM_ID_REF="Ar0430100" IS_IC="true"/></TOC_Entries></XMD-entity>
