<?xml version="1.0" encoding="windows-1252" standalone="no"?>
<XMD-entity REPOSITORY_FORMAT="1.0" PRXML_VER="2.0" ENTITY_TYPE="Article" DOC_UID="EWJ_01/04/1858" DOC_VER="1" FIRST_TOC_ENTRY_ID="84" DEPTH_LEVEL="1" INDEX_IN_DOC="141" PAGE_NO="64" ID="Ar06401" BOX="24 12 811 93" LANGUAGE="English" SNP="Ar06401S.png" SNP_WIDTH="788" SNP_HEIGHT="81" LOGICAL_NAME="true">
	<Meta NAME="136 NOTICES OF BOOKS. &quot;" DESCRIPTION="" SUBTYPE="" BASE_HREF="EWJ/1858/04/01" SOURCE_TYPE="TIFF" PUBLICATION="EWJ" SECTION="None" ISSUE_DATE="01/04/1858" WORDCNT="6" RELEASE_NO="041-EWJ-1858-04-01-001-SINGLE" PAGE_ID="" PAGE_TYPE="Single" PAGE_WIDTH="823" PAGE_HEIGHT="1239" DEFAULT_IMG_EXT="png" PDF_DESTINATION_MAPPED="OLV0_Entity_0064_0002" IMAGES_RESOLUTION="86" XMD_VER="2.6.238.8" PAGE_LABEL="136"/>
	<Link SOURCE="041-EWJ-1858-04-01-001-SINGLE.PDF" FIRST_ID="Ar00200" LAST_ID="Ar07201" NEXT_ID="" PREV_ID="Ar06400" TOC_ID="d:/Olive/Repository/EWJ/1858/04/01/TOC.xml"/>
	<DataFiles>
		<Files TYPE="DOC_PDF" PRESENT="1"/>
		<Files TYPE="PAGE_PDF" PRESENT="0"/>
		<Files TYPE="DOC_IMG" PRESENT="0"/>
		<Files TYPE="PAGE_IMG" PRESENT="0"/>
		<Files TYPE="PAGE_VIEW_IMG" PRESENT="1"/>
		<Files TYPE="PAGE_PREVIEW_IMG" PRESENT="1"/>
		<Files TYPE="PRIMITIVE_IMG" PRESENT="1"/>
		<Files TYPE="SNIPPET_IMG" PRESENT="1"/>
	</DataFiles>
	<Content>
		<Primitive BOX="24 12 811 93" ID="Ar0640100" SEQ_NO="0" TOC_ENTRY_ID="84" DEPTH_LEVEL="1">
			<L BOX="53 52 521 84"/>
			<W BOX="53 58 88 84" STYLE_REF="1">136</W>
			<W BOX="299 54 390 81" STYLE_REF="1">NOTICES</W>
			<W BOX="402 53 428 79" STYLE_REF="1">OF</W>
			<W BOX="443 52 512 78" STYLE_REF="1" NS="y">BOOKS</W>
			<W BOX="512 52 517 78" STYLE_REF="1" NS="y">.</W>
			<S S_TYPE="SUP">
				<W BOX="515 60 521 66" STYLE_REF="33">"</W>
			</S>
		</Primitive>
	</Content>
	<TOC_Entries><TOC_Entry TOC_ENTRY_ID="141" TITLE="136 NOTICES OF BOOKS. &quot;" ENTITY_ID_REF="Ar06401" PAGE_NO="64" PAGE_LABEL="136" PRIM_ID_REF="Ar0640100" IS_IC="true"/></TOC_Entries></XMD-entity>
