<?xml version="1.0" encoding="windows-1252" standalone="no"?>
<XMD-PAGE REPOSITORY_FORMAT="1.0" PRXML_VER="2.0">
	<Meta ISSUE_DATE="01/04/1858" RELEASE_NO="041-EWJ-1858-04-01-001-SINGLE" PAGE_NO="64" NAME="" PAGE_LABEL="136" PAGE_TYPE="Single" PUBLISHER="Olive" PUBLICATION="EWJ" SOURCE_TYPE="TIFF" SOURCE_RESOLUTION="72" IMAGES_RESOLUTION="86" PAGE_THUMBNAIL_RESOLUTION="86" PAGE_PREVIEW_RESOLUTION="15" DEFAULT_IMG_EXT="png" IMG_EXT="png" PREVIEW_IMG_EXT="png" XMD_VER="2.6.238.8" PROFILE_ID="D:\pdfs\EWJ\XMD_EWJ.ini" SECTION="None" PAGE_WIDTH="823" PAGE_HEIGHT="1239" PAGES_NUMBER="72" BASE_HREF="EWJ/1858/04/01" PDF_DESTINATION_MAPPED="OLV0_Page_0064">
		<Resolutions>
			<Resolution DEFAULT="true">86</Resolution>
		</Resolutions>
	</Meta>
	<Link SOURCE="041-EWJ-1858-04-01-001-SINGLE.PDF" NEXT_SECTION="" PREV_SECTION="1"/>
	<DataFiles>
		<Files TYPE="DOC_PDF" PRESENT="1"/>
		<Files TYPE="PAGE_PDF" PRESENT="0"/>
		<Files TYPE="DOC_IMG" PRESENT="0"/>
		<Files TYPE="PAGE_IMG" PRESENT="0"/>
		<Files TYPE="PAGE_VIEW_IMG" PRESENT="1"/>
		<Files TYPE="PAGE_PREVIEW_IMG" PRESENT="1"/>
		<Files TYPE="PRIMITIVE_IMG" PRESENT="1"/>
		<Files TYPE="SNIPPET_IMG" PRESENT="1"/>
	</DataFiles>
	<Entity ENTITY_TYPE="Article" FIRST_TOC_ENTRY_ID="82" INDEX_IN_DOC="139" DEPTH_LEVEL="1" ID="Ar06400" SIZE="XLarge" BOX="24 93 811 1214" NEXT_SECTION="" PREV_SECTION="1" CONTINUATION_FROM="Ar06300" FIRST_CHUNK="Ar06202" IMAGES_RESOLUTION="86" LOGICAL_NAME="true">
		<Name>6.�Les Salons de Paris. By Madame Ancelo...</Name>
		<Primitive ID="Ar0640000" BOX="24 93 811 153" ELEMENT_TYPE="Content" SEQ_NO="0" TOC_ENTRY_ID="82" DEPTH_LEVEL="1"/>
		<Primitive ID="Ar0640001" BOX="24 141 811 201" ELEMENT_TYPE="Content" SEQ_NO="1" TOC_ENTRY_ID="82" DEPTH_LEVEL="1"/>
		<Primitive ID="Ar0640002" BOX="24 189 811 230" ELEMENT_TYPE="Content" SEQ_NO="2" TOC_ENTRY_ID="82" DEPTH_LEVEL="1"/>
		<Primitive ID="Ar0640003" BOX="24 219 811 295" ELEMENT_TYPE="Content" SEQ_NO="3" TOC_ENTRY_ID="82" DEPTH_LEVEL="1"/>
		<Primitive ID="Ar0640004" BOX="24 283 811 338" ELEMENT_TYPE="Content" SEQ_NO="4" TOC_ENTRY_ID="82" DEPTH_LEVEL="1"/>
		<Primitive ID="Ar0640005" BOX="24 326 811 393" ELEMENT_TYPE="Content" SEQ_NO="5" TOC_ENTRY_ID="82" DEPTH_LEVEL="1"/>
		<Primitive ID="Ar0640006" BOX="24 381 811 465" ELEMENT_TYPE="Content" SEQ_NO="6" TOC_ENTRY_ID="82" DEPTH_LEVEL="1"/>
		<Primitive ID="Ar0640007" BOX="24 453 811 513" ELEMENT_TYPE="Content" SEQ_NO="7" TOC_ENTRY_ID="82" DEPTH_LEVEL="1"/>
		<Primitive ID="Ar0640008" BOX="24 505 811 553" ELEMENT_TYPE="Content" SEQ_NO="8" TOC_ENTRY_ID="82" DEPTH_LEVEL="1"/>
		<Primitive ID="Ar0640009" BOX="24 541 811 605" ELEMENT_TYPE="Content" SEQ_NO="9" TOC_ENTRY_ID="82" DEPTH_LEVEL="1"/>
		<Primitive ID="Ar0640010" BOX="24 593 811 645" ELEMENT_TYPE="Content" SEQ_NO="10" TOC_ENTRY_ID="82" DEPTH_LEVEL="1"/>
		<Primitive ID="Ar0640011" BOX="24 633 811 691" ELEMENT_TYPE="Content" SEQ_NO="11" TOC_ENTRY_ID="82" DEPTH_LEVEL="1"/>
		<Primitive ID="Ar0640012" BOX="24 679 811 766" ELEMENT_TYPE="Content" SEQ_NO="12" TOC_ENTRY_ID="82" DEPTH_LEVEL="1"/>
		<Primitive ID="Ar0640013" BOX="24 754 811 813" ELEMENT_TYPE="Content" SEQ_NO="13" TOC_ENTRY_ID="82" DEPTH_LEVEL="1"/>
		<Primitive ID="Ar0640014" BOX="24 801 811 860" ELEMENT_TYPE="Content" SEQ_NO="14" TOC_ENTRY_ID="82" DEPTH_LEVEL="1"/>
		<Primitive ID="Ar0640015" BOX="24 848 811 908" ELEMENT_TYPE="Content" SEQ_NO="15" TOC_ENTRY_ID="82" DEPTH_LEVEL="1"/>
		<Primitive ID="Ar0640016" BOX="24 896 811 978" ELEMENT_TYPE="Content" SEQ_NO="16" TOC_ENTRY_ID="82" DEPTH_LEVEL="1"/>
		<Primitive ID="Ar0640017" BOX="24 967 811 1026" ELEMENT_TYPE="Content" SEQ_NO="17" TOC_ENTRY_ID="82" DEPTH_LEVEL="1"/>
		<Primitive ID="Ar0640018" BOX="24 1015 811 1096" ELEMENT_TYPE="Content" SEQ_NO="18" TOC_ENTRY_ID="82" DEPTH_LEVEL="1"/>
		<Primitive ID="Ar0640019" BOX="24 1084 811 1120" ELEMENT_TYPE="Content" SEQ_NO="19" TOC_ENTRY_ID="82" DEPTH_LEVEL="1"/>
		<Primitive ID="Ar0640020" BOX="24 1120 811 1214" ELEMENT_TYPE="Content" SEQ_NO="20" TOC_ENTRY_ID="82" DEPTH_LEVEL="1"/>
	</Entity>
	<Entity ENTITY_TYPE="Article" FIRST_TOC_ENTRY_ID="84" INDEX_IN_DOC="141" DEPTH_LEVEL="1" ID="Ar06401" SIZE="Small" BOX="24 12 811 93" NEXT_SECTION="" PREV_SECTION="1" IMAGES_RESOLUTION="86" LOGICAL_NAME="true">
		<Name>136 NOTICES OF BOOKS. "</Name>
		<Primitive ID="Ar0640100" BOX="24 12 811 93" ELEMENT_TYPE="Content" SEQ_NO="0" TOC_ENTRY_ID="84" DEPTH_LEVEL="1"/>
	</Entity>
</XMD-PAGE>