<?xml version="1.0" encoding="windows-1252" standalone="no"?>
<XMD-entity REPOSITORY_FORMAT="1.0" PRXML_VER="2.0" ENTITY_TYPE="Article" DOC_UID="EWJ_01/04/1858" DOC_VER="1" FIRST_TOC_ENTRY_ID="85" DEPTH_LEVEL="1" INDEX_IN_DOC="142" PAGE_NO="65" ID="Ar06502" BOX="24 12 811 83" LANGUAGE="English" SNP="Ar06502S.png" SNP_WIDTH="788" SNP_HEIGHT="71" LOGICAL_NAME="true">
	<Meta NAME="( 137 )." DESCRIPTION="" SUBTYPE="" BASE_HREF="EWJ/1858/04/01" SOURCE_TYPE="TIFF" PUBLICATION="EWJ" SECTION="None" ISSUE_DATE="01/04/1858" WORDCNT="4" RELEASE_NO="041-EWJ-1858-04-01-001-SINGLE" PAGE_ID="" PAGE_TYPE="Single" PAGE_WIDTH="823" PAGE_HEIGHT="1239" DEFAULT_IMG_EXT="png" PDF_DESTINATION_MAPPED="OLV0_Entity_0065_0003" IMAGES_RESOLUTION="86" XMD_VER="2.6.238.8" PAGE_LABEL="137"/>
	<Link SOURCE="041-EWJ-1858-04-01-001-SINGLE.PDF" FIRST_ID="Ar00200" LAST_ID="Ar07201" NEXT_ID="" PREV_ID="Ar06501" TOC_ID="d:/Olive/Repository/EWJ/1858/04/01/TOC.xml"/>
	<DataFiles>
		<Files TYPE="DOC_PDF" PRESENT="1"/>
		<Files TYPE="PAGE_PDF" PRESENT="0"/>
		<Files TYPE="DOC_IMG" PRESENT="0"/>
		<Files TYPE="PAGE_IMG" PRESENT="0"/>
		<Files TYPE="PAGE_VIEW_IMG" PRESENT="1"/>
		<Files TYPE="PAGE_PREVIEW_IMG" PRESENT="1"/>
		<Files TYPE="PRIMITIVE_IMG" PRESENT="1"/>
		<Files TYPE="SNIPPET_IMG" PRESENT="1"/>
	</DataFiles>
	<Content>
		<Primitive BOX="24 12 811 83" ID="Ar0650200" SEQ_NO="0" TOC_ENTRY_ID="85" DEPTH_LEVEL="1">
			<L BOX="357 31 477 67"/>
			<W BOX="357 33 365 67" STYLE_REF="15">(</W>
			<W BOX="395 31 433 66" STYLE_REF="15">137</W>
			<W BOX="461 31 470 66" STYLE_REF="15" NS="y">)</W>
			<W BOX="470 31 477 66" STYLE_REF="15">.</W>
		</Primitive>
	</Content>
	<TOC_Entries><TOC_Entry TOC_ENTRY_ID="144" TITLE="( 137 )." ENTITY_ID_REF="Ar06502" PAGE_NO="65" PAGE_LABEL="137" PRIM_ID_REF="Ar0650200" IS_IC="true"/></TOC_Entries></XMD-entity>
