<?xml version="1.0" encoding="windows-1252" standalone="no"?>
<XMD-entity REPOSITORY_FORMAT="1.0" PRXML_VER="2.0" ENTITY_TYPE="Article" DOC_UID="EWJ_01/04/1858" DOC_VER="1" FIRST_TOC_ENTRY_ID="87" DEPTH_LEVEL="1" INDEX_IN_DOC="144" PAGE_NO="65" ID="Ar06501" BOX="23 260 811 1225" LANGUAGE="English" CONTINUATION_TO="Ar06600" SNP="Ar06501S.png" SNP_WIDTH="789" SNP_HEIGHT="63" LOGICAL_NAME="true">
	<Meta NAME="The Profession of the Teacher.*" DESCRIPTION="" SUBTYPE="" BASE_HREF="EWJ/1858/04/01" SOURCE_TYPE="TIFF" PUBLICATION="EWJ" SECTION="None" ISSUE_DATE="01/04/1858" WORDCNT="582" RELEASE_NO="041-EWJ-1858-04-01-001-SINGLE" PAGE_ID="" PAGE_TYPE="Single" PAGE_WIDTH="823" PAGE_HEIGHT="1239" DEFAULT_IMG_EXT="png" PDF_DESTINATION_MAPPED="OLV0_Entity_0065_0002" IMAGES_RESOLUTION="86" XMD_VER="2.6.238.8" PAGE_LABEL="137"/>
	<Link SOURCE="041-EWJ-1858-04-01-001-SINGLE.PDF" FIRST_ID="Ar00200" LAST_ID="Ar07201" NEXT_ID="Ar06502" PREV_ID="Ar06500" TOC_ID="d:/Olive/Repository/EWJ/1858/04/01/TOC.xml"/>
	<DataFiles>
		<Files TYPE="DOC_PDF" PRESENT="1"/>
		<Files TYPE="PAGE_PDF" PRESENT="0"/>
		<Files TYPE="DOC_IMG" PRESENT="0"/>
		<Files TYPE="PAGE_IMG" PRESENT="0"/>
		<Files TYPE="PAGE_VIEW_IMG" PRESENT="1"/>
		<Files TYPE="PAGE_PREVIEW_IMG" PRESENT="1"/>
		<Files TYPE="PRIMITIVE_IMG" PRESENT="1"/>
		<Files TYPE="SNIPPET_IMG" PRESENT="1"/>
	</DataFiles>
	<Content>
		<Primitive BOX="23 260 811 323" ID="Ar0650100" SEQ_NO="0" TOC_ENTRY_ID="87" DEPTH_LEVEL="1">
			<L BOX="235 296 585 323"/>
			<W BOX="235 296 272 321" STYLE_REF="10">The</W>
			<Q BOX="285 296 326 321" STYLE_REF="10" QID="1">Prof</Q>
			<q BOX="330 296 387 321" STYLE_REF="10" QID="1">ession</q>
			<QW QID="1">Profession</QW>
			<W BOX="400 296 418 321" STYLE_REF="10">of</W>
			<W BOX="432 296 468 321" STYLE_REF="10">the</W>
			<W BOX="480 296 563 321" STYLE_REF="10" NS="y">Teacher</W>
			<W BOX="565 296 571 321" STYLE_REF="10" NS="y">.</W>
			<W BOX="570 298 585 323" STYLE_REF="10">*</W>
		</Primitive>
		<Primitive BOX="23 323 811 378" ID="Ar0650101" SEQ_NO="1" TOC_ENTRY_ID="87" DEPTH_LEVEL="1">
			<L BOX="48 329 762 357" P="S"/>
			<W BOX="48 329 68 354" STYLE_REF="10">It</W>
			<W BOX="76 329 131 354" STYLE_REF="10">would</W>
			<W BOX="140 329 189 354" STYLE_REF="10">argue</W>
			<W BOX="199 329 229 354" STYLE_REF="10">but</W>
			<W BOX="237 329 246 354" STYLE_REF="10">a</W>
			<W BOX="254 330 303 356" STYLE_REF="10">small</W>
			<W BOX="314 330 383 356" STYLE_REF="10">amount</W>
			<W BOX="393 330 408 356" STYLE_REF="10">of</W>
			<W BOX="421 330 504 356" STYLE_REF="10">womanly</W>
			<W BOX="510 330 569 356" STYLE_REF="10">feeling</W>
			<W BOX="579 331 597 356" STYLE_REF="10">in</W>
			<W BOX="605 331 637 356" STYLE_REF="10">any</W>
			<W BOX="646 331 662 356" STYLE_REF="10">of</W>
			<W BOX="670 331 699 356" STYLE_REF="10">the</W>
			<Q BOX="706 331 735 356" STYLE_REF="10" QID="2">sex</Q>
			<q BOX="749 332 762 357" STYLE_REF="10" QID="2">if</q>
			<QW QID="2">sexif</QW>
			<L BOX="46 333 763 378"/>
			<W BOX="46 350 76 375" STYLE_REF="10">the</W>
			<W BOX="82 351 163 376" STYLE_REF="10">prospects</W>
			<W BOX="172 351 187 376" STYLE_REF="10">of</W>
			<Q BOX="195 351 221 376" STYLE_REF="10" QID="3">thi</Q>
			<q BOX="221 351 229 376" STYLE_REF="10" QID="3">s</q>
			<QW QID="3">this</QW>
			<W BOX="238 351 328 376" STYLE_REF="10">important</W>
			<Q BOX="336 352 378 377" STYLE_REF="10" QID="4">class</Q>
			<q BOX="391 352 409 377" STYLE_REF="10" QID="4">as</q>
			<QW QID="4">classas</QW>
			<W BOX="419 352 443 377" STYLE_REF="10">set</W>
			<W BOX="453 352 497 377" STYLE_REF="10">forth</W>
			<W BOX="507 352 524 377" STYLE_REF="10">in</W>
			<W BOX="535 352 564 377" STYLE_REF="10">the</W>
			<Q BOX="574 352 592 377" STYLE_REF="10" QID="5">ar</Q>
			<q BOX="593 352 630 377" STYLE_REF="10" QID="5">ticle</q>
			<QW QID="5">article</QW>
			<W BOX="640 352 660 377" STYLE_REF="10">on</W>
			<Q BOX="666 352 693 377" STYLE_REF="10" QID="6">wh</Q>
			<Q BOX="694 352 700 377" STYLE_REF="10" QID="6">i</Q>
			<q BOX="700 353 720 378" STYLE_REF="10" QID="6">ch</q>
			<QW QID="6">which</QW>
			<W BOX="728 353 763 378" STYLE_REF="10">this</W>
			<W BOX="736 333 741 358" STYLE_REF="10">,</W>
		</Primitive>
		<Primitive BOX="23 372 811 420" ID="Ar0650102" SEQ_NO="2" TOC_ENTRY_ID="87" DEPTH_LEVEL="1">
			<L BOX="378 353 383 378"/>
			<W BOX="378 353 383 378" STYLE_REF="10">,</W>
			<L BOX="47 372 762 399"/>
			<W BOX="47 372 95 397" STYLE_REF="10">paper</W>
			<W BOX="101 372 156 397" STYLE_REF="10">would</W>
			<W BOX="161 372 228 397" STYLE_REF="10">venture</W>
			<W BOX="234 372 251 397" STYLE_REF="10">to</W>
			<W BOX="259 372 293 397" STYLE_REF="10">offer</W>
			<W BOX="304 373 314 398" STYLE_REF="10">a</W>
			<W BOX="322 373 353 398" STYLE_REF="10">few</W>
			<W BOX="359 373 432 398" STYLE_REF="10" NS="y">remarks</W>
			<W BOX="433 374 438 399" STYLE_REF="10">,</W>
			<W BOX="444 373 502 398" STYLE_REF="10">should</W>
			<W BOX="509 373 576 398" STYLE_REF="10">awaken</W>
			<W BOX="582 373 604 398" STYLE_REF="10">no</W>
			<Q BOX="612 373 689 398" STYLE_REF="10" QID="7">sympath</Q>
			<q BOX="689 374 702 399" STYLE_REF="10" NS="y" QID="7">y</q>
			<QW QID="7">sympathy</QW>
			<W BOX="702 374 708 399" STYLE_REF="10">.</W>
			<W BOX="726 374 762 399" STYLE_REF="10">The</W>
			<L BOX="47 393 762 420"/>
			<Q BOX="47 393 57 418" STYLE_REF="10" QID="8">s</Q>
			<q BOX="56 393 143 418" STYLE_REF="10" QID="8">tatements</q>
			<QW QID="8">statements</QW>
			<W BOX="151 394 235 419" STYLE_REF="10">contained</W>
			<W BOX="243 394 261 419" STYLE_REF="10">in</W>
			<W BOX="268 394 298 419" STYLE_REF="10">the</W>
			<Q BOX="304 394 396 419" STYLE_REF="10" QID="9">melanchol</Q>
			<q BOX="396 394 408 419" STYLE_REF="10" QID="9">y</q>
			<QW QID="9">melancholy</QW>
			<W BOX="418 394 471 419" STYLE_REF="10">report</W>
			<W BOX="481 394 497 419" STYLE_REF="10">of</W>
			<W BOX="507 394 535 419" STYLE_REF="10">the</W>
			<Q BOX="542 394 650 419" STYLE_REF="10" QID="10">Governesses</Q>
			<q BOX="649 395 654 420" STYLE_REF="10" QID="10">'</q>
			<QW QID="10">Governesses'</QW>
			<W BOX="663 395 762 420" STYLE_REF="10">Benevolent</W>
		</Primitive>
		<Primitive BOX="23 414 811 463" ID="Ar0650103" SEQ_NO="3" TOC_ENTRY_ID="87" DEPTH_LEVEL="1">
			<L BOX="46 414 762 442"/>
			<W BOX="46 414 144 439" STYLE_REF="10">Institution</W>
			<W BOX="151 414 178 439" STYLE_REF="10">are</W>
			<Q BOX="185 414 251 439" STYLE_REF="10" QID="11">certainl</Q>
			<q BOX="251 415 263 440" STYLE_REF="10" QID="11">y</q>
			<QW QID="11">certainly</QW>
			<W BOX="271 415 350 440" STYLE_REF="10">sufficient</W>
			<W BOX="360 415 378 440" STYLE_REF="10">to</W>
			<W BOX="388 415 437 440" STYLE_REF="10">make</W>
			<W BOX="444 415 474 440" STYLE_REF="10">one</W>
			<W BOX="483 415 550 440" STYLE_REF="10">tremble</W>
			<W BOX="561 415 585 440" STYLE_REF="10">for</W>
			<W BOX="597 415 625 440" STYLE_REF="10">the</W>
			<W BOX="635 415 690 440" STYLE_REF="10">future</W>
			<W BOX="701 416 716 442" STYLE_REF="10">of</W>
			<W BOX="728 416 762 442" STYLE_REF="10">any</W>
			<L BOX="46 435 767 463"/>
			<W BOX="46 435 113 460" STYLE_REF="10">beloved</W>
			<W BOX="121 435 164 460" STYLE_REF="10">child</W>
			<W BOX="175 435 192 460" STYLE_REF="10">or</W>
			<W BOX="202 436 248 461" STYLE_REF="10">sister</W>
			<W BOX="256 436 295 461" STYLE_REF="10">who</W>
			<W BOX="303 436 344 461" STYLE_REF="10">shall</W>
			<W BOX="353 436 403 461" STYLE_REF="10">adopt</W>
			<W BOX="413 436 442 461" STYLE_REF="10">the</W>
			<Q BOX="451 436 489 461" STYLE_REF="10" QID="12">oner</Q>
			<q BOX="489 436 519 461" STYLE_REF="10" QID="12">ous</q>
			<QW QID="12">onerous</QW>
			<W BOX="529 436 616 461" STYLE_REF="10">profession</W>
			<W BOX="625 436 640 461" STYLE_REF="10">of</W>
			<W BOX="652 436 661 461" STYLE_REF="10">a</W>
			<W BOX="672 437 737 462" STYLE_REF="10">teacher</W>
			<W BOX="743 437 761 463" STYLE_REF="10" NS="y">as</W>
			<W BOX="761 437 767 463" STYLE_REF="10">.</W>
		</Primitive>
		<Primitive BOX="23 456 811 505" ID="Ar0650104" SEQ_NO="4" TOC_ENTRY_ID="87" DEPTH_LEVEL="1">
			<L BOX="45 456 762 484"/>
			<W BOX="45 456 74 481" STYLE_REF="10">the</W>
			<Q BOX="81 456 129 481" STYLE_REF="10" QID="13">mean</Q>
			<q BOX="129 456 137 481" STYLE_REF="10" QID="13">s</q>
			<QW QID="13">means</QW>
			<W BOX="144 456 160 481" STYLE_REF="10">of</W>
			<W BOX="170 456 257 481" STYLE_REF="10">livelihood</W>
			<W BOX="264 457 269 482" STYLE_REF="10">;</W>
			<W BOX="277 457 306 482" STYLE_REF="10">nor</W>
			<W BOX="311 457 341 482" STYLE_REF="10">can</W>
			<W BOX="346 457 376 482" STYLE_REF="10">nor</W>
			<Q BOX="381 457 414 482" STYLE_REF="10" QID="14">oug</Q>
			<q BOX="414 457 433 482" STYLE_REF="10" QID="14">ht</q>
			<QW QID="14">ought</QW>
			<W BOX="438 457 479 482" STYLE_REF="10">such</W>
			<W BOX="484 457 569 482" STYLE_REF="10">solicitude</W>
			<W BOX="576 457 594 482" STYLE_REF="10">to</W>
			<W BOX="601 457 621 482" STYLE_REF="10">be</W>
			<W BOX="628 457 701 483" STYLE_REF="10">confined</W>
			<W BOX="709 459 726 484" STYLE_REF="10">to</W>
			<W BOX="733 459 762 484" STYLE_REF="10">the</W>
			<L BOX="44 477 762 505"/>
			<W BOX="44 478 127 503" STYLE_REF="10">members</W>
			<W BOX="134 478 149 503" STYLE_REF="10">of</W>
			<W BOX="159 478 190 503" STYLE_REF="10" NS="y">one</W>
			<W BOX="189 477 197 502" STYLE_REF="10" NS="y">'</W>
			<W BOX="194 478 202 503" STYLE_REF="10">s</W>
			<W BOX="209 478 246 503" STYLE_REF="10">own</W>
			<Q BOX="253 478 293 503" STYLE_REF="10" QID="15">fami</Q>
			<Q BOX="294 478 300 503" STYLE_REF="10" QID="15">l</Q>
			<q BOX="299 478 312 504" STYLE_REF="10" NS="y" QID="15">y</q>
			<QW QID="15">family</QW>
			<W BOX="312 478 318 504" STYLE_REF="10">.</W>
			<W BOX="339 478 375 504" STYLE_REF="10">The</W>
			<W BOX="383 478 427 504" STYLE_REF="10">great</W>
			<W BOX="437 478 512 504" STYLE_REF="10">question</W>
			<W BOX="520 478 535 504" STYLE_REF="10" NS="y">is</W>
			<W BOX="535 479 540 504" STYLE_REF="10">,</W>
			<W BOX="548 478 593 504" STYLE_REF="10">what</W>
			<W BOX="600 478 659 504" STYLE_REF="10">should</W>
			<W BOX="666 480 687 505" STYLE_REF="10">be</W>
			<W BOX="694 480 735 505" STYLE_REF="10">done</W>
			<W BOX="743 480 762 505" STYLE_REF="10">to</W>
		</Primitive>
		<Primitive BOX="23 499 811 547" ID="Ar0650105" SEQ_NO="5" TOC_ENTRY_ID="87" DEPTH_LEVEL="1">
			<L BOX="44 499 762 526"/>
			<W BOX="44 499 110 524" STYLE_REF="10">obviate</W>
			<W BOX="123 499 151 524" STYLE_REF="10">the</W>
			<W BOX="160 499 200 524" STYLE_REF="10">peril</W>
			<W BOX="210 499 225 524" STYLE_REF="10">of</W>
			<W BOX="237 499 332 524" STYLE_REF="10">destitution</W>
			<W BOX="346 500 363 525" STYLE_REF="10">or</W>
			<W BOX="372 500 473 525" STYLE_REF="10">dependence</W>
			<W BOX="485 500 506 525" STYLE_REF="10">on</W>
			<Q BOX="519 499 539 524" STYLE_REF="10" QID="16">ch</Q>
			<Q BOX="540 499 564 524" STYLE_REF="10" QID="16">ari</Q>
			<q BOX="565 499 583 524" STYLE_REF="10" QID="16">ty</q>
			<QW QID="16">charity</QW>
			<W BOX="591 500 639 525" STYLE_REF="10">when</W>
			<W BOX="650 500 678 525" STYLE_REF="10">the</W>
			<Q BOX="690 500 737 526" STYLE_REF="10" QID="17">energ</Q>
			<q BOX="737 501 762 526" STYLE_REF="10" QID="17">ies</q>
			<QW QID="17">energies</QW>
			<L BOX="43 520 706 547"/>
			<Q BOX="43 520 66 545" STYLE_REF="10" QID="18">fai</Q>
			<q BOX="67 520 73 545" STYLE_REF="10" NS="y" QID="18">l</q>
			<QW QID="18">fail</QW>
			<W BOX="73 520 78 545" STYLE_REF="10">,</W>
			<W BOX="86 521 119 546" STYLE_REF="10">and</W>
			<W BOX="126 521 155 546" STYLE_REF="10">the</W>
			<W BOX="161 521 223 546" STYLE_REF="10">powers</W>
			<W BOX="230 521 293 546" STYLE_REF="10">mental</W>
			<W BOX="300 521 332 546" STYLE_REF="10">and</W>
			<Q BOX="339 522 350 547" STYLE_REF="10" QID="19">p</Q>
			<Q BOX="349 521 361 546" STYLE_REF="10" QID="19">h</Q>
			<q BOX="361 521 414 546" STYLE_REF="10" QID="19">ysical</q>
			<QW QID="19">physical</QW>
			<W BOX="421 521 459 546" STYLE_REF="10">sink</W>
			<W BOX="466 521 518 546" STYLE_REF="10">under</W>
			<W BOX="526 521 554 546" STYLE_REF="10">the</W>
			<Q BOX="560 521 591 546" STYLE_REF="10" QID="20">wei</Q>
			<Q BOX="591 521 603 546" STYLE_REF="10" QID="20">g</Q>
			<q BOX="602 521 621 546" STYLE_REF="10" QID="20">ht</q>
			<QW QID="20">weight</QW>
			<W BOX="629 521 644 546" STYLE_REF="10">of</W>
			<W BOX="652 522 700 547" STYLE_REF="10" NS="y">years</W>
			<W BOX="700 522 706 547" STYLE_REF="10">.</W>
		</Primitive>
		<Primitive BOX="23 541 811 592" ID="Ar0650106" SEQ_NO="6" TOC_ENTRY_ID="87" DEPTH_LEVEL="1">
			<L BOX="65 541 752 569"/>
			<W BOX="65 541 101 567" STYLE_REF="10">The</W>
			<Q BOX="108 541 144 567" STYLE_REF="10" QID="21">com</Q>
			<Q BOX="145 541 156 567" STYLE_REF="10" QID="21">p</Q>
			<q BOX="157 542 197 567" STYLE_REF="10" QID="21">laint</q>
			<QW QID="21">complaint</QW>
			<W BOX="204 542 220 567" STYLE_REF="10">of</W>
			<W BOX="228 542 256 567" STYLE_REF="10">the</W>
			<W BOX="263 542 320 567" STYLE_REF="10">article</W>
			<W BOX="327 542 341 567" STYLE_REF="10">is</W>
			<W BOX="348 542 386 567" STYLE_REF="10">that</W>
			<W BOX="390 542 419 567" STYLE_REF="10">the</W>
			<Q BOX="424 542 441 567" STYLE_REF="10" QID="22">m</Q>
			<q BOX="441 542 488 567" STYLE_REF="10" QID="22">arket</q>
			<QW QID="22">market</QW>
			<W BOX="493 542 517 567" STYLE_REF="10">for</W>
			<W BOX="526 542 604 567" STYLE_REF="10">Teachers</W>
			<W BOX="612 542 627 567" STYLE_REF="10">is</W>
			<Q BOX="634 543 672 568" STYLE_REF="10" QID="23">over</Q>
			<Q BOX="672 543 680 568" STYLE_REF="10" LH="y" QID="23">-</Q>
			<Q BOX="680 543 720 568" STYLE_REF="10" QID="23">supp</Q>
			<q BOX="721 543 752 569" STYLE_REF="10" QID="23">lied</q>
			<QW QID="23">over-supplied</QW>
			<L BOX="755 545 761 570"/>
			<W BOX="755 545 761 570" STYLE_REF="10">,</W>
			<L BOX="43 563 755 591"/>
			<W BOX="43 563 75 588" STYLE_REF="10">and</W>
			<W BOX="85 563 123 588" STYLE_REF="10">that</W>
			<W BOX="134 563 168 588" STYLE_REF="10">this</W>
			<W BOX="175 563 217 588" STYLE_REF="10">state</W>
			<W BOX="226 564 242 589" STYLE_REF="10">of</W>
			<W BOX="251 564 309 589" STYLE_REF="10">things</W>
			<W BOX="319 566 329 591" STYLE_REF="10">"</W>
			<W BOX="335 564 366 589" STYLE_REF="10">has</W>
			<Q BOX="377 564 395 589" STYLE_REF="10" QID="24">re</Q>
			<Q BOX="395 564 402 589" STYLE_REF="10" LH="y" QID="24">-</Q>
			<q BOX="402 564 449 589" STYLE_REF="10" QID="24">acted</q>
			<QW QID="24">re-acted</QW>
			<W BOX="459 564 480 589" STYLE_REF="10">on</W>
			<W BOX="491 564 521 589" STYLE_REF="10">the</W>
			<W BOX="531 564 596 589" STYLE_REF="10">custom</W>
			<W BOX="603 564 619 589" STYLE_REF="10">of</W>
			<W BOX="627 564 656 589" STYLE_REF="10">the</W>
			<Q BOX="664 564 700 589" STYLE_REF="10" QID="25">emp</Q>
			<q BOX="701 565 755 590" STYLE_REF="10" QID="25">loyers</q>
			<QW QID="25">employers</QW>
		</Primitive>
		<Primitive BOX="23 584 811 632" ID="Ar0650107" SEQ_NO="7" TOC_ENTRY_ID="87" DEPTH_LEVEL="1">
			<L BOX="42 566 763 611"/>
			<W BOX="42 584 81 609" STYLE_REF="10">who</W>
			<W BOX="87 584 129 610" STYLE_REF="10">have</W>
			<W BOX="136 584 159 610" STYLE_REF="10">set</W>
			<W BOX="167 584 209 610" STYLE_REF="10">their</W>
			<W BOX="218 584 262 610" STYLE_REF="10">ideas</W>
			<W BOX="269 584 287 610" STYLE_REF="10">to</W>
			<W BOX="294 584 303 610" STYLE_REF="10">a</W>
			<W BOX="311 584 375 610" STYLE_REF="13">certain</W>
			<W BOX="385 585 427 610" STYLE_REF="10">scale</W>
			<W BOX="434 585 439 610" STYLE_REF="10">;</W>
			<W BOX="449 585 481 610" STYLE_REF="10">and</W>
			<W BOX="489 585 502 610" STYLE_REF="10">if</W>
			<W BOX="510 585 550 610" STYLE_REF="10">they</W>
			<W BOX="557 585 625 610" STYLE_REF="10">educate</W>
			<W BOX="635 585 678 610" STYLE_REF="10">their</W>
			<W BOX="685 586 757 611" STYLE_REF="10">children</W>
			<W BOX="754 566 763 592" STYLE_REF="10">,</W>
			<L BOX="42 605 757 632"/>
			<W BOX="42 605 59 630" STYLE_REF="10">at</W>
			<W BOX="67 605 113 630" STYLE_REF="13" NS="y">home</W>
			<W BOX="112 607 119 632" STYLE_REF="13">,</W>
			<W BOX="125 605 175 630" STYLE_REF="10">refuse</W>
			<W BOX="183 605 201 630" STYLE_REF="10">to</W>
			<W BOX="207 607 239 632" STYLE_REF="10">pay</W>
			<W BOX="244 606 307 631" STYLE_REF="10">beyond</W>
			<W BOX="314 606 324 631" STYLE_REF="10">a</W>
			<W BOX="331 606 392 631" STYLE_REF="10">certain</W>
			<W BOX="400 606 494 631" STYLE_REF="10">percentage</W>
			<W BOX="501 606 521 631" STYLE_REF="10">on</W>
			<W BOX="529 606 557 631" STYLE_REF="10">the</W>
			<W BOX="567 606 621 631" STYLE_REF="10">whole</W>
			<Q BOX="627 606 673 631" STYLE_REF="10" QID="26">famil</Q>
			<q BOX="673 607 685 632" STYLE_REF="10" QID="26">y</q>
			<QW QID="26">family</QW>
			<W BOX="692 607 757 632" STYLE_REF="10">income</W>
		</Primitive>
		<Primitive BOX="23 627 811 675" ID="Ar0650108" SEQ_NO="8" TOC_ENTRY_ID="87" DEPTH_LEVEL="1">
			<L BOX="41 627 277 653"/>
			<W BOX="41 627 65 652" STYLE_REF="10">for</W>
			<Q BOX="73 627 126 652" STYLE_REF="10" QID="27">instru</Q>
			<q BOX="127 627 170 652" STYLE_REF="10" NS="y" QID="27">ction</q>
			<QW QID="27">instruction</QW>
			<W BOX="171 627 179 652" STYLE_REF="10" NS="y">.</W>
			<Q BOX="177 627 190 653" STYLE_REF="10" QID="28">"</Q>
			<Q BOX="186 627 208 652" STYLE_REF="10" LH="y" QID="28">�</Q>
			<q BOX="208 627 251 652" STYLE_REF="10" QID="28">Page</q>
			<QW QID="28">"�Page</QW>
			<W BOX="259 627 270 652" STYLE_REF="10" NS="y">8</W>
			<W BOX="270 627 277 652" STYLE_REF="10">.</W>
			<L BOX="62 648 756 675"/>
			<W BOX="62 648 78 673" STYLE_REF="10">It</W>
			<W BOX="86 648 126 673" STYLE_REF="10">may</W>
			<W BOX="134 648 154 673" STYLE_REF="10">be</W>
			<W BOX="163 648 201 673" STYLE_REF="10">here</W>
			<W BOX="211 648 296 673" STYLE_REF="10">remarked</W>
			<W BOX="306 648 344 673" STYLE_REF="10">that</W>
			<W BOX="353 649 371 674" STYLE_REF="10">in</W>
			<W BOX="382 649 411 674" STYLE_REF="10">the</W>
			<W BOX="423 650 427 675" STYLE_REF="10">'</W>
			<Q BOX="432 648 499 673" STYLE_REF="10" QID="29">Waverl</Q>
			<Q BOX="499 649 512 674" STYLE_REF="10" QID="29">y</Q>
			<q BOX="517 648 521 673" STYLE_REF="10" QID="29">'</q>
			<QW QID="29">Waverly'</QW>
			<W BOX="531 648 545 673" STYLE_REF="10">it</W>
			<W BOX="554 648 588 673" STYLE_REF="10">was</W>
			<W BOX="599 648 608 673" STYLE_REF="10">a</W>
			<W BOX="619 649 662 674" STYLE_REF="10">little</W>
			<W BOX="669 649 718 674" STYLE_REF="10">while</W>
			<W BOX="724 650 756 675" STYLE_REF="10">ago</W>
		</Primitive>
		<Primitive BOX="23 669 811 718" ID="Ar0650109" SEQ_NO="9" TOC_ENTRY_ID="87" DEPTH_LEVEL="1">
			<L BOX="40 669 756 696"/>
			<Q BOX="40 669 88 694" STYLE_REF="10" QID="30">comp</Q>
			<q BOX="88 669 140 694" STYLE_REF="10" QID="30">lained</q>
			<QW QID="30">complained</QW>
			<W BOX="151 669 188 694" STYLE_REF="10">that</W>
			<W BOX="198 669 248 694" STYLE_REF="10">cheap</W>
			<W BOX="259 670 322 695" STYLE_REF="10">schools</W>
			<W BOX="329 670 372 695" STYLE_REF="10">were</W>
			<W BOX="378 670 449 695" STYLE_REF="13">required</W>
			<W BOX="464 670 489 695" STYLE_REF="10">for</W>
			<W BOX="500 670 529 695" STYLE_REF="10">the</W>
			<Q BOX="539 670 582 695" STYLE_REF="10" QID="31">daug</Q>
			<q BOX="582 670 627 695" STYLE_REF="10" QID="31">hters</q>
			<QW QID="31">daughters</QW>
			<W BOX="634 670 650 695" STYLE_REF="10">of</W>
			<W BOX="658 671 686 696" STYLE_REF="10">the</W>
			<W BOX="693 671 756 696" STYLE_REF="10">middle</W>
			<L BOX="40 691 755 718"/>
			<W BOX="40 691 97 716" STYLE_REF="10">classes</W>
			<W BOX="104 691 109 716" STYLE_REF="10">;</W>
			<W BOX="120 691 152 716" STYLE_REF="10">and</W>
			<W BOX="162 691 174 716" STYLE_REF="10">if</W>
			<W BOX="184 691 234 716" STYLE_REF="10">cheap</W>
			<W BOX="244 691 307 716" STYLE_REF="10">schools</W>
			<W BOX="316 691 337 716" STYLE_REF="10">be</W>
			<W BOX="347 691 422 716" STYLE_REF="10" NS="y">required</W>
			<W BOX="423 693 428 718" STYLE_REF="10">,</W>
			<W BOX="439 691 468 716" STYLE_REF="10">the</W>
			<W BOX="480 691 551 716" STYLE_REF="10">doctrine</W>
			<W BOX="561 691 578 716" STYLE_REF="10">of</W>
			<W BOX="587 691 637 716" STYLE_REF="10">cheap</W>
			<W BOX="650 692 755 717" STYLE_REF="10">governesses</W>
		</Primitive>
		<Primitive BOX="23 712 811 780" ID="Ar0650110" SEQ_NO="10" TOC_ENTRY_ID="87" DEPTH_LEVEL="1">
			<L BOX="39 712 755 739"/>
			<W BOX="39 712 75 737" STYLE_REF="10">will</W>
			<W BOX="83 712 138 737" STYLE_REF="10">follow</W>
			<W BOX="142 712 160 737" STYLE_REF="10">as</W>
			<W BOX="173 712 182 737" STYLE_REF="10">a</W>
			<W BOX="194 712 253 737" STYLE_REF="10">matter</W>
			<W BOX="263 712 280 737" STYLE_REF="10">of</W>
			<W BOX="292 713 348 738" STYLE_REF="10" NS="y">course</W>
			<W BOX="348 713 353 738" STYLE_REF="10">.</W>
			<W BOX="376 713 392 738" STYLE_REF="10">It</W>
			<W BOX="405 713 420 738" STYLE_REF="10">is</W>
			<W BOX="429 713 490 738" STYLE_REF="10">almost</W>
			<W BOX="501 713 561 738" STYLE_REF="10">certain</W>
			<W BOX="572 713 609 738" STYLE_REF="10">that</W>
			<W BOX="620 713 649 738" STYLE_REF="10">the</W>
			<W BOX="658 713 728 738" STYLE_REF="10">families</W>
			<W BOX="738 714 755 739" STYLE_REF="10">of</W>
			<L BOX="38 733 759 759"/>
			<Q BOX="38 733 100 758" STYLE_REF="10" QID="32">middle</Q>
			<Q BOX="100 733 107 758" STYLE_REF="10" LH="y" QID="32">-</Q>
			<q BOX="107 733 150 758" STYLE_REF="10" QID="32">class</q>
			<QW QID="32">middle-class</QW>
			<W BOX="163 733 254 758" STYLE_REF="10">tradesmen</W>
			<W BOX="267 733 322 758" STYLE_REF="10">would</W>
			<W BOX="333 734 354 759" STYLE_REF="10">be</W>
			<W BOX="365 734 418 759" STYLE_REF="10">better</W>
			<W BOX="430 734 509 759" STYLE_REF="10">educated</W>
			<W BOX="521 734 538 759" STYLE_REF="10">at</W>
			<W BOX="549 734 604 759" STYLE_REF="10">school</W>
			<Q BOX="617 734 635 759" STYLE_REF="10" QID="33">th</Q>
			<q BOX="636 734 657 759" STYLE_REF="10" QID="33">an</q>
			<QW QID="33">than</QW>
			<W BOX="667 734 685 759" STYLE_REF="10">at</W>
			<W BOX="694 734 743 759" STYLE_REF="10">home</W>
			<W BOX="749 734 759 759" STYLE_REF="10">:</W>
			<L BOX="37 754 754 780"/>
			<W BOX="37 754 83 780" STYLE_REF="10">there</W>
			<W BOX="94 754 149 780" STYLE_REF="10">would</W>
			<W BOX="157 754 178 780" STYLE_REF="10">be</W>
			<W BOX="186 754 217 780" STYLE_REF="10">less</W>
			<W BOX="224 754 328 780" STYLE_REF="10">interference</W>
			<W BOX="336 755 379 780" STYLE_REF="10">with</W>
			<W BOX="388 755 417 780" STYLE_REF="10">the</W>
			<W BOX="424 755 489 780" STYLE_REF="10">teacher</W>
			<W BOX="496 755 537 780" STYLE_REF="10">from</W>
			<W BOX="546 755 575 780" STYLE_REF="10">the</W>
			<Q BOX="582 755 648 780" STYLE_REF="10" QID="34">frequen</Q>
			<q BOX="650 755 657 780" STYLE_REF="10" QID="34">t</q>
			<QW QID="34">frequent</QW>
			<W BOX="665 755 754 780" STYLE_REF="10">deficiency</W>
		</Primitive>
		<Primitive BOX="23 776 811 824" ID="Ar0650111" SEQ_NO="11" TOC_ENTRY_ID="87" DEPTH_LEVEL="1">
			<L BOX="37 776 753 803"/>
			<W BOX="37 776 53 801" STYLE_REF="10">of</W>
			<Q BOX="60 776 67 801" STYLE_REF="10" QID="35">j</Q>
			<q BOX="69 776 148 801" STYLE_REF="10" QID="35">udgment</q>
			<QW QID="35">judgment</QW>
			<W BOX="159 776 177 801" STYLE_REF="10">in</W>
			<W BOX="191 776 220 801" STYLE_REF="10">the</W>
			<W BOX="233 776 299 801" STYLE_REF="10" NS="y">parents</W>
			<W BOX="300 777 305 802" STYLE_REF="10">,</W>
			<W BOX="319 777 351 802" STYLE_REF="10" NS="y">and</W>
			<W BOX="353 778 358 803" STYLE_REF="10">,</W>
			<W BOX="373 776 449 801" STYLE_REF="10">provided</W>
			<W BOX="465 776 495 801" STYLE_REF="10">the</W>
			<W BOX="509 776 563 801" STYLE_REF="10">school</W>
			<W BOX="578 776 593 801" STYLE_REF="10">is</W>
			<Q BOX="607 776 637 801" STYLE_REF="10" QID="36">con</Q>
			<q BOX="638 776 697 801" STYLE_REF="10" QID="36">ducted</q>
			<QW QID="36">conducted</QW>
			<W BOX="712 776 729 801" STYLE_REF="10">in</W>
			<W BOX="742 776 753 801" STYLE_REF="10">a</W>
			<L BOX="40 796 753 824"/>
			<Q BOX="40 796 54 822" STYLE_REF="2" QID="37">C</Q>
			<Q BOX="53 797 64 822" STYLE_REF="13" QID="37">h</Q>
			<Q BOX="63 796 101 822" STYLE_REF="2" QID="37">risti</Q>
			<Q BOX="102 797 112 822" STYLE_REF="13" QID="37">a</Q>
			<q BOX="113 796 125 822" STYLE_REF="2" QID="37">n</q>
			<QW QID="37">Christian</QW>
			<Q BOX="136 797 143 822" STYLE_REF="13" QID="38">s</Q>
			<Q BOX="141 796 151 822" STYLE_REF="2" QID="38">p</Q>
			<q BOX="155 796 183 822" STYLE_REF="2" NS="y" QID="38">irit</q>
			<QW QID="38">spirit</QW>
			<W BOX="186 799 194 824" STYLE_REF="13">,</W>
			<W BOX="202 798 231 823" STYLE_REF="10">the</W>
			<W BOX="239 798 338 823" STYLE_REF="10">excitement</W>
			<W BOX="350 798 365 823" STYLE_REF="10">of</W>
			<W BOX="378 798 388 823" STYLE_REF="10">a</W>
			<Q BOX="399 798 455 823" STYLE_REF="10" QID="39">health</Q>
			<q BOX="456 798 467 823" STYLE_REF="10" QID="39">y</q>
			<QW QID="39">healthy</QW>
			<W BOX="481 798 571 823" STYLE_REF="10">emulation</W>
			<W BOX="582 798 597 823" STYLE_REF="10">is</W>
			<W BOX="609 798 654 823" STYLE_REF="10">more</W>
			<W BOX="663 798 702 823" STYLE_REF="10">easy</W>
			<Q BOX="712 799 729 824" STYLE_REF="10" QID="40">th</Q>
			<q BOX="731 799 753 824" STYLE_REF="10" QID="40">an</q>
			<QW QID="40">than</QW>
		</Primitive>
		<Primitive BOX="23 818 811 887" ID="Ar0650112" SEQ_NO="12" TOC_ENTRY_ID="87" DEPTH_LEVEL="1">
			<L BOX="36 818 752 845"/>
			<Q BOX="36 818 63 843" STYLE_REF="10" QID="41">am</Q>
			<q BOX="64 818 111 843" STYLE_REF="10" QID="41">ongst</q>
			<QW QID="41">amongst</QW>
			<W BOX="123 818 151 843" STYLE_REF="10">the</W>
			<W BOX="162 818 216 843" STYLE_REF="10">sisters</W>
			<W BOX="228 818 244 843" STYLE_REF="10">of</W>
			<W BOX="258 818 288 843" STYLE_REF="10">the</W>
			<W BOX="298 819 343 844" STYLE_REF="10">same</W>
			<Q BOX="353 819 393 844" STYLE_REF="10" QID="42">fami</Q>
			<Q BOX="394 819 401 844" STYLE_REF="10" QID="42">l</Q>
			<q BOX="400 819 412 844" STYLE_REF="10" NS="y" QID="42">y</q>
			<QW QID="42">family</QW>
			<W BOX="412 819 418 844" STYLE_REF="10">.</W>
			<W BOX="439 819 454 844" STYLE_REF="10">If</W>
			<W BOX="466 819 500 844" STYLE_REF="10">two</W>
			<W BOX="511 819 528 844" STYLE_REF="10">or</W>
			<W BOX="538 819 584 844" STYLE_REF="10">three</W>
			<W BOX="595 819 650 844" STYLE_REF="10">sisters</W>
			<W BOX="661 819 678 844" STYLE_REF="10">or</W>
			<W BOX="690 819 723 844" STYLE_REF="10">two</W>
			<W BOX="733 820 752 845" STYLE_REF="10">or</W>
			<L BOX="35 839 750 866"/>
			<W BOX="35 839 82 864" STYLE_REF="10">three</W>
			<W BOX="96 839 155 864" STYLE_REF="10">friends</W>
			<W BOX="168 839 197 864" STYLE_REF="10">can</W>
			<W BOX="208 840 253 865" STYLE_REF="10">agree</W>
			<W BOX="266 840 284 865" STYLE_REF="10">to</W>
			<W BOX="298 840 339 865" STYLE_REF="10">keep</W>
			<W BOX="353 840 427 865" STYLE_REF="10">together</W>
			<W BOX="441 840 451 865" STYLE_REF="10">a</W>
			<W BOX="465 840 563 865" STYLE_REF="10">respectable</W>
			<Q BOX="579 840 610 865" STYLE_REF="10" QID="43">day</Q>
			<Q BOX="610 840 617 865" STYLE_REF="10" LH="y" QID="43">-</Q>
			<q BOX="617 840 672 865" STYLE_REF="10" QID="43">school</q>
			<QW QID="43">day-school</QW>
			<W BOX="685 840 704 865" STYLE_REF="10">in</W>
			<W BOX="717 840 750 866" STYLE_REF="10">any</W>
			<L BOX="34 860 751 887"/>
			<Q BOX="34 860 61 886" STYLE_REF="10" QID="44">nei</Q>
			<q BOX="62 860 166 886" STYLE_REF="10" NS="y" QID="44">ghbourhood</q>
			<QW QID="44">neighbourhood</QW>
			<W BOX="167 862 173 887" STYLE_REF="10">,</W>
			<Q BOX="181 861 200 886" STYLE_REF="10" QID="45">th</Q>
			<q BOX="201 861 221 886" STYLE_REF="10" QID="45">ey</q>
			<QW QID="45">they</QW>
			<W BOX="228 861 284 886" STYLE_REF="10">would</W>
			<W BOX="295 861 337 886" STYLE_REF="10">have</W>
			<W BOX="345 861 354 886" STYLE_REF="10">a</W>
			<W BOX="364 861 426 886" STYLE_REF="10">greater</W>
			<W BOX="437 861 496 886" STYLE_REF="10">chance</W>
			<W BOX="506 861 521 886" STYLE_REF="10">of</W>
			<W BOX="528 861 640 886" STYLE_REF="13" NS="y" M="1 * ">_permanency</W>
			<W BOX="640 861 646 886" STYLE_REF="13">,</W>
			<W BOX="654 862 686 887" STYLE_REF="10">and</W>
			<W BOX="696 862 712 887" STYLE_REF="10">of</W>
			<W BOX="721 862 751 887" STYLE_REF="10">the</W>
		</Primitive>
		<Primitive BOX="23 882 811 952" ID="Ar0650113" SEQ_NO="13" TOC_ENTRY_ID="87" DEPTH_LEVEL="1">
			<L BOX="34 882 752 909"/>
			<W BOX="34 882 127 907" STYLE_REF="10">realization</W>
			<W BOX="136 882 152 907" STYLE_REF="10">of</W>
			<W BOX="163 882 172 907" STYLE_REF="10">a</W>
			<W BOX="178 882 255 907" STYLE_REF="10">sufficient</W>
			<W BOX="265 883 329 908" STYLE_REF="10" NS="y">income</W>
			<W BOX="329 883 334 909" STYLE_REF="10">,</W>
			<W BOX="344 883 385 908" STYLE_REF="10">than</W>
			<W BOX="396 883 409 908" STYLE_REF="10">if</W>
			<W BOX="418 883 459 908" STYLE_REF="10">they</W>
			<W BOX="470 883 509 908" STYLE_REF="10">each</W>
			<W BOX="519 883 557 908" STYLE_REF="10">took</W>
			<W BOX="566 883 575 908" STYLE_REF="10">a</W>
			<W BOX="586 883 657 908" STYLE_REF="10">separate</W>
			<W BOX="665 883 743 908" STYLE_REF="10" NS="y">situation</W>
			<W BOX="744 884 752 909" STYLE_REF="10">.</W>
			<L BOX="33 903 749 929"/>
			<W BOX="33 903 53 928" STYLE_REF="10">In</W>
			<W BOX="62 903 91 928" STYLE_REF="10">the</W>
			<W BOX="101 903 209 928" STYLE_REF="10">organization</W>
			<W BOX="219 904 235 929" STYLE_REF="10">of</W>
			<W BOX="244 904 285 929" STYLE_REF="10">such</W>
			<W BOX="296 904 358 929" STYLE_REF="10">schools</W>
			<W BOX="369 904 399 929" STYLE_REF="10">the</W>
			<W BOX="407 904 480 929" STYLE_REF="10">different</W>
			<W BOX="491 903 551 929" STYLE_REF="10">talents</W>
			<W BOX="561 903 576 929" STYLE_REF="10">of</W>
			<W BOX="587 903 617 929" STYLE_REF="10">the</W>
			<W BOX="630 904 663 929" STYLE_REF="10">two</W>
			<W BOX="673 904 691 929" STYLE_REF="10">or</W>
			<W BOX="702 904 749 929" STYLE_REF="10">three</W>
			<L BOX="33 924 748 952"/>
			<W BOX="33 924 136 950" STYLE_REF="10">governesses</W>
			<Q BOX="143 924 179 950" STYLE_REF="10" QID="46">mig</Q>
			<q BOX="178 925 197 950" STYLE_REF="10" QID="46">ht</q>
			<QW QID="46">might</QW>
			<W BOX="208 925 229 950" STYLE_REF="10">be</W>
			<Q BOX="240 925 318 950" STYLE_REF="10" QID="47">beneflcal</Q>
			<Q BOX="318 925 323 950" STYLE_REF="10" QID="47">l</Q>
			<q BOX="323 926 335 951" STYLE_REF="10" QID="47">y</q>
			<QW QID="47">beneflcally</QW>
			<Q BOX="343 926 381 951" STYLE_REF="10" QID="48">emp</Q>
			<q BOX="381 925 428 950" STYLE_REF="10" NS="y" QID="48">loyed</q>
			<QW QID="48">employed</QW>
			<W BOX="428 926 433 952" STYLE_REF="10">,</W>
			<W BOX="441 925 473 950" STYLE_REF="10">and</W>
			<W BOX="485 925 531 950" STYLE_REF="10">there</W>
			<W BOX="538 925 593 950" STYLE_REF="10">would</W>
			<W BOX="600 925 620 950" STYLE_REF="10">be</W>
			<W BOX="628 925 659 950" STYLE_REF="10">less</W>
			<W BOX="666 925 748 950" STYLE_REF="10">necessity</W>
		</Primitive>
		<Primitive BOX="23 946 811 1015" ID="Ar0650114" SEQ_NO="14" TOC_ENTRY_ID="87" DEPTH_LEVEL="1">
			<L BOX="32 946 748 973"/>
			<W BOX="32 946 68 971" STYLE_REF="10">that</W>
			<W BOX="79 946 110 971" STYLE_REF="10">one</W>
			<W BOX="121 946 177 971" STYLE_REF="10">should</W>
			<W BOX="189 946 238 972" STYLE_REF="10">know</W>
			<W BOX="249 946 343 972" STYLE_REF="13">everything</W>
			<W BOX="351 946 384 972" STYLE_REF="10">and</W>
			<W BOX="396 946 441 972" STYLE_REF="10">teach</W>
			<W BOX="453 946 551 972" STYLE_REF="10" NS="y">everything</W>
			<W BOX="551 946 556 972" STYLE_REF="10">,</W>
			<W BOX="565 946 619 972" STYLE_REF="10">which</W>
			<W BOX="631 946 646 972" STYLE_REF="10" NS="y">is</W>
			<W BOX="646 947 651 972" STYLE_REF="10">,</W>
			<Q BOX="664 947 735 972" STYLE_REF="10" QID="49">generall</Q>
			<q BOX="735 948 748 973" STYLE_REF="10" QID="49">y</q>
			<QW QID="49">generally</QW>
			<L BOX="32 967 747 993"/>
			<W BOX="32 967 111 992" STYLE_REF="10" NS="y">speaking</W>
			<W BOX="111 967 117 992" STYLE_REF="10">,</W>
			<W BOX="127 968 136 993" STYLE_REF="10">a</W>
			<W BOX="146 968 185 993" STYLE_REF="10">vain</W>
			<W BOX="194 968 295 993" STYLE_REF="10" NS="y">expectation</W>
			<W BOX="298 968 303 993" STYLE_REF="10">.</W>
			<W BOX="324 968 354 993" STYLE_REF="10">All</W>
			<W BOX="362 968 419 993" STYLE_REF="10">indeed</W>
			<Q BOX="430 968 449 993" STYLE_REF="10" QID="50">sh</Q>
			<q BOX="450 968 489 993" STYLE_REF="10" QID="50">ould</q>
			<QW QID="50">should</QW>
			<W BOX="499 968 519 993" STYLE_REF="10">be</W>
			<W BOX="527 968 563 993" STYLE_REF="10">able</W>
			<W BOX="574 968 592 993" STYLE_REF="10">to</W>
			<W BOX="602 968 648 993" STYLE_REF="10">teach</W>
			<W BOX="658 968 700 993" STYLE_REF="10">their</W>
			<W BOX="710 968 747 993" STYLE_REF="10">own</W>
			<L BOX="31 988 745 1015"/>
			<W BOX="31 988 113 1013" STYLE_REF="10">language</W>
			<W BOX="119 988 157 1013" STYLE_REF="10" NS="y">well</W>
			<W BOX="162 988 167 1013" STYLE_REF="10">;</W>
			<W BOX="178 988 200 1013" STYLE_REF="10">all</W>
			<W BOX="207 989 265 1014" STYLE_REF="10">should</W>
			<W BOX="276 989 297 1014" STYLE_REF="10">be</W>
			<W BOX="308 989 344 1014" STYLE_REF="10">able</W>
			<W BOX="351 989 369 1014" STYLE_REF="10">to</W>
			<W BOX="376 989 447 1014" STYLE_REF="10">instruct</W>
			<W BOX="454 989 472 1014" STYLE_REF="10">in</W>
			<W BOX="480 989 509 1014" STYLE_REF="10">the</W>
			<Q BOX="514 989 565 1014" STYLE_REF="10" QID="51">princi</Q>
			<Q BOX="565 990 577 1015" STYLE_REF="10" QID="51">p</Q>
			<q BOX="576 989 600 1014" STYLE_REF="10" QID="51">les</q>
			<QW QID="51">principles</QW>
			<W BOX="607 989 623 1014" STYLE_REF="10">of</W>
			<Q BOX="630 989 659 1014" STYLE_REF="10" QID="52">reli</Q>
			<Q BOX="660 990 670 1015" STYLE_REF="10" QID="52">g</Q>
			<q BOX="670 989 697 1015" STYLE_REF="10" QID="52">ion</q>
			<QW QID="52">religion</QW>
			<W BOX="703 990 707 1015" STYLE_REF="10">;</W>
			<W BOX="715 989 745 1015" STYLE_REF="10">but</W>
		</Primitive>
		<Primitive BOX="23 1010 811 1078" ID="Ar0650115" SEQ_NO="15" TOC_ENTRY_ID="87" DEPTH_LEVEL="1">
			<L BOX="30 1010 744 1036"/>
			<W BOX="30 1010 54 1035" STYLE_REF="10">all</W>
			<W BOX="62 1010 103 1035" STYLE_REF="10">need</W>
			<W BOX="113 1010 142 1035" STYLE_REF="10">not</W>
			<W BOX="151 1010 173 1035" STYLE_REF="10">be</W>
			<W BOX="184 1010 257 1036" STYLE_REF="10">required</W>
			<W BOX="266 1011 284 1036" STYLE_REF="10">to</W>
			<W BOX="293 1011 339 1036" STYLE_REF="10">teach</W>
			<W BOX="351 1011 422 1036" STYLE_REF="10" NS="y">German</W>
			<W BOX="423 1011 428 1036" STYLE_REF="10">,</W>
			<W BOX="437 1010 501 1035" STYLE_REF="10" NS="y">French</W>
			<W BOX="502 1011 507 1036" STYLE_REF="10">,</W>
			<W BOX="520 1010 537 1036" STYLE_REF="10">or</W>
			<W BOX="550 1010 604 1036" STYLE_REF="10" NS="y">music</W>
			<W BOX="604 1010 610 1036" STYLE_REF="10">.</W>
			<W BOX="631 1010 666 1036" STYLE_REF="10">The</W>
			<W BOX="675 1010 744 1036" STYLE_REF="10">division</W>
			<L BOX="30 1031 744 1057"/>
			<W BOX="30 1031 46 1056" STYLE_REF="10">of</W>
			<W BOX="53 1031 111 1056" STYLE_REF="10">labour</W>
			<W BOX="119 1031 174 1056" STYLE_REF="10">would</W>
			<W BOX="184 1031 204 1056" STYLE_REF="10">be</W>
			<W BOX="214 1032 296 1057" STYLE_REF="10">beneficial</W>
			<W BOX="308 1032 357 1057" STYLE_REF="10">every</W>
			<W BOX="364 1032 403 1057" STYLE_REF="10" NS="y">way</W>
			<W BOX="403 1032 409 1057" STYLE_REF="10">,</W>
			<W BOX="416 1031 448 1056" STYLE_REF="10">and</W>
			<W BOX="455 1031 511 1056" STYLE_REF="10">would</W>
			<Q BOX="517 1031 581 1056" STYLE_REF="10" QID="53">probabl</Q>
			<q BOX="582 1031 594 1056" STYLE_REF="10" QID="53">y</q>
			<QW QID="53">probably</QW>
			<W BOX="601 1031 640 1056" STYLE_REF="10">tend</W>
			<W BOX="647 1031 664 1056" STYLE_REF="10">to</W>
			<W BOX="671 1031 718 1056" STYLE_REF="13" M="1 * ">_tinity</W>
			<W BOX="727 1031 744 1056" STYLE_REF="10">of</W>
			<L BOX="30 1052 744 1078"/>
			<W BOX="30 1052 81 1077" STYLE_REF="10" NS="y">object</W>
			<W BOX="83 1053 89 1078" STYLE_REF="10">,</W>
			<Q BOX="97 1052 152 1077" STYLE_REF="10" QID="54">namel</Q>
			<q BOX="152 1053 164 1078" STYLE_REF="10" NS="y" QID="54">y</q>
			<QW QID="54">namely</QW>
			<W BOX="164 1053 171 1078" STYLE_REF="10">,</W>
			<Q BOX="180 1053 198 1078" STYLE_REF="10" QID="55">th</Q>
			<q BOX="199 1053 217 1078" STYLE_REF="10" QID="55">at</q>
			<QW QID="55">that</QW>
			<W BOX="226 1053 264 1078" STYLE_REF="10">each</W>
			<W BOX="279 1053 336 1078" STYLE_REF="10">should</W>
			<W BOX="350 1053 397 1078" STYLE_REF="10">teach</W>
			<W BOX="405 1053 442 1078" STYLE_REF="10">well</W>
			<W BOX="449 1053 495 1078" STYLE_REF="10">what</W>
			<W BOX="507 1052 535 1077" STYLE_REF="10">she</W>
			<W BOX="546 1052 626 1077" STYLE_REF="10">professed</W>
			<W BOX="638 1052 655 1077" STYLE_REF="10">to</W>
			<W BOX="662 1052 708 1077" STYLE_REF="10" NS="y">teach</W>
			<W BOX="709 1053 714 1078" STYLE_REF="10">,</W>
			<W BOX="724 1053 744 1078" STYLE_REF="10">as</W>
		</Primitive>
		<Primitive BOX="23 1073 811 1142" ID="Ar0650116" SEQ_NO="16" TOC_ENTRY_ID="87" DEPTH_LEVEL="1">
			<L BOX="28 1073 743 1099"/>
			<W BOX="28 1073 90 1099" STYLE_REF="10">having</W>
			<W BOX="101 1073 146 1099" STYLE_REF="10">more</W>
			<W BOX="157 1073 262 1099" STYLE_REF="10">opportunity</W>
			<W BOX="274 1074 299 1099" STYLE_REF="10">for</W>
			<Q BOX="311 1074 343 1099" STYLE_REF="10" QID="56">self</Q>
			<Q BOX="342 1074 350 1099" STYLE_REF="10" LH="y" QID="56">-</Q>
			<q BOX="350 1074 468 1099" STYLE_REF="10" QID="56">improvement</q>
			<QW QID="56">self-improvement</QW>
			<W BOX="481 1074 500 1099" STYLE_REF="10">in</W>
			<W BOX="510 1073 539 1098" STYLE_REF="10">her</W>
			<W BOX="554 1073 641 1098" STYLE_REF="10">particular</W>
			<W BOX="653 1073 713 1098" STYLE_REF="10">branch</W>
			<W BOX="725 1073 743 1098" STYLE_REF="10">of</W>
			<L BOX="28 1094 742 1121"/>
			<W BOX="28 1095 124 1120" STYLE_REF="10" NS="y">instruction</W>
			<W BOX="127 1095 131 1120" STYLE_REF="10">.</W>
			<W BOX="153 1095 174 1120" STYLE_REF="10">In</W>
			<W BOX="181 1095 225 1120" STYLE_REF="10">large</W>
			<W BOX="231 1095 278 1120" STYLE_REF="10" NS="y">cities</W>
			<W BOX="278 1096 283 1121" STYLE_REF="10">,</W>
			<W BOX="291 1095 343 1120" STYLE_REF="10">where</W>
			<W BOX="350 1095 359 1120" STYLE_REF="10">a</W>
			<W BOX="367 1095 411 1120" STYLE_REF="10">great</W>
			<W BOX="416 1095 485 1120" STYLE_REF="10">number</W>
			<W BOX="492 1095 508 1120" STYLE_REF="10">of</W>
			<W BOX="516 1094 606 1119" STYLE_REF="10">tradesmen</W>
			<W BOX="613 1094 629 1119" STYLE_REF="10">of</W>
			<W BOX="637 1094 667 1119" STYLE_REF="10">fair</W>
			<W BOX="674 1094 742 1120" STYLE_REF="10">average</W>
			<L BOX="27 1115 741 1142"/>
			<Q BOX="27 1115 48 1141" STYLE_REF="2" QID="57">m</Q>
			<Q BOX="45 1116 55 1141" STYLE_REF="10" QID="57">e</Q>
			<q BOX="54 1115 82 1141" STYLE_REF="2" QID="57">ans</q>
			<QW QID="57">means</QW>
			<Q BOX="91 1115 107 1141" STYLE_REF="2" QID="58">ar</Q>
			<q BOX="109 1116 118 1141" STYLE_REF="10" QID="58">e</q>
			<QW QID="58">are</QW>
			<W BOX="125 1115 142 1141" STYLE_REF="2">to</W>
			<W BOX="149 1115 168 1141" STYLE_REF="2">be</W>
			<Q BOX="176 1116 183 1141" STYLE_REF="10" QID="59">f</Q>
			<q BOX="183 1115 224 1141" STYLE_REF="2" QID="59">ound</q>
			<QW QID="59">found</QW>
			<W BOX="234 1116 251 1141" STYLE_REF="10">in</W>
			<W BOX="258 1115 288 1141" STYLE_REF="2">one</W>
			<Q BOX="295 1115 305 1141" STYLE_REF="2" QID="60">d</Q>
			<Q BOX="306 1116 312 1141" STYLE_REF="10" QID="60">i</Q>
			<Q BOX="312 1115 327 1141" STYLE_REF="2" QID="60">st</Q>
			<Q BOX="327 1116 340 1141" STYLE_REF="10" QID="60">ri</Q>
			<Q BOX="341 1115 357 1141" STYLE_REF="2" QID="60">ct</Q>
			<q BOX="368 1116 422 1141" STYLE_REF="10" QID="60">would</q>
			<QW QID="60">districtwould</QW>
			<W BOX="429 1116 442 1141" STYLE_REF="10">it</W>
			<W BOX="450 1116 470 1141" STYLE_REF="10">be</W>
			<W BOX="477 1116 593 1141" STYLE_REF="10">unreasonable</W>
			<W BOX="599 1116 617 1141" STYLE_REF="10">to</W>
			<W BOX="624 1116 657 1141" STYLE_REF="10">find</W>
			<W BOX="665 1116 684 1141" STYLE_REF="10">as</W>
			<W BOX="691 1116 741 1142" STYLE_REF="10">many</W>
		</Primitive>
		<Primitive BOX="23 1135 811 1199" ID="Ar0650117" SEQ_NO="17" TOC_ENTRY_ID="87" DEPTH_LEVEL="1">
			<L BOX="27 1117 741 1163"/>
			<W BOX="27 1136 44 1163" STYLE_REF="2">as</W>
			<W BOX="53 1135 98 1162" STYLE_REF="2">forty</W>
			<Q BOX="104 1136 120 1163" STYLE_REF="2" QID="61">w</Q>
			<Q BOX="119 1137 131 1163" STYLE_REF="10" QID="61">h</Q>
			<q BOX="132 1136 141 1163" STYLE_REF="2" QID="61">o</q>
			<QW QID="61">who</QW>
			<W BOX="148 1136 202 1163" STYLE_REF="2">would</W>
			<W BOX="211 1136 230 1163" STYLE_REF="2">be</W>
			<Q BOX="241 1136 250 1163" STYLE_REF="2" QID="62">d</Q>
			<Q BOX="252 1137 258 1163" STYLE_REF="10" QID="62">i</Q>
			<q BOX="258 1136 314 1163" STYLE_REF="2" QID="62">sposed</q>
			<QW QID="62">disposed</QW>
			<W BOX="325 1136 342 1163" STYLE_REF="2">to</W>
			<W BOX="351 1136 366 1163" STYLE_REF="2" NS="y">pl</W>
			<S S_TYPE="SUP">
				<W BOX="357 1117 362 1142" STYLE_REF="10">,</W>
			</S>
			<Q BOX="369 1137 379 1163" STYLE_REF="10" QID="63">a</Q>
			<q BOX="379 1136 396 1163" STYLE_REF="2" QID="63">ce</q>
			<QW QID="63">ace</QW>
			<Q BOX="406 1136 413 1163" STYLE_REF="2" QID="64">t</Q>
			<q BOX="413 1137 447 1163" STYLE_REF="10" QID="64">heir</q>
			<QW QID="64">their</QW>
			<Q BOX="456 1136 465 1163" STYLE_REF="2" QID="65">c</Q>
			<Q BOX="464 1137 488 1163" STYLE_REF="10" QID="65">hil</Q>
			<q BOX="489 1136 527 1163" STYLE_REF="2" QID="65">dren</q>
			<QW QID="65">children</QW>
			<Q BOX="537 1137 547 1162" STYLE_REF="10" QID="66">a</Q>
			<q BOX="546 1136 553 1163" STYLE_REF="2" QID="66">t</q>
			<QW QID="66">at</QW>
			<Q BOX="563 1136 602 1163" STYLE_REF="2" QID="67">scho</Q>
			<q BOX="602 1137 617 1162" STYLE_REF="10" QID="67">ol</q>
			<QW QID="67">school</QW>
			<Q BOX="626 1137 632 1162" STYLE_REF="10" QID="68">i</Q>
			<q BOX="632 1136 644 1163" STYLE_REF="2" QID="68">n</q>
			<QW QID="68">in</QW>
			<Q BOX="653 1136 682 1163" STYLE_REF="2" QID="69">the</Q>
			<Q BOX="683 1138 689 1163" STYLE_REF="10" QID="69">i</Q>
			<q BOX="689 1137 695 1163" STYLE_REF="2" QID="69">r</q>
			<QW QID="69">their</QW>
			<Q BOX="704 1138 715 1163" STYLE_REF="10" QID="70">o</Q>
			<Q BOX="714 1137 730 1163" STYLE_REF="2" QID="70">w</Q>
			<q BOX="730 1138 741 1163" STYLE_REF="10" QID="70">n</q>
			<QW QID="70">own</QW>
			<L BOX="112 1171 661 1199" P="S"/>
			<W BOX="112 1173 122 1198" STYLE_REF="10">*</W>
			<W BOX="131 1172 156 1197" STYLE_REF="10">See</W>
			<W BOX="163 1172 211 1197" STYLE_REF="10">article</W>
			<W BOX="219 1172 232 1197" STYLE_REF="10">in</W>
			<W BOX="240 1172 263 1197" STYLE_REF="10">the</W>
			<W BOX="271 1172 302 1197" STYLE_REF="10">first</W>
			<W BOX="311 1172 369 1197" STYLE_REF="10">number</W>
			<W BOX="377 1172 391 1197" STYLE_REF="10">of</W>
			<W BOX="399 1172 422 1197" STYLE_REF="10">the</W>
			<W BOX="430 1174 434 1199" STYLE_REF="10">'</W>
			<Q BOX="441 1172 471 1197" STYLE_REF="10" QID="71">Eng</Q>
			<q BOX="471 1171 498 1196" STYLE_REF="10" QID="71">lish</q>
			<QW QID="71">English</QW>
			<W BOX="507 1171 565 1196" STYLE_REF="10" NS="y">Woman</W>
			<W BOX="567 1172 574 1197" STYLE_REF="10" NS="y">'</W>
			<W BOX="572 1171 579 1196" STYLE_REF="10">s</W>
			<W BOX="587 1171 645 1196" STYLE_REF="10" NS="y">Journal</W>
			<W BOX="649 1173 656 1198" STYLE_REF="10" NS="y">.</W>
			<W BOX="653 1172 661 1197" STYLE_REF="10">'</W>
		</Primitive>
		<Primitive BOX="23 1199 811 1225" ID="Ar0650118" SEQ_NO="18" TOC_ENTRY_ID="87" DEPTH_LEVEL="1">
			<L BOX="50 1197 642 1219"/>
			<W BOX="50 1197 86 1219" STYLE_REF="12" NS="y">VOL</W>
			<W BOX="86 1197 90 1219" STYLE_REF="12">.</W>
			<W BOX="99 1197 107 1219" STYLE_REF="12" NS="y">J</W>
			<W BOX="107 1197 112 1219" STYLE_REF="12">.</W>
			<W BOX="630 1197 642 1219" STYLE_REF="12">L</W>
		</Primitive>
	</Content>
	<Continuation-Content ID_REF="Ar06600"/>
	<Continuation-Content ID_REF="Ar06700"/>
	<TOC_Entries><TOC_Entry TOC_ENTRY_ID="143" TITLE="The Profession of the Teacher.*" ENTITY_ID_REF="Ar06501" PAGE_NO="65" PAGE_LABEL="137" PRIM_ID_REF="Ar0650100" IS_IC="true"/></TOC_Entries></XMD-entity>
