<?xml version="1.0" encoding="windows-1252" standalone="no"?>
<XMD-PAGE REPOSITORY_FORMAT="1.0" PRXML_VER="2.0">
	<Meta ISSUE_DATE="01/04/1858" RELEASE_NO="041-EWJ-1858-04-01-001-SINGLE" PAGE_NO="65" NAME="" PAGE_LABEL="137" PAGE_TYPE="Single" PUBLISHER="Olive" PUBLICATION="EWJ" SOURCE_TYPE="TIFF" SOURCE_RESOLUTION="72" IMAGES_RESOLUTION="86" PAGE_THUMBNAIL_RESOLUTION="86" PAGE_PREVIEW_RESOLUTION="15" DEFAULT_IMG_EXT="png" IMG_EXT="png" PREVIEW_IMG_EXT="png" XMD_VER="2.6.238.8" PROFILE_ID="D:\pdfs\EWJ\XMD_EWJ.ini" SECTION="None" PAGE_WIDTH="823" PAGE_HEIGHT="1239" PAGES_NUMBER="72" BASE_HREF="EWJ/1858/04/01" PDF_DESTINATION_MAPPED="OLV0_Page_0065">
		<Resolutions>
			<Resolution DEFAULT="true">86</Resolution>
		</Resolutions>
	</Meta>
	<Link SOURCE="041-EWJ-1858-04-01-001-SINGLE.PDF" NEXT_SECTION="" PREV_SECTION="1"/>
	<DataFiles>
		<Files TYPE="DOC_PDF" PRESENT="1"/>
		<Files TYPE="PAGE_PDF" PRESENT="0"/>
		<Files TYPE="DOC_IMG" PRESENT="0"/>
		<Files TYPE="PAGE_IMG" PRESENT="0"/>
		<Files TYPE="PAGE_VIEW_IMG" PRESENT="1"/>
		<Files TYPE="PAGE_PREVIEW_IMG" PRESENT="1"/>
		<Files TYPE="PRIMITIVE_IMG" PRESENT="1"/>
		<Files TYPE="SNIPPET_IMG" PRESENT="1"/>
	</DataFiles>
	<Entity ENTITY_TYPE="Article" ENTITY_SUBTYPE="Section" FIRST_TOC_ENTRY_ID="86" INDEX_IN_DOC="143" DEPTH_LEVEL="1" ID="Ar06500" SIZE="Medium" BOX="24 83 811 260" NEXT_SECTION="" PREV_SECTION="1" IMAGES_RESOLUTION="86" LOGICAL_NAME="true">
		<Name>XVI.�OPEJST COUNCIL.</Name>
		<Primitive ID="Ar0650000" BOX="24 83 811 181" ELEMENT_TYPE="HedLine_hl1" SEQ_NO="0" TOC_ENTRY_ID="86" DEPTH_LEVEL="1"/>
		<Primitive ID="Ar0650001" BOX="24 181 811 221" ELEMENT_TYPE="HedLine_hl1" SEQ_NO="1" TOC_ENTRY_ID="86" DEPTH_LEVEL="1"/>
		<Primitive ID="Ar0650002" BOX="24 221 811 260" ELEMENT_TYPE="HedLine_hl1" SEQ_NO="2" TOC_ENTRY_ID="86" DEPTH_LEVEL="1"/>
	</Entity>
	<Entity ENTITY_TYPE="Article" FIRST_TOC_ENTRY_ID="87" INDEX_IN_DOC="144" DEPTH_LEVEL="1" ID="Ar06501" SIZE="XLarge" BOX="23 260 811 1225" NEXT_SECTION="" PREV_SECTION="1" CONTINUATION_TO="Ar06600" IMAGES_RESOLUTION="86" LOGICAL_NAME="true">
		<Name>The Profession of the Teacher.*</Name>
		<Primitive ID="Ar0650100" BOX="23 260 811 323" ELEMENT_TYPE="Content" SEQ_NO="0" TOC_ENTRY_ID="87" DEPTH_LEVEL="1"/>
		<Primitive ID="Ar0650101" BOX="23 323 811 378" ELEMENT_TYPE="Content" SEQ_NO="1" TOC_ENTRY_ID="87" DEPTH_LEVEL="1"/>
		<Primitive ID="Ar0650102" BOX="23 372 811 420" ELEMENT_TYPE="Content" SEQ_NO="2" TOC_ENTRY_ID="87" DEPTH_LEVEL="1"/>
		<Primitive ID="Ar0650103" BOX="23 414 811 463" ELEMENT_TYPE="Content" SEQ_NO="3" TOC_ENTRY_ID="87" DEPTH_LEVEL="1"/>
		<Primitive ID="Ar0650104" BOX="23 456 811 505" ELEMENT_TYPE="Content" SEQ_NO="4" TOC_ENTRY_ID="87" DEPTH_LEVEL="1"/>
		<Primitive ID="Ar0650105" BOX="23 499 811 547" ELEMENT_TYPE="Content" SEQ_NO="5" TOC_ENTRY_ID="87" DEPTH_LEVEL="1"/>
		<Primitive ID="Ar0650106" BOX="23 541 811 592" ELEMENT_TYPE="Content" SEQ_NO="6" TOC_ENTRY_ID="87" DEPTH_LEVEL="1"/>
		<Primitive ID="Ar0650107" BOX="23 584 811 632" ELEMENT_TYPE="Content" SEQ_NO="7" TOC_ENTRY_ID="87" DEPTH_LEVEL="1"/>
		<Primitive ID="Ar0650108" BOX="23 627 811 675" ELEMENT_TYPE="Content" SEQ_NO="8" TOC_ENTRY_ID="87" DEPTH_LEVEL="1"/>
		<Primitive ID="Ar0650109" BOX="23 669 811 718" ELEMENT_TYPE="Content" SEQ_NO="9" TOC_ENTRY_ID="87" DEPTH_LEVEL="1"/>
		<Primitive ID="Ar0650110" BOX="23 712 811 780" ELEMENT_TYPE="Content" SEQ_NO="10" TOC_ENTRY_ID="87" DEPTH_LEVEL="1"/>
		<Primitive ID="Ar0650111" BOX="23 776 811 824" ELEMENT_TYPE="Content" SEQ_NO="11" TOC_ENTRY_ID="87" DEPTH_LEVEL="1"/>
		<Primitive ID="Ar0650112" BOX="23 818 811 887" ELEMENT_TYPE="Content" SEQ_NO="12" TOC_ENTRY_ID="87" DEPTH_LEVEL="1"/>
		<Primitive ID="Ar0650113" BOX="23 882 811 952" ELEMENT_TYPE="Content" SEQ_NO="13" TOC_ENTRY_ID="87" DEPTH_LEVEL="1"/>
		<Primitive ID="Ar0650114" BOX="23 946 811 1015" ELEMENT_TYPE="Content" SEQ_NO="14" TOC_ENTRY_ID="87" DEPTH_LEVEL="1"/>
		<Primitive ID="Ar0650115" BOX="23 1010 811 1078" ELEMENT_TYPE="Content" SEQ_NO="15" TOC_ENTRY_ID="87" DEPTH_LEVEL="1"/>
		<Primitive ID="Ar0650116" BOX="23 1073 811 1142" ELEMENT_TYPE="Content" SEQ_NO="16" TOC_ENTRY_ID="87" DEPTH_LEVEL="1"/>
		<Primitive ID="Ar0650117" BOX="23 1135 811 1199" ELEMENT_TYPE="Content" SEQ_NO="17" TOC_ENTRY_ID="87" DEPTH_LEVEL="1"/>
		<Primitive ID="Ar0650118" BOX="23 1199 811 1225" ELEMENT_TYPE="Content" SEQ_NO="18" TOC_ENTRY_ID="87" DEPTH_LEVEL="1"/>
	</Entity>
	<Entity ENTITY_TYPE="Article" FIRST_TOC_ENTRY_ID="85" INDEX_IN_DOC="142" DEPTH_LEVEL="1" ID="Ar06502" SIZE="Small" BOX="24 12 811 83" NEXT_SECTION="" PREV_SECTION="1" IMAGES_RESOLUTION="86" LOGICAL_NAME="true">
		<Name>( 137 ).</Name>
		<Primitive ID="Ar0650200" BOX="24 12 811 83" ELEMENT_TYPE="Content" SEQ_NO="0" TOC_ENTRY_ID="85" DEPTH_LEVEL="1"/>
	</Entity>
</XMD-PAGE>
