<?xml version="1.0" encoding="windows-1252" standalone="no"?>
<XMD-entity REPOSITORY_FORMAT="1.0" PRXML_VER="2.0" ENTITY_TYPE="Article" DOC_UID="EWJ_01/04/1858" DOC_VER="1" FIRST_TOC_ENTRY_ID="97" DEPTH_LEVEL="1" INDEX_IN_DOC="160" PAGE_NO="72" ID="Ar07201" BOX="24 12 811 97" LANGUAGE="English" SNP="Ar07201S.png" SNP_WIDTH="788" SNP_HEIGHT="86" LOGICAL_NAME="true">
	<Meta NAME="144 PASSING EVENTS." DESCRIPTION="" SUBTYPE="" BASE_HREF="EWJ/1858/04/01" SOURCE_TYPE="TIFF" PUBLICATION="EWJ" SECTION="None" ISSUE_DATE="01/04/1858" WORDCNT="4" RELEASE_NO="041-EWJ-1858-04-01-001-SINGLE" PAGE_ID="" PAGE_TYPE="Single" PAGE_WIDTH="823" PAGE_HEIGHT="1239" DEFAULT_IMG_EXT="png" PDF_DESTINATION_MAPPED="OLV0_Entity_0072_0002" IMAGES_RESOLUTION="86" XMD_VER="2.6.238.8" PAGE_LABEL="144"/>
	<Link SOURCE="041-EWJ-1858-04-01-001-SINGLE.PDF" FIRST_ID="Ar00200" LAST_ID="Ar07201" NEXT_ID="" PREV_ID="Ar07200" TOC_ID="d:/Olive/Repository/EWJ/1858/04/01/TOC.xml"/>
	<DataFiles>
		<Files TYPE="DOC_PDF" PRESENT="1"/>
		<Files TYPE="PAGE_PDF" PRESENT="0"/>
		<Files TYPE="DOC_IMG" PRESENT="0"/>
		<Files TYPE="PAGE_IMG" PRESENT="0"/>
		<Files TYPE="PAGE_VIEW_IMG" PRESENT="1"/>
		<Files TYPE="PAGE_PREVIEW_IMG" PRESENT="1"/>
		<Files TYPE="PRIMITIVE_IMG" PRESENT="1"/>
		<Files TYPE="SNIPPET_IMG" PRESENT="1"/>
	</DataFiles>
	<Content>
		<Primitive BOX="24 12 811 97" ID="Ar0720100" SEQ_NO="0" TOC_ENTRY_ID="97" DEPTH_LEVEL="1">
			<L BOX="67 54 512 86"/>
			<W BOX="67 61 101 86" STYLE_REF="10">144</W>
			<W BOX="324 57 412 82" STYLE_REF="10">PASSING</W>
			<Q BOX="425 55 438 80" STYLE_REF="10" QID="1">E</Q>
			<q BOX="439 54 507 79" STYLE_REF="10" NS="y" QID="1">VENTS</q>
			<QW QID="1">EVENTS</QW>
			<W BOX="507 54 512 79" STYLE_REF="10">.</W>
		</Primitive>
	</Content>
	<TOC_Entries><TOC_Entry TOC_ENTRY_ID="160" TITLE="144 PASSING EVENTS." ENTITY_ID_REF="Ar07201" PAGE_NO="72" PAGE_LABEL="144" PRIM_ID_REF="Ar0720100" IS_IC="true"/></TOC_Entries></XMD-entity>
