<?xml version="1.0" encoding="windows-1252" standalone="no"?>
<XMD-PAGE REPOSITORY_FORMAT="1.0" PRXML_VER="2.0">
	<Meta ISSUE_DATE="01/04/1858" RELEASE_NO="041-EWJ-1858-04-01-001-SINGLE" PAGE_NO="72" NAME="" PAGE_LABEL="144" PAGE_TYPE="Single" PUBLISHER="Olive" PUBLICATION="EWJ" SOURCE_TYPE="TIFF" SOURCE_RESOLUTION="72" IMAGES_RESOLUTION="86" PAGE_THUMBNAIL_RESOLUTION="86" PAGE_PREVIEW_RESOLUTION="15" DEFAULT_IMG_EXT="png" IMG_EXT="png" PREVIEW_IMG_EXT="png" XMD_VER="2.6.238.8" PROFILE_ID="D:\pdfs\EWJ\XMD_EWJ.ini" SECTION="None" PAGE_WIDTH="823" PAGE_HEIGHT="1239" PAGES_NUMBER="72" BASE_HREF="EWJ/1858/04/01" PDF_DESTINATION_MAPPED="OLV0_Page_0072">
		<Resolutions>
			<Resolution DEFAULT="true">86</Resolution>
		</Resolutions>
	</Meta>
	<Link SOURCE="041-EWJ-1858-04-01-001-SINGLE.PDF" NEXT_SECTION="" PREV_SECTION="1"/>
	<DataFiles>
		<Files TYPE="DOC_PDF" PRESENT="1"/>
		<Files TYPE="PAGE_PDF" PRESENT="0"/>
		<Files TYPE="DOC_IMG" PRESENT="0"/>
		<Files TYPE="PAGE_IMG" PRESENT="0"/>
		<Files TYPE="PAGE_VIEW_IMG" PRESENT="1"/>
		<Files TYPE="PAGE_PREVIEW_IMG" PRESENT="1"/>
		<Files TYPE="PRIMITIVE_IMG" PRESENT="1"/>
		<Files TYPE="SNIPPET_IMG" PRESENT="1"/>
	</DataFiles>
	<Entity ENTITY_TYPE="Article" FIRST_TOC_ENTRY_ID="94" INDEX_IN_DOC="157" DEPTH_LEVEL="1" ID="Ar07200" SIZE="XLarge" BOX="24 97 811 925" NEXT_SECTION="" PREV_SECTION="1" CONTINUATION_FROM="Ar07100" FIRST_CHUNK="Ar06902" IMAGES_RESOLUTION="86" LOGICAL_NAME="true">
		<Name>-*. It has been said that the nation may...</Name>
		<Primitive ID="Ar0720000" BOX="24 97 811 155" ELEMENT_TYPE="Content" SEQ_NO="0" TOC_ENTRY_ID="94" DEPTH_LEVEL="1"/>
		<Primitive ID="Ar0720001" BOX="24 143 811 237" ELEMENT_TYPE="Content" SEQ_NO="1" TOC_ENTRY_ID="94" DEPTH_LEVEL="1"/>
		<Primitive ID="Ar0720002" BOX="24 226 811 304" ELEMENT_TYPE="Content" SEQ_NO="2" TOC_ENTRY_ID="94" DEPTH_LEVEL="1"/>
		<Primitive ID="Ar0720003" BOX="24 292 811 406" ELEMENT_TYPE="Content" SEQ_NO="3" TOC_ENTRY_ID="94" DEPTH_LEVEL="1"/>
		<Primitive ID="Ar0720004" BOX="24 400 811 479" ELEMENT_TYPE="Content" SEQ_NO="4" TOC_ENTRY_ID="94" DEPTH_LEVEL="1"/>
		<Primitive ID="Ar0720005" BOX="24 467 811 527" ELEMENT_TYPE="Content" SEQ_NO="5" TOC_ENTRY_ID="94" DEPTH_LEVEL="1"/>
		<Primitive ID="Ar0720006" BOX="24 515 811 565" ELEMENT_TYPE="Content" SEQ_NO="6" TOC_ENTRY_ID="94" DEPTH_LEVEL="1"/>
		<Primitive ID="Ar0720007" BOX="24 553 811 609" ELEMENT_TYPE="Content" SEQ_NO="7" TOC_ENTRY_ID="94" DEPTH_LEVEL="1"/>
		<Primitive ID="Ar0720008" BOX="24 597 811 660" ELEMENT_TYPE="Content" SEQ_NO="8" TOC_ENTRY_ID="94" DEPTH_LEVEL="1"/>
		<Primitive ID="Ar0720009" BOX="24 648 811 715" ELEMENT_TYPE="Content" SEQ_NO="9" TOC_ENTRY_ID="94" DEPTH_LEVEL="1"/>
		<Primitive ID="Ar0720010" BOX="24 703 811 760" ELEMENT_TYPE="Content" SEQ_NO="10" TOC_ENTRY_ID="94" DEPTH_LEVEL="1"/>
		<Primitive ID="Ar0720011" BOX="24 760 811 801" ELEMENT_TYPE="Content" SEQ_NO="11" TOC_ENTRY_ID="94" DEPTH_LEVEL="1"/>
		<Primitive ID="Ar0720012" BOX="24 801 811 925" ELEMENT_TYPE="Content" SEQ_NO="12" TOC_ENTRY_ID="94" DEPTH_LEVEL="1"/>
	</Entity>
	<Entity ENTITY_TYPE="Article" FIRST_TOC_ENTRY_ID="97" INDEX_IN_DOC="160" DEPTH_LEVEL="1" ID="Ar07201" SIZE="Small" BOX="24 12 811 97" NEXT_SECTION="" PREV_SECTION="1" IMAGES_RESOLUTION="86" LOGICAL_NAME="true">
		<Name>144 PASSING EVENTS.</Name>
		<Primitive ID="Ar0720100" BOX="24 12 811 97" ELEMENT_TYPE="Content" SEQ_NO="0" TOC_ENTRY_ID="97" DEPTH_LEVEL="1"/>
	</Entity>
</XMD-PAGE>