<?xml version="1.0" encoding="windows-1252" standalone="no"?>
<XMD-entity REPOSITORY_FORMAT="1.0" PRXML_VER="2.0" ENTITY_TYPE="Article" DOC_UID="EWJ_01/04/1858" DOC_VER="1" FIRST_TOC_ENTRY_ID="8" DEPTH_LEVEL="1" INDEX_IN_DOC="14" PAGE_NO="5" ID="Ar00500" BOX="24 12 811 119" LANGUAGE="English" SNP="Ar00500S.png" SNP_WIDTH="788" SNP_HEIGHT="101" LOGICAL_NAME="true">
	<Meta NAME="FLORENCE NIGHTINGALE AND THE ENGLISH SOL..." DESCRIPTION="" SUBTYPE="" BASE_HREF="EWJ/1858/04/01" SOURCE_TYPE="TIFF" PUBLICATION="EWJ" SECTION="None" ISSUE_DATE="01/04/1858" WORDCNT="8" RELEASE_NO="041-EWJ-1858-04-01-001-SINGLE" PAGE_ID="" PAGE_TYPE="Single" PAGE_WIDTH="823" PAGE_HEIGHT="1239" DEFAULT_IMG_EXT="png" PDF_DESTINATION_MAPPED="OLV0_Entity_0005_0001" IMAGES_RESOLUTION="86" XMD_VER="2.6.238.8" PAGE_LABEL="77"/>
	<Link SOURCE="041-EWJ-1858-04-01-001-SINGLE.PDF" FIRST_ID="Ar00200" LAST_ID="Ar07201" NEXT_ID="Ar00501" PREV_ID="" TOC_ID="d:/Olive/Repository/EWJ/1858/04/01/TOC.xml"/>
	<DataFiles>
		<Files TYPE="DOC_PDF" PRESENT="1"/>
		<Files TYPE="PAGE_PDF" PRESENT="0"/>
		<Files TYPE="DOC_IMG" PRESENT="0"/>
		<Files TYPE="PAGE_IMG" PRESENT="0"/>
		<Files TYPE="PAGE_VIEW_IMG" PRESENT="1"/>
		<Files TYPE="PAGE_PREVIEW_IMG" PRESENT="1"/>
		<Files TYPE="PRIMITIVE_IMG" PRESENT="1"/>
		<Files TYPE="SNIPPET_IMG" PRESENT="1"/>
	</DataFiles>
	<Content>
		<Primitive BOX="24 12 811 119" ID="Ar0050000" SEQ_NO="0" TOC_ENTRY_ID="8" DEPTH_LEVEL="1">
			<L BOX="119 83 732 108"/>
			<W BOX="119 83 221 108" STYLE_REF="10">FLORENCE</W>
			<Q BOX="234 83 256 108" STYLE_REF="10" QID="1">NI</Q>
			<q BOX="257 83 372 108" STYLE_REF="10" QID="1">GHTINGALE</q>
			<QW QID="1">NIGHTINGALE</QW>
			<W BOX="385 83 427 108" STYLE_REF="10">AND</W>
			<W BOX="440 83 479 108" STYLE_REF="10">THE</W>
			<W BOX="492 83 578 108" STYLE_REF="10">ENGLISH</W>
			<W BOX="591 83 676 108" STYLE_REF="10" NS="y">SOLDIEB</W>
			<W BOX="676 83 681 108" STYLE_REF="10">.</W>
			<W BOX="707 83 732 108" STYLE_REF="10">77</W>
		</Primitive>
	</Content>
	<TOC_Entries><TOC_Entry TOC_ENTRY_ID="11" TITLE="FLORENCE NIGHTINGALE AND THE ENGLISH SOL..." ENTITY_ID_REF="Ar00500" PAGE_NO="5" PAGE_LABEL="77" PRIM_ID_REF="Ar0050000" IS_IC="true"/></TOC_Entries></XMD-entity>
