<?xml version="1.0" encoding="windows-1252" standalone="no"?>
<XMD-entity REPOSITORY_FORMAT="1.0" PRXML_VER="2.0" ENTITY_TYPE="Article" DOC_UID="EWJ_01/04/1858" DOC_VER="1" FIRST_TOC_ENTRY_ID="83" DEPTH_LEVEL="1" INDEX_IN_DOC="140" PAGE_NO="63" ID="Ar06301" BOX="24 12 811 102" LANGUAGE="English" SNP="Ar06301S.png" SNP_WIDTH="788" SNP_HEIGHT="91" LOGICAL_NAME="true">
	<Meta NAME="NOTICES OF BOOKS. 135" DESCRIPTION="" SUBTYPE="" BASE_HREF="EWJ/1858/04/01" SOURCE_TYPE="TIFF" PUBLICATION="EWJ" SECTION="None" ISSUE_DATE="01/04/1858" WORDCNT="5" RELEASE_NO="041-EWJ-1858-04-01-001-SINGLE" PAGE_ID="" PAGE_TYPE="Single" PAGE_WIDTH="823" PAGE_HEIGHT="1239" DEFAULT_IMG_EXT="png" PDF_DESTINATION_MAPPED="OLV0_Entity_0063_0002" IMAGES_RESOLUTION="86" XMD_VER="2.6.238.8" PAGE_LABEL="135"/>
	<Link SOURCE="041-EWJ-1858-04-01-001-SINGLE.PDF" FIRST_ID="Ar00200" LAST_ID="Ar07201" NEXT_ID="" PREV_ID="Ar06300" TOC_ID="d:/Olive/Repository/EWJ/1858/04/01/TOC.xml"/>
	<DataFiles>
		<Files TYPE="DOC_PDF" PRESENT="1"/>
		<Files TYPE="PAGE_PDF" PRESENT="0"/>
		<Files TYPE="DOC_IMG" PRESENT="0"/>
		<Files TYPE="PAGE_IMG" PRESENT="0"/>
		<Files TYPE="PAGE_VIEW_IMG" PRESENT="1"/>
		<Files TYPE="PAGE_PREVIEW_IMG" PRESENT="1"/>
		<Files TYPE="PRIMITIVE_IMG" PRESENT="1"/>
		<Files TYPE="SNIPPET_IMG" PRESENT="1"/>
	</DataFiles>
	<Content>
		<Primitive BOX="24 12 811 102" ID="Ar0630100" SEQ_NO="0" TOC_ENTRY_ID="83" DEPTH_LEVEL="1">
			<L BOX="294 64 742 90"/>
			<W BOX="294 64 381 90" STYLE_REF="10">NOTICES</W>
			<W BOX="395 64 420 90" STYLE_REF="10">OF</W>
			<W BOX="434 64 500 90" STYLE_REF="10" NS="y">BOOKS</W>
			<W BOX="500 64 505 90" STYLE_REF="10">.</W>
			<W BOX="704 65 742 90" STYLE_REF="10">135</W>
		</Primitive>
	</Content>
	<TOC_Entries><TOC_Entry TOC_ENTRY_ID="139" TITLE="NOTICES OF BOOKS. 135" ENTITY_ID_REF="Ar06301" PAGE_NO="63" PAGE_LABEL="135" PRIM_ID_REF="Ar0630100" IS_IC="true"/></TOC_Entries></XMD-entity>
