<?xml version="1.0" encoding="windows-1252" standalone="no"?>
<XMD-PAGE REPOSITORY_FORMAT="1.0" PRXML_VER="2.0">
	<Meta ISSUE_DATE="01/04/1858" RELEASE_NO="041-EWJ-1858-04-01-001-SINGLE" PAGE_NO="63" NAME="" PAGE_LABEL="135" PAGE_TYPE="Single" PUBLISHER="Olive" PUBLICATION="EWJ" SOURCE_TYPE="TIFF" SOURCE_RESOLUTION="72" IMAGES_RESOLUTION="86" PAGE_THUMBNAIL_RESOLUTION="86" PAGE_PREVIEW_RESOLUTION="15" DEFAULT_IMG_EXT="png" IMG_EXT="png" PREVIEW_IMG_EXT="png" XMD_VER="2.6.238.8" PROFILE_ID="D:\pdfs\EWJ\XMD_EWJ.ini" SECTION="None" PAGE_WIDTH="823" PAGE_HEIGHT="1239" PAGES_NUMBER="72" BASE_HREF="EWJ/1858/04/01" PDF_DESTINATION_MAPPED="OLV0_Page_0063">
		<Resolutions>
			<Resolution DEFAULT="true">86</Resolution>
		</Resolutions>
	</Meta>
	<Link SOURCE="041-EWJ-1858-04-01-001-SINGLE.PDF" NEXT_SECTION="" PREV_SECTION="1"/>
	<DataFiles>
		<Files TYPE="DOC_PDF" PRESENT="1"/>
		<Files TYPE="PAGE_PDF" PRESENT="0"/>
		<Files TYPE="DOC_IMG" PRESENT="0"/>
		<Files TYPE="PAGE_IMG" PRESENT="0"/>
		<Files TYPE="PAGE_VIEW_IMG" PRESENT="1"/>
		<Files TYPE="PAGE_PREVIEW_IMG" PRESENT="1"/>
		<Files TYPE="PRIMITIVE_IMG" PRESENT="1"/>
		<Files TYPE="SNIPPET_IMG" PRESENT="1"/>
	</DataFiles>
	<Entity ENTITY_TYPE="Article" FIRST_TOC_ENTRY_ID="82" INDEX_IN_DOC="138" DEPTH_LEVEL="1" ID="Ar06300" SIZE="XLarge" BOX="24 102 811 1214" NEXT_SECTION="" PREV_SECTION="1" CONTINUATION_TO="Ar06400" CONTINUATION_FROM="Ar06202" FIRST_CHUNK="Ar06202" IMAGES_RESOLUTION="86" LOGICAL_NAME="true">
		<Name>6.�Les Salons de Paris. By Madame Ancelo...</Name>
		<Primitive ID="Ar0630000" BOX="24 102 811 157" ELEMENT_TYPE="Content" SEQ_NO="0" TOC_ENTRY_ID="82" DEPTH_LEVEL="1"/>
		<Primitive ID="Ar0630001" BOX="24 149 811 202" ELEMENT_TYPE="Content" SEQ_NO="1" TOC_ENTRY_ID="82" DEPTH_LEVEL="1"/>
		<Primitive ID="Ar0630002" BOX="24 197 811 249" ELEMENT_TYPE="Content" SEQ_NO="2" TOC_ENTRY_ID="82" DEPTH_LEVEL="1"/>
		<Primitive ID="Ar0630003" BOX="24 242 811 293" ELEMENT_TYPE="Content" SEQ_NO="3" TOC_ENTRY_ID="82" DEPTH_LEVEL="1"/>
		<Primitive ID="Ar0630004" BOX="24 287 811 340" ELEMENT_TYPE="Content" SEQ_NO="4" TOC_ENTRY_ID="82" DEPTH_LEVEL="1"/>
		<Primitive ID="Ar0630005" BOX="24 333 811 385" ELEMENT_TYPE="Content" SEQ_NO="5" TOC_ENTRY_ID="82" DEPTH_LEVEL="1"/>
		<Primitive ID="Ar0630006" BOX="24 379 811 447" ELEMENT_TYPE="Content" SEQ_NO="6" TOC_ENTRY_ID="82" DEPTH_LEVEL="1"/>
		<Primitive ID="Ar0630007" BOX="24 435 811 484" ELEMENT_TYPE="Content" SEQ_NO="7" TOC_ENTRY_ID="82" DEPTH_LEVEL="1"/>
		<Primitive ID="Ar0630008" BOX="24 472 811 526" ELEMENT_TYPE="Content" SEQ_NO="8" TOC_ENTRY_ID="82" DEPTH_LEVEL="1"/>
		<Primitive ID="Ar0630009" BOX="24 515 811 581" ELEMENT_TYPE="Content" SEQ_NO="9" TOC_ENTRY_ID="82" DEPTH_LEVEL="1"/>
		<Primitive ID="Ar0630010" BOX="24 581 811 626" ELEMENT_TYPE="Content" SEQ_NO="10" TOC_ENTRY_ID="82" DEPTH_LEVEL="1"/>
		<Primitive ID="Ar0630011" BOX="24 614 811 678" ELEMENT_TYPE="Content" SEQ_NO="11" TOC_ENTRY_ID="82" DEPTH_LEVEL="1"/>
		<Primitive ID="Ar0630012" BOX="24 672 811 757" ELEMENT_TYPE="Content" SEQ_NO="12" TOC_ENTRY_ID="82" DEPTH_LEVEL="1"/>
		<Primitive ID="Ar0630013" BOX="24 745 811 793" ELEMENT_TYPE="Content" SEQ_NO="13" TOC_ENTRY_ID="82" DEPTH_LEVEL="1"/>
		<Primitive ID="Ar0630014" BOX="24 781 811 834" ELEMENT_TYPE="Content" SEQ_NO="14" TOC_ENTRY_ID="82" DEPTH_LEVEL="1"/>
		<Primitive ID="Ar0630015" BOX="24 825 811 889" ELEMENT_TYPE="Content" SEQ_NO="15" TOC_ENTRY_ID="82" DEPTH_LEVEL="1"/>
		<Primitive ID="Ar0630016" BOX="24 879 811 955" ELEMENT_TYPE="Content" SEQ_NO="16" TOC_ENTRY_ID="82" DEPTH_LEVEL="1"/>
		<Primitive ID="Ar0630017" BOX="24 947 811 1000" ELEMENT_TYPE="Content" SEQ_NO="17" TOC_ENTRY_ID="82" DEPTH_LEVEL="1"/>
		<Primitive ID="Ar0630018" BOX="24 994 811 1065" ELEMENT_TYPE="Content" SEQ_NO="18" TOC_ENTRY_ID="82" DEPTH_LEVEL="1"/>
		<Primitive ID="Ar0630019" BOX="24 1055 811 1104" ELEMENT_TYPE="Content" SEQ_NO="19" TOC_ENTRY_ID="82" DEPTH_LEVEL="1"/>
		<Primitive ID="Ar0630020" BOX="24 1092 811 1166" ELEMENT_TYPE="Content" SEQ_NO="20" TOC_ENTRY_ID="82" DEPTH_LEVEL="1"/>
		<Primitive ID="Ar0630021" BOX="24 1166 811 1214" ELEMENT_TYPE="Content" SEQ_NO="21" TOC_ENTRY_ID="82" DEPTH_LEVEL="1"/>
	</Entity>
	<Entity ENTITY_TYPE="Article" FIRST_TOC_ENTRY_ID="83" INDEX_IN_DOC="140" DEPTH_LEVEL="1" ID="Ar06301" SIZE="Small" BOX="24 12 811 102" NEXT_SECTION="" PREV_SECTION="1" IMAGES_RESOLUTION="86" LOGICAL_NAME="true">
		<Name>NOTICES OF BOOKS. 135</Name>
		<Primitive ID="Ar0630100" BOX="24 12 811 102" ELEMENT_TYPE="Content" SEQ_NO="0" TOC_ENTRY_ID="83" DEPTH_LEVEL="1"/>
	</Entity>
</XMD-PAGE>