<?xml version="1.0" encoding="windows-1252" standalone="no"?>
<XMD-entity REPOSITORY_FORMAT="1.0" PRXML_VER="2.0" ENTITY_TYPE="Article" DOC_UID="EWJ_01/04/1858" DOC_VER="1" FIRST_TOC_ENTRY_ID="38" DEPTH_LEVEL="1" INDEX_IN_DOC="67" PAGE_NO="31" ID="Ar03101" BOX="23 41 811 112" LANGUAGE="English" SNP="Ar03101S.png" SNP_WIDTH="789" SNP_HEIGHT="72" LOGICAL_NAME="true">
	<Meta NAME="MORE THAN FIFTY YEARS AGO. 103" DESCRIPTION="" SUBTYPE="" BASE_HREF="EWJ/1858/04/01" SOURCE_TYPE="TIFF" PUBLICATION="EWJ" SECTION="None" ISSUE_DATE="01/04/1858" WORDCNT="7" RELEASE_NO="041-EWJ-1858-04-01-001-SINGLE" PAGE_ID="" PAGE_TYPE="Single" PAGE_WIDTH="823" PAGE_HEIGHT="1239" DEFAULT_IMG_EXT="png" PDF_DESTINATION_MAPPED="OLV0_Entity_0031_0002" IMAGES_RESOLUTION="86" XMD_VER="2.6.238.8" PAGE_LABEL="103"/>
	<Link SOURCE="041-EWJ-1858-04-01-001-SINGLE.PDF" FIRST_ID="Ar00200" LAST_ID="Ar07201" NEXT_ID="" PREV_ID="Ar03100" TOC_ID="d:/Olive/Repository/EWJ/1858/04/01/TOC.xml"/>
	<DataFiles>
		<Files TYPE="DOC_PDF" PRESENT="1"/>
		<Files TYPE="PAGE_PDF" PRESENT="0"/>
		<Files TYPE="DOC_IMG" PRESENT="0"/>
		<Files TYPE="PAGE_IMG" PRESENT="0"/>
		<Files TYPE="PAGE_VIEW_IMG" PRESENT="1"/>
		<Files TYPE="PAGE_PREVIEW_IMG" PRESENT="1"/>
		<Files TYPE="PRIMITIVE_IMG" PRESENT="1"/>
		<Files TYPE="SNIPPET_IMG" PRESENT="1"/>
	</DataFiles>
	<Content>
		<Primitive BOX="23 41 811 112" ID="Ar0310100" SEQ_NO="0" TOC_ENTRY_ID="38" DEPTH_LEVEL="1">
			<L BOX="242 79 742 102"/>
			<W BOX="242 80 298 102" STYLE_REF="12">MORE</W>
			<W BOX="311 80 366 102" STYLE_REF="12">THAN</W>
			<W BOX="378 80 438 102" STYLE_REF="12">FIFTY</W>
			<W BOX="451 79 514 101" STYLE_REF="12">YEARS</W>
			<W BOX="526 79 566 101" STYLE_REF="12" NS="y">AGO</W>
			<W BOX="566 79 571 101" STYLE_REF="12">.</W>
			<W BOX="704 79 742 101" STYLE_REF="12">103</W>
		</Primitive>
	</Content>
	<TOC_Entries><TOC_Entry TOC_ENTRY_ID="67" TITLE="MORE THAN FIFTY YEARS AGO. 103" ENTITY_ID_REF="Ar03101" PAGE_NO="31" PAGE_LABEL="103" PRIM_ID_REF="Ar0310100" IS_IC="true"/></TOC_Entries></XMD-entity>
