<?xml version="1.0" encoding="windows-1252" standalone="no"?>
<XMD-entity REPOSITORY_FORMAT="1.0" PRXML_VER="2.0" ENTITY_TYPE="Article" DOC_UID="EWJ_01/04/1858" DOC_VER="1" FIRST_TOC_ENTRY_ID="47" DEPTH_LEVEL="1" INDEX_IN_DOC="89" PAGE_NO="38" ID="Ar03801" BOX="24 12 811 97" LANGUAGE="English" SNP="Ar03801S.png" SNP_WIDTH="788" SNP_HEIGHT="86" LOGICAL_NAME="true">
	<Meta NAME="110 MY GEEAT AUNT POLLY' S ELOPEMENT." DESCRIPTION="" SUBTYPE="" BASE_HREF="EWJ/1858/04/01" SOURCE_TYPE="TIFF" PUBLICATION="EWJ" SECTION="None" ISSUE_DATE="01/04/1858" WORDCNT="9" RELEASE_NO="041-EWJ-1858-04-01-001-SINGLE" PAGE_ID="" PAGE_TYPE="Single" PAGE_WIDTH="823" PAGE_HEIGHT="1239" DEFAULT_IMG_EXT="png" PDF_DESTINATION_MAPPED="OLV0_Entity_0038_0002" IMAGES_RESOLUTION="86" XMD_VER="2.6.238.8" PAGE_LABEL="110"/>
	<Link SOURCE="041-EWJ-1858-04-01-001-SINGLE.PDF" FIRST_ID="Ar00200" LAST_ID="Ar07201" NEXT_ID="" PREV_ID="Ar03800" TOC_ID="d:/Olive/Repository/EWJ/1858/04/01/TOC.xml"/>
	<DataFiles>
		<Files TYPE="DOC_PDF" PRESENT="1"/>
		<Files TYPE="PAGE_PDF" PRESENT="0"/>
		<Files TYPE="DOC_IMG" PRESENT="0"/>
		<Files TYPE="PAGE_IMG" PRESENT="0"/>
		<Files TYPE="PAGE_VIEW_IMG" PRESENT="1"/>
		<Files TYPE="PAGE_PREVIEW_IMG" PRESENT="1"/>
		<Files TYPE="PRIMITIVE_IMG" PRESENT="1"/>
		<Files TYPE="SNIPPET_IMG" PRESENT="1"/>
	</DataFiles>
	<Content>
		<Primitive BOX="24 12 811 97" ID="Ar0380100" SEQ_NO="0" TOC_ENTRY_ID="47" DEPTH_LEVEL="1">
			<L BOX="74 54 637 94"/>
			<W BOX="74 57 113 94" STYLE_REF="26">110</W>
			<W BOX="210 57 240 94" STYLE_REF="26">MY</W>
			<W BOX="255 57 322 94" STYLE_REF="26">GEEAT</W>
			<W BOX="335 57 392 94" STYLE_REF="26">AUNT</W>
			<W BOX="405 57 471 93" STYLE_REF="26" NS="y">POLLY</W>
			<W BOX="471 54 490 90" STYLE_REF="26">'</W>
			<W BOX="476 56 489 93" STYLE_REF="26">S</W>
			<W BOX="500 56 621 93" STYLE_REF="26" NS="y">ELOPEMENT</W>
			<W BOX="621 56 637 93" STYLE_REF="26">.</W>
		</Primitive>
	</Content>
	<TOC_Entries><TOC_Entry TOC_ENTRY_ID="82" TITLE="110 MY GEEAT AUNT POLLY' S ELOPEMENT." ENTITY_ID_REF="Ar03801" PAGE_NO="38" PAGE_LABEL="110" PRIM_ID_REF="Ar0380100" IS_IC="true"/></TOC_Entries></XMD-entity>
