<?xml version="1.0" encoding="windows-1252" standalone="no"?>
<XMD-PAGE REPOSITORY_FORMAT="1.0" PRXML_VER="2.0">
	<Meta ISSUE_DATE="01/04/1858" RELEASE_NO="041-EWJ-1858-04-01-001-SINGLE" PAGE_NO="38" NAME="" PAGE_LABEL="110" PAGE_TYPE="Single" PUBLISHER="Olive" PUBLICATION="EWJ" SOURCE_TYPE="TIFF" SOURCE_RESOLUTION="72" IMAGES_RESOLUTION="86" PAGE_THUMBNAIL_RESOLUTION="86" PAGE_PREVIEW_RESOLUTION="15" DEFAULT_IMG_EXT="png" IMG_EXT="png" PREVIEW_IMG_EXT="png" XMD_VER="2.6.238.8" PROFILE_ID="D:\pdfs\EWJ\XMD_EWJ.ini" SECTION="None" PAGE_WIDTH="823" PAGE_HEIGHT="1239" PAGES_NUMBER="72" BASE_HREF="EWJ/1858/04/01" PDF_DESTINATION_MAPPED="OLV0_Page_0038">
		<Resolutions>
			<Resolution DEFAULT="true">86</Resolution>
		</Resolutions>
	</Meta>
	<Link SOURCE="041-EWJ-1858-04-01-001-SINGLE.PDF" NEXT_SECTION="" PREV_SECTION="1"/>
	<DataFiles>
		<Files TYPE="DOC_PDF" PRESENT="1"/>
		<Files TYPE="PAGE_PDF" PRESENT="0"/>
		<Files TYPE="DOC_IMG" PRESENT="0"/>
		<Files TYPE="PAGE_IMG" PRESENT="0"/>
		<Files TYPE="PAGE_VIEW_IMG" PRESENT="1"/>
		<Files TYPE="PAGE_PREVIEW_IMG" PRESENT="1"/>
		<Files TYPE="PRIMITIVE_IMG" PRESENT="1"/>
		<Files TYPE="SNIPPET_IMG" PRESENT="1"/>
	</DataFiles>
	<Entity ENTITY_TYPE="Article" FIRST_TOC_ENTRY_ID="41" INDEX_IN_DOC="76" DEPTH_LEVEL="1" ID="Ar03800" SIZE="XLarge" BOX="24 97 811 1214" NEXT_SECTION="" PREV_SECTION="1" CONTINUATION_TO="Ar03900" CONTINUATION_FROM="Ar03700" FIRST_CHUNK="Ar03202" IMAGES_RESOLUTION="86" LOGICAL_NAME="true">
		<Name>babl Dear y be Reader declared .�The by ...</Name>
		<Primitive ID="Ar0380000" BOX="24 97 811 153" ELEMENT_TYPE="Content" SEQ_NO="0" TOC_ENTRY_ID="41" DEPTH_LEVEL="1"/>
		<Primitive ID="Ar0380001" BOX="24 146 811 199" ELEMENT_TYPE="Content" SEQ_NO="1" TOC_ENTRY_ID="41" DEPTH_LEVEL="1"/>
		<Primitive ID="Ar0380002" BOX="24 192 811 245" ELEMENT_TYPE="Content" SEQ_NO="2" TOC_ENTRY_ID="41" DEPTH_LEVEL="1"/>
		<Primitive ID="Ar0380003" BOX="24 239 811 291" ELEMENT_TYPE="Content" SEQ_NO="3" TOC_ENTRY_ID="41" DEPTH_LEVEL="1"/>
		<Primitive ID="Ar0380004" BOX="24 285 811 338" ELEMENT_TYPE="Content" SEQ_NO="4" TOC_ENTRY_ID="41" DEPTH_LEVEL="1"/>
		<Primitive ID="Ar0380005" BOX="24 331 811 383" ELEMENT_TYPE="Content" SEQ_NO="5" TOC_ENTRY_ID="41" DEPTH_LEVEL="1"/>
		<Primitive ID="Ar0380006" BOX="24 380 811 430" ELEMENT_TYPE="Content" SEQ_NO="6" TOC_ENTRY_ID="41" DEPTH_LEVEL="1"/>
		<Primitive ID="Ar0380007" BOX="24 424 811 475" ELEMENT_TYPE="Content" SEQ_NO="7" TOC_ENTRY_ID="41" DEPTH_LEVEL="1"/>
		<Primitive ID="Ar0380008" BOX="24 470 811 521" ELEMENT_TYPE="Content" SEQ_NO="8" TOC_ENTRY_ID="41" DEPTH_LEVEL="1"/>
		<Primitive ID="Ar0380009" BOX="24 516 811 567" ELEMENT_TYPE="Content" SEQ_NO="9" TOC_ENTRY_ID="41" DEPTH_LEVEL="1"/>
		<Primitive ID="Ar0380010" BOX="24 562 811 613" ELEMENT_TYPE="Content" SEQ_NO="10" TOC_ENTRY_ID="41" DEPTH_LEVEL="1"/>
		<Primitive ID="Ar0380011" BOX="24 609 811 660" ELEMENT_TYPE="Content" SEQ_NO="11" TOC_ENTRY_ID="41" DEPTH_LEVEL="1"/>
		<Primitive ID="Ar0380012" BOX="24 655 811 706" ELEMENT_TYPE="Content" SEQ_NO="12" TOC_ENTRY_ID="41" DEPTH_LEVEL="1"/>
		<Primitive ID="Ar0380013" BOX="24 701 811 753" ELEMENT_TYPE="Content" SEQ_NO="13" TOC_ENTRY_ID="41" DEPTH_LEVEL="1"/>
		<Primitive ID="Ar0380014" BOX="24 747 811 799" ELEMENT_TYPE="Content" SEQ_NO="14" TOC_ENTRY_ID="41" DEPTH_LEVEL="1"/>
		<Primitive ID="Ar0380015" BOX="24 794 811 845" ELEMENT_TYPE="Content" SEQ_NO="15" TOC_ENTRY_ID="41" DEPTH_LEVEL="1"/>
		<Primitive ID="Ar0380016" BOX="24 840 811 891" ELEMENT_TYPE="Content" SEQ_NO="16" TOC_ENTRY_ID="41" DEPTH_LEVEL="1"/>
		<Primitive ID="Ar0380017" BOX="24 887 811 938" ELEMENT_TYPE="Content" SEQ_NO="17" TOC_ENTRY_ID="41" DEPTH_LEVEL="1"/>
		<Primitive ID="Ar0380018" BOX="24 932 811 984" ELEMENT_TYPE="Content" SEQ_NO="18" TOC_ENTRY_ID="41" DEPTH_LEVEL="1"/>
		<Primitive ID="Ar0380019" BOX="24 979 811 1030" ELEMENT_TYPE="Content" SEQ_NO="19" TOC_ENTRY_ID="41" DEPTH_LEVEL="1"/>
		<Primitive ID="Ar0380020" BOX="24 1025 811 1076" ELEMENT_TYPE="Content" SEQ_NO="20" TOC_ENTRY_ID="41" DEPTH_LEVEL="1"/>
		<Primitive ID="Ar0380021" BOX="24 1071 811 1123" ELEMENT_TYPE="Content" SEQ_NO="21" TOC_ENTRY_ID="41" DEPTH_LEVEL="1"/>
		<Primitive ID="Ar0380022" BOX="24 1118 811 1146" ELEMENT_TYPE="Content" SEQ_NO="22" TOC_ENTRY_ID="41" DEPTH_LEVEL="1"/>
		<Primitive ID="Ar0380023" BOX="24 1146 811 1214" ELEMENT_TYPE="Content" SEQ_NO="23" TOC_ENTRY_ID="41" DEPTH_LEVEL="1"/>
	</Entity>
	<Entity ENTITY_TYPE="Article" FIRST_TOC_ENTRY_ID="47" INDEX_IN_DOC="89" DEPTH_LEVEL="1" ID="Ar03801" SIZE="Small" BOX="24 12 811 97" NEXT_SECTION="" PREV_SECTION="1" IMAGES_RESOLUTION="86" LOGICAL_NAME="true">
		<Name>110 MY GEEAT AUNT POLLY' S ELOPEMENT.</Name>
		<Primitive ID="Ar0380100" BOX="24 12 811 97" ELEMENT_TYPE="Content" SEQ_NO="0" TOC_ENTRY_ID="47" DEPTH_LEVEL="1"/>
	</Entity>
</XMD-PAGE>