<?xml version="1.0" encoding="windows-1252" standalone="no"?>
<XMD-entity REPOSITORY_FORMAT="1.0" PRXML_VER="2.0" ENTITY_TYPE="Article" DOC_UID="EWJ_01/04/1858" DOC_VER="1" FIRST_TOC_ENTRY_ID="51" DEPTH_LEVEL="1" INDEX_IN_DOC="93" PAGE_NO="42" ID="Ar04201" BOX="24 12 811 85" LANGUAGE="English" SNP="Ar04201S.png" SNP_WIDTH="788" SNP_HEIGHT="74" LOGICAL_NAME="true">
	<Meta NAME="114 MY GREAT AUNT POLLY' S ELOPEMENT." DESCRIPTION="" SUBTYPE="" BASE_HREF="EWJ/1858/04/01" SOURCE_TYPE="TIFF" PUBLICATION="EWJ" SECTION="None" ISSUE_DATE="01/04/1858" WORDCNT="9" RELEASE_NO="041-EWJ-1858-04-01-001-SINGLE" PAGE_ID="" PAGE_TYPE="Single" PAGE_WIDTH="823" PAGE_HEIGHT="1239" DEFAULT_IMG_EXT="png" PDF_DESTINATION_MAPPED="OLV0_Entity_0042_0002" IMAGES_RESOLUTION="86" XMD_VER="2.6.238.8" PAGE_LABEL="114"/>
	<Link SOURCE="041-EWJ-1858-04-01-001-SINGLE.PDF" FIRST_ID="Ar00200" LAST_ID="Ar07201" NEXT_ID="" PREV_ID="Ar04200" TOC_ID="d:/Olive/Repository/EWJ/1858/04/01/TOC.xml"/>
	<DataFiles>
		<Files TYPE="DOC_PDF" PRESENT="1"/>
		<Files TYPE="PAGE_PDF" PRESENT="0"/>
		<Files TYPE="DOC_IMG" PRESENT="0"/>
		<Files TYPE="PAGE_IMG" PRESENT="0"/>
		<Files TYPE="PAGE_VIEW_IMG" PRESENT="1"/>
		<Files TYPE="PAGE_PREVIEW_IMG" PRESENT="1"/>
		<Files TYPE="PRIMITIVE_IMG" PRESENT="1"/>
		<Files TYPE="SNIPPET_IMG" PRESENT="1"/>
	</DataFiles>
	<Content>
		<Primitive BOX="24 12 811 85" ID="Ar0420100" SEQ_NO="0" TOC_ENTRY_ID="51" DEPTH_LEVEL="1">
			<L BOX="80 41 646 84"/>
			<W BOX="80 45 119 84" STYLE_REF="25">114</W>
			<W BOX="217 45 248 84" STYLE_REF="25">MY</W>
			<W BOX="261 45 330 84" STYLE_REF="25">GREAT</W>
			<Q BOX="343 45 387 84" STYLE_REF="25" QID="1">AUN</Q>
			<q BOX="386 45 401 84" STYLE_REF="25" QID="1">T</q>
			<QW QID="1">AUNT</QW>
			<W BOX="413 44 480 82" STYLE_REF="25" NS="y">POLLY</W>
			<W BOX="480 41 498 79" STYLE_REF="25">'</W>
			<W BOX="485 43 497 81" STYLE_REF="25">S</W>
			<W BOX="509 43 629 81" STYLE_REF="25" NS="y">ELOPEMENT</W>
			<W BOX="629 43 646 81" STYLE_REF="25">.</W>
		</Primitive>
	</Content>
	<TOC_Entries><TOC_Entry TOC_ENTRY_ID="90" TITLE="114 MY GREAT AUNT POLLY' S ELOPEMENT." ENTITY_ID_REF="Ar04201" PAGE_NO="42" PAGE_LABEL="114" PRIM_ID_REF="Ar0420100" IS_IC="true"/></TOC_Entries></XMD-entity>
