<?xml version="1.0" encoding="windows-1252" standalone="no"?>
<XMD-PAGE REPOSITORY_FORMAT="1.0" PRXML_VER="2.0">
	<Meta ISSUE_DATE="01/04/1858" RELEASE_NO="041-EWJ-1858-04-01-001-SINGLE" PAGE_NO="32" NAME="" PAGE_LABEL="104" PAGE_TYPE="Single" PUBLISHER="Olive" PUBLICATION="EWJ" SOURCE_TYPE="TIFF" SOURCE_RESOLUTION="72" IMAGES_RESOLUTION="86" PAGE_THUMBNAIL_RESOLUTION="86" PAGE_PREVIEW_RESOLUTION="15" DEFAULT_IMG_EXT="png" IMG_EXT="png" PREVIEW_IMG_EXT="png" XMD_VER="2.6.238.8" PROFILE_ID="D:\pdfs\EWJ\XMD_EWJ.ini" SECTION="None" PAGE_WIDTH="823" PAGE_HEIGHT="1239" PAGES_NUMBER="72" BASE_HREF="EWJ/1858/04/01" PDF_DESTINATION_MAPPED="OLV0_Page_0032">
		<Resolutions>
			<Resolution DEFAULT="true">86</Resolution>
		</Resolutions>
	</Meta>
	<Link SOURCE="041-EWJ-1858-04-01-001-SINGLE.PDF" NEXT_SECTION="" PREV_SECTION="1"/>
	<DataFiles>
		<Files TYPE="DOC_PDF" PRESENT="1"/>
		<Files TYPE="PAGE_PDF" PRESENT="0"/>
		<Files TYPE="DOC_IMG" PRESENT="0"/>
		<Files TYPE="PAGE_IMG" PRESENT="0"/>
		<Files TYPE="PAGE_VIEW_IMG" PRESENT="1"/>
		<Files TYPE="PAGE_PREVIEW_IMG" PRESENT="1"/>
		<Files TYPE="PRIMITIVE_IMG" PRESENT="1"/>
		<Files TYPE="SNIPPET_IMG" PRESENT="1"/>
	</DataFiles>
	<Entity ENTITY_TYPE="Article" FIRST_TOC_ENTRY_ID="39" INDEX_IN_DOC="68" DEPTH_LEVEL="1" ID="Ar03200" SIZE="Small" BOX="24 12 811 102" NEXT_SECTION="" PREV_SECTION="1" IMAGES_RESOLUTION="86" LOGICAL_NAME="true">
		<Name>( 104 )</Name>
		<Primitive ID="Ar0320000" BOX="24 12 811 102" ELEMENT_TYPE="Content" SEQ_NO="0" TOC_ENTRY_ID="39" DEPTH_LEVEL="1"/>
	</Entity>
	<Entity ENTITY_TYPE="Article" ENTITY_SUBTYPE="Section" FIRST_TOC_ENTRY_ID="40" INDEX_IN_DOC="69" DEPTH_LEVEL="1" ID="Ar03201" SIZE="Medium" BOX="24 102 811 207" NEXT_SECTION="" PREV_SECTION="1" IMAGES_RESOLUTION="86" LOGICAL_NAME="true">
		<Name>XII.�MY GREAT AUNT POLLY'S ELOPEMENT. + ...</Name>
		<Primitive ID="Ar0320100" BOX="24 102 811 207" ELEMENT_TYPE="HedLine_hl1" SEQ_NO="0" TOC_ENTRY_ID="40" DEPTH_LEVEL="1"/>
	</Entity>
	<Entity ENTITY_TYPE="Article" FIRST_TOC_ENTRY_ID="41" INDEX_IN_DOC="70" DEPTH_LEVEL="1" ID="Ar03202" SIZE="XLarge" BOX="24 207 811 1214" NEXT_SECTION="" PREV_SECTION="1" CONTINUATION_TO="Ar03300" IMAGES_RESOLUTION="86" LOGICAL_NAME="true">
		<Name>babl Dear y be Reader declared .�The by ...</Name>
		<Primitive ID="Ar0320200" BOX="24 207 811 291" ELEMENT_TYPE="Content" SEQ_NO="0" TOC_ENTRY_ID="41" DEPTH_LEVEL="1"/>
		<Primitive ID="Ar0320201" BOX="24 279 811 353" ELEMENT_TYPE="Content" SEQ_NO="1" TOC_ENTRY_ID="41" DEPTH_LEVEL="1"/>
		<Primitive ID="Ar0320202" BOX="24 341 811 424" ELEMENT_TYPE="Content" SEQ_NO="2" TOC_ENTRY_ID="41" DEPTH_LEVEL="1"/>
		<Primitive ID="Ar0320203" BOX="24 412 811 471" ELEMENT_TYPE="Content" SEQ_NO="3" TOC_ENTRY_ID="41" DEPTH_LEVEL="1"/>
		<Primitive ID="Ar0320204" BOX="24 459 811 519" ELEMENT_TYPE="Content" SEQ_NO="4" TOC_ENTRY_ID="41" DEPTH_LEVEL="1"/>
		<Primitive ID="Ar0320205" BOX="24 509 811 565" ELEMENT_TYPE="Content" SEQ_NO="5" TOC_ENTRY_ID="41" DEPTH_LEVEL="1"/>
		<Primitive ID="Ar0320206" BOX="24 553 811 645" ELEMENT_TYPE="Content" SEQ_NO="6" TOC_ENTRY_ID="41" DEPTH_LEVEL="1"/>
		<Primitive ID="Ar0320207" BOX="24 633 811 719" ELEMENT_TYPE="Content" SEQ_NO="7" TOC_ENTRY_ID="41" DEPTH_LEVEL="1"/>
		<Primitive ID="Ar0320208" BOX="24 707 811 776" ELEMENT_TYPE="Content" SEQ_NO="8" TOC_ENTRY_ID="41" DEPTH_LEVEL="1"/>
		<Primitive ID="Ar0320209" BOX="24 765 811 847" ELEMENT_TYPE="Content" SEQ_NO="9" TOC_ENTRY_ID="41" DEPTH_LEVEL="1"/>
		<Primitive ID="Ar0320210" BOX="24 836 811 941" ELEMENT_TYPE="Content" SEQ_NO="10" TOC_ENTRY_ID="41" DEPTH_LEVEL="1"/>
		<Primitive ID="Ar0320211" BOX="24 929 811 988" ELEMENT_TYPE="Content" SEQ_NO="11" TOC_ENTRY_ID="41" DEPTH_LEVEL="1"/>
		<Primitive ID="Ar0320212" BOX="24 976 811 1035" ELEMENT_TYPE="Content" SEQ_NO="12" TOC_ENTRY_ID="41" DEPTH_LEVEL="1"/>
		<Primitive ID="Ar0320213" BOX="24 1023 811 1097" ELEMENT_TYPE="Content" SEQ_NO="13" TOC_ENTRY_ID="41" DEPTH_LEVEL="1"/>
		<Primitive ID="Ar0320214" BOX="24 1085 811 1144" ELEMENT_TYPE="Content" SEQ_NO="14" TOC_ENTRY_ID="41" DEPTH_LEVEL="1"/>
		<Primitive ID="Ar0320215" BOX="24 1144 811 1214" ELEMENT_TYPE="Content" SEQ_NO="15" TOC_ENTRY_ID="41" DEPTH_LEVEL="1"/>
	</Entity>
</XMD-PAGE>
