<?xml version="1.0" encoding="windows-1252" standalone="no"?>
<XMD-entity REPOSITORY_FORMAT="1.0" PRXML_VER="2.0" ENTITY_TYPE="Article" FIRST_TOC_ENTRY_ID="13" DEPTH_LEVEL="1" INDEX_IN_DOC="22" PAGE_NO="11" ID="Ar01100" BOX="24 93 811 1214" LANGUAGE="English" CONTINUATION_TO="Ar01200" CONTINUATION_FROM="Ar01000" LOGICAL_NAME="true">
	<Meta NAME="To the Editors of the English Woman's Jo..." DESCRIPTION="" SUBTYPE="" BASE_HREF="EWJ/1858/04/01" SOURCE_TYPE="TIFF" PUBLICATION="EWJ" SECTION="None" ISSUE_DATE="01/04/1858" WORDCNT="580" RELEASE_NO="041-EWJ-1858-04-01-001-SINGLE" PAGE_ID="" PAGE_TYPE="Single" PAGE_WIDTH="823" PAGE_HEIGHT="1239" DEFAULT_IMG_EXT="png" PDF_DESTINATION_MAPPED="OLV0_Entity_0011_0001" IMAGES_RESOLUTION="86" XMD_VER="2.6.238.8" PAGE_LABEL="83"/>
	<Link SOURCE="041-EWJ-1858-04-01-001-SINGLE.PDF" FIRST_ID="Ar00200" LAST_ID="Ar07201" NEXT_ID="Ar01101" PREV_ID="" TOC_ID="d:/Olive/Repository/EWJ/1858/04/01/TOC.xml"/>
	<DataFiles>
		<Files TYPE="DOC_PDF" PRESENT="1"/>
		<Files TYPE="PAGE_PDF" PRESENT="0"/>
		<Files TYPE="DOC_IMG" PRESENT="0"/>
		<Files TYPE="PAGE_IMG" PRESENT="0"/>
		<Files TYPE="PAGE_VIEW_IMG" PRESENT="1"/>
		<Files TYPE="PAGE_PREVIEW_IMG" PRESENT="1"/>
		<Files TYPE="PRIMITIVE_IMG" PRESENT="1"/>
		<Files TYPE="SNIPPET_IMG" PRESENT="1"/>
	</DataFiles>
	<Content>
		<Primitive BOX="24 93 811 151" ID="Ar0110000" SEQ_NO="0" TOC_ENTRY_ID="13" DEPTH_LEVEL="1">
			<L BOX="55 96 754 128"/>
			<W BOX="55 99 157 128" STYLE_REF="4">promising</W>
			<W BOX="164 98 204 126" STYLE_REF="4">field</W>
			<W BOX="216 98 243 126" STYLE_REF="4">for</W>
			<W BOX="252 98 285 126" STYLE_REF="4">the</W>
			<Q BOX="292 98 347 126" STYLE_REF="4" QID="1">sugar</Q>
			<Q BOX="347 98 355 126" STYLE_REF="4" LH="y" QID="1">-</Q>
			<q BOX="355 98 404 126" STYLE_REF="4" NS="y" QID="1">trade</q>
			<QW QID="1">sugar-trade</QW>
			<W BOX="404 98 410 126" STYLE_REF="4">.</W>
			<W BOX="436 97 485 126" STYLE_REF="4" NS="y">Such</W>
			<W BOX="487 97 491 125" STYLE_REF="4">,</W>
			<W BOX="499 96 587 124" STYLE_REF="4" NS="y">however</W>
			<W BOX="587 96 592 124" STYLE_REF="4">,</W>
			<W BOX="600 96 639 124" STYLE_REF="4">was</W>
			<W BOX="646 96 678 124" STYLE_REF="4">the</W>
			<W BOX="685 96 754 124" STYLE_REF="4">esteem</W>
			<L BOX="55 119 756 151"/>
			<W BOX="55 123 76 151" STYLE_REF="4">in</W>
			<W BOX="84 122 147 150" STYLE_REF="4">which</W>
			<W BOX="153 122 178 150" STYLE_REF="4">he</W>
			<W BOX="186 121 225 149" STYLE_REF="4">was</W>
			<W BOX="231 121 274 149" STYLE_REF="4">held</W>
			<Q BOX="283 121 296 149" STYLE_REF="4" QID="2">b</Q>
			<q BOX="316 121 347 150" STYLE_REF="4" QID="2">his</q>
			<QW QID="2">bhis</QW>
			<Q BOX="354 121 417 149" STYLE_REF="4" QID="3">fellow</Q>
			<Q BOX="417 121 425 149" STYLE_REF="4" LH="y" QID="3">-</Q>
			<Q BOX="425 121 528 149" STYLE_REF="4" QID="3">townsmen</Q>
			<Q BOX="541 119 575 147" STYLE_REF="4" QID="3">tha</Q>
			<q BOX="576 119 583 147" STYLE_REF="4" QID="3">t</q>
			<QW QID="3">fellow-townsmenthat</QW>
			<W BOX="591 119 601 147" STYLE_REF="4">a</W>
			<W BOX="609 119 687 147" STYLE_REF="4">number</W>
			<W BOX="695 119 715 147" STYLE_REF="4">of</W>
			<W BOX="721 119 756 147" STYLE_REF="4">the</W>
		</Primitive>
		<Primitive BOX="24 141 811 197" ID="Ar0110001" SEQ_NO="1" TOC_ENTRY_ID="13" DEPTH_LEVEL="1">
			<L BOX="55 119 754 174"/>
			<W BOX="55 146 102 174" STYLE_REF="4">most</W>
			<W BOX="110 145 212 173" STYLE_REF="4">influential</W>
			<W BOX="226 144 243 172" STYLE_REF="4">of</W>
			<W BOX="256 144 289 172" STYLE_REF="4">the</W>
			<W BOX="295 122 308 150" STYLE_REF="4">y</W>
			<W BOX="296 144 364 172" STYLE_REF="4">Bristol</W>
			<W BOX="373 144 477 172" STYLE_REF="4">merchants</W>
			<W BOX="487 144 525 172" STYLE_REF="4">met</W>
			<W BOX="528 119 533 148" STYLE_REF="4">,</W>
			<W BOX="533 142 553 170" STYLE_REF="4">in</W>
			<W BOX="562 142 595 170" STYLE_REF="4">the</W>
			<W BOX="602 142 703 170" STYLE_REF="4" NS="y">Exchange</W>
			<W BOX="704 141 708 169" STYLE_REF="4">,</W>
			<W BOX="718 142 754 170" STYLE_REF="4">and</W>
			<L BOX="54 165 754 197"/>
			<W BOX="54 169 152 197" STYLE_REF="4">addressed</W>
			<W BOX="159 168 178 196" STYLE_REF="4">to</W>
			<W BOX="186 167 227 196" STYLE_REF="4">him</W>
			<W BOX="233 167 243 196" STYLE_REF="4">a</W>
			<Q BOX="247 167 255 196" STYLE_REF="4" QID="4">l</Q>
			<Q BOX="256 167 302 196" STYLE_REF="4" QID="4">etter</Q>
			<q BOX="316 167 336 196" STYLE_REF="4" QID="4">in</q>
			<QW QID="4">letterin</QW>
			<Q BOX="344 167 408 196" STYLE_REF="4" QID="5">which</Q>
			<q BOX="420 167 465 195" STYLE_REF="4" QID="5">after</q>
			<QW QID="5">whichafter</QW>
			<W BOX="475 166 582 194" STYLE_REF="4">expressing</W>
			<W BOX="591 165 640 193" STYLE_REF="4">their</W>
			<W BOX="649 165 754 193" STYLE_REF="4">conviction</W>
		</Primitive>
		<Primitive BOX="24 188 811 243" ID="Ar0110002" SEQ_NO="2" TOC_ENTRY_ID="13" DEPTH_LEVEL="1">
			<L BOX="54 167 756 220"/>
			<W BOX="54 192 94 220" STYLE_REF="4">that</W>
			<W BOX="102 192 132 220" STYLE_REF="4">his</W>
			<W BOX="139 191 229 219" STYLE_REF="4">intended</W>
			<W BOX="237 191 318 219" STYLE_REF="4">removal</W>
			<W BOX="303 167 308 196" STYLE_REF="4">,</W>
			<W BOX="324 191 344 219" STYLE_REF="4">to</W>
			<W BOX="352 191 438 219" STYLE_REF="4">America</W>
			<W BOX="408 167 413 196" STYLE_REF="4">,</W>
			<Q BOX="448 188 454 217" STYLE_REF="4" LH="y" QID="6">-</Q>
			<Q BOX="452 188 466 217" STYLE_REF="4" QID="6">w</Q>
			<q BOX="467 189 510 218" STYLE_REF="4" QID="6">ould</q>
			<QW QID="6">-would</QW>
			<W BOX="522 189 545 218" STYLE_REF="4">be</W>
			<W BOX="558 189 568 217" STYLE_REF="4">a</W>
			<W BOX="576 188 641 217" STYLE_REF="4">public</W>
			<Q BOX="648 188 677 216" STYLE_REF="4" QID="7">los</Q>
			<q BOX="676 188 685 216" STYLE_REF="4" QID="7">s</q>
			<QW QID="7">loss</QW>
			<W BOX="693 188 714 216" STYLE_REF="4">to</W>
			<W BOX="721 188 756 216" STYLE_REF="4">the</W>
			<L BOX="53 211 755 243"/>
			<W BOX="53 215 105 243" STYLE_REF="4">town</W>
			<W BOX="113 215 149 243" STYLE_REF="4">and</W>
			<W BOX="157 214 190 242" STYLE_REF="4">the</W>
			<Q BOX="198 213 277 242" STYLE_REF="4" QID="8">country</Q>
			<q BOX="290 214 335 242" STYLE_REF="4" QID="8">they</q>
			<QW QID="8">countrythey</QW>
			<W BOX="343 214 415 242" STYLE_REF="4">begged</W>
			<W BOX="426 214 466 242" STYLE_REF="4">him</W>
			<W BOX="473 213 495 241" STYLE_REF="4">to</W>
			<Q BOX="502 212 521 240" STYLE_REF="4" QID="9">re</Q>
			<Q BOX="521 212 529 240" STYLE_REF="4" LH="y" QID="9">-</Q>
			<q BOX="529 212 615 240" STYLE_REF="4" QID="9">consider</q>
			<QW QID="9">re-consider</QW>
			<W BOX="624 211 656 240" STYLE_REF="4">his</W>
			<W BOX="664 211 748 239" STYLE_REF="4" NS="y">decision</W>
			<W BOX="748 211 755 239" STYLE_REF="4">,</W>
		</Primitive>
		<Primitive BOX="24 234 811 289" ID="Ar0110003" SEQ_NO="3" TOC_ENTRY_ID="13" DEPTH_LEVEL="1">
			<L BOX="277 213 283 242"/>
			<W BOX="277 213 283 242" STYLE_REF="4">,</W>
			<L BOX="55 234 758 267"/>
			<W BOX="55 238 91 267" STYLE_REF="4">and</W>
			<W BOX="102 237 159 266" STYLE_REF="4">stated</W>
			<W BOX="172 237 212 266" STYLE_REF="4" NS="y">that</W>
			<W BOX="214 237 219 265" STYLE_REF="4">,</W>
			<W BOX="233 237 247 265" STYLE_REF="4">if</W>
			<W BOX="260 237 298 265" STYLE_REF="4">this</W>
			<W BOX="312 237 393 265" STYLE_REF="4">decision</W>
			<W BOX="407 237 443 265" STYLE_REF="4">had</W>
			<W BOX="453 236 501 265" STYLE_REF="4">been</W>
			<Q BOX="511 235 577 264" STYLE_REF="4" QID="10">promp</Q>
			<q BOX="578 235 609 263" STYLE_REF="4" NS="y" QID="10">ted</q>
			<QW QID="10">prompted</QW>
			<W BOX="611 235 616 263" STYLE_REF="4">,</W>
			<W BOX="627 234 647 263" STYLE_REF="4">as</W>
			<W BOX="656 234 700 263" STYLE_REF="4">they</W>
			<Q BOX="713 235 748 263" STYLE_REF="4" QID="11">pre</Q>
			<Q BOX="749 235 758 263" STYLE_REF="4" QID="11">-</Q>
			<L BOX="54 258 754 289"/>
			<q BOX="54 261 118 289" STYLE_REF="4" QID="11">sumed</q>
			<QW QID="11">presumed</QW>
			<W BOX="126 260 141 289" STYLE_REF="4">it</W>
			<W BOX="149 260 169 289" STYLE_REF="4">to</W>
			<W BOX="177 260 226 288" STYLE_REF="4">have</W>
			<Q BOX="232 260 279 288" STYLE_REF="4" QID="12">been</Q>
			<Q BOX="294 260 307 288" STYLE_REF="4" QID="12">b</Q>
			<q BOX="306 260 319 288" STYLE_REF="4" QID="12">y</q>
			<QW QID="12">beenby</QW>
			<W BOX="327 260 480 288" STYLE_REF="4">embarrassment</W>
			<W BOX="489 259 584 287" STYLE_REF="4">resulting</W>
			<W BOX="591 258 638 286" STYLE_REF="4">from</W>
			<W BOX="650 258 683 286" STYLE_REF="4">the</W>
			<W BOX="690 258 754 286" STYLE_REF="4">recent</W>
		</Primitive>
		<Primitive BOX="24 281 811 335" ID="Ar0110004" SEQ_NO="4" TOC_ENTRY_ID="13" DEPTH_LEVEL="1">
			<L BOX="53 260 756 312"/>
			<W BOX="53 284 161 312" STYLE_REF="4">insolvency</W>
			<W BOX="168 283 185 311" STYLE_REF="4">of</W>
			<W BOX="194 283 260 311" STYLE_REF="4">houses</W>
			<W BOX="267 283 335 311" STYLE_REF="4">known</W>
			<W BOX="281 260 286 288" STYLE_REF="4">,</W>
			<W BOX="340 283 360 311" STYLE_REF="4">to</W>
			<W BOX="366 283 389 311" STYLE_REF="4">be</W>
			<Q BOX="394 283 452 311" STYLE_REF="4" QID="13">largel</Q>
			<q BOX="452 283 465 311" STYLE_REF="4" QID="13">y</q>
			<QW QID="13">largely</QW>
			<W BOX="472 282 560 310" STYLE_REF="4">indebted</W>
			<W BOX="569 282 589 310" STYLE_REF="4">to</W>
			<W BOX="596 281 636 309" STYLE_REF="4" NS="y">him</W>
			<W BOX="637 281 643 309" STYLE_REF="4">,</W>
			<W BOX="651 281 697 309" STYLE_REF="4">they</W>
			<W BOX="704 281 756 309" STYLE_REF="4">were</W>
			<L BOX="53 304 754 335"/>
			<W BOX="53 307 141 335" STYLE_REF="4">prepared</W>
			<W BOX="150 307 170 335" STYLE_REF="4">to</W>
			<Q BOX="178 307 191 335" STYLE_REF="4" QID="14">p</Q>
			<q BOX="191 306 231 335" STYLE_REF="4" QID="14">lace</q>
			<QW QID="14">place</QW>
			<W BOX="239 306 256 335" STYLE_REF="4">at</W>
			<W BOX="265 306 296 335" STYLE_REF="4">his</W>
			<W BOX="303 306 384 335" STYLE_REF="4" NS="y">disposal</W>
			<W BOX="385 306 390 334" STYLE_REF="4">,</W>
			<W BOX="398 306 424 334" STYLE_REF="4">for</W>
			<W BOX="434 306 471 334" STYLE_REF="4">any</W>
			<W BOX="481 306 559 334" STYLE_REF="4">number</W>
			<W BOX="570 305 588 333" STYLE_REF="4">of</W>
			<W BOX="601 304 656 333" STYLE_REF="4" NS="y">years</W>
			<W BOX="656 304 661 333" STYLE_REF="4">,</W>
			<W BOX="670 304 706 332" STYLE_REF="4">and</W>
			<W BOX="715 304 734 332" STYLE_REF="4">at</W>
			<W BOX="742 304 754 332" STYLE_REF="4">a</W>
		</Primitive>
		<Primitive BOX="24 327 811 382" ID="Ar0110005" SEQ_NO="5" TOC_ENTRY_ID="13" DEPTH_LEVEL="1">
			<L BOX="53 327 753 359"/>
			<Q BOX="53 331 111 359" STYLE_REF="4" QID="15">merel</Q>
			<q BOX="111 330 124 359" STYLE_REF="4" QID="15">y</q>
			<QW QID="15">merely</QW>
			<W BOX="132 330 217 358" STYLE_REF="4">nominal</W>
			<W BOX="223 330 299 358" STYLE_REF="4" NS="y">interest</W>
			<W BOX="300 329 306 358" STYLE_REF="4">,</W>
			<W BOX="314 329 350 358" STYLE_REF="4">any</W>
			<W BOX="359 329 433 358" STYLE_REF="4">amount</W>
			<W BOX="441 329 458 358" STYLE_REF="4">of</W>
			<Q BOX="467 329 501 358" STYLE_REF="4" QID="16">cap</Q>
			<q BOX="500 328 533 356" STYLE_REF="4" QID="16">ital</q>
			<QW QID="16">capital</QW>
			<W BOX="540 328 566 356" STYLE_REF="4">he</W>
			<Q BOX="573 328 600 356" STYLE_REF="4" QID="17">mi</Q>
			<Q BOX="599 328 614 356" STYLE_REF="4" QID="17">g</Q>
			<q BOX="612 327 634 355" STYLE_REF="4" QID="17">ht</q>
			<QW QID="17">might</QW>
			<W BOX="641 327 715 355" STYLE_REF="4">require</W>
			<W BOX="723 327 753 355" STYLE_REF="4">for</W>
			<L BOX="52 350 753 382"/>
			<W BOX="52 354 85 382" STYLE_REF="4">the</W>
			<W BOX="151 353 185 381" STYLE_REF="4">ing</W>
			<W BOX="197 353 221 381" STYLE_REF="4">on</W>
			<W BOX="236 353 253 381" STYLE_REF="4">of</W>
			<W BOX="267 353 297 381" STYLE_REF="4">his</W>
			<W BOX="310 353 449 381" STYLE_REF="4" NS="y">establishment</W>
			<W BOX="449 353 455 381" STYLE_REF="4">.</W>
			<W BOX="479 352 524 380" STYLE_REF="4">This</W>
			<Q BOX="536 352 581 380" STYLE_REF="4" QID="18">offer</Q>
			<q BOX="596 350 645 378" STYLE_REF="4" QID="18">most</q>
			<QW QID="18">offermost</QW>
			<W BOX="653 350 753 379" STYLE_REF="4">delicately</W>
		</Primitive>
		<Primitive BOX="24 373 811 428" ID="Ar0110006" SEQ_NO="6" TOC_ENTRY_ID="13" DEPTH_LEVEL="1">
			<L BOX="52 351 754 405"/>
			<W BOX="52 377 106 405" STYLE_REF="4">made</W>
			<W BOX="98 354 150 382" STYLE_REF="4">carry</W>
			<W BOX="120 376 155 404" STYLE_REF="4">and</W>
			<W BOX="164 376 276 404" STYLE_REF="4">honourable</W>
			<W BOX="285 376 333 404" STYLE_REF="4">alike</W>
			<W BOX="341 376 361 404" STYLE_REF="4">to</W>
			<W BOX="369 376 421 404" STYLE_REF="4">those</W>
			<W BOX="428 375 474 403" STYLE_REF="4">from</W>
			<W BOX="484 375 545 403" STYLE_REF="4">whom</W>
			<W BOX="552 374 568 402" STYLE_REF="4">it</W>
			<W BOX="576 374 673 402" STYLE_REF="4">emanated</W>
			<W BOX="583 351 588 379" STYLE_REF="4">,</W>
			<W BOX="685 374 722 402" STYLE_REF="4">and</W>
			<W BOX="731 374 754 402" STYLE_REF="4">to</W>
			<L BOX="51 373 754 428"/>
			<W BOX="51 400 92 428" STYLE_REF="4">him</W>
			<W BOX="105 400 125 428" STYLE_REF="4">to</W>
			<W BOX="107 377 112 405" STYLE_REF="4">,</W>
			<W BOX="138 400 201 428" STYLE_REF="4">whom</W>
			<W BOX="212 400 227 428" STYLE_REF="4">it</W>
			<W BOX="241 400 280 428" STYLE_REF="4">was</W>
			<W BOX="292 399 389 427" STYLE_REF="4" NS="y">addressed</W>
			<W BOX="392 399 397 427" STYLE_REF="4">,</W>
			<Q BOX="410 399 471 427" STYLE_REF="4" QID="19">thoug</Q>
			<q BOX="467 398 482 426" STYLE_REF="4" QID="19">h</q>
			<QW QID="19">though</QW>
			<Q BOX="490 398 525 426" STYLE_REF="4" QID="20">full</Q>
			<q BOX="525 398 538 426" STYLE_REF="4" QID="20">y</q>
			<QW QID="20">fully</QW>
			<W BOX="551 397 663 425" STYLE_REF="4">appreciated</W>
			<W BOX="674 373 679 402" STYLE_REF="4">,</W>
			<Q BOX="678 397 692 425" STYLE_REF="4" QID="21">b</Q>
			<q BOX="691 397 705 425" STYLE_REF="4" QID="21">y</q>
			<QW QID="21">by</QW>
			<W BOX="718 397 754 425" STYLE_REF="4">the</W>
		</Primitive>
		<Primitive BOX="24 420 811 474" ID="Ar0110007" SEQ_NO="7" TOC_ENTRY_ID="13" DEPTH_LEVEL="1">
			<L BOX="51 420 753 452"/>
			<W BOX="51 423 107 452" STYLE_REF="4" NS="y">latter</W>
			<W BOX="108 423 113 452" STYLE_REF="4">,</W>
			<W BOX="123 423 160 451" STYLE_REF="4">was</W>
			<W BOX="168 423 253 451" STYLE_REF="4" NS="y">declined</W>
			<W BOX="258 423 263 451" STYLE_REF="4">;</W>
			<W BOX="275 423 309 451" STYLE_REF="4">and</W>
			<W BOX="318 423 338 451" STYLE_REF="4">in</W>
			<W BOX="344 422 417 450" STYLE_REF="4">August</W>
			<W BOX="424 421 441 450" STYLE_REF="4">of</W>
			<W BOX="450 421 482 450" STYLE_REF="4">the</W>
			<Q BOX="489 421 500 450" STYLE_REF="4" QID="22">s</Q>
			<q BOX="499 421 538 450" STYLE_REF="4" QID="22">ame</q>
			<QW QID="22">same</QW>
			<W BOX="544 421 589 449" STYLE_REF="4" NS="y">year</W>
			<W BOX="589 420 595 448" STYLE_REF="4">,</W>
			<W BOX="600 420 631 448" STYLE_REF="4" NS="y">Mr</W>
			<W BOX="631 420 637 448" STYLE_REF="4">.</W>
			<W BOX="642 420 744 448" STYLE_REF="4" NS="y">Blackwell</W>
			<W BOX="746 420 753 448" STYLE_REF="4">,</W>
			<L BOX="51 443 757 474"/>
			<W BOX="51 444 57 472" STYLE_REF="4" NS="y">�</W>
			<W BOX="53 444 95 472" STYLE_REF="4">with</W>
			<W BOX="106 446 136 474" STYLE_REF="4">his</W>
			<W BOX="143 446 187 474" STYLE_REF="4">wife</W>
			<W BOX="195 446 231 474" STYLE_REF="4">and</W>
			<Q BOX="239 446 292 474" STYLE_REF="4" QID="23">famil</Q>
			<q BOX="291 446 305 474" STYLE_REF="4" NS="y" QID="23">y</q>
			<QW QID="23">family</QW>
			<W BOX="306 446 312 474" STYLE_REF="4">,</W>
			<W BOX="318 445 358 474" STYLE_REF="4">two</W>
			<W BOX="366 445 429 474" STYLE_REF="4" NS="y">sisters</W>
			<W BOX="431 445 436 473" STYLE_REF="4">,</W>
			<W BOX="448 445 459 473" STYLE_REF="4">a</W>
			<W BOX="469 444 569 472" STYLE_REF="4" NS="y">governess</W>
			<W BOX="570 443 575 472" STYLE_REF="4">,</W>
			<W BOX="586 443 623 471" STYLE_REF="4">and</W>
			<W BOX="634 443 645 471" STYLE_REF="4">a</W>
			<Q BOX="656 443 702 471" STYLE_REF="4" QID="24">coup</Q>
			<q BOX="702 443 721 471" STYLE_REF="4" QID="24">le</q>
			<QW QID="24">couple</QW>
			<W BOX="732 443 744 471" STYLE_REF="4" NS="y">o</W>
			<W BOX="744 443 757 471" STYLE_REF="4">�</W>
		</Primitive>
		<Primitive BOX="24 466 811 521" ID="Ar0110008" SEQ_NO="8" TOC_ENTRY_ID="13" DEPTH_LEVEL="1">
			<L BOX="52 466 752 498"/>
			<W BOX="52 470 135 498" STYLE_REF="4" NS="y">servants</W>
			<W BOX="136 470 141 498" STYLE_REF="4">,</W>
			<W BOX="157 469 214 498" STYLE_REF="4">sailed</W>
			<W BOX="229 469 256 498" STYLE_REF="4">for</W>
			<W BOX="273 469 320 498" STYLE_REF="4">New</W>
			<W BOX="333 468 386 497" STYLE_REF="4" NS="y">York</W>
			<W BOX="386 468 393 497" STYLE_REF="4">.</W>
			<W BOX="425 468 448 497" STYLE_REF="4">Of</W>
			<W BOX="464 467 495 496" STYLE_REF="4">his</W>
			<W BOX="510 466 596 495" STYLE_REF="4">habitual</W>
			<W BOX="609 466 700 494" STYLE_REF="4">kindness</W>
			<W BOX="715 466 752 494" STYLE_REF="4">and</W>
			<L BOX="50 489 754 521"/>
			<W BOX="50 493 152 521" STYLE_REF="4">generosity</W>
			<W BOX="169 492 200 521" STYLE_REF="4">his</W>
			<W BOX="212 492 246 521" STYLE_REF="4">last</W>
			<W BOX="257 492 286 521" STYLE_REF="4">act</W>
			<W BOX="296 492 319 521" STYLE_REF="4">on</W>
			<W BOX="328 492 404 521" STYLE_REF="4">leaving</W>
			<Q BOX="414 491 458 519" STYLE_REF="4" QID="25">Eng</Q>
			<q BOX="456 490 499 519" STYLE_REF="4" QID="25">land</q>
			<QW QID="25">England</QW>
			<W BOX="511 490 556 519" STYLE_REF="4">may</W>
			<W BOX="565 489 616 517" STYLE_REF="4">serve</W>
			<W BOX="630 489 651 517" STYLE_REF="4">as</W>
			<W BOX="662 489 685 517" STYLE_REF="4">an</W>
			<Q BOX="700 489 743 517" STYLE_REF="4" QID="26">illus</Q>
			<Q BOX="743 489 754 517" STYLE_REF="4" QID="26">-</Q>
		</Primitive>
		<Primitive BOX="24 512 811 568" ID="Ar0110009" SEQ_NO="9" TOC_ENTRY_ID="13" DEPTH_LEVEL="1">
			<L BOX="51 512 753 545"/>
			<q BOX="51 516 120 545" STYLE_REF="4" NS="y" QID="26">tration</q>
			<QW QID="26">illustration</QW>
			<W BOX="120 516 127 545" STYLE_REF="4">.</W>
			<W BOX="147 516 189 545" STYLE_REF="4">Just</W>
			<W BOX="198 516 218 545" STYLE_REF="4">as</W>
			<W BOX="226 516 259 544" STYLE_REF="4">the</W>
			<Q BOX="266 516 296 544" STYLE_REF="4" QID="27">shi</Q>
			<q BOX="295 516 308 545" STYLE_REF="4" QID="27">p</q>
			<QW QID="27">ship</QW>
			<W BOX="316 515 334 543" STYLE_REF="4">in</W>
			<W BOX="344 515 407 543" STYLE_REF="4">which</W>
			<W BOX="414 515 439 543" STYLE_REF="4">he</W>
			<W BOX="446 515 482 543" STYLE_REF="4">had</W>
			<W BOX="491 513 587 541" STYLE_REF="4">embarked</W>
			<W BOX="595 512 642 541" STYLE_REF="4">with</W>
			<W BOX="649 512 679 541" STYLE_REF="4">his</W>
			<Q BOX="686 512 739 541" STYLE_REF="4" QID="28">famil</Q>
			<q BOX="738 513 753 541" STYLE_REF="4" QID="28">y</q>
			<QW QID="28">family</QW>
			<L BOX="52 536 754 568"/>
			<W BOX="52 540 92 568" STYLE_REF="4">was</W>
			<W BOX="99 540 181 568" STYLE_REF="4">heaving</W>
			<W BOX="192 539 226 567" STYLE_REF="4">her</W>
			<Q BOX="237 539 316 567" STYLE_REF="4" QID="29">anchors</Q>
			<q BOX="332 538 347 566" STYLE_REF="4" QID="29">it</q>
			<QW QID="29">anchorsit</QW>
			<W BOX="359 538 398 566" STYLE_REF="4">was</W>
			<W BOX="407 537 512 566" STYLE_REF="4">discovered</W>
			<W BOX="523 537 566 565" STYLE_REF="4">that</W>
			<W BOX="574 536 613 564" STYLE_REF="4">two</W>
			<W BOX="621 536 667 564" STYLE_REF="4">very</W>
			<Q BOX="679 536 745 564" STYLE_REF="4" QID="30">decent</Q>
			<Q BOX="745 536 754 564" STYLE_REF="4" QID="30">-</Q>
		</Primitive>
		<Primitive BOX="24 559 811 614" ID="Ar0110010" SEQ_NO="10" TOC_ENTRY_ID="13" DEPTH_LEVEL="1">
			<L BOX="50 539 754 591"/>
			<q BOX="50 563 127 591" STYLE_REF="4" QID="30">looking</q>
			<QW QID="30">decentlooking</QW>
			<Q BOX="135 563 184 591" STYLE_REF="4" QID="31">youn</Q>
			<q BOX="185 563 198 591" STYLE_REF="4" QID="31">g</q>
			<QW QID="31">young</QW>
			<W BOX="206 562 279 591" STYLE_REF="4" NS="y">women</W>
			<W BOX="279 562 283 590" STYLE_REF="4">,</W>
			<W BOX="291 561 334 590" STYLE_REF="4">who</W>
			<W BOX="316 539 322 567" STYLE_REF="4">,</W>
			<W BOX="341 561 378 590" STYLE_REF="4">had</W>
			<W BOX="387 561 443 589" STYLE_REF="4">taken</W>
			<Q BOX="450 561 462 589" STYLE_REF="4" QID="32">p</Q>
			<q BOX="462 560 511 588" STYLE_REF="4" QID="32">laces</q>
			<QW QID="32">places</QW>
			<W BOX="520 560 539 588" STYLE_REF="4">as</W>
			<W BOX="548 560 629 588" STYLE_REF="4">steerage</W>
			<W BOX="638 559 746 587" STYLE_REF="4" NS="y">passengers</W>
			<W BOX="746 560 754 588" STYLE_REF="4">,</W>
			<L BOX="50 582 753 614"/>
			<W BOX="50 586 100 614" STYLE_REF="4">were</W>
			<W BOX="107 586 173 614" STYLE_REF="4">unable</W>
			<W BOX="183 586 203 614" STYLE_REF="4">to</W>
			<W BOX="254 585 282 613" STYLE_REF="4">for</W>
			<W BOX="290 585 341 613" STYLE_REF="4" NS="y">them</W>
			<W BOX="346 585 351 613" STYLE_REF="4">;</W>
			<W BOX="363 585 399 613" STYLE_REF="4">and</W>
			<W BOX="410 585 443 613" STYLE_REF="4">the</W>
			<W BOX="455 584 534 612" STYLE_REF="4" NS="y">Captain</W>
			<W BOX="535 583 539 611" STYLE_REF="4">,</W>
			<Q BOX="552 583 575 611" STYLE_REF="4" QID="33">hi</Q>
			<Q BOX="573 583 587 612" STYLE_REF="4" QID="33">g</Q>
			<Q BOX="585 582 608 610" STYLE_REF="4" QID="33">hl</Q>
			<q BOX="605 583 619 611" STYLE_REF="4" QID="33">y</q>
			<QW QID="33">highly</QW>
			<W BOX="631 582 719 610" STYLE_REF="4">incensed</W>
			<W BOX="732 582 753 610" STYLE_REF="4">at</W>
		</Primitive>
		<Primitive BOX="24 606 811 661" ID="Ar0110011" SEQ_NO="11" TOC_ENTRY_ID="13" DEPTH_LEVEL="1">
			<L BOX="50 586 750 638"/>
			<W BOX="50 610 102 638" STYLE_REF="4">what</W>
			<W BOX="109 610 134 638" STYLE_REF="4">he</W>
			<W BOX="141 609 231 637" STYLE_REF="4">regarded</W>
			<W BOX="210 586 246 614" STYLE_REF="4">pay</W>
			<W BOX="239 608 258 636" STYLE_REF="4">as</W>
			<W BOX="266 608 277 636" STYLE_REF="4">a</W>
			<W BOX="285 608 380 636" STYLE_REF="4">dishonest</W>
			<W BOX="391 607 468 636" STYLE_REF="4">attempt</W>
			<W BOX="479 607 502 636" STYLE_REF="4">on</W>
			<W BOX="512 606 562 634" STYLE_REF="4">their</W>
			<W BOX="570 606 611 634" STYLE_REF="4" NS="y">part</W>
			<W BOX="612 606 617 634" STYLE_REF="4">,</W>
			<W BOX="628 606 664 634" STYLE_REF="4">had</W>
			<W BOX="675 606 750 634" STYLE_REF="4">ordered</W>
			<L BOX="50 629 752 661"/>
			<W BOX="50 632 103 661" STYLE_REF="4">them</W>
			<W BOX="108 632 133 661" STYLE_REF="4">on</W>
			<W BOX="138 632 185 661" STYLE_REF="4" NS="y">deck</W>
			<W BOX="186 632 191 660" STYLE_REF="4">,</W>
			<W BOX="198 632 235 660" STYLE_REF="4">and</W>
			<Q BOX="241 630 249 659" STYLE_REF="4" LH="y" QID="34">-</Q>
			<q BOX="247 630 279 659" STYLE_REF="4" QID="34">was</q>
			<QW QID="34">-was</QW>
			<W BOX="285 631 364 659" STYLE_REF="4">sending</W>
			<W BOX="374 631 426 659" STYLE_REF="4">them</W>
			<W BOX="435 630 501 658" STYLE_REF="4">ashore</W>
			<W BOX="505 629 553 657" STYLE_REF="4">with</W>
			<W BOX="557 629 610 657" STYLE_REF="4">their</W>
			<W BOX="612 629 669 657" STYLE_REF="4">boxes</W>
			<W BOX="674 629 710 657" STYLE_REF="4">and</W>
			<W BOX="718 629 752 657" STYLE_REF="4">the</W>
		</Primitive>
		<Primitive BOX="24 651 811 707" ID="Ar0110012" SEQ_NO="12" TOC_ENTRY_ID="13" DEPTH_LEVEL="1">
			<L BOX="49 651 752 684"/>
			<W BOX="49 655 153 684" STYLE_REF="4">provisions</W>
			<W BOX="159 655 205 684" STYLE_REF="4">they</W>
			<W BOX="211 655 247 683" STYLE_REF="4">had</W>
			<W BOX="255 654 343 682" STYLE_REF="4">prepared</W>
			<W BOX="353 654 381 682" STYLE_REF="4">for</W>
			<W BOX="389 654 422 682" STYLE_REF="4">the</W>
			<W BOX="429 654 501 682" STYLE_REF="4" NS="y">voyage</W>
			<W BOX="501 654 507 682" STYLE_REF="4">.</W>
			<W BOX="530 652 548 680" STYLE_REF="4">It</W>
			<Q BOX="558 652 637 680" STYLE_REF="4" QID="35">appeare</Q>
			<q BOX="637 652 648 680" STYLE_REF="4" QID="35">d</q>
			<QW QID="35">appeared</QW>
			<W BOX="657 651 697 680" STYLE_REF="4">that</W>
			<W BOX="705 651 752 680" STYLE_REF="4">they</W>
			<L BOX="49 675 749 707"/>
			<W BOX="49 678 100 707" STYLE_REF="4">were</W>
			<W BOX="107 678 231 706" STYLE_REF="4" NS="y">dressmakers</W>
			<W BOX="232 678 237 706" STYLE_REF="4">,</W>
			<W BOX="245 677 325 705" STYLE_REF="4">without</W>
			<W BOX="330 677 399 705" STYLE_REF="4">friends</W>
			<W BOX="409 676 430 704" STYLE_REF="4">or</W>
			<W BOX="442 676 522 704" STYLE_REF="4">advisers</W>
			<W BOX="529 676 535 704" STYLE_REF="4">;</W>
			<W BOX="547 675 595 703" STYLE_REF="4">they</W>
			<W BOX="603 675 641 703" STYLE_REF="4">had</W>
			<W BOX="650 675 749 703" STYLE_REF="4">conceived</W>
		</Primitive>
		<Primitive BOX="24 698 811 754" ID="Ar0110013" SEQ_NO="13" TOC_ENTRY_ID="13" DEPTH_LEVEL="1">
			<L BOX="49 698 752 730"/>
			<W BOX="49 702 73 730" STYLE_REF="4">an</W>
			<W BOX="87 702 207 730" STYLE_REF="4">exaggerated</W>
			<W BOX="221 701 261 729" STYLE_REF="4">idea</W>
			<W BOX="270 701 288 729" STYLE_REF="4">of</W>
			<W BOX="302 701 335 729" STYLE_REF="4">the</W>
			<W BOX="347 700 468 728" STYLE_REF="4">possibilities</W>
			<W BOX="483 700 501 728" STYLE_REF="4">of</W>
			<W BOX="515 699 548 727" STYLE_REF="4">the</W>
			<W BOX="560 699 608 727" STYLE_REF="4">New</W>
			<W BOX="622 699 684 727" STYLE_REF="4" NS="y">World</W>
			<W BOX="687 699 691 727" STYLE_REF="4">,</W>
			<W BOX="705 698 742 726" STYLE_REF="4" NS="y">and</W>
			<W BOX="743 698 752 726" STYLE_REF="4">,</W>
			<L BOX="49 721 752 754"/>
			<Q BOX="49 725 101 754" STYLE_REF="4" QID="36">imag</Q>
			<q BOX="100 725 154 753" STYLE_REF="4" QID="36">ining</q>
			<QW QID="36">imagining</QW>
			<W BOX="165 725 206 753" STYLE_REF="4">that</W>
			<W BOX="218 724 232 752" STYLE_REF="4">if</W>
			<W BOX="245 724 291 752" STYLE_REF="4">they</W>
			<W BOX="305 724 358 752" STYLE_REF="4">could</W>
			<Q BOX="373 724 406 752" STYLE_REF="4" QID="37">onl</Q>
			<q BOX="404 723 417 751" STYLE_REF="4" QID="37">y</q>
			<QW QID="37">only</QW>
			<W BOX="431 723 462 751" STYLE_REF="4">get</W>
			<W BOX="475 722 588 750" STYLE_REF="4">themselves</W>
			<W BOX="598 722 622 750" STYLE_REF="4">on</W>
			<W BOX="635 722 689 750" STYLE_REF="4">board</W>
			<W BOX="704 721 752 750" STYLE_REF="4">they</W>
		</Primitive>
		<Primitive BOX="24 745 811 800" ID="Ar0110014" SEQ_NO="14" TOC_ENTRY_ID="13" DEPTH_LEVEL="1">
			<L BOX="49 745 751 776"/>
			<W BOX="49 748 112 776" STYLE_REF="4">would</W>
			<W BOX="120 748 143 776" STYLE_REF="4">be</W>
			<W BOX="151 748 193 776" STYLE_REF="4">sure</W>
			<W BOX="201 748 218 776" STYLE_REF="4">of</W>
			<W BOX="227 747 276 775" STYLE_REF="4">their</W>
			<W BOX="283 747 359 775" STYLE_REF="4" NS="y">passage</W>
			<W BOX="360 747 365 775" STYLE_REF="4">,</W>
			<W BOX="371 747 416 775" STYLE_REF="4">they</W>
			<W BOX="422 746 458 774" STYLE_REF="4">had</W>
			<W BOX="465 745 559 773" STYLE_REF="4">contrived</W>
			<W BOX="566 745 586 773" STYLE_REF="4">to</W>
			<W BOX="594 745 656 773" STYLE_REF="4">scrape</W>
			<W BOX="666 745 751 773" STYLE_REF="4">together</W>
			<L BOX="110 768 750 800"/>
			<W BOX="110 771 124 800" STYLE_REF="4">h</W>
			<W BOX="136 771 155 800" STYLE_REF="4">to</W>
			<W BOX="167 771 257 800" STYLE_REF="4">purchase</W>
			<W BOX="272 770 374 799" STYLE_REF="4">provisions</W>
			<W BOX="388 770 415 798" STYLE_REF="4">for</W>
			<W BOX="429 769 462 797" STYLE_REF="4">the</W>
			<W BOX="474 769 548 797" STYLE_REF="4" NS="y">voyage</W>
			<W BOX="548 768 552 797" STYLE_REF="4">,</W>
			<W BOX="566 768 601 796" STYLE_REF="4">and</W>
			<W BOX="612 768 650 796" STYLE_REF="4">had</W>
			<W BOX="663 768 750 796" STYLE_REF="4">installed</W>
		</Primitive>
		<Primitive BOX="24 791 811 846" ID="Ar0110015" SEQ_NO="15" TOC_ENTRY_ID="13" DEPTH_LEVEL="1">
			<L BOX="49 772 750 823"/>
			<W BOX="49 795 160 823" STYLE_REF="4">themselves</W>
			<W BOX="49 772 111 800" STYLE_REF="4">enoug</W>
			<W BOX="174 795 195 823" STYLE_REF="4">in</W>
			<W BOX="207 794 240 822" STYLE_REF="4">the</W>
			<W BOX="253 794 335 822" STYLE_REF="4">quarters</W>
			<W BOX="349 793 427 822" STYLE_REF="4">allotted</W>
			<W BOX="440 793 460 821" STYLE_REF="4">to</W>
			<W BOX="469 793 520 821" STYLE_REF="4" NS="y">them</W>
			<W BOX="521 792 526 820" STYLE_REF="4">,</W>
			<W BOX="534 791 635 820" STYLE_REF="4">intending</W>
			<W BOX="643 791 664 820" STYLE_REF="4">to</W>
			<W BOX="673 791 710 820" STYLE_REF="4">pay</W>
			<W BOX="722 791 750 819" STYLE_REF="4">for</W>
			<L BOX="48 814 751 846"/>
			<W BOX="48 818 101 846" STYLE_REF="4">their</W>
			<W BOX="110 818 184 846" STYLE_REF="4">passage</W>
			<W BOX="199 817 232 845" STYLE_REF="4">out</W>
			<W BOX="245 817 263 845" STYLE_REF="4">of</W>
			<W BOX="277 817 311 845" STYLE_REF="4">the</W>
			<W BOX="320 817 395 845" STYLE_REF="4">fortune</W>
			<W BOX="405 816 453 844" STYLE_REF="4">they</W>
			<W BOX="460 815 537 843" STYLE_REF="4">counted</W>
			<W BOX="550 815 575 843" STYLE_REF="4">on</W>
			<Q BOX="587 815 650 843" STYLE_REF="4" QID="38">makin</Q>
			<q BOX="650 814 664 843" STYLE_REF="4" QID="38">g</q>
			<QW QID="38">making</QW>
			<W BOX="672 814 693 843" STYLE_REF="4">in</W>
			<W BOX="701 814 751 843" STYLE_REF="4">New</W>
		</Primitive>
		<Primitive BOX="24 837 811 893" ID="Ar0110016" SEQ_NO="16" TOC_ENTRY_ID="13" DEPTH_LEVEL="1">
			<L BOX="48 837 752 870"/>
			<W BOX="48 841 99 870" STYLE_REF="4" NS="y">York</W>
			<W BOX="99 841 105 870" STYLE_REF="4">.</W>
			<W BOX="131 841 183 870" STYLE_REF="4">They</W>
			<W BOX="192 840 230 868" STYLE_REF="4">had</W>
			<W BOX="240 840 294 868" STYLE_REF="4">spent</W>
			<W BOX="303 840 351 868" STYLE_REF="4">their</W>
			<W BOX="362 840 397 868" STYLE_REF="4">last</W>
			<W BOX="408 839 471 868" STYLE_REF="4">penny</W>
			<W BOX="480 838 501 867" STYLE_REF="4">in</W>
			<W BOX="514 838 593 867" STYLE_REF="4">making</W>
			<W BOX="601 838 654 866" STYLE_REF="4">these</W>
			<Q BOX="663 837 743 865" STYLE_REF="4" QID="39" M="8 * ">preparat</Q>
			<Q BOX="744 837 752 865" STYLE_REF="4" QID="39">-</Q>
			<L BOX="47 860 750 893"/>
			<Q BOX="47 865 98 893" STYLE_REF="4" QID="39" M="1 * ">ions</Q>
			<q BOX="116 864 151 892" STYLE_REF="4" QID="39">and</q>
			<QW QID="39">_preparationsand</QW>
			<W BOX="164 864 212 892" STYLE_REF="4">their</W>
			<Q BOX="225 864 297 892" STYLE_REF="4" QID="40">despair</Q>
			<Q BOX="314 862 322 890" STYLE_REF="4" LH="y" QID="40">-</Q>
			<q BOX="320 862 369 890" STYLE_REF="4" QID="40">when</q>
			<QW QID="40">despair-when</QW>
			<W BOX="381 863 456 891" STYLE_REF="4">ordered</W>
			<Q BOX="470 862 534 890" STYLE_REF="4" QID="41">ashore</Q>
			<q BOX="555 862 600 890" STYLE_REF="4" QID="41">may</q>
			<QW QID="41">ashoremay</QW>
			<W BOX="612 860 636 889" STYLE_REF="4">be</W>
			<Q BOX="649 860 700 889" STYLE_REF="4" QID="42">imag</Q>
			<q BOX="698 860 743 888" STYLE_REF="4" NS="y" QID="42">ined</q>
			<QW QID="42">imagined</QW>
			<W BOX="743 860 750 888" STYLE_REF="4">.</W>
		</Primitive>
		<Primitive BOX="24 884 811 939" ID="Ar0110017" SEQ_NO="17" TOC_ENTRY_ID="13" DEPTH_LEVEL="1">
			<L BOX="49 861 749 916"/>
			<W BOX="49 888 135 916" STYLE_REF="4">Touched</W>
			<W BOX="98 864 103 893" STYLE_REF="4">,</W>
			<Q BOX="144 888 158 916" STYLE_REF="4" QID="43">b</Q>
			<q BOX="157 887 170 915" STYLE_REF="4" QID="43">y</q>
			<QW QID="43">by</QW>
			<W BOX="178 887 228 915" STYLE_REF="4">their</W>
			<W BOX="236 887 311 915" STYLE_REF="4">distress</W>
			<W BOX="297 864 303 892" STYLE_REF="4">,</W>
			<W BOX="312 887 317 915" STYLE_REF="4">,</W>
			<W BOX="325 886 362 915" STYLE_REF="4">and</W>
			<Q BOX="370 886 394 915" STYLE_REF="4" QID="44">fin</Q>
			<q BOX="398 886 443 914" STYLE_REF="4" QID="44">ding</q>
			<QW QID="44">finding</QW>
			<W BOX="453 885 493 914" STYLE_REF="4">that</W>
			<W BOX="504 885 554 913" STYLE_REF="4">their</W>
			<W BOX="536 861 541 890" STYLE_REF="4">,</W>
			<W BOX="565 884 614 912" STYLE_REF="4">error</W>
			<Q BOX="628 884 704 912" STYLE_REF="4" QID="45">appeare</Q>
			<q BOX="706 884 718 912" STYLE_REF="4" QID="45">d</q>
			<QW QID="45">appeared</QW>
			<W BOX="728 884 749 912" STYLE_REF="4">to</W>
			<L BOX="48 906 749 939"/>
			<W BOX="48 911 97 939" STYLE_REF="4">have</W>
			<Q BOX="104 911 195 939" STYLE_REF="4" QID="46">proceede</Q>
			<q BOX="194 910 206 938" STYLE_REF="4" QID="46">d</q>
			<QW QID="46">proceeded</QW>
			<W BOX="214 910 260 938" STYLE_REF="4">from</W>
			<W BOX="272 910 324 938" STYLE_REF="4">sheer</W>
			<Q BOX="335 910 384 938" STYLE_REF="4" QID="47">simp</Q>
			<Q BOX="384 909 438 937" STYLE_REF="4" QID="47">licity</Q>
			<q BOX="457 908 492 937" STYLE_REF="4" QID="47">and</q>
			<QW QID="47">simplicityand</QW>
			<W BOX="503 908 536 936" STYLE_REF="4">not</W>
			<W BOX="547 908 592 936" STYLE_REF="4">from</W>
			<W BOX="604 907 640 935" STYLE_REF="4">any</W>
			<W BOX="654 906 749 935" STYLE_REF="4">dishonest</W>
		</Primitive>
		<Primitive BOX="24 930 811 985" ID="Ar0110018" SEQ_NO="18" TOC_ENTRY_ID="13" DEPTH_LEVEL="1">
			<L BOX="47 909 750 962"/>
			<Q BOX="47 934 141 962" STYLE_REF="4" QID="48">intention</Q>
			<q BOX="162 933 192 962" STYLE_REF="4" NS="y" QID="48">Mr</q>
			<QW QID="48">intentionMr</QW>
			<W BOX="192 933 198 962" STYLE_REF="4">.</W>
			<W BOX="211 933 313 962" STYLE_REF="4">Blackwell</W>
			<W BOX="327 933 371 961" STYLE_REF="4">paid</W>
			<W BOX="385 932 434 960" STYLE_REF="4">their</W>
			<W BOX="438 909 444 937" STYLE_REF="4">,</W>
			<W BOX="448 932 525 960" STYLE_REF="4">passage</W>
			<W BOX="537 931 562 960" STYLE_REF="4">on</W>
			<W BOX="574 930 608 958" STYLE_REF="4">the</W>
			<W BOX="621 930 663 958" STYLE_REF="4" NS="y">spot</W>
			<W BOX="663 930 669 958" STYLE_REF="4">.</W>
			<W BOX="699 930 750 958" STYLE_REF="4">Such</W>
			<L BOX="47 935 516 985"/>
			<W BOX="47 957 112 985" STYLE_REF="4">things</W>
			<W BOX="119 957 169 985" STYLE_REF="4">were</W>
			<W BOX="142 935 148 963" STYLE_REF="4">,</W>
			<W BOX="176 957 194 985" STYLE_REF="4">of</W>
			<W BOX="203 957 286 985" STYLE_REF="4">constant</W>
			<W BOX="296 956 402 984" STYLE_REF="4">occurrence</W>
			<W BOX="412 956 460 984" STYLE_REF="4">with</W>
			<W BOX="466 955 509 983" STYLE_REF="4" NS="y">him</W>
			<W BOX="509 955 516 983" STYLE_REF="4">.</W>
		</Primitive>
		<Primitive BOX="24 977 811 1032" ID="Ar0110019" SEQ_NO="19" TOC_ENTRY_ID="13" DEPTH_LEVEL="1">
			<L BOX="72 977 749 1009"/>
			<W BOX="72 980 102 1009" STYLE_REF="4">On</W>
			<W BOX="118 980 206 1009" STYLE_REF="4">reaching</W>
			<W BOX="222 980 270 1009" STYLE_REF="4">New</W>
			<W BOX="288 980 337 1008" STYLE_REF="4" NS="y">York</W>
			<W BOX="339 979 344 1007" STYLE_REF="4">,</W>
			<W BOX="363 979 393 1007" STYLE_REF="4" NS="y">Mr</W>
			<W BOX="393 979 399 1007" STYLE_REF="4">.</W>
			<W BOX="416 978 517 1007" STYLE_REF="4">Blackwell</W>
			<W BOX="534 977 645 1005" STYLE_REF="4">established</W>
			<W BOX="663 977 674 1005" STYLE_REF="4">a</W>
			<W BOX="690 977 749 1005" STYLE_REF="4">Sugar</W>
			<L BOX="47 999 751 1034"/>
			<W BOX="47 1003 132 1032" STYLE_REF="4">Refinery</W>
			<W BOX="140 1003 161 1031" STYLE_REF="4">in</W>
			<W BOX="168 1003 210 1031" STYLE_REF="4">that</W>
			<W BOX="217 1003 255 1031" STYLE_REF="4" NS="y">city</W>
			<W BOX="255 1003 261 1031" STYLE_REF="4">,</W>
			<W BOX="267 1003 303 1031" STYLE_REF="4">and</W>
			<W BOX="311 1003 351 1031" STYLE_REF="4">was</W>
			<W BOX="357 1003 385 1031" STYLE_REF="4">for</W>
			<W BOX="394 1003 444 1031" STYLE_REF="4">some</W>
			<W BOX="451 1002 506 1030" STYLE_REF="4">years</W>
			<Q BOX="512 1001 614 1029" STYLE_REF="4" QID="49">exceeding</Q>
			<Q BOX="613 1000 622 1028" STYLE_REF="4" QID="49">l</Q>
			<q BOX="621 1000 634 1028" STYLE_REF="4" QID="49">y</q>
			<QW QID="49">exceedingly</QW>
			<W BOX="642 999 742 1028" STYLE_REF="4">successful</W>
			<W BOX="743 1006 751 1034" STYLE_REF="4" M="1 * ">_*</W>
		</Primitive>
		<Primitive BOX="24 1020 811 1078" ID="Ar0110020" SEQ_NO="20" TOC_ENTRY_ID="13" DEPTH_LEVEL="1">
			<L BOX="47 1018 750 1055"/>
			<Q BOX="47 1027 109 1055" STYLE_REF="4" QID="50">Shortl</Q>
			<q BOX="111 1026 124 1054" STYLE_REF="4" QID="50">y</q>
			<QW QID="50">Shortly</QW>
			<W BOX="135 1026 178 1054" STYLE_REF="4">after</W>
			<W BOX="192 1026 223 1054" STYLE_REF="4">his</W>
			<W BOX="232 1026 300 1054" STYLE_REF="4">arrival</W>
			<W BOX="309 1026 362 1054" STYLE_REF="4">there</W>
			<W BOX="373 1026 397 1054" STYLE_REF="4">he</W>
			<W BOX="409 1025 446 1054" STYLE_REF="4">had</W>
			<W BOX="457 1024 542 1053" STYLE_REF="4">received</W>
			<Q BOX="556 1024 591 1052" STYLE_REF="4" QID="51">cop</Q>
			<q BOX="592 1023 617 1051" STYLE_REF="4" QID="51">ies</q>
			<QW QID="51">copies</QW>
			<W BOX="629 1023 647 1051" STYLE_REF="4" NS="y">of</W>
			<S S_TYPE="SUP">
				<W BOX="657 1018 667 1045" STYLE_REF="2">u</W>
			</S>
			<Q BOX="672 1022 741 1050" STYLE_REF="4" QID="52">Besolu</Q>
			<Q BOX="741 1022 750 1050" STYLE_REF="4" QID="52">-</Q>
			<L BOX="47 1045 749 1078"/>
			<q BOX="47 1050 97 1078" STYLE_REF="4" QID="52">tions</q>
			<QW QID="52">Besolutions</QW>
			<W BOX="104 1049 114 1078" STYLE_REF="4">"</W>
			<W BOX="123 1049 228 1077" STYLE_REF="4">expressive</W>
			<W BOX="244 1049 261 1077" STYLE_REF="4">of</W>
			<W BOX="275 1049 335 1077" STYLE_REF="4">regret</W>
			<W BOX="349 1049 368 1077" STYLE_REF="4">at</W>
			<W BOX="382 1049 415 1077" STYLE_REF="4">the</W>
			<W BOX="427 1049 462 1077" STYLE_REF="4">loss</W>
			<W BOX="476 1047 494 1075" STYLE_REF="4">of</W>
			<W BOX="508 1047 538 1075" STYLE_REF="4">his</W>
			<W BOX="552 1046 633 1074" STYLE_REF="4" NS="y">services</W>
			<W BOX="632 1045 638 1073" STYLE_REF="4">,</W>
			<W BOX="651 1045 686 1073" STYLE_REF="4">and</W>
			<W BOX="699 1045 749 1073" STYLE_REF="4">good</W>
		</Primitive>
		<Primitive BOX="24 1068 811 1124" ID="Ar0110021" SEQ_NO="21" TOC_ENTRY_ID="13" DEPTH_LEVEL="1">
			<L BOX="47 1068 748 1101"/>
			<W BOX="47 1073 116 1101" STYLE_REF="4">wishes</W>
			<W BOX="123 1072 150 1100" STYLE_REF="4">for</W>
			<W BOX="161 1072 193 1100" STYLE_REF="4">his</W>
			<W BOX="201 1072 262 1100" STYLE_REF="4">future</W>
			<W BOX="274 1072 334 1100" STYLE_REF="4" NS="y">career</W>
			<W BOX="336 1072 341 1100" STYLE_REF="4">,</W>
			<W BOX="351 1071 414 1100" STYLE_REF="4">which</W>
			<W BOX="421 1071 457 1100" STYLE_REF="4">had</W>
			<W BOX="468 1071 515 1099" STYLE_REF="4">been</W>
			<W BOX="526 1069 592 1097" STYLE_REF="4">passed</W>
			<W BOX="605 1069 622 1097" STYLE_REF="4">at</W>
			<W BOX="634 1068 667 1096" STYLE_REF="4">the</W>
			<W BOX="678 1068 748 1096" STYLE_REF="4">annual</W>
			<L BOX="47 1092 748 1124"/>
			<W BOX="47 1095 139 1124" STYLE_REF="4">meetings</W>
			<W BOX="146 1095 163 1123" STYLE_REF="4">of</W>
			<W BOX="173 1095 205 1123" STYLE_REF="4">the</W>
			<W BOX="212 1095 287 1123" STYLE_REF="4">various</W>
			<W BOX="294 1095 405 1123" STYLE_REF="4">benevolent</W>
			<W BOX="414 1093 498 1122" STYLE_REF="4">societies</W>
			<W BOX="507 1093 524 1121" STYLE_REF="4">of</W>
			<W BOX="536 1092 605 1120" STYLE_REF="4" NS="y">Bristol</W>
			<W BOX="607 1092 612 1120" STYLE_REF="4">,</W>
			<W BOX="624 1092 641 1120" STYLE_REF="4">of</W>
			<W BOX="653 1092 716 1120" STYLE_REF="4">which</W>
			<W BOX="722 1092 748 1120" STYLE_REF="4">he</W>
		</Primitive>
		<Primitive BOX="24 1115 811 1171" ID="Ar0110022" SEQ_NO="22" TOC_ENTRY_ID="13" DEPTH_LEVEL="1">
			<L BOX="46 1115 749 1148"/>
			<W BOX="46 1119 84 1148" STYLE_REF="4">had</W>
			<W BOX="92 1119 140 1147" STYLE_REF="4">been</W>
			<W BOX="148 1118 168 1147" STYLE_REF="4">so</W>
			<W BOX="175 1117 282 1146" STYLE_REF="4">prominent</W>
			<W BOX="289 1117 299 1145" STYLE_REF="4">a</W>
			<W BOX="307 1117 390 1145" STYLE_REF="4" NS="y">member</W>
			<W BOX="395 1117 400 1145" STYLE_REF="4">;</W>
			<W BOX="411 1117 447 1145" STYLE_REF="4">and</W>
			<W BOX="456 1115 624 1143" STYLE_REF="4">notwithstanding</W>
			<W BOX="636 1115 669 1143" STYLE_REF="4">the</W>
			<W BOX="681 1115 749 1143" STYLE_REF="4">almost</W>
			<L BOX="46 1138 748 1171"/>
			<Q BOX="46 1143 131 1171" STYLE_REF="4" QID="53">incessan</Q>
			<q BOX="131 1143 139 1171" STYLE_REF="4" QID="53">t</q>
			<QW QID="53">incessant</QW>
			<W BOX="152 1142 241 1170" STYLE_REF="4">demands</W>
			<W BOX="251 1141 269 1169" STYLE_REF="4">of</W>
			<W BOX="281 1140 291 1169" STYLE_REF="4">a</W>
			<W BOX="301 1140 348 1169" STYLE_REF="4">very</W>
			<W BOX="361 1140 457 1169" STYLE_REF="4">extensive</W>
			<W BOX="468 1139 556 1167" STYLE_REF="4">business</W>
			<W BOX="563 1139 613 1167" STYLE_REF="4">upon</W>
			<W BOX="623 1138 653 1166" STYLE_REF="4">his</W>
			<W BOX="663 1138 710 1166" STYLE_REF="4" NS="y">time</W>
			<W BOX="709 1138 715 1166" STYLE_REF="4">,</W>
			<W BOX="722 1138 748 1167" STYLE_REF="4">he</W>
		</Primitive>
		<Primitive BOX="24 1171 811 1214" ID="Ar0110023" SEQ_NO="23" TOC_ENTRY_ID="13" DEPTH_LEVEL="1">
			<L BOX="46 1162 748 1194"/>
			<W BOX="46 1166 90 1194" STYLE_REF="4">took</W>
			<W BOX="99 1166 123 1194" STYLE_REF="4">an</W>
			<W BOX="132 1166 191 1194" STYLE_REF="4">active</W>
			<W BOX="199 1165 240 1193" STYLE_REF="4">part</W>
			<W BOX="249 1164 268 1192" STYLE_REF="4">in</W>
			<W BOX="277 1164 309 1192" STYLE_REF="4">the</W>
			<W BOX="317 1164 441 1192" STYLE_REF="4">organization</W>
			<W BOX="451 1163 468 1191" STYLE_REF="4">of</W>
			<W BOX="475 1163 508 1191" STYLE_REF="4">the</W>
			<W BOX="512 1162 610 1190" STYLE_REF="4">American</W>
			<Q BOX="616 1162 662 1190" STYLE_REF="4" QID="54">Anti</Q>
			<Q BOX="662 1162 670 1190" STYLE_REF="4" LH="y" QID="54">-</Q>
			<q BOX="670 1162 748 1190" STYLE_REF="4" QID="54">Slavery</q>
			<QW QID="54">Anti-Slavery</QW>
		</Primitive>
	</Content>
	<TOC_Entries><TOC_Entry TOC_ENTRY_ID="24" TITLE="To the Editors of the English Woman's Jo..." ENTITY_ID_REF="Ar01100" PAGE_NO="11" PAGE_LABEL="83" PRIM_ID_REF="Ar0110000" IS_IC="true"/></TOC_Entries></XMD-entity>
