<?xml version="1.0" encoding="windows-1252" standalone="no"?>
<XMD-entity REPOSITORY_FORMAT="1.0" PRXML_VER="2.0" ENTITY_TYPE="Article" DOC_UID="EWJ_01/04/1858" DOC_VER="1" FIRST_TOC_ENTRY_ID="16" DEPTH_LEVEL="1" INDEX_IN_DOC="42" PAGE_NO="11" ID="Ar01101" BOX="24 12 811 93" LANGUAGE="English" SNP="Ar01101S.png" SNP_WIDTH="788" SNP_HEIGHT="82" LOGICAL_NAME="true">
	<Meta NAME="ELIZABETH BLACKWELL. B3&gt;" DESCRIPTION="" SUBTYPE="" BASE_HREF="EWJ/1858/04/01" SOURCE_TYPE="TIFF" PUBLICATION="EWJ" SECTION="None" ISSUE_DATE="01/04/1858" WORDCNT="6" RELEASE_NO="041-EWJ-1858-04-01-001-SINGLE" PAGE_ID="" PAGE_TYPE="Single" PAGE_WIDTH="823" PAGE_HEIGHT="1239" DEFAULT_IMG_EXT="png" PDF_DESTINATION_MAPPED="OLV0_Entity_0011_0002" IMAGES_RESOLUTION="86" XMD_VER="2.6.238.8" PAGE_LABEL="83"/>
	<Link SOURCE="041-EWJ-1858-04-01-001-SINGLE.PDF" FIRST_ID="Ar00200" LAST_ID="Ar07201" NEXT_ID="" PREV_ID="Ar01100" TOC_ID="d:/Olive/Repository/EWJ/1858/04/01/TOC.xml"/>
	<DataFiles>
		<Files TYPE="DOC_PDF" PRESENT="1"/>
		<Files TYPE="PAGE_PDF" PRESENT="0"/>
		<Files TYPE="DOC_IMG" PRESENT="0"/>
		<Files TYPE="PAGE_IMG" PRESENT="0"/>
		<Files TYPE="PAGE_VIEW_IMG" PRESENT="1"/>
		<Files TYPE="PAGE_PREVIEW_IMG" PRESENT="1"/>
		<Files TYPE="PRIMITIVE_IMG" PRESENT="1"/>
		<Files TYPE="SNIPPET_IMG" PRESENT="1"/>
	</DataFiles>
	<Content>
		<Primitive BOX="24 12 811 93" ID="Ar0110100" SEQ_NO="0" TOC_ENTRY_ID="16" DEPTH_LEVEL="1">
			<L BOX="270 56 760 82"/>
			<W BOX="270 58 390 82" STYLE_REF="7">ELIZABETH</W>
			<W BOX="404 58 533 81" STYLE_REF="7" NS="y">BLACKWELL</W>
			<W BOX="533 58 538 81" STYLE_REF="7">.</W>
			<W BOX="727 56 740 79" STYLE_REF="7" NS="y">B</W>
			<W BOX="740 56 749 79" STYLE_REF="7" NS="y">3</W>
			<W BOX="750 56 760 79" STYLE_REF="7" M="1 * ">_&gt;</W>
		</Primitive>
	</Content>
	<TOC_Entries><TOC_Entry TOC_ENTRY_ID="25" TITLE="ELIZABETH BLACKWELL. B3&gt;" ENTITY_ID_REF="Ar01101" PAGE_NO="11" PAGE_LABEL="83" PRIM_ID_REF="Ar0110100" IS_IC="true"/></TOC_Entries></XMD-entity>
