<?xml version="1.0" encoding="windows-1252" standalone="no"?>
<XMD-PAGE REPOSITORY_FORMAT="1.0" PRXML_VER="2.0">
	<Meta ISSUE_DATE="01/04/1858" RELEASE_NO="041-EWJ-1858-04-01-001-SINGLE" PAGE_NO="11" NAME="" PAGE_LABEL="83" PAGE_TYPE="Single" PUBLISHER="Olive" PUBLICATION="EWJ" SOURCE_TYPE="TIFF" SOURCE_RESOLUTION="72" IMAGES_RESOLUTION="86" PAGE_THUMBNAIL_RESOLUTION="86" PAGE_PREVIEW_RESOLUTION="15" DEFAULT_IMG_EXT="png" IMG_EXT="png" PREVIEW_IMG_EXT="png" XMD_VER="2.6.238.8" PROFILE_ID="D:\pdfs\EWJ\XMD_EWJ.ini" SECTION="None" PAGE_WIDTH="823" PAGE_HEIGHT="1239" PAGES_NUMBER="72" BASE_HREF="EWJ/1858/04/01" PDF_DESTINATION_MAPPED="OLV0_Page_0011">
		<Resolutions>
			<Resolution DEFAULT="true">86</Resolution>
		</Resolutions>
	</Meta>
	<Link SOURCE="041-EWJ-1858-04-01-001-SINGLE.PDF" NEXT_SECTION="" PREV_SECTION="1"/>
	<DataFiles>
		<Files TYPE="DOC_PDF" PRESENT="1"/>
		<Files TYPE="PAGE_PDF" PRESENT="0"/>
		<Files TYPE="DOC_IMG" PRESENT="0"/>
		<Files TYPE="PAGE_IMG" PRESENT="0"/>
		<Files TYPE="PAGE_VIEW_IMG" PRESENT="1"/>
		<Files TYPE="PAGE_PREVIEW_IMG" PRESENT="1"/>
		<Files TYPE="PRIMITIVE_IMG" PRESENT="1"/>
		<Files TYPE="SNIPPET_IMG" PRESENT="1"/>
	</DataFiles>
	<Entity ENTITY_TYPE="Article" FIRST_TOC_ENTRY_ID="13" INDEX_IN_DOC="22" DEPTH_LEVEL="1" ID="Ar01100" SIZE="XLarge" BOX="24 93 811 1214" NEXT_SECTION="" PREV_SECTION="1" CONTINUATION_TO="Ar01200" CONTINUATION_FROM="Ar01000" FIRST_CHUNK="Ar00802" IMAGES_RESOLUTION="86" LOGICAL_NAME="true">
		<Name>To the Editors of the English Woman's Jo...</Name>
		<Primitive ID="Ar0110000" BOX="24 93 811 151" ELEMENT_TYPE="Content" SEQ_NO="0" TOC_ENTRY_ID="13" DEPTH_LEVEL="1"/>
		<Primitive ID="Ar0110001" BOX="24 141 811 197" ELEMENT_TYPE="Content" SEQ_NO="1" TOC_ENTRY_ID="13" DEPTH_LEVEL="1"/>
		<Primitive ID="Ar0110002" BOX="24 188 811 243" ELEMENT_TYPE="Content" SEQ_NO="2" TOC_ENTRY_ID="13" DEPTH_LEVEL="1"/>
		<Primitive ID="Ar0110003" BOX="24 234 811 289" ELEMENT_TYPE="Content" SEQ_NO="3" TOC_ENTRY_ID="13" DEPTH_LEVEL="1"/>
		<Primitive ID="Ar0110004" BOX="24 281 811 335" ELEMENT_TYPE="Content" SEQ_NO="4" TOC_ENTRY_ID="13" DEPTH_LEVEL="1"/>
		<Primitive ID="Ar0110005" BOX="24 327 811 382" ELEMENT_TYPE="Content" SEQ_NO="5" TOC_ENTRY_ID="13" DEPTH_LEVEL="1"/>
		<Primitive ID="Ar0110006" BOX="24 373 811 428" ELEMENT_TYPE="Content" SEQ_NO="6" TOC_ENTRY_ID="13" DEPTH_LEVEL="1"/>
		<Primitive ID="Ar0110007" BOX="24 420 811 474" ELEMENT_TYPE="Content" SEQ_NO="7" TOC_ENTRY_ID="13" DEPTH_LEVEL="1"/>
		<Primitive ID="Ar0110008" BOX="24 466 811 521" ELEMENT_TYPE="Content" SEQ_NO="8" TOC_ENTRY_ID="13" DEPTH_LEVEL="1"/>
		<Primitive ID="Ar0110009" BOX="24 512 811 568" ELEMENT_TYPE="Content" SEQ_NO="9" TOC_ENTRY_ID="13" DEPTH_LEVEL="1"/>
		<Primitive ID="Ar0110010" BOX="24 559 811 614" ELEMENT_TYPE="Content" SEQ_NO="10" TOC_ENTRY_ID="13" DEPTH_LEVEL="1"/>
		<Primitive ID="Ar0110011" BOX="24 606 811 661" ELEMENT_TYPE="Content" SEQ_NO="11" TOC_ENTRY_ID="13" DEPTH_LEVEL="1"/>
		<Primitive ID="Ar0110012" BOX="24 651 811 707" ELEMENT_TYPE="Content" SEQ_NO="12" TOC_ENTRY_ID="13" DEPTH_LEVEL="1"/>
		<Primitive ID="Ar0110013" BOX="24 698 811 754" ELEMENT_TYPE="Content" SEQ_NO="13" TOC_ENTRY_ID="13" DEPTH_LEVEL="1"/>
		<Primitive ID="Ar0110014" BOX="24 745 811 800" ELEMENT_TYPE="Content" SEQ_NO="14" TOC_ENTRY_ID="13" DEPTH_LEVEL="1"/>
		<Primitive ID="Ar0110015" BOX="24 791 811 846" ELEMENT_TYPE="Content" SEQ_NO="15" TOC_ENTRY_ID="13" DEPTH_LEVEL="1"/>
		<Primitive ID="Ar0110016" BOX="24 837 811 893" ELEMENT_TYPE="Content" SEQ_NO="16" TOC_ENTRY_ID="13" DEPTH_LEVEL="1"/>
		<Primitive ID="Ar0110017" BOX="24 884 811 939" ELEMENT_TYPE="Content" SEQ_NO="17" TOC_ENTRY_ID="13" DEPTH_LEVEL="1"/>
		<Primitive ID="Ar0110018" BOX="24 930 811 985" ELEMENT_TYPE="Content" SEQ_NO="18" TOC_ENTRY_ID="13" DEPTH_LEVEL="1"/>
		<Primitive ID="Ar0110019" BOX="24 977 811 1032" ELEMENT_TYPE="Content" SEQ_NO="19" TOC_ENTRY_ID="13" DEPTH_LEVEL="1"/>
		<Primitive ID="Ar0110020" BOX="24 1020 811 1078" ELEMENT_TYPE="Content" SEQ_NO="20" TOC_ENTRY_ID="13" DEPTH_LEVEL="1"/>
		<Primitive ID="Ar0110021" BOX="24 1068 811 1124" ELEMENT_TYPE="Content" SEQ_NO="21" TOC_ENTRY_ID="13" DEPTH_LEVEL="1"/>
		<Primitive ID="Ar0110022" BOX="24 1115 811 1171" ELEMENT_TYPE="Content" SEQ_NO="22" TOC_ENTRY_ID="13" DEPTH_LEVEL="1"/>
		<Primitive ID="Ar0110023" BOX="24 1171 811 1214" ELEMENT_TYPE="Content" SEQ_NO="23" TOC_ENTRY_ID="13" DEPTH_LEVEL="1"/>
	</Entity>
	<Entity ENTITY_TYPE="Article" FIRST_TOC_ENTRY_ID="16" INDEX_IN_DOC="42" DEPTH_LEVEL="1" ID="Ar01101" SIZE="Small" BOX="24 12 811 93" NEXT_SECTION="" PREV_SECTION="1" IMAGES_RESOLUTION="86" LOGICAL_NAME="true">
		<Name>ELIZABETH BLACKWELL. B3&gt;</Name>
		<Primitive ID="Ar0110100" BOX="24 12 811 93" ELEMENT_TYPE="Content" SEQ_NO="0" TOC_ENTRY_ID="16" DEPTH_LEVEL="1"/>
	</Entity>
</XMD-PAGE>