<?xml version="1.0" encoding="windows-1252" standalone="no"?>
<XMD-entity REPOSITORY_FORMAT="1.0" PRXML_VER="2.0" ENTITY_TYPE="Article" DOC_UID="EWJ_01/03/1858" DOC_VER="1" FIRST_TOC_ENTRY_ID="50" DEPTH_LEVEL="1" INDEX_IN_DOC="104" PAGE_NO="41" ID="Ar04100" BOX="43 25 812 78" LANGUAGE="English" SNP="Ar04100S.png" SNP_WIDTH="770" SNP_HEIGHT="54" LOGICAL_NAME="true">
	<Meta NAME="BRADSHAW THE BETEAYEE. 41" DESCRIPTION="" SUBTYPE="" BASE_HREF="EWJ/1858/03/01" SOURCE_TYPE="TIFF" PUBLICATION="EWJ" SECTION="None" ISSUE_DATE="01/03/1858" WORDCNT="5" RELEASE_NO="041-EWJ-1858-03-01-001-SINGLE" PAGE_ID="" PAGE_TYPE="Single" PAGE_WIDTH="841" PAGE_HEIGHT="1244" DEFAULT_IMG_EXT="png" PDF_DESTINATION_MAPPED="OLV0_Entity_0041_0001" IMAGES_RESOLUTION="86" XMD_VER="2.6.238.8" PAGE_LABEL="41"/>
	<Link SOURCE="041-EWJ-1858-03-01-001-SINGLE.PDF" FIRST_ID="Ar00200" LAST_ID="Ar07201" NEXT_ID="Ar04101" PREV_ID="" TOC_ID="d:/Olive/Repository/EWJ/1858/03/01/TOC.xml"/>
	<DataFiles>
		<Files TYPE="DOC_PDF" PRESENT="1"/>
		<Files TYPE="PAGE_PDF" PRESENT="0"/>
		<Files TYPE="DOC_IMG" PRESENT="0"/>
		<Files TYPE="PAGE_IMG" PRESENT="0"/>
		<Files TYPE="PAGE_VIEW_IMG" PRESENT="1"/>
		<Files TYPE="PAGE_PREVIEW_IMG" PRESENT="1"/>
		<Files TYPE="PRIMITIVE_IMG" PRESENT="1"/>
		<Files TYPE="SNIPPET_IMG" PRESENT="1"/>
	</DataFiles>
	<Content>
		<Primitive BOX="43 25 812 78" ID="Ar0410000" SEQ_NO="0" TOC_ENTRY_ID="50" DEPTH_LEVEL="1">
			<L BOX="272 46 774 71"/>
			<W BOX="272 47 389 71" STYLE_REF="7">BRADSHAW</W>
			<W BOX="402 46 445 69" STYLE_REF="7">THE</W>
			<W BOX="460 46 569 69" STYLE_REF="7" NS="y">BETEAYEE</W>
			<W BOX="569 46 574 69" STYLE_REF="7">.</W>
			<W BOX="745 46 774 69" STYLE_REF="7">41</W>
		</Primitive>
	</Content>
	<TOC_Entries><TOC_Entry TOC_ENTRY_ID="88" TITLE="BRADSHAW THE BETEAYEE. 41" ENTITY_ID_REF="Ar04100" PAGE_NO="41" PAGE_LABEL="41" PRIM_ID_REF="Ar0410000" IS_IC="true"/></TOC_Entries></XMD-entity>
