<?xml version="1.0" encoding="windows-1252" standalone="no"?>
<XMD-entity REPOSITORY_FORMAT="1.0" PRXML_VER="2.0" ENTITY_TYPE="Article" DOC_UID="EWJ_01/04/1858" DOC_VER="1" FIRST_TOC_ENTRY_ID="72" DEPTH_LEVEL="1" INDEX_IN_DOC="123" PAGE_NO="57" ID="Ar05700" BOX="24 12 811 70" LANGUAGE="English" SNP="Ar05700S.png" SNP_WIDTH="788" SNP_HEIGHT="58" LOGICAL_NAME="true">
	<Meta NAME="NOTICES OF BOOKS. 129" DESCRIPTION="" SUBTYPE="" BASE_HREF="EWJ/1858/04/01" SOURCE_TYPE="TIFF" PUBLICATION="EWJ" SECTION="None" ISSUE_DATE="01/04/1858" WORDCNT="5" RELEASE_NO="041-EWJ-1858-04-01-001-SINGLE" PAGE_ID="" PAGE_TYPE="Single" PAGE_WIDTH="823" PAGE_HEIGHT="1239" DEFAULT_IMG_EXT="png" PDF_DESTINATION_MAPPED="OLV0_Entity_0057_0001" IMAGES_RESOLUTION="86" XMD_VER="2.6.238.8" PAGE_LABEL="129"/>
	<Link SOURCE="041-EWJ-1858-04-01-001-SINGLE.PDF" FIRST_ID="Ar00200" LAST_ID="Ar07201" NEXT_ID="Ar05701" PREV_ID="" TOC_ID="d:/Olive/Repository/EWJ/1858/04/01/TOC.xml"/>
	<DataFiles>
		<Files TYPE="DOC_PDF" PRESENT="1"/>
		<Files TYPE="PAGE_PDF" PRESENT="0"/>
		<Files TYPE="DOC_IMG" PRESENT="0"/>
		<Files TYPE="PAGE_IMG" PRESENT="0"/>
		<Files TYPE="PAGE_VIEW_IMG" PRESENT="1"/>
		<Files TYPE="PAGE_PREVIEW_IMG" PRESENT="1"/>
		<Files TYPE="PRIMITIVE_IMG" PRESENT="1"/>
		<Files TYPE="SNIPPET_IMG" PRESENT="1"/>
	</DataFiles>
	<Content>
		<Primitive BOX="24 12 811 70" ID="Ar0570000" SEQ_NO="0" TOC_ENTRY_ID="72" DEPTH_LEVEL="1">
			<L BOX="305 33 764 61"/>
			<W BOX="305 33 393 59" STYLE_REF="1">NOTICES</W>
			<W BOX="406 33 433 59" STYLE_REF="1">OF</W>
			<W BOX="446 33 514 59" STYLE_REF="1" NS="y">BOOKS</W>
			<W BOX="514 33 519 59" STYLE_REF="1">.</W>
			<W BOX="725 35 764 61" STYLE_REF="1">129</W>
		</Primitive>
	</Content>
	<TOC_Entries><TOC_Entry TOC_ENTRY_ID="123" TITLE="NOTICES OF BOOKS. 129" ENTITY_ID_REF="Ar05700" PAGE_NO="57" PAGE_LABEL="129" PRIM_ID_REF="Ar0570000" IS_IC="true"/></TOC_Entries></XMD-entity>
