<?xml version="1.0" encoding="windows-1252" standalone="no"?>
<XMD-PAGE REPOSITORY_FORMAT="1.0" PRXML_VER="2.0">
	<Meta ISSUE_DATE="01/04/1858" RELEASE_NO="041-EWJ-1858-04-01-001-SINGLE" PAGE_NO="57" NAME="" PAGE_LABEL="129" PAGE_TYPE="Single" PUBLISHER="Olive" PUBLICATION="EWJ" SOURCE_TYPE="TIFF" SOURCE_RESOLUTION="72" IMAGES_RESOLUTION="86" PAGE_THUMBNAIL_RESOLUTION="86" PAGE_PREVIEW_RESOLUTION="15" DEFAULT_IMG_EXT="png" IMG_EXT="png" PREVIEW_IMG_EXT="png" XMD_VER="2.6.238.8" PROFILE_ID="D:\pdfs\EWJ\XMD_EWJ.ini" SECTION="None" PAGE_WIDTH="823" PAGE_HEIGHT="1239" PAGES_NUMBER="72" BASE_HREF="EWJ/1858/04/01" PDF_DESTINATION_MAPPED="OLV0_Page_0057">
		<Resolutions>
			<Resolution DEFAULT="true">86</Resolution>
		</Resolutions>
	</Meta>
	<Link SOURCE="041-EWJ-1858-04-01-001-SINGLE.PDF" NEXT_SECTION="" PREV_SECTION="1"/>
	<DataFiles>
		<Files TYPE="DOC_PDF" PRESENT="1"/>
		<Files TYPE="PAGE_PDF" PRESENT="0"/>
		<Files TYPE="DOC_IMG" PRESENT="0"/>
		<Files TYPE="PAGE_IMG" PRESENT="0"/>
		<Files TYPE="PAGE_VIEW_IMG" PRESENT="1"/>
		<Files TYPE="PAGE_PREVIEW_IMG" PRESENT="1"/>
		<Files TYPE="PRIMITIVE_IMG" PRESENT="1"/>
		<Files TYPE="SNIPPET_IMG" PRESENT="1"/>
	</DataFiles>
	<Entity ENTITY_TYPE="Article" FIRST_TOC_ENTRY_ID="72" INDEX_IN_DOC="123" DEPTH_LEVEL="1" ID="Ar05700" SIZE="Small" BOX="24 12 811 70" NEXT_SECTION="" PREV_SECTION="1" IMAGES_RESOLUTION="86" LOGICAL_NAME="true">
		<Name>NOTICES OF BOOKS. 129</Name>
		<Primitive ID="Ar0570000" BOX="24 12 811 70" ELEMENT_TYPE="Content" SEQ_NO="0" TOC_ENTRY_ID="72" DEPTH_LEVEL="1"/>
	</Entity>
	<Entity ENTITY_TYPE="Article" FIRST_TOC_ENTRY_ID="73" INDEX_IN_DOC="124" DEPTH_LEVEL="1" ID="Ar05701" SIZE="XLarge" BOX="24 70 811 1214" NEXT_SECTION="" PREV_SECTION="1" IMAGES_RESOLUTION="86" LOGICAL_NAME="true">
		<Name>2.�A Personal Narrative of tlie Siege of...</Name>
		<Primitive ID="Ar0570100" BOX="24 70 811 135" ELEMENT_TYPE="Content" SEQ_NO="0" TOC_ENTRY_ID="73" DEPTH_LEVEL="1"/>
		<Primitive ID="Ar0570101" BOX="24 126 811 187" ELEMENT_TYPE="Content" SEQ_NO="1" TOC_ENTRY_ID="73" DEPTH_LEVEL="1"/>
		<Primitive ID="Ar0570102" BOX="24 179 811 233" ELEMENT_TYPE="Content" SEQ_NO="2" TOC_ENTRY_ID="73" DEPTH_LEVEL="1"/>
		<Primitive ID="Ar0570103" BOX="24 226 811 280" ELEMENT_TYPE="Content" SEQ_NO="3" TOC_ENTRY_ID="73" DEPTH_LEVEL="1"/>
		<Primitive ID="Ar0570104" BOX="24 273 811 328" ELEMENT_TYPE="Content" SEQ_NO="4" TOC_ENTRY_ID="73" DEPTH_LEVEL="1"/>
		<Primitive ID="Ar0570105" BOX="24 319 811 374" ELEMENT_TYPE="Content" SEQ_NO="5" TOC_ENTRY_ID="73" DEPTH_LEVEL="1"/>
		<Primitive ID="Ar0570106" BOX="24 367 811 421" ELEMENT_TYPE="Content" SEQ_NO="6" TOC_ENTRY_ID="73" DEPTH_LEVEL="1"/>
		<Primitive ID="Ar0570107" BOX="24 413 811 467" ELEMENT_TYPE="Content" SEQ_NO="7" TOC_ENTRY_ID="73" DEPTH_LEVEL="1"/>
		<Primitive ID="Ar0570108" BOX="24 460 811 514" ELEMENT_TYPE="Content" SEQ_NO="8" TOC_ENTRY_ID="73" DEPTH_LEVEL="1"/>
		<Primitive ID="Ar0570109" BOX="24 506 811 561" ELEMENT_TYPE="Content" SEQ_NO="9" TOC_ENTRY_ID="73" DEPTH_LEVEL="1"/>
		<Primitive ID="Ar0570110" BOX="24 553 811 607" ELEMENT_TYPE="Content" SEQ_NO="10" TOC_ENTRY_ID="73" DEPTH_LEVEL="1"/>
		<Primitive ID="Ar0570111" BOX="24 599 811 653" ELEMENT_TYPE="Content" SEQ_NO="11" TOC_ENTRY_ID="73" DEPTH_LEVEL="1"/>
		<Primitive ID="Ar0570112" BOX="24 646 811 699" ELEMENT_TYPE="Content" SEQ_NO="12" TOC_ENTRY_ID="73" DEPTH_LEVEL="1"/>
		<Primitive ID="Ar0570113" BOX="24 693 811 746" ELEMENT_TYPE="Content" SEQ_NO="13" TOC_ENTRY_ID="73" DEPTH_LEVEL="1"/>
		<Primitive ID="Ar0570114" BOX="24 740 811 793" ELEMENT_TYPE="Content" SEQ_NO="14" TOC_ENTRY_ID="73" DEPTH_LEVEL="1"/>
		<Primitive ID="Ar0570115" BOX="24 787 811 840" ELEMENT_TYPE="Content" SEQ_NO="15" TOC_ENTRY_ID="73" DEPTH_LEVEL="1"/>
		<Primitive ID="Ar0570116" BOX="24 834 811 886" ELEMENT_TYPE="Content" SEQ_NO="16" TOC_ENTRY_ID="73" DEPTH_LEVEL="1"/>
		<Primitive ID="Ar0570117" BOX="24 881 811 933" ELEMENT_TYPE="Content" SEQ_NO="17" TOC_ENTRY_ID="73" DEPTH_LEVEL="1"/>
		<Primitive ID="Ar0570118" BOX="24 933 811 1035" ELEMENT_TYPE="Content" SEQ_NO="18" TOC_ENTRY_ID="73" DEPTH_LEVEL="1"/>
		<Primitive ID="Ar0570119" BOX="24 1025 811 1108" ELEMENT_TYPE="Content" SEQ_NO="19" TOC_ENTRY_ID="73" DEPTH_LEVEL="1"/>
		<Primitive ID="Ar0570120" BOX="24 1098 811 1164" ELEMENT_TYPE="Content" SEQ_NO="20" TOC_ENTRY_ID="73" DEPTH_LEVEL="1"/>
		<Primitive ID="Ar0570121" BOX="24 1164 811 1214" ELEMENT_TYPE="Content" SEQ_NO="21" TOC_ENTRY_ID="73" DEPTH_LEVEL="1"/>
	</Entity>
</XMD-PAGE>