<?xml version="1.0" encoding="windows-1252" standalone="no"?>
<XMD-entity REPOSITORY_FORMAT="1.0" PRXML_VER="2.0" ENTITY_TYPE="Article" DOC_UID="EWJ_01/04/1858" DOC_VER="1" FIRST_TOC_ENTRY_ID="61" DEPTH_LEVEL="1" INDEX_IN_DOC="108" PAGE_NO="50" ID="Ar05001" BOX="24 12 811 92" LANGUAGE="English" SNP="Ar05001S.png" SNP_WIDTH="788" SNP_HEIGHT="80" LOGICAL_NAME="true">
	<Meta NAME="122 ILLUSTRATIONS OF EVEEY-DAY LIFE." DESCRIPTION="" SUBTYPE="" BASE_HREF="EWJ/1858/04/01" SOURCE_TYPE="TIFF" PUBLICATION="EWJ" SECTION="None" ISSUE_DATE="01/04/1858" WORDCNT="6" RELEASE_NO="041-EWJ-1858-04-01-001-SINGLE" PAGE_ID="" PAGE_TYPE="Single" PAGE_WIDTH="823" PAGE_HEIGHT="1239" DEFAULT_IMG_EXT="png" PDF_DESTINATION_MAPPED="OLV0_Entity_0050_0002" IMAGES_RESOLUTION="86" XMD_VER="2.6.238.8" PAGE_LABEL="122"/>
	<Link SOURCE="041-EWJ-1858-04-01-001-SINGLE.PDF" FIRST_ID="Ar00200" LAST_ID="Ar07201" NEXT_ID="" PREV_ID="Ar05000" TOC_ID="d:/Olive/Repository/EWJ/1858/04/01/TOC.xml"/>
	<DataFiles>
		<Files TYPE="DOC_PDF" PRESENT="1"/>
		<Files TYPE="PAGE_PDF" PRESENT="0"/>
		<Files TYPE="DOC_IMG" PRESENT="0"/>
		<Files TYPE="PAGE_IMG" PRESENT="0"/>
		<Files TYPE="PAGE_VIEW_IMG" PRESENT="1"/>
		<Files TYPE="PAGE_PREVIEW_IMG" PRESENT="1"/>
		<Files TYPE="PRIMITIVE_IMG" PRESENT="1"/>
		<Files TYPE="SNIPPET_IMG" PRESENT="1"/>
	</DataFiles>
	<Content>
		<Primitive BOX="24 12 811 92" ID="Ar0500100" SEQ_NO="0" TOC_ENTRY_ID="61" DEPTH_LEVEL="1">
			<L BOX="97 54 639 86"/>
			<W BOX="97 62 132 86" STYLE_REF="7">122</W>
			<Q BOX="243 59 293 83" STYLE_REF="7" QID="1" M="2 * ">ILLU</Q>
			<q BOX="293 58 402 81" STYLE_REF="7" QID="1">STRATIONS</q>
			<QW QID="1">_ILLUSTRATIONS</QW>
			<W BOX="416 56 443 80" STYLE_REF="7">OF</W>
			<Q BOX="455 55 523 79" STYLE_REF="7" QID="2">EVEEY</Q>
			<Q BOX="523 55 529 79" STYLE_REF="7" LH="y" QID="2">-</Q>
			<q BOX="529 55 574 79" STYLE_REF="7" QID="2">DAY</q>
			<QW QID="2">EVEEY-DAY</QW>
			<W BOX="585 54 633 78" STYLE_REF="7" NS="y">LIFE</W>
			<W BOX="633 54 639 78" STYLE_REF="7">.</W>
		</Primitive>
	</Content>
	<TOC_Entries><TOC_Entry TOC_ENTRY_ID="107" TITLE="122 ILLUSTRATIONS OF EVEEY-DAY LIFE." ENTITY_ID_REF="Ar05001" PAGE_NO="50" PAGE_LABEL="122" PRIM_ID_REF="Ar0500100" IS_IC="true"/></TOC_Entries></XMD-entity>
