<?xml version="1.0" encoding="windows-1252" standalone="no"?>
<XMD-entity REPOSITORY_FORMAT="1.0" PRXML_VER="2.0" ENTITY_TYPE="Article" FIRST_TOC_ENTRY_ID="57" DEPTH_LEVEL="1" INDEX_IN_DOC="103" PAGE_NO="50" ID="Ar05000" BOX="54 92 811 1214" LANGUAGE="English" CONTINUATION_TO="Ar05100" CONTINUATION_FROM="Ar04900" LOGICAL_NAME="true">
	<Meta NAME="~ ^U - , just There as trul is a y commo..." DESCRIPTION="" SUBTYPE="" BASE_HREF="EWJ/1858/04/01" SOURCE_TYPE="TIFF" PUBLICATION="EWJ" SECTION="None" ISSUE_DATE="01/04/1858" WORDCNT="643" RELEASE_NO="041-EWJ-1858-04-01-001-SINGLE" PAGE_ID="" PAGE_TYPE="Single" PAGE_WIDTH="823" PAGE_HEIGHT="1239" DEFAULT_IMG_EXT="png" PDF_DESTINATION_MAPPED="OLV0_Entity_0050_0001" IMAGES_RESOLUTION="86" XMD_VER="2.6.238.8" PAGE_LABEL="122"/>
	<Link SOURCE="041-EWJ-1858-04-01-001-SINGLE.PDF" FIRST_ID="Ar00200" LAST_ID="Ar07201" NEXT_ID="Ar05001" PREV_ID="" TOC_ID="d:/Olive/Repository/EWJ/1858/04/01/TOC.xml"/>
	<DataFiles>
		<Files TYPE="DOC_PDF" PRESENT="1"/>
		<Files TYPE="PAGE_PDF" PRESENT="0"/>
		<Files TYPE="DOC_IMG" PRESENT="0"/>
		<Files TYPE="PAGE_IMG" PRESENT="0"/>
		<Files TYPE="PAGE_VIEW_IMG" PRESENT="1"/>
		<Files TYPE="PAGE_PREVIEW_IMG" PRESENT="1"/>
		<Files TYPE="PRIMITIVE_IMG" PRESENT="1"/>
		<Files TYPE="SNIPPET_IMG" PRESENT="1"/>
	</DataFiles>
	<Content>
		<Primitive BOX="54 92 811 142" ID="Ar0500000" SEQ_NO="0" TOC_ENTRY_ID="57" DEPTH_LEVEL="1">
			<L BOX="96 92 782 151"/>
			<W BOX="96 102 159 128" STYLE_REF="1">habits</W>
			<W BOX="97 125 118 151" STYLE_REF="1">in</W>
			<W BOX="126 124 189 151" STYLE_REF="1">Sacred</W>
			<W BOX="172 101 188 128" STYLE_REF="1">of</W>
			<W BOX="197 123 244 149" STYLE_REF="1">Writ</W>
			<W BOX="198 101 231 127" STYLE_REF="1">the</W>
			<W BOX="240 100 288 126" STYLE_REF="1">peop</W>
			<W BOX="263 122 283 149" STYLE_REF="1">or</W>
			<W BOX="287 99 306 125" STYLE_REF="1">le</W>
			<W BOX="295 120 312 147" STYLE_REF="1">in</W>
			<W BOX="313 97 353 124" STYLE_REF="1">who</W>
			<W BOX="319 119 367 146" STYLE_REF="1">short</W>
			<W BOX="363 97 396 124" STYLE_REF="1">use</W>
			<W BOX="370 120 375 146" STYLE_REF="1">,</W>
			<W BOX="380 118 471 145" STYLE_REF="1">whatever</W>
			<W BOX="407 96 457 122" STYLE_REF="1" NS="y">them</W>
			<W BOX="459 96 464 122" STYLE_REF="1">,</W>
			<W BOX="472 95 521 121" STYLE_REF="1">their</W>
			<Q BOX="476 118 501 144" STYLE_REF="1" QID="1">mi</Q>
			<Q BOX="502 118 515 145" STYLE_REF="1" QID="1">g</Q>
			<q BOX="514 117 535 144" STYLE_REF="1" QID="1">ht</q>
			<QW QID="1">might</QW>
			<W BOX="531 94 631 121" STYLE_REF="1">connexion</W>
			<W BOX="543 117 562 144" STYLE_REF="1">in</W>
			<W BOX="568 117 604 144" STYLE_REF="1">any</W>
			<W BOX="608 115 649 142" STYLE_REF="1">way</W>
			<W BOX="640 93 686 119" STYLE_REF="1">with</W>
			<Q BOX="653 115 695 142" STYLE_REF="1" QID="2">mak</Q>
			<q BOX="696 114 706 141" STYLE_REF="1" QID="2">e</q>
			<QW QID="2">make</QW>
			<W BOX="696 92 782 118" STYLE_REF="1">passages</W>
			<W BOX="713 114 747 141" STYLE_REF="1">the</W>
			<Q BOX="754 114 773 140" STYLE_REF="1" QID="3">in</Q>
			<Q BOX="773 114 782 140" STYLE_REF="1" LH="y" QID="3">-</Q>
			<L BOX="248 122 253 149"/>
			<q BOX="248 122 253 149" STYLE_REF="1" QID="3">;</q>
			<QW QID="3">in-;</QW>
		</Primitive>
		<Primitive BOX="54 130 811 194" ID="Ar0500001" SEQ_NO="1" TOC_ENTRY_ID="57" DEPTH_LEVEL="1">
			<L BOX="98 121 781 196"/>
			<W BOX="98 147 187 173" STYLE_REF="1">struction</W>
			<W BOX="98 169 147 196" STYLE_REF="1">wide</W>
			<W BOX="157 168 197 195" STYLE_REF="1">field</W>
			<W BOX="195 145 215 172" STYLE_REF="1">to</W>
			<W BOX="210 168 227 194" STYLE_REF="1">of</W>
			<W BOX="221 145 244 172" STYLE_REF="1">be</W>
			<W BOX="237 166 336 192" STYLE_REF="1">usefulness</W>
			<W BOX="252 143 344 170" STYLE_REF="1">conveyed</W>
			<W BOX="285 121 289 148" STYLE_REF="1">,</W>
			<W BOX="348 141 398 168" STYLE_REF="1">more</W>
			<W BOX="350 164 420 191" STYLE_REF="1">opened</W>
			<W BOX="406 141 458 168" STYLE_REF="1">comp</W>
			<W BOX="432 162 459 189" STYLE_REF="1">for</W>
			<W BOX="457 140 495 167" STYLE_REF="1">lete</W>
			<W BOX="472 162 540 189" STYLE_REF="1">talents</W>
			<W BOX="500 140 519 167" STYLE_REF="1">or</W>
			<W BOX="524 139 574 166" STYLE_REF="1">more</W>
			<W BOX="546 162 586 188" STYLE_REF="1">that</W>
			<W BOX="578 138 660 165" STYLE_REF="1">inviting</W>
			<W BOX="593 161 640 187" STYLE_REF="1">have</W>
			<W BOX="646 160 726 186" STYLE_REF="1">hitherto</W>
			<W BOX="660 138 667 165" STYLE_REF="1">.</W>
			<W BOX="686 137 737 163" STYLE_REF="1">Here</W>
			<W BOX="734 159 780 186" STYLE_REF="1">been</W>
			<W BOX="745 137 761 163" STYLE_REF="1">is</W>
			<W BOX="769 137 781 163" STYLE_REF="1">a</W>
			<L BOX="652 181 767 209"/>
			<Q BOX="652 182 671 209" STYLE_REF="1" QID="4">fil</Q>
			<q BOX="720 181 767 208" STYLE_REF="1" QID="4">rarel</q>
			<QW QID="4">filrarel</QW>
		</Primitive>
		<Primitive BOX="54 182 811 278" ID="Ar0500002" SEQ_NO="2" TOC_ENTRY_ID="57" DEPTH_LEVEL="1">
			<L BOX="99 182 781 218"/>
			<W BOX="99 191 172 218" STYLE_REF="1">content</W>
			<W BOX="180 191 200 217" STYLE_REF="1">to</W>
			<W BOX="205 189 261 216" STYLE_REF="1">waste</W>
			<Q BOX="267 188 290 215" STYLE_REF="1" QID="5">th</Q>
			<q BOX="289 187 375 214" STYLE_REF="1" QID="5">emselves</q>
			<QW QID="5">themselves</QW>
			<W BOX="382 186 401 213" STYLE_REF="1">in</W>
			<W BOX="407 185 496 212" STYLE_REF="1">adorning</W>
			<W BOX="502 184 574 211" STYLE_REF="1">albums</W>
			<W BOX="577 184 596 210" STYLE_REF="1">or</W>
			<W BOX="602 184 644 210" STYLE_REF="1">over</W>
			<W BOX="672 182 713 209" STYLE_REF="1">ling</W>
			<W BOX="767 182 781 208" STYLE_REF="1">y</W>
			<L BOX="98 203 782 281"/>
			<W BOX="98 237 133 263" STYLE_REF="1">but</W>
			<Q BOX="99 214 123 241" STYLE_REF="1" QID="6">op</Q>
			<q BOX="123 214 168 241" STYLE_REF="1" QID="6">ened</q>
			<QW QID="6">opened</QW>
			<W BOX="147 235 191 262" STYLE_REF="1">even</W>
			<W BOX="174 212 270 238" STYLE_REF="1">portfolios</W>
			<W BOX="206 234 288 260" STYLE_REF="1">accurate</W>
			<W BOX="273 211 278 238" STYLE_REF="1">;</W>
			<W BOX="277 255 303 281" STYLE_REF="1">art</W>
			<W BOX="286 210 312 237" STYLE_REF="1">for</W>
			<W BOX="302 231 440 258" STYLE_REF="1">reproductions</W>
			<W BOX="311 254 329 281" STYLE_REF="1">of</W>
			<W BOX="318 209 351 236" STYLE_REF="1">not</W>
			<W BOX="334 254 366 281" STYLE_REF="1">the</W>
			<Q BOX="355 209 388 235" STYLE_REF="1" QID="7">onl</Q>
			<q BOX="386 209 399 235" STYLE_REF="1" QID="7">y</q>
			<QW QID="7">only</QW>
			<W BOX="404 208 430 235" STYLE_REF="1">ori</W>
			<W BOX="417 253 442 280" STYLE_REF="1">ist</W>
			<Q BOX="432 209 445 235" STYLE_REF="1" QID="8">g</Q>
			<q BOX="444 207 483 234" STYLE_REF="1" QID="8">inal</q>
			<QW QID="8">ginal</QW>
			<W BOX="452 230 471 256" STYLE_REF="1">in</W>
			<W BOX="456 252 484 279" STYLE_REF="1">mi</W>
			<W BOX="486 230 518 256" STYLE_REF="1">the</W>
			<W BOX="488 207 571 234" STYLE_REF="1">sketches</W>
			<W BOX="493 252 515 279" STYLE_REF="1">ht</W>
			<W BOX="521 252 584 279" STYLE_REF="1">equall</W>
			<W BOX="530 230 571 256" STYLE_REF="1">case</W>
			<W BOX="577 206 621 233" STYLE_REF="1">from</W>
			<W BOX="584 230 600 256" STYLE_REF="1">of</W>
			<W BOX="600 251 623 278" STYLE_REF="1">be</W>
			<W BOX="608 228 659 255" STYLE_REF="1">those</W>
			<W BOX="627 206 660 232" STYLE_REF="1">the</W>
			<W BOX="628 251 680 278" STYLE_REF="1">made</W>
			<W BOX="663 205 713 232" STYLE_REF="1">more</W>
			<Q BOX="667 227 674 253" STYLE_REF="1" LH="y" QID="9">-</Q>
			<q BOX="673 227 708 253" STYLE_REF="1" QID="9">who</q>
			<QW QID="9">-who</QW>
			<W BOX="687 249 774 276" STYLE_REF="1">available</W>
			<W BOX="717 205 731 232" STYLE_REF="1">g</W>
			<W BOX="718 227 741 254" STYLE_REF="1">do</W>
			<W BOX="730 204 772 231" STYLE_REF="1">ifted</W>
			<W BOX="748 226 781 253" STYLE_REF="1">not</W>
			<W BOX="775 203 782 230" STYLE_REF="1">,</W>
		</Primitive>
		<Primitive BOX="54 266 811 329" ID="Ar0500003" SEQ_NO="3" TOC_ENTRY_ID="57" DEPTH_LEVEL="1">
			<L BOX="98 249 786 307"/>
			<W BOX="98 281 136 307" STYLE_REF="1">Nor</W>
			<Q BOX="98 260 131 286" STYLE_REF="1" QID="10">asp</Q>
			<q BOX="130 258 157 285" STYLE_REF="1" QID="10">ire</q>
			<QW QID="10">aspire</QW>
			<W BOX="143 281 160 307" STYLE_REF="1">is</W>
			<W BOX="162 257 234 284" STYLE_REF="1">beyond</W>
			<W BOX="167 281 181 307" STYLE_REF="1">it</W>
			<W BOX="188 279 276 306" STYLE_REF="1">painting</W>
			<W BOX="239 256 275 283" STYLE_REF="1">the</W>
			<W BOX="279 277 331 304" STYLE_REF="1">alone</W>
			<W BOX="337 277 378 303" STYLE_REF="1">that</W>
			<W BOX="371 254 417 281" STYLE_REF="1">copy</W>
			<W BOX="385 276 416 303" STYLE_REF="1">can</W>
			<W BOX="425 275 490 302" STYLE_REF="1">render</W>
			<W BOX="443 254 448 280" STYLE_REF="1">,</W>
			<W BOX="482 254 495 280" STYLE_REF="1">g</W>
			<W BOX="498 275 526 302" STYLE_REF="1" NS="y">aid</W>
			<W BOX="528 275 534 301" STYLE_REF="1">,</W>
			<W BOX="542 274 569 301" STYLE_REF="1" NS="y">for</W>
			<W BOX="571 274 576 301" STYLE_REF="1">,</W>
			<W BOX="581 252 594 279" STYLE_REF="1">y</W>
			<W BOX="585 274 603 301" STYLE_REF="1">as</W>
			<W BOX="611 274 621 301" STYLE_REF="1">a</W>
			<Q BOX="628 274 641 301" STYLE_REF="1" QID="11">p</Q>
			<q BOX="641 273 699 299" STYLE_REF="1" QID="11">icture</q>
			<QW QID="11">picture</QW>
			<Q BOX="708 273 722 299" STYLE_REF="1" QID="12">g</Q>
			<q BOX="721 271 760 298" STYLE_REF="1" QID="12">ives</q>
			<QW QID="12">gives</QW>
			<W BOX="770 271 782 298" STYLE_REF="1">a</W>
			<W BOX="776 249 786 276" STYLE_REF="1">.</W>
			<L BOX="99 294 782 330"/>
			<W BOX="99 303 166 330" STYLE_REF="1">clearer</W>
			<W BOX="174 302 214 329" STYLE_REF="1">idea</W>
			<W BOX="223 302 239 328" STYLE_REF="1">of</W>
			<W BOX="248 301 315 327" STYLE_REF="1">visible</W>
			<W BOX="322 299 383 326" STYLE_REF="1">things</W>
			<W BOX="390 299 435 325" STYLE_REF="1">than</W>
			<W BOX="442 298 478 324" STYLE_REF="1">any</W>
			<W BOX="486 297 548 324" STYLE_REF="1">verbal</W>
			<Q BOX="557 297 614 323" STYLE_REF="1" QID="13">descri</Q>
			<Q BOX="614 297 627 324" STYLE_REF="1" QID="13">p</Q>
			<q BOX="627 296 666 322" STYLE_REF="1" QID="13">tion</q>
			<QW QID="13">description</QW>
			<W BOX="678 295 710 322" STYLE_REF="1">can</W>
			<W BOX="725 295 748 321" STYLE_REF="1" NS="y">do</W>
			<W BOX="749 294 754 321" STYLE_REF="1">,</W>
			<W BOX="762 294 782 321" STYLE_REF="1">so</W>
			<L BOX="560 318 683 345"/>
			<W BOX="560 319 652 345" STYLE_REF="1">vividness</W>
			<W BOX="657 318 683 344" STYLE_REF="1">far</W>
		</Primitive>
		<Primitive BOX="54 317 811 409" ID="Ar0500004" SEQ_NO="4" TOC_ENTRY_ID="57" DEPTH_LEVEL="1">
			<L BOX="98 317 782 353"/>
			<W BOX="98 326 151 353" STYLE_REF="1">there</W>
			<W BOX="159 325 174 351" STYLE_REF="1">is</W>
			<W BOX="182 324 257 351" STYLE_REF="1">another</W>
			<W BOX="265 323 310 349" STYLE_REF="1">kind</W>
			<W BOX="317 322 334 349" STYLE_REF="1">of</W>
			<W BOX="341 321 484 347" STYLE_REF="1">representation</W>
			<W BOX="491 319 553 346" STYLE_REF="1">whose</W>
			<Q BOX="691 317 734 344" STYLE_REF="1" QID="14">surp</Q>
			<q BOX="734 317 782 344" STYLE_REF="1" QID="14">asses</q>
			<QW QID="14">surpasses</QW>
			<L BOX="98 340 782 413"/>
			<W BOX="98 349 138 376" STYLE_REF="1">that</W>
			<Q BOX="98 371 107 398" STYLE_REF="1" QID="15">i</Q>
			<q BOX="106 374 119 397" STYLE_REF="7" QID="15">n</q>
			<QW QID="15">in</QW>
			<W BOX="127 374 167 397" STYLE_REF="7">wax</W>
			<W BOX="146 348 163 375" STYLE_REF="1">of</W>
			<W BOX="168 371 173 398" STYLE_REF="1">,</W>
			<W BOX="171 348 207 375" STYLE_REF="1">any</W>
			<W BOX="182 370 205 397" STYLE_REF="1">an</W>
			<W BOX="214 348 227 375" STYLE_REF="1">p</W>
			<W BOX="218 369 290 396" STYLE_REF="1">accomp</W>
			<W BOX="227 346 298 373" STYLE_REF="1">ictorial</W>
			<W BOX="290 367 375 394" STYLE_REF="1">lishment</W>
			<W BOX="307 344 415 371" STYLE_REF="1">delineation</W>
			<W BOX="384 367 445 393" STYLE_REF="1">whose</W>
			<W BOX="415 344 421 371" STYLE_REF="1">.</W>
			<W BOX="433 343 466 370" STYLE_REF="1">We</W>
			<W BOX="456 366 491 393" STYLE_REF="1">app</W>
			<W BOX="475 342 535 369" STYLE_REF="1">allude</W>
			<W BOX="491 365 565 391" STYLE_REF="1">lication</W>
			<W BOX="543 342 562 368" STYLE_REF="1">to</W>
			<W BOX="569 341 669 368" STYLE_REF="1">modelling</W>
			<W BOX="576 365 608 391" STYLE_REF="1">has</W>
			<W BOX="617 364 636 390" STYLE_REF="1">in</W>
			<W BOX="621 386 685 413" STYLE_REF="1">caused</W>
			<W BOX="650 363 722 390" STYLE_REF="1">general</W>
			<W BOX="669 341 675 368" STYLE_REF="1">,</W>
			<W BOX="682 340 768 366" STYLE_REF="1">especiall</W>
			<W BOX="697 385 712 412" STYLE_REF="1">it</W>
			<W BOX="726 385 746 412" STYLE_REF="1">to</W>
			<W BOX="735 362 781 389" STYLE_REF="1">been</W>
			<W BOX="758 385 782 412" STYLE_REF="1">be</W>
			<W BOX="768 340 781 366" STYLE_REF="1">y</W>
		</Primitive>
		<Primitive BOX="54 397 811 487" ID="Ar0500005" SEQ_NO="5" TOC_ENTRY_ID="57" DEPTH_LEVEL="1">
			<L BOX="99 387 779 443"/>
			<W BOX="99 394 119 421" STYLE_REF="1">so</W>
			<W BOX="100 417 165 443" STYLE_REF="1">almost</W>
			<W BOX="132 393 219 420" STYLE_REF="1">singularl</W>
			<W BOX="177 415 245 442" STYLE_REF="1">classed</W>
			<W BOX="220 393 231 419" STYLE_REF="1">y</W>
			<W BOX="240 391 274 418" STYLE_REF="1">and</W>
			<W BOX="288 391 307 418" STYLE_REF="1">so</W>
			<W BOX="317 389 407 416" STYLE_REF="1">needlessl</W>
			<W BOX="334 412 383 439" STYLE_REF="1">mere</W>
			<W BOX="392 411 487 438" STYLE_REF="1">frivolities</W>
			<W BOX="405 389 418 416" STYLE_REF="1">y</W>
			<W BOX="425 388 496 415" STYLE_REF="1">limited</W>
			<W BOX="487 411 493 438" STYLE_REF="1">.</W>
			<W BOX="503 410 507 437" STYLE_REF="1">.</W>
			<W BOX="508 387 526 414" STYLE_REF="1">as</W>
			<W BOX="514 410 542 437" STYLE_REF="1">Its</W>
			<W BOX="536 387 555 414" STYLE_REF="1">to</W>
			<W BOX="552 411 586 437" STYLE_REF="1">app</W>
			<W BOX="566 387 612 414" STYLE_REF="1">have</W>
			<Q BOX="586 409 649 436" STYLE_REF="1" QID="16">licabil</Q>
			<q BOX="649 409 676 435" STYLE_REF="1" QID="16">ity</q>
			<QW QID="16">licability</QW>
			<W BOX="684 409 703 435" STYLE_REF="1">to</W>
			<W BOX="712 408 779 434" STYLE_REF="1">objects</W>
			<L BOX="99 414 782 488"/>
			<W BOX="99 462 180 488" STYLE_REF="1">absolute</W>
			<W BOX="99 439 117 466" STYLE_REF="1">of</W>
			<W BOX="130 438 180 465" STYLE_REF="1">great</W>
			<W BOX="185 437 292 464" STYLE_REF="1">usefulness</W>
			<W BOX="195 459 285 486" STYLE_REF="1">necessity</W>
			<W BOX="258 414 322 440" STYLE_REF="1">among</W>
			<W BOX="297 457 339 484" STYLE_REF="1">that</W>
			<W BOX="308 435 325 461" STYLE_REF="1">is</W>
			<W BOX="338 435 384 461" STYLE_REF="1">reall</W>
			<W BOX="349 457 425 483" STYLE_REF="1">because</W>
			<W BOX="382 435 395 462" STYLE_REF="1">y</W>
			<W BOX="402 433 448 460" STYLE_REF="1">very</W>
			<W BOX="436 456 483 483" STYLE_REF="1">Miss</W>
			<W BOX="459 433 500 460" STYLE_REF="1">exte</W>
			<W BOX="494 455 571 482" STYLE_REF="1">Evelina</W>
			<W BOX="501 432 553 459" STYLE_REF="1" NS="y">nsive</W>
			<W BOX="557 432 562 459" STYLE_REF="1">;</W>
			<W BOX="574 432 601 459" STYLE_REF="1">for</W>
			<W BOX="584 454 640 481" STYLE_REF="1">Smith</W>
			<W BOX="613 431 665 458" STYLE_REF="1">there</W>
			<W BOX="655 454 695 480" STYLE_REF="1">emp</W>
			<W BOX="677 431 708 458" STYLE_REF="1">can</W>
			<W BOX="695 453 736 480" STYLE_REF="1">loys</W>
			<W BOX="722 430 746 457" STYLE_REF="1">be</W>
			<W BOX="749 452 782 478" STYLE_REF="1">her</W>
			<W BOX="757 430 782 457" STYLE_REF="1">no</W>
		</Primitive>
		<Primitive BOX="54 475 811 532" ID="Ar0500006" SEQ_NO="6" TOC_ENTRY_ID="57" DEPTH_LEVEL="1">
			<L BOX="98 475 784 533"/>
			<W BOX="98 506 139 533" STYLE_REF="1">that</W>
			<Q BOX="99 485 113 511" STYLE_REF="1" QID="17">p</Q>
			<Q BOX="113 487 125 511" STYLE_REF="7" QID="17">a</Q>
			<Q BOX="124 483 132 510" STYLE_REF="1" QID="17">i</Q>
			<Q BOX="131 486 144 509" STYLE_REF="7" QID="17">n</Q>
			<q BOX="144 483 153 510" STYLE_REF="1" QID="17">t</q>
			<QW QID="17">paint</QW>
			<W BOX="146 505 234 531" STYLE_REF="1">therefore</W>
			<Q BOX="160 486 182 509" STYLE_REF="7" QID="18">an</Q>
			<q BOX="183 483 195 510" STYLE_REF="1" QID="18">d</q>
			<QW QID="18">and</QW>
			<Q BOX="203 484 224 508" STYLE_REF="7" QID="19">sc</Q>
			<Q BOX="222 482 231 509" STYLE_REF="1" QID="19">i</Q>
			<q BOX="230 484 275 507" STYLE_REF="7" QID="19">ssars</q>
			<QW QID="19">scissars</QW>
			<W BOX="242 503 289 529" STYLE_REF="1">Miss</W>
			<W BOX="284 483 334 507" STYLE_REF="7">mere</W>
			<W BOX="296 502 380 529" STYLE_REF="1">Arabella</W>
			<Q BOX="333 480 342 507" STYLE_REF="1" QID="20">l</Q>
			<q BOX="340 480 353 507" STYLE_REF="1" QID="20">y</q>
			<QW QID="20">ly</QW>
			<W BOX="361 479 380 505" STYLE_REF="1">to</W>
			<W BOX="387 479 434 505" STYLE_REF="1">form</W>
			<Q BOX="393 501 405 528" STYLE_REF="1" QID="21">J</Q>
			<q BOX="406 501 447 527" STYLE_REF="1" QID="21">ones</q>
			<QW QID="21">Jones</QW>
			<W BOX="442 478 480 505" STYLE_REF="1">cam</W>
			<W BOX="461 500 525 527" STYLE_REF="1">should</W>
			<W BOX="482 478 532 504" STYLE_REF="1" NS="y">ellias</W>
			<W BOX="534 478 539 505" STYLE_REF="1">,</W>
			<W BOX="539 499 607 526" STYLE_REF="1">confine</W>
			<W BOX="547 477 582 504" STYLE_REF="1">and</W>
			<W BOX="589 476 666 503" STYLE_REF="1">fuchsias</W>
			<W BOX="616 499 685 525" STYLE_REF="1">herself</W>
			<W BOX="669 476 674 503" STYLE_REF="1">,</W>
			<W BOX="683 475 718 502" STYLE_REF="1">and</W>
			<W BOX="695 498 714 525" STYLE_REF="1">to</W>
			<W BOX="725 497 774 524" STYLE_REF="1">lilies</W>
			<W BOX="726 475 775 501" STYLE_REF="1">lilies</W>
			<W BOX="776 497 784 524" STYLE_REF="1">,</W>
			<W BOX="776 475 783 502" STYLE_REF="1">,</W>
			<L BOX="638 520 782 548"/>
			<W BOX="638 522 663 548" STYLE_REF="1">all</W>
			<Q BOX="670 521 717 547" STYLE_REF="1" QID="22">filled</Q>
			<q BOX="738 520 782 547" STYLE_REF="1" QID="22">each</q>
			<QW QID="22">filledeach</QW>
		</Primitive>
		<Primitive BOX="54 521 811 592" ID="Ar0500007" SEQ_NO="7" TOC_ENTRY_ID="57" DEPTH_LEVEL="1">
			<L BOX="100 520 727 556"/>
			<W BOX="100 529 136 556" STYLE_REF="1">and</W>
			<Q BOX="143 528 220 554" STYLE_REF="1" QID="23">fuchsias</Q>
			<q BOX="238 526 273 553" STYLE_REF="1" QID="23">and</q>
			<QW QID="23">fuchsiasand</QW>
			<W BOX="282 525 372 551" STYLE_REF="1" NS="y">camellias</W>
			<W BOX="373 524 378 550" STYLE_REF="1">,</W>
			<W BOX="391 524 425 550" STYLE_REF="1">and</W>
			<W BOX="433 522 488 549" STYLE_REF="1">when</W>
			<W BOX="500 522 531 549" STYLE_REF="1">the</W>
			<W BOX="538 522 590 549" STYLE_REF="1">vases</W>
			<W BOX="600 522 629 549" STYLE_REF="1">are</W>
			<W BOX="722 520 727 547" STYLE_REF="1">,</W>
			<L BOX="99 527 784 596"/>
			<Q BOX="99 552 138 578" STYLE_REF="1" QID="24">tabl</Q>
			<q BOX="139 552 149 578" STYLE_REF="1" QID="24">e</q>
			<QW QID="24">table</QW>
			<W BOX="156 550 189 577" STYLE_REF="1">has</W>
			<W BOX="197 549 220 576" STYLE_REF="1">its</W>
			<W BOX="225 527 230 554" STYLE_REF="1">,</W>
			<Q BOX="229 548 287 575" STYLE_REF="1" QID="25">centre</Q>
			<Q BOX="287 548 295 575" STYLE_REF="1" LH="y" QID="25">-</Q>
			<Q BOX="295 548 308 575" STYLE_REF="1" QID="25">p</Q>
			<q BOX="309 547 347 574" STYLE_REF="1" QID="25">iece</q>
			<QW QID="25">centre-piece</QW>
			<W BOX="331 569 347 596" STYLE_REF="1">is</W>
			<W BOX="349 547 353 573" STYLE_REF="1">,</W>
			<W BOX="365 546 408 573" STYLE_REF="1">each</W>
			<W BOX="402 569 439 595" STYLE_REF="1">lied</W>
			<Q BOX="417 546 432 573" STYLE_REF="1" QID="26">sl</Q>
			<q BOX="433 546 454 572" STYLE_REF="1" QID="26">ab</q>
			<QW QID="26">slab</QW>
			<W BOX="454 568 507 594" STYLE_REF="1">shoul</W>
			<W BOX="463 545 488 572" STYLE_REF="1">its</W>
			<W BOX="498 545 561 572" STYLE_REF="1">basket</W>
			<W BOX="508 568 519 594" STYLE_REF="1">d</W>
			<W BOX="527 567 565 594" STYLE_REF="1">still</W>
			<W BOX="569 545 601 571" STYLE_REF="1">full</W>
			<W BOX="574 567 610 593" STYLE_REF="1">tint</W>
			<W BOX="604 544 609 571" STYLE_REF="1">,</W>
			<W BOX="617 566 690 593" STYLE_REF="1">another</W>
			<W BOX="621 544 656 571" STYLE_REF="1">and</W>
			<W BOX="669 543 724 570" STYLE_REF="1">every</W>
			<Q BOX="699 566 722 592" STYLE_REF="1" QID="27">Ti</Q>
			<q BOX="723 565 782 592" STYLE_REF="1" QID="27">gridia</q>
			<QW QID="27">Tigridia</QW>
			<Q BOX="732 543 765 570" STYLE_REF="1" QID="28">aun</Q>
			<q BOX="767 542 775 569" STYLE_REF="1" NS="y" QID="28">t</q>
			<QW QID="28">aunt</QW>
			<W BOX="776 543 784 570" STYLE_REF="1">,</W>
		</Primitive>
		<Primitive BOX="54 580 811 637" ID="Ar0500008" SEQ_NO="8" TOC_ENTRY_ID="57" DEPTH_LEVEL="1">
			<L BOX="100 569 782 623"/>
			<W BOX="100 596 121 623" STYLE_REF="1">or</W>
			<W BOX="100 574 136 600" STYLE_REF="1">and</W>
			<W BOX="137 596 198 622" STYLE_REF="1">mould</W>
			<W BOX="145 573 206 599" STYLE_REF="1" NS="y">cousin</W>
			<W BOX="208 572 213 599" STYLE_REF="1">,</W>
			<W BOX="210 594 244 621" STYLE_REF="1">one</W>
			<W BOX="222 572 257 598" STYLE_REF="1">and</W>
			<W BOX="256 593 306 620" STYLE_REF="1">more</W>
			<W BOX="265 570 321 597" STYLE_REF="1">friend</W>
			<W BOX="318 592 405 618" STYLE_REF="1">Japonica</W>
			<W BOX="356 569 402 596" STYLE_REF="1">supp</W>
			<W BOX="406 592 412 618" STYLE_REF="1">.</W>
			<W BOX="435 591 483 617" STYLE_REF="1">Dare</W>
			<W BOX="441 569 446 595" STYLE_REF="1">,</W>
			<W BOX="497 591 507 617" STYLE_REF="1">a</W>
			<W BOX="520 590 561 617" STYLE_REF="1">new</W>
			<W BOX="574 589 625 616" STYLE_REF="1">track</W>
			<W BOX="637 588 663 615" STYLE_REF="1">for</W>
			<W BOX="677 588 722 615" STYLE_REF="1" NS="y">once</W>
			<W BOX="723 588 727 615" STYLE_REF="1">,</W>
			<Q BOX="741 587 753 614" STYLE_REF="1" QID="29">d</Q>
			<q BOX="753 589 782 614" STYLE_REF="10" QID="29">ear</q>
			<QW QID="29">dear</QW>
			<L BOX="100 610 782 645"/>
			<Q BOX="100 618 186 645" STYLE_REF="1" QID="30">Arabella</Q>
			<q BOX="200 617 235 644" STYLE_REF="1" QID="30">and</q>
			<QW QID="30">Arabellaand</QW>
			<W BOX="243 616 288 642" STYLE_REF="1">raise</W>
			<W BOX="297 615 307 641" STYLE_REF="1">a</W>
			<Q BOX="315 614 370 641" STYLE_REF="1" QID="31">triflin</Q>
			<q BOX="372 614 384 641" STYLE_REF="1" QID="31">g</q>
			<QW QID="31">trifling</QW>
			<Q BOX="396 614 408 641" STYLE_REF="1" QID="32">g</Q>
			<q BOX="408 613 431 640" STYLE_REF="1" NS="y" QID="32">irl</q>
			<QW QID="32">girl</QW>
			<W BOX="431 613 437 640" STYLE_REF="1" NS="y">'</W>
			<W BOX="437 613 446 640" STYLE_REF="1">s</W>
			<Q BOX="456 613 514 639" STYLE_REF="1" QID="33" M="2 * ">piirsu</Q>
			<q BOX="512 612 526 639" STYLE_REF="1" QID="33">it</q>
			<QW QID="33">_piirsuit</QW>
			<W BOX="537 612 557 639" STYLE_REF="1">to</W>
			<W BOX="566 612 597 639" STYLE_REF="1">the</W>
			<Q BOX="604 612 622 639" STYLE_REF="1" QID="34">di</Q>
			<q BOX="623 612 675 638" STYLE_REF="1" QID="34">gnity</q>
			<QW QID="34">dignity</QW>
			<W BOX="683 611 701 637" STYLE_REF="1">of</W>
			<W BOX="712 610 782 637" STYLE_REF="1">earnest</W>
		</Primitive>
		<Primitive BOX="54 625 811 690" ID="Ar0500009" SEQ_NO="9" TOC_ENTRY_ID="57" DEPTH_LEVEL="1">
			<L BOX="100 618 783 668"/>
			<Q BOX="100 643 118 668" STYLE_REF="10" QID="35">w</Q>
			<Q BOX="118 641 130 668" STYLE_REF="1" QID="35">o</Q>
			<q BOX="129 643 170 668" STYLE_REF="10" NS="y" QID="35">man</q>
			<QW QID="35">woman</QW>
			<W BOX="171 640 178 667" STYLE_REF="1" NS="y">'</W>
			<W BOX="176 641 185 668" STYLE_REF="1">s</W>
			<W BOX="186 618 191 645" STYLE_REF="1">,</W>
			<W BOX="193 639 244 666" STYLE_REF="1" NS="y">work</W>
			<W BOX="244 639 250 666" STYLE_REF="1">.</W>
			<Q BOX="269 638 324 665" STYLE_REF="1" QID="36">Besid</Q>
			<q BOX="325 638 335 665" STYLE_REF="1" QID="36">e</q>
			<QW QID="36">Beside</QW>
			<W BOX="341 637 393 663" STYLE_REF="1">those</W>
			<W BOX="400 636 489 662" STYLE_REF="1">favourite</W>
			<W BOX="497 635 574 662" STYLE_REF="1">fuchsias</W>
			<W BOX="582 635 601 661" STYLE_REF="1">in</W>
			<W BOX="610 635 642 661" STYLE_REF="1">the</W>
			<W BOX="649 634 715 660" STYLE_REF="1">garden</W>
			<W BOX="724 633 783 660" STYLE_REF="1">grows</W>
			<L BOX="124 655 784 690"/>
			<W BOX="124 664 168 690" STYLE_REF="1">dark</W>
			<W BOX="181 662 219 689" STYLE_REF="1">tall</W>
			<Q BOX="230 661 289 688" STYLE_REF="1" QID="37">flower</Q>
			<q BOX="310 660 349 686" STYLE_REF="1" QID="37">dull</q>
			<QW QID="37">flowerdull</QW>
			<W BOX="361 660 378 686" STYLE_REF="1">of</W>
			<Q BOX="390 659 426 686" STYLE_REF="1" QID="38">hue</Q>
			<q BOX="443 658 477 685" STYLE_REF="1" QID="38">but</q>
			<QW QID="38">huebut</QW>
			<Q BOX="489 658 567 684" STYLE_REF="1" QID="39">curiousl</Q>
			<q BOX="569 658 581 685" STYLE_REF="1" QID="39">y</q>
			<QW QID="39">curiously</QW>
			<W BOX="594 656 684 683" STYLE_REF="1">beautiful</W>
			<W BOX="694 656 713 683" STYLE_REF="1">in</W>
			<W BOX="726 656 771 683" STYLE_REF="1" NS="y">form</W>
			<W BOX="777 655 784 682" STYLE_REF="1">;</W>
		</Primitive>
		<Primitive BOX="54 678 811 736" ID="Ar0500010" SEQ_NO="10" TOC_ENTRY_ID="57" DEPTH_LEVEL="1">
			<L BOX="100 659 783 713"/>
			<W BOX="100 686 117 713" STYLE_REF="1">it</W>
			<W BOX="101 664 111 690" STYLE_REF="1">a</W>
			<Q BOX="124 686 157 713" STYLE_REF="1" QID="40">wil</Q>
			<q BOX="157 686 164 712" STYLE_REF="1" QID="40">l</q>
			<QW QID="40">will</QW>
			<W BOX="177 685 213 712" STYLE_REF="1">test</W>
			<W BOX="225 684 272 710" STYLE_REF="1">your</W>
			<W BOX="279 683 379 709" STYLE_REF="1">modelling</W>
			<W BOX="292 661 297 687" STYLE_REF="1">,</W>
			<W BOX="386 682 458 708" STYLE_REF="1">powers</W>
			<W BOX="427 659 432 686" STYLE_REF="1">,</W>
			<W BOX="456 681 460 707" STYLE_REF="1">,</W>
			<W BOX="474 680 508 707" STYLE_REF="1">but</W>
			<W BOX="515 680 525 707" STYLE_REF="1">a</W>
			<W BOX="534 680 584 707" STYLE_REF="1">little</W>
			<W BOX="590 679 676 706" STYLE_REF="1">difficulty</W>
			<W BOX="687 678 730 705" STYLE_REF="1">will</W>
			<Q BOX="739 678 770 705" STYLE_REF="1" QID="41">onl</Q>
			<q BOX="769 679 783 706" STYLE_REF="1" QID="41">y</q>
			<QW QID="41">only</QW>
			<L BOX="101 701 784 736"/>
			<W BOX="101 709 182 736" STYLE_REF="1">enhance</W>
			<W BOX="189 707 222 734" STYLE_REF="1">the</W>
			<W BOX="241 706 309 733" STYLE_REF="1">leasure</W>
			<W BOX="319 705 336 732" STYLE_REF="1">of</W>
			<W BOX="349 704 419 731" STYLE_REF="1">success</W>
			<W BOX="440 704 476 730" STYLE_REF="1">and</W>
			<W BOX="483 703 537 730" STYLE_REF="1">when</W>
			<W BOX="547 703 561 729" STYLE_REF="1">it</W>
			<W BOX="574 703 590 729" STYLE_REF="1">is</W>
			<Q BOX="603 703 655 729" STYLE_REF="1" QID="42">comp</Q>
			<q BOX="654 702 691 728" STYLE_REF="1" NS="y" QID="42">lete</q>
			<QW QID="42">complete</QW>
			<W BOX="693 701 697 728" STYLE_REF="1">,</W>
			<W BOX="706 701 753 728" STYLE_REF="1">with</W>
			<W BOX="759 701 784 728" STYLE_REF="1">its</W>
		</Primitive>
		<Primitive BOX="54 724 811 771" ID="Ar0500011" SEQ_NO="11" TOC_ENTRY_ID="57" DEPTH_LEVEL="1">
			<L BOX="228 705 430 734"/>
			<W BOX="228 707 241 734" STYLE_REF="1" NS="y">p</W>
			<W BOX="425 705 430 732" STYLE_REF="1">;</W>
			<L BOX="101 724 784 780"/>
			<W BOX="101 732 116 758" STYLE_REF="1">g</W>
			<W BOX="102 753 120 780" STYLE_REF="1">of</W>
			<W BOX="114 731 162 758" STYLE_REF="1">lossy</W>
			<W BOX="129 753 162 780" STYLE_REF="1">the</W>
			<W BOX="172 730 217 757" STYLE_REF="1">deep</W>
			<W BOX="173 753 214 779" STYLE_REF="1">root</W>
			<W BOX="225 729 254 756" STYLE_REF="1">cut</W>
			<W BOX="226 752 258 778" STYLE_REF="1">too</W>
			<W BOX="262 728 322 755" STYLE_REF="1">leaves</W>
			<W BOX="274 751 294 778" STYLE_REF="1">to</W>
			<W BOX="300 751 325 778" STYLE_REF="1">lie</W>
			<W BOX="331 727 396 754" STYLE_REF="1">around</W>
			<W BOX="338 750 400 776" STYLE_REF="1">beside</W>
			<W BOX="406 727 422 753" STYLE_REF="1">it</W>
			<W BOX="412 749 426 775" STYLE_REF="1">it</W>
			<W BOX="423 727 428 753" STYLE_REF="1">,</W>
			<W BOX="441 749 455 775" STYLE_REF="1">if</W>
			<W BOX="441 726 477 753" STYLE_REF="1">and</W>
			<W BOX="469 748 506 775" STYLE_REF="1">you</W>
			<W BOX="478 726 483 753" STYLE_REF="1">,</W>
			<W BOX="495 726 509 752" STYLE_REF="1">if</W>
			<W BOX="513 748 557 774" STYLE_REF="1">will</W>
			<W BOX="520 725 589 752" STYLE_REF="1">possibl</W>
			<W BOX="554 748 560 774" STYLE_REF="1">,</W>
			<W BOX="572 747 615 774" STYLE_REF="1">send</W>
			<W BOX="590 725 602 752" STYLE_REF="1" NS="y">e</W>
			<W BOX="601 725 606 751" STYLE_REF="1">,</W>
			<W BOX="619 724 629 751" STYLE_REF="1">a</W>
			<W BOX="626 747 641 774" STYLE_REF="1">it</W>
			<W BOX="641 724 782 750" STYLE_REF="1">representation</W>
			<W BOX="652 747 672 774" STYLE_REF="1">to</W>
			<W BOX="684 747 716 773" STYLE_REF="1">the</W>
			<W BOX="727 747 784 773" STYLE_REF="1">South</W>
		</Primitive>
		<Primitive BOX="54 759 811 816" ID="Ar0500012" SEQ_NO="12" TOC_ENTRY_ID="57" DEPTH_LEVEL="1">
			<L BOX="102 751 784 822"/>
			<W BOX="102 775 216 802" STYLE_REF="1">Kensington</W>
			<W BOX="225 795 332 822" STYLE_REF="1">handiwork</W>
			<W BOX="229 773 313 800" STYLE_REF="1">Museum</W>
			<W BOX="257 751 262 778" STYLE_REF="1">,</W>
			<W BOX="314 773 321 799" STYLE_REF="1" NS="y">,</W>
			<W BOX="321 774 332 800" STYLE_REF="1">*</W>
			<W BOX="344 794 361 820" STYLE_REF="1">w</W>
			<W BOX="345 772 379 799" STYLE_REF="1">and</W>
			<W BOX="361 794 389 820" STYLE_REF="1">ith</W>
			<W BOX="393 772 429 799" STYLE_REF="1">hap</W>
			<W BOX="401 794 433 820" STYLE_REF="1">the</W>
			<Q BOX="429 771 437 798" STYLE_REF="1" QID="43">l</Q>
			<q BOX="436 772 449 798" STYLE_REF="1" QID="43">y</q>
			<QW QID="43">ly</QW>
			<W BOX="445 793 526 820" STYLE_REF="1">ominous</W>
			<W BOX="457 771 505 797" STYLE_REF="1">some</W>
			<W BOX="519 771 555 797" STYLE_REF="1">boy</W>
			<W BOX="540 786 550 813" STYLE_REF="1">li</W>
			<W BOX="557 793 622 819" STYLE_REF="1">Poison</W>
			<W BOX="562 770 604 796" STYLE_REF="1">who</W>
			<W BOX="615 770 662 796" STYLE_REF="1">shall</W>
			<W BOX="629 792 639 819" STYLE_REF="1">"</W>
			<W BOX="654 792 700 818" STYLE_REF="1">label</W>
			<W BOX="675 769 726 796" STYLE_REF="1">there</W>
			<W BOX="717 791 732 818" STYLE_REF="1">it</W>
			<W BOX="740 769 784 796" STYLE_REF="1">gaze</W>
			<W BOX="744 791 784 818" STYLE_REF="1">will</W>
		</Primitive>
		<Primitive BOX="54 804 811 892" ID="Ar0500013" SEQ_NO="13" TOC_ENTRY_ID="57" DEPTH_LEVEL="1">
			<L BOX="102 797 785 847"/>
			<W BOX="102 820 145 847" STYLE_REF="1">bear</W>
			<W BOX="102 798 152 825" STYLE_REF="1">upon</W>
			<W BOX="164 820 203 846" STYLE_REF="1">will</W>
			<W BOX="167 797 214 824" STYLE_REF="1">your</W>
			<W BOX="216 819 263 846" STYLE_REF="1">have</W>
			<W BOX="278 819 293 845" STYLE_REF="1">it</W>
			<W BOX="305 817 348 844" STYLE_REF="1">flash</W>
			<W BOX="364 817 413 843" STYLE_REF="1">upon</W>
			<W BOX="425 816 454 843" STYLE_REF="1">his</W>
			<W BOX="467 816 584 842" STYLE_REF="1">recollection</W>
			<W BOX="596 815 649 842" STYLE_REF="1">years</W>
			<W BOX="661 814 719 841" STYLE_REF="1">hence</W>
			<W BOX="730 814 785 841" STYLE_REF="1">when</W>
			<L BOX="102 822 784 892"/>
			<W BOX="102 843 125 869" STYLE_REF="1">he</W>
			<W BOX="103 866 127 892" STYLE_REF="1">its</W>
			<W BOX="141 843 182 869" STYLE_REF="1">may</W>
			<W BOX="142 864 275 891" STYLE_REF="1">remembrance</W>
			<W BOX="147 822 152 848" STYLE_REF="1">,</W>
			<W BOX="195 841 260 868" STYLE_REF="1">chance</W>
			<W BOX="277 840 326 867" STYLE_REF="1">upon</W>
			<W BOX="288 863 311 890" STYLE_REF="1">be</W>
			<W BOX="326 863 389 889" STYLE_REF="1">spared</W>
			<W BOX="340 840 372 867" STYLE_REF="1">the</W>
			<Q BOX="387 840 399 867" STYLE_REF="1" QID="44">p</Q>
			<q BOX="400 838 439 865" STYLE_REF="1" QID="44">lant</q>
			<QW QID="44">plant</QW>
			<W BOX="405 861 451 888" STYLE_REF="1">from</W>
			<W BOX="451 838 471 865" STYLE_REF="1">in</W>
			<W BOX="470 861 546 888" STYLE_REF="1">sending</W>
			<W BOX="484 838 532 865" STYLE_REF="1">some</W>
			<W BOX="546 838 573 865" STYLE_REF="1">far</W>
			<W BOX="562 860 601 887" STYLE_REF="1">into</W>
			<W BOX="587 838 609 864" STYLE_REF="1">off</W>
			<W BOX="617 860 674 887" STYLE_REF="1">eterni</W>
			<W BOX="624 837 691 864" STYLE_REF="1">garden</W>
			<Q BOX="675 860 682 887" STYLE_REF="1" QID="45">t</Q>
			<q BOX="682 860 694 886" STYLE_REF="1" QID="45">y</q>
			<QW QID="45">ty</QW>
			<W BOX="692 837 697 864" STYLE_REF="1">,</W>
			<W BOX="708 859 734 886" STYLE_REF="1">all</W>
			<W BOX="711 837 747 863" STYLE_REF="1">and</W>
			<W BOX="752 859 784 886" STYLE_REF="1">the</W>
			<Q BOX="759 837 771 863" STYLE_REF="1" QID="46">b</Q>
			<q BOX="771 837 783 864" STYLE_REF="1" QID="46">y</q>
			<QW QID="46">by</QW>
		</Primitive>
		<Primitive BOX="54 882 811 930" ID="Ar0500014" SEQ_NO="14" TOC_ENTRY_ID="57" DEPTH_LEVEL="1">
			<L BOX="103 882 787 937"/>
			<W BOX="103 910 128 937" STYLE_REF="1">Or</W>
			<W BOX="103 888 165 914" STYLE_REF="1">guests</W>
			<W BOX="165 909 195 936" STYLE_REF="1">out</W>
			<W BOX="172 887 190 914" STYLE_REF="1">of</W>
			<W BOX="199 887 209 913" STYLE_REF="1">a</W>
			<W BOX="204 909 238 936" STYLE_REF="1">and</W>
			<W BOX="218 886 281 912" STYLE_REF="1">dinner</W>
			<W BOX="247 908 309 935" STYLE_REF="1">gather</W>
			<Q BOX="281 886 289 912" STYLE_REF="1" LH="y" QID="47">-</Q>
			<q BOX="289 886 328 912" STYLE_REF="1" QID="47">part</q>
			<QW QID="47">-part</QW>
			<W BOX="317 908 361 934" STYLE_REF="1">from</W>
			<W BOX="329 886 342 912" STYLE_REF="1">y</W>
			<Q BOX="349 885 363 911" STYLE_REF="1" QID="48">b</Q>
			<q BOX="362 885 375 912" STYLE_REF="1" QID="48">y</q>
			<QW QID="48">by</QW>
			<W BOX="371 907 403 933" STYLE_REF="1">the</W>
			<W BOX="382 884 481 910" STYLE_REF="1">mistaking</W>
			<Q BOX="410 906 451 933" STYLE_REF="1" QID="49">road</Q>
			<Q BOX="451 906 459 933" STYLE_REF="1" LH="y" QID="49">-</Q>
			<Q BOX="459 906 488 933" STYLE_REF="1" QID="49">sid</Q>
			<q BOX="488 906 498 932" STYLE_REF="1" QID="49">e</q>
			<QW QID="49">road-side</QW>
			<W BOX="491 883 505 909" STYLE_REF="1">it</W>
			<W BOX="505 906 538 932" STYLE_REF="1">the</W>
			<W BOX="518 883 545 909" STYLE_REF="1">for</W>
			<W BOX="545 905 623 932" STYLE_REF="1">graceful</W>
			<W BOX="558 883 646 909" STYLE_REF="1">harmless</W>
			<W BOX="631 905 732 931" STYLE_REF="1">dulcamara</W>
			<Q BOX="656 882 709 908" STYLE_REF="1" QID="50">horse</Q>
			<Q BOX="709 882 717 908" STYLE_REF="1" LH="y" QID="50">-</Q>
			<q BOX="717 882 777 908" STYLE_REF="1" QID="50">radish</q>
			<QW QID="50">horse-radish</QW>
			<W BOX="739 904 785 931" STYLE_REF="1">with</W>
			<W BOX="779 882 787 908" STYLE_REF="1">.</W>
			<L BOX="134 910 157 937"/>
			<W BOX="134 910 157 937" STYLE_REF="1">go</W>
		</Primitive>
		<Primitive BOX="54 918 811 981" ID="Ar0500015" SEQ_NO="15" TOC_ENTRY_ID="57" DEPTH_LEVEL="1">
			<L BOX="103 927 786 959"/>
			<W BOX="103 932 128 959" STYLE_REF="1">its</W>
			<W BOX="138 932 181 959" STYLE_REF="1">gold</W>
			<W BOX="193 932 227 958" STYLE_REF="1">and</W>
			<Q BOX="236 931 283 958" STYLE_REF="1" QID="51">purp</Q>
			<q BOX="283 930 301 957" STYLE_REF="1" QID="51">le</q>
			<QW QID="51">purple</QW>
			<W BOX="308 930 376 957" STYLE_REF="1">flowers</W>
			<W BOX="391 929 426 956" STYLE_REF="1">and</W>
			<W BOX="435 929 511 955" STYLE_REF="1">crimson</W>
			<W BOX="520 928 588 955" STYLE_REF="1" NS="y">berries</W>
			<W BOX="590 928 594 955" STYLE_REF="1">,</W>
			<W BOX="601 927 620 954" STYLE_REF="1">or</W>
			<W BOX="628 927 653 954" STYLE_REF="1">its</W>
			<Q BOX="659 927 666 954" STYLE_REF="1" QID="52">l</Q>
			<q BOX="667 927 694 954" STYLE_REF="1" QID="52">ess</q>
			<QW QID="52">less</QW>
			<W BOX="702 927 786 954" STYLE_REF="1">brilliant</W>
			<L BOX="102 949 786 981"/>
			<W BOX="102 955 136 981" STYLE_REF="1">but</W>
			<W BOX="143 955 174 981" STYLE_REF="1">yet</W>
			<W BOX="181 954 231 980" STYLE_REF="1">more</W>
			<W BOX="239 953 338 980" STYLE_REF="1">dangerous</W>
			<W BOX="349 952 437 978" STYLE_REF="1" NS="y">congener</W>
			<W BOX="438 951 443 978" STYLE_REF="1">,</W>
			<W BOX="451 951 484 977" STYLE_REF="1">the</W>
			<Q BOX="491 951 543 977" STYLE_REF="1" QID="53">deadl</Q>
			<q BOX="543 951 557 977" STYLE_REF="1" QID="53">y</q>
			<QW QID="53">deadly</QW>
			<Q BOX="564 951 587 977" STYLE_REF="1" QID="54">ni</Q>
			<Q BOX="584 951 598 978" STYLE_REF="1" QID="54">g</Q>
			<q BOX="596 950 672 977" STYLE_REF="1" NS="y" QID="54">htshade</q>
			<QW QID="54">nightshade</QW>
			<W BOX="678 951 683 978" STYLE_REF="1">;</W>
			<W BOX="695 949 727 976" STYLE_REF="1">the</W>
			<W BOX="736 949 786 976" STYLE_REF="1">mere</W>
		</Primitive>
		<Primitive BOX="54 973 811 1026" ID="Ar0500016" SEQ_NO="16" TOC_ENTRY_ID="57" DEPTH_LEVEL="1">
			<L BOX="101 973 785 1004"/>
			<W BOX="101 977 190 1004" STYLE_REF="1">handling</W>
			<W BOX="202 976 219 1002" STYLE_REF="1">of</W>
			<W BOX="231 976 283 1002" STYLE_REF="1">them</W>
			<W BOX="293 974 334 1001" STYLE_REF="1">will</W>
			<W BOX="348 974 380 1001" STYLE_REF="1">not</W>
			<W BOX="396 974 448 1001" STYLE_REF="1">harm</W>
			<W BOX="459 974 497 1000" STYLE_REF="1" NS="y">you</W>
			<W BOX="497 973 502 1000" STYLE_REF="1">,</W>
			<Q BOX="514 973 559 999" STYLE_REF="1" QID="55">whil</Q>
			<q BOX="560 973 570 999" STYLE_REF="1" QID="55">e</q>
			<QW QID="55">while</QW>
			<W BOX="581 973 628 999" STYLE_REF="1">their</W>
			<W BOX="640 973 706 999" STYLE_REF="1">beauty</W>
			<W BOX="719 973 785 999" STYLE_REF="1">cannot</W>
			<L BOX="102 995 786 1026"/>
			<W BOX="102 1000 137 1026" STYLE_REF="1">but</W>
			<Q BOX="144 999 220 1026" STYLE_REF="1" QID="56">interest</Q>
			<q BOX="235 998 271 1025" STYLE_REF="1" QID="56">and</q>
			<QW QID="56">interestand</QW>
			<Q BOX="280 998 317 1025" STYLE_REF="1" QID="57">you</Q>
			<q BOX="317 997 326 1024" STYLE_REF="1" QID="57">r</q>
			<QW QID="57">your</QW>
			<W BOX="334 997 384 1023" STYLE_REF="1">work</W>
			<W BOX="392 996 435 1023" STYLE_REF="1">may</W>
			<W BOX="446 996 503 1023" STYLE_REF="1">result</W>
			<W BOX="514 996 533 1022" STYLE_REF="1">in</W>
			<W BOX="545 996 609 1022" STYLE_REF="1">saving</W>
			<W BOX="619 996 669 1022" STYLE_REF="1">some</W>
			<W BOX="680 996 726 1022" STYLE_REF="1">poor</W>
			<W BOX="736 995 786 1022" STYLE_REF="1">child</W>
		</Primitive>
		<Primitive BOX="54 1018 811 1072" ID="Ar0500017" SEQ_NO="17" TOC_ENTRY_ID="57" DEPTH_LEVEL="1">
			<L BOX="103 999 785 1049"/>
			<W BOX="103 1022 163 1049" STYLE_REF="1">whom</W>
			<W BOX="170 1022 202 1049" STYLE_REF="1">the</W>
			<W BOX="211 1021 283 1048" STYLE_REF="1">Sunday</W>
			<W BOX="222 999 227 1026" STYLE_REF="1">,</W>
			<W BOX="295 1020 360 1047" STYLE_REF="1">School</W>
			<W BOX="368 1019 414 1046" STYLE_REF="1">treat</W>
			<W BOX="426 1019 477 1045" STYLE_REF="1">takes</W>
			<W BOX="486 1018 530 1045" STYLE_REF="1">once</W>
			<W BOX="540 1018 550 1045" STYLE_REF="1">a</W>
			<W BOX="560 1018 603 1045" STYLE_REF="1">year</W>
			<Q BOX="615 1018 665 1045" STYLE_REF="1" QID="58">amon</Q>
			<q BOX="667 1018 680 1045" STYLE_REF="1" QID="58">g</q>
			<QW QID="58">among</QW>
			<W BOX="691 1018 724 1045" STYLE_REF="1">the</W>
			<W BOX="734 1018 785 1045" STYLE_REF="1">fields</W>
			<L BOX="103 1040 763 1072"/>
			<W BOX="103 1045 139 1072" STYLE_REF="1">and</W>
			<Q BOX="148 1045 182 1072" STYLE_REF="1" QID="59">hed</Q>
			<q BOX="230 1043 275 1070" STYLE_REF="1" QID="59">from</q>
			<QW QID="59">hedfrom</QW>
			<W BOX="284 1043 340 1070" STYLE_REF="1">being</W>
			<W BOX="347 1042 428 1069" STYLE_REF="1">tempted</W>
			<W BOX="436 1042 461 1069" STYLE_REF="1">all</W>
			<Q BOX="469 1042 595 1068" STYLE_REF="1" QID="60">unconsciousl</Q>
			<q BOX="595 1041 608 1068" STYLE_REF="1" QID="60">y</q>
			<QW QID="60">unconsciously</QW>
			<W BOX="615 1041 634 1068" STYLE_REF="1">to</W>
			<W BOX="642 1041 653 1068" STYLE_REF="1">a</W>
			<W BOX="660 1041 703 1068" STYLE_REF="1">fatal</W>
			<W BOX="711 1040 756 1067" STYLE_REF="1" NS="y">feast</W>
			<W BOX="756 1040 763 1067" STYLE_REF="1">.</W>
		</Primitive>
		<Primitive BOX="54 1063 811 1109" ID="Ar0500018" SEQ_NO="18" TOC_ENTRY_ID="57" DEPTH_LEVEL="1">
			<L BOX="127 1045 785 1094"/>
			<W BOX="127 1067 170 1094" STYLE_REF="1">And</W>
			<W BOX="182 1067 196 1094" STYLE_REF="1">if</W>
			<W BOX="183 1045 217 1071" STYLE_REF="1">ges</W>
			<W BOX="208 1067 254 1093" STYLE_REF="1">your</W>
			<W BOX="217 1045 222 1072" STYLE_REF="1">,</W>
			<W BOX="266 1066 325 1093" STYLE_REF="1">friend</W>
			<W BOX="339 1065 416 1092" STYLE_REF="1">Evelina</W>
			<W BOX="428 1065 451 1092" STYLE_REF="1">be</W>
			<W BOX="463 1064 528 1091" STYLE_REF="1">roused</W>
			<W BOX="542 1064 561 1091" STYLE_REF="1">to</W>
			<W BOX="575 1064 653 1091" STYLE_REF="1">emulate</W>
			<W BOX="664 1064 708 1090" STYLE_REF="1">such</W>
			<W BOX="725 1063 785 1090" STYLE_REF="1">useful</W>
			<L BOX="103 1086 787 1117"/>
			<Q BOX="103 1090 174 1117" STYLE_REF="1" QID="61">labours</Q>
			<q BOX="189 1089 241 1116" STYLE_REF="1" QID="61">there</q>
			<QW QID="61">laboursthere</QW>
			<W BOX="248 1089 265 1116" STYLE_REF="1">is</W>
			<W BOX="272 1089 363 1115" STYLE_REF="1">abundant</W>
			<W BOX="373 1087 490 1114" STYLE_REF="1">opportunity</W>
			<W BOX="498 1087 524 1113" STYLE_REF="1">for</W>
			<W BOX="533 1087 566 1113" STYLE_REF="1">her</W>
			<W BOX="576 1087 613 1113" STYLE_REF="1">also</W>
			<W BOX="623 1087 643 1113" STYLE_REF="1">to</W>
			<Q BOX="650 1086 679 1113" STYLE_REF="1" QID="62">len</Q>
			<q BOX="682 1086 693 1112" STYLE_REF="1" QID="62">d</q>
			<QW QID="62">lend</QW>
			<Q BOX="701 1086 775 1112" STYLE_REF="1" QID="63">welcom</Q>
			<q BOX="776 1086 787 1112" STYLE_REF="1" QID="63">e</q>
			<QW QID="63">welcome</QW>
		</Primitive>
		<Primitive BOX="54 1097 811 1162" ID="Ar0500019" SEQ_NO="19" TOC_ENTRY_ID="57" DEPTH_LEVEL="1">
			<L BOX="105 1090 786 1139"/>
			<W BOX="105 1113 135 1139" STYLE_REF="1" NS="y">aid</W>
			<W BOX="136 1113 140 1139" STYLE_REF="1">.</W>
			<W BOX="164 1112 202 1138" STYLE_REF="1">The</W>
			<W BOX="176 1090 181 1116" STYLE_REF="1">,</W>
			<W BOX="211 1111 293 1138" STYLE_REF="1">children</W>
			<W BOX="303 1111 362 1138" STYLE_REF="1">whom</W>
			<W BOX="369 1110 397 1136" STYLE_REF="1">we</W>
			<W BOX="408 1110 455 1136" STYLE_REF="1">often</W>
			<W BOX="468 1110 498 1136" STYLE_REF="1">see</W>
			<Q BOX="506 1110 557 1136" STYLE_REF="1" QID="64">carry</Q>
			<q BOX="559 1109 591 1136" STYLE_REF="1" QID="64">ing</q>
			<QW QID="64">carrying</QW>
			<Q BOX="598 1109 664 1135" STYLE_REF="1" QID="65">throug</Q>
			<q BOX="663 1108 676 1135" STYLE_REF="1" QID="65">h</q>
			<QW QID="65">through</QW>
			<W BOX="683 1108 715 1135" STYLE_REF="1">the</W>
			<W BOX="723 1108 786 1135" STYLE_REF="1">streets</W>
			<L BOX="103 1131 785 1162"/>
			<W BOX="103 1135 148 1162" STYLE_REF="1">such</W>
			<W BOX="156 1134 231 1161" STYLE_REF="1">sheaves</W>
			<W BOX="238 1134 255 1161" STYLE_REF="1">of</W>
			<W BOX="263 1133 371 1160" STYLE_REF="1">buttercups</W>
			<W BOX="377 1133 404 1160" STYLE_REF="1">for</W>
			<Q BOX="412 1133 454 1159" STYLE_REF="1" QID="66">bow</Q>
			<Q BOX="454 1133 462 1159" STYLE_REF="1" LH="y" QID="66">-</Q>
			<q BOX="462 1133 503 1159" STYLE_REF="1" QID="66">pots</q>
			<QW QID="66">bow-pots</QW>
			<W BOX="503 1137 507 1162" STYLE_REF="10">9</W>
			<Q BOX="516 1132 542 1159" STYLE_REF="1" QID="67">mi</Q>
			<Q BOX="542 1133 555 1160" STYLE_REF="1" QID="67">g</Q>
			<q BOX="554 1131 575 1158" STYLE_REF="1" QID="67">ht</q>
			<QW QID="67">might</QW>
			<W BOX="585 1131 628 1158" STYLE_REF="1">take</W>
			<W BOX="634 1131 688 1158" STYLE_REF="1">home</W>
			<Q BOX="695 1131 777 1158" STYLE_REF="1" QID="68">Tragopo</Q>
			<Q BOX="777 1131 785 1158" STYLE_REF="1" LH="y" QID="68">-</Q>
		</Primitive>
		<Primitive BOX="54 1161 811 1214" ID="Ar0500020" SEQ_NO="20" TOC_ENTRY_ID="57" DEPTH_LEVEL="1">
			<L BOX="124 1161 784 1191"/>
			<q BOX="124 1167 133 1191" STYLE_REF="7" QID="68">*</q>
			<QW QID="68">Tragopo-*</QW>
			<W BOX="143 1164 265 1188" STYLE_REF="7">Communications</W>
			<W BOX="277 1164 291 1187" STYLE_REF="7">to</W>
			<W BOX="304 1164 321 1187" STYLE_REF="7">be</W>
			<W BOX="334 1164 403 1187" STYLE_REF="7">addressed</W>
			<W BOX="417 1164 432 1187" STYLE_REF="7">to</W>
			<W BOX="445 1164 458 1187" STYLE_REF="7" NS="y">R</W>
			<W BOX="458 1164 462 1187" STYLE_REF="7">.</W>
			<W BOX="474 1164 488 1187" STYLE_REF="7" NS="y">A</W>
			<W BOX="489 1164 493 1187" STYLE_REF="7">.</W>
			<W BOX="503 1163 579 1186" STYLE_REF="7" NS="y">Thompson</W>
			<W BOX="582 1163 586 1186" STYLE_REF="7">,</W>
			<W BOX="597 1162 624 1186" STYLE_REF="7" NS="y">Esq</W>
			<Q BOX="624 1162 629 1186" STYLE_REF="7" QID="69">.</Q>
			<q BOX="629 1162 633 1186" STYLE_REF="7" QID="69">,</q>
			<QW QID="69">.,</QW>
			<Q BOX="645 1162 671 1185" STYLE_REF="7" QID="70">Sou</Q>
			<q BOX="673 1162 688 1185" STYLE_REF="7" QID="70">th</q>
			<QW QID="70">South</QW>
			<W BOX="701 1161 784 1185" STYLE_REF="7">Kensington</W>
			<L BOX="397 1173 400 1196"/>
			<W BOX="397 1173 400 1196" STYLE_REF="7">.</W>
			<L BOX="104 1182 202 1206"/>
			<W BOX="104 1182 168 1205" STYLE_REF="7" NS="y">Museum</W>
			<W BOX="168 1182 173 1206" STYLE_REF="7">,</W>
			<W BOX="179 1182 198 1205" STYLE_REF="7" NS="y">W</W>
			<W BOX="198 1182 202 1205" STYLE_REF="7">.</W>
		</Primitive>
	</Content>
	<TOC_Entries><TOC_Entry TOC_ENTRY_ID="106" TITLE="~ ^U - , just There as trul is a y commo..." ENTITY_ID_REF="Ar05000" PAGE_NO="50" PAGE_LABEL="122" PRIM_ID_REF="Ar0500000" IS_IC="true"/></TOC_Entries></XMD-entity>
