<?xml version="1.0" encoding="windows-1252" standalone="no"?>
<XMD-PAGE REPOSITORY_FORMAT="1.0" PRXML_VER="2.0">
	<Meta ISSUE_DATE="01/04/1858" RELEASE_NO="041-EWJ-1858-04-01-001-SINGLE" PAGE_NO="50" NAME="" PAGE_LABEL="122" PAGE_TYPE="Single" PUBLISHER="Olive" PUBLICATION="EWJ" SOURCE_TYPE="TIFF" SOURCE_RESOLUTION="72" IMAGES_RESOLUTION="86" PAGE_THUMBNAIL_RESOLUTION="86" PAGE_PREVIEW_RESOLUTION="15" DEFAULT_IMG_EXT="png" IMG_EXT="png" PREVIEW_IMG_EXT="png" XMD_VER="2.6.238.8" PROFILE_ID="D:\pdfs\EWJ\XMD_EWJ.ini" SECTION="None" PAGE_WIDTH="823" PAGE_HEIGHT="1239" PAGES_NUMBER="72" BASE_HREF="EWJ/1858/04/01" PDF_DESTINATION_MAPPED="OLV0_Page_0050">
		<Resolutions>
			<Resolution DEFAULT="true">86</Resolution>
		</Resolutions>
	</Meta>
	<Link SOURCE="041-EWJ-1858-04-01-001-SINGLE.PDF" NEXT_SECTION="" PREV_SECTION="1"/>
	<DataFiles>
		<Files TYPE="DOC_PDF" PRESENT="1"/>
		<Files TYPE="PAGE_PDF" PRESENT="0"/>
		<Files TYPE="DOC_IMG" PRESENT="0"/>
		<Files TYPE="PAGE_IMG" PRESENT="0"/>
		<Files TYPE="PAGE_VIEW_IMG" PRESENT="1"/>
		<Files TYPE="PAGE_PREVIEW_IMG" PRESENT="1"/>
		<Files TYPE="PRIMITIVE_IMG" PRESENT="1"/>
		<Files TYPE="SNIPPET_IMG" PRESENT="1"/>
	</DataFiles>
	<Entity ENTITY_TYPE="Article" FIRST_TOC_ENTRY_ID="57" INDEX_IN_DOC="103" DEPTH_LEVEL="1" ID="Ar05000" SIZE="XLarge" BOX="54 92 811 1214" NEXT_SECTION="" PREV_SECTION="1" CONTINUATION_TO="Ar05100" CONTINUATION_FROM="Ar04900" FIRST_CHUNK="Ar04602" IMAGES_RESOLUTION="86" LOGICAL_NAME="true">
		<Name>~ ^U - , just There as trul is a y commo...</Name>
		<Primitive ID="Ar0500000" BOX="54 92 811 142" ELEMENT_TYPE="Content" SEQ_NO="0" TOC_ENTRY_ID="57" DEPTH_LEVEL="1"/>
		<Primitive ID="Ar0500001" BOX="54 130 811 194" ELEMENT_TYPE="Content" SEQ_NO="1" TOC_ENTRY_ID="57" DEPTH_LEVEL="1"/>
		<Primitive ID="Ar0500002" BOX="54 182 811 278" ELEMENT_TYPE="Content" SEQ_NO="2" TOC_ENTRY_ID="57" DEPTH_LEVEL="1"/>
		<Primitive ID="Ar0500003" BOX="54 266 811 329" ELEMENT_TYPE="Content" SEQ_NO="3" TOC_ENTRY_ID="57" DEPTH_LEVEL="1"/>
		<Primitive ID="Ar0500004" BOX="54 317 811 409" ELEMENT_TYPE="Content" SEQ_NO="4" TOC_ENTRY_ID="57" DEPTH_LEVEL="1"/>
		<Primitive ID="Ar0500005" BOX="54 397 811 487" ELEMENT_TYPE="Content" SEQ_NO="5" TOC_ENTRY_ID="57" DEPTH_LEVEL="1"/>
		<Primitive ID="Ar0500006" BOX="54 475 811 532" ELEMENT_TYPE="Content" SEQ_NO="6" TOC_ENTRY_ID="57" DEPTH_LEVEL="1"/>
		<Primitive ID="Ar0500007" BOX="54 521 811 592" ELEMENT_TYPE="Content" SEQ_NO="7" TOC_ENTRY_ID="57" DEPTH_LEVEL="1"/>
		<Primitive ID="Ar0500008" BOX="54 580 811 637" ELEMENT_TYPE="Content" SEQ_NO="8" TOC_ENTRY_ID="57" DEPTH_LEVEL="1"/>
		<Primitive ID="Ar0500009" BOX="54 625 811 690" ELEMENT_TYPE="Content" SEQ_NO="9" TOC_ENTRY_ID="57" DEPTH_LEVEL="1"/>
		<Primitive ID="Ar0500010" BOX="54 678 811 736" ELEMENT_TYPE="Content" SEQ_NO="10" TOC_ENTRY_ID="57" DEPTH_LEVEL="1"/>
		<Primitive ID="Ar0500011" BOX="54 724 811 771" ELEMENT_TYPE="Content" SEQ_NO="11" TOC_ENTRY_ID="57" DEPTH_LEVEL="1"/>
		<Primitive ID="Ar0500012" BOX="54 759 811 816" ELEMENT_TYPE="Content" SEQ_NO="12" TOC_ENTRY_ID="57" DEPTH_LEVEL="1"/>
		<Primitive ID="Ar0500013" BOX="54 804 811 892" ELEMENT_TYPE="Content" SEQ_NO="13" TOC_ENTRY_ID="57" DEPTH_LEVEL="1"/>
		<Primitive ID="Ar0500014" BOX="54 882 811 930" ELEMENT_TYPE="Content" SEQ_NO="14" TOC_ENTRY_ID="57" DEPTH_LEVEL="1"/>
		<Primitive ID="Ar0500015" BOX="54 918 811 981" ELEMENT_TYPE="Content" SEQ_NO="15" TOC_ENTRY_ID="57" DEPTH_LEVEL="1"/>
		<Primitive ID="Ar0500016" BOX="54 973 811 1026" ELEMENT_TYPE="Content" SEQ_NO="16" TOC_ENTRY_ID="57" DEPTH_LEVEL="1"/>
		<Primitive ID="Ar0500017" BOX="54 1018 811 1072" ELEMENT_TYPE="Content" SEQ_NO="17" TOC_ENTRY_ID="57" DEPTH_LEVEL="1"/>
		<Primitive ID="Ar0500018" BOX="54 1063 811 1109" ELEMENT_TYPE="Content" SEQ_NO="18" TOC_ENTRY_ID="57" DEPTH_LEVEL="1"/>
		<Primitive ID="Ar0500019" BOX="54 1097 811 1162" ELEMENT_TYPE="Content" SEQ_NO="19" TOC_ENTRY_ID="57" DEPTH_LEVEL="1"/>
		<Primitive ID="Ar0500020" BOX="54 1161 811 1214" ELEMENT_TYPE="Content" SEQ_NO="20" TOC_ENTRY_ID="57" DEPTH_LEVEL="1"/>
	</Entity>
	<Entity ENTITY_TYPE="Article" FIRST_TOC_ENTRY_ID="61" INDEX_IN_DOC="108" DEPTH_LEVEL="1" ID="Ar05001" SIZE="Small" BOX="24 12 811 92" NEXT_SECTION="" PREV_SECTION="1" IMAGES_RESOLUTION="86" LOGICAL_NAME="true">
		<Name>122 ILLUSTRATIONS OF EVEEY-DAY LIFE.</Name>
		<Primitive ID="Ar0500100" BOX="24 12 811 92" ELEMENT_TYPE="Content" SEQ_NO="0" TOC_ENTRY_ID="61" DEPTH_LEVEL="1"/>
	</Entity>
</XMD-PAGE>