<?xml version="1.0" encoding="windows-1252" standalone="no"?>
<XMD-entity REPOSITORY_FORMAT="1.0" PRXML_VER="2.0" ENTITY_TYPE="Article" DOC_UID="EWJ_01/03/1858" DOC_VER="1" FIRST_TOC_ENTRY_ID="59" DEPTH_LEVEL="1" INDEX_IN_DOC="113" PAGE_NO="50" ID="Ar05001" BOX="24 12 829 72" LANGUAGE="English" SNP="Ar05001S.png" SNP_WIDTH="806" SNP_HEIGHT="61" LOGICAL_NAME="true">
	<Meta NAME="50 BEADSHAW THE BETKAFEI?.-" DESCRIPTION="" SUBTYPE="" BASE_HREF="EWJ/1858/03/01" SOURCE_TYPE="TIFF" PUBLICATION="EWJ" SECTION="None" ISSUE_DATE="01/03/1858" WORDCNT="6" RELEASE_NO="041-EWJ-1858-03-01-001-SINGLE" PAGE_ID="" PAGE_TYPE="Single" PAGE_WIDTH="842" PAGE_HEIGHT="1244" DEFAULT_IMG_EXT="png" PDF_DESTINATION_MAPPED="OLV0_Entity_0050_0002" IMAGES_RESOLUTION="86" XMD_VER="2.6.238.8" PAGE_LABEL="50"/>
	<Link SOURCE="041-EWJ-1858-03-01-001-SINGLE.PDF" FIRST_ID="Ar00200" LAST_ID="Ar07201" NEXT_ID="" PREV_ID="Ar05000" TOC_ID="d:/Olive/Repository/EWJ/1858/03/01/TOC.xml"/>
	<DataFiles>
		<Files TYPE="DOC_PDF" PRESENT="1"/>
		<Files TYPE="PAGE_PDF" PRESENT="0"/>
		<Files TYPE="DOC_IMG" PRESENT="0"/>
		<Files TYPE="PAGE_IMG" PRESENT="0"/>
		<Files TYPE="PAGE_VIEW_IMG" PRESENT="1"/>
		<Files TYPE="PAGE_PREVIEW_IMG" PRESENT="1"/>
		<Files TYPE="PRIMITIVE_IMG" PRESENT="1"/>
		<Files TYPE="SNIPPET_IMG" PRESENT="1"/>
	</DataFiles>
	<Content>
		<Primitive BOX="24 12 829 72" ID="Ar0500100" SEQ_NO="0" TOC_ENTRY_ID="59" DEPTH_LEVEL="1">
			<L BOX="83 27 601 61"/>
			<W BOX="83 33 108 57" STYLE_REF="7">50</W>
			<W BOX="288 36 406 59" STYLE_REF="7">BEADSHAW</W>
			<W BOX="420 36 462 59" STYLE_REF="7">THE</W>
			<Q BOX="477 36 546 59" STYLE_REF="7" QID="1">BETKA</Q>
			<Q BOX="549 36 574 59" STYLE_REF="7" QID="1" M="1 * ">FE</Q>
			<q BOX="575 36 580 59" STYLE_REF="7" NS="y" QID="1">I</q>
			<QW QID="1">_BETKAFEI</QW>
			<W BOX="580 36 589 59" STYLE_REF="7" NS="y">?</W>
			<Q BOX="589 36 598 59" STYLE_REF="7" QID="2">.</Q>
			<q BOX="595 27 601 61" STYLE_REF="26" QID="2">-</q>
			<QW QID="2">.-</QW>
		</Primitive>
	</Content>
	<TOC_Entries><TOC_Entry TOC_ENTRY_ID="107" TITLE="50 BEADSHAW THE BETKAFEI?.-" ENTITY_ID_REF="Ar05001" PAGE_NO="50" PAGE_LABEL="50" PRIM_ID_REF="Ar0500100" IS_IC="true"/></TOC_Entries></XMD-entity>
