<?xml version="1.0" encoding="windows-1252" standalone="no"?>
<XMD-PAGE REPOSITORY_FORMAT="1.0" PRXML_VER="2.0">
	<Meta ISSUE_DATE="01/03/1858" RELEASE_NO="041-EWJ-1858-03-01-001-SINGLE" PAGE_NO="50" NAME="" PAGE_LABEL="50" PAGE_TYPE="Single" PUBLISHER="Olive" PUBLICATION="EWJ" SOURCE_TYPE="TIFF" SOURCE_RESOLUTION="72" IMAGES_RESOLUTION="86" PAGE_THUMBNAIL_RESOLUTION="86" PAGE_PREVIEW_RESOLUTION="15" DEFAULT_IMG_EXT="png" IMG_EXT="png" PREVIEW_IMG_EXT="png" XMD_VER="2.6.238.8" PROFILE_ID="D:\pdfs\EWJ\XMD_EWJ.ini" SECTION="None" PAGE_WIDTH="842" PAGE_HEIGHT="1244" PAGES_NUMBER="72" BASE_HREF="EWJ/1858/03/01" PDF_DESTINATION_MAPPED="OLV0_Page_0050">
		<Resolutions>
			<Resolution DEFAULT="true">86</Resolution>
		</Resolutions>
	</Meta>
	<Link SOURCE="041-EWJ-1858-03-01-001-SINGLE.PDF" NEXT_SECTION="" PREV_SECTION="1"/>
	<DataFiles>
		<Files TYPE="DOC_PDF" PRESENT="1"/>
		<Files TYPE="PAGE_PDF" PRESENT="0"/>
		<Files TYPE="DOC_IMG" PRESENT="0"/>
		<Files TYPE="PAGE_IMG" PRESENT="0"/>
		<Files TYPE="PAGE_VIEW_IMG" PRESENT="1"/>
		<Files TYPE="PAGE_PREVIEW_IMG" PRESENT="1"/>
		<Files TYPE="PRIMITIVE_IMG" PRESENT="1"/>
		<Files TYPE="SNIPPET_IMG" PRESENT="1"/>
	</DataFiles>
	<Entity ENTITY_TYPE="Article" FIRST_TOC_ENTRY_ID="45" INDEX_IN_DOC="93" DEPTH_LEVEL="1" ID="Ar05000" SIZE="XLarge" BOX="24 72 829 1219" NEXT_SECTION="" PREV_SECTION="1" CONTINUATION_TO="Ar05100" CONTINUATION_FROM="Ar04900" FIRST_CHUNK="Ar03603" IMAGES_RESOLUTION="86" LOGICAL_NAME="true">
		<Name>.+. " Oh Doricles ! your praises are too...</Name>
		<Primitive ID="Ar0500000" BOX="24 72 829 130" ELEMENT_TYPE="Content" SEQ_NO="0" TOC_ENTRY_ID="45" DEPTH_LEVEL="1"/>
		<Primitive ID="Ar0500001" BOX="24 123 829 177" ELEMENT_TYPE="Content" SEQ_NO="1" TOC_ENTRY_ID="45" DEPTH_LEVEL="1"/>
		<Primitive ID="Ar0500002" BOX="24 168 829 223" ELEMENT_TYPE="Content" SEQ_NO="2" TOC_ENTRY_ID="45" DEPTH_LEVEL="1"/>
		<Primitive ID="Ar0500003" BOX="24 216 829 270" ELEMENT_TYPE="Content" SEQ_NO="3" TOC_ENTRY_ID="45" DEPTH_LEVEL="1"/>
		<Primitive ID="Ar0500004" BOX="24 263 829 317" ELEMENT_TYPE="Content" SEQ_NO="4" TOC_ENTRY_ID="45" DEPTH_LEVEL="1"/>
		<Primitive ID="Ar0500005" BOX="24 310 829 363" ELEMENT_TYPE="Content" SEQ_NO="5" TOC_ENTRY_ID="45" DEPTH_LEVEL="1"/>
		<Primitive ID="Ar0500006" BOX="24 357 829 411" ELEMENT_TYPE="Content" SEQ_NO="6" TOC_ENTRY_ID="45" DEPTH_LEVEL="1"/>
		<Primitive ID="Ar0500007" BOX="24 404 829 457" ELEMENT_TYPE="Content" SEQ_NO="7" TOC_ENTRY_ID="45" DEPTH_LEVEL="1"/>
		<Primitive ID="Ar0500008" BOX="24 451 829 504" ELEMENT_TYPE="Content" SEQ_NO="8" TOC_ENTRY_ID="45" DEPTH_LEVEL="1"/>
		<Primitive ID="Ar0500009" BOX="24 497 829 551" ELEMENT_TYPE="Content" SEQ_NO="9" TOC_ENTRY_ID="45" DEPTH_LEVEL="1"/>
		<Primitive ID="Ar0500010" BOX="24 545 829 598" ELEMENT_TYPE="Content" SEQ_NO="10" TOC_ENTRY_ID="45" DEPTH_LEVEL="1"/>
		<Primitive ID="Ar0500011" BOX="24 592 829 647" ELEMENT_TYPE="Content" SEQ_NO="11" TOC_ENTRY_ID="45" DEPTH_LEVEL="1"/>
		<Primitive ID="Ar0500012" BOX="24 641 829 696" ELEMENT_TYPE="Content" SEQ_NO="12" TOC_ENTRY_ID="45" DEPTH_LEVEL="1"/>
		<Primitive ID="Ar0500013" BOX="24 689 829 743" ELEMENT_TYPE="Content" SEQ_NO="13" TOC_ENTRY_ID="45" DEPTH_LEVEL="1"/>
		<Primitive ID="Ar0500014" BOX="24 736 829 790" ELEMENT_TYPE="Content" SEQ_NO="14" TOC_ENTRY_ID="45" DEPTH_LEVEL="1"/>
		<Primitive ID="Ar0500015" BOX="24 783 829 837" ELEMENT_TYPE="Content" SEQ_NO="15" TOC_ENTRY_ID="45" DEPTH_LEVEL="1"/>
		<Primitive ID="Ar0500016" BOX="24 829 829 897" ELEMENT_TYPE="Content" SEQ_NO="16" TOC_ENTRY_ID="45" DEPTH_LEVEL="1"/>
		<Primitive ID="Ar0500017" BOX="24 887 829 940" ELEMENT_TYPE="Content" SEQ_NO="17" TOC_ENTRY_ID="45" DEPTH_LEVEL="1"/>
		<Primitive ID="Ar0500018" BOX="24 940 829 999" ELEMENT_TYPE="Content" SEQ_NO="18" TOC_ENTRY_ID="45" DEPTH_LEVEL="1"/>
		<Primitive ID="Ar0500019" BOX="24 990 829 1046" ELEMENT_TYPE="Content" SEQ_NO="19" TOC_ENTRY_ID="45" DEPTH_LEVEL="1"/>
		<Primitive ID="Ar0500020" BOX="24 1038 829 1083" ELEMENT_TYPE="Content" SEQ_NO="20" TOC_ENTRY_ID="45" DEPTH_LEVEL="1"/>
		<Primitive ID="Ar0500021" BOX="24 1071 829 1140" ELEMENT_TYPE="Content" SEQ_NO="21" TOC_ENTRY_ID="45" DEPTH_LEVEL="1"/>
		<Primitive ID="Ar0500022" BOX="24 1131 829 1164" ELEMENT_TYPE="Content" SEQ_NO="22" TOC_ENTRY_ID="45" DEPTH_LEVEL="1"/>
		<Primitive ID="Ar0500023" BOX="24 1164 829 1219" ELEMENT_TYPE="Content" SEQ_NO="23" TOC_ENTRY_ID="45" DEPTH_LEVEL="1"/>
	</Entity>
	<Entity ENTITY_TYPE="Article" FIRST_TOC_ENTRY_ID="59" INDEX_IN_DOC="113" DEPTH_LEVEL="1" ID="Ar05001" SIZE="Small" BOX="24 12 829 72" NEXT_SECTION="" PREV_SECTION="1" IMAGES_RESOLUTION="86" LOGICAL_NAME="true">
		<Name>50 BEADSHAW THE BETKAFEI?.-</Name>
		<Primitive ID="Ar0500100" BOX="24 12 829 72" ELEMENT_TYPE="Content" SEQ_NO="0" TOC_ENTRY_ID="59" DEPTH_LEVEL="1"/>
	</Entity>
</XMD-PAGE>