<?xml version="1.0" encoding="windows-1252" standalone="no"?>
<XMD-entity REPOSITORY_FORMAT="1.0" PRXML_VER="2.0" ENTITY_TYPE="Article" FIRST_TOC_ENTRY_ID="94" DEPTH_LEVEL="1" INDEX_IN_DOC="156" PAGE_NO="71" ID="Ar07100" BOX="24 114 811 1214" LANGUAGE="English" CONTINUATION_TO="Ar07200" CONTINUATION_FROM="Ar07000" LOGICAL_NAME="true">
	<Meta NAME="-*. It has been said that the nation may..." DESCRIPTION="" SUBTYPE="" BASE_HREF="EWJ/1858/04/01" SOURCE_TYPE="TIFF" PUBLICATION="EWJ" SECTION="None" ISSUE_DATE="01/04/1858" WORDCNT="924" RELEASE_NO="041-EWJ-1858-04-01-001-SINGLE" PAGE_ID="" PAGE_TYPE="Single" PAGE_WIDTH="823" PAGE_HEIGHT="1239" DEFAULT_IMG_EXT="png" PDF_DESTINATION_MAPPED="OLV0_Entity_0071_0001" IMAGES_RESOLUTION="86" XMD_VER="2.6.238.8" PAGE_LABEL="143"/>
	<Link SOURCE="041-EWJ-1858-04-01-001-SINGLE.PDF" FIRST_ID="Ar00200" LAST_ID="Ar07201" NEXT_ID="Ar07101" PREV_ID="" TOC_ID="d:/Olive/Repository/EWJ/1858/04/01/TOC.xml"/>
	<DataFiles>
		<Files TYPE="DOC_PDF" PRESENT="1"/>
		<Files TYPE="PAGE_PDF" PRESENT="0"/>
		<Files TYPE="DOC_IMG" PRESENT="0"/>
		<Files TYPE="PAGE_IMG" PRESENT="0"/>
		<Files TYPE="PAGE_VIEW_IMG" PRESENT="1"/>
		<Files TYPE="PAGE_PREVIEW_IMG" PRESENT="1"/>
		<Files TYPE="PRIMITIVE_IMG" PRESENT="1"/>
		<Files TYPE="SNIPPET_IMG" PRESENT="1"/>
	</DataFiles>
	<Content>
		<Primitive BOX="24 114 811 187" ID="Ar0710000" SEQ_NO="0" TOC_ENTRY_ID="94" DEPTH_LEVEL="1">
			<L BOX="59 113 740 159"/>
			<W BOX="59 131 86 156" STYLE_REF="10">yet</W>
			<W BOX="60 113 137 138" STYLE_REF="10">incidents</W>
			<W BOX="97 131 151 156" STYLE_REF="10">entirel</W>
			<W BOX="144 113 175 138" STYLE_REF="10">whi</W>
			<W BOX="152 131 163 156" STYLE_REF="10">y</W>
			<W BOX="170 131 249 156" STYLE_REF="10">quenched</W>
			<W BOX="175 114 194 139" STYLE_REF="10">ch</W>
			<W BOX="201 114 266 139" STYLE_REF="10">marked</W>
			<W BOX="250 132 255 157" STYLE_REF="10">,</W>
			<W BOX="262 132 278 157" STYLE_REF="10">at</W>
			<W BOX="272 114 293 139" STYLE_REF="10">its</W>
			<W BOX="287 132 308 157" STYLE_REF="10">all</W>
			<W BOX="300 115 432 140" STYLE_REF="10">commencement</W>
			<W BOX="319 132 373 157" STYLE_REF="10">events</W>
			<W BOX="382 133 452 158" STYLE_REF="10">confined</W>
			<W BOX="432 115 437 140" STYLE_REF="10">.</W>
			<W BOX="457 115 491 140" STYLE_REF="10">The</W>
			<W BOX="458 133 515 158" STYLE_REF="10">within</W>
			<W BOX="496 115 599 140" STYLE_REF="10">insurrection</W>
			<W BOX="522 133 560 158" STYLE_REF="10">very</W>
			<W BOX="571 133 630 158" STYLE_REF="10">narrow</W>
			<W BOX="606 115 635 140" STYLE_REF="10">has</W>
			<W BOX="637 133 687 159" STYLE_REF="10">limits</W>
			<W BOX="642 115 680 140" STYLE_REF="10" NS="y">been</W>
			<W BOX="682 116 686 141" STYLE_REF="10">,</W>
			<W BOX="687 133 693 159" STYLE_REF="10">.</W>
			<W BOX="693 116 705 141" STYLE_REF="10">if</W>
			<W BOX="712 116 739 141" STYLE_REF="10">not</W>
			<W BOX="715 134 740 159" STYLE_REF="10">Sir</W>
			<L BOX="60 149 738 177"/>
			<W BOX="60 149 104 174" STYLE_REF="10">Colin</W>
			<Q BOX="112 149 161 174" STYLE_REF="10" QID="1">Camp</Q>
			<Q BOX="160 151 179 173" STYLE_REF="12" QID="1">be</Q>
			<q BOX="180 149 192 174" STYLE_REF="10" QID="1">ll</q>
			<QW QID="1">Campbell</QW>
			<W BOX="198 151 212 173" STYLE_REF="12">is</W>
			<Q BOX="219 151 241 173" STYLE_REF="12" QID="2">sai</Q>
			<q BOX="241 149 251 174" STYLE_REF="10" QID="2">d</q>
			<QW QID="2">said</QW>
			<Q BOX="258 149 265 174" STYLE_REF="10" QID="3">t</Q>
			<q BOX="266 151 275 173" STYLE_REF="12" QID="3">o</q>
			<QW QID="3">to</QW>
			<Q BOX="282 149 292 174" STYLE_REF="10" QID="4">p</Q>
			<q BOX="292 153 344 175" STYLE_REF="12" QID="4">ropose</q>
			<QW QID="4">propose</QW>
			<Q BOX="354 153 410 175" STYLE_REF="12" QID="5">concen</Q>
			<Q BOX="411 150 418 176" STYLE_REF="10" QID="5">t</Q>
			<Q BOX="418 153 425 175" STYLE_REF="12" QID="5">r</Q>
			<Q BOX="425 151 441 176" STYLE_REF="10" QID="5">at</Q>
			<Q BOX="441 153 448 175" STYLE_REF="12" QID="5">i</Q>
			<Q BOX="447 151 458 176" STYLE_REF="10" QID="5">n</Q>
			<q BOX="458 153 468 175" STYLE_REF="12" QID="5">g</q>
			<QW QID="5">concentrating</QW>
			<W BOX="475 151 501 176" STYLE_REF="10">his</W>
			<W BOX="507 151 555 176" STYLE_REF="10">forces</W>
			<W BOX="562 151 604 176" STYLE_REF="10">upon</W>
			<W BOX="612 151 694 176" STYLE_REF="10" NS="y">Cawnpore</W>
			<W BOX="696 152 701 177" STYLE_REF="10">,</W>
			<W BOX="708 153 738 177" STYLE_REF="7">and</W>
		</Primitive>
		<Primitive BOX="24 175 811 223" ID="Ar0710001" SEQ_NO="1" TOC_ENTRY_ID="94" DEPTH_LEVEL="1">
			<L BOX="58 166 743 212"/>
			<W BOX="58 166 97 191" STYLE_REF="10">then</W>
			<W BOX="59 184 109 209" STYLE_REF="10">before</W>
			<W BOX="104 167 193 192" STYLE_REF="10">proceeding</W>
			<W BOX="122 184 149 209" STYLE_REF="10">the</W>
			<W BOX="159 184 189 209" STYLE_REF="10">end</W>
			<W BOX="200 185 215 210" STYLE_REF="10">of</W>
			<W BOX="204 167 220 192" STYLE_REF="10">to</W>
			<W BOX="229 185 252 210" STYLE_REF="10">thi</W>
			<W BOX="229 167 310 192" STYLE_REF="10">Lucknow</W>
			<W BOX="253 185 261 210" STYLE_REF="10">s</W>
			<W BOX="272 185 327 210" STYLE_REF="10">month</W>
			<W BOX="310 168 314 193" STYLE_REF="10">,</W>
			<W BOX="321 168 347 193" STYLE_REF="10">wh</W>
			<W BOX="327 185 332 210" STYLE_REF="10">.</W>
			<W BOX="347 168 371 193" STYLE_REF="10">ich</W>
			<W BOX="353 186 367 211" STYLE_REF="10">A</W>
			<W BOX="378 168 391 193" STYLE_REF="10">it</W>
			<W BOX="380 187 422 212" STYLE_REF="10">great</W>
			<W BOX="398 168 412 193" STYLE_REF="10">is</W>
			<W BOX="419 169 504 194" STYLE_REF="10">calculated</W>
			<Q BOX="435 187 477 212" STYLE_REF="10" QID="6">quan</Q>
			<Q BOX="478 187 490 212" STYLE_REF="10" QID="6">ti</Q>
			<q BOX="491 187 509 212" STYLE_REF="10" QID="6">ty</q>
			<QW QID="6">quantity</QW>
			<W BOX="515 169 549 194" STYLE_REF="10">will</W>
			<W BOX="521 187 536 212" STYLE_REF="10">of</W>
			<W BOX="549 187 584 212" STYLE_REF="10">gold</W>
			<W BOX="559 169 599 194" STYLE_REF="10">have</W>
			<W BOX="595 187 626 212" STYLE_REF="10">and</W>
			<W BOX="608 169 647 194" STYLE_REF="10">been</W>
			<W BOX="638 187 685 212" STYLE_REF="10">silver</W>
			<W BOX="658 169 739 194" STYLE_REF="10" M="6 * ">_destined</W>
			<W BOX="696 186 743 211" STYLE_REF="10" M="1 * 2 * ">_jjlate</W>
			<L BOX="59 202 739 230"/>
			<Q BOX="59 202 115 227" STYLE_REF="10" QID="7">belong</Q>
			<q BOX="115 202 142 228" STYLE_REF="10" QID="7">ing</q>
			<QW QID="7">belonging</QW>
			<W BOX="149 202 166 228" STYLE_REF="10">to</W>
			<W BOX="172 202 217 228" STYLE_REF="10">Nena</W>
			<W BOX="225 202 272 228" STYLE_REF="10">Sahib</W>
			<W BOX="279 202 307 228" STYLE_REF="10">has</W>
			<W BOX="316 203 355 229" STYLE_REF="10">been</W>
			<W BOX="362 203 410 229" STYLE_REF="10">found</W>
			<W BOX="417 204 433 229" STYLE_REF="10">at</W>
			<W BOX="440 204 467 229" STYLE_REF="10">the</W>
			<W BOX="474 204 534 229" STYLE_REF="10">bottom</W>
			<W BOX="544 204 559 229" STYLE_REF="10">of</W>
			<W BOX="571 204 580 229" STYLE_REF="10">a</W>
			<Q BOX="588 204 623 229" STYLE_REF="10" QID="8">well</Q>
			<q BOX="635 205 664 230" STYLE_REF="10" QID="8">but</q>
			<QW QID="8">wellbut</QW>
			<W BOX="671 205 691 230" STYLE_REF="10">he</W>
			<Q BOX="697 205 732 230" STYLE_REF="10" QID="9">him</Q>
			<Q BOX="732 205 739 230" STYLE_REF="10" QID="9">-</Q>
		</Primitive>
		<Primitive BOX="24 211 811 266" ID="Ar0710002" SEQ_NO="2" TOC_ENTRY_ID="94" DEPTH_LEVEL="1">
			<L BOX="59 205 738 266"/>
			<Q BOX="59 222 75 244" STYLE_REF="12" QID="9">se</Q>
			<q BOX="75 220 81 245" STYLE_REF="10" QID="9">l</q>
			<QW QID="9">himsel</QW>
			<W BOX="79 237 113 263" STYLE_REF="10">The</W>
			<W BOX="81 222 86 244" STYLE_REF="12">f</W>
			<W BOX="94 222 108 244" STYLE_REF="12">is</W>
			<W BOX="115 220 124 245" STYLE_REF="10">s</W>
			<W BOX="121 237 152 263" STYLE_REF="10">Cag</W>
			<W BOX="124 222 148 244" STYLE_REF="12">till</W>
			<W BOX="152 240 180 262" STYLE_REF="12">liar</W>
			<Q BOX="155 222 164 244" STYLE_REF="12" QID="10">a</Q>
			<q BOX="164 220 171 245" STYLE_REF="10" QID="10">t</q>
			<QW QID="10">at</QW>
			<W BOX="178 222 193 244" STYLE_REF="12">la</W>
			<W BOX="180 237 186 263" STYLE_REF="10">i</W>
			<W BOX="193 237 203 263" STYLE_REF="10">c</W>
			<W BOX="193 220 211 245" STYLE_REF="10" NS="y">rg</W>
			<S S_TYPE="SUB">
				<W BOX="202 240 227 262" STYLE_REF="12">ase</W>
			</S>
			<W BOX="211 222 220 244" STYLE_REF="12" NS="y">e</W>
			<W BOX="220 220 225 246" STYLE_REF="10">,</W>
			<W BOX="231 220 291 246" STYLE_REF="10">though</W>
			<Q BOX="234 238 244 263" STYLE_REF="10" QID="11">h</Q>
			<q BOX="245 241 262 263" STYLE_REF="12" QID="11">as</q>
			<QW QID="11">has</QW>
			<W BOX="269 241 339 263" STYLE_REF="12">assumed</W>
			<W BOX="297 221 306 246" STYLE_REF="10">a</W>
			<Q BOX="313 221 340 246" STYLE_REF="10" QID="12">fug</Q>
			<q BOX="341 221 347 246" STYLE_REF="10" QID="12">i</q>
			<QW QID="12">fugi</QW>
			<W BOX="346 240 355 265" STYLE_REF="10">a</W>
			<W BOX="347 221 379 246" STYLE_REF="10">tive</W>
			<W BOX="362 242 396 264" STYLE_REF="12">new</W>
			<W BOX="380 221 386 246" STYLE_REF="10">.</W>
			<Q BOX="402 242 411 264" STYLE_REF="12" QID="13">a</Q>
			<Q BOX="411 240 437 265" STYLE_REF="10" QID="13">spe</Q>
			<Q BOX="437 242 446 264" STYLE_REF="12" QID="13">c</Q>
			<q BOX="446 240 453 265" STYLE_REF="10" NS="y" QID="13">t</q>
			<QW QID="13">aspect</QW>
			<W BOX="453 240 458 265" STYLE_REF="10">,</W>
			<Q BOX="465 240 476 265" STYLE_REF="10" QID="14">b</Q>
			<q BOX="476 240 487 265" STYLE_REF="10" QID="14">y</q>
			<QW QID="14">by</QW>
			<W BOX="494 240 521 265" STYLE_REF="10">the</W>
			<W BOX="530 240 611 265" STYLE_REF="10">discovery</W>
			<W BOX="619 240 654 265" STYLE_REF="10">that</W>
			<W BOX="623 205 628 230" STYLE_REF="10">,</W>
			<W BOX="661 240 689 265" STYLE_REF="10">the</W>
			<W BOX="694 240 738 266" STYLE_REF="10">King</W>
			<L BOX="58 255 277 281"/>
			<W BOX="58 255 72 280" STYLE_REF="10">of</W>
			<W BOX="117 255 138 281" STYLE_REF="10">les</W>
			<W BOX="145 255 173 281" STYLE_REF="10">has</W>
			<W BOX="179 255 245 281" STYLE_REF="10">violated</W>
			<W BOX="251 255 277 281" STYLE_REF="10">the</W>
		</Primitive>
		<Primitive BOX="24 255 811 329" ID="Ar0710003" SEQ_NO="3" TOC_ENTRY_ID="94" DEPTH_LEVEL="1">
			<L BOX="57 255 738 319"/>
			<W BOX="57 273 96 298" STYLE_REF="10">laws</W>
			<W BOX="57 293 74 315" STYLE_REF="12">in</W>
			<W BOX="81 255 118 280" STYLE_REF="10">Nap</W>
			<Q BOX="82 291 95 316" STYLE_REF="10" QID="15">S</Q>
			<q BOX="93 293 110 315" STYLE_REF="12" QID="15">ar</q>
			<QW QID="15">Sar</QW>
			<W BOX="103 273 118 298" STYLE_REF="10">of</W>
			<W BOX="110 291 126 316" STYLE_REF="10">di</W>
			<W BOX="122 277 124 302" STYLE_REF="10" M="1 * ">__</W>
			<W BOX="126 293 163 315" STYLE_REF="12">nian</W>
			<Q BOX="128 273 139 298" STYLE_REF="10" QID="16">h</Q>
			<q BOX="140 276 193 298" STYLE_REF="12" QID="16">umani</q>
			<QW QID="16">humani</QW>
			<W BOX="170 293 194 315" STYLE_REF="12">wa</W>
			<W BOX="194 273 212 298" STYLE_REF="10">ty</W>
			<Q BOX="195 291 201 316" STYLE_REF="10" QID="17">t</Q>
			<q BOX="202 293 226 315" STYLE_REF="12" QID="17">ers</q>
			<QW QID="17">ters</QW>
			<W BOX="218 276 238 298" STYLE_REF="12">an</W>
			<W BOX="225 292 230 317" STYLE_REF="10">,</W>
			<W BOX="239 273 248 298" STYLE_REF="10">d</W>
			<W BOX="240 292 255 317" STYLE_REF="10" NS="y">w</W>
			<S S_TYPE="SUP">
				<W BOX="254 276 280 298" STYLE_REF="12">jus</W>
			</S>
			<W BOX="254 292 291 317" STYLE_REF="10">here</W>
			<W BOX="281 273 288 298" STYLE_REF="10">t</W>
			<W BOX="284 256 345 281" STYLE_REF="10">express</W>
			<W BOX="289 276 311 298" STYLE_REF="12">ice</W>
			<W BOX="300 292 320 317" STYLE_REF="10">he</W>
			<W BOX="312 274 316 299" STYLE_REF="10">,</W>
			<W BOX="323 275 350 300" STYLE_REF="10">the</W>
			<W BOX="330 292 362 317" STYLE_REF="10">had</W>
			<W BOX="352 257 437 282" STYLE_REF="10">provisions</W>
			<W BOX="357 275 419 300" STYLE_REF="10">capture</W>
			<W BOX="371 293 392 318" STYLE_REF="10">no</W>
			<Q BOX="400 293 406 318" STYLE_REF="10" QID="18">j</Q>
			<q BOX="408 293 499 318" STYLE_REF="10" QID="18">urisdiction</q>
			<QW QID="18">jurisdiction</QW>
			<W BOX="426 275 441 301" STYLE_REF="10">of</W>
			<W BOX="444 258 459 283" STYLE_REF="10">of</W>
			<W BOX="451 275 478 301" STYLE_REF="10">the</W>
			<W BOX="466 258 539 283" STYLE_REF="10">internati</W>
			<W BOX="487 275 519 301" STYLE_REF="10">Cag</W>
			<W BOX="500 293 505 318" STYLE_REF="10">.</W>
			<W BOX="519 276 552 301" STYLE_REF="10">liari</W>
			<W BOX="525 293 558 319" STYLE_REF="10">The</W>
			<W BOX="540 258 576 283" STYLE_REF="10">onal</W>
			<W BOX="563 276 622 301" STYLE_REF="10">having</W>
			<W BOX="570 293 606 319" STYLE_REF="10">trial</W>
			<W BOX="583 258 613 283" STYLE_REF="10">law</W>
			<W BOX="617 293 632 319" STYLE_REF="10">of</W>
			<W BOX="620 258 638 283" STYLE_REF="10">as</W>
			<W BOX="628 276 666 301" STYLE_REF="10">been</W>
			<W BOX="644 258 680 283" STYLE_REF="10">well</W>
			<W BOX="644 293 671 319" STYLE_REF="10">the</W>
			<W BOX="673 276 735 301" STYLE_REF="10">effected</W>
			<W BOX="682 293 730 319" STYLE_REF="10">unfor</W>
			<W BOX="687 258 704 283" STYLE_REF="10">as</W>
			<W BOX="709 258 738 283" STYLE_REF="10">the</W>
			<Q BOX="730 293 737 319" STYLE_REF="10" LH="y" QID="19">-</Q>
		</Primitive>
		<Primitive BOX="24 317 811 365" ID="Ar0710004" SEQ_NO="4" TOC_ENTRY_ID="94" DEPTH_LEVEL="1">
			<L BOX="57 308 736 354"/>
			<q BOX="57 326 88 351" STYLE_REF="10" QID="19">Wa</q>
			<QW QID="19">-Wa</QW>
			<Q BOX="57 308 64 333" STYLE_REF="10" QID="20">t</Q>
			<q BOX="65 311 95 333" STYLE_REF="12" QID="20">una</q>
			<QW QID="20">tuna</QW>
			<W BOX="89 326 103 351" STYLE_REF="10">tt</W>
			<Q BOX="96 308 103 333" STYLE_REF="10" QID="21">t</Q>
			<q BOX="104 311 112 333" STYLE_REF="12" QID="21">e</q>
			<QW QID="21">te</QW>
			<W BOX="116 327 146 352" STYLE_REF="10">and</W>
			<Q BOX="119 309 130 334" STYLE_REF="10" QID="22">p</Q>
			<q BOX="129 311 195 333" STYLE_REF="12" QID="22">risoners</q>
			<QW QID="22">prisoners</QW>
			<W BOX="153 327 188 352" STYLE_REF="10">sent</W>
			<W BOX="195 327 227 352" STYLE_REF="10">him</W>
			<Q BOX="201 309 212 334" STYLE_REF="10" QID="23">h</Q>
			<q BOX="213 311 229 333" STYLE_REF="12" QID="23">as</q>
			<QW QID="23">has</QW>
			<W BOX="237 327 284 352" STYLE_REF="10">home</W>
			<Q BOX="239 311 266 333" STYLE_REF="12" QID="24">bee</Q>
			<q BOX="266 309 277 334" STYLE_REF="10" QID="24">n</q>
			<QW QID="24">been</QW>
			<W BOX="284 327 289 352" STYLE_REF="10">.</W>
			<W BOX="288 311 349 333" STYLE_REF="12">resume</W>
			<W BOX="309 328 338 353" STYLE_REF="10">His</W>
			<W BOX="348 310 359 335" STYLE_REF="10">d</W>
			<W BOX="350 328 402 353" STYLE_REF="10">health</W>
			<W BOX="359 310 364 336" STYLE_REF="10">,</W>
			<W BOX="371 311 400 336" STYLE_REF="10">but</W>
			<W BOX="410 311 437 336" STYLE_REF="10">the</W>
			<W BOX="415 328 473 354" STYLE_REF="10">mental</W>
			<W BOX="443 311 486 336" STYLE_REF="10">King</W>
			<W BOX="483 328 514 354" STYLE_REF="10">and</W>
			<W BOX="497 311 525 336" STYLE_REF="10">has</W>
			<W BOX="525 329 566 354" STYLE_REF="10">bodil</W>
			<W BOX="535 311 596 336" STYLE_REF="10">relaxed</W>
			<W BOX="607 311 633 336" STYLE_REF="10">his</W>
			<W BOX="644 312 686 337" STYLE_REF="10">gripe</W>
			<W BOX="665 329 736 354" STYLE_REF="10">however</W>
			<W BOX="694 312 736 337" STYLE_REF="10">upon</W>
			<L BOX="104 327 654 354"/>
			<W BOX="104 327 108 352" STYLE_REF="10">,</W>
			<W BOX="402 329 407 354" STYLE_REF="10">,</W>
			<W BOX="567 329 578 354" STYLE_REF="10" NS="y">y</W>
			<W BOX="578 329 584 354" STYLE_REF="10">,</W>
			<W BOX="591 329 654 354" STYLE_REF="10">appears</W>
		</Primitive>
		<Primitive BOX="24 353 811 401" ID="Ar0710005" SEQ_NO="5" TOC_ENTRY_ID="94" DEPTH_LEVEL="1">
			<L BOX="57 344 737 391"/>
			<W BOX="57 362 100 387" STYLE_REF="10">must</W>
			<Q BOX="57 344 63 369" STYLE_REF="10" QID="25">t</Q>
			<q BOX="64 346 73 368" STYLE_REF="12" QID="25">o</q>
			<QW QID="25">to</QW>
			<Q BOX="80 344 91 369" STYLE_REF="10" QID="26">h</Q>
			<q BOX="92 346 121 368" STYLE_REF="12" QID="26">ave</q>
			<QW QID="26">have</QW>
			<W BOX="112 362 144 387" STYLE_REF="10">rem</W>
			<W BOX="126 346 164 368" STYLE_REF="12">been</W>
			<Q BOX="145 362 160 387" STYLE_REF="10" QID="27">ai</Q>
			<q BOX="159 362 170 387" STYLE_REF="10" NS="y" QID="27">n</q>
			<QW QID="27">ain</QW>
			<S S_TYPE="SUP">
				<W BOX="176 346 195 368" STYLE_REF="12">en</W>
			</S>
			<W BOX="184 362 204 387" STYLE_REF="10">an</W>
			<Q BOX="196 344 203 369" STYLE_REF="10" QID="28">t</Q>
			<q BOX="203 346 225 368" STYLE_REF="12" QID="28">ire</q>
			<QW QID="28">tire</QW>
			<W BOX="218 362 290 387" STYLE_REF="10">indelible</W>
			<Q BOX="225 345 231 370" STYLE_REF="10" QID="29">l</Q>
			<q BOX="231 345 242 370" STYLE_REF="10" QID="29">y</q>
			<QW QID="29">ly</QW>
			<W BOX="249 345 330 370" STYLE_REF="10">destroyed</W>
			<W BOX="304 363 371 389" STYLE_REF="10">disgrace</W>
			<W BOX="331 346 335 371" STYLE_REF="10">,</W>
			<Q BOX="343 349 363 371" STYLE_REF="12" QID="30">an</Q>
			<q BOX="363 346 373 371" STYLE_REF="10" QID="30">d</q>
			<QW QID="30">and</QW>
			<W BOX="382 349 408 371" STYLE_REF="12">his</W>
			<W BOX="383 363 401 389" STYLE_REF="10">to</W>
			<W BOX="414 364 441 389" STYLE_REF="10">the</W>
			<Q BOX="419 349 428 371" STYLE_REF="12" QID="31">c</Q>
			<Q BOX="427 346 436 371" STYLE_REF="10" QID="31">a</Q>
			<q BOX="437 349 453 371" STYLE_REF="12" NS="y" QID="31">se</q>
			<QW QID="31">case</QW>
			<W BOX="453 347 458 372" STYLE_REF="10">,</W>
			<W BOX="455 364 546 389" STYLE_REF="10">administra</W>
			<W BOX="465 349 496 371" STYLE_REF="12">and</W>
			<Q BOX="503 347 510 372" STYLE_REF="10" QID="32">t</Q>
			<Q BOX="510 349 530 371" STYLE_REF="12" QID="32">ha</Q>
			<q BOX="531 347 538 372" STYLE_REF="10" QID="32">t</q>
			<QW QID="32">that</QW>
			<W BOX="547 364 580 389" STYLE_REF="10">tion</W>
			<Q BOX="550 349 560 371" STYLE_REF="12" QID="33">o</Q>
			<q BOX="560 347 565 372" STYLE_REF="10" QID="33">f</q>
			<QW QID="33">of</QW>
			<Q BOX="576 347 588 372" STYLE_REF="10" QID="34">h</Q>
			<q BOX="588 349 601 371" STYLE_REF="12" QID="34">is</q>
			<QW QID="34">his</QW>
			<W BOX="594 364 645 389" STYLE_REF="10">which</W>
			<W BOX="608 349 660 371" STYLE_REF="12">fellow</W>
			<W BOX="645 366 650 391" STYLE_REF="10">,</W>
			<W BOX="664 365 735 390" STYLE_REF="10">boasting</W>
			<W BOX="667 350 728 372" STYLE_REF="12" NS="y">sufferer</W>
			<W BOX="729 348 737 373" STYLE_REF="10">,</W>
			<L BOX="56 380 734 408"/>
			<W BOX="56 380 97 405" STYLE_REF="10">itself</W>
			<Q BOX="104 382 171 404" STYLE_REF="12" QID="35">peculiar</Q>
			<Q BOX="171 380 178 405" STYLE_REF="10" QID="35">l</Q>
			<q BOX="177 380 188 406" STYLE_REF="10" QID="35">y</q>
			<QW QID="35">peculiarly</QW>
			<W BOX="195 380 269 406" STYLE_REF="10">sensitive</W>
			<W BOX="275 380 290 406" STYLE_REF="10">of</W>
			<W BOX="301 381 370 406" STYLE_REF="10">national</W>
			<Q BOX="376 382 435 407" STYLE_REF="10" QID="36">honour</Q>
			<q BOX="448 384 478 406" STYLE_REF="12" QID="36">and</q>
			<QW QID="36">honourand</QW>
			<Q BOX="485 382 513 407" STYLE_REF="10" QID="37">pre</Q>
			<Q BOX="513 382 520 407" STYLE_REF="10" LH="y" QID="37">-</Q>
			<Q BOX="520 382 594 407" STYLE_REF="10" QID="37">eminentl</Q>
			<q BOX="595 383 606 408" STYLE_REF="10" QID="37">y</q>
			<QW QID="37">pre-eminently</QW>
			<Q BOX="612 385 638 407" STYLE_REF="12" QID="38">rea</Q>
			<Q BOX="638 383 648 408" STYLE_REF="10" QID="38">d</Q>
			<q BOX="648 385 660 407" STYLE_REF="12" QID="38">y</q>
			<QW QID="38">ready</QW>
			<Q BOX="666 383 673 408" STYLE_REF="10" QID="39">t</Q>
			<q BOX="674 385 683 407" STYLE_REF="12" QID="39">o</q>
			<QW QID="39">to</QW>
			<W BOX="689 385 734 407" STYLE_REF="12">incur</W>
		</Primitive>
		<Primitive BOX="24 389 811 444" ID="Ar0710006" SEQ_NO="6" TOC_ENTRY_ID="94" DEPTH_LEVEL="1">
			<L BOX="55 382 735 444"/>
			<W BOX="55 415 102 441" STYLE_REF="10">finger</W>
			<Q BOX="55 398 62 423" STYLE_REF="10" QID="40">t</Q>
			<q BOX="63 400 82 422" STYLE_REF="12" QID="40">he</q>
			<QW QID="40">the</QW>
			<Q BOX="88 398 95 423" STYLE_REF="10" QID="41">i</Q>
			<q BOX="94 400 114 422" STYLE_REF="12" QID="41">nc</q>
			<QW QID="41">inc</QW>
			<W BOX="114 415 131 441" STYLE_REF="10">in</W>
			<Q BOX="114 398 124 423" STYLE_REF="10" QID="42">a</Q>
			<q BOX="124 400 149 422" STYLE_REF="12" QID="42">lcu</q>
			<QW QID="42">alcu</QW>
			<W BOX="141 415 202 441" STYLE_REF="10">defence</W>
			<Q BOX="150 398 156 423" STYLE_REF="10" QID="43">l</Q>
			<q BOX="156 400 190 422" STYLE_REF="12" QID="43">able</q>
			<QW QID="43">lable</QW>
			<Q BOX="195 400 213 422" STYLE_REF="12" QID="44">ca</Q>
			<q BOX="213 398 219 423" STYLE_REF="10" QID="44">l</q>
			<QW QID="44">cal</QW>
			<W BOX="214 415 229 441" STYLE_REF="10">of</W>
			<W BOX="219 400 244 422" STYLE_REF="12">am</W>
			<W BOX="240 417 272 442" STYLE_REF="10">two</W>
			<Q BOX="244 398 256 423" STYLE_REF="10" QID="45">it</Q>
			<Q BOX="257 401 272 423" STYLE_REF="12" QID="45">ie</Q>
			<q BOX="271 399 279 424" STYLE_REF="10" QID="45">s</q>
			<QW QID="45">ities</QW>
			<W BOX="282 417 381 442" STYLE_REF="10">unoffending</W>
			<Q BOX="286 401 296 423" STYLE_REF="12" QID="46">o</Q>
			<q BOX="295 399 301 424" STYLE_REF="10" QID="46">f</q>
			<QW QID="46">of</QW>
			<W BOX="312 401 343 423" STYLE_REF="12">war</W>
			<Q BOX="350 399 360 424" STYLE_REF="10" QID="47">o</Q>
			<q BOX="360 401 370 423" STYLE_REF="12" QID="47">n</q>
			<QW QID="47">on</QW>
			<W BOX="377 402 404 424" STYLE_REF="12">ver</W>
			<W BOX="392 417 427 442" STYLE_REF="10">Eng</W>
			<W BOX="404 400 415 425" STYLE_REF="10">y</W>
			<W BOX="422 400 432 425" STYLE_REF="10">q</W>
			<W BOX="429 419 458 441" STYLE_REF="12">lish</W>
			<W BOX="433 402 460 424" STYLE_REF="12">ues</W>
			<W BOX="436 382 441 407" STYLE_REF="10">,</W>
			<W BOX="458 417 475 442" STYLE_REF="10">m</W>
			<Q BOX="460 400 467 425" STYLE_REF="10" QID="48">t</Q>
			<q BOX="468 402 503 424" STYLE_REF="12" QID="48">iona</q>
			<QW QID="48">tiona</QW>
			<W BOX="475 419 494 441" STYLE_REF="12" NS="y">en</W>
			<W BOX="495 418 500 443" STYLE_REF="10">,</W>
			<W BOX="503 400 514 425" STYLE_REF="10">b</W>
			<W BOX="511 418 518 443" STYLE_REF="10" NS="y">t</W>
			<S S_TYPE="SUP">
				<W BOX="514 402 528 424" STYLE_REF="12">le</W>
			</S>
			<W BOX="518 420 538 442" STYLE_REF="12">he</W>
			<W BOX="534 400 545 425" STYLE_REF="10">g</W>
			<W BOX="545 418 555 443" STYLE_REF="10">v</W>
			<W BOX="545 402 602 424" STYLE_REF="12">rounds</W>
			<Q BOX="556 420 570 442" STYLE_REF="12" QID="49">ic</Q>
			<Q BOX="570 418 577 443" STYLE_REF="10" QID="49">t</Q>
			<q BOX="578 420 608 442" STYLE_REF="12" QID="49">ims</q>
			<QW QID="49">ictims</QW>
			<W BOX="603 400 607 426" STYLE_REF="10">,</W>
			<W BOX="614 403 662 425" STYLE_REF="12">never</W>
			<Q BOX="618 420 629 442" STYLE_REF="12" QID="50">o</Q>
			<q BOX="628 418 633 443" STYLE_REF="10" QID="50">f</q>
			<QW QID="50">of</QW>
			<W BOX="645 420 668 442" STYLE_REF="12">un</W>
			<W BOX="668 403 717 425" STYLE_REF="12">raised</W>
			<Q BOX="668 418 683 444" STYLE_REF="10" QID="51">m</Q>
			<Q BOX="685 421 706 443" STYLE_REF="12" QID="51">eri</Q>
			<Q BOX="708 418 713 444" STYLE_REF="10" QID="51">t</Q>
			<q BOX="714 421 734 443" STYLE_REF="12" QID="51">ed</q>
			<QW QID="51">merited</QW>
			<W BOX="724 403 735 425" STYLE_REF="12">a</W>
		</Primitive>
		<Primitive BOX="24 433 811 513" ID="Ar0710007" SEQ_NO="7" TOC_ENTRY_ID="94" DEPTH_LEVEL="1">
			<L BOX="56 433 733 478"/>
			<Q BOX="56 433 65 459" STYLE_REF="10" QID="52">a</Q>
			<q BOX="65 433 144 459" STYLE_REF="10" QID="52">ggression</q>
			<QW QID="52">aggression</QW>
			<W BOX="75 451 91 476" STYLE_REF="10">It</W>
			<W BOX="97 451 111 476" STYLE_REF="10">is</W>
			<W BOX="118 451 177 476" STYLE_REF="10">neither</W>
			<W BOX="144 433 149 459" STYLE_REF="10">.</W>
			<W BOX="184 451 212 476" STYLE_REF="10">our</W>
			<Q BOX="218 451 238 476" STYLE_REF="10" QID="53">wi</Q>
			<q BOX="238 451 257 476" STYLE_REF="10" QID="53">sh</q>
			<QW QID="53">wish</QW>
			<W BOX="264 452 292 477" STYLE_REF="10">nor</W>
			<W BOX="299 452 326 477" STYLE_REF="10">our</W>
			<W BOX="333 452 412 477" STYLE_REF="10">intention</W>
			<W BOX="418 452 435 477" STYLE_REF="10">in</W>
			<W BOX="440 452 500 477" STYLE_REF="10">general</W>
			<W BOX="508 452 525 477" STYLE_REF="10">to</W>
			<W BOX="531 452 568 477" STYLE_REF="10">take</W>
			<W BOX="572 452 609 477" STYLE_REF="10">note</W>
			<W BOX="616 453 631 478" STYLE_REF="10">of</W>
			<Q BOX="639 453 676 478" STYLE_REF="10" QID="54">mag</Q>
			<Q BOX="676 453 681 478" STYLE_REF="10" QID="54">i</Q>
			<Q BOX="681 456 690 478" STYLE_REF="12" QID="54">s</Q>
			<Q BOX="689 453 696 478" STYLE_REF="10" QID="54">t</Q>
			<q BOX="696 456 733 478" STYLE_REF="12" QID="54">erial</q>
			<QW QID="54">magisterial</QW>
			<L BOX="54 469 734 514"/>
			<Q BOX="54 469 65 494" STYLE_REF="10" QID="55">p</Q>
			<q BOX="65 471 133 493" STYLE_REF="12" QID="55">roceedin</q>
			<QW QID="55">proceedin</QW>
			<W BOX="74 487 141 512" STYLE_REF="10">pressive</W>
			<Q BOX="134 469 144 494" STYLE_REF="10" QID="56">g</Q>
			<q BOX="144 471 154 493" STYLE_REF="12" QID="56">s</q>
			<QW QID="56">gs</QW>
			<W BOX="148 487 209 512" STYLE_REF="10">cruelty</W>
			<W BOX="153 469 157 494" STYLE_REF="10">,</W>
			<W BOX="171 469 200 494" STYLE_REF="10" NS="y">but</W>
			<W BOX="201 469 206 494" STYLE_REF="10">,</W>
			<W BOX="216 472 230 494" STYLE_REF="12">w</W>
			<W BOX="219 487 245 512" STYLE_REF="10">the</W>
			<Q BOX="230 469 241 494" STYLE_REF="10" QID="57">h</Q>
			<q BOX="242 472 266 494" STYLE_REF="12" QID="57">ere</q>
			<QW QID="57">here</QW>
			<W BOX="261 487 388 512" STYLE_REF="10">Englishwoman</W>
			<Q BOX="278 472 288 494" STYLE_REF="12" QID="58">c</Q>
			<Q BOX="286 469 297 494" STYLE_REF="10" QID="58">h</Q>
			<q BOX="297 472 347 494" STYLE_REF="12" QID="58">ildren</q>
			<QW QID="58">children</QW>
			<Q BOX="360 469 371 494" STYLE_REF="10" QID="59">h</Q>
			<q BOX="371 472 400 494" STYLE_REF="12" QID="59">ave</q>
			<QW QID="59">have</QW>
			<W BOX="387 487 394 512" STYLE_REF="10" NS="y">'</W>
			<W BOX="407 488 472 513" STYLE_REF="10">Journal</W>
			<W BOX="414 473 452 495" STYLE_REF="12">been</W>
			<W BOX="466 473 515 495" STYLE_REF="12">subjec</W>
			<W BOX="476 488 480 513" STYLE_REF="10">'</W>
			<Q BOX="519 471 525 496" STYLE_REF="10" QID="60">t</Q>
			<q BOX="526 473 535 495" STYLE_REF="12" QID="60">e</q>
			<QW QID="60">te</QW>
			<W BOX="530 488 549 514" STYLE_REF="10">be</W>
			<W BOX="534 471 545 496" STYLE_REF="10">d</W>
			<W BOX="556 488 621 514" STYLE_REF="10">excused</W>
			<Q BOX="557 470 564 496" STYLE_REF="10" QID="61">t</Q>
			<q BOX="565 473 574 495" STYLE_REF="12" QID="61">o</q>
			<QW QID="61">to</QW>
			<Q BOX="586 470 597 496" STYLE_REF="10" QID="62">u</Q>
			<q BOX="597 473 662 495" STYLE_REF="12" QID="62">nnecess</q>
			<QW QID="62">unnecess</QW>
			<W BOX="629 488 651 514" STYLE_REF="10">for</W>
			<Q BOX="661 471 671 496" STYLE_REF="10" QID="63">a</Q>
			<Q BOX="670 473 677 495" STYLE_REF="12" QID="63">r</Q>
			<q BOX="678 471 689 496" STYLE_REF="10" QID="63">y</q>
			<QW QID="63">ary</QW>
			<Q BOX="702 473 712 495" STYLE_REF="12" QID="64">a</Q>
			<Q BOX="711 471 722 496" STYLE_REF="10" QID="64">n</Q>
			<q BOX="723 473 734 495" STYLE_REF="12" QID="64">d</q>
			<QW QID="64">and</QW>
		</Primitive>
		<Primitive BOX="24 501 811 567" ID="Ar0710008" SEQ_NO="8" TOC_ENTRY_ID="94" DEPTH_LEVEL="1">
			<L BOX="54 487 734 532"/>
			<W BOX="54 504 111 529" STYLE_REF="10">throug</W>
			<W BOX="54 487 74 512" STYLE_REF="10">op</W>
			<W BOX="110 504 121 529" STYLE_REF="10">h</W>
			<W BOX="128 504 160 529" STYLE_REF="10">this</W>
			<W BOX="167 504 201 529" STYLE_REF="10" NS="y">rule</W>
			<W BOX="201 504 206 529" STYLE_REF="10">.</W>
			<W BOX="210 487 214 512" STYLE_REF="10">,</W>
			<W BOX="227 504 259 529" STYLE_REF="10">The</W>
			<W BOX="252 489 256 514" STYLE_REF="10" NS="y">'</W>
			<S S_TYPE="SUB">
				<W BOX="272 500 276 524" STYLE_REF="7">e</W>
			</S>
			<W BOX="281 505 320 530" STYLE_REF="10">Hull</W>
			<W BOX="328 505 416 530" STYLE_REF="10">Advertiser</W>
			<W BOX="392 488 399 513" STYLE_REF="10">s</W>
			<W BOX="420 506 425 531" STYLE_REF="10">'</W>
			<W BOX="435 506 450 531" STYLE_REF="10">of</W>
			<W BOX="461 506 492 531" STYLE_REF="10">last</W>
			<W BOX="487 488 525 514" STYLE_REF="10">may</W>
			<W BOX="502 506 559 531" STYLE_REF="10">month</W>
			<W BOX="565 506 637 531" STYLE_REF="10">contains</W>
			<W BOX="644 506 652 531" STYLE_REF="10">a</W>
			<W BOX="659 488 734 514" STYLE_REF="10">breaking</W>
			<W BOX="659 507 709 532" STYLE_REF="10">report</W>
			<W BOX="717 507 733 532" STYLE_REF="10">of</W>
			<L BOX="53 522 733 567"/>
			<W BOX="53 538 63 563" STYLE_REF="13">of</W>
			<W BOX="54 522 81 547" STYLE_REF="10">the</W>
			<W BOX="72 540 140 565" STYLE_REF="13">putting</W>
			<W BOX="87 522 175 547" STYLE_REF="10">committal</W>
			<W BOX="145 540 168 565" STYLE_REF="13">his</W>
			<W BOX="176 540 210 565" STYLE_REF="13">own</W>
			<W BOX="182 522 197 547" STYLE_REF="10">of</W>
			<W BOX="204 522 213 547" STYLE_REF="10">a</W>
			<W BOX="215 540 292 565" STYLE_REF="13" M="5 * ">_hreaJcfast</W>
			<W BOX="220 522 276 547" STYLE_REF="10" NS="y">farmer</W>
			<W BOX="276 522 282 547" STYLE_REF="10" NS="y">'</W>
			<W BOX="280 523 288 548" STYLE_REF="10">s</W>
			<W BOX="295 523 325 548" STYLE_REF="10">boy</W>
			<W BOX="298 540 315 565" STYLE_REF="13">in</W>
			<W BOX="322 541 344 566" STYLE_REF="13" M="4 * ">_hisj</W>
			<W BOX="332 523 347 548" STYLE_REF="10">of</W>
			<W BOX="348 541 359 566" STYLE_REF="13">&gt;</W>
			<W BOX="357 523 384 548" STYLE_REF="10">the</W>
			<W BOX="359 541 376 566" STYLE_REF="13" NS="y">oc</W>
			<W BOX="376 541 385 566" STYLE_REF="13" NS="y">7</W>
			<W BOX="385 541 405 566" STYLE_REF="13">cet</W>
			<W BOX="389 523 418 548" STYLE_REF="10">age</W>
			<W BOX="406 542 410 567" STYLE_REF="13">:</W>
			<W BOX="421 542 480 567" STYLE_REF="10">having</W>
			<W BOX="424 524 439 549" STYLE_REF="10">of</W>
			<W BOX="447 524 514 549" STYLE_REF="10">thirteen</W>
			<W BOX="486 542 507 567" STYLE_REF="10">no</W>
			<W BOX="514 542 582 567" STYLE_REF="10">appetite</W>
			<W BOX="522 524 538 549" STYLE_REF="10">to</W>
			<W BOX="545 524 597 549" STYLE_REF="10">prison</W>
			<W BOX="589 542 606 567" STYLE_REF="10">at</W>
			<W BOX="598 524 603 549" STYLE_REF="10">,</W>
			<W BOX="610 524 633 549" STYLE_REF="10">for</W>
			<W BOX="613 542 640 567" STYLE_REF="10">the</W>
			<W BOX="641 524 669 549" STYLE_REF="10">the</W>
			<W BOX="647 542 726 567" STYLE_REF="10">breakfast</W>
			<W BOX="676 525 731 550" STYLE_REF="10">offence</W>
			<Q BOX="726 542 733 567" STYLE_REF="10" QID="65">-</Q>
		</Primitive>
		<Primitive BOX="24 558 811 621" ID="Ar0710009" SEQ_NO="9" TOC_ENTRY_ID="94" DEPTH_LEVEL="1">
			<L BOX="53 558 732 586"/>
			<q BOX="53 558 91 583" STYLE_REF="10" NS="y" QID="65">time</q>
			<QW QID="65">time</QW>
			<W BOX="91 559 96 584" STYLE_REF="10">,</W>
			<W BOX="107 558 127 583" STYLE_REF="10">he</W>
			<W BOX="141 558 178 583" STYLE_REF="10">took</W>
			<W BOX="191 558 216 583" STYLE_REF="10">his</W>
			<W BOX="226 558 286 583" STYLE_REF="10">portion</W>
			<W BOX="297 558 312 583" STYLE_REF="10">of</W>
			<W BOX="326 558 352 583" STYLE_REF="10">the</W>
			<W BOX="361 559 395 584" STYLE_REF="10">food</W>
			<W BOX="409 559 447 584" STYLE_REF="10">with</W>
			<W BOX="459 559 493 584" STYLE_REF="10">him</W>
			<W BOX="503 559 519 584" STYLE_REF="10">to</W>
			<W BOX="531 559 555 584" STYLE_REF="10">eat</W>
			<W BOX="566 559 613 584" STYLE_REF="10">while</W>
			<W BOX="622 559 639 584" STYLE_REF="10">at</W>
			<W BOX="649 560 676 585" STYLE_REF="10">his</W>
			<W BOX="683 560 727 586" STYLE_REF="10" NS="y">work</W>
			<W BOX="727 560 732 586" STYLE_REF="10">.</W>
			<L BOX="51 576 732 621"/>
			<W BOX="51 594 124 619" STYLE_REF="10">property</W>
			<W BOX="52 576 78 601" STYLE_REF="10">He</W>
			<W BOX="84 576 117 601" STYLE_REF="10">was</W>
			<W BOX="123 576 188 601" STYLE_REF="10">accused</W>
			<W BOX="131 594 146 619" STYLE_REF="10">of</W>
			<W BOX="153 594 179 619" STYLE_REF="10">his</W>
			<W BOX="185 594 242 619" STYLE_REF="10">master</W>
			<W BOX="195 576 210 601" STYLE_REF="10">of</W>
			<W BOX="221 576 281 601" STYLE_REF="10">having</W>
			<W BOX="254 594 281 619" STYLE_REF="10">Mr</W>
			<W BOX="291 578 304 603" STYLE_REF="10">"</W>
			<W BOX="293 594 363 619" STYLE_REF="10">Johnson</W>
			<W BOX="305 577 354 602" STYLE_REF="10">stolen</W>
			<W BOX="362 577 371 602" STYLE_REF="10">a</W>
			<W BOX="373 595 428 620" STYLE_REF="10">farmer</W>
			<W BOX="379 577 436 602" STYLE_REF="10">certain</W>
			<W BOX="441 595 455 620" STYLE_REF="10">of</W>
			<W BOX="445 577 517 602" STYLE_REF="10">quantity</W>
			<Q BOX="463 595 483 620" STYLE_REF="10" QID="66">Ri</Q>
			<q BOX="494 595 527 620" STYLE_REF="10" QID="66">ling</q>
			<QW QID="66">Riling</QW>
			<W BOX="526 578 541 603" STYLE_REF="10">of</W>
			<W BOX="527 595 564 620" STYLE_REF="10">ham</W>
			<W BOX="552 578 598 603" STYLE_REF="10">bread</W>
			<W BOX="570 596 579 621" STYLE_REF="10">"</W>
			<W BOX="586 595 617 621" STYLE_REF="10">and</W>
			<W BOX="608 578 639 603" STYLE_REF="10">and</W>
			<W BOX="624 596 705 621" STYLE_REF="10">sentenced</W>
			<W BOX="650 578 692 603" STYLE_REF="10" NS="y">meat</W>
			<W BOX="692 578 697 603" STYLE_REF="10">,</W>
			<W BOX="705 578 732 604" STYLE_REF="10">the</W>
			<W BOX="714 596 731 621" STYLE_REF="10">to</W>
		</Primitive>
		<Primitive BOX="24 611 811 675" ID="Ar0710010" SEQ_NO="10" TOC_ENTRY_ID="94" DEPTH_LEVEL="1">
			<L BOX="52 594 571 638"/>
			<W BOX="52 611 61 636" STYLE_REF="10">a</W>
			<Q BOX="67 611 105 636" STYLE_REF="10" QID="67">mon</Q>
			<q BOX="105 611 125 636" STYLE_REF="10" NS="y" QID="67">th</q>
			<QW QID="67">month</QW>
			<W BOX="125 611 129 636" STYLE_REF="10" NS="y">'</W>
			<W BOX="129 612 136 637" STYLE_REF="10">s</W>
			<W BOX="143 612 262 637" STYLE_REF="10">imprisonment</W>
			<W BOX="242 595 247 620" STYLE_REF="10">,</W>
			<W BOX="262 612 267 637" STYLE_REF="10">,</W>
			<W BOX="274 612 313 637" STYLE_REF="10">with</W>
			<W BOX="281 594 286 619" STYLE_REF="10">.</W>
			<W BOX="319 612 357 637" STYLE_REF="10">hard</W>
			<W BOX="363 595 368 620" STYLE_REF="10">,</W>
			<W BOX="364 612 417 637" STYLE_REF="10" NS="y">labour</W>
			<W BOX="418 613 423 638" STYLE_REF="10">,</W>
			<W BOX="429 595 434 621" STYLE_REF="10">,</W>
			<W BOX="430 613 446 638" STYLE_REF="10">at</W>
			<W BOX="454 613 529 638" STYLE_REF="10">Beverley</W>
			<W BOX="483 596 494 621" STYLE_REF="10">p</W>
			<W BOX="529 613 534 638" STYLE_REF="10">.</W>
			<W BOX="565 595 571 621" STYLE_REF="10">,</W>
			<L BOX="51 629 729 675"/>
			<W BOX="51 647 78 672" STYLE_REF="10">jail</W>
			<W BOX="72 629 105 654" STYLE_REF="10">The</W>
			<W BOX="85 647 108 672" STYLE_REF="10">for</W>
			<W BOX="116 647 125 672" STYLE_REF="10">a</W>
			<W BOX="119 630 123 655" STYLE_REF="10">'</W>
			<W BOX="128 629 204 654" STYLE_REF="10">Stamford</W>
			<W BOX="132 647 188 672" STYLE_REF="10">month</W>
			<W BOX="194 647 216 672" STYLE_REF="10">for</W>
			<W BOX="213 629 285 654" STYLE_REF="10">Mercury</W>
			<W BOX="229 649 235 674" STYLE_REF="13">"</W>
			<W BOX="243 647 325 672" STYLE_REF="10">sketching</W>
			<W BOX="291 631 295 656" STYLE_REF="10">'</W>
			<W BOX="307 630 355 655" STYLE_REF="10">menti</W>
			<W BOX="331 647 383 672" STYLE_REF="10">anima</W>
			<W BOX="356 630 384 655" STYLE_REF="10">ons</W>
			<Q BOX="380 648 384 673" STYLE_REF="10" QID="68">'</Q>
			<q BOX="384 648 398 673" STYLE_REF="10" QID="68">ls</q>
			<QW QID="68">'ls</QW>
			<W BOX="395 630 422 655" STYLE_REF="10">the</W>
			<W BOX="408 648 438 673" STYLE_REF="10">and</W>
			<W BOX="431 630 518 656" STYLE_REF="10">committal</W>
			<W BOX="449 648 507 673" STYLE_REF="10">absurd</W>
			<W BOX="518 648 571 673" STYLE_REF="10">things</W>
			<W BOX="528 631 544 656" STYLE_REF="10">of</W>
			<W BOX="555 631 564 656" STYLE_REF="10">a</W>
			<W BOX="571 631 602 656" STYLE_REF="10">boy</W>
			<W BOX="583 649 622 674" STYLE_REF="10">with</W>
			<W BOX="609 631 624 656" STYLE_REF="10">of</W>
			<W BOX="630 649 638 674" STYLE_REF="10">a</W>
			<W BOX="635 631 704 656" STYLE_REF="10">fourteen</W>
			<Q BOX="645 649 695 674" STYLE_REF="10" QID="69">pencil</Q>
			<q BOX="708 650 729 675" STYLE_REF="10" QID="69">on</q>
			<QW QID="69">pencilon</QW>
			<W BOX="713 632 729 657" STYLE_REF="10">to</W>
		</Primitive>
		<Primitive BOX="24 665 811 721" ID="Ar0710011" SEQ_NO="11" TOC_ENTRY_ID="94" DEPTH_LEVEL="1">
			<L BOX="572 649 701 674"/>
			<W BOX="572 649 576 674" STYLE_REF="10">,</W>
			<W BOX="696 649 701 674" STYLE_REF="10">,</W>
			<L BOX="51 665 730 710"/>
			<W BOX="51 683 87 708" STYLE_REF="10">mag</W>
			<W BOX="51 665 78 690" STYLE_REF="10">the</W>
			<W BOX="87 683 148 708" STYLE_REF="10">istrates</W>
			<W BOX="88 665 126 690" STYLE_REF="10">back</W>
			<W BOX="138 665 153 690" STYLE_REF="10">of</W>
			<W BOX="155 683 190 708" STYLE_REF="10">who</W>
			<W BOX="164 665 191 690" STYLE_REF="10">the</W>
			<W BOX="190 683 195 708" STYLE_REF="10">,</W>
			<W BOX="201 665 327 690" STYLE_REF="10">churchwardens</W>
			<W BOX="202 683 281 708" STYLE_REF="10">according</W>
			<W BOX="290 683 307 708" STYLE_REF="10">to</W>
			<W BOX="314 683 340 708" STYLE_REF="10">the</W>
			<W BOX="326 665 330 691" STYLE_REF="10">'</W>
			<W BOX="340 666 375 691" STYLE_REF="10">pew</W>
			<W BOX="347 683 430 708" STYLE_REF="10">statement</W>
			<W BOX="385 666 401 691" STYLE_REF="10">in</W>
			<W BOX="412 666 439 691" STYLE_REF="10">the</W>
			<W BOX="431 684 436 709" STYLE_REF="10">,</W>
			<W BOX="443 684 557 709" STYLE_REF="10">distinguished</W>
			<W BOX="449 666 500 691" STYLE_REF="10">parish</W>
			<W BOX="511 666 569 691" STYLE_REF="10">church</W>
			<W BOX="567 684 655 709" STYLE_REF="10">themselve</W>
			<W BOX="570 667 578 692" STYLE_REF="10" NS="y">.</W>
			<W BOX="576 667 585 692" STYLE_REF="10">"</W>
			<W BOX="606 667 640 692" STYLE_REF="10">The</W>
			<W BOX="650 667 730 692" STYLE_REF="10">presiding</W>
			<W BOX="654 685 662 710" STYLE_REF="10">s</W>
			<W BOX="668 685 688 710" STYLE_REF="10">on</W>
			<W BOX="696 685 728 710" STYLE_REF="10">this</W>
		</Primitive>
		<Primitive BOX="24 709 811 761" ID="Ar0710012" SEQ_NO="12" TOC_ENTRY_ID="94" DEPTH_LEVEL="1">
			<L BOX="50 701 728 746"/>
			<W BOX="50 718 83 744" STYLE_REF="10">Esq</W>
			<W BOX="50 701 118 726" STYLE_REF="10">occasion</W>
			<Q BOX="83 718 89 744" STYLE_REF="10" QID="70">.</Q>
			<q BOX="89 718 94 744" STYLE_REF="10" QID="70">,</q>
			<QW QID="70">.,</QW>
			<W BOX="102 718 116 744" STYLE_REF="10" NS="y">P</W>
			<W BOX="117 718 123 744" STYLE_REF="10">.</W>
			<W BOX="119 701 124 726" STYLE_REF="10">,</W>
			<W BOX="128 719 142 744" STYLE_REF="10">C</W>
			<W BOX="135 701 175 726" STYLE_REF="10">were</W>
			<W BOX="142 719 146 744" STYLE_REF="10">.</W>
			<W BOX="154 718 217 743" STYLE_REF="10">Sherard</W>
			<W BOX="185 701 213 726" STYLE_REF="10">the</W>
			<W BOX="219 719 224 744" STYLE_REF="10">,</W>
			<W BOX="222 701 293 726" STYLE_REF="10">Marquis</W>
			<W BOX="233 719 266 744" STYLE_REF="10" NS="y">Esq</W>
			<W BOX="266 719 272 744" STYLE_REF="10">.</W>
			<W BOX="292 719 323 744" STYLE_REF="10">We</W>
			<W BOX="304 701 318 726" STYLE_REF="10">of</W>
			<W BOX="328 701 400 726" STYLE_REF="10">Huntley</W>
			<W BOX="331 719 381 744" STYLE_REF="10">regret</W>
			<W BOX="390 719 426 744" STYLE_REF="10">that</W>
			<W BOX="400 701 405 726" STYLE_REF="10">,</W>
			<W BOX="415 702 455 727" STYLE_REF="10">Lord</W>
			<W BOX="436 719 464 744" STYLE_REF="10">the</W>
			<W BOX="467 702 525 727" STYLE_REF="10">George</W>
			<W BOX="473 719 527 744" STYLE_REF="10">names</W>
			<W BOX="537 702 598 727" STYLE_REF="10">Gordon</W>
			<W BOX="539 719 553 744" STYLE_REF="10">of</W>
			<W BOX="565 719 591 744" STYLE_REF="10">the</W>
			<W BOX="600 703 605 728" STYLE_REF="10">,</W>
			<W BOX="601 719 638 744" STYLE_REF="10">mag</W>
			<W BOX="612 702 623 727" STYLE_REF="10" NS="y">J</W>
			<W BOX="623 702 630 727" STYLE_REF="10">.</W>
			<W BOX="638 702 657 727" STYLE_REF="10">M</W>
			<W BOX="638 720 700 746" STYLE_REF="10">istrates</W>
			<W BOX="657 702 662 727" STYLE_REF="10">.</W>
			<Q BOX="669 702 690 727" STYLE_REF="10" QID="71">Vi</Q>
			<q BOX="690 703 721 728" STYLE_REF="10" QID="71">pan</q>
			<QW QID="71">Vipan</QW>
			<W BOX="711 720 727 746" STYLE_REF="10">of</W>
			<W BOX="722 703 728 729" STYLE_REF="10">,</W>
			<L BOX="50 736 328 761"/>
			<W BOX="50 736 113 761" STYLE_REF="10">Welton</W>
			<W BOX="121 736 160 761" STYLE_REF="10">were</W>
			<W BOX="167 736 194 761" STYLE_REF="10">not</W>
			<W BOX="201 736 233 761" STYLE_REF="10">also</W>
			<W BOX="239 736 322 761" STYLE_REF="10" NS="y">published</W>
			<W BOX="322 736 328 761" STYLE_REF="10">.</W>
		</Primitive>
		<Primitive BOX="24 754 811 817" ID="Ar0710013" SEQ_NO="13" TOC_ENTRY_ID="94" DEPTH_LEVEL="1">
			<L BOX="48 754 728 817"/>
			<W BOX="48 790 71 815" STYLE_REF="10">we</W>
			<W BOX="49 772 132 797" STYLE_REF="10">sequences</W>
			<W BOX="68 754 133 779" STYLE_REF="10">Assumi</W>
			<W BOX="77 790 121 815" STYLE_REF="10">must</W>
			<W BOX="127 790 161 815" STYLE_REF="10">own</W>
			<W BOX="134 754 155 779" STYLE_REF="10">ng</W>
			<W BOX="140 772 173 797" STYLE_REF="10">that</W>
			<W BOX="162 754 189 779" STYLE_REF="10">the</W>
			<W BOX="169 790 193 815" STYLE_REF="10">we</W>
			<W BOX="180 772 218 797" STYLE_REF="10">may</W>
			<W BOX="196 754 239 779" STYLE_REF="10">truth</W>
			<W BOX="199 790 255 815" STYLE_REF="10">cannot</W>
			<W BOX="224 772 273 797" STYLE_REF="10">result</W>
			<W BOX="250 754 265 779" STYLE_REF="10">of</W>
			<W BOX="262 790 309 815" STYLE_REF="10">think</W>
			<W BOX="276 754 314 779" STYLE_REF="10">facts</W>
			<W BOX="283 772 321 797" STYLE_REF="10">from</W>
			<W BOX="316 790 331 815" STYLE_REF="10">of</W>
			<W BOX="322 754 350 779" STYLE_REF="10">thu</W>
			<W BOX="333 772 352 797" STYLE_REF="10">an</W>
			<W BOX="338 790 381 815" STYLE_REF="10">them</W>
			<W BOX="351 754 359 779" STYLE_REF="10">s</W>
			<W BOX="363 772 466 797" STYLE_REF="10">introduction</W>
			<W BOX="369 754 429 779" STYLE_REF="10">publicl</W>
			<W BOX="387 790 452 816" STYLE_REF="10">without</W>
			<W BOX="428 755 439 781" STYLE_REF="10">y</W>
			<W BOX="446 755 497 781" STYLE_REF="10">stated</W>
			<W BOX="460 791 480 816" STYLE_REF="10">an</W>
			<W BOX="477 773 494 798" STYLE_REF="10">to</W>
			<W BOX="487 791 553 816" STYLE_REF="10">amount</W>
			<W BOX="498 756 502 782" STYLE_REF="10">,</W>
			<W BOX="504 773 531 798" STYLE_REF="10">jail</W>
			<W BOX="510 756 541 781" STYLE_REF="10">and</W>
			<W BOX="539 773 554 798" STYLE_REF="10">of</W>
			<W BOX="552 756 648 781" STYLE_REF="10">considering</W>
			<W BOX="560 791 574 816" STYLE_REF="10">of</W>
			<W BOX="565 773 574 798" STYLE_REF="10">a</W>
			<W BOX="584 773 614 798" STYLE_REF="10">boy</W>
			<Q BOX="585 791 619 816" STYLE_REF="10" QID="72">indi</Q>
			<q BOX="619 792 684 817" STYLE_REF="10" QID="72">gnation</q>
			<QW QID="72">indignation</QW>
			<W BOX="624 773 640 798" STYLE_REF="10">of</W>
			<W BOX="651 773 719 798" STYLE_REF="10">fourteen</W>
			<W BOX="655 756 684 781" STYLE_REF="10">the</W>
			<W BOX="690 756 720 781" STYLE_REF="10">con</W>
			<W BOX="691 792 725 817" STYLE_REF="10">that</W>
			<W BOX="720 756 727 781" STYLE_REF="10" LH="y">-</W>
			<W BOX="721 775 728 800" STYLE_REF="10">,</W>
		</Primitive>
		<Primitive BOX="24 808 811 863" ID="Ar0710014" SEQ_NO="14" TOC_ENTRY_ID="94" DEPTH_LEVEL="1">
			<L BOX="48 808 426 833"/>
			<W BOX="48 808 111 833" STYLE_REF="10">induces</W>
			<W BOX="117 808 136 833" STYLE_REF="10">us</W>
			<W BOX="143 808 160 833" STYLE_REF="10">to</W>
			<W BOX="166 808 220 833" STYLE_REF="10">refrain</W>
			<W BOX="229 808 268 833" STYLE_REF="10">from</W>
			<W BOX="276 808 334 833" STYLE_REF="10">further</W>
			<W BOX="342 808 421 833" STYLE_REF="10" NS="y">comment</W>
			<W BOX="421 808 426 833" STYLE_REF="10">.</W>
			<L BOX="67 825 725 853"/>
			<W BOX="67 825 92 851" STYLE_REF="10">As</W>
			<W BOX="97 825 111 851" STYLE_REF="10">it</W>
			<W BOX="118 825 154 851" STYLE_REF="10">falls</W>
			<Q BOX="161 825 234 851" STYLE_REF="10" QID="73">peculiarl</Q>
			<q BOX="234 826 245 851" STYLE_REF="10" QID="73">y</q>
			<QW QID="73">peculiarly</QW>
			<W BOX="252 826 308 851" STYLE_REF="10">within</W>
			<W BOX="315 826 342 851" STYLE_REF="10">our</W>
			<W BOX="353 826 425 851" STYLE_REF="10">province</W>
			<W BOX="435 826 452 851" STYLE_REF="10">to</W>
			<W BOX="464 826 515 851" STYLE_REF="10">record</W>
			<W BOX="527 826 554 851" STYLE_REF="10">the</W>
			<W BOX="564 827 634 852" STYLE_REF="10">progress</W>
			<W BOX="645 827 660 852" STYLE_REF="10">of</W>
			<W BOX="673 828 725 853" STYLE_REF="10">public</W>
		</Primitive>
		<Primitive BOX="24 852 811 899" ID="Ar0710015" SEQ_NO="15" TOC_ENTRY_ID="94" DEPTH_LEVEL="1">
			<L BOX="46 843 725 905"/>
			<W BOX="46 879 55 904" STYLE_REF="10">a</W>
			<W BOX="47 844 67 869" STYLE_REF="10">op</W>
			<W BOX="47 861 64 886" STYLE_REF="10">to</W>
			<W BOX="62 879 76 904" STYLE_REF="10">si</W>
			<W BOX="67 843 109 868" STYLE_REF="10">inion</W>
			<W BOX="70 861 105 886" STYLE_REF="10">pass</W>
			<W BOX="75 879 149 904" STYLE_REF="10">gnificant</W>
			<W BOX="112 861 179 886" STYLE_REF="10">without</W>
			<W BOX="116 843 136 868" STYLE_REF="10">on</W>
			<W BOX="143 843 164 868" STYLE_REF="10">all</W>
			<Q BOX="158 879 172 904" STYLE_REF="10" QID="74">si</Q>
			<q BOX="171 879 192 904" STYLE_REF="10" QID="74">gn</q>
			<QW QID="74">sign</QW>
			<W BOX="171 843 222 869" STYLE_REF="10">questi</W>
			<W BOX="184 861 235 886" STYLE_REF="10">notice</W>
			<W BOX="203 879 218 904" STYLE_REF="10">of</W>
			<W BOX="223 843 242 869" STYLE_REF="10">on</W>
			<W BOX="230 879 257 904" STYLE_REF="10">the</W>
			<W BOX="241 861 249 886" STYLE_REF="10">a</W>
			<W BOX="243 843 250 869" STYLE_REF="10">s</W>
			<W BOX="256 843 346 869" STYLE_REF="10">concerning</W>
			<W BOX="257 861 367 886" STYLE_REF="10">circumstance</W>
			<W BOX="268 879 314 904" STYLE_REF="10" NS="y">times</W>
			<W BOX="314 879 319 904" STYLE_REF="10">.</W>
			<W BOX="339 879 363 904" STYLE_REF="10">On</W>
			<W BOX="354 843 381 869" STYLE_REF="10">the</W>
			<W BOX="373 861 424 886" STYLE_REF="10">which</W>
			<W BOX="376 879 402 904" STYLE_REF="10">the</W>
			<W BOX="387 843 433 869" STYLE_REF="10">positi</W>
			<W BOX="414 880 479 905" STYLE_REF="10">evening</W>
			<W BOX="424 862 429 887" STYLE_REF="10">,</W>
			<W BOX="434 844 453 869" STYLE_REF="10">on</W>
			<W BOX="436 862 459 887" STYLE_REF="10">for</W>
			<W BOX="461 844 475 869" STYLE_REF="10">of</W>
			<Q BOX="467 862 477 887" STYLE_REF="10" QID="75">v</Q>
			<q BOX="478 862 500 887" STYLE_REF="10" QID="75">ari</q>
			<QW QID="75">vari</QW>
			<W BOX="484 844 523 869" STYLE_REF="10">wom</W>
			<W BOX="491 880 506 905" STYLE_REF="10">of</W>
			<W BOX="501 862 521 887" STYLE_REF="10">ou</W>
			<W BOX="520 880 548 905" STYLE_REF="10">the</W>
			<W BOX="522 862 529 887" STYLE_REF="10">s</W>
			<W BOX="524 844 544 869" STYLE_REF="10">en</W>
			<W BOX="536 862 588 887" STYLE_REF="10">reason</W>
			<W BOX="544 845 549 870" STYLE_REF="10">,</W>
			<W BOX="556 845 581 870" STYLE_REF="10">we</W>
			<W BOX="562 880 584 905" STYLE_REF="10" NS="y">19</W>
			<W BOX="584 880 600 905" STYLE_REF="10">th</W>
			<W BOX="589 862 598 887" STYLE_REF="10">s</W>
			<W BOX="590 845 634 870" STYLE_REF="10">must</W>
			<W BOX="597 863 602 888" STYLE_REF="10">,</W>
			<W BOX="609 863 634 888" STYLE_REF="10">we</W>
			<W BOX="614 880 640 905" STYLE_REF="10" NS="y">Mr</W>
			<W BOX="640 880 645 905" STYLE_REF="10">.</W>
			<W BOX="643 863 697 888" STYLE_REF="10">regard</W>
			<W BOX="644 845 672 870" STYLE_REF="10">not</W>
			<W BOX="659 880 719 905" STYLE_REF="10">Buckle</W>
			<W BOX="679 845 725 870" STYLE_REF="10">allow</W>
			<W BOX="706 863 724 888" STYLE_REF="10">as</W>
		</Primitive>
		<Primitive BOX="24 888 811 942" ID="Ar0710016" SEQ_NO="16" TOC_ENTRY_ID="94" DEPTH_LEVEL="1">
			<L BOX="46 881 725 942"/>
			<W BOX="46 915 55 940" STYLE_REF="10">a</W>
			<W BOX="46 897 73 922" STYLE_REF="10">the</W>
			<W BOX="63 915 132 940" STYLE_REF="10">crowded</W>
			<Q BOX="80 897 100 922" STYLE_REF="10" QID="76">au</Q>
			<q BOX="101 897 135 922" STYLE_REF="10" QID="76">thor</q>
			<QW QID="76">author</QW>
			<W BOX="138 915 169 940" STYLE_REF="10">and</W>
			<W BOX="146 897 162 922" STYLE_REF="10">of</W>
			<W BOX="174 897 201 922" STYLE_REF="10">the</W>
			<W BOX="176 915 271 940" STYLE_REF="10">fashionable</W>
			<W BOX="209 898 213 923" STYLE_REF="10">'</W>
			<W BOX="218 897 283 922" STYLE_REF="10">History</W>
			<W BOX="275 915 347 940" STYLE_REF="10">audience</W>
			<W BOX="290 897 305 922" STYLE_REF="10">of</W>
			<W BOX="313 897 411 922" STYLE_REF="10">Civilization</W>
			<W BOX="348 915 353 940" STYLE_REF="10">,</W>
			<W BOX="357 915 373 940" STYLE_REF="10">at</W>
			<W BOX="378 915 404 940" STYLE_REF="10">the</W>
			<W BOX="411 915 460 940" STYLE_REF="10">Royal</W>
			<W BOX="417 897 433 922" STYLE_REF="10">in</W>
			<W BOX="441 898 477 923" STYLE_REF="10">Eng</W>
			<W BOX="465 915 523 940" STYLE_REF="10">Institu</W>
			<W BOX="478 897 513 922" STYLE_REF="10" NS="y">land</W>
			<W BOX="515 898 521 923" STYLE_REF="10" NS="y">,</W>
			<W BOX="520 898 524 923" STYLE_REF="10">'</W>
			<W BOX="525 915 558 940" STYLE_REF="10">tion</W>
			<W BOX="531 898 607 923" STYLE_REF="10">delivered</W>
			<W BOX="558 916 563 941" STYLE_REF="10">,</W>
			<W BOX="568 916 648 941" STYLE_REF="10">Albemarl</W>
			<W BOX="620 898 629 924" STYLE_REF="10">a</W>
			<W BOX="641 898 699 924" STYLE_REF="10">lecture</W>
			<W BOX="649 916 657 941" STYLE_REF="10">e</W>
			<W BOX="666 916 717 942" STYLE_REF="10">Street</W>
			<W BOX="706 898 723 924" STYLE_REF="10">to</W>
			<W BOX="717 916 722 942" STYLE_REF="10">.</W>
			<W BOX="718 881 725 907" STYLE_REF="10">,</W>
		</Primitive>
		<Primitive BOX="24 932 811 1023" ID="Ar0710017" SEQ_NO="17" TOC_ENTRY_ID="94" DEPTH_LEVEL="1">
			<L BOX="44 932 723 977"/>
			<W BOX="44 950 113 975" STYLE_REF="10">hitherto</W>
			<W BOX="46 932 79 957" STYLE_REF="10">The</W>
			<W BOX="90 932 138 957" STYLE_REF="10">object</W>
			<W BOX="120 950 157 975" STYLE_REF="10">been</W>
			<W BOX="151 932 166 957" STYLE_REF="10">of</W>
			<W BOX="164 950 251 975" STYLE_REF="10">recognised</W>
			<Q BOX="182 932 206 957" STYLE_REF="10" QID="77">thi</Q>
			<q BOX="207 932 214 957" STYLE_REF="10" QID="77">s</q>
			<QW QID="77">this</QW>
			<W BOX="225 932 265 957" STYLE_REF="10">lectu</W>
			<W BOX="252 951 257 976" STYLE_REF="10">,</W>
			<W BOX="264 950 277 976" STYLE_REF="10">it</W>
			<W BOX="266 932 282 957" STYLE_REF="10">re</W>
			<W BOX="284 950 312 976" STYLE_REF="10">has</W>
			<W BOX="292 932 325 957" STYLE_REF="10">was</W>
			<W BOX="319 950 361 976" STYLE_REF="10">acted</W>
			<W BOX="335 932 351 957" STYLE_REF="10">to</W>
			<W BOX="362 953 365 977" STYLE_REF="7">r</W>
			<W BOX="362 932 405 957" STYLE_REF="10">show</W>
			<W BOX="369 951 464 976" STYLE_REF="10">immediatel</W>
			<W BOX="412 933 445 958" STYLE_REF="10" NS="y">that</W>
			<W BOX="447 934 451 959" STYLE_REF="10">,</W>
			<W BOX="459 933 500 958" STYLE_REF="10">little</W>
			<W BOX="464 951 475 976" STYLE_REF="10">y</W>
			<W BOX="482 951 513 976" STYLE_REF="10">and</W>
			<W BOX="507 933 524 958" STYLE_REF="10">as</W>
			<W BOX="520 951 573 976" STYLE_REF="10">directl</W>
			<Q BOX="531 933 571 958" STYLE_REF="10" QID="78">wom</Q>
			<q BOX="572 933 592 958" STYLE_REF="10" QID="78">an</q>
			<QW QID="78">woman</QW>
			<W BOX="574 952 585 977" STYLE_REF="10">y</W>
			<W BOX="592 934 599 959" STYLE_REF="10">'</W>
			<W BOX="595 952 637 977" STYLE_REF="10">upon</W>
			<W BOX="597 934 604 959" STYLE_REF="10">s</W>
			<W BOX="611 934 689 959" STYLE_REF="10">influence</W>
			<W BOX="648 952 675 977" STYLE_REF="10">the</W>
			<W BOX="685 952 716 977" STYLE_REF="10">civi</W>
			<W BOX="694 934 723 959" STYLE_REF="10">has</W>
			<W BOX="716 952 723 977" STYLE_REF="10" LH="y">-</W>
			<L BOX="43 968 722 1013"/>
			<W BOX="43 986 87 1011" STYLE_REF="10">ment</W>
			<W BOX="45 968 108 993" STYLE_REF="10">lization</W>
			<W BOX="93 986 137 1011" STYLE_REF="10">must</W>
			<W BOX="115 968 130 993" STYLE_REF="10">of</W>
			<W BOX="138 968 165 993" STYLE_REF="10">the</W>
			<W BOX="144 986 180 1011" STYLE_REF="10">take</W>
			<W BOX="172 968 219 993" STYLE_REF="10">world</W>
			<W BOX="187 986 208 1011" STYLE_REF="10">its</W>
			<W BOX="213 986 224 1011" STYLE_REF="10">p</W>
			<W BOX="220 969 225 994" STYLE_REF="10">,</W>
			<W BOX="225 986 256 1011" STYLE_REF="10">lace</W>
			<W BOX="237 968 268 993" STYLE_REF="10">and</W>
			<W BOX="263 986 319 1011" STYLE_REF="10">among</W>
			<W BOX="275 968 309 993" STYLE_REF="10">that</W>
			<W BOX="320 968 347 993" STYLE_REF="10">the</W>
			<W BOX="326 986 352 1011" STYLE_REF="10">the</W>
			<W BOX="359 987 475 1012" STYLE_REF="10">acknowledged</W>
			<W BOX="359 968 397 993" STYLE_REF="10">time</W>
			<W BOX="409 969 423 994" STYLE_REF="10">is</W>
			<W BOX="434 969 536 994" STYLE_REF="10">approaching</W>
			<W BOX="482 987 529 1012" STYLE_REF="10">forces</W>
			<W BOX="535 987 550 1012" STYLE_REF="10">of</W>
			<W BOX="543 969 589 994" STYLE_REF="10">when</W>
			<W BOX="558 987 585 1012" STYLE_REF="10">the</W>
			<W BOX="590 987 664 1012" STYLE_REF="10">universe</W>
			<W BOX="595 969 623 994" STYLE_REF="10">the</W>
			<Q BOX="629 969 660 994" STYLE_REF="10" QID="79">fem</Q>
			<q BOX="661 969 685 994" STYLE_REF="10" QID="79">ale</q>
			<QW QID="79">female</QW>
			<W BOX="664 987 669 1012" STYLE_REF="10">.</W>
			<W BOX="689 988 721 1013" STYLE_REF="10">The</W>
			<Q BOX="691 970 715 995" STYLE_REF="10" QID="80">ele</Q>
			<Q BOX="715 970 722 995" STYLE_REF="10" QID="80">-</Q>
		</Primitive>
		<Primitive BOX="24 1012 811 1083" ID="Ar0710018" SEQ_NO="18" TOC_ENTRY_ID="94" DEPTH_LEVEL="1">
			<L BOX="42 1003 721 1083"/>
			<q BOX="42 1057 88 1082" STYLE_REF="10" QID="80">being</q>
			<QW QID="80">elebeing</QW>
			<W BOX="43 1039 68 1064" STYLE_REF="10">abl</W>
			<W BOX="43 1021 103 1046" STYLE_REF="10">woman</W>
			<W BOX="43 1003 160 1029" STYLE_REF="10">predominance</W>
			<W BOX="69 1039 79 1064" STYLE_REF="10">y</W>
			<W BOX="86 1039 173 1064" STYLE_REF="10">contrasted</W>
			<W BOX="94 1057 163 1082" STYLE_REF="10">adduced</W>
			<W BOX="104 1022 109 1047" STYLE_REF="10">,</W>
			<W BOX="117 1021 148 1046" STYLE_REF="10">was</W>
			<W BOX="155 1021 182 1046" STYLE_REF="10">dul</W>
			<W BOX="167 1003 182 1029" STYLE_REF="10">of</W>
			<W BOX="170 1056 187 1081" STYLE_REF="10">as</W>
			<W BOX="180 1039 201 1064" STYLE_REF="10">wi</W>
			<W BOX="182 1021 194 1046" STYLE_REF="10">y</W>
			<W BOX="190 1003 217 1029" STYLE_REF="10">the</W>
			<W BOX="194 1056 207 1081" STYLE_REF="10">si</W>
			<W BOX="200 1021 249 1046" STYLE_REF="10">stated</W>
			<W BOX="201 1039 219 1064" STYLE_REF="10">th</W>
			<W BOX="207 1057 227 1082" STYLE_REF="10">gn</W>
			<W BOX="223 1003 248 1029" STYLE_REF="10">log</W>
			<W BOX="224 1039 250 1064" STYLE_REF="10">the</W>
			<W BOX="228 1057 243 1082" STYLE_REF="10">al</W>
			<W BOX="248 1004 252 1029" STYLE_REF="10">i</W>
			<W BOX="250 1057 327 1082" STYLE_REF="10">instances</W>
			<W BOX="251 1022 255 1047" STYLE_REF="10">,</W>
			<W BOX="254 1004 277 1029" STYLE_REF="10">cal</W>
			<W BOX="257 1040 340 1065" STYLE_REF="10">deductive</W>
			<W BOX="261 1022 291 1047" STYLE_REF="10">and</W>
			<W BOX="284 1004 342 1029" STYLE_REF="10">powers</W>
			<W BOX="304 1022 330 1047" STYLE_REF="10">the</W>
			<W BOX="333 1057 348 1082" STYLE_REF="10">of</W>
			<W BOX="340 1022 419 1047" STYLE_REF="10">inductive</W>
			<W BOX="344 1040 420 1065" STYLE_REF="10">tendency</W>
			<W BOX="350 1004 366 1029" STYLE_REF="10">in</W>
			<W BOX="356 1057 381 1082" STYLE_REF="10">the</W>
			<W BOX="377 1004 413 1029" STYLE_REF="10">man</W>
			<W BOX="389 1057 470 1082" STYLE_REF="10">deductive</W>
			<W BOX="414 1005 419 1030" STYLE_REF="10">,</W>
			<W BOX="426 1040 440 1065" STYLE_REF="10">of</W>
			<W BOX="426 1005 456 1030" STYLE_REF="10">and</W>
			<W BOX="430 1022 505 1047" STYLE_REF="10">tendency</W>
			<W BOX="446 1040 473 1065" STYLE_REF="10">the</W>
			<W BOX="466 1005 481 1030" STYLE_REF="10">of</W>
			<W BOX="476 1058 521 1083" STYLE_REF="10">mind</W>
			<W BOX="480 1040 535 1065" STYLE_REF="10">female</W>
			<W BOX="493 1005 520 1030" STYLE_REF="10">the</W>
			<W BOX="517 1022 533 1047" STYLE_REF="10">of</W>
			<W BOX="528 1058 544 1083" STYLE_REF="10">in</W>
			<W BOX="531 1005 614 1030" STYLE_REF="10">emotional</W>
			<W BOX="540 1040 545 1065" STYLE_REF="10">;</W>
			<W BOX="544 1022 571 1047" STYLE_REF="10">the</W>
			<W BOX="551 1058 587 1083" STYLE_REF="10">man</W>
			<W BOX="552 1040 619 1065" STYLE_REF="10">Newton</W>
			<W BOX="581 1022 621 1047" STYLE_REF="10">male</W>
			<W BOX="589 1058 597 1083" STYLE_REF="10">.</W>
			<W BOX="623 1040 654 1065" STYLE_REF="10">and</W>
			<W BOX="625 1005 698 1030" STYLE_REF="10">faculties</W>
			<W BOX="632 1022 676 1047" STYLE_REF="10">mind</W>
			<W BOX="661 1040 719 1065" STYLE_REF="10">Goethe</W>
			<W BOX="689 1022 721 1047" STYLE_REF="10">was</W>
			<W BOX="703 1005 720 1030" STYLE_REF="10">in</W>
		</Primitive>
		<Primitive BOX="24 1075 811 1148" ID="Ar0710019" SEQ_NO="19" TOC_ENTRY_ID="94" DEPTH_LEVEL="1">
			<L BOX="41 1075 718 1118"/>
			<W BOX="41 1092 74 1117" STYLE_REF="10">will</W>
			<W BOX="63 1075 82 1100" STYLE_REF="10">In</W>
			<W BOX="85 1092 141 1117" STYLE_REF="10">almost</W>
			<W BOX="90 1075 177 1100" STYLE_REF="10">conclusion</W>
			<W BOX="151 1092 200 1117" STYLE_REF="10">alway</W>
			<W BOX="187 1075 213 1100" STYLE_REF="10">Mr</W>
			<W BOX="201 1092 209 1117" STYLE_REF="10">s</W>
			<W BOX="213 1075 218 1100" STYLE_REF="10">.</W>
			<W BOX="215 1092 234 1117" STYLE_REF="10">be</W>
			<W BOX="225 1075 284 1100" STYLE_REF="10">Buckle</W>
			<W BOX="240 1092 289 1117" STYLE_REF="10">found</W>
			<W BOX="293 1075 355 1100" STYLE_REF="10">alluded</W>
			<W BOX="295 1093 304 1118" STYLE_REF="10" NS="y" M="1 * ">_$</W>
			<W BOX="303 1093 312 1118" STYLE_REF="10">o</W>
			<W BOX="318 1092 358 1117" STYLE_REF="10">have</W>
			<W BOX="364 1092 394 1117" STYLE_REF="10">had</W>
			<W BOX="365 1075 382 1100" STYLE_REF="10">to</W>
			<W BOX="391 1075 419 1100" STYLE_REF="10">the</W>
			<W BOX="401 1092 410 1117" STYLE_REF="10">a</W>
			<W BOX="417 1093 477 1118" STYLE_REF="10">remark</W>
			<W BOX="428 1075 492 1101" STYLE_REF="10">popular</W>
			<W BOX="478 1093 512 1118" STYLE_REF="10">able</W>
			<W BOX="502 1075 549 1100" STYLE_REF="10">belief</W>
			<W BOX="519 1093 579 1118" STYLE_REF="10">woman</W>
			<W BOX="549 1075 554 1101" STYLE_REF="10">,</W>
			<W BOX="565 1075 599 1101" STYLE_REF="10">that</W>
			<W BOX="588 1093 611 1118" STYLE_REF="10">for</W>
			<W BOX="610 1075 619 1101" STYLE_REF="10">a</W>
			<W BOX="618 1093 644 1118" STYLE_REF="10">his</W>
			<W BOX="629 1075 672 1101" STYLE_REF="10">great</W>
			<W BOX="651 1093 696 1118" STYLE_REF="10">moth</W>
			<W BOX="681 1076 718 1101" STYLE_REF="10">man</W>
			<W BOX="697 1093 713 1118" STYLE_REF="10">er</W>
			<L BOX="41 1094 720 1154"/>
			<W BOX="41 1128 61 1153" STYLE_REF="10">on</W>
			<W BOX="42 1110 59 1135" STYLE_REF="10">as</W>
			<W BOX="66 1110 101 1135" STYLE_REF="10">well</W>
			<W BOX="68 1128 100 1153" STYLE_REF="10">this</W>
			<W BOX="106 1128 138 1153" STYLE_REF="10">fact</W>
			<W BOX="114 1110 180 1135" STYLE_REF="10">founded</W>
			<W BOX="153 1128 184 1153" STYLE_REF="10">and</W>
			<W BOX="180 1110 185 1135" STYLE_REF="10">.</W>
			<W BOX="192 1128 217 1153" STYLE_REF="10">Mr</W>
			<W BOX="208 1110 240 1135" STYLE_REF="10">The</W>
			<W BOX="217 1128 222 1153" STYLE_REF="10">.</W>
			<W BOX="229 1128 288 1153" STYLE_REF="10">Buckle</W>
			<Q BOX="246 1110 276 1135" STYLE_REF="10" QID="81">law</Q>
			<q BOX="277 1110 285 1135" STYLE_REF="10" QID="81">s</q>
			<QW QID="81">laws</QW>
			<W BOX="291 1110 306 1135" STYLE_REF="10">of</W>
			<W BOX="295 1128 345 1153" STYLE_REF="10">stated</W>
			<W BOX="313 1110 398 1135" STYLE_REF="10">hereditary</W>
			<W BOX="352 1128 377 1153" STYLE_REF="10">his</W>
			<W BOX="386 1128 431 1153" STYLE_REF="10">belief</W>
			<W BOX="405 1110 513 1135" STYLE_REF="10">transmission</W>
			<W BOX="442 1128 477 1153" STYLE_REF="10">that</W>
			<W BOX="487 1128 514 1153" STYLE_REF="10">the</W>
			<W BOX="520 1128 588 1153" STYLE_REF="10">hitherto</W>
			<W BOX="523 1110 550 1135" STYLE_REF="10">fail</W>
			<W BOX="558 1110 575 1135" STYLE_REF="10">to</W>
			<W BOX="582 1110 631 1135" STYLE_REF="10">throw</W>
			<W BOX="595 1129 718 1154" STYLE_REF="10">unaccountable</W>
			<W BOX="639 1111 669 1136" STYLE_REF="10">any</W>
			<Q BOX="677 1111 689 1137" STYLE_REF="10" QID="82">li</Q>
			<q BOX="689 1112 718 1137" STYLE_REF="10" QID="82">ght</q>
			<QW QID="82">light</QW>
			<W BOX="713 1094 720 1119" STYLE_REF="10">,</W>
		</Primitive>
		<Primitive BOX="24 1148 811 1214" ID="Ar0710020" SEQ_NO="20" TOC_ENTRY_ID="94" DEPTH_LEVEL="1">
			<L BOX="40 1129 716 1173"/>
			<W BOX="40 1146 147 1171" STYLE_REF="10">phenomenon</W>
			<W BOX="138 1129 143 1154" STYLE_REF="10">,</W>
			<Q BOX="154 1146 187 1171" STYLE_REF="10" QID="83">mig</Q>
			<q BOX="187 1146 204 1171" STYLE_REF="10" QID="83">ht</q>
			<QW QID="83">might</QW>
			<Q BOX="214 1146 272 1171" STYLE_REF="10" QID="84">possibl</Q>
			<q BOX="272 1146 283 1171" STYLE_REF="10" QID="84">y</q>
			<QW QID="84">possibly</QW>
			<W BOX="290 1146 321 1171" STYLE_REF="10">find</W>
			<W BOX="332 1146 353 1171" STYLE_REF="10">its</W>
			<W BOX="363 1146 430 1171" STYLE_REF="10">solution</W>
			<W BOX="440 1146 457 1171" STYLE_REF="10">in</W>
			<W BOX="468 1146 495 1171" STYLE_REF="10">the</W>
			<W BOX="504 1146 580 1171" STYLE_REF="10">influence</W>
			<W BOX="591 1148 667 1173" STYLE_REF="10">exercised</W>
			<W BOX="677 1148 716 1173" STYLE_REF="10">from</W>
		</Primitive>
	</Content>
	<TOC_Entries><TOC_Entry TOC_ENTRY_ID="157" TITLE="-*. It has been said that the nation may..." ENTITY_ID_REF="Ar07100" PAGE_NO="71" PAGE_LABEL="143" PRIM_ID_REF="Ar0710000" IS_IC="true"/></TOC_Entries></XMD-entity>
