<?xml version="1.0" encoding="windows-1252" standalone="no"?>
<XMD-PAGE REPOSITORY_FORMAT="1.0" PRXML_VER="2.0">
	<Meta ISSUE_DATE="01/04/1858" RELEASE_NO="041-EWJ-1858-04-01-001-SINGLE" PAGE_NO="71" NAME="" PAGE_LABEL="143" PAGE_TYPE="Single" PUBLISHER="Olive" PUBLICATION="EWJ" SOURCE_TYPE="TIFF" SOURCE_RESOLUTION="72" IMAGES_RESOLUTION="86" PAGE_THUMBNAIL_RESOLUTION="86" PAGE_PREVIEW_RESOLUTION="15" DEFAULT_IMG_EXT="png" IMG_EXT="png" PREVIEW_IMG_EXT="png" XMD_VER="2.6.238.8" PROFILE_ID="D:\pdfs\EWJ\XMD_EWJ.ini" SECTION="None" PAGE_WIDTH="823" PAGE_HEIGHT="1239" PAGES_NUMBER="72" BASE_HREF="EWJ/1858/04/01" PDF_DESTINATION_MAPPED="OLV0_Page_0071">
		<Resolutions>
			<Resolution DEFAULT="true">86</Resolution>
		</Resolutions>
	</Meta>
	<Link SOURCE="041-EWJ-1858-04-01-001-SINGLE.PDF" NEXT_SECTION="" PREV_SECTION="1"/>
	<DataFiles>
		<Files TYPE="DOC_PDF" PRESENT="1"/>
		<Files TYPE="PAGE_PDF" PRESENT="0"/>
		<Files TYPE="DOC_IMG" PRESENT="0"/>
		<Files TYPE="PAGE_IMG" PRESENT="0"/>
		<Files TYPE="PAGE_VIEW_IMG" PRESENT="1"/>
		<Files TYPE="PAGE_PREVIEW_IMG" PRESENT="1"/>
		<Files TYPE="PRIMITIVE_IMG" PRESENT="1"/>
		<Files TYPE="SNIPPET_IMG" PRESENT="1"/>
	</DataFiles>
	<Entity ENTITY_TYPE="Article" FIRST_TOC_ENTRY_ID="94" INDEX_IN_DOC="156" DEPTH_LEVEL="1" ID="Ar07100" SIZE="XLarge" BOX="24 114 811 1214" NEXT_SECTION="" PREV_SECTION="1" CONTINUATION_TO="Ar07200" CONTINUATION_FROM="Ar07000" FIRST_CHUNK="Ar06902" IMAGES_RESOLUTION="86" LOGICAL_NAME="true">
		<Name>-*. It has been said that the nation may...</Name>
		<Primitive ID="Ar0710000" BOX="24 114 811 187" ELEMENT_TYPE="Content" SEQ_NO="0" TOC_ENTRY_ID="94" DEPTH_LEVEL="1"/>
		<Primitive ID="Ar0710001" BOX="24 175 811 223" ELEMENT_TYPE="Content" SEQ_NO="1" TOC_ENTRY_ID="94" DEPTH_LEVEL="1"/>
		<Primitive ID="Ar0710002" BOX="24 211 811 266" ELEMENT_TYPE="Content" SEQ_NO="2" TOC_ENTRY_ID="94" DEPTH_LEVEL="1"/>
		<Primitive ID="Ar0710003" BOX="24 255 811 329" ELEMENT_TYPE="Content" SEQ_NO="3" TOC_ENTRY_ID="94" DEPTH_LEVEL="1"/>
		<Primitive ID="Ar0710004" BOX="24 317 811 365" ELEMENT_TYPE="Content" SEQ_NO="4" TOC_ENTRY_ID="94" DEPTH_LEVEL="1"/>
		<Primitive ID="Ar0710005" BOX="24 353 811 401" ELEMENT_TYPE="Content" SEQ_NO="5" TOC_ENTRY_ID="94" DEPTH_LEVEL="1"/>
		<Primitive ID="Ar0710006" BOX="24 389 811 444" ELEMENT_TYPE="Content" SEQ_NO="6" TOC_ENTRY_ID="94" DEPTH_LEVEL="1"/>
		<Primitive ID="Ar0710007" BOX="24 433 811 513" ELEMENT_TYPE="Content" SEQ_NO="7" TOC_ENTRY_ID="94" DEPTH_LEVEL="1"/>
		<Primitive ID="Ar0710008" BOX="24 501 811 567" ELEMENT_TYPE="Content" SEQ_NO="8" TOC_ENTRY_ID="94" DEPTH_LEVEL="1"/>
		<Primitive ID="Ar0710009" BOX="24 558 811 621" ELEMENT_TYPE="Content" SEQ_NO="9" TOC_ENTRY_ID="94" DEPTH_LEVEL="1"/>
		<Primitive ID="Ar0710010" BOX="24 611 811 675" ELEMENT_TYPE="Content" SEQ_NO="10" TOC_ENTRY_ID="94" DEPTH_LEVEL="1"/>
		<Primitive ID="Ar0710011" BOX="24 665 811 721" ELEMENT_TYPE="Content" SEQ_NO="11" TOC_ENTRY_ID="94" DEPTH_LEVEL="1"/>
		<Primitive ID="Ar0710012" BOX="24 709 811 761" ELEMENT_TYPE="Content" SEQ_NO="12" TOC_ENTRY_ID="94" DEPTH_LEVEL="1"/>
		<Primitive ID="Ar0710013" BOX="24 754 811 817" ELEMENT_TYPE="Content" SEQ_NO="13" TOC_ENTRY_ID="94" DEPTH_LEVEL="1"/>
		<Primitive ID="Ar0710014" BOX="24 808 811 863" ELEMENT_TYPE="Content" SEQ_NO="14" TOC_ENTRY_ID="94" DEPTH_LEVEL="1"/>
		<Primitive ID="Ar0710015" BOX="24 852 811 899" ELEMENT_TYPE="Content" SEQ_NO="15" TOC_ENTRY_ID="94" DEPTH_LEVEL="1"/>
		<Primitive ID="Ar0710016" BOX="24 888 811 942" ELEMENT_TYPE="Content" SEQ_NO="16" TOC_ENTRY_ID="94" DEPTH_LEVEL="1"/>
		<Primitive ID="Ar0710017" BOX="24 932 811 1023" ELEMENT_TYPE="Content" SEQ_NO="17" TOC_ENTRY_ID="94" DEPTH_LEVEL="1"/>
		<Primitive ID="Ar0710018" BOX="24 1012 811 1083" ELEMENT_TYPE="Content" SEQ_NO="18" TOC_ENTRY_ID="94" DEPTH_LEVEL="1"/>
		<Primitive ID="Ar0710019" BOX="24 1075 811 1148" ELEMENT_TYPE="Content" SEQ_NO="19" TOC_ENTRY_ID="94" DEPTH_LEVEL="1"/>
		<Primitive ID="Ar0710020" BOX="24 1148 811 1214" ELEMENT_TYPE="Content" SEQ_NO="20" TOC_ENTRY_ID="94" DEPTH_LEVEL="1"/>
	</Entity>
	<Entity ENTITY_TYPE="Article" FIRST_TOC_ENTRY_ID="96" INDEX_IN_DOC="159" DEPTH_LEVEL="1" ID="Ar07101" SIZE="Medium" BOX="24 12 811 114" NEXT_SECTION="" PREV_SECTION="1" IMAGES_RESOLUTION="86" LOGICAL_NAME="true">
		<Name>PASSING EVENTS. 143</Name>
		<Primitive ID="Ar0710100" BOX="24 12 811 114" ELEMENT_TYPE="Content" SEQ_NO="0" TOC_ENTRY_ID="96" DEPTH_LEVEL="1"/>
	</Entity>
</XMD-PAGE>