<?xml version="1.0" encoding="windows-1252" standalone="no"?>
<XMD-entity REPOSITORY_FORMAT="1.0" PRXML_VER="2.0" ENTITY_TYPE="Article" DOC_UID="EWJ_01/04/1858" DOC_VER="1" FIRST_TOC_ENTRY_ID="95" DEPTH_LEVEL="1" INDEX_IN_DOC="158" PAGE_NO="70" ID="Ar07001" BOX="24 12 811 100" LANGUAGE="English" SNP="Ar07001S.png" SNP_WIDTH="788" SNP_HEIGHT="88" LOGICAL_NAME="true">
	<Meta NAME="142 PASSING EVENTS." DESCRIPTION="" SUBTYPE="" BASE_HREF="EWJ/1858/04/01" SOURCE_TYPE="TIFF" PUBLICATION="EWJ" SECTION="None" ISSUE_DATE="01/04/1858" WORDCNT="4" RELEASE_NO="041-EWJ-1858-04-01-001-SINGLE" PAGE_ID="" PAGE_TYPE="Single" PAGE_WIDTH="823" PAGE_HEIGHT="1239" DEFAULT_IMG_EXT="png" PDF_DESTINATION_MAPPED="OLV0_Entity_0070_0002" IMAGES_RESOLUTION="86" XMD_VER="2.6.238.8" PAGE_LABEL="142"/>
	<Link SOURCE="041-EWJ-1858-04-01-001-SINGLE.PDF" FIRST_ID="Ar00200" LAST_ID="Ar07201" NEXT_ID="" PREV_ID="Ar07000" TOC_ID="d:/Olive/Repository/EWJ/1858/04/01/TOC.xml"/>
	<DataFiles>
		<Files TYPE="DOC_PDF" PRESENT="1"/>
		<Files TYPE="PAGE_PDF" PRESENT="0"/>
		<Files TYPE="DOC_IMG" PRESENT="0"/>
		<Files TYPE="PAGE_IMG" PRESENT="0"/>
		<Files TYPE="PAGE_VIEW_IMG" PRESENT="1"/>
		<Files TYPE="PAGE_PREVIEW_IMG" PRESENT="1"/>
		<Files TYPE="PRIMITIVE_IMG" PRESENT="1"/>
		<Files TYPE="SNIPPET_IMG" PRESENT="1"/>
	</DataFiles>
	<Content>
		<Primitive BOX="24 12 811 100" ID="Ar0700100" SEQ_NO="0" TOC_ENTRY_ID="95" DEPTH_LEVEL="1">
			<L BOX="59 60 495 88"/>
			<W BOX="59 65 93 88" STYLE_REF="7">142</W>
			<W BOX="312 62 396 86" STYLE_REF="7">PASSING</W>
			<W BOX="410 60 489 84" STYLE_REF="7" NS="y">EVENTS</W>
			<W BOX="489 60 495 84" STYLE_REF="7">.</W>
		</Primitive>
	</Content>
	<TOC_Entries><TOC_Entry TOC_ENTRY_ID="156" TITLE="142 PASSING EVENTS." ENTITY_ID_REF="Ar07001" PAGE_NO="70" PAGE_LABEL="142" PRIM_ID_REF="Ar0700100" IS_IC="true"/></TOC_Entries></XMD-entity>
