<?xml version="1.0" encoding="windows-1252" standalone="no"?>
<XMD-PAGE REPOSITORY_FORMAT="1.0" PRXML_VER="2.0">
	<Meta ISSUE_DATE="01/04/1858" RELEASE_NO="041-EWJ-1858-04-01-001-SINGLE" PAGE_NO="70" NAME="" PAGE_LABEL="142" PAGE_TYPE="Single" PUBLISHER="Olive" PUBLICATION="EWJ" SOURCE_TYPE="TIFF" SOURCE_RESOLUTION="72" IMAGES_RESOLUTION="86" PAGE_THUMBNAIL_RESOLUTION="86" PAGE_PREVIEW_RESOLUTION="15" DEFAULT_IMG_EXT="png" IMG_EXT="png" PREVIEW_IMG_EXT="png" XMD_VER="2.6.238.8" PROFILE_ID="D:\pdfs\EWJ\XMD_EWJ.ini" SECTION="None" PAGE_WIDTH="823" PAGE_HEIGHT="1239" PAGES_NUMBER="72" BASE_HREF="EWJ/1858/04/01" PDF_DESTINATION_MAPPED="OLV0_Page_0070">
		<Resolutions>
			<Resolution DEFAULT="true">86</Resolution>
		</Resolutions>
	</Meta>
	<Link SOURCE="041-EWJ-1858-04-01-001-SINGLE.PDF" NEXT_SECTION="" PREV_SECTION="1"/>
	<DataFiles>
		<Files TYPE="DOC_PDF" PRESENT="1"/>
		<Files TYPE="PAGE_PDF" PRESENT="0"/>
		<Files TYPE="DOC_IMG" PRESENT="0"/>
		<Files TYPE="PAGE_IMG" PRESENT="0"/>
		<Files TYPE="PAGE_VIEW_IMG" PRESENT="1"/>
		<Files TYPE="PAGE_PREVIEW_IMG" PRESENT="1"/>
		<Files TYPE="PRIMITIVE_IMG" PRESENT="1"/>
		<Files TYPE="SNIPPET_IMG" PRESENT="1"/>
	</DataFiles>
	<Entity ENTITY_TYPE="Article" FIRST_TOC_ENTRY_ID="94" INDEX_IN_DOC="155" DEPTH_LEVEL="1" ID="Ar07000" SIZE="XLarge" BOX="24 100 811 1214" NEXT_SECTION="" PREV_SECTION="1" CONTINUATION_TO="Ar07100" CONTINUATION_FROM="Ar06902" FIRST_CHUNK="Ar06902" IMAGES_RESOLUTION="86" LOGICAL_NAME="true">
		<Name>-*. It has been said that the nation may...</Name>
		<Primitive ID="Ar0700000" BOX="24 100 811 156" ELEMENT_TYPE="Content" SEQ_NO="0" TOC_ENTRY_ID="94" DEPTH_LEVEL="1"/>
		<Primitive ID="Ar0700001" BOX="24 144 811 195" ELEMENT_TYPE="Content" SEQ_NO="1" TOC_ENTRY_ID="94" DEPTH_LEVEL="1"/>
		<Primitive ID="Ar0700002" BOX="24 183 811 255" ELEMENT_TYPE="Content" SEQ_NO="2" TOC_ENTRY_ID="94" DEPTH_LEVEL="1"/>
		<Primitive ID="Ar0700003" BOX="24 243 811 299" ELEMENT_TYPE="Content" SEQ_NO="3" TOC_ENTRY_ID="94" DEPTH_LEVEL="1"/>
		<Primitive ID="Ar0700004" BOX="24 287 811 345" ELEMENT_TYPE="Content" SEQ_NO="4" TOC_ENTRY_ID="94" DEPTH_LEVEL="1"/>
		<Primitive ID="Ar0700005" BOX="24 333 811 382" ELEMENT_TYPE="Content" SEQ_NO="5" TOC_ENTRY_ID="94" DEPTH_LEVEL="1"/>
		<Primitive ID="Ar0700006" BOX="24 370 811 427" ELEMENT_TYPE="Content" SEQ_NO="6" TOC_ENTRY_ID="94" DEPTH_LEVEL="1"/>
		<Primitive ID="Ar0700007" BOX="24 415 811 484" ELEMENT_TYPE="Content" SEQ_NO="7" TOC_ENTRY_ID="94" DEPTH_LEVEL="1"/>
		<Primitive ID="Ar0700008" BOX="24 472 811 526" ELEMENT_TYPE="Content" SEQ_NO="8" TOC_ENTRY_ID="94" DEPTH_LEVEL="1"/>
		<Primitive ID="Ar0700009" BOX="24 514 811 562" ELEMENT_TYPE="Content" SEQ_NO="9" TOC_ENTRY_ID="94" DEPTH_LEVEL="1"/>
		<Primitive ID="Ar0700010" BOX="24 550 811 623" ELEMENT_TYPE="Content" SEQ_NO="10" TOC_ENTRY_ID="94" DEPTH_LEVEL="1"/>
		<Primitive ID="Ar0700011" BOX="24 611 811 663" ELEMENT_TYPE="Content" SEQ_NO="11" TOC_ENTRY_ID="94" DEPTH_LEVEL="1"/>
		<Primitive ID="Ar0700012" BOX="24 651 811 701" ELEMENT_TYPE="Content" SEQ_NO="12" TOC_ENTRY_ID="94" DEPTH_LEVEL="1"/>
		<Primitive ID="Ar0700013" BOX="24 689 811 742" ELEMENT_TYPE="Content" SEQ_NO="13" TOC_ENTRY_ID="94" DEPTH_LEVEL="1"/>
		<Primitive ID="Ar0700014" BOX="24 730 811 789" ELEMENT_TYPE="Content" SEQ_NO="14" TOC_ENTRY_ID="94" DEPTH_LEVEL="1"/>
		<Primitive ID="Ar0700015" BOX="24 777 811 825" ELEMENT_TYPE="Content" SEQ_NO="15" TOC_ENTRY_ID="94" DEPTH_LEVEL="1"/>
		<Primitive ID="Ar0700016" BOX="24 813 811 911" ELEMENT_TYPE="Content" SEQ_NO="16" TOC_ENTRY_ID="94" DEPTH_LEVEL="1"/>
		<Primitive ID="Ar0700017" BOX="24 899 811 977" ELEMENT_TYPE="Content" SEQ_NO="17" TOC_ENTRY_ID="94" DEPTH_LEVEL="1"/>
		<Primitive ID="Ar0700018" BOX="24 965 811 1007" ELEMENT_TYPE="Content" SEQ_NO="18" TOC_ENTRY_ID="94" DEPTH_LEVEL="1"/>
		<Primitive ID="Ar0700019" BOX="24 995 811 1049" ELEMENT_TYPE="Content" SEQ_NO="19" TOC_ENTRY_ID="94" DEPTH_LEVEL="1"/>
		<Primitive ID="Ar0700020" BOX="24 1038 811 1086" ELEMENT_TYPE="Content" SEQ_NO="20" TOC_ENTRY_ID="94" DEPTH_LEVEL="1"/>
		<Primitive ID="Ar0700021" BOX="24 1078 811 1141" ELEMENT_TYPE="Content" SEQ_NO="21" TOC_ENTRY_ID="94" DEPTH_LEVEL="1"/>
		<Primitive ID="Ar0700022" BOX="24 1141 811 1214" ELEMENT_TYPE="Content" SEQ_NO="22" TOC_ENTRY_ID="94" DEPTH_LEVEL="1"/>
	</Entity>
	<Entity ENTITY_TYPE="Article" FIRST_TOC_ENTRY_ID="95" INDEX_IN_DOC="158" DEPTH_LEVEL="1" ID="Ar07001" SIZE="Small" BOX="24 12 811 100" NEXT_SECTION="" PREV_SECTION="1" IMAGES_RESOLUTION="86" LOGICAL_NAME="true">
		<Name>142 PASSING EVENTS.</Name>
		<Primitive ID="Ar0700100" BOX="24 12 811 100" ELEMENT_TYPE="Content" SEQ_NO="0" TOC_ENTRY_ID="95" DEPTH_LEVEL="1"/>
	</Entity>
</XMD-PAGE>