<?xml version="1.0" encoding="windows-1252" standalone="no"?>
<XMD-entity REPOSITORY_FORMAT="1.0" PRXML_VER="2.0" ENTITY_TYPE="Article" DOC_UID="EWJ_01/04/1858" DOC_VER="1" FIRST_TOC_ENTRY_ID="54" DEPTH_LEVEL="1" INDEX_IN_DOC="96" PAGE_NO="45" ID="Ar04501" BOX="24 12 811 115" LANGUAGE="English" SNP="Ar04501S.png" SNP_WIDTH="788" SNP_HEIGHT="104" LOGICAL_NAME="true">
	<Meta NAME="MY GREAT AUNT POLLY' S ELOPEMENT. 117" DESCRIPTION="" SUBTYPE="" BASE_HREF="EWJ/1858/04/01" SOURCE_TYPE="TIFF" PUBLICATION="EWJ" SECTION="None" ISSUE_DATE="01/04/1858" WORDCNT="9" RELEASE_NO="041-EWJ-1858-04-01-001-SINGLE" PAGE_ID="" PAGE_TYPE="Single" PAGE_WIDTH="823" PAGE_HEIGHT="1239" DEFAULT_IMG_EXT="png" PDF_DESTINATION_MAPPED="OLV0_Entity_0045_0002" IMAGES_RESOLUTION="86" XMD_VER="2.6.238.8" PAGE_LABEL="117"/>
	<Link SOURCE="041-EWJ-1858-04-01-001-SINGLE.PDF" FIRST_ID="Ar00200" LAST_ID="Ar07201" NEXT_ID="" PREV_ID="Ar04500" TOC_ID="d:/Olive/Repository/EWJ/1858/04/01/TOC.xml"/>
	<DataFiles>
		<Files TYPE="DOC_PDF" PRESENT="1"/>
		<Files TYPE="PAGE_PDF" PRESENT="0"/>
		<Files TYPE="DOC_IMG" PRESENT="0"/>
		<Files TYPE="PAGE_IMG" PRESENT="0"/>
		<Files TYPE="PAGE_VIEW_IMG" PRESENT="1"/>
		<Files TYPE="PAGE_PREVIEW_IMG" PRESENT="1"/>
		<Files TYPE="PRIMITIVE_IMG" PRESENT="1"/>
		<Files TYPE="SNIPPET_IMG" PRESENT="1"/>
	</DataFiles>
	<Content>
		<Primitive BOX="24 12 811 115" ID="Ar0450100" SEQ_NO="0" TOC_ENTRY_ID="54" DEPTH_LEVEL="1">
			<L BOX="207 71 761 112"/>
			<W BOX="207 76 237 108" STYLE_REF="29">MY</W>
			<W BOX="251 76 318 108" STYLE_REF="29">GREAT</W>
			<W BOX="331 76 386 108" STYLE_REF="29">AUNT</W>
			<W BOX="401 76 466 108" STYLE_REF="29" NS="y">POLLY</W>
			<W BOX="467 71 485 107" STYLE_REF="26">'</W>
			<W BOX="473 74 484 110" STYLE_REF="26">S</W>
			<W BOX="497 74 616 111" STYLE_REF="26" NS="y">ELOPEMENT</W>
			<W BOX="616 74 629 111" STYLE_REF="26">.</W>
			<W BOX="718 75 761 112" STYLE_REF="26">117</W>
		</Primitive>
	</Content>
	<TOC_Entries><TOC_Entry TOC_ENTRY_ID="96" TITLE="MY GREAT AUNT POLLY' S ELOPEMENT. 117" ENTITY_ID_REF="Ar04501" PAGE_NO="45" PAGE_LABEL="117" PRIM_ID_REF="Ar0450100" IS_IC="true"/></TOC_Entries></XMD-entity>
