<?xml version="1.0" encoding="windows-1252" standalone="no"?>
<XMD-entity REPOSITORY_FORMAT="1.0" PRXML_VER="2.0" ENTITY_TYPE="Article" DOC_UID="EWJ_01/03/1858" DOC_VER="1" FIRST_TOC_ENTRY_ID="52" DEPTH_LEVEL="1" INDEX_IN_DOC="106" PAGE_NO="43" ID="Ar04301" BOX="24 12 829 100" LANGUAGE="English" SNP="Ar04301S.png" SNP_WIDTH="806" SNP_HEIGHT="89" LOGICAL_NAME="true">
	<Meta NAME="BKADSHAW THE BETRAYER. 43" DESCRIPTION="" SUBTYPE="" BASE_HREF="EWJ/1858/03/01" SOURCE_TYPE="TIFF" PUBLICATION="EWJ" SECTION="None" ISSUE_DATE="01/03/1858" WORDCNT="5" RELEASE_NO="041-EWJ-1858-03-01-001-SINGLE" PAGE_ID="" PAGE_TYPE="Single" PAGE_WIDTH="842" PAGE_HEIGHT="1244" DEFAULT_IMG_EXT="png" PDF_DESTINATION_MAPPED="OLV0_Entity_0043_0002" IMAGES_RESOLUTION="86" XMD_VER="2.6.238.8" PAGE_LABEL="43"/>
	<Link SOURCE="041-EWJ-1858-03-01-001-SINGLE.PDF" FIRST_ID="Ar00200" LAST_ID="Ar07201" NEXT_ID="" PREV_ID="Ar04300" TOC_ID="d:/Olive/Repository/EWJ/1858/03/01/TOC.xml"/>
	<DataFiles>
		<Files TYPE="DOC_PDF" PRESENT="1"/>
		<Files TYPE="PAGE_PDF" PRESENT="0"/>
		<Files TYPE="DOC_IMG" PRESENT="0"/>
		<Files TYPE="PAGE_IMG" PRESENT="0"/>
		<Files TYPE="PAGE_VIEW_IMG" PRESENT="1"/>
		<Files TYPE="PAGE_PREVIEW_IMG" PRESENT="1"/>
		<Files TYPE="PRIMITIVE_IMG" PRESENT="1"/>
		<Files TYPE="SNIPPET_IMG" PRESENT="1"/>
	</DataFiles>
	<Content>
		<Primitive BOX="24 12 829 100" ID="Ar0430100" SEQ_NO="0" TOC_ENTRY_ID="52" DEPTH_LEVEL="1">
			<L BOX="250 54 743 103"/>
			<W BOX="250 66 359 100" STYLE_REF="13">BKADSHAW</W>
			<W BOX="377 65 419 99" STYLE_REF="13">THE</W>
			<W BOX="434 64 536 99" STYLE_REF="13" NS="y">BETRAYER</W>
			<W BOX="536 64 549 99" STYLE_REF="13">.</W>
			<W BOX="711 54 743 103" STYLE_REF="33">43</W>
		</Primitive>
	</Content>
	<TOC_Entries><TOC_Entry TOC_ENTRY_ID="93" TITLE="BKADSHAW THE BETRAYER. 43" ENTITY_ID_REF="Ar04301" PAGE_NO="43" PAGE_LABEL="43" PRIM_ID_REF="Ar0430100" IS_IC="true"/></TOC_Entries></XMD-entity>
