<?xml version="1.0" encoding="windows-1252" standalone="no"?>
<XMD-entity REPOSITORY_FORMAT="1.0" PRXML_VER="2.0" ENTITY_TYPE="Article" DOC_UID="EWJ_01/03/1858" DOC_VER="1" FIRST_TOC_ENTRY_ID="40" DEPTH_LEVEL="1" INDEX_IN_DOC="74" PAGE_NO="33" ID="Ar03301" BOX="24 12 829 89" LANGUAGE="English" SNP="Ar03301S.png" SNP_WIDTH="806" SNP_HEIGHT="77" LOGICAL_NAME="true">
	<Meta NAME="MISS BOSANQUET. 33" DESCRIPTION="" SUBTYPE="" BASE_HREF="EWJ/1858/03/01" SOURCE_TYPE="TIFF" PUBLICATION="EWJ" SECTION="None" ISSUE_DATE="01/03/1858" WORDCNT="4" RELEASE_NO="041-EWJ-1858-03-01-001-SINGLE" PAGE_ID="" PAGE_TYPE="Single" PAGE_WIDTH="842" PAGE_HEIGHT="1244" DEFAULT_IMG_EXT="png" PDF_DESTINATION_MAPPED="OLV0_Entity_0033_0002" IMAGES_RESOLUTION="86" XMD_VER="2.6.238.8" PAGE_LABEL="33"/>
	<Link SOURCE="041-EWJ-1858-03-01-001-SINGLE.PDF" FIRST_ID="Ar00200" LAST_ID="Ar07201" NEXT_ID="" PREV_ID="Ar03300" TOC_ID="d:/Olive/Repository/EWJ/1858/03/01/TOC.xml"/>
	<DataFiles>
		<Files TYPE="DOC_PDF" PRESENT="1"/>
		<Files TYPE="PAGE_PDF" PRESENT="0"/>
		<Files TYPE="DOC_IMG" PRESENT="0"/>
		<Files TYPE="PAGE_IMG" PRESENT="0"/>
		<Files TYPE="PAGE_VIEW_IMG" PRESENT="1"/>
		<Files TYPE="PAGE_PREVIEW_IMG" PRESENT="1"/>
		<Files TYPE="PRIMITIVE_IMG" PRESENT="1"/>
		<Files TYPE="SNIPPET_IMG" PRESENT="1"/>
	</DataFiles>
	<Content>
		<Primitive BOX="24 12 829 89" ID="Ar0330100" SEQ_NO="0" TOC_ENTRY_ID="40" DEPTH_LEVEL="1">
			<L BOX="308 51 771 76"/>
			<W BOX="308 51 357 76" STYLE_REF="14">MISS</W>
			<W BOX="371 51 494 76" STYLE_REF="14" NS="y">BOSANQUET</W>
			<W BOX="494 51 499 76" STYLE_REF="14">.</W>
			<W BOX="741 51 771 76" STYLE_REF="14">33</W>
		</Primitive>
	</Content>
	<TOC_Entries><TOC_Entry TOC_ENTRY_ID="71" TITLE="MISS BOSANQUET. 33" ENTITY_ID_REF="Ar03301" PAGE_NO="33" PAGE_LABEL="33" PRIM_ID_REF="Ar0330100" IS_IC="true"/></TOC_Entries></XMD-entity>
