<?xml version="1.0" encoding="windows-1252" standalone="no"?>
<XMD-PAGE REPOSITORY_FORMAT="1.0" PRXML_VER="2.0">
	<Meta ISSUE_DATE="01/03/1858" RELEASE_NO="041-EWJ-1858-03-01-001-SINGLE" PAGE_NO="33" NAME="" PAGE_LABEL="33" PAGE_TYPE="Single" PUBLISHER="Olive" PUBLICATION="EWJ" SOURCE_TYPE="TIFF" SOURCE_RESOLUTION="72" IMAGES_RESOLUTION="86" PAGE_THUMBNAIL_RESOLUTION="86" PAGE_PREVIEW_RESOLUTION="15" DEFAULT_IMG_EXT="png" IMG_EXT="png" PREVIEW_IMG_EXT="png" XMD_VER="2.6.238.8" PROFILE_ID="D:\pdfs\EWJ\XMD_EWJ.ini" SECTION="None" PAGE_WIDTH="842" PAGE_HEIGHT="1244" PAGES_NUMBER="72" BASE_HREF="EWJ/1858/03/01" PDF_DESTINATION_MAPPED="OLV0_Page_0033">
		<Resolutions>
			<Resolution DEFAULT="true">86</Resolution>
		</Resolutions>
	</Meta>
	<Link SOURCE="041-EWJ-1858-03-01-001-SINGLE.PDF" NEXT_SECTION="" PREV_SECTION="1"/>
	<DataFiles>
		<Files TYPE="DOC_PDF" PRESENT="1"/>
		<Files TYPE="PAGE_PDF" PRESENT="0"/>
		<Files TYPE="DOC_IMG" PRESENT="0"/>
		<Files TYPE="PAGE_IMG" PRESENT="0"/>
		<Files TYPE="PAGE_VIEW_IMG" PRESENT="1"/>
		<Files TYPE="PAGE_PREVIEW_IMG" PRESENT="1"/>
		<Files TYPE="PRIMITIVE_IMG" PRESENT="1"/>
		<Files TYPE="SNIPPET_IMG" PRESENT="1"/>
	</DataFiles>
	<Entity ENTITY_TYPE="Article" FIRST_TOC_ENTRY_ID="35" INDEX_IN_DOC="66" DEPTH_LEVEL="1" ID="Ar03300" SIZE="XLarge" BOX="23 90 828 1232" NEXT_SECTION="" PREV_SECTION="1" CONTINUATION_TO="Ar03400" CONTINUATION_FROM="Ar03200" FIRST_CHUNK="Ar02801" IMAGES_RESOLUTION="86" LOGICAL_NAME="true">
		<Name>Considerable interest having been expres...</Name>
		<Primitive ID="Ar0330000" BOX="23 90 828 144" ELEMENT_TYPE="Content" SEQ_NO="0" TOC_ENTRY_ID="35" DEPTH_LEVEL="1"/>
		<Primitive ID="Ar0330001" BOX="23 139 828 191" ELEMENT_TYPE="Content" SEQ_NO="1" TOC_ENTRY_ID="35" DEPTH_LEVEL="1"/>
		<Primitive ID="Ar0330002" BOX="23 186 828 237" ELEMENT_TYPE="Content" SEQ_NO="2" TOC_ENTRY_ID="35" DEPTH_LEVEL="1"/>
		<Primitive ID="Ar0330003" BOX="23 232 828 284" ELEMENT_TYPE="Content" SEQ_NO="3" TOC_ENTRY_ID="35" DEPTH_LEVEL="1"/>
		<Primitive ID="Ar0330004" BOX="23 279 828 331" ELEMENT_TYPE="Content" SEQ_NO="4" TOC_ENTRY_ID="35" DEPTH_LEVEL="1"/>
		<Primitive ID="Ar0330005" BOX="23 325 828 378" ELEMENT_TYPE="Content" SEQ_NO="5" TOC_ENTRY_ID="35" DEPTH_LEVEL="1"/>
		<Primitive ID="Ar0330006" BOX="23 374 828 422" ELEMENT_TYPE="Content" SEQ_NO="6" TOC_ENTRY_ID="35" DEPTH_LEVEL="1"/>
		<Primitive ID="Ar0330007" BOX="23 411 828 477" ELEMENT_TYPE="Content" SEQ_NO="7" TOC_ENTRY_ID="35" DEPTH_LEVEL="1"/>
		<Primitive ID="Ar0330008" BOX="23 466 828 551" ELEMENT_TYPE="Content" SEQ_NO="8" TOC_ENTRY_ID="35" DEPTH_LEVEL="1"/>
		<Primitive ID="Ar0330009" BOX="23 539 828 616" ELEMENT_TYPE="Content" SEQ_NO="9" TOC_ENTRY_ID="35" DEPTH_LEVEL="1"/>
		<Primitive ID="Ar0330010" BOX="23 605 828 679" ELEMENT_TYPE="Content" SEQ_NO="10" TOC_ENTRY_ID="35" DEPTH_LEVEL="1"/>
		<Primitive ID="Ar0330011" BOX="23 677 828 728" ELEMENT_TYPE="Content" SEQ_NO="11" TOC_ENTRY_ID="35" DEPTH_LEVEL="1"/>
		<Primitive ID="Ar0330012" BOX="23 717 828 765" ELEMENT_TYPE="Content" SEQ_NO="12" TOC_ENTRY_ID="35" DEPTH_LEVEL="1"/>
		<Primitive ID="Ar0330013" BOX="23 753 828 820" ELEMENT_TYPE="Content" SEQ_NO="13" TOC_ENTRY_ID="35" DEPTH_LEVEL="1"/>
		<Primitive ID="Ar0330014" BOX="23 808 828 857" ELEMENT_TYPE="Content" SEQ_NO="14" TOC_ENTRY_ID="35" DEPTH_LEVEL="1"/>
		<Primitive ID="Ar0330015" BOX="23 845 828 894" ELEMENT_TYPE="Content" SEQ_NO="15" TOC_ENTRY_ID="35" DEPTH_LEVEL="1"/>
		<Primitive ID="Ar0330016" BOX="23 882 828 941" ELEMENT_TYPE="Content" SEQ_NO="16" TOC_ENTRY_ID="35" DEPTH_LEVEL="1"/>
		<Primitive ID="Ar0330017" BOX="23 930 828 1004" ELEMENT_TYPE="Content" SEQ_NO="17" TOC_ENTRY_ID="35" DEPTH_LEVEL="1"/>
		<Primitive ID="Ar0330018" BOX="23 992 828 1053" ELEMENT_TYPE="Content" SEQ_NO="18" TOC_ENTRY_ID="35" DEPTH_LEVEL="1"/>
		<Primitive ID="Ar0330019" BOX="23 1041 828 1095" ELEMENT_TYPE="Content" SEQ_NO="19" TOC_ENTRY_ID="35" DEPTH_LEVEL="1"/>
		<Primitive ID="Ar0330020" BOX="23 1084 828 1144" ELEMENT_TYPE="Content" SEQ_NO="20" TOC_ENTRY_ID="35" DEPTH_LEVEL="1"/>
		<Primitive ID="Ar0330021" BOX="23 1132 828 1188" ELEMENT_TYPE="Content" SEQ_NO="21" TOC_ENTRY_ID="35" DEPTH_LEVEL="1"/>
		<Primitive ID="Ar0330022" BOX="23 1177 828 1206" ELEMENT_TYPE="Content" SEQ_NO="22" TOC_ENTRY_ID="35" DEPTH_LEVEL="1"/>
		<Primitive ID="Ar0330023" BOX="23 1206 828 1232" ELEMENT_TYPE="Content" SEQ_NO="23" TOC_ENTRY_ID="35" DEPTH_LEVEL="1"/>
	</Entity>
	<Entity ENTITY_TYPE="Article" FIRST_TOC_ENTRY_ID="40" INDEX_IN_DOC="74" DEPTH_LEVEL="1" ID="Ar03301" SIZE="Small" BOX="24 12 829 89" NEXT_SECTION="" PREV_SECTION="1" IMAGES_RESOLUTION="86" LOGICAL_NAME="true">
		<Name>MISS BOSANQUET. 33</Name>
		<Primitive ID="Ar0330100" BOX="24 12 829 89" ELEMENT_TYPE="Content" SEQ_NO="0" TOC_ENTRY_ID="40" DEPTH_LEVEL="1"/>
	</Entity>
</XMD-PAGE>
