<?xml version="1.0" encoding="windows-1252" standalone="no"?>
<XMD-entity REPOSITORY_FORMAT="1.0" PRXML_VER="2.0" ENTITY_TYPE="Article" DOC_UID="EWJ_01/04/1858" DOC_VER="1" FIRST_TOC_ENTRY_ID="48" DEPTH_LEVEL="1" INDEX_IN_DOC="90" PAGE_NO="39" ID="Ar03901" BOX="24 12 811 124" LANGUAGE="English" SNP="Ar03901S.png" SNP_WIDTH="788" SNP_HEIGHT="112" LOGICAL_NAME="true">
	<Meta NAME="MY GEE AT AUNT POLLY' S ELOPEMENT. Ill" DESCRIPTION="" SUBTYPE="" BASE_HREF="EWJ/1858/04/01" SOURCE_TYPE="TIFF" PUBLICATION="EWJ" SECTION="None" ISSUE_DATE="01/04/1858" WORDCNT="10" RELEASE_NO="041-EWJ-1858-04-01-001-SINGLE" PAGE_ID="" PAGE_TYPE="Single" PAGE_WIDTH="823" PAGE_HEIGHT="1239" DEFAULT_IMG_EXT="png" PDF_DESTINATION_MAPPED="OLV0_Entity_0039_0002" IMAGES_RESOLUTION="86" XMD_VER="2.6.238.8" PAGE_LABEL="111"/>
	<Link SOURCE="041-EWJ-1858-04-01-001-SINGLE.PDF" FIRST_ID="Ar00200" LAST_ID="Ar07201" NEXT_ID="" PREV_ID="Ar03900" TOC_ID="d:/Olive/Repository/EWJ/1858/04/01/TOC.xml"/>
	<DataFiles>
		<Files TYPE="DOC_PDF" PRESENT="1"/>
		<Files TYPE="PAGE_PDF" PRESENT="0"/>
		<Files TYPE="DOC_IMG" PRESENT="0"/>
		<Files TYPE="PAGE_IMG" PRESENT="0"/>
		<Files TYPE="PAGE_VIEW_IMG" PRESENT="1"/>
		<Files TYPE="PAGE_PREVIEW_IMG" PRESENT="1"/>
		<Files TYPE="PRIMITIVE_IMG" PRESENT="1"/>
		<Files TYPE="SNIPPET_IMG" PRESENT="1"/>
	</DataFiles>
	<Content>
		<Primitive BOX="24 12 811 124" ID="Ar0390100" SEQ_NO="0" TOC_ENTRY_ID="48" DEPTH_LEVEL="1">
			<L BOX="192 83 716 123"/>
			<W BOX="192 86 221 123" STYLE_REF="26">MY</W>
			<W BOX="229 86 267 123" STYLE_REF="26">GEE</W>
			<W BOX="267 86 295 123" STYLE_REF="26">AT</W>
			<W BOX="305 86 358 123" STYLE_REF="26">AUNT</W>
			<W BOX="371 86 435 123" STYLE_REF="26" NS="y">POLLY</W>
			<W BOX="434 83 452 119" STYLE_REF="26">'</W>
			<W BOX="439 86 450 122" STYLE_REF="26">S</W>
			<W BOX="461 86 572 122" STYLE_REF="26" NS="y">ELOPEMENT</W>
			<W BOX="572 86 585 122" STYLE_REF="26">.</W>
			<W BOX="679 86 716 122" STYLE_REF="26">Ill</W>
		</Primitive>
	</Content>
	<TOC_Entries><TOC_Entry TOC_ENTRY_ID="84" TITLE="MY GEE AT AUNT POLLY' S ELOPEMENT. Ill" ENTITY_ID_REF="Ar03901" PAGE_NO="39" PAGE_LABEL="111" PRIM_ID_REF="Ar0390100" IS_IC="true"/></TOC_Entries></XMD-entity>
