<?xml version="1.0" encoding="windows-1252" standalone="no"?>
<XMD-entity REPOSITORY_FORMAT="1.0" PRXML_VER="2.0" ENTITY_TYPE="Article" DOC_UID="EWJ_01/03/1858" DOC_VER="1" FIRST_TOC_ENTRY_ID="7" DEPTH_LEVEL="1" INDEX_IN_DOC="19" PAGE_NO="4" ID="Ar00401" BOX="24 12 829 83" LANGUAGE="English" SNP="Ar00401S.png" SNP_WIDTH="806" SNP_HEIGHT="71" LOGICAL_NAME="true">
	<Meta NAME="4 THE PROFESSION OF THE TEACHEE." DESCRIPTION="" SUBTYPE="" BASE_HREF="EWJ/1858/03/01" SOURCE_TYPE="TIFF" PUBLICATION="EWJ" SECTION="None" ISSUE_DATE="01/03/1858" WORDCNT="7" RELEASE_NO="041-EWJ-1858-03-01-001-SINGLE" PAGE_ID="" PAGE_TYPE="Single" PAGE_WIDTH="842" PAGE_HEIGHT="1244" DEFAULT_IMG_EXT="png" PDF_DESTINATION_MAPPED="OLV0_Entity_0004_0002" IMAGES_RESOLUTION="86" XMD_VER="2.6.238.8" PAGE_LABEL="4"/>
	<Link SOURCE="041-EWJ-1858-03-01-001-SINGLE.PDF" FIRST_ID="Ar00200" LAST_ID="Ar07201" NEXT_ID="" PREV_ID="Ar00400" TOC_ID="d:/Olive/Repository/EWJ/1858/03/01/TOC.xml"/>
	<DataFiles>
		<Files TYPE="DOC_PDF" PRESENT="1"/>
		<Files TYPE="PAGE_PDF" PRESENT="0"/>
		<Files TYPE="DOC_IMG" PRESENT="0"/>
		<Files TYPE="PAGE_IMG" PRESENT="0"/>
		<Files TYPE="PAGE_VIEW_IMG" PRESENT="1"/>
		<Files TYPE="PAGE_PREVIEW_IMG" PRESENT="1"/>
		<Files TYPE="PRIMITIVE_IMG" PRESENT="1"/>
		<Files TYPE="SNIPPET_IMG" PRESENT="1"/>
	</DataFiles>
	<Content>
		<Primitive BOX="24 12 829 83" ID="Ar0040100" SEQ_NO="0" TOC_ENTRY_ID="7" DEPTH_LEVEL="1">
			<L BOX="78 41 638 78"/>
			<W BOX="78 43 93 78" STYLE_REF="13">4</W>
			<W BOX="234 43 277 77" STYLE_REF="13">THE</W>
			<W BOX="292 43 415 77" STYLE_REF="13">PROFESSION</W>
			<W BOX="433 43 459 77" STYLE_REF="13">OF</W>
			<W BOX="474 42 517 77" STYLE_REF="13">THE</W>
			<W BOX="531 41 622 75" STYLE_REF="13" NS="y">TEACHEE</W>
			<W BOX="622 41 638 75" STYLE_REF="13">.</W>
		</Primitive>
	</Content>
	<TOC_Entries><TOC_Entry TOC_ENTRY_ID="10" TITLE="4 THE PROFESSION OF THE TEACHEE." ENTITY_ID_REF="Ar00401" PAGE_NO="4" PAGE_LABEL="4" PRIM_ID_REF="Ar0040100" IS_IC="true"/></TOC_Entries></XMD-entity>
