<?xml version="1.0" encoding="windows-1252" standalone="no"?>
<XMD-entity REPOSITORY_FORMAT="1.0" PRXML_VER="2.0" ENTITY_TYPE="Article" DOC_UID="EWJ_01/04/1858" DOC_VER="1" FIRST_TOC_ENTRY_ID="55" DEPTH_LEVEL="1" INDEX_IN_DOC="97" PAGE_NO="46" ID="Ar04601" BOX="24 12 811 92" LANGUAGE="English" SNP="Ar04601S.png" SNP_WIDTH="788" SNP_HEIGHT="80" LOGICAL_NAME="true">
	<Meta NAME="( 118 )" DESCRIPTION="" SUBTYPE="" BASE_HREF="EWJ/1858/04/01" SOURCE_TYPE="TIFF" PUBLICATION="EWJ" SECTION="None" ISSUE_DATE="01/04/1858" WORDCNT="3" RELEASE_NO="041-EWJ-1858-04-01-001-SINGLE" PAGE_ID="" PAGE_TYPE="Single" PAGE_WIDTH="823" PAGE_HEIGHT="1239" DEFAULT_IMG_EXT="png" PDF_DESTINATION_MAPPED="OLV0_Entity_0046_0002" IMAGES_RESOLUTION="86" XMD_VER="2.6.238.8" PAGE_LABEL="118"/>
	<Link SOURCE="041-EWJ-1858-04-01-001-SINGLE.PDF" FIRST_ID="Ar00200" LAST_ID="Ar07201" NEXT_ID="Ar04602" PREV_ID="Ar04600" TOC_ID="d:/Olive/Repository/EWJ/1858/04/01/TOC.xml"/>
	<DataFiles>
		<Files TYPE="DOC_PDF" PRESENT="1"/>
		<Files TYPE="PAGE_PDF" PRESENT="0"/>
		<Files TYPE="DOC_IMG" PRESENT="0"/>
		<Files TYPE="PAGE_IMG" PRESENT="0"/>
		<Files TYPE="PAGE_VIEW_IMG" PRESENT="1"/>
		<Files TYPE="PAGE_PREVIEW_IMG" PRESENT="1"/>
		<Files TYPE="PRIMITIVE_IMG" PRESENT="1"/>
		<Files TYPE="SNIPPET_IMG" PRESENT="1"/>
	</DataFiles>
	<Content>
		<Primitive BOX="24 12 811 92" ID="Ar0460100" SEQ_NO="0" TOC_ENTRY_ID="55" DEPTH_LEVEL="1">
			<L BOX="361 47 469 80"/>
			<W BOX="361 49 369 80" STYLE_REF="3">(</W>
			<W BOX="395 47 428 78" STYLE_REF="3">118</W>
			<W BOX="459 47 469 78" STYLE_REF="3">)</W>
		</Primitive>
	</Content>
	<TOC_Entries><TOC_Entry TOC_ENTRY_ID="98" TITLE="( 118 )" ENTITY_ID_REF="Ar04601" PAGE_NO="46" PAGE_LABEL="118" PRIM_ID_REF="Ar0460100" IS_IC="true"/></TOC_Entries></XMD-entity>
