<?xml version="1.0" encoding="windows-1252" standalone="no"?>
<XMD-entity REPOSITORY_FORMAT="1.0" PRXML_VER="2.0" ENTITY_TYPE="Article" DOC_UID="EWJ_01/04/1858" DOC_VER="1" FIRST_TOC_ENTRY_ID="57" DEPTH_LEVEL="1" INDEX_IN_DOC="99" PAGE_NO="46" ID="Ar04602" BOX="24 155 811 1214" LANGUAGE="English" CONTINUATION_TO="Ar04700" SNP="Ar04602S.png" SNP_WIDTH="788" SNP_HEIGHT="85" LOGICAL_NAME="true">
	<Meta NAME="~ ^U - , just There as trul is a y commo..." DESCRIPTION="" SUBTYPE="" BASE_HREF="EWJ/1858/04/01" SOURCE_TYPE="TIFF" PUBLICATION="EWJ" SECTION="None" ISSUE_DATE="01/04/1858" WORDCNT="584" RELEASE_NO="041-EWJ-1858-04-01-001-SINGLE" PAGE_ID="" PAGE_TYPE="Single" PAGE_WIDTH="823" PAGE_HEIGHT="1239" DEFAULT_IMG_EXT="png" PDF_DESTINATION_MAPPED="OLV0_Entity_0046_0003" IMAGES_RESOLUTION="86" XMD_VER="2.6.238.8" PAGE_LABEL="118"/>
	<Link SOURCE="041-EWJ-1858-04-01-001-SINGLE.PDF" FIRST_ID="Ar00200" LAST_ID="Ar07201" NEXT_ID="" PREV_ID="Ar04601" TOC_ID="d:/Olive/Repository/EWJ/1858/04/01/TOC.xml"/>
	<DataFiles>
		<Files TYPE="DOC_PDF" PRESENT="1"/>
		<Files TYPE="PAGE_PDF" PRESENT="0"/>
		<Files TYPE="DOC_IMG" PRESENT="0"/>
		<Files TYPE="PAGE_IMG" PRESENT="0"/>
		<Files TYPE="PAGE_VIEW_IMG" PRESENT="1"/>
		<Files TYPE="PAGE_PREVIEW_IMG" PRESENT="1"/>
		<Files TYPE="PRIMITIVE_IMG" PRESENT="1"/>
		<Files TYPE="SNIPPET_IMG" PRESENT="1"/>
	</DataFiles>
	<Content>
		<Primitive BOX="24 155 811 239" ID="Ar0460200" SEQ_NO="0" TOC_ENTRY_ID="57" DEPTH_LEVEL="1">
			<L BOX="416 146 441 168"/>
			<W BOX="416 146 426 168" STYLE_REF="6" NS="y" M="1 * ">_~</W>
			<S S_TYPE="SUP">
				<W BOX="421 152 427 163" STYLE_REF="30" NS="y" M="1 * ">_^</W>
			</S>
			<S S_TYPE="SUP">
				<W BOX="428 152 438 163" STYLE_REF="30">U</W>
			</S>
			<W BOX="436 146 441 168" STYLE_REF="6" NS="y" M="1 * ">_-</W>
			<S S_TYPE="SUP">
				<W BOX="437 152 440 163" STYLE_REF="30">,</W>
			</S>
			<L BOX="69 170 762 249" P="S"/>
			<W BOX="69 201 111 228" STYLE_REF="1">just</W>
			<W BOX="71 179 135 205" STYLE_REF="1">There</W>
			<W BOX="116 201 136 227" STYLE_REF="1">as</W>
			<W BOX="142 201 182 227" STYLE_REF="1">trul</W>
			<W BOX="143 179 159 205" STYLE_REF="1">is</W>
			<W BOX="167 177 178 204" STYLE_REF="1">a</W>
			<W BOX="180 201 193 228" STYLE_REF="1">y</W>
			<W BOX="186 177 267 204" STYLE_REF="1">common</W>
			<W BOX="188 222 208 249" STYLE_REF="1">in</W>
			<W BOX="200 200 223 227" STYLE_REF="1">be</W>
			<W BOX="220 222 265 249" STYLE_REF="1">such</W>
			<W BOX="230 199 308 226" STYLE_REF="1">asserted</W>
			<W BOX="276 221 333 248" STYLE_REF="1">direct</W>
			<Q BOX="276 176 308 203" STYLE_REF="1" QID="1">say</Q>
			<q BOX="309 175 341 202" STYLE_REF="1" QID="1">ing</q>
			<QW QID="1">saying</QW>
			<W BOX="317 198 357 225" STYLE_REF="1">that</W>
			<W BOX="346 220 498 247" STYLE_REF="1">communication</W>
			<W BOX="348 175 390 201" STYLE_REF="1">that</W>
			<W BOX="365 198 427 224" STYLE_REF="1">seeing</W>
			<W BOX="399 176 410 203" STYLE_REF="1" M="1 * ">_"</W>
			<W BOX="419 174 468 201" STYLE_REF="1">seein</W>
			<W BOX="435 197 452 223" STYLE_REF="1">is</W>
			<W BOX="459 196 605 223" STYLE_REF="1">understanding</W>
			<W BOX="469 174 482 201" STYLE_REF="1">g</W>
			<W BOX="489 173 506 200" STYLE_REF="1">is</W>
			<W BOX="509 219 556 245" STYLE_REF="1">with</W>
			<Q BOX="513 173 551 200" STYLE_REF="1" QID="2">beli</Q>
			<q BOX="552 173 613 200" STYLE_REF="1" QID="2">eving</q>
			<QW QID="2">believing</QW>
			<W BOX="566 218 600 245" STYLE_REF="1">the</W>
			<W BOX="610 196 615 222" STYLE_REF="1">;</W>
			<W BOX="610 217 664 244" STYLE_REF="1">brain</W>
			<W BOX="612 173 620 200" STYLE_REF="1" NS="y">/</W>
			<W BOX="621 173 626 200" STYLE_REF="1">'</W>
			<W BOX="624 195 650 221" STYLE_REF="1">for</W>
			<W BOX="633 171 669 198" STYLE_REF="1">and</W>
			<W BOX="659 194 693 221" STYLE_REF="1">the</W>
			<W BOX="664 217 668 244" STYLE_REF="1">,</W>
			<W BOX="676 216 716 243" STYLE_REF="1">that</W>
			<W BOX="677 171 691 197" STYLE_REF="1">it</W>
			<W BOX="699 170 725 197" STYLE_REF="1">mi</W>
			<W BOX="700 193 762 220" STYLE_REF="1">visual</W>
			<W BOX="725 171 739 198" STYLE_REF="1">g</W>
			<W BOX="726 216 752 242" STYLE_REF="1">im</W>
			<W BOX="738 170 760 196" STYLE_REF="1">ht</W>
			<Q BOX="752 216 761 242" STYLE_REF="1" QID="3">-</Q>
		</Primitive>
		<Primitive BOX="24 227 811 319" ID="Ar0460201" SEQ_NO="1" TOC_ENTRY_ID="57" DEPTH_LEVEL="1">
			<L BOX="71 223 761 319"/>
			<q BOX="71 292 180 319" STYLE_REF="1" QID="3">permanent</q>
			<QW QID="3">permanent</QW>
			<W BOX="71 269 131 296" STYLE_REF="1">fullest</W>
			<W BOX="71 246 152 273" STYLE_REF="1">pression</W>
			<W BOX="71 224 137 251" STYLE_REF="1">organs</W>
			<W BOX="144 223 175 250" STYLE_REF="1">are</W>
			<W BOX="146 269 234 295" STYLE_REF="1">intensity</W>
			<W BOX="154 246 163 273" STYLE_REF="1">s</W>
			<W BOX="176 245 261 272" STYLE_REF="1">received</W>
			<W BOX="185 291 285 317" STYLE_REF="1">characters</W>
			<W BOX="234 269 240 295" STYLE_REF="1">,</W>
			<W BOX="255 267 348 294" STYLE_REF="1">outlining</W>
			<W BOX="272 244 339 271" STYLE_REF="1">throug</W>
			<W BOX="316 289 355 316" STYLE_REF="1">The</W>
			<W BOX="338 243 352 270" STYLE_REF="1">h</W>
			<W BOX="363 266 474 292" STYLE_REF="1">themselves</W>
			<W BOX="364 289 424 316" STYLE_REF="1">princi</W>
			<W BOX="364 243 417 270" STYLE_REF="1">them</W>
			<W BOX="429 243 485 269" STYLE_REF="1">strike</W>
			<W BOX="437 288 455 315" STYLE_REF="1">le</W>
			<W BOX="467 288 485 315" STYLE_REF="1">of</W>
			<W BOX="486 265 516 292" STYLE_REF="1">too</W>
			<W BOX="497 288 581 314" STYLE_REF="1">appealin</W>
			<W BOX="499 242 547 269" STYLE_REF="1">upon</W>
			<W BOX="533 264 582 291" STYLE_REF="1">upon</W>
			<W BOX="565 241 580 268" STYLE_REF="1">it</W>
			<W BOX="582 287 595 314" STYLE_REF="1">g</W>
			<W BOX="594 241 613 268" STYLE_REF="1">at</W>
			<W BOX="599 264 631 290" STYLE_REF="1">the</W>
			<W BOX="603 286 648 313" STYLE_REF="1">thus</W>
			<W BOX="626 240 671 267" STYLE_REF="1">once</W>
			<W BOX="643 263 723 289" STYLE_REF="1">memory</W>
			<W BOX="654 285 721 312" STYLE_REF="1">directl</W>
			<W BOX="681 240 701 267" STYLE_REF="1">in</W>
			<W BOX="711 239 761 266" STYLE_REF="1">their</W>
			<W BOX="719 285 733 312" STYLE_REF="1">y</W>
			<W BOX="737 261 758 288" STYLE_REF="1">in</W>
			<W BOX="741 284 761 311" STYLE_REF="1">to</W>
		</Primitive>
		<Primitive BOX="24 308 811 355" ID="Ar0460202" SEQ_NO="2" TOC_ENTRY_ID="57" DEPTH_LEVEL="1">
			<L BOX="287 290 437 317"/>
			<W BOX="287 291 291 317" STYLE_REF="1">.</W>
			<W BOX="424 290 437 316" STYLE_REF="1">p</W>
			<L BOX="70 308 762 364"/>
			<W BOX="70 337 132 364" STYLE_REF="1">valent</W>
			<W BOX="71 315 105 342" STYLE_REF="1">the</W>
			<W BOX="111 314 183 341" STYLE_REF="1">noblest</W>
			<W BOX="143 337 163 364" STYLE_REF="1">in</W>
			<W BOX="175 337 200 363" STYLE_REF="1">all</W>
			<W BOX="191 314 243 341" STYLE_REF="1">sense</W>
			<W BOX="212 336 285 363" STYLE_REF="1">scheme</W>
			<W BOX="245 314 250 341" STYLE_REF="1">,</W>
			<W BOX="258 313 291 340" STYLE_REF="1">the</W>
			<W BOX="285 336 294 363" STYLE_REF="1">s</W>
			<W BOX="298 313 333 340" STYLE_REF="1">eye</W>
			<W BOX="305 335 322 362" STYLE_REF="1">of</W>
			<W BOX="333 313 338 340" STYLE_REF="1">,</W>
			<W BOX="335 334 428 361" STYLE_REF="1">education</W>
			<W BOX="346 312 362 339" STYLE_REF="1">is</W>
			<Q BOX="370 312 420 339" STYLE_REF="1" QID="4">happ</Q>
			<Q BOX="421 311 436 338" STYLE_REF="1" QID="4">il</Q>
			<q BOX="435 312 448 339" STYLE_REF="1" QID="4">y</q>
			<QW QID="4">happily</QW>
			<W BOX="444 333 527 360" STYLE_REF="1">whether</W>
			<W BOX="455 310 553 337" STYLE_REF="1">becoming</W>
			<W BOX="538 333 565 360" STYLE_REF="1">for</W>
			<W BOX="559 310 610 336" STYLE_REF="1">more</W>
			<W BOX="578 332 613 359" STYLE_REF="1">the</W>
			<W BOX="621 309 654 335" STYLE_REF="1">and</W>
			<W BOX="623 331 686 358" STYLE_REF="1">young</W>
			<W BOX="663 308 712 334" STYLE_REF="1">more</W>
			<W BOX="697 331 716 357" STYLE_REF="1">or</W>
			<W BOX="720 308 753 334" STYLE_REF="1">pre</W>
			<W BOX="728 330 762 356" STYLE_REF="1">the</W>
			<Q BOX="753 308 761 334" STYLE_REF="1" QID="5">-</Q>
		</Primitive>
		<Primitive BOX="24 343 811 402" ID="Ar0460203" SEQ_NO="3" TOC_ENTRY_ID="57" DEPTH_LEVEL="1">
			<L BOX="70 334 762 410"/>
			<q BOX="70 383 176 410" STYLE_REF="1" QID="5">foundation</q>
			<QW QID="5">foundation</QW>
			<W BOX="70 360 122 387" STYLE_REF="1" NS="y">adult</W>
			<W BOX="128 360 134 387" STYLE_REF="1">;</W>
			<W BOX="145 359 181 386" STYLE_REF="1">and</W>
			<W BOX="189 359 211 386" STYLE_REF="1">an</W>
			<W BOX="193 382 253 409" STYLE_REF="1">which</W>
			<W BOX="220 359 268 386" STYLE_REF="1">effort</W>
			<W BOX="266 381 329 408" STYLE_REF="1">merits</W>
			<W BOX="277 358 310 385" STYLE_REF="1">has</W>
			<W BOX="317 358 388 384" STYLE_REF="1">recentl</W>
			<W BOX="337 381 370 408" STYLE_REF="1">the</W>
			<W BOX="380 379 478 406" STYLE_REF="1">particular</W>
			<W BOX="386 358 400 385" STYLE_REF="1">y</W>
			<W BOX="407 357 453 383" STYLE_REF="1">been</W>
			<W BOX="432 334 437 361" STYLE_REF="1">,</W>
			<W BOX="465 356 519 383" STYLE_REF="1">made</W>
			<W BOX="486 379 550 405" STYLE_REF="1">regard</W>
			<W BOX="520 356 524 382" STYLE_REF="1">,</W>
			<W BOX="532 355 587 382" STYLE_REF="1">based</W>
			<W BOX="559 378 577 405" STYLE_REF="1">of</W>
			<W BOX="586 377 612 404" STYLE_REF="1">all</W>
			<W BOX="597 355 646 381" STYLE_REF="1">upon</W>
			<W BOX="620 377 665 404" STYLE_REF="1">wlio</W>
			<W BOX="654 353 692 380" STYLE_REF="1">this</W>
			<W BOX="667 376 696 403" STYLE_REF="1">are</W>
			<W BOX="701 353 760 380" STYLE_REF="1">sound</W>
			<Q BOX="704 376 752 403" STYLE_REF="1" QID="6">inter</Q>
			<Q BOX="752 376 762 403" STYLE_REF="1" LH="y" QID="6">-</Q>
		</Primitive>
		<Primitive BOX="24 390 811 457" ID="Ar0460204" SEQ_NO="4" TOC_ENTRY_ID="57" DEPTH_LEVEL="1">
			<L BOX="179 383 184 409"/>
			<q BOX="179 383 184 409" STYLE_REF="1" QID="6">,</q>
			<QW QID="6">inter-,</QW>
			<L BOX="71 402 760 457"/>
			<W BOX="71 407 119 434" STYLE_REF="1">ested</W>
			<W BOX="95 430 130 457" STYLE_REF="1">For</W>
			<W BOX="128 407 148 434" STYLE_REF="1">in</W>
			<W BOX="156 407 189 433" STYLE_REF="1">the</W>
			<W BOX="196 405 244 432" STYLE_REF="1">great</W>
			<W BOX="207 428 271 455" STYLE_REF="1">month</W>
			<W BOX="254 405 308 432" STYLE_REF="1">cause</W>
			<W BOX="272 428 280 454" STYLE_REF="1">s</W>
			<W BOX="292 427 333 454" STYLE_REF="1">past</W>
			<W BOX="316 404 333 431" STYLE_REF="1">of</W>
			<W BOX="342 403 397 430" STYLE_REF="1">social</W>
			<W BOX="346 427 357 453" STYLE_REF="1">a</W>
			<W BOX="367 426 411 453" STYLE_REF="1">tiny</W>
			<W BOX="406 404 440 430" STYLE_REF="1">pro</W>
			<W BOX="421 425 510 452" STYLE_REF="1">paragrap</W>
			<Q BOX="440 403 453 430" STYLE_REF="1" QID="7">g</Q>
			<q BOX="452 402 494 429" STYLE_REF="1" NS="y" QID="7" M="1 * ">ress</q>
			<QW QID="7">_gress</QW>
			<W BOX="492 402 500 429" STYLE_REF="1">.</W>
			<Q BOX="510 424 523 451" STYLE_REF="1" QID="8">h</Q>
			<q BOX="539 423 560 450" STYLE_REF="1" QID="8">in</q>
			<QW QID="8">hin</QW>
			<W BOX="572 423 635 450" STYLE_REF="1">which</W>
			<Q BOX="646 422 657 449" STYLE_REF="1" QID="9">fi</Q>
			<q BOX="660 422 713 448" STYLE_REF="1" QID="9">gures</q>
			<QW QID="9">figures</QW>
			<W BOX="729 421 760 447" STYLE_REF="1">are</W>
		</Primitive>
		<Primitive BOX="24 445 811 494" ID="Ar0460205" SEQ_NO="5" TOC_ENTRY_ID="57" DEPTH_LEVEL="1">
			<L BOX="145 424 529 456"/>
			<W BOX="145 430 193 456" STYLE_REF="1">some</W>
			<W BOX="524 424 529 451" STYLE_REF="1">,</W>
			<L BOX="71 444 762 480"/>
			<W BOX="71 453 137 480" STYLE_REF="1">almost</W>
			<W BOX="143 453 163 480" STYLE_REF="1">as</W>
			<W BOX="170 451 267 478" STYLE_REF="1">numerous</W>
			<W BOX="274 451 294 477" STYLE_REF="1">as</W>
			<W BOX="305 449 368 476" STYLE_REF="1" NS="y">letters</W>
			<W BOX="370 449 375 476" STYLE_REF="1">,</W>
			<W BOX="382 448 416 475" STYLE_REF="1">has</W>
			<W BOX="424 448 511 475" STYLE_REF="1">appeared</W>
			<Q BOX="523 446 605 473" STYLE_REF="1" QID="10">regularl</Q>
			<q BOX="604 447 616 473" STYLE_REF="1" QID="10">y</q>
			<QW QID="10">regularly</QW>
			<W BOX="624 445 644 472" STYLE_REF="1">in</W>
			<W BOX="657 445 690 472" STYLE_REF="1">the</W>
			<Q BOX="702 444 754 471" STYLE_REF="1" QID="11">news</Q>
			<Q BOX="754 444 762 471" STYLE_REF="1" QID="11">-</Q>
			<L BOX="151 466 762 501"/>
			<q BOX="151 474 267 501" STYLE_REF="1" QID="11">announcing</q>
			<QW QID="11">newsannouncing</QW>
			<W BOX="275 472 317 499" STYLE_REF="1">how</W>
			<W BOX="324 472 379 498" STYLE_REF="1">many</W>
			<W BOX="387 471 464 498" STYLE_REF="1">persons</W>
			<Q BOX="474 470 510 497" STYLE_REF="1" QID="12">hav</Q>
			<q BOX="512 470 522 497" STYLE_REF="1" QID="12">e</q>
			<QW QID="12">have</QW>
			<W BOX="530 469 598 496" STYLE_REF="1">visited</W>
			<W BOX="606 469 637 496" STYLE_REF="1">the</W>
			<W BOX="645 468 702 494" STYLE_REF="1">South</W>
			<Q BOX="711 466 754 493" STYLE_REF="1" QID="13">Ken</Q>
			<Q BOX="754 466 762 493" STYLE_REF="1" QID="13">-</Q>
		</Primitive>
		<Primitive BOX="24 482 811 562" ID="Ar0460206" SEQ_NO="6" TOC_ENTRY_ID="57" DEPTH_LEVEL="1">
			<L BOX="71 476 763 567"/>
			<q BOX="71 521 125 548" STYLE_REF="1" QID="13">sands</q>
			<QW QID="13">Kensands</QW>
			<W BOX="71 476 136 503" STYLE_REF="1">papers</W>
			<W BOX="71 499 143 525" STYLE_REF="1">sington</W>
			<W BOX="133 520 152 547" STYLE_REF="1">to</W>
			<W BOX="137 476 142 503" STYLE_REF="1">,</W>
			<W BOX="153 497 235 524" STYLE_REF="1">Museum</W>
			<W BOX="161 520 223 546" STYLE_REF="1">which</W>
			<W BOX="229 519 261 546" STYLE_REF="1">the</W>
			<W BOX="249 495 316 522" STYLE_REF="1">during</W>
			<W BOX="268 518 300 545" STYLE_REF="1">list</W>
			<W BOX="312 517 391 544" STYLE_REF="1">generall</W>
			<W BOX="315 540 402 567" STYLE_REF="1">included</W>
			<W BOX="323 494 355 521" STYLE_REF="1">the</W>
			<W BOX="365 494 465 520" STYLE_REF="1">preceding</W>
			<W BOX="392 517 406 543" STYLE_REF="1">y</W>
			<W BOX="414 516 497 542" STYLE_REF="1">amounts</W>
			<W BOX="471 493 523 519" STYLE_REF="1">week</W>
			<W BOX="494 538 543 565" STYLE_REF="1">have</W>
			<W BOX="498 515 503 542" STYLE_REF="1">,</W>
			<W BOX="512 515 527 542" STYLE_REF="1">it</W>
			<W BOX="527 493 533 519" STYLE_REF="1">;</W>
			<W BOX="535 515 552 542" STYLE_REF="1">is</W>
			<W BOX="548 492 585 518" STYLE_REF="1">and</W>
			<W BOX="563 514 640 541" STYLE_REF="1">probabl</W>
			<W BOX="594 491 659 517" STYLE_REF="1">among</W>
			<W BOX="624 536 702 563" STYLE_REF="1">perhaps</W>
			<W BOX="641 514 651 541" STYLE_REF="1">e</W>
			<W BOX="659 513 699 539" STYLE_REF="1">that</W>
			<W BOX="669 490 701 517" STYLE_REF="1">the</W>
			<W BOX="705 512 761 539" STYLE_REF="1">many</W>
			<W BOX="709 489 754 516" STYLE_REF="1">thou</W>
			<W BOX="713 534 758 561" STYLE_REF="1">with</W>
			<Q BOX="754 489 763 516" STYLE_REF="1" QID="14">-</Q>
		</Primitive>
		<Primitive BOX="24 550 811 616" ID="Ar0460207" SEQ_NO="7" TOC_ENTRY_ID="57" DEPTH_LEVEL="1">
			<L BOX="71 534 764 593"/>
			<q BOX="71 544 89 571" STYLE_REF="1" QID="14">of</q>
			<QW QID="14">of</QW>
			<W BOX="71 566 181 593" STYLE_REF="1">admiration</W>
			<W BOX="103 544 134 570" STYLE_REF="1">our</W>
			<W BOX="146 543 217 570" STYLE_REF="1">readers</W>
			<W BOX="188 566 205 592" STYLE_REF="1">at</W>
			<W BOX="213 565 248 592" STYLE_REF="1">the</W>
			<W BOX="229 542 273 569" STYLE_REF="1">may</W>
			<W BOX="253 564 340 590" STYLE_REF="1">beautiful</W>
			<W BOX="280 541 303 568" STYLE_REF="1">be</W>
			<W BOX="349 562 447 589" STYLE_REF="1">miniature</W>
			<W BOX="402 540 408 567" STYLE_REF="1">.</W>
			<W BOX="432 539 484 566" STYLE_REF="1">They</W>
			<W BOX="457 561 528 588" STYLE_REF="1">models</W>
			<W BOX="539 561 556 587" STYLE_REF="1">of</W>
			<W BOX="554 538 612 565" STYLE_REF="1">gazed</W>
			<W BOX="569 560 627 586" STYLE_REF="1">tower</W>
			<W BOX="637 559 674 586" STYLE_REF="1">and</W>
			<Q BOX="685 559 737 585" STYLE_REF="1" QID="15">temp</Q>
			<q BOX="735 558 755 584" STYLE_REF="1" NS="y" QID="15">le</q>
			<QW QID="15">temple</QW>
			<W BOX="756 557 762 584" STYLE_REF="1">,</W>
			<W BOX="758 534 764 561" STYLE_REF="1" M="1 * ">_,</W>
			<L BOX="71 581 763 616"/>
			<W BOX="71 590 89 616" STYLE_REF="1">at</W>
			<W BOX="98 590 131 616" STYLE_REF="1">the</W>
			<Q BOX="149 588 201 615" STYLE_REF="1" QID="16">uriou</Q>
			<Q BOX="223 587 331 614" STYLE_REF="1" QID="16">arabesques</Q>
			<q BOX="350 585 385 612" STYLE_REF="1" QID="16">and</q>
			<QW QID="16">uriouarabesquesand</QW>
			<W BOX="394 585 459 611" STYLE_REF="1">quaint</W>
			<W BOX="473 584 502 611" STYLE_REF="1">old</W>
			<W BOX="512 583 598 610" STYLE_REF="1">carvings</W>
			<W BOX="612 582 634 609" STYLE_REF="1">on</W>
			<W BOX="642 582 676 608" STYLE_REF="1">the</W>
			<Q BOX="683 581 754 607" STYLE_REF="1" QID="17">ground</Q>
			<Q BOX="754 581 763 607" STYLE_REF="1" QID="17">-</Q>
		</Primitive>
		<Primitive BOX="24 604 811 654" ID="Ar0460208" SEQ_NO="8" TOC_ENTRY_ID="57" DEPTH_LEVEL="1">
			<L BOX="138 587 336 616"/>
			<Q BOX="138 590 150 616" STYLE_REF="1" QID="17">c</Q>
			<q BOX="202 588 211 615" STYLE_REF="1" QID="17">s</q>
			<QW QID="17">groundcs</QW>
			<W BOX="332 587 336 613" STYLE_REF="1">,</W>
			<L BOX="71 603 763 662"/>
			<W BOX="71 613 117 639" STYLE_REF="1">floor</W>
			<W BOX="71 636 123 662" STYLE_REF="1">seum</W>
			<W BOX="122 613 128 639" STYLE_REF="1">;</W>
			<W BOX="140 611 239 638" STYLE_REF="1">marvelled</W>
			<W BOX="142 634 226 661" STYLE_REF="1">reverted</W>
			<W BOX="230 634 250 661" STYLE_REF="1">to</W>
			<W BOX="248 610 267 637" STYLE_REF="1">at</W>
			<W BOX="257 632 306 659" STYLE_REF="1">their</W>
			<W BOX="276 609 309 636" STYLE_REF="1">the</W>
			<W BOX="311 631 352 658" STYLE_REF="1">own</W>
			<W BOX="316 609 364 636" STYLE_REF="1">mass</W>
			<W BOX="357 631 392 658" STYLE_REF="1">less</W>
			<W BOX="373 608 390 634" STYLE_REF="1">of</W>
			<W BOX="399 630 486 657" STYLE_REF="1">favoured</W>
			<W BOX="399 607 496 634" STYLE_REF="1">fragments</W>
			<W BOX="496 629 556 656" STYLE_REF="1">school</W>
			<W BOX="507 606 527 633" STYLE_REF="1">in</W>
			<W BOX="538 606 570 632" STYLE_REF="1">the</W>
			<Q BOX="556 629 564 656" STYLE_REF="1" LH="y" QID="18">-</Q>
			<q BOX="564 629 599 656" STYLE_REF="1" QID="18">day</q>
			<QW QID="18">-day</QW>
			<W BOX="577 605 713 631" STYLE_REF="1">Architectural</W>
			<W BOX="602 629 612 656" STYLE_REF="1" NS="y">s</W>
			<W BOX="612 629 617 655" STYLE_REF="1">,</W>
			<W BOX="625 627 673 654" STYLE_REF="1">amid</W>
			<W BOX="678 627 710 654" STYLE_REF="1">the</W>
			<W BOX="715 626 755 653" STYLE_REF="1">mul</W>
			<Q BOX="720 603 755 630" STYLE_REF="1" QID="19">Mu</Q>
			<q BOX="755 603 763 630" STYLE_REF="1" LH="y" QID="19">-</q>
			<QW QID="19">Mu-</QW>
			<W BOX="755 626 763 653" STYLE_REF="1" LH="y">-</W>
			<L BOX="128 634 133 661"/>
			<W BOX="128 634 133 661" STYLE_REF="1">;</W>
		</Primitive>
		<Primitive BOX="24 642 811 707" ID="Ar0460209" SEQ_NO="9" TOC_ENTRY_ID="57" DEPTH_LEVEL="1">
			<L BOX="71 649 765 685"/>
			<W BOX="71 658 154 685" STYLE_REF="1">tifarious</W>
			<W BOX="166 657 241 683" STYLE_REF="1">modern</W>
			<W BOX="255 655 364 682" STYLE_REF="1">advantages</W>
			<W BOX="375 653 437 680" STYLE_REF="1">shown</W>
			<W BOX="446 653 465 680" STYLE_REF="1">in</W>
			<W BOX="473 652 506 679" STYLE_REF="1">the</W>
			<W BOX="518 651 640 678" STYLE_REF="1">Educational</W>
			<W BOX="648 649 751 676" STYLE_REF="1" NS="y">Collection</W>
			<W BOX="757 649 765 675" STYLE_REF="1">;</W>
			<L BOX="71 672 761 723"/>
			<W BOX="71 681 108 708" STYLE_REF="1">and</W>
			<W BOX="120 680 202 707" STYLE_REF="1">lingered</W>
			<W BOX="211 679 255 706" STYLE_REF="1">long</W>
			<W BOX="269 678 303 705" STYLE_REF="1">and</W>
			<Q BOX="317 677 381 704" STYLE_REF="1" QID="20">loving</Q>
			<Q BOX="380 677 389 703" STYLE_REF="1" QID="20">l</Q>
			<q BOX="388 676 401 703" STYLE_REF="1" QID="20">y</q>
			<QW QID="20">lovingly</QW>
			<W BOX="409 676 475 703" STYLE_REF="1">among</W>
			<W BOX="485 675 518 702" STYLE_REF="1">the</W>
			<Q BOX="530 675 542 702" STYLE_REF="1" QID="21">p</Q>
			<q BOX="543 674 611 701" STYLE_REF="1" QID="21">ictures</q>
			<QW QID="21">pictures</QW>
			<W BOX="555 697 639 723" STYLE_REF="1">knowled</W>
			<W BOX="620 674 637 701" STYLE_REF="1">of</W>
			<W BOX="649 673 682 700" STYLE_REF="1">the</W>
			<W BOX="673 695 691 722" STYLE_REF="1">of</W>
			<Q BOX="694 672 753 699" STYLE_REF="1" QID="22">Sheep</Q>
			<Q BOX="753 672 761 699" STYLE_REF="1" QID="22">-</Q>
		</Primitive>
		<Primitive BOX="24 696 811 761" ID="Ar0460210" SEQ_NO="10" TOC_ENTRY_ID="57" DEPTH_LEVEL="1">
			<L BOX="71 695 762 753"/>
			<q BOX="71 727 162 753" STYLE_REF="1" QID="22">facturing</q>
			<QW QID="22">Sheepfacturing</QW>
			<Q BOX="71 704 129 731" STYLE_REF="1" QID="23">shank</Q>
			<q BOX="131 704 139 730" STYLE_REF="1" QID="23">s</q>
			<QW QID="23">shanks</QW>
			<W BOX="146 703 223 729" STYLE_REF="1">bequest</W>
			<W BOX="169 726 262 752" STYLE_REF="1">processes</W>
			<W BOX="223 703 229 729" STYLE_REF="1">.</W>
			<W BOX="244 701 296 728" STYLE_REF="1">They</W>
			<W BOX="273 724 293 750" STYLE_REF="1">in</W>
			<W BOX="304 724 336 750" STYLE_REF="1">the</W>
			<W BOX="304 701 345 728" STYLE_REF="1" NS="y">may</W>
			<W BOX="347 700 352 727" STYLE_REF="1">,</W>
			<W BOX="348 722 392 749" STYLE_REF="1">East</W>
			<W BOX="360 700 391 726" STYLE_REF="1" NS="y">too</W>
			<W BOX="392 700 397 726" STYLE_REF="1">,</W>
			<W BOX="406 722 480 749" STYLE_REF="1">Gallery</W>
			<Q BOX="406 699 442 725" STYLE_REF="1" QID="24">hav</Q>
			<q BOX="443 699 453 725" STYLE_REF="1" QID="24">e</q>
			<QW QID="24">have</QW>
			<W BOX="461 699 507 725" STYLE_REF="1">soug</W>
			<W BOX="482 722 487 748" STYLE_REF="1">,</W>
			<W BOX="496 721 531 747" STYLE_REF="1">and</W>
			<W BOX="507 698 528 724" STYLE_REF="1">ht</W>
			<W BOX="536 698 546 724" STYLE_REF="1">a</W>
			<W BOX="544 720 585 747" STYLE_REF="1">seen</W>
			<W BOX="600 719 619 746" STYLE_REF="1">at</W>
			<W BOX="631 719 665 746" STYLE_REF="1">one</W>
			<W BOX="640 696 663 723" STYLE_REF="1">ge</W>
			<W BOX="672 718 721 745" STYLE_REF="1">view</W>
			<W BOX="699 695 754 722" STYLE_REF="1">manu</W>
			<W BOX="729 718 761 744" STYLE_REF="1">the</W>
			<Q BOX="754 695 762 722" STYLE_REF="1" QID="25">-</Q>
		</Primitive>
		<Primitive BOX="24 749 811 808" ID="Ar0460211" SEQ_NO="11" TOC_ENTRY_ID="57" DEPTH_LEVEL="1">
			<L BOX="72 740 764 776"/>
			<q BOX="72 750 132 776" STYLE_REF="1" QID="25">whole</q>
			<QW QID="25">whole</QW>
			<W BOX="147 748 198 775" STYLE_REF="1">work</W>
			<W BOX="214 748 231 775" STYLE_REF="1">of</W>
			<W BOX="243 747 276 774" STYLE_REF="1">the</W>
			<Q BOX="287 746 347 773" STYLE_REF="1" QID="26">hatter</Q>
			<q BOX="367 745 386 772" STYLE_REF="1" QID="26">or</q>
			<QW QID="26">hatteror</QW>
			<Q BOX="399 744 455 771" STYLE_REF="1" QID="27">brush</Q>
			<Q BOX="455 744 463 771" STYLE_REF="1" LH="y" QID="27">-</Q>
			<q BOX="463 744 526 771" STYLE_REF="1" NS="y" QID="27">maker</q>
			<QW QID="27">brush-maker</QW>
			<W BOX="527 744 532 771" STYLE_REF="1">,</W>
			<W BOX="546 743 567 769" STYLE_REF="1">or</W>
			<W BOX="580 742 693 768" STYLE_REF="1">bookbinder</W>
			<W BOX="705 740 724 767" STYLE_REF="1">in</W>
			<W BOX="737 740 764 767" STYLE_REF="1">its</W>
			<L BOX="73 746 764 813"/>
			<W BOX="73 773 129 799" STYLE_REF="1">every</W>
			<Q BOX="137 773 148 799" STYLE_REF="1" QID="28">s</Q>
			<q BOX="148 771 188 798" STYLE_REF="1" NS="y" QID="28">tage</q>
			<QW QID="28">stage</QW>
			<W BOX="189 771 193 798" STYLE_REF="1">.</W>
			<W BOX="216 770 254 797" STYLE_REF="1">But</W>
			<W BOX="261 770 310 796" STYLE_REF="1">have</W>
			<Q BOX="315 769 337 796" STYLE_REF="1" QID="29">th</Q>
			<q BOX="336 769 359 795" STYLE_REF="1" QID="29">ey</q>
			<QW QID="29">they</QW>
			<W BOX="348 746 353 773" STYLE_REF="1">,</W>
			<W BOX="367 767 440 794" STYLE_REF="1" M="3 * 4 * ">_paixsed</W>
			<W BOX="448 767 467 794" STYLE_REF="1">in</W>
			<W BOX="480 766 514 793" STYLE_REF="1">the</W>
			<W BOX="523 766 576 793" STYLE_REF="1">small</W>
			<Q BOX="584 765 627 792" STYLE_REF="1" QID="30">apar</Q>
			<q BOX="628 764 686 791" STYLE_REF="1" QID="30">tment</q>
			<QW QID="30">apartment</QW>
			<W BOX="699 764 717 791" STYLE_REF="1">at</W>
			<W BOX="709 786 762 813" STYLE_REF="1">lance</W>
			<W BOX="729 763 764 790" STYLE_REF="1">the</W>
		</Primitive>
		<Primitive BOX="24 796 811 844" ID="Ar0460212" SEQ_NO="12" TOC_ENTRY_ID="57" DEPTH_LEVEL="1">
			<L BOX="73 787 711 822"/>
			<W BOX="73 795 125 822" STYLE_REF="1">sotith</W>
			<W BOX="132 794 166 821" STYLE_REF="1">end</W>
			<W BOX="175 794 192 821" STYLE_REF="1">of</W>
			<W BOX="201 793 239 820" STYLE_REF="1">this</W>
			<W BOX="246 792 315 819" STYLE_REF="1">gallery</W>
			<W BOX="320 791 328 818" STYLE_REF="1">?</W>
			<Q BOX="345 791 426 817" STYLE_REF="1" QID="31">Probabl</Q>
			<q BOX="424 790 438 817" STYLE_REF="1" QID="31">y</q>
			<QW QID="31">Probably</QW>
			<W BOX="445 790 478 817" STYLE_REF="1" NS="y">not</W>
			<W BOX="485 790 490 817" STYLE_REF="1">;</W>
			<W BOX="498 789 525 816" STYLE_REF="1">for</W>
			<W BOX="534 789 549 816" STYLE_REF="1">it</W>
			<W BOX="558 789 574 816" STYLE_REF="1">is</W>
			<W BOX="582 788 601 815" STYLE_REF="1">at</W>
			<W BOX="610 788 642 814" STYLE_REF="1">the</W>
			<W BOX="649 787 685 814" STYLE_REF="1">first</W>
			<W BOX="697 787 711 813" STYLE_REF="1">g</W>
			<L BOX="72 809 764 845"/>
			<W BOX="72 818 107 845" STYLE_REF="1">the</W>
			<W BOX="116 818 162 844" STYLE_REF="1">least</W>
			<W BOX="171 816 268 843" STYLE_REF="1">attractive</W>
			<W BOX="276 815 293 842" STYLE_REF="1">of</W>
			<W BOX="301 815 327 841" STYLE_REF="1">all</W>
			<W BOX="335 814 368 841" STYLE_REF="1">the</W>
			<W BOX="378 813 486 839" STYLE_REF="1" NS="y">collections</W>
			<W BOX="488 813 494 839" STYLE_REF="1">;</W>
			<W BOX="502 813 535 839" STYLE_REF="1">yet</W>
			<W BOX="545 811 560 838" STYLE_REF="1">it</W>
			<W BOX="568 811 585 838" STYLE_REF="1">is</W>
			<Q BOX="594 811 622 838" STYLE_REF="1" QID="32">thi</Q>
			<q BOX="622 811 631 838" STYLE_REF="1" QID="32">s</q>
			<QW QID="32">this</QW>
			<Q BOX="636 810 675 837" STYLE_REF="1" QID="33">littl</Q>
			<q BOX="675 810 686 837" STYLE_REF="1" QID="33">e</q>
			<QW QID="33">little</QW>
			<W BOX="699 809 764 836" STYLE_REF="1">corner</W>
			<L BOX="664 832 753 859"/>
			<W BOX="664 832 753 859" STYLE_REF="1">attention</W>
		</Primitive>
		<Primitive BOX="24 832 811 922" ID="Ar0460213" SEQ_NO="13" TOC_ENTRY_ID="57" DEPTH_LEVEL="1">
			<L BOX="71 832 764 927"/>
			<W BOX="71 863 166 890" STYLE_REF="1">believing</W>
			<W BOX="72 886 182 913" STYLE_REF="1">interesting</W>
			<W BOX="73 841 90 868" STYLE_REF="1">of</W>
			<W BOX="99 841 130 868" STYLE_REF="1">the</W>
			<W BOX="137 840 188 867" STYLE_REF="1">great</W>
			<W BOX="173 863 213 889" STYLE_REF="1">that</W>
			<W BOX="190 886 209 912" STYLE_REF="1">as</W>
			<W BOX="198 839 287 866" STYLE_REF="1" M="2 * ">_btiilding</W>
			<W BOX="216 884 308 911" STYLE_REF="1">anything</W>
			<W BOX="220 862 244 889" STYLE_REF="1">its</W>
			<W BOX="253 861 335 888" STYLE_REF="1">contents</W>
			<W BOX="291 837 311 864" STYLE_REF="1">to</W>
			<W BOX="314 883 353 909" STYLE_REF="1">that</W>
			<W BOX="319 837 380 864" STYLE_REF="1">which</W>
			<W BOX="347 859 387 886" STYLE_REF="1">will</W>
			<W BOX="361 883 377 909" STYLE_REF="1">is</W>
			<W BOX="386 836 416 863" STYLE_REF="1">we</W>
			<W BOX="387 882 439 908" STYLE_REF="1">there</W>
			<W BOX="396 859 419 886" STYLE_REF="1">be</W>
			<W BOX="423 836 485 862" STYLE_REF="1">would</W>
			<W BOX="429 859 488 885" STYLE_REF="1" M="3 * ">_foLind</W>
			<W BOX="440 882 445 908" STYLE_REF="1">.</W>
			<W BOX="469 881 487 908" STYLE_REF="1">It</W>
			<W BOX="492 835 534 862" STYLE_REF="1">now</W>
			<W BOX="499 858 522 885" STYLE_REF="1">on</W>
			<W BOX="500 881 516 907" STYLE_REF="1">is</W>
			<W BOX="525 881 566 907" STYLE_REF="1">true</W>
			<W BOX="537 857 659 883" STYLE_REF="1">examination</W>
			<Q BOX="543 835 553 862" STYLE_REF="1" QID="34">c</Q>
			<q BOX="553 835 578 861" STYLE_REF="1" QID="34">all</q>
			<QW QID="34">call</QW>
			<W BOX="576 880 622 906" STYLE_REF="1">they</W>
			<W BOX="589 834 656 860" STYLE_REF="1">special</W>
			<W BOX="629 879 658 905" STYLE_REF="1">are</W>
			<W BOX="673 878 704 905" STYLE_REF="1">not</W>
			<W BOX="673 856 692 883" STYLE_REF="1">to</W>
			<W BOX="688 900 714 927" STYLE_REF="1">for</W>
			<W BOX="706 855 729 881" STYLE_REF="1">be</W>
			<W BOX="718 877 755 904" STYLE_REF="1">bril</W>
			<W BOX="723 900 764 926" STYLE_REF="1">this</W>
			<W BOX="742 855 764 881" STYLE_REF="1">as</W>
			<W BOX="755 877 763 904" STYLE_REF="1" LH="y">-</W>
			<W BOX="757 832 764 858" STYLE_REF="1">,</W>
		</Primitive>
		<Primitive BOX="24 910 811 959" ID="Ar0460214" SEQ_NO="14" TOC_ENTRY_ID="57" DEPTH_LEVEL="1">
			<L BOX="73 902 763 960"/>
			<W BOX="73 909 87 936" STYLE_REF="1">li</W>
			<W BOX="73 932 90 959" STYLE_REF="1">is</W>
			<W BOX="89 909 120 936" STYLE_REF="1">ant</W>
			<W BOX="106 932 116 959" STYLE_REF="1">a</W>
			<W BOX="121 910 126 937" STYLE_REF="1">,</W>
			<W BOX="130 933 145 960" STYLE_REF="1">"</W>
			<W BOX="135 908 170 935" STYLE_REF="1">and</W>
			<W BOX="146 931 230 957" STYLE_REF="1">Museum</W>
			<W BOX="181 908 253 934" STYLE_REF="1">neither</W>
			<W BOX="243 930 260 957" STYLE_REF="1">of</W>
			<W BOX="260 906 290 933" STYLE_REF="1">are</W>
			<W BOX="275 929 361 955" STYLE_REF="1">Common</W>
			<W BOX="299 906 343 933" STYLE_REF="1">they</W>
			<W BOX="351 905 425 931" STYLE_REF="1">curious</W>
			<W BOX="376 927 447 954" STYLE_REF="1">Things</W>
			<W BOX="426 905 431 931" STYLE_REF="1">,</W>
			<W BOX="441 904 460 930" STYLE_REF="1">in</W>
			<W BOX="448 927 455 954" STYLE_REF="1" NS="y">,</W>
			<W BOX="454 926 463 953" STYLE_REF="1">"</W>
			<W BOX="470 926 506 953" STYLE_REF="1">and</W>
			<W BOX="473 904 506 930" STYLE_REF="1">the</W>
			<W BOX="516 903 567 930" STYLE_REF="1">sense</W>
			<W BOX="519 925 544 952" STYLE_REF="1">all</W>
			<Q BOX="555 925 575 952" STYLE_REF="1" QID="35">th</Q>
			<q BOX="576 925 595 952" STYLE_REF="1" QID="35">at</q>
			<QW QID="35">that</QW>
			<W BOX="577 903 594 929" STYLE_REF="1">of</W>
			<W BOX="608 902 666 928" STYLE_REF="1">rarity</W>
			<W BOX="608 925 624 952" STYLE_REF="1">it</W>
			<W BOX="638 923 721 950" STYLE_REF="1">contains</W>
			<W BOX="671 902 676 928" STYLE_REF="1">;</W>
			<W BOX="732 923 763 950" STYLE_REF="1">are</W>
			<L BOX="550 946 725 974"/>
			<W BOX="550 948 589 974" STYLE_REF="1">this</W>
			<Q BOX="633 947 675 974" STYLE_REF="1" QID="36">Life</Q>
			<q BOX="689 946 725 973" STYLE_REF="1" QID="36">and</q>
			<QW QID="36">Lifeand</QW>
		</Primitive>
		<Primitive BOX="24 947 811 995" ID="Ar0460215" SEQ_NO="15" TOC_ENTRY_ID="57" DEPTH_LEVEL="1">
			<L BOX="72 946 765 1004"/>
			<W BOX="72 978 106 1004" STYLE_REF="1">not</W>
			<W BOX="74 957 85 984" STYLE_REF="1">"</W>
			<W BOX="92 954 214 981" STYLE_REF="1">Illustrations</W>
			<W BOX="114 977 163 1004" STYLE_REF="1">these</W>
			<W BOX="174 976 207 1003" STYLE_REF="1">the</W>
			<W BOX="212 977 222 1004" STYLE_REF="1">"</W>
			<W BOX="223 953 240 979" STYLE_REF="1">of</W>
			<W BOX="229 975 277 1002" STYLE_REF="1">Thin</W>
			<W BOX="249 952 308 978" STYLE_REF="1">Every</W>
			<W BOX="305 974 314 1000" STYLE_REF="1">"</W>
			<Q BOX="308 952 316 978" STYLE_REF="1" LH="y" QID="37">-</Q>
			<q BOX="316 952 358 978" STYLE_REF="1" QID="37">Day</q>
			<QW QID="37">-Day</QW>
			<W BOX="323 973 385 999" STYLE_REF="1">which</W>
			<W BOX="367 950 409 977" STYLE_REF="1">Life</W>
			<W BOX="391 973 411 999" STYLE_REF="1">in</W>
			<W BOX="409 950 416 977" STYLE_REF="1" NS="y">.</W>
			<W BOX="416 949 425 976" STYLE_REF="1" M="1 * ">_"</W>
			<W BOX="421 973 453 999" STYLE_REF="1">the</W>
			<W BOX="442 949 479 976" STYLE_REF="1">But</W>
			<W BOX="465 973 502 999" STYLE_REF="1">agg</W>
			<W BOX="486 949 503 976" STYLE_REF="1">is</W>
			<W BOX="501 971 561 998" STYLE_REF="1">regate</W>
			<W BOX="511 949 544 975" STYLE_REF="1">not</W>
			<W BOX="574 971 622 998" STYLE_REF="1">most</W>
			<W BOX="596 948 624 974" STYLE_REF="2">our</W>
			<W BOX="629 970 679 996" STYLE_REF="1">affect</W>
			<W BOX="676 948 681 974" STYLE_REF="1">,</W>
			<W BOX="689 970 712 996" STYLE_REF="1" NS="y">us</W>
			<W BOX="713 970 718 997" STYLE_REF="1">,</W>
			<W BOX="731 969 765 996" STYLE_REF="1">the</W>
			<W BOX="733 946 764 972" STYLE_REF="1">are</W>
			<L BOX="278 974 301 1001"/>
			<W BOX="278 974 301 1001" STYLE_REF="1">gs</W>
		</Primitive>
		<Primitive BOX="24 983 811 1065" ID="Ar0460216" SEQ_NO="16" TOC_ENTRY_ID="57" DEPTH_LEVEL="1">
			<L BOX="72 992 765 1027"/>
			<W BOX="72 1001 130 1027" STYLE_REF="1">atoms</W>
			<W BOX="136 1000 153 1027" STYLE_REF="1">of</W>
			<W BOX="162 999 223 1025" STYLE_REF="1">which</W>
			<W BOX="231 998 263 1025" STYLE_REF="1">the</W>
			<Q BOX="270 997 288 1023" STYLE_REF="1" QID="38">m</Q>
			<q BOX="289 997 317 1023" STYLE_REF="1" QID="38">ass</q>
			<QW QID="38">mass</QW>
			<W BOX="330 996 347 1023" STYLE_REF="1">of</W>
			<W BOX="360 995 393 1022" STYLE_REF="1">our</W>
			<W BOX="402 995 493 1022" STYLE_REF="1">existence</W>
			<W BOX="502 995 518 1021" STYLE_REF="1">is</W>
			<Q BOX="528 994 580 1020" STYLE_REF="1" QID="39">chiefl</Q>
			<q BOX="583 995 596 1021" STYLE_REF="1" QID="39">y</q>
			<QW QID="39">chiefly</QW>
			<W BOX="604 993 657 1020" STYLE_REF="1">made</W>
			<W BOX="661 993 687 1020" STYLE_REF="1">up</W>
			<W BOX="692 992 700 1018" STYLE_REF="1">?</W>
			<W BOX="714 992 765 1018" STYLE_REF="1">How</W>
			<L BOX="72 1014 765 1072"/>
			<W BOX="72 1023 115 1050" STYLE_REF="1">then</W>
			<W BOX="72 1045 156 1072" STYLE_REF="1">becomes</W>
			<W BOX="124 1023 157 1049" STYLE_REF="1">can</W>
			<W BOX="166 1023 194 1049" STYLE_REF="1">we</W>
			<W BOX="167 1045 190 1071" STYLE_REF="1">on</W>
			<W BOX="199 1045 209 1071" STYLE_REF="1">a</W>
			<W BOX="200 1021 242 1048" STYLE_REF="1">look</W>
			<W BOX="215 1043 297 1070" STYLE_REF="1">moment</W>
			<W BOX="254 1020 304 1047" STYLE_REF="1">upon</W>
			<W BOX="297 1043 302 1070" STYLE_REF="1" NS="y">'</W>
			<W BOX="301 1042 310 1068" STYLE_REF="1">s</W>
			<W BOX="317 1019 368 1045" STYLE_REF="1">them</W>
			<W BOX="321 1041 415 1068" STYLE_REF="1">reflection</W>
			<W BOX="375 1018 422 1045" STYLE_REF="1">with</W>
			<W BOX="417 1041 421 1068" STYLE_REF="1">,</W>
			<W BOX="432 1017 545 1044" STYLE_REF="1">indifference</W>
			<W BOX="434 1040 466 1066" STYLE_REF="1">the</W>
			<W BOX="478 1040 518 1066" STYLE_REF="1">best</W>
			<W BOX="529 1039 628 1066" STYLE_REF="1">invitation</W>
			<W BOX="553 1017 562 1043" STYLE_REF="1">?</W>
			<W BOX="585 1017 625 1043" STYLE_REF="1">The</W>
			<W BOX="635 1039 655 1065" STYLE_REF="1">to</W>
			<W BOX="636 1016 683 1042" STYLE_REF="1">title</W>
			<W BOX="663 1039 673 1065" STYLE_REF="1">a</W>
			<W BOX="682 1038 721 1064" STYLE_REF="1">stud</W>
			<W BOX="687 1015 703 1042" STYLE_REF="1">it</W>
			<W BOX="710 1014 765 1041" STYLE_REF="1">bears</W>
			<W BOX="724 1037 737 1064" STYLE_REF="1">y</W>
			<W BOX="746 1037 765 1064" STYLE_REF="1">of</W>
		</Primitive>
		<Primitive BOX="24 1053 811 1140" ID="Ar0460217" SEQ_NO="17" TOC_ENTRY_ID="57" DEPTH_LEVEL="1">
			<L BOX="73 1046 764 1095"/>
			<W BOX="73 1068 112 1095" STYLE_REF="1">this</W>
			<W BOX="118 1068 213 1094" STYLE_REF="1">collection</W>
			<W BOX="157 1046 161 1073" STYLE_REF="1">,</W>
			<W BOX="226 1066 261 1093" STYLE_REF="1">but</W>
			<W BOX="268 1066 294 1092" STYLE_REF="1">its</W>
			<W BOX="301 1064 377 1091" STYLE_REF="1">interest</W>
			<W BOX="385 1063 428 1090" STYLE_REF="1">may</W>
			<W BOX="436 1063 513 1090" STYLE_REF="1">perhaps</W>
			<W BOX="520 1063 543 1090" STYLE_REF="1">be</W>
			<Q BOX="551 1062 587 1089" STYLE_REF="1" QID="40">enh</Q>
			<q BOX="588 1062 644 1089" STYLE_REF="1" QID="40">anced</q>
			<QW QID="40">enhanced</QW>
			<W BOX="652 1062 677 1089" STYLE_REF="1">by</W>
			<W BOX="685 1060 695 1087" STYLE_REF="1">a</W>
			<Q BOX="705 1060 729 1087" STYLE_REF="1" QID="41">sli</Q>
			<Q BOX="730 1061 743 1087" STYLE_REF="1" QID="41">g</Q>
			<q BOX="742 1060 764 1087" STYLE_REF="1" QID="41">ht</q>
			<QW QID="41">slight</QW>
			<L BOX="73 1067 765 1140"/>
			<W BOX="73 1091 135 1118" STYLE_REF="1">sketch</W>
			<W BOX="97 1113 157 1140" STYLE_REF="1">About</W>
			<W BOX="145 1091 162 1117" STYLE_REF="1">of</W>
			<W BOX="165 1113 196 1140" STYLE_REF="1">ten</W>
			<W BOX="171 1090 203 1117" STYLE_REF="1">the</W>
			<W BOX="210 1089 280 1116" STYLE_REF="1">history</W>
			<W BOX="214 1067 219 1093" STYLE_REF="1">,</W>
			<W BOX="288 1088 306 1114" STYLE_REF="1">of</W>
			<W BOX="314 1088 339 1114" STYLE_REF="1">its</W>
			<W BOX="318 1110 348 1137" STYLE_REF="1">Mr</W>
			<W BOX="346 1086 442 1113" STYLE_REF="1">formation</W>
			<W BOX="350 1110 356 1137" STYLE_REF="1">.</W>
			<Q BOX="363 1109 435 1136" STYLE_REF="1" QID="42">Twinin</Q>
			<q BOX="437 1109 449 1136" STYLE_REF="1" QID="42">g</q>
			<QW QID="42">Twining</QW>
			<W BOX="442 1086 449 1113" STYLE_REF="1">.</W>
			<W BOX="459 1109 493 1136" STYLE_REF="1" NS="y">jun</W>
			<W BOX="493 1109 501 1136" STYLE_REF="1" NS="y">.</W>
			<W BOX="515 1108 537 1134" STYLE_REF="1">an</W>
			<Q BOX="551 1108 631 1134" STYLE_REF="1" QID="43">energeti</Q>
			<q BOX="633 1107 643 1133" STYLE_REF="1" QID="43">c</q>
			<QW QID="43">energetic</QW>
			<W BOX="653 1106 733 1133" STYLE_REF="1">member</W>
			<W BOX="746 1106 765 1132" STYLE_REF="1">of</W>
		</Primitive>
		<Primitive BOX="24 1129 811 1164" ID="Ar0460218" SEQ_NO="18" TOC_ENTRY_ID="57" DEPTH_LEVEL="1">
			<L BOX="71 1109 767 1164"/>
			<W BOX="71 1137 105 1164" STYLE_REF="1">the</W>
			<W BOX="117 1136 208 1162" STYLE_REF="1">Labourer</W>
			<W BOX="208 1112 262 1139" STYLE_REF="1">years</W>
			<Q BOX="210 1135 216 1161" STYLE_REF="1" QID="44">'</Q>
			<q BOX="214 1135 223 1161" STYLE_REF="1" QID="44">s</q>
			<QW QID="44">'s</QW>
			<W BOX="232 1134 300 1161" STYLE_REF="1">Friend</W>
			<W BOX="274 1111 307 1138" STYLE_REF="1">ago</W>
			<W BOX="312 1133 384 1160" STYLE_REF="1" NS="y">Society</W>
			<W BOX="384 1133 390 1160" STYLE_REF="1">,</W>
			<W BOX="405 1132 501 1159" STYLE_REF="1">conceived</W>
			<W BOX="501 1109 507 1136" STYLE_REF="1">,</W>
			<W BOX="515 1131 546 1157" STYLE_REF="1">Ihe</W>
			<W BOX="557 1131 598 1157" STYLE_REF="1">idea</W>
			<W BOX="608 1130 625 1157" STYLE_REF="1">of</W>
			<W BOX="636 1129 767 1156" STYLE_REF="1">popularizing</W>
			<L BOX="566 1152 764 1180"/>
			<W BOX="566 1153 584 1180" STYLE_REF="1">of</W>
			<W BOX="631 1152 733 1179" STYLE_REF="1">exhibition</W>
			<W BOX="745 1152 764 1179" STYLE_REF="1">of</W>
		</Primitive>
		<Primitive BOX="24 1164 811 1214" ID="Ar0460219" SEQ_NO="19" TOC_ENTRY_ID="57" DEPTH_LEVEL="1">
			<L BOX="71 1153 620 1187"/>
			<W BOX="71 1160 122 1187" STYLE_REF="1">what</W>
			<W BOX="128 1159 145 1186" STYLE_REF="1">is</W>
			<W BOX="152 1159 194 1186" STYLE_REF="1">now</W>
			<W BOX="201 1158 269 1184" STYLE_REF="1">known</W>
			<W BOX="277 1158 297 1184" STYLE_REF="1">as</W>
			<W BOX="305 1156 363 1183" STYLE_REF="1">Social</W>
			<W BOX="372 1155 445 1182" STYLE_REF="1">Science</W>
			<W BOX="459 1155 485 1182" STYLE_REF="1">by</W>
			<W BOX="494 1154 557 1181" STYLE_REF="1">means</W>
			<W BOX="597 1153 620 1180" STYLE_REF="1">an</W>
		</Primitive>
	</Content>
	<Continuation-Content ID_REF="Ar04700"/>
	<Continuation-Content ID_REF="Ar04800"/>
	<Continuation-Content ID_REF="Ar04900"/>
	<Continuation-Content ID_REF="Ar05000"/>
	<Continuation-Content ID_REF="Ar05100"/>
	<TOC_Entries><TOC_Entry TOC_ENTRY_ID="99" TITLE="~ ^U - , just There as trul is a y commo..." ENTITY_ID_REF="Ar04602" PAGE_NO="46" PAGE_LABEL="118" PRIM_ID_REF="Ar0460200" IS_IC="true"/></TOC_Entries></XMD-entity>
