<?xml version="1.0" encoding="windows-1252" standalone="no"?>
<XMD-PAGE REPOSITORY_FORMAT="1.0" PRXML_VER="2.0">
	<Meta ISSUE_DATE="01/04/1858" RELEASE_NO="041-EWJ-1858-04-01-001-SINGLE" PAGE_NO="46" NAME="" PAGE_LABEL="118" PAGE_TYPE="Single" PUBLISHER="Olive" PUBLICATION="EWJ" SOURCE_TYPE="TIFF" SOURCE_RESOLUTION="72" IMAGES_RESOLUTION="86" PAGE_THUMBNAIL_RESOLUTION="86" PAGE_PREVIEW_RESOLUTION="15" DEFAULT_IMG_EXT="png" IMG_EXT="png" PREVIEW_IMG_EXT="png" XMD_VER="2.6.238.8" PROFILE_ID="D:\pdfs\EWJ\XMD_EWJ.ini" SECTION="None" PAGE_WIDTH="823" PAGE_HEIGHT="1239" PAGES_NUMBER="72" BASE_HREF="EWJ/1858/04/01" PDF_DESTINATION_MAPPED="OLV0_Page_0046">
		<Resolutions>
			<Resolution DEFAULT="true">86</Resolution>
		</Resolutions>
	</Meta>
	<Link SOURCE="041-EWJ-1858-04-01-001-SINGLE.PDF" NEXT_SECTION="" PREV_SECTION="1"/>
	<DataFiles>
		<Files TYPE="DOC_PDF" PRESENT="1"/>
		<Files TYPE="PAGE_PDF" PRESENT="0"/>
		<Files TYPE="DOC_IMG" PRESENT="0"/>
		<Files TYPE="PAGE_IMG" PRESENT="0"/>
		<Files TYPE="PAGE_VIEW_IMG" PRESENT="1"/>
		<Files TYPE="PAGE_PREVIEW_IMG" PRESENT="1"/>
		<Files TYPE="PRIMITIVE_IMG" PRESENT="1"/>
		<Files TYPE="SNIPPET_IMG" PRESENT="1"/>
	</DataFiles>
	<Entity ENTITY_TYPE="Article" ENTITY_SUBTYPE="Section" FIRST_TOC_ENTRY_ID="56" INDEX_IN_DOC="98" DEPTH_LEVEL="1" ID="Ar04600" SIZE="Small" BOX="24 92 811 155" NEXT_SECTION="" PREV_SECTION="1" IMAGES_RESOLUTION="86" LOGICAL_NAME="true">
		<Name>XIII.�ILLUSTRATIONS OE EVEBY-DAY LIFE. +</Name>
		<Primitive ID="Ar0460000" BOX="24 92 811 155" ELEMENT_TYPE="HedLine_hl1" SEQ_NO="0" TOC_ENTRY_ID="56" DEPTH_LEVEL="1"/>
	</Entity>
	<Entity ENTITY_TYPE="Article" FIRST_TOC_ENTRY_ID="55" INDEX_IN_DOC="97" DEPTH_LEVEL="1" ID="Ar04601" SIZE="Small" BOX="24 12 811 92" NEXT_SECTION="" PREV_SECTION="1" IMAGES_RESOLUTION="86" LOGICAL_NAME="true">
		<Name>( 118 )</Name>
		<Primitive ID="Ar0460100" BOX="24 12 811 92" ELEMENT_TYPE="Content" SEQ_NO="0" TOC_ENTRY_ID="55" DEPTH_LEVEL="1"/>
	</Entity>
	<Entity ENTITY_TYPE="Article" FIRST_TOC_ENTRY_ID="57" INDEX_IN_DOC="99" DEPTH_LEVEL="1" ID="Ar04602" SIZE="XLarge" BOX="24 155 811 1214" NEXT_SECTION="" PREV_SECTION="1" CONTINUATION_TO="Ar04700" IMAGES_RESOLUTION="86" LOGICAL_NAME="true">
		<Name>~ ^U - , just There as trul is a y commo...</Name>
		<Primitive ID="Ar0460200" BOX="24 155 811 239" ELEMENT_TYPE="Content" SEQ_NO="0" TOC_ENTRY_ID="57" DEPTH_LEVEL="1"/>
		<Primitive ID="Ar0460201" BOX="24 227 811 319" ELEMENT_TYPE="Content" SEQ_NO="1" TOC_ENTRY_ID="57" DEPTH_LEVEL="1"/>
		<Primitive ID="Ar0460202" BOX="24 308 811 355" ELEMENT_TYPE="Content" SEQ_NO="2" TOC_ENTRY_ID="57" DEPTH_LEVEL="1"/>
		<Primitive ID="Ar0460203" BOX="24 343 811 402" ELEMENT_TYPE="Content" SEQ_NO="3" TOC_ENTRY_ID="57" DEPTH_LEVEL="1"/>
		<Primitive ID="Ar0460204" BOX="24 390 811 457" ELEMENT_TYPE="Content" SEQ_NO="4" TOC_ENTRY_ID="57" DEPTH_LEVEL="1"/>
		<Primitive ID="Ar0460205" BOX="24 445 811 494" ELEMENT_TYPE="Content" SEQ_NO="5" TOC_ENTRY_ID="57" DEPTH_LEVEL="1"/>
		<Primitive ID="Ar0460206" BOX="24 482 811 562" ELEMENT_TYPE="Content" SEQ_NO="6" TOC_ENTRY_ID="57" DEPTH_LEVEL="1"/>
		<Primitive ID="Ar0460207" BOX="24 550 811 616" ELEMENT_TYPE="Content" SEQ_NO="7" TOC_ENTRY_ID="57" DEPTH_LEVEL="1"/>
		<Primitive ID="Ar0460208" BOX="24 604 811 654" ELEMENT_TYPE="Content" SEQ_NO="8" TOC_ENTRY_ID="57" DEPTH_LEVEL="1"/>
		<Primitive ID="Ar0460209" BOX="24 642 811 707" ELEMENT_TYPE="Content" SEQ_NO="9" TOC_ENTRY_ID="57" DEPTH_LEVEL="1"/>
		<Primitive ID="Ar0460210" BOX="24 696 811 761" ELEMENT_TYPE="Content" SEQ_NO="10" TOC_ENTRY_ID="57" DEPTH_LEVEL="1"/>
		<Primitive ID="Ar0460211" BOX="24 749 811 808" ELEMENT_TYPE="Content" SEQ_NO="11" TOC_ENTRY_ID="57" DEPTH_LEVEL="1"/>
		<Primitive ID="Ar0460212" BOX="24 796 811 844" ELEMENT_TYPE="Content" SEQ_NO="12" TOC_ENTRY_ID="57" DEPTH_LEVEL="1"/>
		<Primitive ID="Ar0460213" BOX="24 832 811 922" ELEMENT_TYPE="Content" SEQ_NO="13" TOC_ENTRY_ID="57" DEPTH_LEVEL="1"/>
		<Primitive ID="Ar0460214" BOX="24 910 811 959" ELEMENT_TYPE="Content" SEQ_NO="14" TOC_ENTRY_ID="57" DEPTH_LEVEL="1"/>
		<Primitive ID="Ar0460215" BOX="24 947 811 995" ELEMENT_TYPE="Content" SEQ_NO="15" TOC_ENTRY_ID="57" DEPTH_LEVEL="1"/>
		<Primitive ID="Ar0460216" BOX="24 983 811 1065" ELEMENT_TYPE="Content" SEQ_NO="16" TOC_ENTRY_ID="57" DEPTH_LEVEL="1"/>
		<Primitive ID="Ar0460217" BOX="24 1053 811 1140" ELEMENT_TYPE="Content" SEQ_NO="17" TOC_ENTRY_ID="57" DEPTH_LEVEL="1"/>
		<Primitive ID="Ar0460218" BOX="24 1129 811 1164" ELEMENT_TYPE="Content" SEQ_NO="18" TOC_ENTRY_ID="57" DEPTH_LEVEL="1"/>
		<Primitive ID="Ar0460219" BOX="24 1164 811 1214" ELEMENT_TYPE="Content" SEQ_NO="19" TOC_ENTRY_ID="57" DEPTH_LEVEL="1"/>
	</Entity>
</XMD-PAGE>
