<?xml version="1.0" encoding="windows-1252" standalone="no"?>
<XMD-entity REPOSITORY_FORMAT="1.0" PRXML_VER="2.0" ENTITY_TYPE="Article" DOC_UID="EWJ_01/04/1858" DOC_VER="1" FIRST_TOC_ENTRY_ID="30" DEPTH_LEVEL="1" INDEX_IN_DOC="56" PAGE_NO="25" ID="Ar02501" BOX="24 12 811 122" LANGUAGE="English" SNP="Ar02501S.png" SNP_WIDTH="788" SNP_HEIGHT="87" LOGICAL_NAME="true">
	<Meta NAME="ELIZABETH BLACKWELL. 97" DESCRIPTION="" SUBTYPE="" BASE_HREF="EWJ/1858/04/01" SOURCE_TYPE="TIFF" PUBLICATION="EWJ" SECTION="None" ISSUE_DATE="01/04/1858" WORDCNT="4" RELEASE_NO="041-EWJ-1858-04-01-001-SINGLE" PAGE_ID="" PAGE_TYPE="Single" PAGE_WIDTH="823" PAGE_HEIGHT="1239" DEFAULT_IMG_EXT="png" PDF_DESTINATION_MAPPED="OLV0_Entity_0025_0002" IMAGES_RESOLUTION="86" XMD_VER="2.6.238.8" PAGE_LABEL="97"/>
	<Link SOURCE="041-EWJ-1858-04-01-001-SINGLE.PDF" FIRST_ID="Ar00200" LAST_ID="Ar07201" NEXT_ID="" PREV_ID="Ar02500" TOC_ID="d:/Olive/Repository/EWJ/1858/04/01/TOC.xml"/>
	<DataFiles>
		<Files TYPE="DOC_PDF" PRESENT="1"/>
		<Files TYPE="PAGE_PDF" PRESENT="0"/>
		<Files TYPE="DOC_IMG" PRESENT="0"/>
		<Files TYPE="PAGE_IMG" PRESENT="0"/>
		<Files TYPE="PAGE_VIEW_IMG" PRESENT="1"/>
		<Files TYPE="PAGE_PREVIEW_IMG" PRESENT="1"/>
		<Files TYPE="PRIMITIVE_IMG" PRESENT="1"/>
		<Files TYPE="SNIPPET_IMG" PRESENT="1"/>
	</DataFiles>
	<Content>
		<Primitive BOX="24 12 811 122" ID="Ar0250100" SEQ_NO="0" TOC_ENTRY_ID="30" DEPTH_LEVEL="1">
			<L BOX="283 85 735 109"/>
			<W BOX="283 87 395 109" STYLE_REF="12">ELIZABETH</W>
			<W BOX="408 86 530 108" STYLE_REF="12" NS="y">BLACKWELL</W>
			<W BOX="530 86 534 108" STYLE_REF="12">.</W>
			<W BOX="710 85 735 107" STYLE_REF="12">97</W>
		</Primitive>
	</Content>
	<TOC_Entries><TOC_Entry TOC_ENTRY_ID="53" TITLE="ELIZABETH BLACKWELL. 97" ENTITY_ID_REF="Ar02501" PAGE_NO="25" PAGE_LABEL="97" PRIM_ID_REF="Ar0250100" IS_IC="true"/></TOC_Entries></XMD-entity>
