<?xml version="1.0" encoding="windows-1252" standalone="no"?>
<XMD-entity REPOSITORY_FORMAT="1.0" PRXML_VER="2.0" ENTITY_TYPE="Article" FIRST_TOC_ENTRY_ID="13" DEPTH_LEVEL="1" INDEX_IN_DOC="36" PAGE_NO="25" ID="Ar02500" BOX="24 122 811 1214" LANGUAGE="English" CONTINUATION_TO="Ar02600" CONTINUATION_FROM="Ar02400" LOGICAL_NAME="true">
	<Meta NAME="To the Editors of the English Woman's Jo..." DESCRIPTION="" SUBTYPE="" BASE_HREF="EWJ/1858/04/01" SOURCE_TYPE="TIFF" PUBLICATION="EWJ" SECTION="None" ISSUE_DATE="01/04/1858" WORDCNT="616" RELEASE_NO="041-EWJ-1858-04-01-001-SINGLE" PAGE_ID="" PAGE_TYPE="Single" PAGE_WIDTH="823" PAGE_HEIGHT="1239" DEFAULT_IMG_EXT="png" PDF_DESTINATION_MAPPED="OLV0_Entity_0025_0001" IMAGES_RESOLUTION="86" XMD_VER="2.6.238.8" PAGE_LABEL="97"/>
	<Link SOURCE="041-EWJ-1858-04-01-001-SINGLE.PDF" FIRST_ID="Ar00200" LAST_ID="Ar07201" NEXT_ID="Ar02501" PREV_ID="" TOC_ID="d:/Olive/Repository/EWJ/1858/04/01/TOC.xml"/>
	<DataFiles>
		<Files TYPE="DOC_PDF" PRESENT="1"/>
		<Files TYPE="PAGE_PDF" PRESENT="0"/>
		<Files TYPE="DOC_IMG" PRESENT="0"/>
		<Files TYPE="PAGE_IMG" PRESENT="0"/>
		<Files TYPE="PAGE_VIEW_IMG" PRESENT="1"/>
		<Files TYPE="PAGE_PREVIEW_IMG" PRESENT="1"/>
		<Files TYPE="PRIMITIVE_IMG" PRESENT="1"/>
		<Files TYPE="SNIPPET_IMG" PRESENT="1"/>
	</DataFiles>
	<Content>
		<Primitive BOX="24 122 811 172" ID="Ar0250000" SEQ_NO="0" TOC_ENTRY_ID="13" DEPTH_LEVEL="1">
			<L BOX="80 122 735 151"/>
			<W BOX="80 125 117 150" STYLE_REF="10">sent</W>
			<W BOX="127 125 168 150" STYLE_REF="10">over</W>
			<Q BOX="176 125 188 150" STYLE_REF="10" QID="1">b</Q>
			<q BOX="187 126 200 151" STYLE_REF="10" QID="1">y</q>
			<QW QID="1">by</QW>
			<W BOX="206 125 270 150" STYLE_REF="10">friends</W>
			<W BOX="282 125 302 150" STYLE_REF="10">in</W>
			<Q BOX="312 125 353 150" STYLE_REF="10" QID="2">Eng</Q>
			<Q BOX="352 124 389 149" STYLE_REF="10" QID="2">land</Q>
			<Q BOX="389 124 412 149" STYLE_REF="10" LH="y" QID="2">�</Q>
			<q BOX="412 124 481 149" STYLE_REF="10" QID="2">sufficed</q>
			<QW QID="2">England�sufficed</QW>
			<W BOX="492 123 518 148" STYLE_REF="10">for</W>
			<W BOX="527 122 557 147" STYLE_REF="10">the</W>
			<W BOX="564 122 662 147" STYLE_REF="10">furnishing</W>
			<W BOX="675 122 692 147" STYLE_REF="10">of</W>
			<W BOX="704 122 735 147" STYLE_REF="10">the</W>
			<L BOX="80 143 735 172"/>
			<W BOX="80 147 137 172" STYLE_REF="10">rooms</W>
			<W BOX="143 147 183 172" STYLE_REF="10">now</W>
			<W BOX="190 147 210 172" STYLE_REF="10">in</W>
			<W BOX="217 147 248 172" STYLE_REF="10" NS="y">use</W>
			<W BOX="252 147 257 172" STYLE_REF="10">;</W>
			<W BOX="270 146 299 171" STYLE_REF="10">the</W>
			<W BOX="306 146 345 171" STYLE_REF="10">rent</W>
			<W BOX="353 146 388 171" STYLE_REF="10">and</W>
			<W BOX="397 146 467 171" STYLE_REF="10">current</W>
			<W BOX="478 145 560 170" STYLE_REF="10">expenses</W>
			<W BOX="568 145 594 170" STYLE_REF="10">for</W>
			<W BOX="602 143 634 169" STYLE_REF="10">the</W>
			<W BOX="640 143 675 169" STYLE_REF="10">first</W>
			<W BOX="685 143 735 169" STYLE_REF="10">three</W>
		</Primitive>
		<Primitive BOX="24 165 811 215" ID="Ar0250001" SEQ_NO="1" TOC_ENTRY_ID="13" DEPTH_LEVEL="1">
			<L BOX="79 165 735 193"/>
			<W BOX="79 168 130 193" STYLE_REF="10">years</W>
			<W BOX="137 168 189 193" STYLE_REF="10">being</W>
			<W BOX="196 168 265 193" STYLE_REF="10">secured</W>
			<Q BOX="274 168 287 193" STYLE_REF="13" QID="3">h</Q>
			<q BOX="285 168 297 193" STYLE_REF="13" QID="3">y</q>
			<QW QID="3">hy</QW>
			<W BOX="305 168 373 193" STYLE_REF="10">private</W>
			<Q BOX="381 168 448 193" STYLE_REF="10" QID="4">subscri</Q>
			<Q BOX="447 168 460 193" STYLE_REF="10" QID="4">p</Q>
			<Q BOX="459 167 476 192" STYLE_REF="10" QID="4">ti</Q>
			<q BOX="474 167 507 192" STYLE_REF="10" NS="y" QID="4">ons</q>
			<QW QID="4">subscriptions</QW>
			<W BOX="507 167 512 192" STYLE_REF="10">.</W>
			<W BOX="535 165 573 190" STYLE_REF="10">The</W>
			<W BOX="580 165 676 190" STYLE_REF="10">Executive</W>
			<Q BOX="685 165 700 190" STYLE_REF="10" QID="5">C</Q>
			<Q BOX="699 165 729 190" STYLE_REF="10" QID="5">om</Q>
			<Q BOX="728 165 735 190" STYLE_REF="10" QID="5">-</Q>
			<L BOX="79 186 735 215"/>
			<q BOX="79 190 140 215" STYLE_REF="10" QID="5">mittee</q>
			<QW QID="5">Committee</QW>
			<W BOX="147 190 164 215" STYLE_REF="10">of</W>
			<W BOX="172 190 202 215" STYLE_REF="10">the</W>
			<Q BOX="209 190 252 215" STYLE_REF="10" QID="6">hosp</Q>
			<q BOX="252 189 282 214" STYLE_REF="10" QID="6">ital</q>
			<QW QID="6">hospital</QW>
			<W BOX="290 189 362 214" STYLE_REF="10">consists</W>
			<W BOX="369 189 385 214" STYLE_REF="10">of</W>
			<W BOX="393 189 424 214" STYLE_REF="10">the</W>
			<W BOX="428 189 519 214" STYLE_REF="10">following</W>
			<W BOX="525 187 610 212" STYLE_REF="10" NS="y">members</W>
			<W BOX="611 187 615 212" STYLE_REF="10">.</W>
			<W BOX="635 186 727 211" STYLE_REF="10" NS="y">President</W>
			<W BOX="729 187 735 212" STYLE_REF="10">,</W>
		</Primitive>
		<Primitive BOX="24 208 811 258" ID="Ar0250002" SEQ_NO="2" TOC_ENTRY_ID="13" DEPTH_LEVEL="1">
			<L BOX="79 208 735 237"/>
			<W BOX="79 212 129 237" STYLE_REF="10">Stacy</W>
			<W BOX="138 211 154 236" STYLE_REF="10" NS="y">B</W>
			<W BOX="154 211 159 236" STYLE_REF="10">.</W>
			<W BOX="168 211 235 236" STYLE_REF="10" NS="y">Collins</W>
			<W BOX="236 212 240 237" STYLE_REF="10">,</W>
			<W BOX="248 211 284 236" STYLE_REF="10" NS="y">Esq</W>
			<W BOX="284 211 290 236" STYLE_REF="10">.</W>
			<W BOX="297 211 301 236" STYLE_REF="10">;</W>
			<W BOX="314 211 407 236" STYLE_REF="10" NS="y">Treasurer</W>
			<W BOX="409 211 413 236" STYLE_REF="10">,</W>
			<W BOX="420 211 484 236" STYLE_REF="10">Robert</W>
			<Q BOX="491 210 533 235" STYLE_REF="10" QID="7">Hay</Q>
			<q BOX="533 209 578 234" STYLE_REF="10" NS="y" QID="7">dock</q>
			<QW QID="7">Haydock</QW>
			<W BOX="580 209 585 234" STYLE_REF="10" M="1 * ">_,</W>
			<W BOX="592 208 629 233" STYLE_REF="10" NS="y">Esq</W>
			<W BOX="629 208 635 233" STYLE_REF="10">.</W>
			<W BOX="642 208 646 233" STYLE_REF="10">;</W>
			<Q BOX="661 208 727 233" STYLE_REF="10" QID="8">Attend</Q>
			<Q BOX="727 208 735 233" STYLE_REF="10" QID="8">-</Q>
			<L BOX="79 229 734 258"/>
			<q BOX="79 233 110 258" STYLE_REF="10" QID="8">ing</q>
			<QW QID="8">Attending</QW>
			<Q BOX="120 232 147 257" STYLE_REF="10" QID="9">Ph</Q>
			<Q BOX="147 232 224 257" STYLE_REF="10" QID="9">ysicians</Q>
			<q BOX="238 232 263 257" STYLE_REF="10" NS="y" QID="9">Dr</q>
			<QW QID="9">PhysiciansDr</QW>
			<W BOX="263 232 269 257" STYLE_REF="10">.</W>
			<W BOX="276 232 367 257" STYLE_REF="10">Elizabeth</W>
			<W BOX="380 232 413 257" STYLE_REF="10">and</W>
			<W BOX="424 232 449 257" STYLE_REF="10" NS="y">Dr</W>
			<W BOX="449 232 455 257" STYLE_REF="10">.</W>
			<Q BOX="464 232 477 257" STYLE_REF="10" QID="10">E</Q>
			<Q BOX="478 232 511 257" STYLE_REF="10" QID="10">mil</Q>
			<q BOX="509 232 522 257" STYLE_REF="10" QID="10">y</q>
			<QW QID="10">Emily</QW>
			<W BOX="530 230 627 255" STYLE_REF="10" NS="y">Blackwell</W>
			<W BOX="633 230 638 255" STYLE_REF="10">;</W>
			<W BOX="650 229 734 254" STYLE_REF="10">Resident</W>
		</Primitive>
		<Primitive BOX="24 250 811 294" ID="Ar0250003" SEQ_NO="3" TOC_ENTRY_ID="13" DEPTH_LEVEL="1">
			<L BOX="78 233 735 279"/>
			<Q BOX="78 254 105 279" STYLE_REF="10" QID="11">Ph</Q>
			<q BOX="105 254 173 279" STYLE_REF="10" NS="y" QID="11">ysician</q>
			<QW QID="11">Physician</QW>
			<W BOX="173 254 177 279" STYLE_REF="10">,</W>
			<W BOX="189 254 215 279" STYLE_REF="10" NS="y">Dr</W>
			<W BOX="215 254 221 279" STYLE_REF="10">.</W>
			<W BOX="225 233 230 258" STYLE_REF="10">,</W>
			<W BOX="233 254 287 279" STYLE_REF="10">Maria</W>
			<W BOX="300 254 316 279" STYLE_REF="10" NS="y">E</W>
			<W BOX="316 254 321 279" STYLE_REF="10">.</W>
			<W BOX="334 254 446 279" STYLE_REF="10" NS="y">Zakrzewska</W>
			<W BOX="450 254 455 279" STYLE_REF="10">;</W>
			<W BOX="470 252 574 277" STYLE_REF="10" NS="y">Committee</W>
			<W BOX="575 252 580 277" STYLE_REF="10">,</W>
			<W BOX="594 251 619 276" STYLE_REF="10">for</W>
			<W BOX="636 250 727 276" STYLE_REF="10" NS="y">donations</W>
			<W BOX="729 250 735 275" STYLE_REF="10">,</W>
			<L BOX="77 273 735 301"/>
			<W BOX="77 276 116 301" STYLE_REF="10" NS="y">Mrs</W>
			<W BOX="116 276 121 301" STYLE_REF="10">.</W>
			<Q BOX="133 276 229 301" STYLE_REF="10" QID="12">Pendleton</Q>
			<q BOX="247 276 290 301" STYLE_REF="10" QID="12">Miss</q>
			<QW QID="12">PendletonMiss</QW>
			<Q BOX="303 276 391 301" STYLE_REF="10" QID="13">Howland</Q>
			<q BOX="409 275 446 300" STYLE_REF="10" NS="y" QID="13">Mrs</q>
			<QW QID="13">HowlandMrs</QW>
			<W BOX="447 275 451 300" STYLE_REF="10">.</W>
			<W BOX="459 275 474 300" STYLE_REF="10" NS="y">C</W>
			<W BOX="474 275 479 300" STYLE_REF="10">.</W>
			<W BOX="491 274 512 299" STYLE_REF="10" NS="y">M</W>
			<W BOX="512 274 517 299" STYLE_REF="10">.</W>
			<Q BOX="527 273 603 298" STYLE_REF="10" QID="14">Kirklan</Q>
			<q BOX="604 273 614 298" STYLE_REF="10" NS="y" QID="14">d</q>
			<QW QID="14">Kirkland</QW>
			<W BOX="617 273 621 298" STYLE_REF="10">,</W>
			<Q BOX="635 273 663 298" STYLE_REF="10" QID="15">Mr</Q>
			<q BOX="663 273 672 298" STYLE_REF="10" NS="y" QID="15">s</q>
			<QW QID="15">Mrs</QW>
			<W BOX="672 273 677 298" STYLE_REF="10">.</W>
			<W BOX="686 273 702 298" STYLE_REF="10" NS="y">R</W>
			<W BOX="702 273 708 298" STYLE_REF="10">.</W>
			<W BOX="715 273 728 298" STYLE_REF="10" NS="y">S</W>
			<W BOX="728 273 735 298" STYLE_REF="10">.</W>
		</Primitive>
		<Primitive BOX="24 282 811 345" ID="Ar0250004" SEQ_NO="4" TOC_ENTRY_ID="13" DEPTH_LEVEL="1">
			<L BOX="78 276 734 323"/>
			<Q BOX="78 297 129 323" STYLE_REF="10" QID="16">Beatt</Q>
			<q BOX="129 297 142 323" STYLE_REF="10" QID="16">y</q>
			<QW QID="16">Beatty</QW>
			<W BOX="149 297 154 323" STYLE_REF="10">;</W>
			<Q BOX="173 297 187 323" STYLE_REF="10" QID="17">C</Q>
			<Q BOX="186 297 219 322" STYLE_REF="10" QID="17">yru</Q>
			<q BOX="220 297 228 322" STYLE_REF="10" QID="17">s</q>
			<QW QID="17">Cyrus</QW>
			<W BOX="232 276 236 302" STYLE_REF="10">,</W>
			<W BOX="243 297 260 322" STYLE_REF="10" NS="y">II</W>
			<W BOX="260 297 266 322" STYLE_REF="10">.</W>
			<W BOX="282 297 333 322" STYLE_REF="10" NS="y">Field</W>
			<W BOX="335 297 339 323" STYLE_REF="10">,</W>
			<W BOX="357 297 419 322" STYLE_REF="10">Henry</W>
			<W BOX="392 276 397 301" STYLE_REF="10">,</W>
			<W BOX="433 297 445 322" STYLE_REF="10" NS="y">J</W>
			<W BOX="445 297 452 322" STYLE_REF="10">.</W>
			<W BOX="466 296 555 321" STYLE_REF="10" NS="y">Raymond</W>
			<W BOX="557 296 562 321" STYLE_REF="10">,</W>
			<W BOX="578 295 650 320" STYLE_REF="10">Charles</W>
			<W BOX="664 294 726 319" STYLE_REF="10" NS="y">Butler</W>
			<W BOX="728 294 734 319" STYLE_REF="10">,</W>
			<L BOX="77 316 734 344"/>
			<W BOX="77 319 145 344" STYLE_REF="10">Horace</W>
			<Q BOX="154 319 206 344" STYLE_REF="10" QID="18">Greel</Q>
			<q BOX="233 319 302 344" STYLE_REF="10" QID="18">Marcus</q>
			<QW QID="18">GreelMarcus</QW>
			<Q BOX="308 319 323 344" STYLE_REF="10" QID="19">S</Q>
			<Q BOX="320 319 373 344" STYLE_REF="10" QID="19">pring</Q>
			<q BOX="386 319 440 344" STYLE_REF="10" NS="y" QID="19">Esqrs</q>
			<QW QID="19">SpringEsqrs</QW>
			<W BOX="440 319 445 344" STYLE_REF="10" NS="y">.</W>
			<W BOX="459 318 474 343" STYLE_REF="10">of</W>
			<W BOX="482 318 527 343" STYLE_REF="10">New</W>
			<W BOX="532 317 580 342" STYLE_REF="10" NS="y">York</W>
			<W BOX="585 317 589 342" STYLE_REF="10">;</W>
			<W BOX="598 317 636 342" STYLE_REF="10" NS="y">Mrs</W>
			<W BOX="637 317 641 342" STYLE_REF="10">.</W>
			<W BOX="648 317 663 342" STYLE_REF="10" NS="y">F</W>
			<W BOX="663 317 668 342" STYLE_REF="10">.</W>
			<W BOX="675 316 726 341" STYLE_REF="10" NS="y">Shaw</W>
			<W BOX="727 316 734 341" STYLE_REF="10">,</W>
		</Primitive>
		<Primitive BOX="24 338 811 388" ID="Ar0250005" SEQ_NO="5" TOC_ENTRY_ID="13" DEPTH_LEVEL="1">
			<L BOX="77 319 734 366"/>
			<W BOX="77 341 136 366" STYLE_REF="10">Staten</W>
			<W BOX="145 340 203 366" STYLE_REF="10">Island</W>
			<W BOX="207 320 220 345" STYLE_REF="10">y</W>
			<W BOX="211 340 215 366" STYLE_REF="10">;</W>
			<W BOX="220 320 226 345" STYLE_REF="10">,</W>
			<W BOX="228 340 271 366" STYLE_REF="10">Miss</W>
			<W BOX="279 340 373 366" STYLE_REF="10">Catherine</W>
			<W BOX="373 319 379 344" STYLE_REF="10">,</W>
			<Q BOX="383 340 415 366" STYLE_REF="10" QID="20">Sed</Q>
			<q BOX="416 341 437 366" STYLE_REF="10" QID="20">ge</q>
			<QW QID="20">Sedge</QW>
			<W BOX="437 340 483 365" STYLE_REF="10">wick</W>
			<W BOX="445 319 451 344" STYLE_REF="10">,</W>
			<W BOX="484 340 488 365" STYLE_REF="10">,</W>
			<Q BOX="496 339 512 364" STYLE_REF="10" QID="21">L</Q>
			<q BOX="513 339 569 364" STYLE_REF="10" NS="y" QID="21">ennox</q>
			<QW QID="21">Lennox</QW>
			<W BOX="571 339 576 364" STYLE_REF="10">,</W>
			<W BOX="584 338 719 363" STYLE_REF="10">Massachusetts</W>
			<W BOX="726 338 734 363" STYLE_REF="10">;</W>
			<L BOX="77 359 732 387"/>
			<W BOX="77 362 102 387" STYLE_REF="10" NS="y">Dr</W>
			<W BOX="102 362 108 387" STYLE_REF="10">.</W>
			<Q BOX="120 362 173 387" STYLE_REF="10" QID="22">Elder</Q>
			<q BOX="191 362 217 387" STYLE_REF="10" NS="y" QID="22">Dr</q>
			<QW QID="22">ElderDr</QW>
			<W BOX="217 362 222 387" STYLE_REF="10">.</W>
			<W BOX="234 362 274 387" STYLE_REF="10">Ann</W>
			<Q BOX="286 362 357 387" STYLE_REF="10" QID="23">Preston</Q>
			<Q BOX="375 362 453 387" STYLE_REF="10" QID="23">Philadel</Q>
			<Q BOX="454 362 466 387" STYLE_REF="10" QID="23">p</Q>
			<q BOX="466 361 495 386" STYLE_REF="10" NS="y" QID="23">hia</q>
			<QW QID="23">PrestonPhiladelphia</QW>
			<W BOX="499 361 504 386" STYLE_REF="10">;</W>
			<W BOX="515 360 552 385" STYLE_REF="10" NS="y">Mrs</W>
			<W BOX="553 360 557 385" STYLE_REF="10">.</W>
			<W BOX="569 360 580 385" STYLE_REF="10" NS="y">J</W>
			<W BOX="580 360 586 385" STYLE_REF="10">.</W>
			<W BOX="599 360 613 385" STYLE_REF="10" NS="y">F</W>
			<W BOX="613 360 619 385" STYLE_REF="10">.</W>
			<W BOX="629 359 681 384" STYLE_REF="10" NS="y">Clark</W>
			<W BOX="682 360 687 385" STYLE_REF="10">,</W>
			<W BOX="699 359 726 384" STYLE_REF="10" NS="y">Dr</W>
			<W BOX="726 359 732 384" STYLE_REF="10">.</W>
		</Primitive>
		<Primitive BOX="24 381 811 430" ID="Ar0250006" SEQ_NO="6" TOC_ENTRY_ID="13" DEPTH_LEVEL="1">
			<L BOX="76 362 732 409"/>
			<W BOX="76 383 147 409" STYLE_REF="10">Harriet</W>
			<W BOX="156 383 171 409" STYLE_REF="10" NS="y">R</W>
			<W BOX="171 383 177 409" STYLE_REF="10">.</W>
			<W BOX="174 362 179 388" STYLE_REF="10">,</W>
			<W BOX="183 383 234 409" STYLE_REF="10" NS="y">Hunt</W>
			<W BOX="235 384 240 409" STYLE_REF="10">,</W>
			<W BOX="244 383 308 409" STYLE_REF="10">Boston</W>
			<W BOX="314 383 319 409" STYLE_REF="10">;</W>
			<W BOX="328 383 396 409" STYLE_REF="10">Horace</W>
			<W BOX="359 362 364 387" STYLE_REF="10">,</W>
			<W BOX="402 383 455 409" STYLE_REF="10" NS="y">Mann</W>
			<W BOX="457 383 462 408" STYLE_REF="10">,</W>
			<W BOX="468 382 504 407" STYLE_REF="10" NS="y">Esq</W>
			<Q BOX="504 382 510 407" STYLE_REF="10" QID="24">.</Q>
			<q BOX="510 382 516 407" STYLE_REF="10" QID="24">,</q>
			<QW QID="24">.,</QW>
			<W BOX="522 382 589 407" STYLE_REF="10">Yellow</W>
			<Q BOX="597 382 609 407" STYLE_REF="10" QID="25">S</Q>
			<q BOX="607 381 669 406" STYLE_REF="10" NS="y" QID="25">prings</q>
			<QW QID="25">Springs</QW>
			<W BOX="669 382 673 407" STYLE_REF="10">,</W>
			<W BOX="680 381 726 406" STYLE_REF="10" NS="y">Ohio</W>
			<W BOX="726 381 732 406" STYLE_REF="10">.</W>
			<L BOX="99 402 731 430"/>
			<W BOX="99 405 136 430" STYLE_REF="10">The</W>
			<W BOX="148 405 223 430" STYLE_REF="10">services</W>
			<W BOX="235 405 251 430" STYLE_REF="10">of</W>
			<W BOX="264 405 289 430" STYLE_REF="10" NS="y">Dr</W>
			<W BOX="290 405 295 430" STYLE_REF="10">.</W>
			<W BOX="306 404 396 430" STYLE_REF="10">Elizabeth</W>
			<W BOX="408 404 441 430" STYLE_REF="10">and</W>
			<W BOX="452 404 478 430" STYLE_REF="10" NS="y">Dr</W>
			<W BOX="478 404 484 430" STYLE_REF="10">.</W>
			<Q BOX="491 403 539 428" STYLE_REF="10" QID="26">Emil</Q>
			<q BOX="539 403 551 428" STYLE_REF="10" QID="26">y</q>
			<QW QID="26">Emily</QW>
			<W BOX="558 402 655 427" STYLE_REF="10" NS="y">Blackwell</W>
			<W BOX="656 403 660 428" STYLE_REF="10">,</W>
			<W BOX="668 402 701 427" STYLE_REF="10">and</W>
			<W BOX="714 402 731 427" STYLE_REF="10">of</W>
		</Primitive>
		<Primitive BOX="24 423 811 473" ID="Ar0250007" SEQ_NO="7" TOC_ENTRY_ID="13" DEPTH_LEVEL="1">
			<L BOX="75 423 732 452"/>
			<W BOX="75 427 88 452" STYLE_REF="13" NS="y">T</W>
			<W BOX="86 427 97 452" STYLE_REF="13" NS="y">&gt;</W>
			<W BOX="98 427 104 452" STYLE_REF="13" NS="y">r</W>
			<W BOX="104 427 108 452" STYLE_REF="13">.</W>
			<W BOX="119 426 173 451" STYLE_REF="10">Maria</W>
			<W BOX="185 426 299 451" STYLE_REF="10" NS="y">Zakrzewska</W>
			<W BOX="297 426 302 452" STYLE_REF="10">,</W>
			<W BOX="316 426 344 451" STYLE_REF="10">are</W>
			<Q BOX="357 426 370 451" STYLE_REF="10" QID="27">g</Q>
			<q BOX="370 425 410 451" STYLE_REF="10" QID="27">iven</q>
			<QW QID="27">given</QW>
			<Q BOX="420 425 524 450" STYLE_REF="10" QID="28">gratuitousl</Q>
			<q BOX="524 424 537 449" STYLE_REF="10" QID="28">y</q>
			<QW QID="28">gratuitously</QW>
			<W BOX="545 424 563 449" STYLE_REF="10">to</W>
			<W BOX="575 424 606 449" STYLE_REF="10">the</W>
			<Q BOX="617 424 662 449" STYLE_REF="10" QID="29">hosp</Q>
			<q BOX="661 423 694 448" STYLE_REF="10" NS="y" QID="29">ital</q>
			<QW QID="29">hospital</QW>
			<W BOX="695 424 700 449" STYLE_REF="10">,</W>
			<W BOX="712 424 732 449" STYLE_REF="10">in</W>
			<L BOX="75 447 471 473"/>
			<W BOX="75 448 135 473" STYLE_REF="10">which</W>
			<W BOX="141 448 184 473" STYLE_REF="10">they</W>
			<W BOX="191 448 232 473" STYLE_REF="10">take</W>
			<W BOX="239 448 270 473" STYLE_REF="10">the</W>
			<W BOX="276 447 320 473" STYLE_REF="10">most</W>
			<W BOX="328 447 386 472" STYLE_REF="10">active</W>
			<W BOX="393 447 465 472" STYLE_REF="10" NS="y">interest</W>
			<W BOX="465 447 471 472" STYLE_REF="10">.</W>
		</Primitive>
		<Primitive BOX="24 467 811 517" ID="Ar0250008" SEQ_NO="8" TOC_ENTRY_ID="13" DEPTH_LEVEL="1">
			<L BOX="96 467 732 495"/>
			<W BOX="96 469 192 494" STYLE_REF="10" NS="y">Meantime</W>
			<W BOX="192 469 196 495" STYLE_REF="10">,</W>
			<W BOX="205 469 231 494" STYLE_REF="10" NS="y">Dr</W>
			<W BOX="231 469 237 494" STYLE_REF="10">.</W>
			<W BOX="244 468 336 494" STYLE_REF="10" NS="y">Elizabeth</W>
			<W BOX="337 468 342 494" STYLE_REF="10" NS="y">'</W>
			<W BOX="341 468 349 493" STYLE_REF="10">s</W>
			<W BOX="357 468 435 493" STYLE_REF="10">younger</W>
			<W BOX="442 468 491 493" STYLE_REF="10" NS="y">sister</W>
			<W BOX="494 468 498 493" STYLE_REF="10">,</W>
			<Q BOX="505 467 554 492" STYLE_REF="10" QID="30">Emil</Q>
			<q BOX="553 468 566 493" STYLE_REF="10" NS="y" QID="30">y</q>
			<QW QID="30">Emily</QW>
			<W BOX="566 468 572 493" STYLE_REF="10">,</W>
			<W BOX="580 467 620 492" STYLE_REF="10">who</W>
			<W BOX="630 467 664 492" STYLE_REF="10">had</W>
			<Q BOX="676 467 724 492" STYLE_REF="10" QID="31">deter</Q>
			<Q BOX="724 467 732 492" STYLE_REF="10" QID="31">-</Q>
			<L BOX="74 488 731 517"/>
			<q BOX="74 491 134 517" STYLE_REF="10" QID="31">mined</q>
			<QW QID="31">determined</QW>
			<W BOX="141 490 160 516" STYLE_REF="10">to</W>
			<W BOX="167 490 227 516" STYLE_REF="10">follow</W>
			<W BOX="234 490 265 516" STYLE_REF="10">her</W>
			<Q BOX="272 490 334 516" STYLE_REF="10" QID="32">examp</Q>
			<Q BOX="333 490 351 515" STYLE_REF="10" QID="32">le</Q>
			<q BOX="364 490 399 515" STYLE_REF="10" QID="32">had</q>
			<QW QID="32">examplehad</QW>
			<W BOX="406 490 464 515" STYLE_REF="10" NS="y">begun</W>
			<W BOX="465 489 470 514" STYLE_REF="10">,</W>
			<W BOX="477 489 496 514" STYLE_REF="10">in</W>
			<W BOX="504 489 548 514" STYLE_REF="10" NS="y">1846</W>
			<W BOX="550 488 554 513" STYLE_REF="10">,</W>
			<W BOX="563 488 582 513" STYLE_REF="10">to</W>
			<W BOX="590 488 698 513" STYLE_REF="10" NS="y">accumulate</W>
			<W BOX="699 488 704 513" STYLE_REF="10">,</W>
			<W BOX="712 490 731 512" STYLE_REF="12">as</W>
		</Primitive>
		<Primitive BOX="24 509 811 559" ID="Ar0250009" SEQ_NO="9" TOC_ENTRY_ID="13" DEPTH_LEVEL="1">
			<L BOX="75 490 732 538"/>
			<W BOX="75 513 85 538" STYLE_REF="10">a</W>
			<W BOX="97 513 167 538" STYLE_REF="10" NS="y">teacher</W>
			<W BOX="167 512 172 537" STYLE_REF="10">,</W>
			<W BOX="179 512 210 537" STYLE_REF="10">the</W>
			<W BOX="222 512 273 537" STYLE_REF="10">funds</W>
			<W BOX="286 512 367 537" STYLE_REF="10">required</W>
			<W BOX="351 490 356 515" STYLE_REF="10">,</W>
			<W BOX="379 512 404 537" STYLE_REF="10">for</W>
			<W BOX="419 511 450 536" STYLE_REF="10">the</W>
			<W BOX="463 510 574 535" STYLE_REF="10">prosecution</W>
			<W BOX="585 510 601 535" STYLE_REF="10">of</W>
			<W BOX="615 510 647 535" STYLE_REF="10">her</W>
			<W BOX="658 509 732 534" STYLE_REF="10">medical</W>
			<L BOX="74 531 731 559"/>
			<W BOX="74 534 140 559" STYLE_REF="10" NS="y">studies</W>
			<W BOX="140 534 146 559" STYLE_REF="10">.</W>
			<W BOX="169 534 258 559" STYLE_REF="10">Possessed</W>
			<W BOX="271 533 287 559" STYLE_REF="10">of</W>
			<W BOX="300 533 412 559" STYLE_REF="10">magnificent</W>
			<W BOX="421 532 480 558" STYLE_REF="10">health</W>
			<W BOX="492 531 527 556" STYLE_REF="10">and</W>
			<W BOX="538 531 652 556" STYLE_REF="10">indomitable</W>
			<W BOX="660 531 725 556" STYLE_REF="10" NS="y">energy</W>
			<W BOX="725 531 731 556" STYLE_REF="10">,</W>
		</Primitive>
		<Primitive BOX="24 553 811 603" ID="Ar0250010" SEQ_NO="10" TOC_ENTRY_ID="13" DEPTH_LEVEL="1">
			<L BOX="74 553 729 581"/>
			<W BOX="74 556 91 581" STYLE_REF="10">at</W>
			<W BOX="99 556 151 581" STYLE_REF="10">home</W>
			<W BOX="162 556 182 581" STYLE_REF="10">in</W>
			<W BOX="193 556 224 581" STYLE_REF="10">the</W>
			<W BOX="237 555 287 581" STYLE_REF="10" NS="y">Latin</W>
			<W BOX="290 555 294 580" STYLE_REF="10">,</W>
			<W BOX="303 555 373 580" STYLE_REF="10" NS="y">French</W>
			<W BOX="373 555 378 580" STYLE_REF="10">,</W>
			<W BOX="386 555 418 580" STYLE_REF="10">and</W>
			<W BOX="431 554 505 579" STYLE_REF="10">German</W>
			<W BOX="518 553 612 578" STYLE_REF="10" NS="y">languages</W>
			<W BOX="614 553 618 578" STYLE_REF="10">,</W>
			<W BOX="627 553 671 578" STYLE_REF="10">with</W>
			<W BOX="678 553 688 578" STYLE_REF="10">a</W>
			<W BOX="696 553 729 578" STYLE_REF="10">fair</W>
			<L BOX="73 574 731 603"/>
			<Q BOX="73 578 156 603" STYLE_REF="10" QID="33">knowled</Q>
			<q BOX="155 578 177 603" STYLE_REF="10" QID="33">ge</q>
			<QW QID="33">knowledge</QW>
			<W BOX="189 577 206 602" STYLE_REF="10">of</W>
			<W BOX="219 577 275 602" STYLE_REF="10">Greek</W>
			<W BOX="287 577 321 602" STYLE_REF="10">and</W>
			<W BOX="333 576 453 601" STYLE_REF="10" NS="y">mathematics</W>
			<W BOX="453 576 458 601" STYLE_REF="10">,</W>
			<W BOX="465 575 475 600" STYLE_REF="10">a</W>
			<W BOX="482 575 559 600" STYLE_REF="10">memory</W>
			<W BOX="567 574 587 599" STYLE_REF="10">so</W>
			<Q BOX="594 574 657 599" STYLE_REF="10" QID="34">promp</Q>
			<q BOX="656 574 664 599" STYLE_REF="10" QID="34">t</q>
			<QW QID="34">prompt</QW>
			<W BOX="674 574 712 599" STYLE_REF="10">that</W>
			<W BOX="719 574 731 599" STYLE_REF="10">a</W>
		</Primitive>
		<Primitive BOX="24 595 811 667" ID="Ar0250011" SEQ_NO="11" TOC_ENTRY_ID="13" DEPTH_LEVEL="1">
			<L BOX="73 595 730 624"/>
			<Q BOX="73 599 114 624" STYLE_REF="10" QID="35">sing</Q>
			<q BOX="113 599 130 624" STYLE_REF="10" QID="35">le</q>
			<QW QID="35">single</QW>
			<W BOX="138 599 209 624" STYLE_REF="10">reading</W>
			<Q BOX="217 599 274 624" STYLE_REF="10" QID="36">usuall</Q>
			<q BOX="274 598 286 623" STYLE_REF="10" QID="36">y</q>
			<QW QID="36">usually</QW>
			<W BOX="292 598 359 623" STYLE_REF="10">sufficed</W>
			<W BOX="370 598 395 623" STYLE_REF="10">for</W>
			<W BOX="404 597 433 622" STYLE_REF="10">the</W>
			<W BOX="441 596 535 621" STYLE_REF="10">committal</W>
			<W BOX="545 596 561 621" STYLE_REF="10">of</W>
			<W BOX="574 595 604 620" STYLE_REF="10">the</W>
			<W BOX="611 595 679 620" STYLE_REF="10">longest</W>
			<Q BOX="687 595 722 620" STYLE_REF="10" QID="37">reci</Q>
			<Q BOX="722 595 730 620" STYLE_REF="10" QID="37">-</Q>
			<L BOX="73 617 729 667"/>
			<q BOX="73 620 128 645" STYLE_REF="10" QID="37">tation</q>
			<QW QID="37">recitation</QW>
			<W BOX="73 642 97 667" STYLE_REF="10">by</W>
			<W BOX="105 641 136 667" STYLE_REF="10">her</W>
			<W BOX="136 620 156 645" STYLE_REF="10">in</W>
			<W BOX="143 641 181 667" STYLE_REF="10">was</W>
			<W BOX="163 620 214 645" STYLE_REF="10">prose</W>
			<W BOX="187 641 227 667" STYLE_REF="10">ever</W>
			<W BOX="222 620 240 645" STYLE_REF="10">or</W>
			<W BOX="234 641 320 666" STYLE_REF="10">forgotten</W>
			<W BOX="247 620 297 645" STYLE_REF="10" NS="y">verse</W>
			<W BOX="298 620 302 645" STYLE_REF="10">,</W>
			<W BOX="311 619 344 645" STYLE_REF="10">and</W>
			<W BOX="335 641 368 666" STYLE_REF="10">and</W>
			<W BOX="353 619 372 645" STYLE_REF="10">so</W>
			<W BOX="377 641 409 666" STYLE_REF="10">cap</W>
			<W BOX="379 619 454 644" STYLE_REF="10">retentiv</W>
			<W BOX="409 641 447 666" STYLE_REF="10">able</W>
			<W BOX="455 618 464 643" STYLE_REF="10">e</W>
			<W BOX="461 640 497 665" STYLE_REF="10">like</W>
			<W BOX="471 618 510 643" STYLE_REF="10">that</W>
			<W BOX="504 639 536 664" STYLE_REF="10">her</W>
			<W BOX="518 617 597 642" STYLE_REF="10">nothing</W>
			<W BOX="544 639 596 664" STYLE_REF="10" NS="y">sister</W>
			<W BOX="597 639 601 664" STYLE_REF="10">,</W>
			<W BOX="605 617 647 642" STYLE_REF="10">once</W>
			<W BOX="613 638 630 663" STYLE_REF="10">of</W>
			<W BOX="643 638 728 663" STYLE_REF="10">enduring</W>
			<W BOX="658 617 729 642" STYLE_REF="10">learned</W>
		</Primitive>
		<Primitive BOX="24 660 811 704" ID="Ar0250012" SEQ_NO="12" TOC_ENTRY_ID="13" DEPTH_LEVEL="1">
			<L BOX="323 640 454 667"/>
			<W BOX="323 642 327 667" STYLE_REF="10">,</W>
			<W BOX="449 640 454 666" STYLE_REF="10">,</W>
			<L BOX="73 660 730 689"/>
			<W BOX="73 664 108 689" STYLE_REF="10">any</W>
			<W BOX="116 663 185 688" STYLE_REF="10">amount</W>
			<W BOX="194 663 210 688" STYLE_REF="10">of</W>
			<Q BOX="217 663 250 688" STYLE_REF="10" QID="38">self</Q>
			<Q BOX="250 663 258 688" STYLE_REF="10" LH="y" QID="38">-</Q>
			<q BOX="258 663 314 688" STYLE_REF="10" NS="y" QID="38">denial</q>
			<QW QID="38">self-denial</QW>
			<W BOX="316 663 320 688" STYLE_REF="10">,</W>
			<W BOX="328 662 362 688" STYLE_REF="10">and</W>
			<W BOX="371 662 387 688" STYLE_REF="10">of</W>
			<Q BOX="395 662 416 688" STYLE_REF="10" QID="39">en</Q>
			<q BOX="418 661 518 687" STYLE_REF="10" QID="39">countering</q>
			<QW QID="39">encountering</QW>
			<W BOX="525 661 558 686" STYLE_REF="10">any</W>
			<W BOX="567 660 638 685" STYLE_REF="10">amount</W>
			<W BOX="649 660 665 685" STYLE_REF="10">of</W>
			<Q BOX="677 660 722 685" STYLE_REF="10" QID="40">oppo</Q>
			<Q BOX="722 660 730 685" STYLE_REF="10" QID="40">-</Q>
			<L BOX="73 681 727 710"/>
			<Q BOX="73 685 124 710" STYLE_REF="10" QID="40">sition</Q>
			<q BOX="139 684 158 710" STYLE_REF="10" QID="40">in</q>
			<QW QID="40">oppositionin</QW>
			<W BOX="165 684 196 710" STYLE_REF="10">the</W>
			<W BOX="203 684 304 710" STYLE_REF="10">attainment</W>
			<W BOX="312 684 329 709" STYLE_REF="10">of</W>
			<W BOX="336 684 358 709" STYLE_REF="10">an</W>
			<W BOX="366 684 400 709" STYLE_REF="10" NS="y">end</W>
			<W BOX="401 684 406 709" STYLE_REF="10">,</W>
			<W BOX="412 683 443 708" STYLE_REF="10">she</W>
			<W BOX="448 683 484 708" STYLE_REF="10">was</W>
			<W BOX="491 682 533 707" STYLE_REF="10">well</W>
			<W BOX="541 682 636 707" STYLE_REF="10">calculated</W>
			<W BOX="644 681 662 706" STYLE_REF="10">to</W>
			<W BOX="668 681 727 706" STYLE_REF="10">follow</W>
		</Primitive>
		<Primitive BOX="24 692 811 754" ID="Ar0250013" SEQ_NO="13" TOC_ENTRY_ID="13" DEPTH_LEVEL="1">
			<L BOX="72 686 728 732"/>
			<W BOX="72 707 91 732" STYLE_REF="10">in</W>
			<W BOX="98 707 129 732" STYLE_REF="10">the</W>
			<W BOX="127 686 132 711" STYLE_REF="10">,</W>
			<Q BOX="135 707 147 732" STYLE_REF="10" QID="41">p</Q>
			<q BOX="148 706 178 731" STYLE_REF="10" QID="41">ath</q>
			<QW QID="41">path</QW>
			<W BOX="184 706 203 731" STYLE_REF="10">in</W>
			<W BOX="211 706 269 731" STYLE_REF="10">which</W>
			<W BOX="281 706 306 731" STYLE_REF="10" NS="y">Dr</W>
			<W BOX="306 706 312 731" STYLE_REF="10">.</W>
			<Q BOX="320 705 382 730" STYLE_REF="10" QID="42">Elizab</Q>
			<Q BOX="383 705 393 730" STYLE_REF="10" QID="42">e</Q>
			<q BOX="393 705 413 730" STYLE_REF="10" QID="42">th</q>
			<QW QID="42">Elizabeth</QW>
			<W BOX="420 705 454 730" STYLE_REF="10">had</W>
			<W BOX="461 704 504 729" STYLE_REF="10">been</W>
			<W BOX="512 704 543 729" STYLE_REF="10">the</W>
			<Q BOX="550 704 561 729" STYLE_REF="10" QID="43">p</Q>
			<q BOX="562 703 621 728" STYLE_REF="10" NS="y" QID="43">ioneer</q>
			<QW QID="43">pioneer</QW>
			<W BOX="621 703 626 728" STYLE_REF="10">.</W>
			<W BOX="650 702 671 727" STYLE_REF="10">In</W>
			<W BOX="684 702 728 727" STYLE_REF="10">1848</W>
			<L BOX="72 724 729 754"/>
			<W BOX="72 729 103 754" STYLE_REF="10">she</W>
			<W BOX="116 728 186 753" STYLE_REF="10">entered</W>
			<W BOX="199 728 247 753" STYLE_REF="10">upon</W>
			<W BOX="254 728 264 753" STYLE_REF="10">a</W>
			<W BOX="271 727 331 752" STYLE_REF="10">course</W>
			<W BOX="343 727 359 752" STYLE_REF="10">of</W>
			<W BOX="372 727 445 752" STYLE_REF="10">medical</W>
			<W BOX="453 726 525 751" STYLE_REF="10">reading</W>
			<W BOX="536 725 570 750" STYLE_REF="10">and</W>
			<W BOX="582 724 673 749" STYLE_REF="10">dissection</W>
			<W BOX="683 724 729 749" STYLE_REF="10">with</W>
		</Primitive>
		<Primitive BOX="24 745 811 812" ID="Ar0250014" SEQ_NO="14" TOC_ENTRY_ID="13" DEPTH_LEVEL="1">
			<L BOX="71 745 728 775"/>
			<W BOX="71 750 97 775" STYLE_REF="10" NS="y">Dr</W>
			<W BOX="97 750 102 775" STYLE_REF="10">.</W>
			<Q BOX="110 750 165 775" STYLE_REF="10" QID="44">Davis</Q>
			<q BOX="179 749 306 774" STYLE_REF="10" QID="44">Demonstrator</q>
			<QW QID="44">DavisDemonstrator</QW>
			<W BOX="315 749 331 774" STYLE_REF="10">of</W>
			<W BOX="340 749 427 774" STYLE_REF="10">Anatomy</W>
			<W BOX="433 748 452 773" STYLE_REF="10">in</W>
			<W BOX="460 748 490 773" STYLE_REF="10">the</W>
			<W BOX="497 746 597 771" STYLE_REF="10">Cincinnati</W>
			<Q BOX="604 746 618 771" STYLE_REF="10" QID="45">C</Q>
			<q BOX="618 746 675 771" STYLE_REF="10" NS="y" QID="45">ollege</q>
			<QW QID="45">College</QW>
			<W BOX="680 746 685 771" STYLE_REF="10">;</W>
			<W BOX="694 745 728 770" STYLE_REF="10">and</W>
			<L BOX="72 750 729 813"/>
			<W BOX="72 772 166 797" STYLE_REF="10">continued</W>
			<W BOX="165 750 170 775" STYLE_REF="10">,</W>
			<W BOX="172 771 220 796" STYLE_REF="10">these</W>
			<Q BOX="228 772 272 797" STYLE_REF="10" QID="46" M="5 * ">preiD</Q>
			<q BOX="271 771 338 796" STYLE_REF="10" QID="46">aratory</q>
			<QW QID="46">_preiDaratory</QW>
			<W BOX="343 770 409 795" STYLE_REF="10" NS="y">studies</W>
			<W BOX="410 770 415 795" STYLE_REF="10">,</W>
			<W BOX="420 769 472 794" STYLE_REF="10">while</W>
			<W BOX="478 768 514 794" STYLE_REF="10">still</W>
			<W BOX="522 768 600 793" STYLE_REF="10">engaged</W>
			<W BOX="607 768 626 793" STYLE_REF="10">as</W>
			<W BOX="634 767 644 792" STYLE_REF="10">a</W>
			<W BOX="651 767 722 792" STYLE_REF="10">teacher</W>
			<W BOX="696 788 728 813" STYLE_REF="10">but</W>
			<W BOX="723 767 729 792" STYLE_REF="10">,</W>
		</Primitive>
		<Primitive BOX="24 800 811 862" ID="Ar0250015" SEQ_NO="15" TOC_ENTRY_ID="13" DEPTH_LEVEL="1">
			<L BOX="71 789 688 819"/>
			<W BOX="71 794 118 819" STYLE_REF="10">until</W>
			<W BOX="127 793 172 818" STYLE_REF="10" NS="y">1851</W>
			<W BOX="172 793 176 818" STYLE_REF="10">.</W>
			<W BOX="200 793 235 818" STYLE_REF="10">She</W>
			<W BOX="242 793 284 818" STYLE_REF="10">then</W>
			<Q BOX="294 793 329 818" STYLE_REF="10" QID="47">app</Q>
			<q BOX="329 792 365 817" STYLE_REF="10" QID="47">lied</q>
			<QW QID="47">applied</QW>
			<W BOX="373 792 398 817" STYLE_REF="10">for</W>
			<W BOX="407 791 497 816" STYLE_REF="10">admission</W>
			<W BOX="506 791 525 816" STYLE_REF="10">to</W>
			<W BOX="533 789 603 815" STYLE_REF="10">Geneva</W>
			<W BOX="611 789 682 814" STYLE_REF="10" NS="y">College</W>
			<W BOX="683 789 688 814" STYLE_REF="10">,</W>
			<L BOX="72 810 728 841"/>
			<W BOX="72 816 107 841" STYLE_REF="10">was</W>
			<W BOX="121 815 187 840" STYLE_REF="10" NS="y">refused</W>
			<W BOX="195 815 200 840" STYLE_REF="10">;</W>
			<W BOX="212 815 243 840" STYLE_REF="10">the</W>
			<W BOX="254 814 321 839" STYLE_REF="10">faculty</W>
			<W BOX="332 814 397 839" STYLE_REF="10">stating</W>
			<W BOX="411 813 448 838" STYLE_REF="10">that</W>
			<W BOX="460 813 503 838" STYLE_REF="10">they</W>
			<W BOX="512 811 558 837" STYLE_REF="10">were</W>
			<W BOX="571 811 602 837" STYLE_REF="10">not</W>
			<W BOX="613 810 697 835" STYLE_REF="10">prepared</W>
			<W BOX="709 810 728 835" STYLE_REF="10">to</W>
			<L BOX="71 832 728 862"/>
			<W BOX="71 837 149 862" STYLE_REF="10">consider</W>
			<W BOX="163 836 208 861" STYLE_REF="10">their</W>
			<W BOX="222 836 303 861" STYLE_REF="10">previous</W>
			<W BOX="315 835 409 860" STYLE_REF="10">admission</W>
			<W BOX="421 835 436 860" STYLE_REF="10">of</W>
			<W BOX="448 833 473 859" STYLE_REF="10" NS="y">Dr</W>
			<W BOX="473 833 478 859" STYLE_REF="10">.</W>
			<W BOX="487 833 576 858" STYLE_REF="10">Elizabeth</W>
			<W BOX="590 833 609 858" STYLE_REF="10">as</W>
			<W BOX="615 832 625 857" STYLE_REF="10">a</W>
			<W BOX="633 832 728 857" STYLE_REF="10">precedent</W>
		</Primitive>
		<Primitive BOX="24 853 811 906" ID="Ar0250016" SEQ_NO="16" TOC_ENTRY_ID="13" DEPTH_LEVEL="1">
			<L BOX="71 853 725 885"/>
			<W BOX="71 859 97 885" STYLE_REF="10">for</W>
			<W BOX="106 859 136 884" STYLE_REF="10">the</W>
			<W BOX="144 858 237 883" STYLE_REF="10">admission</W>
			<W BOX="245 858 261 883" STYLE_REF="10">of</W>
			<W BOX="271 857 318 882" STYLE_REF="10">other</W>
			<W BOX="327 857 396 882" STYLE_REF="10">women</W>
			<W BOX="402 857 421 882" STYLE_REF="10">as</W>
			<W BOX="428 855 505 881" STYLE_REF="10" NS="y">students</W>
			<W BOX="505 855 511 881" STYLE_REF="10">.</W>
			<W BOX="535 854 567 880" STYLE_REF="10">She</W>
			<W BOX="576 854 617 879" STYLE_REF="10">then</W>
			<Q BOX="625 854 659 879" STYLE_REF="10" QID="48">app</Q>
			<q BOX="660 853 695 878" STYLE_REF="10" QID="48">lied</q>
			<QW QID="48">applied</QW>
			<W BOX="707 853 725 878" STYLE_REF="10">to</W>
			<L BOX="70 875 729 906"/>
			<W BOX="70 881 100 906" STYLE_REF="10">ten</W>
			<W BOX="109 880 157 906" STYLE_REF="10">other</W>
			<W BOX="167 880 241 905" STYLE_REF="10">medical</W>
			<W BOX="248 879 323 904" STYLE_REF="10" NS="y">colleges</W>
			<W BOX="323 879 327 904" STYLE_REF="10">,</W>
			<W BOX="335 878 370 903" STYLE_REF="10">and</W>
			<W BOX="377 878 414 903" STYLE_REF="10">was</W>
			<W BOX="423 877 487 902" STYLE_REF="10">refused</W>
			<Q BOX="498 877 511 902" STYLE_REF="10" QID="49">b</Q>
			<q BOX="510 877 523 902" STYLE_REF="10" QID="49">y</q>
			<QW QID="49">by</QW>
			<W BOX="530 876 577 901" STYLE_REF="10" NS="y">them</W>
			<W BOX="577 876 583 901" STYLE_REF="10">.</W>
			<W BOX="590 876 614 901" STYLE_REF="10" NS="y">all</W>
			<W BOX="614 876 619 901" STYLE_REF="10">.</W>
			<W BOX="643 875 675 900" STYLE_REF="10">She</W>
			<Q BOX="689 875 720 900" STYLE_REF="10" QID="50">suc</Q>
			<Q BOX="720 875 729 900" STYLE_REF="10" QID="50">-</Q>
		</Primitive>
		<Primitive BOX="24 896 811 993" ID="Ar0250017" SEQ_NO="17" TOC_ENTRY_ID="13" DEPTH_LEVEL="1">
			<L BOX="72 896 727 928"/>
			<q BOX="72 902 134 928" STYLE_REF="10" NS="y" QID="50">ceeded</q>
			<QW QID="50">succeeded</QW>
			<W BOX="136 902 140 928" STYLE_REF="10">,</W>
			<W BOX="148 901 230 926" STYLE_REF="10" NS="y">however</W>
			<W BOX="231 901 235 926" STYLE_REF="10">,</W>
			<W BOX="244 901 262 926" STYLE_REF="10">in</W>
			<W BOX="272 901 344 926" STYLE_REF="10">gaining</W>
			<W BOX="354 900 447 925" STYLE_REF="10">admission</W>
			<W BOX="459 898 477 923" STYLE_REF="10">to</W>
			<W BOX="489 898 521 923" STYLE_REF="10">the</W>
			<W BOX="532 897 580 922" STYLE_REF="10">great</W>
			<W BOX="592 897 636 922" STYLE_REF="10">Free</W>
			<Q BOX="645 897 694 922" STYLE_REF="10" QID="51">Hosp</Q>
			<q BOX="694 896 727 922" STYLE_REF="10" QID="51">ital</q>
			<QW QID="51">Hospital</QW>
			<L BOX="70 918 728 993"/>
			<W BOX="70 967 136 993" STYLE_REF="10">having</W>
			<W BOX="71 946 147 971" STYLE_REF="10">different</W>
			<W BOX="71 925 88 950" STYLE_REF="10">of</W>
			<W BOX="96 924 180 949" STYLE_REF="10">Bellevue</W>
			<W BOX="146 967 189 992" STYLE_REF="10">been</W>
			<W BOX="158 945 232 970" STYLE_REF="10">medical</W>
			<W BOX="182 924 186 949" STYLE_REF="10">,</W>
			<W BOX="193 923 213 948" STYLE_REF="10">in</W>
			<W BOX="202 967 273 992" STYLE_REF="10">granted</W>
			<W BOX="221 923 265 948" STYLE_REF="10">New</W>
			<Q BOX="238 945 248 970" STYLE_REF="10" QID="52">c</Q>
			<q BOX="248 944 312 969" STYLE_REF="10" QID="52">olleges</q>
			<QW QID="52">colleges</QW>
			<W BOX="271 922 318 947" STYLE_REF="10">York</W>
			<W BOX="281 967 293 992" STYLE_REF="10">b</W>
			<W BOX="312 944 317 969" STYLE_REF="10">.</W>
			<W BOX="313 965 343 990" STYLE_REF="10">the</W>
			<W BOX="319 923 324 948" STYLE_REF="10">,</W>
			<W BOX="332 921 386 946" STYLE_REF="10">while</W>
			<W BOX="340 943 362 968" STYLE_REF="10">In</W>
			<W BOX="349 965 425 990" STYLE_REF="10">Medical</W>
			<W BOX="373 943 404 968" STYLE_REF="10">the</W>
			<W BOX="393 921 495 946" STYLE_REF="10">continuing</W>
			<W BOX="412 942 483 967" STYLE_REF="10">autumn</W>
			<W BOX="432 964 501 989" STYLE_REF="10">College</W>
			<W BOX="494 941 511 966" STYLE_REF="10">of</W>
			<W BOX="501 919 534 944" STYLE_REF="10">her</W>
			<W BOX="516 963 532 988" STYLE_REF="10">of</W>
			<W BOX="525 941 569 966" STYLE_REF="10">1852</W>
			<W BOX="540 919 574 944" STYLE_REF="10">app</W>
			<W BOX="545 962 621 988" STYLE_REF="10">Chicago</W>
			<W BOX="571 941 575 966" STYLE_REF="10">,</W>
			<W BOX="574 918 654 944" STYLE_REF="10">lications</W>
			<W BOX="583 940 614 966" STYLE_REF="10">her</W>
			<W BOX="622 940 656 966" STYLE_REF="10">app</W>
			<W BOX="633 962 641 987" STYLE_REF="10" NS="y">(</W>
			<W BOX="641 962 711 987" STYLE_REF="10">Illinois</W>
			<W BOX="656 940 726 965" STYLE_REF="10">lication</W>
			<W BOX="667 918 685 944" STYLE_REF="10">to</W>
			<W BOX="696 918 728 944" STYLE_REF="10">the</W>
			<W BOX="711 962 719 987" STYLE_REF="10" NS="y">)</W>
			<W BOX="719 962 725 987" STYLE_REF="10">,</W>
		</Primitive>
		<Primitive BOX="24 983 811 1036" ID="Ar0250018" SEQ_NO="18" TOC_ENTRY_ID="13" DEPTH_LEVEL="1">
			<L BOX="70 967 726 1014"/>
			<W BOX="70 989 102 1014" STYLE_REF="10">she</W>
			<Q BOX="108 988 166 1013" STYLE_REF="10" QID="53">entere</Q>
			<q BOX="167 988 179 1013" STYLE_REF="10" QID="53">d</q>
			<QW QID="53">entered</QW>
			<W BOX="186 988 226 1013" STYLE_REF="10">that</W>
			<W BOX="232 988 329 1013" STYLE_REF="10">institution</W>
			<W BOX="293 967 305 992" STYLE_REF="10">y</W>
			<W BOX="345 987 378 1012" STYLE_REF="10">and</W>
			<W BOX="387 986 463 1011" STYLE_REF="10">pursued</W>
			<W BOX="469 985 499 1010" STYLE_REF="10">the</W>
			<W BOX="505 984 573 1009" STYLE_REF="10">regular</W>
			<W BOX="581 984 641 1009" STYLE_REF="10">course</W>
			<W BOX="649 983 665 1008" STYLE_REF="10">of</W>
			<Q BOX="673 983 713 1008" STYLE_REF="10" QID="54">stud</Q>
			<q BOX="713 983 726 1008" STYLE_REF="10" QID="54">y</q>
			<QW QID="54">study</QW>
			<L BOX="70 988 726 1036"/>
			<Q BOX="70 1010 134 1036" STYLE_REF="10" QID="55">throug</Q>
			<q BOX="133 1009 145 1035" STYLE_REF="10" QID="55">h</q>
			<QW QID="55">through</QW>
			<W BOX="157 1009 188 1035" STYLE_REF="10">the</W>
			<Q BOX="199 1009 243 1034" STYLE_REF="10" QID="56">wint</Q>
			<q BOX="243 1009 260 1034" STYLE_REF="10" QID="56">er</q>
			<QW QID="56">winter</QW>
			<W BOX="272 1009 316 1034" STYLE_REF="10" NS="y">term</W>
			<W BOX="317 1009 321 1034" STYLE_REF="10">.</W>
			<W BOX="333 988 338 1013" STYLE_REF="10">,</W>
			<W BOX="344 1008 414 1033" STYLE_REF="10">During</W>
			<W BOX="421 1008 452 1033" STYLE_REF="10">the</W>
			<W BOX="459 1006 562 1031" STYLE_REF="10">succeeding</W>
			<W BOX="569 1005 649 1030" STYLE_REF="10">vacation</W>
			<W BOX="659 1004 689 1030" STYLE_REF="10">she</W>
			<Q BOX="699 1004 718 1030" STYLE_REF="10" QID="57">re</Q>
			<Q BOX="718 1004 726 1030" STYLE_REF="10" QID="57">-</Q>
			<L BOX="611 1026 719 1051"/>
			<q BOX="611 1026 630 1051" STYLE_REF="10" QID="57">at</q>
			<QW QID="57">reat</QW>
			<W BOX="636 1026 719 1051" STYLE_REF="10">Bellevue</W>
		</Primitive>
		<Primitive BOX="24 1026 811 1079" ID="Ar0250019" SEQ_NO="19" TOC_ENTRY_ID="13" DEPTH_LEVEL="1">
			<L BOX="70 1026 727 1057"/>
			<W BOX="70 1032 134 1057" STYLE_REF="10">turned</W>
			<W BOX="141 1031 160 1056" STYLE_REF="10">to</W>
			<W BOX="167 1031 212 1056" STYLE_REF="10">New</W>
			<Q BOX="218 1030 264 1056" STYLE_REF="10" QID="58">York</Q>
			<q BOX="278 1030 337 1055" STYLE_REF="10" QID="58">where</q>
			<QW QID="58">Yorkwhere</QW>
			<W BOX="344 1030 375 1055" STYLE_REF="10">she</W>
			<W BOX="382 1029 461 1054" STYLE_REF="10">resumed</W>
			<W BOX="467 1028 498 1053" STYLE_REF="10">her</W>
			<W BOX="505 1027 605 1052" STYLE_REF="10">attendance</W>
			<W BOX="720 1026 727 1051" STYLE_REF="10">,</W>
			<L BOX="70 1031 725 1079"/>
			<W BOX="70 1054 104 1079" STYLE_REF="10">and</W>
			<W BOX="116 1053 172 1078" STYLE_REF="10">began</W>
			<W BOX="184 1052 215 1077" STYLE_REF="10">the</W>
			<Q BOX="227 1052 265 1077" STYLE_REF="10" QID="59">stud</Q>
			<q BOX="266 1052 278 1077" STYLE_REF="10" QID="59">y</q>
			<QW QID="59">study</QW>
			<W BOX="266 1031 271 1056" STYLE_REF="10">,</W>
			<W BOX="286 1052 302 1077" STYLE_REF="10">of</W>
			<W BOX="315 1051 408 1076" STYLE_REF="10">chemistry</W>
			<W BOX="417 1050 461 1075" STYLE_REF="10">with</W>
			<W BOX="471 1050 496 1075" STYLE_REF="10" NS="y">Dr</W>
			<W BOX="496 1050 502 1075" STYLE_REF="10">.</W>
			<W BOX="510 1048 596 1073" STYLE_REF="10" NS="y">Doremus</W>
			<W BOX="597 1049 601 1074" STYLE_REF="10">,</W>
			<W BOX="609 1048 695 1073" STYLE_REF="10">Professor</W>
			<W BOX="708 1048 725 1073" STYLE_REF="10">of</W>
		</Primitive>
		<Primitive BOX="24 1079 811 1214" ID="Ar0250020" SEQ_NO="20" TOC_ENTRY_ID="13" DEPTH_LEVEL="1">
			<L BOX="70 1072 727 1144"/>
			<W BOX="70 1119 89 1144" STYLE_REF="10">to</W>
			<Q BOX="71 1075 85 1102" STYLE_REF="1" QID="60">C</Q>
			<q BOX="84 1076 97 1101" STYLE_REF="10" QID="60">h</q>
			<QW QID="60">Ch</QW>
			<W BOX="92 1098 121 1123" STYLE_REF="10">On</W>
			<W BOX="97 1074 148 1101" STYLE_REF="1">emist</W>
			<Q BOX="100 1119 124 1144" STYLE_REF="10" QID="61">he</Q>
			<q BOX="124 1119 133 1144" STYLE_REF="10" QID="61">r</q>
			<QW QID="61">her</QW>
			<W BOX="128 1096 220 1121" STYLE_REF="10">returning</W>
			<W BOX="145 1118 192 1143" STYLE_REF="10">great</W>
			<Q BOX="147 1075 156 1100" STYLE_REF="10" QID="62">r</Q>
			<q BOX="156 1074 168 1100" STYLE_REF="1" QID="62">y</q>
			<QW QID="62">ry</QW>
			<W BOX="176 1074 194 1099" STYLE_REF="10">in</W>
			<W BOX="201 1074 234 1099" STYLE_REF="10">the</W>
			<W BOX="206 1117 280 1143" STYLE_REF="10">surprise</W>
			<W BOX="226 1095 245 1121" STYLE_REF="10">to</W>
			<W BOX="240 1073 283 1098" STYLE_REF="10">New</W>
			<W BOX="252 1095 326 1120" STYLE_REF="10">Chicago</W>
			<W BOX="289 1073 336 1098" STYLE_REF="10">York</W>
			<W BOX="294 1116 328 1142" STYLE_REF="10">and</W>
			<W BOX="338 1094 355 1120" STYLE_REF="10">at</W>
			<W BOX="342 1115 488 1140" STYLE_REF="10">disappointment</W>
			<W BOX="345 1072 415 1097" STYLE_REF="10">College</W>
			<W BOX="366 1094 398 1119" STYLE_REF="10">the</W>
			<W BOX="408 1093 453 1118" STYLE_REF="10">close</W>
			<W BOX="415 1072 421 1097" STYLE_REF="10">.</W>
			<W BOX="465 1092 481 1117" STYLE_REF="10">of</W>
			<W BOX="489 1115 494 1140" STYLE_REF="10">,</W>
			<W BOX="494 1092 525 1117" STYLE_REF="10">the</W>
			<W BOX="506 1112 545 1139" STYLE_REF="1">that</W>
			<W BOX="532 1092 611 1117" STYLE_REF="10">vacation</W>
			<Q BOX="557 1112 578 1139" STYLE_REF="1" QID="63">th</Q>
			<q BOX="578 1113 588 1138" STYLE_REF="10" QID="63">e</q>
			<QW QID="63">the</QW>
			<W BOX="601 1112 651 1139" STYLE_REF="1">doors</W>
			<W BOX="613 1092 618 1117" STYLE_REF="10">,</W>
			<W BOX="626 1091 658 1116" STYLE_REF="10">she</W>
			<W BOX="663 1112 679 1138" STYLE_REF="1">of</W>
			<W BOX="665 1090 717 1116" STYLE_REF="10">found</W>
			<W BOX="696 1111 725 1138" STYLE_REF="1" NS="y">the</W>
			<S S_TYPE="SUP">
				<W BOX="720 1091 727 1116" STYLE_REF="10">,</W>
			</S>
		</Primitive>
	</Content>
	<TOC_Entries><TOC_Entry TOC_ENTRY_ID="52" TITLE="To the Editors of the English Woman's Jo..." ENTITY_ID_REF="Ar02500" PAGE_NO="25" PAGE_LABEL="97" PRIM_ID_REF="Ar0250000" IS_IC="true"/></TOC_Entries></XMD-entity>
