<?xml version="1.0" encoding="windows-1252" standalone="no"?>
<XMD-entity REPOSITORY_FORMAT="1.0" PRXML_VER="2.0" ENTITY_TYPE="Article" DOC_UID="EWJ_01/03/1858" DOC_VER="1" FIRST_TOC_ENTRY_ID="2" DEPTH_LEVEL="1" INDEX_IN_DOC="2" PAGE_NO="1" ID="Ar00100" BOX="24 230 829 296" LANGUAGE="English" SNP="Ar00100S.png" SNP_WIDTH="806" SNP_HEIGHT="67" LOGICAL_NAME="true">
	<Meta NAME="Vol. I. March 1, 1858. No. 1." DESCRIPTION="" SUBTYPE="" BASE_HREF="EWJ/1858/03/01" SOURCE_TYPE="TIFF" PUBLICATION="EWJ" SECTION="Front page" ISSUE_DATE="01/03/1858" WORDCNT="13" RELEASE_NO="041-EWJ-1858-03-01-001-SINGLE" PAGE_ID="" PAGE_TYPE="Single" PAGE_WIDTH="842" PAGE_HEIGHT="1244" DEFAULT_IMG_EXT="png" PDF_DESTINATION_MAPPED="OLV0_Entity_0001_0001" IMAGES_RESOLUTION="86" XMD_VER="2.6.238.8" PAGE_LABEL="unpag"/>
	<Application_Data><Application_Info AI_TYPE="WORKING_STATUS">In Progress</Application_Info><Application_Info AI_TYPE="dc:title"/><Application_Info AI_TYPE="kc:periodicalTitle"/><Application_Info AI_TYPE="kc:actualTitle"/><Application_Info AI_TYPE="dc:source"/><Application_Info AI_TYPE="kc:volume"/><Application_Info AI_TYPE="kc:number"/><Application_Info AI_TYPE="kc:edition"/><Application_Info AI_TYPE="kc:imgDesc">geography     id:dmvi:d2e69/Africa    id:dmvi:d2e488/South Africa     id:dmvi:d2e502</Application_Info><Application_Info AI_TYPE="kc:price"/><Application_Info AI_TYPE="kc:bibliographic"><Ai_Item NAME="number contents"/></Application_Info><Application_Info AI_TYPE="kc:departmentGeneric"><Ai_Item NAME="masthead"/></Application_Info><Application_Info AI_TYPE="kc:pageSpanItem"/><Application_Info AI_TYPE="kc:departmentTitle"><Ai_Item NAME="Vol I March 1, 1858, No 1"/></Application_Info><Application_Info AI_TYPE="dc:description"/><Application_Info AI_TYPE="dc:format"/><Application_Info AI_TYPE="dc:subject"/><Application_Info AI_TYPE="kc:NumOfEdition"/><Application_Info AI_TYPE="dc:publisher"/><Application_Info AI_TYPE="kc:editor"/></Application_Data><Link SOURCE="041-EWJ-1858-03-01-001-SINGLE.PDF" FIRST_ID="Ar00100" LAST_ID="Ar00103" NEXT_ID="Ar00101" PREV_ID="" TOC_ID="d:/Olive/Repository/EWJ/1858/03/01/TOC.xml"/>
	<DataFiles>
		<Files TYPE="DOC_PDF" PRESENT="1"/>
		<Files TYPE="PAGE_PDF" PRESENT="0"/>
		<Files TYPE="DOC_IMG" PRESENT="0"/>
		<Files TYPE="PAGE_IMG" PRESENT="0"/>
		<Files TYPE="PAGE_VIEW_IMG" PRESENT="1"/>
		<Files TYPE="PAGE_PREVIEW_IMG" PRESENT="1"/>
		<Files TYPE="PRIMITIVE_IMG" PRESENT="1"/>
		<Files TYPE="SNIPPET_IMG" PRESENT="1"/>
	</DataFiles>
	<Content>
		<Primitive BOX="24 230 829 296" ID="Ar0010000" SEQ_NO="0" TOC_ENTRY_ID="2" DEPTH_LEVEL="1">
			<L BOX="96 239 759 272"/>
			<W BOX="96 242 136 272" STYLE_REF="1" NS="y">Vol</W>
			<W BOX="136 242 142 272" STYLE_REF="1">.</W>
			<W BOX="152 242 162 272" STYLE_REF="2" NS="y">I</W>
			<W BOX="162 242 169 272" STYLE_REF="2">.</W>
			<Q BOX="335 239 359 269" STYLE_REF="2" QID="1">M</Q>
			<q BOX="361 239 405 269" STYLE_REF="2" QID="1">arch</q>
			<QW QID="1">March</QW>
			<W BOX="423 239 437 269" STYLE_REF="2" NS="y">1</W>
			<W BOX="433 240 440 270" STYLE_REF="2">,</W>
			<W BOX="451 239 505 269" STYLE_REF="2" NS="y">1858</W>
			<W BOX="505 239 512 269" STYLE_REF="2">.</W>
			<W BOX="694 239 726 269" STYLE_REF="1" NS="y">No</W>
			<W BOX="726 239 732 269" STYLE_REF="1">.</W>
			<W BOX="741 239 753 269" STYLE_REF="2" NS="y">1</W>
			<W BOX="753 239 759 269" STYLE_REF="2">.</W>
		</Primitive>
	</Content>
	<TOC_Entries><TOC_Entry TOC_ENTRY_ID="1" TITLE="Vol. I. March 1, 1858. No. 1." ENTITY_ID_REF="Ar00100" PAGE_NO="1" PAGE_LABEL="unpag" PRIM_ID_REF="Ar0010000" IS_IC="true"/></TOC_Entries></XMD-entity>
