<?xml version="1.0" encoding="windows-1252" standalone="no"?>
<XMD-entity REPOSITORY_FORMAT="1.0" PRXML_VER="2.0" ENTITY_TYPE="Article" DOC_UID="EWJ_01/03/1858" DOC_VER="1" FIRST_TOC_ENTRY_ID="1" DEPTH_LEVEL="1" INDEX_IN_DOC="1" PAGE_NO="1" ID="Ar00102" BOX="24 12 829 230" LANGUAGE="English" SNP="Ar00102S.png" SNP_WIDTH="806" SNP_HEIGHT="65" LOGICAL_NAME="true">
	<Meta NAME="THE" DESCRIPTION="" SUBTYPE="" BASE_HREF="EWJ/1858/03/01" SOURCE_TYPE="TIFF" PUBLICATION="EWJ" SECTION="Front page" ISSUE_DATE="01/03/1858" WORDCNT="10" RELEASE_NO="041-EWJ-1858-03-01-001-SINGLE" PAGE_ID="" PAGE_TYPE="Single" PAGE_WIDTH="842" PAGE_HEIGHT="1244" DEFAULT_IMG_EXT="png" PDF_DESTINATION_MAPPED="OLV0_Entity_0001_0003" IMAGES_RESOLUTION="86" XMD_VER="2.6.238.8" PAGE_LABEL="unpag"/>
	<Application_Data><Application_Info AI_TYPE="WORKING_STATUS">In Progress</Application_Info><Application_Info AI_TYPE="dc:title"/><Application_Info AI_TYPE="kc:periodicalTitle"/><Application_Info AI_TYPE="kc:actualTitle"/><Application_Info AI_TYPE="dc:source"/><Application_Info AI_TYPE="kc:volume"/><Application_Info AI_TYPE="kc:number"/><Application_Info AI_TYPE="kc:edition"/><Application_Info AI_TYPE="kc:imgDesc">geography     id:dmvi:d2e69/Africa    id:dmvi:d2e488/South Africa     id:dmvi:d2e502</Application_Info><Application_Info AI_TYPE="kc:price"/><Application_Info AI_TYPE="kc:bibliographic"><Ai_Item NAME="number contents"/></Application_Info><Application_Info AI_TYPE="kc:departmentGeneric"><Ai_Item NAME="masthead"/></Application_Info><Application_Info AI_TYPE="kc:pageSpanItem"/><Application_Info AI_TYPE="kc:departmentTitle"><Ai_Item NAME="The English Woman's Journal"/></Application_Info><Application_Info AI_TYPE="dc:description"/><Application_Info AI_TYPE="dc:format"/><Application_Info AI_TYPE="dc:subject"/><Application_Info AI_TYPE="dc:publisher"/><Application_Info AI_TYPE="kc:editor"/><Application_Info AI_TYPE="kc:NumOfEdition"/></Application_Data><Link SOURCE="041-EWJ-1858-03-01-001-SINGLE.PDF" FIRST_ID="Ar00100" LAST_ID="Ar00103" NEXT_ID="Ar00103" PREV_ID="Ar00101" TOC_ID="d:/Olive/Repository/EWJ/1858/03/01/TOC.xml"/>
	<DataFiles>
		<Files TYPE="DOC_PDF" PRESENT="1"/>
		<Files TYPE="PAGE_PDF" PRESENT="0"/>
		<Files TYPE="DOC_IMG" PRESENT="0"/>
		<Files TYPE="PAGE_IMG" PRESENT="0"/>
		<Files TYPE="PAGE_VIEW_IMG" PRESENT="1"/>
		<Files TYPE="PAGE_PREVIEW_IMG" PRESENT="1"/>
		<Files TYPE="PRIMITIVE_IMG" PRESENT="1"/>
		<Files TYPE="SNIPPET_IMG" PRESENT="1"/>
	</DataFiles>
	<Content>
		<Primitive BOX="24 12 829 77" ID="Ar0010200" SEQ_NO="0" TOC_ENTRY_ID="1" DEPTH_LEVEL="1">
			<L BOX="406 47 459 77"/>
			<W BOX="406 47 459 77" STYLE_REF="1">THE</W>
		</Primitive>
		<Primitive BOX="24 77 829 154" ID="Ar0010201" SEQ_NO="1" TOC_ENTRY_ID="1" DEPTH_LEVEL="1">
			<L BOX="74 86 786 154"/>
			<Q BOX="74 88 251 154" STYLE_REF="4" QID="1">ENGLIS</Q>
			<q BOX="253 88 284 154" STYLE_REF="4" QID="1">H</q>
			<QW QID="1">ENGLISH</QW>
			<W BOX="310 87 492 153" STYLE_REF="4" NS="y">WOMAN</W>
			<W BOX="493 87 501 153" STYLE_REF="4" NS="y">'</W>
			<W BOX="503 86 529 152" STYLE_REF="4">S</W>
			<W BOX="552 87 771 152" STYLE_REF="4" NS="y">JOURNAL</W>
			<W BOX="774 87 786 152" STYLE_REF="4">.</W>
		</Primitive>
		<Primitive BOX="24 154 829 230" ID="Ar0010202" SEQ_NO="2" TOC_ENTRY_ID="1" DEPTH_LEVEL="1">
			<L BOX="250 167 611 196"/>
			<W BOX="250 168 432 196" STYLE_REF="5">PUBLISHED</W>
			<W BOX="449 167 604 195" STYLE_REF="5" NS="y">MONTHLY</W>
			<W BOX="604 167 611 195" STYLE_REF="5">.</W>
		</Primitive>
	</Content>
	<TOC_Entries><TOC_Entry TOC_ENTRY_ID="3" TITLE="THE" ENTITY_ID_REF="Ar00102" PAGE_NO="1" PAGE_LABEL="unpag" PRIM_ID_REF="Ar0010200" IS_IC="true"/></TOC_Entries></XMD-entity>
