<?xml version="1.0" encoding="windows-1252" standalone="no"?>
<XMD-entity REPOSITORY_FORMAT="1.0" PRXML_VER="2.0" ENTITY_TYPE="Article" DOC_UID="EWJ_01/03/1858" DOC_VER="1" FIRST_TOC_ENTRY_ID="22" DEPTH_LEVEL="1" INDEX_IN_DOC="48" PAGE_NO="17" ID="Ar01701" BOX="24 12 829 91" LANGUAGE="English" SNP="Ar01701S.png" SNP_WIDTH="806" SNP_HEIGHT="80" LOGICAL_NAME="true">
	<Meta NAME="A HOUSE OF MERCY. 17" DESCRIPTION="" SUBTYPE="" BASE_HREF="EWJ/1858/03/01" SOURCE_TYPE="TIFF" PUBLICATION="EWJ" SECTION="None" ISSUE_DATE="01/03/1858" WORDCNT="6" RELEASE_NO="041-EWJ-1858-03-01-001-SINGLE" PAGE_ID="" PAGE_TYPE="Single" PAGE_WIDTH="842" PAGE_HEIGHT="1244" DEFAULT_IMG_EXT="png" PDF_DESTINATION_MAPPED="OLV0_Entity_0017_0002" IMAGES_RESOLUTION="86" XMD_VER="2.6.238.8" PAGE_LABEL="17"/>
	<Link SOURCE="041-EWJ-1858-03-01-001-SINGLE.PDF" FIRST_ID="Ar00200" LAST_ID="Ar07201" NEXT_ID="" PREV_ID="Ar01700" TOC_ID="d:/Olive/Repository/EWJ/1858/03/01/TOC.xml"/>
	<DataFiles>
		<Files TYPE="DOC_PDF" PRESENT="1"/>
		<Files TYPE="PAGE_PDF" PRESENT="0"/>
		<Files TYPE="DOC_IMG" PRESENT="0"/>
		<Files TYPE="PAGE_IMG" PRESENT="0"/>
		<Files TYPE="PAGE_VIEW_IMG" PRESENT="1"/>
		<Files TYPE="PAGE_PREVIEW_IMG" PRESENT="1"/>
		<Files TYPE="PRIMITIVE_IMG" PRESENT="1"/>
		<Files TYPE="SNIPPET_IMG" PRESENT="1"/>
	</DataFiles>
	<Content>
		<Primitive BOX="24 12 829 91" ID="Ar0170100" SEQ_NO="0" TOC_ENTRY_ID="22" DEPTH_LEVEL="1">
			<L BOX="300 51 770 79"/>
			<W BOX="300 51 314 79" STYLE_REF="5">A</W>
			<W BOX="328 51 397 79" STYLE_REF="5">HOUSE</W>
			<W BOX="412 51 438 79" STYLE_REF="5">OF</W>
			<W BOX="452 51 524 79" STYLE_REF="5" NS="y">MERCY</W>
			<W BOX="524 51 529 79" STYLE_REF="5">.</W>
			<W BOX="743 51 770 79" STYLE_REF="5">17</W>
		</Primitive>
	</Content>
	<TOC_Entries><TOC_Entry TOC_ENTRY_ID="38" TITLE="A HOUSE OF MERCY. 17" ENTITY_ID_REF="Ar01701" PAGE_NO="17" PAGE_LABEL="17" PRIM_ID_REF="Ar0170100" IS_IC="true"/></TOC_Entries></XMD-entity>
