<?xml version="1.0" encoding="windows-1252" standalone="no"?>
<XMD-PAGE REPOSITORY_FORMAT="1.0" PRXML_VER="2.0">
	<Meta ISSUE_DATE="01/03/1858" RELEASE_NO="041-EWJ-1858-03-01-001-SINGLE" PAGE_NO="17" NAME="" PAGE_LABEL="17" PAGE_TYPE="Single" PUBLISHER="Olive" PUBLICATION="EWJ" SOURCE_TYPE="TIFF" SOURCE_RESOLUTION="72" IMAGES_RESOLUTION="86" PAGE_THUMBNAIL_RESOLUTION="86" PAGE_PREVIEW_RESOLUTION="15" DEFAULT_IMG_EXT="png" IMG_EXT="png" PREVIEW_IMG_EXT="png" XMD_VER="2.6.238.8" PROFILE_ID="D:\pdfs\EWJ\XMD_EWJ.ini" SECTION="None" PAGE_WIDTH="842" PAGE_HEIGHT="1244" PAGES_NUMBER="72" BASE_HREF="EWJ/1858/03/01" PDF_DESTINATION_MAPPED="OLV0_Page_0017">
		<Resolutions>
			<Resolution DEFAULT="true">86</Resolution>
		</Resolutions>
	</Meta>
	<Link SOURCE="041-EWJ-1858-03-01-001-SINGLE.PDF" NEXT_SECTION="" PREV_SECTION="1"/>
	<DataFiles>
		<Files TYPE="DOC_PDF" PRESENT="1"/>
		<Files TYPE="PAGE_PDF" PRESENT="0"/>
		<Files TYPE="DOC_IMG" PRESENT="0"/>
		<Files TYPE="PAGE_IMG" PRESENT="0"/>
		<Files TYPE="PAGE_VIEW_IMG" PRESENT="1"/>
		<Files TYPE="PAGE_PREVIEW_IMG" PRESENT="1"/>
		<Files TYPE="PRIMITIVE_IMG" PRESENT="1"/>
		<Files TYPE="SNIPPET_IMG" PRESENT="1"/>
	</DataFiles>
	<Entity ENTITY_TYPE="Article" FIRST_TOC_ENTRY_ID="18" INDEX_IN_DOC="34" DEPTH_LEVEL="1" ID="Ar01700" SIZE="XLarge" BOX="23 91 828 1237" NEXT_SECTION="" PREV_SECTION="1" CONTINUATION_TO="Ar01800" CONTINUATION_FROM="Ar01600" FIRST_CHUNK="Ar01303" IMAGES_RESOLUTION="86" LOGICAL_NAME="true">
		<Name>. at A few This High days institution ga...</Name>
		<Primitive ID="Ar0170000" BOX="23 91 828 148" ELEMENT_TYPE="Content" SEQ_NO="0" TOC_ENTRY_ID="18" DEPTH_LEVEL="1"/>
		<Primitive ID="Ar0170001" BOX="23 142 828 195" ELEMENT_TYPE="Content" SEQ_NO="1" TOC_ENTRY_ID="18" DEPTH_LEVEL="1"/>
		<Primitive ID="Ar0170002" BOX="23 187 828 243" ELEMENT_TYPE="Content" SEQ_NO="2" TOC_ENTRY_ID="18" DEPTH_LEVEL="1"/>
		<Primitive ID="Ar0170003" BOX="23 234 828 289" ELEMENT_TYPE="Content" SEQ_NO="3" TOC_ENTRY_ID="18" DEPTH_LEVEL="1"/>
		<Primitive ID="Ar0170004" BOX="23 281 828 338" ELEMENT_TYPE="Content" SEQ_NO="4" TOC_ENTRY_ID="18" DEPTH_LEVEL="1"/>
		<Primitive ID="Ar0170005" BOX="23 328 828 383" ELEMENT_TYPE="Content" SEQ_NO="5" TOC_ENTRY_ID="18" DEPTH_LEVEL="1"/>
		<Primitive ID="Ar0170006" BOX="23 375 828 430" ELEMENT_TYPE="Content" SEQ_NO="6" TOC_ENTRY_ID="18" DEPTH_LEVEL="1"/>
		<Primitive ID="Ar0170007" BOX="23 422 828 477" ELEMENT_TYPE="Content" SEQ_NO="7" TOC_ENTRY_ID="18" DEPTH_LEVEL="1"/>
		<Primitive ID="Ar0170008" BOX="23 469 828 525" ELEMENT_TYPE="Content" SEQ_NO="8" TOC_ENTRY_ID="18" DEPTH_LEVEL="1"/>
		<Primitive ID="Ar0170009" BOX="23 517 828 572" ELEMENT_TYPE="Content" SEQ_NO="9" TOC_ENTRY_ID="18" DEPTH_LEVEL="1"/>
		<Primitive ID="Ar0170010" BOX="23 564 828 619" ELEMENT_TYPE="Content" SEQ_NO="10" TOC_ENTRY_ID="18" DEPTH_LEVEL="1"/>
		<Primitive ID="Ar0170011" BOX="23 611 828 666" ELEMENT_TYPE="Content" SEQ_NO="11" TOC_ENTRY_ID="18" DEPTH_LEVEL="1"/>
		<Primitive ID="Ar0170012" BOX="23 657 828 713" ELEMENT_TYPE="Content" SEQ_NO="12" TOC_ENTRY_ID="18" DEPTH_LEVEL="1"/>
		<Primitive ID="Ar0170013" BOX="23 707 828 761" ELEMENT_TYPE="Content" SEQ_NO="13" TOC_ENTRY_ID="18" DEPTH_LEVEL="1"/>
		<Primitive ID="Ar0170014" BOX="23 752 828 808" ELEMENT_TYPE="Content" SEQ_NO="14" TOC_ENTRY_ID="18" DEPTH_LEVEL="1"/>
		<Primitive ID="Ar0170015" BOX="23 799 828 855" ELEMENT_TYPE="Content" SEQ_NO="15" TOC_ENTRY_ID="18" DEPTH_LEVEL="1"/>
		<Primitive ID="Ar0170016" BOX="23 846 828 926" ELEMENT_TYPE="Content" SEQ_NO="16" TOC_ENTRY_ID="18" DEPTH_LEVEL="1"/>
		<Primitive ID="Ar0170017" BOX="23 916 828 997" ELEMENT_TYPE="Content" SEQ_NO="17" TOC_ENTRY_ID="18" DEPTH_LEVEL="1"/>
		<Primitive ID="Ar0170018" BOX="23 987 828 1046" ELEMENT_TYPE="Content" SEQ_NO="18" TOC_ENTRY_ID="18" DEPTH_LEVEL="1"/>
		<Primitive ID="Ar0170019" BOX="23 1034 828 1101" ELEMENT_TYPE="Content" SEQ_NO="19" TOC_ENTRY_ID="18" DEPTH_LEVEL="1"/>
		<Primitive ID="Ar0170020" BOX="23 1090 828 1140" ELEMENT_TYPE="Content" SEQ_NO="20" TOC_ENTRY_ID="18" DEPTH_LEVEL="1"/>
		<Primitive ID="Ar0170021" BOX="23 1128 828 1188" ELEMENT_TYPE="Content" SEQ_NO="21" TOC_ENTRY_ID="18" DEPTH_LEVEL="1"/>
		<Primitive ID="Ar0170022" BOX="23 1176 828 1210" ELEMENT_TYPE="Content" SEQ_NO="22" TOC_ENTRY_ID="18" DEPTH_LEVEL="1"/>
		<Primitive ID="Ar0170023" BOX="23 1210 828 1237" ELEMENT_TYPE="Content" SEQ_NO="23" TOC_ENTRY_ID="18" DEPTH_LEVEL="1"/>
	</Entity>
	<Entity ENTITY_TYPE="Article" FIRST_TOC_ENTRY_ID="22" INDEX_IN_DOC="48" DEPTH_LEVEL="1" ID="Ar01701" SIZE="Small" BOX="24 12 829 91" NEXT_SECTION="" PREV_SECTION="1" IMAGES_RESOLUTION="86" LOGICAL_NAME="true">
		<Name>A HOUSE OF MERCY. 17</Name>
		<Primitive ID="Ar0170100" BOX="24 12 829 91" ELEMENT_TYPE="Content" SEQ_NO="0" TOC_ENTRY_ID="22" DEPTH_LEVEL="1"/>
	</Entity>
</XMD-PAGE>