<?xml version="1.0" encoding="windows-1252" standalone="no"?>
<XMD-entity REPOSITORY_FORMAT="1.0" PRXML_VER="2.0" ENTITY_TYPE="Article" DOC_UID="EWJ_01/04/1858" DOC_VER="1" FIRST_TOC_ENTRY_ID="43" DEPTH_LEVEL="1" INDEX_IN_DOC="85" PAGE_NO="34" ID="Ar03401" BOX="24 12 811 89" LANGUAGE="English" SNP="Ar03401S.png" SNP_WIDTH="788" SNP_HEIGHT="77" LOGICAL_NAME="true">
	<Meta NAME="106 MY GREAT AUNT POLLY' S ELOPEMENT." DESCRIPTION="" SUBTYPE="" BASE_HREF="EWJ/1858/04/01" SOURCE_TYPE="TIFF" PUBLICATION="EWJ" SECTION="None" ISSUE_DATE="01/04/1858" WORDCNT="9" RELEASE_NO="041-EWJ-1858-04-01-001-SINGLE" PAGE_ID="" PAGE_TYPE="Single" PAGE_WIDTH="823" PAGE_HEIGHT="1239" DEFAULT_IMG_EXT="png" PDF_DESTINATION_MAPPED="OLV0_Entity_0034_0002" IMAGES_RESOLUTION="86" XMD_VER="2.6.238.8" PAGE_LABEL="106"/>
	<Link SOURCE="041-EWJ-1858-04-01-001-SINGLE.PDF" FIRST_ID="Ar00200" LAST_ID="Ar07201" NEXT_ID="" PREV_ID="Ar03400" TOC_ID="d:/Olive/Repository/EWJ/1858/04/01/TOC.xml"/>
	<DataFiles>
		<Files TYPE="DOC_PDF" PRESENT="1"/>
		<Files TYPE="PAGE_PDF" PRESENT="0"/>
		<Files TYPE="DOC_IMG" PRESENT="0"/>
		<Files TYPE="PAGE_IMG" PRESENT="0"/>
		<Files TYPE="PAGE_VIEW_IMG" PRESENT="1"/>
		<Files TYPE="PAGE_PREVIEW_IMG" PRESENT="1"/>
		<Files TYPE="PRIMITIVE_IMG" PRESENT="1"/>
		<Files TYPE="SNIPPET_IMG" PRESENT="1"/>
	</DataFiles>
	<Content>
		<Primitive BOX="24 12 811 89" ID="Ar0340100" SEQ_NO="0" TOC_ENTRY_ID="43" DEPTH_LEVEL="1">
			<L BOX="53 41 625 85"/>
			<W BOX="53 47 89 85" STYLE_REF="25">106</W>
			<W BOX="187 46 219 85" STYLE_REF="25">MY</W>
			<W BOX="231 45 302 84" STYLE_REF="25">GREAT</W>
			<W BOX="314 45 372 84" STYLE_REF="25">AUNT</W>
			<W BOX="386 45 455 83" STYLE_REF="25" NS="y">POLLY</W>
			<W BOX="453 41 472 80" STYLE_REF="25">'</W>
			<W BOX="459 44 471 83" STYLE_REF="25">S</W>
			<W BOX="482 43 608 81" STYLE_REF="25" NS="y">ELOPEMENT</W>
			<W BOX="608 43 625 81" STYLE_REF="25">.</W>
		</Primitive>
	</Content>
	<TOC_Entries><TOC_Entry TOC_ENTRY_ID="74" TITLE="106 MY GREAT AUNT POLLY' S ELOPEMENT." ENTITY_ID_REF="Ar03401" PAGE_NO="34" PAGE_LABEL="106" PRIM_ID_REF="Ar0340100" IS_IC="true"/></TOC_Entries></XMD-entity>
