<?xml version="1.0" encoding="windows-1252" standalone="no"?>
<XMD-entity REPOSITORY_FORMAT="1.0" PRXML_VER="2.0" ENTITY_TYPE="Article" DOC_UID="EWJ_01/04/1858" DOC_VER="1" FIRST_TOC_ENTRY_ID="6" DEPTH_LEVEL="1" INDEX_IN_DOC="12" PAGE_NO="3" ID="Ar00301" BOX="24 12 811 86" LANGUAGE="English" SNP="Ar00301S.png" SNP_WIDTH="788" SNP_HEIGHT="74" LOGICAL_NAME="true">
	<Meta NAME="FLORENCE NIGHTINGALE AND THE ENGLISH SOL..." DESCRIPTION="" SUBTYPE="" BASE_HREF="EWJ/1858/04/01" SOURCE_TYPE="TIFF" PUBLICATION="EWJ" SECTION="None" ISSUE_DATE="01/04/1858" WORDCNT="8" RELEASE_NO="041-EWJ-1858-04-01-001-SINGLE" PAGE_ID="" PAGE_TYPE="Single" PAGE_WIDTH="823" PAGE_HEIGHT="1239" DEFAULT_IMG_EXT="png" PDF_DESTINATION_MAPPED="OLV0_Entity_0003_0002" IMAGES_RESOLUTION="86" XMD_VER="2.6.238.8" PAGE_LABEL="75"/>
	<Link SOURCE="041-EWJ-1858-04-01-001-SINGLE.PDF" FIRST_ID="Ar00200" LAST_ID="Ar07201" NEXT_ID="" PREV_ID="Ar00300" TOC_ID="d:/Olive/Repository/EWJ/1858/04/01/TOC.xml"/>
	<DataFiles>
		<Files TYPE="DOC_PDF" PRESENT="1"/>
		<Files TYPE="PAGE_PDF" PRESENT="0"/>
		<Files TYPE="DOC_IMG" PRESENT="0"/>
		<Files TYPE="PAGE_IMG" PRESENT="0"/>
		<Files TYPE="PAGE_VIEW_IMG" PRESENT="1"/>
		<Files TYPE="PAGE_PREVIEW_IMG" PRESENT="1"/>
		<Files TYPE="PRIMITIVE_IMG" PRESENT="1"/>
		<Files TYPE="SNIPPET_IMG" PRESENT="1"/>
	</DataFiles>
	<Content>
		<Primitive BOX="24 12 811 86" ID="Ar0030100" SEQ_NO="0" TOC_ENTRY_ID="6" DEPTH_LEVEL="1">
			<L BOX="120 54 763 79"/>
			<W BOX="120 54 227 78" STYLE_REF="7">FLORENCE</W>
			<W BOX="240 54 387 78" STYLE_REF="7">NIGHTINGALE</W>
			<W BOX="400 54 443 77" STYLE_REF="7">AND</W>
			<W BOX="456 54 497 77" STYLE_REF="7">THE</W>
			<W BOX="512 54 604 77" STYLE_REF="7">ENGLISH</W>
			<W BOX="617 55 704 78" STYLE_REF="7" NS="y">SOLDIEB</W>
			<W BOX="704 55 710 78" STYLE_REF="7">.</W>
			<W BOX="735 55 763 79" STYLE_REF="7">75</W>
		</Primitive>
	</Content>
	<TOC_Entries><TOC_Entry TOC_ENTRY_ID="8" TITLE="FLORENCE NIGHTINGALE AND THE ENGLISH SOL..." ENTITY_ID_REF="Ar00301" PAGE_NO="3" PAGE_LABEL="75" PRIM_ID_REF="Ar0030100" IS_IC="true"/></TOC_Entries></XMD-entity>
