<?xml version="1.0" encoding="windows-1252" standalone="no"?>
<XMD-entity REPOSITORY_FORMAT="1.0" PRXML_VER="2.0" ENTITY_TYPE="Article" DOC_UID="EWJ_01/03/1858" DOC_VER="1" FIRST_TOC_ENTRY_ID="32" DEPTH_LEVEL="1" INDEX_IN_DOC="58" PAGE_NO="27" ID="Ar02701" BOX="24 12 829 102" LANGUAGE="English" SNP="Ar02701S.png" SNP_WIDTH="806" SNP_HEIGHT="91" LOGICAL_NAME="true">
	<Meta NAME="A HOUSE OF MERCY. 27" DESCRIPTION="" SUBTYPE="" BASE_HREF="EWJ/1858/03/01" SOURCE_TYPE="TIFF" PUBLICATION="EWJ" SECTION="None" ISSUE_DATE="01/03/1858" WORDCNT="6" RELEASE_NO="041-EWJ-1858-03-01-001-SINGLE" PAGE_ID="" PAGE_TYPE="Single" PAGE_WIDTH="842" PAGE_HEIGHT="1244" DEFAULT_IMG_EXT="png" PDF_DESTINATION_MAPPED="OLV0_Entity_0027_0002" IMAGES_RESOLUTION="86" XMD_VER="2.6.238.8" PAGE_LABEL="27"/>
	<Link SOURCE="041-EWJ-1858-03-01-001-SINGLE.PDF" FIRST_ID="Ar00200" LAST_ID="Ar07201" NEXT_ID="" PREV_ID="Ar02700" TOC_ID="d:/Olive/Repository/EWJ/1858/03/01/TOC.xml"/>
	<DataFiles>
		<Files TYPE="DOC_PDF" PRESENT="1"/>
		<Files TYPE="PAGE_PDF" PRESENT="0"/>
		<Files TYPE="DOC_IMG" PRESENT="0"/>
		<Files TYPE="PAGE_IMG" PRESENT="0"/>
		<Files TYPE="PAGE_VIEW_IMG" PRESENT="1"/>
		<Files TYPE="PAGE_PREVIEW_IMG" PRESENT="1"/>
		<Files TYPE="PRIMITIVE_IMG" PRESENT="1"/>
		<Files TYPE="SNIPPET_IMG" PRESENT="1"/>
	</DataFiles>
	<Content>
		<Primitive BOX="24 12 829 102" ID="Ar0270100" SEQ_NO="0" TOC_ENTRY_ID="32" DEPTH_LEVEL="1">
			<L BOX="307 68 780 92"/>
			<W BOX="307 69 323 92" STYLE_REF="7">A</W>
			<W BOX="336 69 405 92" STYLE_REF="7">HOUSE</W>
			<W BOX="419 68 446 92" STYLE_REF="7">OF</W>
			<W BOX="459 68 533 92" STYLE_REF="7" NS="y">MERCY</W>
			<W BOX="533 68 538 92" STYLE_REF="7">.</W>
			<W BOX="752 68 780 92" STYLE_REF="7">27</W>
		</Primitive>
	</Content>
	<TOC_Entries><TOC_Entry TOC_ENTRY_ID="58" TITLE="A HOUSE OF MERCY. 27" ENTITY_ID_REF="Ar02701" PAGE_NO="27" PAGE_LABEL="27" PRIM_ID_REF="Ar0270100" IS_IC="true"/></TOC_Entries></XMD-entity>
