<?xml version="1.0" encoding="windows-1252" standalone="no"?>
<XMD-entity REPOSITORY_FORMAT="1.0" PRXML_VER="2.0" ENTITY_TYPE="Article" DOC_UID="EWJ_01/03/1858" DOC_VER="1" FIRST_TOC_ENTRY_ID="11" DEPTH_LEVEL="1" INDEX_IN_DOC="23" PAGE_NO="8" ID="Ar00801" BOX="24 12 829 62" LANGUAGE="English" SNP="Ar00801S.png" SNP_WIDTH="806" SNP_HEIGHT="51" LOGICAL_NAME="true">
	<Meta NAME="8 THE PROFESSION OF THE TEACHEK." DESCRIPTION="" SUBTYPE="" BASE_HREF="EWJ/1858/03/01" SOURCE_TYPE="TIFF" PUBLICATION="EWJ" SECTION="None" ISSUE_DATE="01/03/1858" WORDCNT="7" RELEASE_NO="041-EWJ-1858-03-01-001-SINGLE" PAGE_ID="" PAGE_TYPE="Single" PAGE_WIDTH="842" PAGE_HEIGHT="1244" DEFAULT_IMG_EXT="png" PDF_DESTINATION_MAPPED="OLV0_Entity_0008_0002" IMAGES_RESOLUTION="86" XMD_VER="2.6.238.8" PAGE_LABEL="8"/>
	<Link SOURCE="041-EWJ-1858-03-01-001-SINGLE.PDF" FIRST_ID="Ar00200" LAST_ID="Ar07201" NEXT_ID="" PREV_ID="Ar00800" TOC_ID="d:/Olive/Repository/EWJ/1858/03/01/TOC.xml"/>
	<DataFiles>
		<Files TYPE="DOC_PDF" PRESENT="1"/>
		<Files TYPE="PAGE_PDF" PRESENT="0"/>
		<Files TYPE="DOC_IMG" PRESENT="0"/>
		<Files TYPE="PAGE_IMG" PRESENT="0"/>
		<Files TYPE="PAGE_VIEW_IMG" PRESENT="1"/>
		<Files TYPE="PAGE_PREVIEW_IMG" PRESENT="1"/>
		<Files TYPE="PRIMITIVE_IMG" PRESENT="1"/>
		<Files TYPE="SNIPPET_IMG" PRESENT="1"/>
	</DataFiles>
	<Content>
		<Primitive BOX="24 12 829 62" ID="Ar0080100" SEQ_NO="0" TOC_ENTRY_ID="11" DEPTH_LEVEL="1">
			<L BOX="85 28 642 55"/>
			<W BOX="85 32 97 55" STYLE_REF="7">8</W>
			<W BOX="241 32 284 55" STYLE_REF="7">THE</W>
			<W BOX="298 30 426 54" STYLE_REF="7">PROFESSION</W>
			<W BOX="439 30 467 53" STYLE_REF="7">OF</W>
			<W BOX="480 29 523 53" STYLE_REF="7">THE</W>
			<W BOX="537 28 636 52" STYLE_REF="7" NS="y">TEACHEK</W>
			<W BOX="636 28 642 52" STYLE_REF="7">.</W>
		</Primitive>
	</Content>
	<TOC_Entries><TOC_Entry TOC_ENTRY_ID="18" TITLE="8 THE PROFESSION OF THE TEACHEK." ENTITY_ID_REF="Ar00801" PAGE_NO="8" PAGE_LABEL="8" PRIM_ID_REF="Ar0080100" IS_IC="true"/></TOC_Entries></XMD-entity>
