<?xml version="1.0" encoding="windows-1252" standalone="no"?>
<XMD-entity REPOSITORY_FORMAT="1.0" PRXML_VER="2.0" ENTITY_TYPE="Article" FIRST_TOC_ENTRY_ID="4" DEPTH_LEVEL="1" INDEX_IN_DOC="11" PAGE_NO="8" ID="Ar00800" BOX="24 62 829 1219" LANGUAGE="English" CONTINUATION_TO="Ar00900" CONTINUATION_FROM="Ar00700" LOGICAL_NAME="true">
	<Meta NAME="The Annual Reports of the Governesses' B..." DESCRIPTION="" SUBTYPE="" BASE_HREF="EWJ/1858/03/01" SOURCE_TYPE="TIFF" PUBLICATION="EWJ" SECTION="None" ISSUE_DATE="01/03/1858" WORDCNT="615" RELEASE_NO="041-EWJ-1858-03-01-001-SINGLE" PAGE_ID="" PAGE_TYPE="Single" PAGE_WIDTH="842" PAGE_HEIGHT="1244" DEFAULT_IMG_EXT="png" PDF_DESTINATION_MAPPED="OLV0_Entity_0008_0001" IMAGES_RESOLUTION="86" XMD_VER="2.6.238.8" PAGE_LABEL="8"/>
	<Link SOURCE="041-EWJ-1858-03-01-001-SINGLE.PDF" FIRST_ID="Ar00200" LAST_ID="Ar07201" NEXT_ID="Ar00801" PREV_ID="" TOC_ID="d:/Olive/Repository/EWJ/1858/03/01/TOC.xml"/>
	<DataFiles>
		<Files TYPE="DOC_PDF" PRESENT="1"/>
		<Files TYPE="PAGE_PDF" PRESENT="0"/>
		<Files TYPE="DOC_IMG" PRESENT="0"/>
		<Files TYPE="PAGE_IMG" PRESENT="0"/>
		<Files TYPE="PAGE_VIEW_IMG" PRESENT="1"/>
		<Files TYPE="PAGE_PREVIEW_IMG" PRESENT="1"/>
		<Files TYPE="PRIMITIVE_IMG" PRESENT="1"/>
		<Files TYPE="SNIPPET_IMG" PRESENT="1"/>
	</DataFiles>
	<Content>
		<Primitive BOX="24 62 829 148" ID="Ar0080000" SEQ_NO="0" TOC_ENTRY_ID="4" DEPTH_LEVEL="1">
			<L BOX="85 67 796 101"/>
			<W BOX="85 72 131 100" STYLE_REF="5" NS="y">with</W>
			<W BOX="131 72 137 100" STYLE_REF="5">,</W>
			<W BOX="145 73 186 101" STYLE_REF="5">two</W>
			<W BOX="191 73 211 101" STYLE_REF="5">or</W>
			<W BOX="219 73 272 101" STYLE_REF="5">more</W>
			<Q BOX="279 72 325 100" STYLE_REF="5" QID="1">forei</Q>
			<q BOX="326 72 351 100" STYLE_REF="5" QID="1">gn</q>
			<QW QID="1">foreign</QW>
			<W BOX="359 71 461 99" STYLE_REF="5" NS="y">languages</W>
			<W BOX="463 71 468 99" STYLE_REF="5">,</W>
			<W BOX="476 70 513 98" STYLE_REF="5">and</W>
			<W BOX="521 70 540 98" STYLE_REF="5">to</W>
			<W BOX="548 70 571 98" STYLE_REF="5">be</W>
			<W BOX="579 69 658 97" STYLE_REF="5">marked</W>
			<W BOX="665 68 686 96" STYLE_REF="5">in</W>
			<W BOX="695 67 746 96" STYLE_REF="5">dress</W>
			<W BOX="760 67 796 95" STYLE_REF="5">and</W>
			<L BOX="83 90 797 148"/>
			<W BOX="83 99 162 124" STYLE_REF="14">manner</W>
			<W BOX="85 120 158 148" STYLE_REF="5">capable</W>
			<W BOX="168 96 182 125" STYLE_REF="5">b</W>
			<W BOX="175 120 193 148" STYLE_REF="5">of</W>
			<W BOX="181 96 195 125" STYLE_REF="5">y</W>
			<W BOX="203 96 230 124" STYLE_REF="5">all</W>
			<W BOX="207 120 295 148" STYLE_REF="5">teaching</W>
			<W BOX="237 96 270 124" STYLE_REF="5">the</W>
			<W BOX="278 95 365 124" STYLE_REF="5">elegance</W>
			<W BOX="307 118 380 146" STYLE_REF="5">Horace</W>
			<W BOX="376 94 394 123" STYLE_REF="5">of</W>
			<W BOX="388 118 409 146" STYLE_REF="5">to</W>
			<W BOX="409 94 420 123" STYLE_REF="5">a</W>
			<W BOX="417 117 467 145" STYLE_REF="5">little</W>
			<Q BOX="432 94 455 123" STYLE_REF="5" QID="2">hi</Q>
			<Q BOX="453 95 467 123" STYLE_REF="5" QID="2">g</Q>
			<q BOX="466 93 489 122" STYLE_REF="5" QID="2">hl</q>
			<QW QID="2">highl</QW>
			<W BOX="478 116 528 144" STYLE_REF="5">Lord</W>
			<Q BOX="487 93 500 122" STYLE_REF="5" QID="3">y</Q>
			<Q BOX="500 93 508 122" STYLE_REF="5" LH="y" QID="3">-</Q>
			<q BOX="508 93 554 122" STYLE_REF="5" QID="3">bred</q>
			<QW QID="3">y-bred</QW>
			<Q BOX="541 116 558 144" STYLE_REF="5" QID="4">E</Q>
			<q BOX="558 116 622 144" STYLE_REF="5" QID="4">dward</q>
			<QW QID="4">Edward</QW>
			<W BOX="560 93 606 121" STYLE_REF="5" NS="y">lady</W>
			<W BOX="606 93 612 121" STYLE_REF="5">.</W>
			<W BOX="637 115 674 143" STYLE_REF="5">and</W>
			<W BOX="637 92 687 120" STYLE_REF="5">Such</W>
			<W BOX="687 114 705 142" STYLE_REF="5">of</W>
			<W BOX="695 92 706 120" STYLE_REF="5">a</W>
			<W BOX="715 90 788 118" STYLE_REF="5">woman</W>
			<W BOX="718 113 797 142" STYLE_REF="5">reading</W>
			<W BOX="788 90 795 118" STYLE_REF="5">,</W>
		</Primitive>
		<Primitive BOX="24 137 829 195" ID="Ar0080001" SEQ_NO="1" TOC_ENTRY_ID="4" DEPTH_LEVEL="1">
			<L BOX="624 115 629 144"/>
			<W BOX="624 115 629 144" STYLE_REF="5">,</W>
			<L BOX="84 137 797 195"/>
			<W BOX="84 167 136 195" STYLE_REF="5">what</W>
			<W BOX="85 143 147 171" STYLE_REF="5">Dante</W>
			<W BOX="149 167 166 195" STYLE_REF="5">is</W>
			<W BOX="155 143 191 171" STYLE_REF="5">and</W>
			<W BOX="179 167 286 195" STYLE_REF="5">considered</W>
			<W BOX="204 143 281 171" STYLE_REF="5">Schiller</W>
			<W BOX="292 142 339 170" STYLE_REF="5">with</W>
			<W BOX="304 165 325 193" STYLE_REF="5">to</W>
			<W BOX="340 165 364 193" STYLE_REF="5">be</W>
			<W BOX="350 141 416 170" STYLE_REF="5">young</W>
			<W BOX="378 164 469 193" STYLE_REF="5">relativel</W>
			<Q BOX="424 141 465 169" STYLE_REF="5" QID="5">Lad</Q>
			<q BOX="465 141 479 169" STYLE_REF="5" QID="5">y</q>
			<QW QID="5">Lady</QW>
			<W BOX="467 164 481 192" STYLE_REF="5" NS="y">y</W>
			<W BOX="481 164 489 192" STYLE_REF="5">,</W>
			<W BOX="487 139 567 167" STYLE_REF="5">Isabella</W>
			<W BOX="501 163 516 191" STYLE_REF="5">if</W>
			<W BOX="529 163 563 191" STYLE_REF="5">not</W>
			<W BOX="567 140 573 168" STYLE_REF="5">,</W>
			<W BOX="576 162 667 190" STYLE_REF="5">absolutel</W>
			<W BOX="581 138 623 166" STYLE_REF="5">will</W>
			<W BOX="630 138 724 166" STYLE_REF="5">probably</W>
			<W BOX="668 161 683 189" STYLE_REF="5" NS="y">y</W>
			<W BOX="683 161 690 189" STYLE_REF="5">,</W>
			<W BOX="701 161 712 189" STYLE_REF="5">a</W>
			<W BOX="728 163 739 191" STYLE_REF="5">"</W>
			<W BOX="731 137 795 165" STYLE_REF="5">secure</W>
			<W BOX="747 160 797 188" STYLE_REF="5">good</W>
			<L BOX="704 184 785 212"/>
			<W BOX="704 184 721 212" STYLE_REF="5">is</W>
			<W BOX="737 184 785 212" STYLE_REF="5">easil</W>
		</Primitive>
		<Primitive BOX="24 184 829 256" ID="Ar0080002" SEQ_NO="2" TOC_ENTRY_ID="4" DEPTH_LEVEL="1">
			<L BOX="84 184 796 219"/>
			<Q BOX="84 190 105 219" STYLE_REF="5" QID="6">sa</Q>
			<q BOX="104 190 143 219" STYLE_REF="5" NS="y" QID="6">lary</q>
			<QW QID="6">salary</QW>
			<W BOX="143 190 151 219" STYLE_REF="5" NS="y">.</W>
			<W BOX="153 190 163 218" STYLE_REF="5">"</W>
			<W BOX="188 190 257 218" STYLE_REF="5">Where</W>
			<W BOX="275 189 320 217" STYLE_REF="5">then</W>
			<W BOX="336 188 378 216" STYLE_REF="5">falls</W>
			<W BOX="395 188 430 216" STYLE_REF="5">the</W>
			<W BOX="445 187 502 215" STYLE_REF="5">strain</W>
			<W BOX="510 187 518 215" STYLE_REF="5">?</W>
			<W BOX="545 185 585 214" STYLE_REF="5">The</W>
			<W BOX="602 185 687 213" STYLE_REF="5">question</W>
			<W BOX="782 184 796 212" STYLE_REF="5">y</W>
			<L BOX="84 207 799 265"/>
			<W BOX="84 237 128 265" STYLE_REF="5">who</W>
			<W BOX="84 214 168 242" STYLE_REF="5">answere</W>
			<W BOX="142 237 188 265" STYLE_REF="5">born</W>
			<W BOX="169 214 180 242" STYLE_REF="5">d</W>
			<W BOX="188 213 193 241" STYLE_REF="5">;</W>
			<W BOX="202 237 222 265" STYLE_REF="5">in</W>
			<W BOX="207 213 221 241" STYLE_REF="5">it</W>
			<W BOX="234 237 268 265" STYLE_REF="5">the</W>
			<W BOX="237 213 280 241" STYLE_REF="5">falls</W>
			<W BOX="279 236 350 264" STYLE_REF="5">middle</W>
			<W BOX="294 213 346 241" STYLE_REF="5">upon</W>
			<W BOX="357 212 392 240" STYLE_REF="5">the</W>
			<W BOX="362 235 411 263" STYLE_REF="5">class</W>
			<W BOX="404 210 502 239" STYLE_REF="5">hundreds</W>
			<W BOX="428 234 468 262" STYLE_REF="5">live</W>
			<W BOX="478 234 493 262" STYLE_REF="5">b</W>
			<W BOX="516 209 552 237" STYLE_REF="5">and</W>
			<W BOX="516 232 540 261" STYLE_REF="5">its</W>
			<W BOX="554 231 668 260" STYLE_REF="5">instruction</W>
			<W BOX="568 208 673 236" STYLE_REF="5">thousands</W>
			<W BOX="674 230 679 258" STYLE_REF="5">;</W>
			<W BOX="689 208 707 236" STYLE_REF="5">of</W>
			<W BOX="697 230 747 258" STYLE_REF="5">upon</W>
			<W BOX="723 207 799 235" STYLE_REF="5">women</W>
			<W BOX="763 230 797 258" STYLE_REF="5">the</W>
			<L BOX="493 234 506 262"/>
			<W BOX="493 234 506 262" STYLE_REF="5">y</W>
		</Primitive>
		<Primitive BOX="24 244 829 350" ID="Ar0080003" SEQ_NO="3" TOC_ENTRY_ID="4" DEPTH_LEVEL="1">
			<L BOX="85 234 798 289"/>
			<W BOX="85 263 121 288" STYLE_REF="14" NS="y">dau</W>
			<S S_TYPE="SUB">
				<W BOX="129 237 134 265" STYLE_REF="5">,</W>
			</S>
			<Q BOX="135 261 157 289" STYLE_REF="5" QID="7">ht</Q>
			<q BOX="157 263 187 288" STYLE_REF="14" QID="7">ers</q>
			<QW QID="7">hters</QW>
			<W BOX="196 263 213 288" STYLE_REF="14">of</W>
			<Q BOX="236 260 276 288" STYLE_REF="5" QID="8">rofe</Q>
			<Q BOX="276 260 286 288" STYLE_REF="5" QID="8">s</Q>
			<q BOX="285 259 343 287" STYLE_REF="5" QID="8">sional</q>
			<QW QID="8">rofessional</QW>
			<Q BOX="352 258 395 287" STYLE_REF="5" QID="9">men</Q>
			<q BOX="409 258 453 286" STYLE_REF="5" QID="9">who</q>
			<QW QID="9">menwho</QW>
			<W BOX="411 234 417 263" STYLE_REF="5">,</W>
			<W BOX="466 256 555 285" STYLE_REF="5">educated</W>
			<W BOX="563 255 677 283" STYLE_REF="5">themselves</W>
			<W BOX="684 254 705 282" STYLE_REF="5">in</W>
			<W BOX="712 254 746 282" STYLE_REF="5">the</W>
			<Q BOX="754 254 789 282" STYLE_REF="5" QID="10">con</Q>
			<Q BOX="789 254 798 282" STYLE_REF="5" QID="10">-</Q>
			<L BOX="83 257 796 354"/>
			<q BOX="83 308 117 336" STYLE_REF="5" QID="10">the</q>
			<QW QID="10">conthe</QW>
			<W BOX="84 284 182 312" STYLE_REF="5">ventional</W>
			<W BOX="122 261 136 289" STYLE_REF="5">g</W>
			<W BOX="125 307 177 335" STYLE_REF="5" NS="y">death</W>
			<W BOX="177 307 183 335" STYLE_REF="5">,</W>
			<W BOX="189 307 207 335" STYLE_REF="5">of</W>
			<W BOX="194 284 262 312" STYLE_REF="5">degree</W>
			<W BOX="216 307 227 335" STYLE_REF="5">a</W>
			<W BOX="222 261 235 289" STYLE_REF="5">p</W>
			<W BOX="235 307 304 335" STYLE_REF="5">parent</W>
			<W BOX="278 282 296 311" STYLE_REF="5">of</W>
			<W BOX="304 306 310 334" STYLE_REF="5">,</W>
			<W BOX="310 282 398 310" STYLE_REF="5">knowled</W>
			<W BOX="318 305 339 334" STYLE_REF="5">or</W>
			<W BOX="346 305 379 334" STYLE_REF="5">the</W>
			<W BOX="386 304 452 333" STYLE_REF="5">failure</W>
			<W BOX="396 258 401 287" STYLE_REF="5">,</W>
			<W BOX="398 282 423 310" STYLE_REF="5">ge</W>
			<W BOX="433 281 469 309" STYLE_REF="5">and</W>
			<W BOX="453 257 458 286" STYLE_REF="5">,</W>
			<W BOX="466 304 484 333" STYLE_REF="5">of</W>
			<W BOX="478 280 553 308" STYLE_REF="5">accomp</W>
			<W BOX="497 303 520 331" STYLE_REF="5">an</W>
			<W BOX="512 326 536 354" STYLE_REF="5">its</W>
			<W BOX="532 302 645 330" STYLE_REF="5">investment</W>
			<W BOX="546 325 607 353" STYLE_REF="5">duties</W>
			<W BOX="553 278 653 306" STYLE_REF="5">lishments</W>
			<W BOX="616 325 637 353" STYLE_REF="5">in</W>
			<W BOX="645 324 671 352" STYLE_REF="5">all</W>
			<W BOX="647 301 652 329" STYLE_REF="5">,</W>
			<W BOX="653 278 658 306" STYLE_REF="5">,</W>
			<W BOX="660 300 683 328" STYLE_REF="5">ru</W>
			<W BOX="666 277 747 305" STYLE_REF="5">suddenl</W>
			<W BOX="679 323 793 351" STYLE_REF="5">probability</W>
			<W BOX="684 300 705 328" STYLE_REF="5">sh</W>
			<W BOX="715 300 755 328" STYLE_REF="5">into</W>
			<W BOX="746 277 760 305" STYLE_REF="5" NS="y">y</W>
			<W BOX="760 277 767 305" STYLE_REF="5">,</W>
			<W BOX="762 300 796 328" STYLE_REF="5">the</W>
			<W BOX="775 276 795 305" STYLE_REF="5">at</W>
		</Primitive>
		<Primitive BOX="24 338 829 429" ID="Ar0080004" SEQ_NO="4" TOC_ENTRY_ID="4" DEPTH_LEVEL="1">
			<L BOX="83 327 797 382"/>
			<W BOX="83 354 132 382" STYLE_REF="5">with</W>
			<W BOX="83 331 186 359" STYLE_REF="5">Profession</W>
			<W BOX="142 354 211 382" STYLE_REF="5">honest</W>
			<W BOX="198 331 216 359" STYLE_REF="5">of</W>
			<W BOX="210 354 223 382" STYLE_REF="5">y</W>
			<W BOX="225 331 258 359" STYLE_REF="5">the</W>
			<W BOX="232 353 268 381" STYLE_REF="5">and</W>
			<W BOX="265 329 349 357" STYLE_REF="5">Teacher</W>
			<W BOX="279 353 361 381" STYLE_REF="5">thoroug</W>
			<W BOX="349 329 355 357" STYLE_REF="5">,</W>
			<W BOX="358 352 415 380" STYLE_REF="5">hness</W>
			<W BOX="361 328 397 356" STYLE_REF="5">and</W>
			<W BOX="406 327 501 355" STYLE_REF="5">discharge</W>
			<W BOX="423 352 444 380" STYLE_REF="5">so</W>
			<W BOX="452 350 481 378" STYLE_REF="5">far</W>
			<W BOX="489 350 510 378" STYLE_REF="5">as</W>
			<W BOX="517 349 561 377" STYLE_REF="5">they</W>
			<W BOX="570 348 601 377" STYLE_REF="5">are</W>
			<W BOX="611 348 655 376" STYLE_REF="5" NS="y">able</W>
			<W BOX="655 347 660 375" STYLE_REF="5">,</W>
			<W BOX="669 346 706 375" STYLE_REF="5">but</W>
			<W BOX="714 346 797 375" STYLE_REF="5">without</W>
			<L BOX="82 370 795 430"/>
			<W BOX="82 401 186 430" STYLE_REF="5">imparting</W>
			<W BOX="82 378 119 406" STYLE_REF="5">any</W>
			<W BOX="128 378 145 406" STYLE_REF="5">of</W>
			<W BOX="158 378 200 406" STYLE_REF="5">that</W>
			<W BOX="187 401 192 430" STYLE_REF="5">,</W>
			<W BOX="201 400 264 429" STYLE_REF="5">which</W>
			<W BOX="210 378 276 406" STYLE_REF="5">nicety</W>
			<W BOX="273 400 339 428" STYLE_REF="5">would</W>
			<W BOX="284 376 301 404" STYLE_REF="5">of</W>
			<W BOX="314 375 442 404" STYLE_REF="5">acquirement</W>
			<W BOX="348 399 417 427" STYLE_REF="5">enable</W>
			<W BOX="424 398 477 426" STYLE_REF="5">them</W>
			<W BOX="443 375 448 403" STYLE_REF="5">,</W>
			<W BOX="460 374 480 402" STYLE_REF="5">or</W>
			<W BOX="488 397 509 425" STYLE_REF="5">to</W>
			<W BOX="493 373 578 401" STYLE_REF="5">peculiar</W>
			<W BOX="520 395 583 424" STYLE_REF="5">outbid</W>
			<W BOX="589 371 628 399" STYLE_REF="5">tact</W>
			<W BOX="598 395 634 424" STYLE_REF="5">the</W>
			<W BOX="640 371 676 399" STYLE_REF="5">and</W>
			<W BOX="643 394 695 422" STYLE_REF="5">hosts</W>
			<W BOX="689 370 761 398" STYLE_REF="5">science</W>
			<W BOX="708 394 726 422" STYLE_REF="5">of</W>
			<W BOX="739 394 794 422" STYLE_REF="5">sister</W>
			<W BOX="773 370 795 398" STYLE_REF="5">in</W>
			<L BOX="622 417 794 446"/>
			<W BOX="622 418 630 446" STYLE_REF="5">l</W>
			<Q BOX="646 418 656 446" STYLE_REF="5" QID="11">l</Q>
			<Q BOX="689 418 698 446" STYLE_REF="5" QID="11">l</Q>
			<q BOX="717 417 752 445" STYLE_REF="5" QID="11">and</q>
			<QW QID="11">lland</QW>
			<W BOX="766 417 794 445" STYLE_REF="5">for</W>
		</Primitive>
		<Primitive BOX="24 417 829 516" ID="Ar0080005" SEQ_NO="5" TOC_ENTRY_ID="4" DEPTH_LEVEL="1">
			<L BOX="83 418 795 521"/>
			<W BOX="83 472 107 501" STYLE_REF="5">on</W>
			<W BOX="83 427 205 452" STYLE_REF="14">governesses</W>
			<W BOX="83 449 145 477" STYLE_REF="5">equall</W>
			<W BOX="120 472 154 501" STYLE_REF="5">the</W>
			<W BOX="145 449 158 477" STYLE_REF="5">y</W>
			<W BOX="164 448 202 476" STYLE_REF="5">low</W>
			<W BOX="168 472 240 500" STYLE_REF="5">custom</W>
			<W BOX="208 448 246 476" STYLE_REF="5">pay</W>
			<Q BOX="219 427 238 452" STYLE_REF="14" QID="12">w</Q>
			<q BOX="237 424 262 452" STYLE_REF="5" QID="12">ho</q>
			<QW QID="12">who</QW>
			<W BOX="246 448 253 476" STYLE_REF="5">.</W>
			<W BOX="254 471 272 500" STYLE_REF="5" NS="y">of</W>
			<S S_TYPE="SUP">
				<W BOX="277 425 308 450" STYLE_REF="14">are</W>
			</S>
			<W BOX="278 446 318 475" STYLE_REF="5">The</W>
			<W BOX="287 471 319 499" STYLE_REF="5">the</W>
			<W BOX="321 423 330 451" STYLE_REF="5">t</W>
			<W BOX="327 446 370 475" STYLE_REF="5">over</W>
			<W BOX="330 425 352 450" STYLE_REF="14">ea</W>
			<W BOX="333 470 376 499" STYLE_REF="5">emp</W>
			<W BOX="352 423 383 451" STYLE_REF="5">chi</W>
			<W BOX="364 492 439 521" STYLE_REF="5">educate</W>
			<W BOX="375 469 439 497" STYLE_REF="5">loyers</W>
			<W BOX="379 446 427 474" STYLE_REF="5">supp</W>
			<Q BOX="382 424 395 449" STYLE_REF="14" QID="13">n</Q>
			<q BOX="396 423 409 451" STYLE_REF="5" QID="13">g</q>
			<QW QID="13">ng</QW>
			<W BOX="424 424 448 449" STYLE_REF="14">on</W>
			<Q BOX="427 445 437 473" STYLE_REF="5" QID="14">l</Q>
			<q BOX="435 446 449 474" STYLE_REF="5" QID="14">y</q>
			<QW QID="14">ly</QW>
			<W BOX="439 469 445 497" STYLE_REF="5">,</W>
			<W BOX="454 491 509 519" STYLE_REF="5">their</W>
			<W BOX="455 444 473 472" STYLE_REF="5">of</W>
			<W BOX="456 467 500 495" STYLE_REF="5">who</W>
			<W BOX="462 421 486 449" STYLE_REF="5">th</W>
			<W BOX="482 443 566 472" STYLE_REF="5">teachers</W>
			<W BOX="486 422 496 448" STYLE_REF="14">e</W>
			<W BOX="509 422 558 447" STYLE_REF="14">same</W>
			<W BOX="512 466 560 494" STYLE_REF="5">have</W>
			<W BOX="516 489 600 518" STYLE_REF="5">children</W>
			<W BOX="572 421 604 446" STYLE_REF="14">soc</W>
			<W BOX="573 442 608 470" STYLE_REF="5">has</W>
			<W BOX="573 466 602 494" STYLE_REF="5">set</W>
			<W BOX="603 419 612 447" STYLE_REF="5">i</W>
			<W BOX="609 488 628 517" STYLE_REF="5">at</W>
			<W BOX="611 421 623 446" STYLE_REF="14">a</W>
			<W BOX="615 465 666 493" STYLE_REF="5">their</W>
			<W BOX="616 441 711 469" STYLE_REF="5">moreover</W>
			<W BOX="636 488 692 517" STYLE_REF="5">home</W>
			<W BOX="654 420 689 445" STYLE_REF="14">eve</W>
			<W BOX="680 465 731 493" STYLE_REF="5">ideas</W>
			<W BOX="698 418 703 446" STYLE_REF="5">,</W>
			<W BOX="705 487 766 516" STYLE_REF="5">refuse</W>
			<W BOX="719 441 793 469" STYLE_REF="5">reacted</W>
			<W BOX="747 465 767 493" STYLE_REF="5">to</W>
			<W BOX="774 487 795 516" STYLE_REF="5">to</W>
			<W BOX="783 465 794 493" STYLE_REF="5">a</W>
		</Primitive>
		<Primitive BOX="24 504 829 594" ID="Ar0080006" SEQ_NO="6" TOC_ENTRY_ID="4" DEPTH_LEVEL="1">
			<L BOX="81 488 793 549"/>
			<W BOX="81 520 119 549" STYLE_REF="5">pay</W>
			<W BOX="83 496 155 524" STYLE_REF="5">certain</W>
			<W BOX="128 520 202 548" STYLE_REF="5">beyond</W>
			<W BOX="162 496 214 524" STYLE_REF="5" NS="y">scale</W>
			<W BOX="214 495 219 524" STYLE_REF="5">,</W>
			<W BOX="215 520 226 548" STYLE_REF="5">a</W>
			<W BOX="228 495 265 523" STYLE_REF="5">and</W>
			<W BOX="240 518 309 546" STYLE_REF="5">certain</W>
			<W BOX="267 494 272 522" STYLE_REF="5">,</W>
			<W BOX="281 494 296 522" STYLE_REF="5">if</W>
			<W BOX="309 494 356 522" STYLE_REF="5">they</W>
			<W BOX="323 517 436 545" STYLE_REF="5">percentage</W>
			<W BOX="447 515 472 543" STYLE_REF="5">on</W>
			<W BOX="484 514 518 543" STYLE_REF="5">the</W>
			<W BOX="528 513 591 541" STYLE_REF="5">whole</W>
			<Q BOX="602 512 656 540" STYLE_REF="5" QID="15">famil</Q>
			<q BOX="655 512 669 541" STYLE_REF="5" QID="15">y</q>
			<QW QID="15">family</QW>
			<W BOX="680 511 753 539" STYLE_REF="5">income</W>
			<W BOX="692 488 697 516" STYLE_REF="5">,</W>
			<W BOX="765 511 793 539" STYLE_REF="5">for</W>
			<L BOX="82 542 794 595"/>
			<W BOX="82 543 132 571" STYLE_REF="5">their</W>
			<W BOX="106 566 125 595" STYLE_REF="5">It</W>
			<W BOX="139 566 222 594" STYLE_REF="5">remains</W>
			<W BOX="140 542 253 570" STYLE_REF="5">instruction</W>
			<W BOX="234 565 262 593" STYLE_REF="5">for</W>
			<W BOX="253 542 260 570" STYLE_REF="5">.</W>
			<W BOX="278 564 302 592" STYLE_REF="5">us</W>
			<W BOX="311 564 332 592" STYLE_REF="5">to</W>
			<W BOX="339 564 370 592" STYLE_REF="5">see</W>
			<W BOX="378 563 431 591" STYLE_REF="5">what</W>
			<W BOX="439 562 471 590" STYLE_REF="5">can</W>
			<W BOX="481 561 505 589" STYLE_REF="5">be</W>
			<W BOX="513 560 561 589" STYLE_REF="5">done</W>
			<W BOX="569 560 589 588" STYLE_REF="5">to</W>
			<W BOX="601 558 638 587" STYLE_REF="5">kill</W>
			<W BOX="646 558 686 587" STYLE_REF="5">this</W>
			<W BOX="693 558 733 586" STYLE_REF="5">evil</W>
			<W BOX="740 557 759 585" STYLE_REF="5">at</W>
			<W BOX="767 557 794 585" STYLE_REF="5">its</W>
		</Primitive>
		<Primitive BOX="24 582 829 658" ID="Ar0080007" SEQ_NO="7" TOC_ENTRY_ID="4" DEPTH_LEVEL="1">
			<L BOX="81 581 794 619"/>
			<W BOX="81 590 122 619" STYLE_REF="5" NS="y">root</W>
			<W BOX="122 590 128 619" STYLE_REF="5">.</W>
			<W BOX="152 590 203 618" STYLE_REF="5">How</W>
			<W BOX="211 589 267 617" STYLE_REF="5">much</W>
			<W BOX="277 588 311 616" STYLE_REF="5">can</W>
			<W BOX="318 588 342 616" STYLE_REF="5">be</W>
			<W BOX="350 587 398 615" STYLE_REF="5">done</W>
			<W BOX="406 585 427 613" STYLE_REF="5">to</W>
			<Q BOX="438 585 483 613" STYLE_REF="5" QID="16">miti</Q>
			<q BOX="481 584 522 613" STYLE_REF="5" QID="16">gate</q>
			<QW QID="16">mitigate</QW>
			<W BOX="534 583 559 612" STYLE_REF="5">its</W>
			<W BOX="569 582 705 610" STYLE_REF="5">consequences</W>
			<W BOX="718 581 762 610" STYLE_REF="5">may</W>
			<W BOX="770 581 794 609" STYLE_REF="5">be</W>
			<L BOX="81 604 794 663"/>
			<W BOX="81 613 125 642" STYLE_REF="5">read</W>
			<W BOX="134 613 155 642" STYLE_REF="5">in</W>
			<W BOX="163 613 218 641" STYLE_REF="5">these</W>
			<Q BOX="220 612 229 640" STYLE_REF="5" LH="y" QID="17">-</Q>
			<q BOX="228 612 298 640" STYLE_REF="5" NS="y" QID="17">reports</q>
			<QW QID="17">-reports</QW>
			<W BOX="304 611 309 639" STYLE_REF="5">;</W>
			<W BOX="324 611 359 639" STYLE_REF="5">but</W>
			<W BOX="346 635 364 663" STYLE_REF="5">of</W>
			<W BOX="367 610 410 638" STYLE_REF="5">after</W>
			<W BOX="377 633 440 661" STYLE_REF="5">which</W>
			<W BOX="426 610 450 638" STYLE_REF="5">all</W>
			<W BOX="460 608 494 636" STYLE_REF="5">the</W>
			<W BOX="502 631 550 660" STYLE_REF="5">treat</W>
			<W BOX="504 607 574 635" STYLE_REF="6">greatest</W>
			<W BOX="565 629 645 658" STYLE_REF="5">consists</W>
			<W BOX="585 606 654 634" STYLE_REF="5">benefit</W>
			<W BOX="652 629 674 657" STYLE_REF="5">in</W>
			<W BOX="669 605 757 633" STYLE_REF="5">achieved</W>
			<W BOX="682 629 715 657" STYLE_REF="5">the</W>
			<W BOX="723 628 792 656" STYLE_REF="5">degree</W>
			<Q BOX="769 604 780 633" STYLE_REF="5" QID="18">b</Q>
			<q BOX="779 605 794 633" STYLE_REF="5" QID="18">y</q>
			<QW QID="18">by</QW>
		</Primitive>
		<Primitive BOX="24 646 829 720" ID="Ar0080008" SEQ_NO="8" TOC_ENTRY_ID="4" DEPTH_LEVEL="1">
			<L BOX="81 630 791 690"/>
			<W BOX="81 638 114 666" STYLE_REF="5">the</W>
			<W BOX="81 661 100 690" STYLE_REF="5">of</W>
			<W BOX="114 661 204 689" STYLE_REF="5">attention</W>
			<W BOX="121 637 181 666" STYLE_REF="5">group</W>
			<W BOX="191 636 209 664" STYLE_REF="5">of</W>
			<W BOX="214 659 282 687" STYLE_REF="5">which</W>
			<W BOX="220 635 336 663" STYLE_REF="5">institutions</W>
			<W BOX="288 659 334 687" STYLE_REF="5">they</W>
			<W BOX="341 657 391 685" STYLE_REF="5">have</W>
			<W BOX="400 656 451 685" STYLE_REF="5">draw</W>
			<W BOX="448 632 495 660" STYLE_REF="5">they</W>
			<W BOX="452 656 466 684" STYLE_REF="5">n</W>
			<W BOX="475 655 496 683" STYLE_REF="5">to</W>
			<W BOX="505 655 539 683" STYLE_REF="5">the</W>
			<W BOX="548 653 594 681" STYLE_REF="5">state</W>
			<W BOX="551 630 557 659" STYLE_REF="5">,</W>
			<W BOX="610 653 629 681" STYLE_REF="5">of</W>
			<W BOX="642 652 676 680" STYLE_REF="5">the</W>
			<W BOX="687 651 791 680" STYLE_REF="5">profession</W>
			<L BOX="81 675 794 713"/>
			<W BOX="81 685 100 713" STYLE_REF="5">at</W>
			<W BOX="109 684 159 712" STYLE_REF="5" NS="y">large</W>
			<W BOX="159 684 164 712" STYLE_REF="5">.</W>
			<W BOX="193 683 233 711" STYLE_REF="5">One</W>
			<W BOX="245 683 287 711" STYLE_REF="5">part</W>
			<W BOX="300 681 319 709" STYLE_REF="5">of</W>
			<W BOX="331 681 365 709" STYLE_REF="5">the</W>
			<W BOX="376 680 462 708" STYLE_REF="5">question</W>
			<W BOX="476 679 494 707" STYLE_REF="5">is</W>
			<W BOX="505 678 581 706" STYLE_REF="5">already</W>
			<W BOX="593 676 615 705" STYLE_REF="5">in</W>
			<Q BOX="628 676 650 705" STYLE_REF="5" QID="19">co</Q>
			<q BOX="650 675 692 703" STYLE_REF="5" QID="19">arse</q>
			<QW QID="19">coarse</QW>
			<W BOX="704 675 724 703" STYLE_REF="5">of</W>
			<Q BOX="734 675 781 703" STYLE_REF="5" QID="20">bein</Q>
			<q BOX="779 675 794 704" STYLE_REF="5" QID="20">g</q>
			<QW QID="20">being</QW>
		</Primitive>
		<Primitive BOX="24 708 829 782" ID="Ar0080009" SEQ_NO="9" TOC_ENTRY_ID="4" DEPTH_LEVEL="1">
			<L BOX="80 698 794 783"/>
			<W BOX="80 708 176 736" STYLE_REF="5">answered</W>
			<W BOX="81 755 136 783" STYLE_REF="5">about</W>
			<W BOX="81 731 157 760" STYLE_REF="5">devotin</W>
			<W BOX="150 754 168 783" STYLE_REF="5">in</W>
			<W BOX="159 731 171 760" STYLE_REF="5">g</W>
			<W BOX="176 708 182 736" STYLE_REF="5">.</W>
			<W BOX="182 754 215 782" STYLE_REF="5">the</W>
			<W BOX="184 730 300 758" STYLE_REF="5">themselves</W>
			<W BOX="209 706 272 735" STYLE_REF="5">Every</W>
			<W BOX="230 753 315 781" STYLE_REF="5">catalogu</W>
			<W BOX="284 705 330 734" STYLE_REF="5">year</W>
			<W BOX="308 729 329 757" STYLE_REF="5">to</W>
			<W BOX="316 752 327 781" STYLE_REF="5">e</W>
			<W BOX="339 751 357 780" STYLE_REF="5">of</W>
			<W BOX="341 728 375 756" STYLE_REF="5">the</W>
			<W BOX="341 704 381 733" STYLE_REF="5">sees</W>
			<W BOX="370 751 404 779" STYLE_REF="5">the</W>
			<W BOX="385 727 424 755" STYLE_REF="5">Fin</W>
			<W BOX="393 704 416 732" STYLE_REF="5">an</W>
			<W BOX="416 749 478 778" STYLE_REF="5">Royal</W>
			<W BOX="424 727 434 755" STYLE_REF="5">e</W>
			<W BOX="431 702 474 730" STYLE_REF="5">ever</W>
			<W BOX="447 726 492 754" STYLE_REF="5">Arts</W>
			<Q BOX="474 702 482 730" STYLE_REF="5" LH="y" QID="21">-</Q>
			<q BOX="482 702 589 730" STYLE_REF="5" QID="21">increasing</q>
			<QW QID="21">-increasing</QW>
			<W BOX="489 748 584 776" STYLE_REF="5">Academy</W>
			<W BOX="493 726 498 754" STYLE_REF="5">.</W>
			<W BOX="523 724 578 752" STYLE_REF="5">Their</W>
			<W BOX="584 748 590 776" STYLE_REF="5">,</W>
			<W BOX="587 723 653 751" STYLE_REF="5">names</W>
			<W BOX="601 699 681 727" STYLE_REF="5">number</W>
			<W BOX="603 747 641 775" STYLE_REF="5">and</W>
			<W BOX="652 746 690 774" STYLE_REF="5">last</W>
			<W BOX="660 722 692 750" STYLE_REF="5">are</W>
			<W BOX="693 698 711 726" STYLE_REF="5">of</W>
			<W BOX="701 722 791 750" STYLE_REF="5">scattered</W>
			<W BOX="703 746 768 774" STYLE_REF="5">spring</W>
			<W BOX="719 698 794 726" STYLE_REF="5">women</W>
			<W BOX="781 746 793 774" STYLE_REF="5">a</W>
			<L BOX="594 769 780 798"/>
			<W BOX="594 770 612 798" STYLE_REF="5">of</W>
			<Q BOX="621 770 673 798" STYLE_REF="5" QID="22">work</Q>
			<Q BOX="690 769 704 797" STYLE_REF="5" QID="22">b</Q>
			<q BOX="724 769 780 797" STYLE_REF="5" QID="22">femal</q>
			<QW QID="22">workbfemal</QW>
		</Primitive>
		<Primitive BOX="24 770 829 876" ID="Ar0080010" SEQ_NO="10" TOC_ENTRY_ID="4" DEPTH_LEVEL="1">
			<L BOX="80 769 793 877"/>
			<W BOX="80 849 187 877" STYLE_REF="5">Magazines</W>
			<W BOX="80 802 143 830" STYLE_REF="5">artists</W>
			<W BOX="80 827 104 855" STYLE_REF="5">an</W>
			<W BOX="80 779 150 807" STYLE_REF="5">special</W>
			<W BOX="120 825 182 854" STYLE_REF="5">extent</W>
			<W BOX="143 802 149 830" STYLE_REF="5">.</W>
			<W BOX="163 778 269 806" STYLE_REF="5">exhibition</W>
			<W BOX="174 801 281 829" STYLE_REF="5">Literature</W>
			<W BOX="197 848 215 876" STYLE_REF="5">of</W>
			<W BOX="197 824 223 853" STYLE_REF="5">far</W>
			<W BOX="223 848 257 876" STYLE_REF="5">the</W>
			<W BOX="239 823 309 852" STYLE_REF="5">greater</W>
			<W BOX="265 847 300 875" STYLE_REF="5">day</W>
			<W BOX="277 775 316 804" STYLE_REF="5">was</W>
			<W BOX="290 799 346 827" STYLE_REF="5">again</W>
			<W BOX="310 846 340 874" STYLE_REF="5">are</W>
			<W BOX="323 823 369 851" STYLE_REF="5">than</W>
			<W BOX="323 775 395 803" STYLE_REF="5">opened</W>
			<W BOX="349 845 399 873" STYLE_REF="5">filled</W>
			<W BOX="354 799 371 827" STYLE_REF="5">is</W>
			<W BOX="378 797 464 825" STYLE_REF="5">followed</W>
			<W BOX="382 821 415 849" STYLE_REF="5">our</W>
			<W BOX="407 774 435 802" STYLE_REF="5">for</W>
			<W BOX="409 845 424 873" STYLE_REF="5">b</W>
			<W BOX="428 820 502 849" STYLE_REF="5">readers</W>
			<W BOX="444 843 497 871" STYLE_REF="5">them</W>
			<W BOX="448 772 481 801" STYLE_REF="5">the</W>
			<W BOX="468 796 473 825" STYLE_REF="5">,</W>
			<W BOX="486 796 506 824" STYLE_REF="5">as</W>
			<W BOX="490 772 585 800" STYLE_REF="5">reception</W>
			<W BOX="503 843 508 871" STYLE_REF="5">;</W>
			<W BOX="515 796 525 824" STYLE_REF="5">a</W>
			<W BOX="516 819 547 847" STYLE_REF="5">are</W>
			<W BOX="521 842 556 870" STYLE_REF="5">one</W>
			<W BOX="532 794 636 822" STYLE_REF="5">profession</W>
			<W BOX="558 818 576 846" STYLE_REF="5">at</W>
			<W BOX="564 841 582 870" STYLE_REF="5">of</W>
			<W BOX="590 840 625 868" STYLE_REF="5">the</W>
			<W BOX="590 817 616 845" STYLE_REF="5">all</W>
			<W BOX="629 817 688 845" STYLE_REF="5">aware</W>
			<W BOX="632 840 690 868" STYLE_REF="5">oldest</W>
			<W BOX="638 793 643 821" STYLE_REF="5">,</W>
			<Q BOX="650 793 664 821" STYLE_REF="5" QID="23">b</Q>
			<q BOX="663 794 677 822" STYLE_REF="5" QID="23">y</q>
			<QW QID="23">by</QW>
			<W BOX="673 770 683 798" STYLE_REF="5">s</W>
			<W BOX="685 792 757 820" STYLE_REF="5">women</W>
			<W BOX="702 816 721 844" STYLE_REF="5">of</W>
			<W BOX="703 770 717 798" STYLE_REF="5">y</W>
			<W BOX="705 839 740 867" STYLE_REF="5">and</W>
			<W BOX="721 816 726 844" STYLE_REF="5">.</W>
			<W BOX="749 839 792 867" STYLE_REF="5">best</W>
			<W BOX="751 816 793 844" STYLE_REF="5">The</W>
			<W BOX="758 792 764 820" STYLE_REF="5">,</W>
			<W BOX="771 792 791 820" STYLE_REF="5">to</W>
			<W BOX="781 769 793 797" STYLE_REF="5">e</W>
		</Primitive>
		<Primitive BOX="24 864 829 913" ID="Ar0080011" SEQ_NO="11" TOC_ENTRY_ID="4" DEPTH_LEVEL="1">
			<L BOX="79 845 793 924"/>
			<W BOX="79 873 97 901" STYLE_REF="5">of</W>
			<W BOX="112 873 146 901" STYLE_REF="5">our</W>
			<W BOX="157 895 212 924" STYLE_REF="5">Even</W>
			<W BOX="158 872 221 900" STYLE_REF="5">weekl</W>
			<W BOX="219 895 255 923" STYLE_REF="5">the</W>
			<W BOX="220 871 234 900" STYLE_REF="5">y</W>
			<W BOX="241 870 354 898" STYLE_REF="5">periodicals</W>
			<W BOX="263 894 335 922" STYLE_REF="5">leaders</W>
			<W BOX="346 893 363 921" STYLE_REF="5">of</W>
			<W BOX="364 868 414 896" STYLE_REF="5">owes</W>
			<W BOX="377 892 411 920" STYLE_REF="5">our</W>
			<W BOX="419 891 484 919" STYLE_REF="5">newsp</W>
			<W BOX="423 845 436 873" STYLE_REF="5">y</W>
			<Q BOX="425 867 465 895" STYLE_REF="5" QID="24">two</Q>
			<Q BOX="465 867 474 895" STYLE_REF="5" LH="y" QID="24">-</Q>
			<q BOX="473 867 522 895" STYLE_REF="5" QID="24">third</q>
			<QW QID="24">two-third</QW>
			<W BOX="484 890 537 918" STYLE_REF="5">apers</W>
			<W BOX="523 866 533 894" STYLE_REF="5">s</W>
			<W BOX="545 865 562 893" STYLE_REF="5">of</W>
			<W BOX="547 888 578 917" STYLE_REF="5">are</W>
			<W BOX="575 865 600 893" STYLE_REF="5">its</W>
			<W BOX="579 889 584 917" STYLE_REF="5">,</W>
			<W BOX="595 888 616 916" STYLE_REF="5">in</W>
			<W BOX="611 863 695 891" STYLE_REF="5">contents</W>
			<W BOX="629 887 679 915" STYLE_REF="5">some</W>
			<W BOX="691 886 784 914" STYLE_REF="5">instances</W>
			<W BOX="710 863 730 891" STYLE_REF="5">to</W>
			<W BOX="740 863 792 891" STYLE_REF="5">their</W>
			<W BOX="786 886 793 914" STYLE_REF="5">,</W>
		</Primitive>
		<Primitive BOX="24 901 829 983" ID="Ar0080012" SEQ_NO="12" TOC_ENTRY_ID="4" DEPTH_LEVEL="1">
			<L BOX="79 897 791 988"/>
			<W BOX="79 944 97 972" STYLE_REF="5">of</W>
			<W BOX="79 897 126 925" STYLE_REF="5">pens</W>
			<W BOX="79 920 163 949" STYLE_REF="5">regularl</W>
			<W BOX="106 944 157 972" STYLE_REF="5">their</W>
			<W BOX="126 897 132 925" STYLE_REF="5">.</W>
			<W BOX="162 920 175 949" STYLE_REF="5">y</W>
			<W BOX="165 942 252 971" STYLE_REF="5">industry</W>
			<W BOX="180 919 258 947" STYLE_REF="5">written</W>
			<W BOX="257 942 278 970" STYLE_REF="5">in</W>
			<W BOX="263 919 290 947" STYLE_REF="5">by</W>
			<W BOX="287 941 312 969" STYLE_REF="5">all</W>
			<W BOX="298 917 371 945" STYLE_REF="5">women</W>
			<Q BOX="321 940 339 969" STYLE_REF="5" QID="25">m</Q>
			<q BOX="341 939 397 967" STYLE_REF="5" QID="25">anner</q>
			<QW QID="25">manner</QW>
			<W BOX="372 916 377 944" STYLE_REF="5">,</W>
			<W BOX="384 915 422 944" STYLE_REF="5">and</W>
			<W BOX="407 939 425 967" STYLE_REF="5">of</W>
			<W BOX="428 914 535 942" STYLE_REF="5">publishers</W>
			<W BOX="434 937 554 965" STYLE_REF="5">translations</W>
			<W BOX="518 960 558 988" STYLE_REF="5">that</W>
			<W BOX="543 912 591 940" STYLE_REF="5">avail</W>
			<W BOX="562 936 597 964" STYLE_REF="5">and</W>
			<W BOX="596 911 711 939" STYLE_REF="5">themselves</W>
			<Q BOX="607 935 661 963" STYLE_REF="5" QID="26">comp</Q>
			<q BOX="661 934 735 962" STYLE_REF="5" QID="26">ilations</q>
			<QW QID="26">compilations</QW>
			<W BOX="704 957 762 985" STYLE_REF="5">abode</W>
			<W BOX="717 910 777 938" STYLE_REF="5">largel</W>
			<W BOX="735 934 741 962" STYLE_REF="5">.</W>
			<W BOX="768 933 791 961" STYLE_REF="5">In</W>
			<W BOX="771 957 790 985" STYLE_REF="5">of</W>
			<W BOX="777 910 791 939" STYLE_REF="5">y</W>
		</Primitive>
		<Primitive BOX="24 971 829 1018" ID="Ar0080013" SEQ_NO="13" TOC_ENTRY_ID="4" DEPTH_LEVEL="1">
			<L BOX="78 958 789 1019"/>
			<W BOX="78 991 164 1019" STYLE_REF="5">learning</W>
			<W BOX="79 968 113 996" STYLE_REF="5">the</W>
			<W BOX="121 966 197 995" STYLE_REF="5">reading</W>
			<W BOX="164 991 170 1019" STYLE_REF="5">,</W>
			<W BOX="179 989 213 1018" STYLE_REF="5">the</W>
			<Q BOX="197 966 205 995" STYLE_REF="5" LH="y" QID="27">-</Q>
			<q BOX="205 966 258 995" STYLE_REF="5" QID="27">room</q>
			<QW QID="27">-room</QW>
			<W BOX="222 989 290 1018" STYLE_REF="5">roving</W>
			<W BOX="267 965 285 993" STYLE_REF="5">of</W>
			<W BOX="294 964 328 992" STYLE_REF="5">the</W>
			<W BOX="300 988 336 1016" STYLE_REF="5">eye</W>
			<W BOX="334 963 382 992" STYLE_REF="5">Briti</W>
			<W BOX="347 987 392 1015" STYLE_REF="5">may</W>
			<W BOX="384 963 407 991" STYLE_REF="5">sh</W>
			<W BOX="399 987 436 1015" STYLE_REF="5">any</W>
			<W BOX="416 962 505 990" STYLE_REF="5">Museum</W>
			<W BOX="445 985 481 1014" STYLE_REF="5">day</W>
			<W BOX="490 985 533 1013" STYLE_REF="5">dete</W>
			<W BOX="504 961 510 989" STYLE_REF="5">,</W>
			<W BOX="533 983 552 1012" STYLE_REF="5">ct</W>
			<W BOX="564 983 598 1011" STYLE_REF="5">the</W>
			<W BOX="569 958 689 986" STYLE_REF="5">magnificent</W>
			<W BOX="608 981 675 1010" STYLE_REF="5">bowed</W>
			<W BOX="687 981 745 1009" STYLE_REF="5">heads</W>
			<W BOX="753 980 789 1008" STYLE_REF="5">and</W>
			<L BOX="584 1006 685 1034"/>
			<W BOX="584 1006 685 1034" STYLE_REF="5">references</W>
		</Primitive>
		<Primitive BOX="24 1006 829 1082" ID="Ar0080014" SEQ_NO="14" TOC_ENTRY_ID="4" DEPTH_LEVEL="1">
			<L BOX="78 1004 790 1043"/>
			<W BOX="78 1015 134 1043" STYLE_REF="5">black</W>
			<W BOX="147 1015 184 1043" STYLE_REF="5">silk</W>
			<W BOX="198 1013 269 1042" STYLE_REF="5">dresses</W>
			<W BOX="283 1013 301 1041" STYLE_REF="5">of</W>
			<W BOX="309 1012 367 1040" STYLE_REF="5">ladies</W>
			<W BOX="376 1010 420 1039" STYLE_REF="5">who</W>
			<W BOX="427 1009 479 1038" STYLE_REF="5">come</W>
			<W BOX="487 1008 541 1037" STYLE_REF="5">there</W>
			<W BOX="548 1007 575 1035" STYLE_REF="5">for</W>
			<W BOX="700 1005 724 1033" STYLE_REF="5">on</W>
			<W BOX="732 1004 790 1033" STYLE_REF="5">every</W>
			<L BOX="79 1028 791 1087"/>
			<Q BOX="79 1039 89 1067" STYLE_REF="5" QID="28">s</Q>
			<q BOX="88 1039 150 1067" STYLE_REF="5" QID="28">ubject</q>
			<QW QID="28">subject</QW>
			<W BOX="160 1038 220 1066" STYLE_REF="5">under</W>
			<W BOX="232 1037 304 1065" STYLE_REF="5">heaven</W>
			<W BOX="282 1059 356 1087" STYLE_REF="5">defunct</W>
			<W BOX="312 1036 317 1065" STYLE_REF="5">;</W>
			<W BOX="333 1035 431 1063" STYLE_REF="5">searching</W>
			<W BOX="440 1033 472 1061" STYLE_REF="5">out</W>
			<W BOX="486 1032 543 1060" STYLE_REF="5">obscu</W>
			<W BOX="519 1055 563 1083" STYLE_REF="5">well</W>
			<W BOX="543 1032 564 1060" STYLE_REF="5">re</W>
			<W BOX="570 1030 623 1058" STYLE_REF="5">hints</W>
			<Q BOX="571 1055 591 1083" STYLE_REF="5" QID="29">ni</Q>
			<q BOX="603 1053 618 1081" STYLE_REF="5" QID="29">h</q>
			<QW QID="29">nih</QW>
			<W BOX="629 1053 720 1081" STYLE_REF="5">forgotten</W>
			<W BOX="634 1029 748 1057" STYLE_REF="5">concerning</W>
			<W BOX="732 1052 783 1080" STYLE_REF="5">mani</W>
			<W BOX="757 1028 791 1057" STYLE_REF="5">the</W>
			<Q BOX="783 1052 791 1080" STYLE_REF="5" QID="30">-</Q>
		</Primitive>
		<Primitive BOX="24 1070 829 1136" ID="Ar0080015" SEQ_NO="15" TOC_ENTRY_ID="4" DEPTH_LEVEL="1">
			<L BOX="78 1055 604 1090"/>
			<q BOX="78 1062 132 1090" STYLE_REF="5" QID="30">ways</q>
			<QW QID="30">ways</QW>
			<W BOX="139 1062 175 1090" STYLE_REF="5">and</W>
			<W BOX="185 1061 247 1089" STYLE_REF="5">words</W>
			<W BOX="255 1060 273 1088" STYLE_REF="5">of</W>
			<W BOX="368 1058 474 1086" STYLE_REF="5" NS="y">princesses</W>
			<W BOX="474 1056 478 1085" STYLE_REF="5">,</W>
			<W BOX="491 1056 512 1084" STYLE_REF="5">or</W>
			<Q BOX="563 1055 571 1083" STYLE_REF="5" LH="y" QID="31">-</Q>
			<q BOX="591 1055 604 1083" STYLE_REF="5" QID="31">g</q>
			<QW QID="31">-g</QW>
			<L BOX="77 1082 787 1138"/>
			<W BOX="77 1085 173 1114" STYLE_REF="5">pulations</W>
			<W BOX="102 1109 141 1138" STYLE_REF="5">But</W>
			<W BOX="153 1109 188 1138" STYLE_REF="5">the</W>
			<W BOX="181 1085 198 1114" STYLE_REF="5">of</W>
			<W BOX="194 1108 275 1137" STYLE_REF="5">number</W>
			<Q BOX="208 1084 277 1112" STYLE_REF="5" QID="32">antedil</Q>
			<q BOX="279 1083 337 1111" STYLE_REF="5" QID="32">uvian</q>
			<QW QID="32">antediluvian</QW>
			<W BOX="283 1107 301 1135" STYLE_REF="5">of</W>
			<W BOX="310 1107 384 1135" STYLE_REF="5">women</W>
			<W BOX="344 1082 408 1110" STYLE_REF="5">trades</W>
			<W BOX="395 1105 441 1133" STYLE_REF="5">who</W>
			<W BOX="408 1082 415 1110" STYLE_REF="5">.</W>
			<W BOX="450 1104 480 1132" STYLE_REF="5">are</W>
			<Q BOX="495 1104 543 1132" STYLE_REF="5" QID="33">adop</Q>
			<q BOX="543 1103 585 1131" STYLE_REF="5" QID="33">ting</q>
			<QW QID="33">adopting</QW>
			<W BOX="592 1101 678 1129" STYLE_REF="5">pursuits</W>
			<W BOX="686 1099 787 1128" STYLE_REF="5">connected</W>
		</Primitive>
		<Primitive BOX="24 1124 829 1162" ID="Ar0080016" SEQ_NO="16" TOC_ENTRY_ID="4" DEPTH_LEVEL="1">
			<L BOX="77 1123 789 1162"/>
			<W BOX="77 1134 125 1162" STYLE_REF="5">with</W>
			<W BOX="139 1133 236 1162" STYLE_REF="5">literature</W>
			<W BOX="250 1132 285 1160" STYLE_REF="5">and</W>
			<W BOX="301 1132 334 1160" STYLE_REF="5">the</W>
			<W BOX="349 1130 387 1159" STYLE_REF="5">arts</W>
			<W BOX="401 1129 452 1158" STYLE_REF="5">must</W>
			<W BOX="464 1128 498 1156" STYLE_REF="5">not</W>
			<W BOX="513 1127 570 1156" STYLE_REF="5">blind</W>
			<W BOX="582 1126 607 1154" STYLE_REF="5">us</W>
			<W BOX="618 1126 639 1154" STYLE_REF="5">to</W>
			<W BOX="651 1124 685 1152" STYLE_REF="5">the</W>
			<W BOX="697 1124 734 1152" STYLE_REF="5">fact</W>
			<W BOX="748 1123 789 1151" STYLE_REF="5">that</W>
			<L BOX="719 1147 788 1175"/>
			<W BOX="719 1147 788 1175" STYLE_REF="5">skilled</W>
		</Primitive>
		<Primitive BOX="24 1162 829 1219" ID="Ar0080017" SEQ_NO="17" TOC_ENTRY_ID="4" DEPTH_LEVEL="1">
			<L BOX="77 1149 711 1187"/>
			<W BOX="77 1159 123 1187" STYLE_REF="5">they</W>
			<Q BOX="139 1157 158 1185" STYLE_REF="5" QID="34">w</Q>
			<q BOX="158 1157 180 1185" STYLE_REF="5" QID="34">ill</q>
			<QW QID="34">will</QW>
			<W BOX="198 1157 271 1185" STYLE_REF="5">always</W>
			<W BOX="285 1155 385 1183" STYLE_REF="5">constitute</W>
			<W BOX="401 1153 436 1181" STYLE_REF="5">the</W>
			<W BOX="446 1152 537 1180" STYLE_REF="5">minority</W>
			<W BOX="552 1150 620 1178" STYLE_REF="5">among</W>
			<W BOX="635 1149 682 1177" STYLE_REF="5">even</W>
			<W BOX="700 1150 711 1179" STYLE_REF="5">"</W>
		</Primitive>
	</Content>
	<TOC_Entries><TOC_Entry TOC_ENTRY_ID="17" TITLE="The Annual Reports of the Governesses' B..." ENTITY_ID_REF="Ar00800" PAGE_NO="8" PAGE_LABEL="8" PRIM_ID_REF="Ar0080000" IS_IC="true"/></TOC_Entries></XMD-entity>
