<?xml version="1.0" encoding="windows-1252" standalone="no"?>
<XMD-entity REPOSITORY_FORMAT="1.0" PRXML_VER="2.0" ENTITY_TYPE="Article" DOC_UID="EWJ_01/04/1858" DOC_VER="1" FIRST_TOC_ENTRY_ID="19" DEPTH_LEVEL="1" INDEX_IN_DOC="45" PAGE_NO="14" ID="Ar01401" BOX="24 12 811 120" LANGUAGE="English" SNP="Ar01401S.png" SNP_WIDTH="788" SNP_HEIGHT="101" LOGICAL_NAME="true">
	<Meta NAME="86 ELIZABETH BLACKWELL." DESCRIPTION="" SUBTYPE="" BASE_HREF="EWJ/1858/04/01" SOURCE_TYPE="TIFF" PUBLICATION="EWJ" SECTION="None" ISSUE_DATE="01/04/1858" WORDCNT="4" RELEASE_NO="041-EWJ-1858-04-01-001-SINGLE" PAGE_ID="" PAGE_TYPE="Single" PAGE_WIDTH="823" PAGE_HEIGHT="1239" DEFAULT_IMG_EXT="png" PDF_DESTINATION_MAPPED="OLV0_Entity_0014_0002" IMAGES_RESOLUTION="86" XMD_VER="2.6.238.8" PAGE_LABEL="86"/>
	<Link SOURCE="041-EWJ-1858-04-01-001-SINGLE.PDF" FIRST_ID="Ar00200" LAST_ID="Ar07201" NEXT_ID="" PREV_ID="Ar01400" TOC_ID="d:/Olive/Repository/EWJ/1858/04/01/TOC.xml"/>
	<DataFiles>
		<Files TYPE="DOC_PDF" PRESENT="1"/>
		<Files TYPE="PAGE_PDF" PRESENT="0"/>
		<Files TYPE="DOC_IMG" PRESENT="0"/>
		<Files TYPE="PAGE_IMG" PRESENT="0"/>
		<Files TYPE="PAGE_VIEW_IMG" PRESENT="1"/>
		<Files TYPE="PAGE_PREVIEW_IMG" PRESENT="1"/>
		<Files TYPE="PRIMITIVE_IMG" PRESENT="1"/>
		<Files TYPE="SNIPPET_IMG" PRESENT="1"/>
	</DataFiles>
	<Content>
		<Primitive BOX="24 12 811 120" ID="Ar0140100" SEQ_NO="0" TOC_ENTRY_ID="19" DEPTH_LEVEL="1">
			<L BOX="89 78 552 112"/>
			<W BOX="89 78 113 112" STYLE_REF="18">86</W>
			<W BOX="296 84 409 107" STYLE_REF="7" M="2 * ">_ELIZABETH</W>
			<W BOX="423 83 547 106" STYLE_REF="7" NS="y">BLACKWELL</W>
			<W BOX="547 83 552 106" STYLE_REF="7">.</W>
		</Primitive>
	</Content>
	<TOC_Entries><TOC_Entry TOC_ENTRY_ID="31" TITLE="86 ELIZABETH BLACKWELL." ENTITY_ID_REF="Ar01401" PAGE_NO="14" PAGE_LABEL="86" PRIM_ID_REF="Ar0140100" IS_IC="true"/></TOC_Entries></XMD-entity>
