<?xml version="1.0" encoding="windows-1252" standalone="no"?>
<XMD-entity REPOSITORY_FORMAT="1.0" PRXML_VER="2.0" ENTITY_TYPE="Article" DOC_UID="EWJ_01/03/1858" DOC_VER="1" FIRST_TOC_ENTRY_ID="61" DEPTH_LEVEL="1" INDEX_IN_DOC="115" PAGE_NO="52" ID="Ar05201" BOX="24 12 829 78" LANGUAGE="English" SNP="Ar05201S.png" SNP_WIDTH="806" SNP_HEIGHT="67" LOGICAL_NAME="true">
	<Meta NAME="52 BRADSHAW THE BETRAYER." DESCRIPTION="" SUBTYPE="" BASE_HREF="EWJ/1858/03/01" SOURCE_TYPE="TIFF" PUBLICATION="EWJ" SECTION="None" ISSUE_DATE="01/03/1858" WORDCNT="5" RELEASE_NO="041-EWJ-1858-03-01-001-SINGLE" PAGE_ID="" PAGE_TYPE="Single" PAGE_WIDTH="842" PAGE_HEIGHT="1244" DEFAULT_IMG_EXT="png" PDF_DESTINATION_MAPPED="OLV0_Entity_0052_0002" IMAGES_RESOLUTION="86" XMD_VER="2.6.238.8" PAGE_LABEL="52"/>
	<Link SOURCE="041-EWJ-1858-03-01-001-SINGLE.PDF" FIRST_ID="Ar00200" LAST_ID="Ar07201" NEXT_ID="" PREV_ID="Ar05200" TOC_ID="d:/Olive/Repository/EWJ/1858/03/01/TOC.xml"/>
	<DataFiles>
		<Files TYPE="DOC_PDF" PRESENT="1"/>
		<Files TYPE="PAGE_PDF" PRESENT="0"/>
		<Files TYPE="DOC_IMG" PRESENT="0"/>
		<Files TYPE="PAGE_IMG" PRESENT="0"/>
		<Files TYPE="PAGE_VIEW_IMG" PRESENT="1"/>
		<Files TYPE="PAGE_PREVIEW_IMG" PRESENT="1"/>
		<Files TYPE="PRIMITIVE_IMG" PRESENT="1"/>
		<Files TYPE="SNIPPET_IMG" PRESENT="1"/>
	</DataFiles>
	<Content>
		<Primitive BOX="24 12 829 78" ID="Ar0520100" SEQ_NO="0" TOC_ENTRY_ID="61" DEPTH_LEVEL="1">
			<L BOX="85 43 599 67"/>
			<W BOX="85 43 110 67" STYLE_REF="7">52</W>
			<W BOX="291 43 409 67" STYLE_REF="7">BRADSHAW</W>
			<W BOX="423 43 466 67" STYLE_REF="7">THE</W>
			<W BOX="481 43 594 66" STYLE_REF="7" NS="y">BETRAYER</W>
			<W BOX="594 43 599 66" STYLE_REF="7">.</W>
		</Primitive>
	</Content>
	<TOC_Entries><TOC_Entry TOC_ENTRY_ID="111" TITLE="52 BRADSHAW THE BETRAYER." ENTITY_ID_REF="Ar05201" PAGE_NO="52" PAGE_LABEL="52" PRIM_ID_REF="Ar0520100" IS_IC="true"/></TOC_Entries></XMD-entity>
