<?xml version="1.0" encoding="windows-1252" standalone="no"?>
<XMD-PAGE REPOSITORY_FORMAT="1.0" PRXML_VER="2.0">
	<Meta ISSUE_DATE="01/03/1858" RELEASE_NO="041-EWJ-1858-03-01-001-SINGLE" PAGE_NO="52" NAME="" PAGE_LABEL="52" PAGE_TYPE="Single" PUBLISHER="Olive" PUBLICATION="EWJ" SOURCE_TYPE="TIFF" SOURCE_RESOLUTION="72" IMAGES_RESOLUTION="86" PAGE_THUMBNAIL_RESOLUTION="86" PAGE_PREVIEW_RESOLUTION="15" DEFAULT_IMG_EXT="png" IMG_EXT="png" PREVIEW_IMG_EXT="png" XMD_VER="2.6.238.8" PROFILE_ID="D:\pdfs\EWJ\XMD_EWJ.ini" SECTION="None" PAGE_WIDTH="842" PAGE_HEIGHT="1244" PAGES_NUMBER="72" BASE_HREF="EWJ/1858/03/01" PDF_DESTINATION_MAPPED="OLV0_Page_0052">
		<Resolutions>
			<Resolution DEFAULT="true">86</Resolution>
		</Resolutions>
	</Meta>
	<Link SOURCE="041-EWJ-1858-03-01-001-SINGLE.PDF" NEXT_SECTION="" PREV_SECTION="1"/>
	<DataFiles>
		<Files TYPE="DOC_PDF" PRESENT="1"/>
		<Files TYPE="PAGE_PDF" PRESENT="0"/>
		<Files TYPE="DOC_IMG" PRESENT="0"/>
		<Files TYPE="PAGE_IMG" PRESENT="0"/>
		<Files TYPE="PAGE_VIEW_IMG" PRESENT="1"/>
		<Files TYPE="PAGE_PREVIEW_IMG" PRESENT="1"/>
		<Files TYPE="PRIMITIVE_IMG" PRESENT="1"/>
		<Files TYPE="SNIPPET_IMG" PRESENT="1"/>
	</DataFiles>
	<Entity ENTITY_TYPE="Article" FIRST_TOC_ENTRY_ID="45" INDEX_IN_DOC="95" DEPTH_LEVEL="1" ID="Ar05200" SIZE="XLarge" BOX="24 78 829 1219" NEXT_SECTION="" PREV_SECTION="1" CONTINUATION_TO="Ar05300" CONTINUATION_FROM="Ar05100" FIRST_CHUNK="Ar03603" IMAGES_RESOLUTION="86" LOGICAL_NAME="true">
		<Name>.+. " Oh Doricles ! your praises are too...</Name>
		<Primitive ID="Ar0520000" BOX="24 78 829 137" ELEMENT_TYPE="Content" SEQ_NO="0" TOC_ENTRY_ID="45" DEPTH_LEVEL="1"/>
		<Primitive ID="Ar0520001" BOX="24 131 829 184" ELEMENT_TYPE="Content" SEQ_NO="1" TOC_ENTRY_ID="45" DEPTH_LEVEL="1"/>
		<Primitive ID="Ar0520002" BOX="24 177 829 231" ELEMENT_TYPE="Content" SEQ_NO="2" TOC_ENTRY_ID="45" DEPTH_LEVEL="1"/>
		<Primitive ID="Ar0520003" BOX="24 225 829 278" ELEMENT_TYPE="Content" SEQ_NO="3" TOC_ENTRY_ID="45" DEPTH_LEVEL="1"/>
		<Primitive ID="Ar0520004" BOX="24 272 829 325" ELEMENT_TYPE="Content" SEQ_NO="4" TOC_ENTRY_ID="45" DEPTH_LEVEL="1"/>
		<Primitive ID="Ar0520005" BOX="24 319 829 372" ELEMENT_TYPE="Content" SEQ_NO="5" TOC_ENTRY_ID="45" DEPTH_LEVEL="1"/>
		<Primitive ID="Ar0520006" BOX="24 367 829 419" ELEMENT_TYPE="Content" SEQ_NO="6" TOC_ENTRY_ID="45" DEPTH_LEVEL="1"/>
		<Primitive ID="Ar0520007" BOX="24 414 829 466" ELEMENT_TYPE="Content" SEQ_NO="7" TOC_ENTRY_ID="45" DEPTH_LEVEL="1"/>
		<Primitive ID="Ar0520008" BOX="24 461 829 513" ELEMENT_TYPE="Content" SEQ_NO="8" TOC_ENTRY_ID="45" DEPTH_LEVEL="1"/>
		<Primitive ID="Ar0520009" BOX="24 507 829 560" ELEMENT_TYPE="Content" SEQ_NO="9" TOC_ENTRY_ID="45" DEPTH_LEVEL="1"/>
		<Primitive ID="Ar0520010" BOX="24 555 829 608" ELEMENT_TYPE="Content" SEQ_NO="10" TOC_ENTRY_ID="45" DEPTH_LEVEL="1"/>
		<Primitive ID="Ar0520011" BOX="24 602 829 655" ELEMENT_TYPE="Content" SEQ_NO="11" TOC_ENTRY_ID="45" DEPTH_LEVEL="1"/>
		<Primitive ID="Ar0520012" BOX="24 649 829 702" ELEMENT_TYPE="Content" SEQ_NO="12" TOC_ENTRY_ID="45" DEPTH_LEVEL="1"/>
		<Primitive ID="Ar0520013" BOX="24 696 829 749" ELEMENT_TYPE="Content" SEQ_NO="13" TOC_ENTRY_ID="45" DEPTH_LEVEL="1"/>
		<Primitive ID="Ar0520014" BOX="24 743 829 796" ELEMENT_TYPE="Content" SEQ_NO="14" TOC_ENTRY_ID="45" DEPTH_LEVEL="1"/>
		<Primitive ID="Ar0520015" BOX="24 791 829 845" ELEMENT_TYPE="Content" SEQ_NO="15" TOC_ENTRY_ID="45" DEPTH_LEVEL="1"/>
		<Primitive ID="Ar0520016" BOX="24 837 829 889" ELEMENT_TYPE="Content" SEQ_NO="16" TOC_ENTRY_ID="45" DEPTH_LEVEL="1"/>
		<Primitive ID="Ar0520017" BOX="24 884 829 939" ELEMENT_TYPE="Content" SEQ_NO="17" TOC_ENTRY_ID="45" DEPTH_LEVEL="1"/>
		<Primitive ID="Ar0520018" BOX="24 931 829 986" ELEMENT_TYPE="Content" SEQ_NO="18" TOC_ENTRY_ID="45" DEPTH_LEVEL="1"/>
		<Primitive ID="Ar0520019" BOX="24 978 829 1030" ELEMENT_TYPE="Content" SEQ_NO="19" TOC_ENTRY_ID="45" DEPTH_LEVEL="1"/>
		<Primitive ID="Ar0520020" BOX="24 1024 829 1080" ELEMENT_TYPE="Content" SEQ_NO="20" TOC_ENTRY_ID="45" DEPTH_LEVEL="1"/>
		<Primitive ID="Ar0520021" BOX="24 1071 829 1126" ELEMENT_TYPE="Content" SEQ_NO="21" TOC_ENTRY_ID="45" DEPTH_LEVEL="1"/>
		<Primitive ID="Ar0520022" BOX="24 1119 829 1171" ELEMENT_TYPE="Content" SEQ_NO="22" TOC_ENTRY_ID="45" DEPTH_LEVEL="1"/>
		<Primitive ID="Ar0520023" BOX="24 1171 829 1219" ELEMENT_TYPE="Content" SEQ_NO="23" TOC_ENTRY_ID="45" DEPTH_LEVEL="1"/>
	</Entity>
	<Entity ENTITY_TYPE="Article" FIRST_TOC_ENTRY_ID="61" INDEX_IN_DOC="115" DEPTH_LEVEL="1" ID="Ar05201" SIZE="Small" BOX="24 12 829 78" NEXT_SECTION="" PREV_SECTION="1" IMAGES_RESOLUTION="86" LOGICAL_NAME="true">
		<Name>52 BRADSHAW THE BETRAYER.</Name>
		<Primitive ID="Ar0520100" BOX="24 12 829 78" ELEMENT_TYPE="Content" SEQ_NO="0" TOC_ENTRY_ID="61" DEPTH_LEVEL="1"/>
	</Entity>
</XMD-PAGE>