<?xml version="1.0" encoding="windows-1252" standalone="no"?>
<XMD-entity REPOSITORY_FORMAT="1.0" PRXML_VER="2.0" ENTITY_TYPE="Article" DOC_UID="EWJ_01/03/1858" DOC_VER="1" FIRST_TOC_ENTRY_ID="60" DEPTH_LEVEL="1" INDEX_IN_DOC="114" PAGE_NO="51" ID="Ar05101" BOX="24 12 829 75" LANGUAGE="English" SNP="Ar05101S.png" SNP_WIDTH="806" SNP_HEIGHT="63" LOGICAL_NAME="true">
	<Meta NAME="BEADSHAW THE BETRAYER. 51" DESCRIPTION="" SUBTYPE="" BASE_HREF="EWJ/1858/03/01" SOURCE_TYPE="TIFF" PUBLICATION="EWJ" SECTION="None" ISSUE_DATE="01/03/1858" WORDCNT="5" RELEASE_NO="041-EWJ-1858-03-01-001-SINGLE" PAGE_ID="" PAGE_TYPE="Single" PAGE_WIDTH="842" PAGE_HEIGHT="1244" DEFAULT_IMG_EXT="png" PDF_DESTINATION_MAPPED="OLV0_Entity_0051_0002" IMAGES_RESOLUTION="86" XMD_VER="2.6.238.8" PAGE_LABEL="51"/>
	<Link SOURCE="041-EWJ-1858-03-01-001-SINGLE.PDF" FIRST_ID="Ar00200" LAST_ID="Ar07201" NEXT_ID="" PREV_ID="Ar05100" TOC_ID="d:/Olive/Repository/EWJ/1858/03/01/TOC.xml"/>
	<DataFiles>
		<Files TYPE="DOC_PDF" PRESENT="1"/>
		<Files TYPE="PAGE_PDF" PRESENT="0"/>
		<Files TYPE="DOC_IMG" PRESENT="0"/>
		<Files TYPE="PAGE_IMG" PRESENT="0"/>
		<Files TYPE="PAGE_VIEW_IMG" PRESENT="1"/>
		<Files TYPE="PAGE_PREVIEW_IMG" PRESENT="1"/>
		<Files TYPE="PRIMITIVE_IMG" PRESENT="1"/>
		<Files TYPE="SNIPPET_IMG" PRESENT="1"/>
	</DataFiles>
	<Content>
		<Primitive BOX="24 12 829 75" ID="Ar0510100" SEQ_NO="0" TOC_ENTRY_ID="60" DEPTH_LEVEL="1">
			<L BOX="271 35 780 75"/>
			<Q BOX="271 37 286 75" STYLE_REF="15" QID="1">B</Q>
			<q BOX="285 36 387 75" STYLE_REF="15" QID="1">EADSHAW</q>
			<QW QID="1">BEADSHAW</QW>
			<W BOX="403 35 445 74" STYLE_REF="15">THE</W>
			<W BOX="460 35 570 73" STYLE_REF="15" NS="y">BETRAYER</W>
			<W BOX="571 35 580 73" STYLE_REF="15">.</W>
			<W BOX="750 35 780 73" STYLE_REF="15">51</W>
		</Primitive>
	</Content>
	<TOC_Entries><TOC_Entry TOC_ENTRY_ID="109" TITLE="BEADSHAW THE BETRAYER. 51" ENTITY_ID_REF="Ar05101" PAGE_NO="51" PAGE_LABEL="51" PRIM_ID_REF="Ar0510100" IS_IC="true"/></TOC_Entries></XMD-entity>
