<?xml version="1.0" encoding="windows-1252" standalone="no"?>
<XMD-entity REPOSITORY_FORMAT="1.0" PRXML_VER="2.0" ENTITY_TYPE="Article" DOC_UID="EWJ_01/04/1858" DOC_VER="1" FIRST_TOC_ENTRY_ID="22" DEPTH_LEVEL="1" INDEX_IN_DOC="48" PAGE_NO="17" ID="Ar01701" BOX="24 12 811 80" LANGUAGE="English" SNP="Ar01701S.png" SNP_WIDTH="788" SNP_HEIGHT="68" LOGICAL_NAME="true">
	<Meta NAME="ELIZABETH BLACKWELL. S9" DESCRIPTION="" SUBTYPE="" BASE_HREF="EWJ/1858/04/01" SOURCE_TYPE="TIFF" PUBLICATION="EWJ" SECTION="None" ISSUE_DATE="01/04/1858" WORDCNT="5" RELEASE_NO="041-EWJ-1858-04-01-001-SINGLE" PAGE_ID="" PAGE_TYPE="Single" PAGE_WIDTH="823" PAGE_HEIGHT="1239" DEFAULT_IMG_EXT="png" PDF_DESTINATION_MAPPED="OLV0_Entity_0017_0002" IMAGES_RESOLUTION="86" XMD_VER="2.6.238.8" PAGE_LABEL="89"/>
	<Link SOURCE="041-EWJ-1858-04-01-001-SINGLE.PDF" FIRST_ID="Ar00200" LAST_ID="Ar07201" NEXT_ID="" PREV_ID="Ar01700" TOC_ID="d:/Olive/Repository/EWJ/1858/04/01/TOC.xml"/>
	<DataFiles>
		<Files TYPE="DOC_PDF" PRESENT="1"/>
		<Files TYPE="PAGE_PDF" PRESENT="0"/>
		<Files TYPE="DOC_IMG" PRESENT="0"/>
		<Files TYPE="PAGE_IMG" PRESENT="0"/>
		<Files TYPE="PAGE_VIEW_IMG" PRESENT="1"/>
		<Files TYPE="PAGE_PREVIEW_IMG" PRESENT="1"/>
		<Files TYPE="PRIMITIVE_IMG" PRESENT="1"/>
		<Files TYPE="SNIPPET_IMG" PRESENT="1"/>
	</DataFiles>
	<Content>
		<Primitive BOX="24 12 811 80" ID="Ar0170100" SEQ_NO="0" TOC_ENTRY_ID="22" DEPTH_LEVEL="1">
			<L BOX="280 46 766 73"/>
			<Q BOX="280 46 369 71" STYLE_REF="10" QID="1">ELIZABE</Q>
			<q BOX="371 46 399 71" STYLE_REF="10" QID="1">TH</q>
			<QW QID="1">ELIZABETH</QW>
			<W BOX="414 46 544 71" STYLE_REF="10" NS="y">BLACKWELL</W>
			<W BOX="544 46 550 71" STYLE_REF="10">.</W>
			<W BOX="740 48 753 73" STYLE_REF="10" NS="y">S</W>
			<W BOX="753 48 766 73" STYLE_REF="10">9</W>
		</Primitive>
	</Content>
	<TOC_Entries><TOC_Entry TOC_ENTRY_ID="37" TITLE="ELIZABETH BLACKWELL. S9" ENTITY_ID_REF="Ar01701" PAGE_NO="17" PAGE_LABEL="89" PRIM_ID_REF="Ar0170100" IS_IC="true"/></TOC_Entries></XMD-entity>
