<?xml version="1.0" encoding="windows-1252" standalone="no"?>
<XMD-entity REPOSITORY_FORMAT="1.0" PRXML_VER="2.0" ENTITY_TYPE="Article" DOC_UID="EWJ_01/03/1858" DOC_VER="1" FIRST_TOC_ENTRY_ID="33" DEPTH_LEVEL="1" INDEX_IN_DOC="59" PAGE_NO="28" ID="Ar02800" BOX="24 12 829 107" LANGUAGE="English" SNP="Ar02800S.png" SNP_WIDTH="806" SNP_HEIGHT="95" LOGICAL_NAME="true">
	<Meta NAME="( 28 )" DESCRIPTION="" SUBTYPE="" BASE_HREF="EWJ/1858/03/01" SOURCE_TYPE="TIFF" PUBLICATION="EWJ" SECTION="None" ISSUE_DATE="01/03/1858" WORDCNT="3" RELEASE_NO="041-EWJ-1858-03-01-001-SINGLE" PAGE_ID="" PAGE_TYPE="Single" PAGE_WIDTH="842" PAGE_HEIGHT="1244" DEFAULT_IMG_EXT="png" PDF_DESTINATION_MAPPED="OLV0_Entity_0028_0001" IMAGES_RESOLUTION="86" XMD_VER="2.6.238.8" PAGE_LABEL="28"/>
	<Link SOURCE="041-EWJ-1858-03-01-001-SINGLE.PDF" FIRST_ID="Ar00200" LAST_ID="Ar07201" NEXT_ID="Ar02801" PREV_ID="" TOC_ID="d:/Olive/Repository/EWJ/1858/03/01/TOC.xml"/>
	<DataFiles>
		<Files TYPE="DOC_PDF" PRESENT="1"/>
		<Files TYPE="PAGE_PDF" PRESENT="0"/>
		<Files TYPE="DOC_IMG" PRESENT="0"/>
		<Files TYPE="PAGE_IMG" PRESENT="0"/>
		<Files TYPE="PAGE_VIEW_IMG" PRESENT="1"/>
		<Files TYPE="PAGE_PREVIEW_IMG" PRESENT="1"/>
		<Files TYPE="PRIMITIVE_IMG" PRESENT="1"/>
		<Files TYPE="SNIPPET_IMG" PRESENT="1"/>
	</DataFiles>
	<Content>
		<Primitive BOX="24 12 829 107" ID="Ar0280000" SEQ_NO="0" TOC_ENTRY_ID="33" DEPTH_LEVEL="1">
			<L BOX="392 35 491 70"/>
			<W BOX="392 35 400 70" STYLE_REF="26">(</W>
			<W BOX="427 35 454 70" STYLE_REF="26">28</W>
			<W BOX="482 35 491 70" STYLE_REF="26">)</W>
		</Primitive>
	</Content>
	<TOC_Entries><TOC_Entry TOC_ENTRY_ID="59" TITLE="( 28 )" ENTITY_ID_REF="Ar02800" PAGE_NO="28" PAGE_LABEL="28" PRIM_ID_REF="Ar0280000" IS_IC="true"/></TOC_Entries></XMD-entity>
