<?xml version="1.0" encoding="windows-1252" standalone="no"?>
<XMD-entity REPOSITORY_FORMAT="1.0" PRXML_VER="2.0" ENTITY_TYPE="Article" DOC_UID="EWJ_01/03/1858" DOC_VER="1" FIRST_TOC_ENTRY_ID="35" DEPTH_LEVEL="1" INDEX_IN_DOC="61" PAGE_NO="28" ID="Ar02801" BOX="24 194 829 1219" LANGUAGE="English" CONTINUATION_TO="Ar02900" SNP="Ar02801S.png" SNP_WIDTH="806" SNP_HEIGHT="56" LOGICAL_NAME="true">
	<Meta NAME="Considerable interest having been expres..." DESCRIPTION="" SUBTYPE="" BASE_HREF="EWJ/1858/03/01" SOURCE_TYPE="TIFF" PUBLICATION="EWJ" SECTION="None" ISSUE_DATE="01/03/1858" WORDCNT="525" RELEASE_NO="041-EWJ-1858-03-01-001-SINGLE" PAGE_ID="" PAGE_TYPE="Single" PAGE_WIDTH="842" PAGE_HEIGHT="1244" DEFAULT_IMG_EXT="png" PDF_DESTINATION_MAPPED="OLV0_Entity_0028_0002" IMAGES_RESOLUTION="86" XMD_VER="2.6.238.8" PAGE_LABEL="28"/>
	<Application_Data><Application_Info AI_TYPE="WORKING_STATUS">In Progress</Application_Info><Application_Info AI_TYPE="dc:title">fhhgfjhfhfjhfjhfv</Application_Info><Application_Info AI_TYPE="kc:periodicalTitle">English Woman's Journal(1858-1864)</Application_Info><Application_Info AI_TYPE="kc:actualTitle">The English Women's Journal</Application_Info><Application_Info AI_TYPE="dc:date">15/11/2007</Application_Info><Application_Info AI_TYPE="dc:source"></Application_Info><Application_Info AI_TYPE="kc:volume"></Application_Info><Application_Info AI_TYPE="kc:number"></Application_Info><Application_Info AI_TYPE="kc:edition"></Application_Info><Application_Info AI_TYPE="kc:imgDesc"></Application_Info><Application_Info AI_TYPE="kc:price"></Application_Info><Application_Info AI_TYPE="kc:bibliographic">Yes</Application_Info><Application_Info AI_TYPE="kc:departmentGeneric"></Application_Info><Application_Info AI_TYPE="dc:description"></Application_Info><Application_Info AI_TYPE="dc:format"></Application_Info><Application_Info AI_TYPE="dc:subject"/></Application_Data><Link SOURCE="041-EWJ-1858-03-01-001-SINGLE.PDF" FIRST_ID="Ar00200" LAST_ID="Ar07201" NEXT_ID="Ar02802" PREV_ID="Ar02800" TOC_ID="d:/Olive/Repository/EWJ/1858/03/01/TOC.xml"/>
	<DataFiles>
		<Files TYPE="DOC_PDF" PRESENT="1"/>
		<Files TYPE="PAGE_PDF" PRESENT="0"/>
		<Files TYPE="DOC_IMG" PRESENT="0"/>
		<Files TYPE="PAGE_IMG" PRESENT="0"/>
		<Files TYPE="PAGE_VIEW_IMG" PRESENT="1"/>
		<Files TYPE="PAGE_PREVIEW_IMG" PRESENT="1"/>
		<Files TYPE="PRIMITIVE_IMG" PRESENT="1"/>
		<Files TYPE="SNIPPET_IMG" PRESENT="1"/>
	</DataFiles>
	<Content>
		<Primitive BOX="24 194 829 250" ID="Ar0280100" SEQ_NO="0" TOC_ENTRY_ID="35" DEPTH_LEVEL="1">
			<L BOX="83 221 798 250"/>
			<W BOX="83 221 223 249" STYLE_REF="5">Considerable</W>
			<W BOX="235 221 315 249" STYLE_REF="5">interest</W>
			<W BOX="331 221 402 249" STYLE_REF="5">having</W>
			<W BOX="413 221 461 249" STYLE_REF="5">been</W>
			<W BOX="474 221 570 250" STYLE_REF="5">expressed</W>
			<W BOX="585 221 700 250" STYLE_REF="5">concerning</W>
			<W BOX="712 221 737 250" STYLE_REF="5">an</W>
			<Q BOX="750 221 789 250" STYLE_REF="5" QID="1">inci</Q>
			<Q BOX="789 221 798 250" STYLE_REF="5" QID="1">-</Q>
		</Primitive>
		<Primitive BOX="24 245 829 297" ID="Ar0280101" SEQ_NO="1" TOC_ENTRY_ID="35" DEPTH_LEVEL="1">
			<L BOX="81 245 789 273"/>
			<q BOX="81 245 145 273" STYLE_REF="5" QID="1">dental</q>
			<QW QID="1">incidental</QW>
			<Q BOX="154 245 173 273" STYLE_REF="5" QID="2">m</Q>
			<q BOX="174 245 238 273" STYLE_REF="5" QID="2">ention</q>
			<QW QID="2">mention</QW>
			<W BOX="248 245 266 273" STYLE_REF="5">of</W>
			<W BOX="275 245 322 273" STYLE_REF="5">Miss</W>
			<W BOX="331 245 437 273" STYLE_REF="5">Bosanquet</W>
			<W BOX="450 245 513 273" STYLE_REF="5">which</W>
			<W BOX="525 245 613 273" STYLE_REF="5">occurred</W>
			<W BOX="623 245 643 273" STYLE_REF="5">in</W>
			<W BOX="652 245 662 273" STYLE_REF="5">a</W>
			<W BOX="671 245 738 273" STYLE_REF="5">Scotch</W>
			<W BOX="746 245 789 273" STYLE_REF="5">peri</W>
			<L BOX="80 268 798 297"/>
			<W BOX="80 268 141 297" STYLE_REF="5">odical</W>
			<W BOX="151 268 202 297" STYLE_REF="5">some</W>
			<Q BOX="210 268 244 297" STYLE_REF="5" QID="3">tim</Q>
			<q BOX="245 268 256 297" STYLE_REF="5" QID="3">e</q>
			<QW QID="3">time</QW>
			<W BOX="264 268 317 297" STYLE_REF="5" NS="y">since</W>
			<W BOX="317 268 323 297" STYLE_REF="5">,</W>
			<W BOX="332 268 362 297" STYLE_REF="5">we</W>
			<W BOX="369 268 418 297" STYLE_REF="5">have</W>
			<Q BOX="429 268 489 297" STYLE_REF="5" QID="4">thoug</Q>
			<q BOX="488 268 510 297" STYLE_REF="5" QID="4">ht</q>
			<QW QID="4">thought</QW>
			<W BOX="523 268 563 297" STYLE_REF="5">that</W>
			<W BOX="572 268 583 297" STYLE_REF="5">a</W>
			<W BOX="591 268 629 297" STYLE_REF="5">few</W>
			<W BOX="637 268 701 297" STYLE_REF="5">words</W>
			<Q BOX="709 269 745 297" STYLE_REF="5" QID="5">exp</Q>
			<Q BOX="746 268 777 297" STYLE_REF="5" QID="5">lan</Q>
			<Q BOX="778 268 789 297" STYLE_REF="5" QID="5">a</Q>
			<Q BOX="789 268 798 297" STYLE_REF="5" QID="5">-</Q>
		</Primitive>
		<Primitive BOX="24 292 829 344" ID="Ar0280102" SEQ_NO="2" TOC_ENTRY_ID="35" DEPTH_LEVEL="1">
			<L BOX="79 292 796 320"/>
			<q BOX="79 292 123 320" STYLE_REF="5" QID="5">tory</q>
			<QW QID="5">explanatory</QW>
			<W BOX="135 292 153 320" STYLE_REF="5">of</W>
			<W BOX="167 292 210 320" STYLE_REF="5">who</W>
			<W BOX="222 292 255 320" STYLE_REF="5">she</W>
			<W BOX="268 292 308 320" STYLE_REF="5" NS="y">was</W>
			<W BOX="308 292 313 320" STYLE_REF="5">,</W>
			<W BOX="325 292 361 320" STYLE_REF="5">and</W>
			<W BOX="374 292 426 320" STYLE_REF="5">what</W>
			<W BOX="437 292 471 320" STYLE_REF="5">she</W>
			<W BOX="484 292 516 320" STYLE_REF="5" NS="y">did</W>
			<W BOX="518 292 523 320" STYLE_REF="5">,</W>
			<Q BOX="539 292 565 320" STYLE_REF="5" QID="6">mi</Q>
			<Q BOX="565 292 579 320" STYLE_REF="5" QID="6">g</Q>
			<q BOX="578 292 600 320" STYLE_REF="5" QID="6">ht</q>
			<QW QID="6">might</QW>
			<W BOX="612 292 646 320" STYLE_REF="5">not</W>
			<W BOX="658 292 683 320" STYLE_REF="5">be</W>
			<Q BOX="695 292 788 320" STYLE_REF="5" QID="7">unaccept</Q>
			<Q BOX="788 292 796 320" STYLE_REF="5" QID="7">-</Q>
			<L BOX="79 315 794 344"/>
			<q BOX="79 315 122 344" STYLE_REF="5" QID="7">able</q>
			<QW QID="7">unacceptable</QW>
			<W BOX="138 315 158 344" STYLE_REF="5">to</W>
			<W BOX="174 315 208 344" STYLE_REF="5">our</W>
			<W BOX="224 315 298 344" STYLE_REF="5" NS="y">readers</W>
			<W BOX="300 315 305 344" STYLE_REF="5">,</W>
			<Q BOX="322 315 369 343" STYLE_REF="5" QID="8">whil</Q>
			<q BOX="369 315 380 343" STYLE_REF="5" QID="8">e</q>
			<QW QID="8">while</QW>
			<W BOX="395 315 411 343" STYLE_REF="5">it</W>
			<W BOX="427 315 490 343" STYLE_REF="5">serves</W>
			<W BOX="507 315 528 343" STYLE_REF="5">as</W>
			<W BOX="544 315 554 343" STYLE_REF="5">a</W>
			<Q BOX="570 315 603 343" STYLE_REF="5" QID="9">leg</Q>
			<q BOX="603 315 676 344" STYLE_REF="5" QID="9">itimate</q>
			<QW QID="9">legitimate</QW>
			<W BOX="687 316 761 344" STYLE_REF="5">preface</W>
			<W BOX="774 316 794 344" STYLE_REF="5">to</W>
		</Primitive>
		<Primitive BOX="24 339 829 391" ID="Ar0280103" SEQ_NO="3" TOC_ENTRY_ID="35" DEPTH_LEVEL="1">
			<L BOX="78 339 797 367"/>
			<W BOX="78 339 89 367" STYLE_REF="5">a</W>
			<W BOX="102 339 160 367" STYLE_REF="5">series</W>
			<W BOX="173 339 191 367" STYLE_REF="5">of</W>
			<Q BOX="204 339 283 367" STYLE_REF="5" QID="10">biograp</Q>
			<q BOX="284 339 325 367" STYLE_REF="5" QID="10">hies</q>
			<QW QID="10">biographies</QW>
			<W BOX="337 339 402 367" STYLE_REF="5">which</W>
			<W BOX="409 339 439 367" STYLE_REF="5">we</W>
			<W BOX="447 339 495 367" STYLE_REF="5">hope</W>
			<W BOX="507 339 527 367" STYLE_REF="5">to</W>
			<W BOX="538 339 616 367" STYLE_REF="5">publish</W>
			<W BOX="628 339 649 367" STYLE_REF="5">in</W>
			<W BOX="662 339 701 367" STYLE_REF="5">this</W>
			<Q BOX="711 339 767 367" STYLE_REF="5" QID="11">journ</Q>
			<q BOX="769 339 787 367" STYLE_REF="5" NS="y" QID="11">al</q>
			<QW QID="11">journal</QW>
			<W BOX="788 339 797 367" STYLE_REF="5">.</W>
			<L BOX="77 362 795 391"/>
			<W BOX="77 362 126 391" STYLE_REF="5">Miss</W>
			<W BOX="142 362 248 391" STYLE_REF="5">Bosanquet</W>
			<W BOX="265 362 327 391" STYLE_REF="5">closed</W>
			<W BOX="344 362 377 391" STYLE_REF="5">her</W>
			<W BOX="393 362 440 391" STYLE_REF="5">long</W>
			<W BOX="455 362 487 390" STYLE_REF="5">life</W>
			<W BOX="505 362 525 390" STYLE_REF="5">in</W>
			<W BOX="546 362 594 390" STYLE_REF="5" NS="y">1815</W>
			<W BOX="595 362 600 390" STYLE_REF="5">,</W>
			<W BOX="622 362 659 391" STYLE_REF="5">and</W>
			<W BOX="676 363 709 391" STYLE_REF="5">yet</W>
			<W BOX="726 363 760 391" STYLE_REF="5">she</W>
			<W BOX="777 363 795 391" STYLE_REF="5">is</W>
		</Primitive>
		<Primitive BOX="24 386 829 438" ID="Ar0280104" SEQ_NO="4" TOC_ENTRY_ID="35" DEPTH_LEVEL="1">
			<L BOX="77 386 794 415"/>
			<Q BOX="77 386 173 414" STYLE_REF="5" QID="12">intimatel</Q>
			<q BOX="173 387 186 415" STYLE_REF="5" QID="12">y</q>
			<QW QID="12">intimately</QW>
			<W BOX="198 386 264 414" STYLE_REF="5">linked</W>
			<W BOX="281 386 328 414" STYLE_REF="5">with</W>
			<W BOX="344 386 401 414" STYLE_REF="5">much</W>
			<W BOX="412 386 454 414" STYLE_REF="5">that</W>
			<W BOX="466 386 482 414" STYLE_REF="5">is</W>
			<W BOX="495 386 553 414" STYLE_REF="5">going</W>
			<W BOX="564 386 589 414" STYLE_REF="5">on</W>
			<W BOX="602 386 674 414" STYLE_REF="5">around</W>
			<W BOX="686 386 710 415" STYLE_REF="5">us</W>
			<W BOX="721 387 741 415" STYLE_REF="5">at</W>
			<W BOX="753 387 794 415" STYLE_REF="5">this</W>
			<L BOX="76 409 794 438"/>
			<Q BOX="76 410 90 438" STYLE_REF="5" QID="13">h</Q>
			<q BOX="91 412 125 437" STYLE_REF="14" NS="y" QID="13">our</q>
			<QW QID="13">hour</QW>
			<W BOX="127 409 132 438" STYLE_REF="5">,</W>
			<W BOX="140 409 212 438" STYLE_REF="5">having</W>
			<W BOX="220 409 299 438" STYLE_REF="5">devoted</W>
			<W BOX="309 409 344 438" STYLE_REF="5">her</W>
			<W BOX="352 409 382 438" STYLE_REF="5">life</W>
			<W BOX="397 409 417 438" STYLE_REF="5">to</W>
			<W BOX="429 409 440 438" STYLE_REF="5">a</W>
			<W BOX="453 409 555 438" STYLE_REF="5">multitude</W>
			<W BOX="561 409 578 438" STYLE_REF="5">of</W>
			<W BOX="587 409 663 438" STYLE_REF="5">labours</W>
			<W BOX="672 409 735 438" STYLE_REF="5">which</W>
			<W BOX="743 410 794 438" STYLE_REF="5">were</W>
		</Primitive>
		<Primitive BOX="24 433 829 486" ID="Ar0280105" SEQ_NO="5" TOC_ENTRY_ID="35" DEPTH_LEVEL="1">
			<L BOX="76 433 792 462"/>
			<W BOX="76 433 96 461" STYLE_REF="5">at</W>
			<W BOX="103 433 137 461" STYLE_REF="5">the</W>
			<W BOX="145 433 192 461" STYLE_REF="5">time</W>
			<Q BOX="200 433 303 461" STYLE_REF="5" QID="14">exceeding</Q>
			<Q BOX="304 433 310 461" STYLE_REF="5" QID="14">l</Q>
			<q BOX="310 433 324 462" STYLE_REF="5" QID="14">y</q>
			<QW QID="14">exceedingly</QW>
			<Q BOX="333 433 463 461" STYLE_REF="5" QID="15">unfashionabl</Q>
			<q BOX="466 433 477 461" STYLE_REF="5" NS="y" QID="15">e</q>
			<QW QID="15">unfashionable</QW>
			<W BOX="477 433 482 461" STYLE_REF="5">,</W>
			<W BOX="491 433 558 461" STYLE_REF="5" NS="y">indeed</W>
			<W BOX="560 433 565 461" STYLE_REF="5">,</W>
			<Q BOX="574 433 673 462" STYLE_REF="5" QID="16">considere</Q>
			<q BOX="674 433 686 462" STYLE_REF="5" QID="16">d</q>
			<QW QID="16">considered</QW>
			<W BOX="699 434 792 462" STYLE_REF="5">eccentric</W>
			<L BOX="75 456 793 486"/>
			<W BOX="75 456 97 485" STYLE_REF="5">in</W>
			<W BOX="110 456 143 485" STYLE_REF="5">the</W>
			<Q BOX="158 456 178 485" STYLE_REF="5" QID="17">hi</Q>
			<Q BOX="179 457 192 486" STYLE_REF="5" QID="17">g</Q>
			<q BOX="192 456 233 484" STYLE_REF="5" QID="17">hest</q>
			<QW QID="17">highest</QW>
			<W BOX="247 456 316 484" STYLE_REF="5" NS="y">degree</W>
			<W BOX="316 456 322 484" STYLE_REF="5">.</W>
			<W BOX="348 456 372 484" STYLE_REF="5">So</W>
			<W BOX="381 456 485 484" STYLE_REF="5">wonderful</W>
			<W BOX="499 456 510 484" STYLE_REF="5">a</W>
			<Q BOX="522 456 564 484" STYLE_REF="5" QID="18">stud</Q>
			<q BOX="564 457 577 485" STYLE_REF="5" QID="18">y</q>
			<QW QID="18">study</QW>
			<W BOX="591 457 609 485" STYLE_REF="5">is</W>
			<W BOX="621 457 637 485" STYLE_REF="5">it</W>
			<W BOX="648 457 668 485" STYLE_REF="5">to</W>
			<W BOX="678 457 740 485" STYLE_REF="5">watch</W>
			<W BOX="748 457 793 485" STYLE_REF="5">how</W>
		</Primitive>
		<Primitive BOX="24 480 829 533" ID="Ar0280106" SEQ_NO="6" TOC_ENTRY_ID="35" DEPTH_LEVEL="1">
			<L BOX="75 480 791 509"/>
			<W BOX="75 480 106 508" STYLE_REF="5">we</W>
			<W BOX="119 480 192 508" STYLE_REF="5">change</W>
			<W BOX="205 480 238 508" STYLE_REF="5">our</W>
			<W BOX="251 480 314 508" STYLE_REF="5">minds</W>
			<W BOX="326 480 371 508" STYLE_REF="5">from</W>
			<W BOX="386 480 494 508" STYLE_REF="5">generation</W>
			<W BOX="507 480 526 508" STYLE_REF="5">to</W>
			<W BOX="538 480 645 508" STYLE_REF="5">generation</W>
			<W BOX="653 480 656 508" STYLE_REF="6">I</W>
			<W BOX="684 481 707 509" STYLE_REF="5">Of</W>
			<W BOX="716 481 791 509" STYLE_REF="5">district</W>
			<L BOX="74 503 791 533"/>
			<W BOX="74 504 153 532" STYLE_REF="5" NS="y">visitors</W>
			<W BOX="154 504 159 532" STYLE_REF="5">,</W>
			<W BOX="173 504 221 532" STYLE_REF="5">tract</W>
			<W BOX="235 504 356 532" STYLE_REF="5" NS="y">distributors</W>
			<W BOX="357 504 365 532" STYLE_REF="5" NS="y">!</W>
			<W BOX="360 503 362 531" STYLE_REF="5">,</W>
			<W BOX="377 504 455 532" STYLE_REF="5">Sunday</W>
			<W BOX="468 504 534 532" STYLE_REF="5">School</W>
			<Q BOX="549 504 635 532" STYLE_REF="5" QID="19">teachers</Q>
			<q BOX="656 504 693 533" STYLE_REF="5" QID="19">and</q>
			<QW QID="19">teachersand</QW>
			<Q BOX="710 505 757 533" STYLE_REF="5" QID="20">hosp</Q>
			<q BOX="757 505 791 533" STYLE_REF="5" QID="20">ital</q>
			<QW QID="20">hospital</QW>
		</Primitive>
		<Primitive BOX="24 527 829 580" ID="Ar0280107" SEQ_NO="7" TOC_ENTRY_ID="35" DEPTH_LEVEL="1">
			<L BOX="636 505 641 533"/>
			<W BOX="636 505 641 533" STYLE_REF="5">,</W>
			<L BOX="74 527 594 556"/>
			<W BOX="74 527 141 556" STYLE_REF="5" NS="y">nurses</W>
			<W BOX="141 527 146 555" STYLE_REF="5">,</W>
			<W BOX="155 527 202 556" STYLE_REF="5">Miss</W>
			<W BOX="210 527 318 556" STYLE_REF="5">Bosanquet</W>
			<W BOX="326 528 369 556" STYLE_REF="5">may</W>
			<W BOX="377 527 401 556" STYLE_REF="5">be</W>
			<W BOX="409 527 466 556" STYLE_REF="5">taken</W>
			<W BOX="474 527 494 556" STYLE_REF="5">as</W>
			<W BOX="502 527 535 556" STYLE_REF="5">the</W>
			<W BOX="543 527 588 556" STYLE_REF="5" NS="y">type</W>
			<W BOX="588 527 594 556" STYLE_REF="5">.</W>
			<L BOX="98 551 791 580"/>
			<W BOX="98 551 137 579" STYLE_REF="5">She</W>
			<W BOX="145 551 185 579" STYLE_REF="5">was</W>
			<W BOX="192 551 239 579" STYLE_REF="5">born</W>
			<W BOX="247 551 272 579" STYLE_REF="5">on</W>
			<W BOX="281 551 313 579" STYLE_REF="5">the</W>
			<W BOX="323 551 351 579" STYLE_REF="5">let</W>
			<W BOX="359 551 377 579" STYLE_REF="5">of</W>
			<W BOX="386 551 494 579" STYLE_REF="5" NS="y">September</W>
			<W BOX="495 551 500 579" STYLE_REF="5">,</W>
			<W BOX="506 551 536 579" STYLE_REF="5">old</W>
			<Q BOX="545 551 577 579" STYLE_REF="5" QID="21">sty</Q>
			<q BOX="576 551 595 579" STYLE_REF="5" NS="y" QID="21">le</q>
			<QW QID="21">style</QW>
			<W BOX="596 551 601 579" STYLE_REF="5">,</W>
			<W BOX="611 554 658 579" STYLE_REF="14" NS="y">1739</W>
			<W BOX="660 551 665 580" STYLE_REF="5">,</W>
			<W BOX="675 551 732 580" STYLE_REF="5">when</W>
			<W BOX="739 551 791 580" STYLE_REF="5">John</W>
		</Primitive>
		<Primitive BOX="24 573 829 627" ID="Ar0280108" SEQ_NO="8" TOC_ENTRY_ID="35" DEPTH_LEVEL="1">
			<L BOX="73 573 790 604"/>
			<W BOX="73 575 149 603" STYLE_REF="5">Wesley</W>
			<W BOX="157 575 196 603" STYLE_REF="5">was</W>
			<Q BOX="203 575 261 603" STYLE_REF="5" QID="22">thirty</Q>
			<Q BOX="261 575 270 603" STYLE_REF="5" LH="y" QID="22">-</Q>
			<q BOX="270 575 301 603" STYLE_REF="5" QID="22">six</q>
			<QW QID="22">thirty-six</QW>
			<W BOX="309 575 364 603" STYLE_REF="5">years</W>
			<W BOX="370 575 387 603" STYLE_REF="5">of</W>
			<W BOX="396 575 432 603" STYLE_REF="5" NS="y">age</W>
			<W BOX="432 573 437 602" STYLE_REF="5">,</W>
			<W BOX="447 575 483 603" STYLE_REF="5">and</W>
			<W BOX="491 575 547 603" STYLE_REF="5">when</W>
			<W BOX="551 575 664 603" STYLE_REF="5">Methodism</W>
			<W BOX="671 575 707 603" STYLE_REF="5">had</W>
			<Q BOX="713 575 775 603" STYLE_REF="5" QID="23">alread</Q>
			<q BOX="776 576 790 604" STYLE_REF="5" QID="23">y</q>
			<QW QID="23">already</QW>
			<L BOX="73 598 790 627"/>
			<W BOX="73 598 136 626" STYLE_REF="5">begun</W>
			<W BOX="144 598 164 626" STYLE_REF="5">to</W>
			<Q BOX="171 598 215 626" STYLE_REF="5" QID="24">mak</Q>
			<q BOX="216 598 226 626" STYLE_REF="5" QID="24">e</q>
			<QW QID="24">make</QW>
			<W BOX="234 598 287 626" STYLE_REF="5">great</W>
			<W BOX="295 598 380 626" STYLE_REF="5">progress</W>
			<W BOX="389 598 410 626" STYLE_REF="5">in</W>
			<W BOX="420 598 499 626" STYLE_REF="5" NS="y">London</W>
			<W BOX="501 598 506 626" STYLE_REF="5">,</W>
			<W BOX="515 598 584 627" STYLE_REF="5" NS="y">Bristol</W>
			<W BOX="586 598 591 627" STYLE_REF="5">,</W>
			<W BOX="599 598 637 627" STYLE_REF="5">and</W>
			<W BOX="648 598 702 627" STYLE_REF="5">other</W>
			<W BOX="710 599 763 627" STYLE_REF="5">parts</W>
			<W BOX="771 599 790 627" STYLE_REF="5">of</W>
		</Primitive>
		<Primitive BOX="24 622 829 674" ID="Ar0280109" SEQ_NO="9" TOC_ENTRY_ID="35" DEPTH_LEVEL="1">
			<L BOX="72 622 791 650"/>
			<W BOX="72 622 106 650" STYLE_REF="5">the</W>
			<W BOX="114 622 166 650" STYLE_REF="5">West</W>
			<W BOX="175 622 194 650" STYLE_REF="5">of</W>
			<Q BOX="203 622 246 650" STYLE_REF="5" QID="25">Eng</Q>
			<q BOX="246 622 291 650" STYLE_REF="5" NS="y" QID="25">land</q>
			<QW QID="25">England</QW>
			<W BOX="291 622 297 650" STYLE_REF="5">.</W>
			<W BOX="323 622 341 650" STYLE_REF="5">It</W>
			<W BOX="351 622 389 650" STYLE_REF="5">was</W>
			<W BOX="397 622 417 650" STYLE_REF="5">in</W>
			<W BOX="425 622 465 650" STYLE_REF="5">this</W>
			<W BOX="472 622 519 650" STYLE_REF="5">very</W>
			<W BOX="527 622 571 650" STYLE_REF="5">year</W>
			<Q BOX="579 622 600 650" STYLE_REF="5" QID="26">th</Q>
			<q BOX="601 622 621 650" STYLE_REF="5" QID="26">at</q>
			<QW QID="26">that</QW>
			<Q BOX="630 622 706 650" STYLE_REF="5" QID="27">Whitefi</Q>
			<q BOX="708 622 739 650" STYLE_REF="5" QID="27">eld</q>
			<QW QID="27">Whitefield</QW>
			<W BOX="749 622 791 650" STYLE_REF="5">first</W>
			<L BOX="72 645 789 674"/>
			<W BOX="72 645 133 674" STYLE_REF="5">began</W>
			<W BOX="141 645 172 674" STYLE_REF="5">his</W>
			<W BOX="179 645 250 674" STYLE_REF="5">famous</W>
			<W BOX="258 645 370 674" STYLE_REF="5">preachings</W>
			<W BOX="382 645 402 674" STYLE_REF="5">in</W>
			<W BOX="414 645 448 674" STYLE_REF="5">the</W>
			<W BOX="460 645 507 674" STYLE_REF="5">open</W>
			<W BOX="517 645 545 674" STYLE_REF="5" NS="y">air</W>
			<W BOX="552 645 557 674" STYLE_REF="5">;</W>
			<W BOX="571 645 608 674" STYLE_REF="5">and</W>
			<Q BOX="619 645 632 674" STYLE_REF="5" QID="28">b</Q>
			<q BOX="632 646 645 674" STYLE_REF="5" QID="28">y</q>
			<QW QID="28">by</QW>
			<W BOX="657 646 691 674" STYLE_REF="5">the</W>
			<W BOX="701 646 748 674" STYLE_REF="5">time</W>
			<W BOX="756 646 789 674" STYLE_REF="5">the</W>
		</Primitive>
		<Primitive BOX="24 669 829 722" ID="Ar0280110" SEQ_NO="10" TOC_ENTRY_ID="35" DEPTH_LEVEL="1">
			<L BOX="71 669 791 698"/>
			<Q BOX="71 669 111 697" STYLE_REF="5" QID="29">littl</Q>
			<q BOX="112 669 123 697" STYLE_REF="5" QID="29">e</q>
			<QW QID="29">little</QW>
			<Q BOX="135 669 185 697" STYLE_REF="5" QID="30">daug</Q>
			<q BOX="185 669 227 697" STYLE_REF="5" QID="30">hter</q>
			<QW QID="30">daughter</QW>
			<W BOX="235 669 253 697" STYLE_REF="5">of</W>
			<W BOX="261 669 295 697" STYLE_REF="5">the</W>
			<W BOX="302 669 343 697" STYLE_REF="5">rich</W>
			<W BOX="355 669 400 697" STYLE_REF="5">City</W>
			<Q BOX="409 669 464 697" STYLE_REF="5" QID="31">famil</Q>
			<q BOX="463 669 477 697" STYLE_REF="5" NS="y" QID="31">y</q>
			<QW QID="31">family</QW>
			<W BOX="477 669 483 697" STYLE_REF="5">,</W>
			<W BOX="491 669 535 697" STYLE_REF="5">who</W>
			<W BOX="545 669 594 697" STYLE_REF="5">lived</W>
			<W BOX="609 669 665 697" STYLE_REF="5">down</W>
			<W BOX="675 669 694 697" STYLE_REF="5">at</W>
			<W BOX="705 670 746 698" STYLE_REF="5">Ley</W>
			<Q BOX="747 669 781 698" STYLE_REF="5" QID="32">ton</Q>
			<Q BOX="782 669 791 698" STYLE_REF="5" QID="32">-</Q>
			<L BOX="71 692 788 722"/>
			<q BOX="71 692 125 721" STYLE_REF="5" QID="32">stone</q>
			<QW QID="32">tonstone</QW>
			<W BOX="133 692 154 721" STYLE_REF="5">in</W>
			<W BOX="163 692 222 721" STYLE_REF="5" NS="y">Essex</W>
			<W BOX="223 692 228 720" STYLE_REF="5">,</W>
			<W BOX="237 692 288 721" STYLE_REF="5">grew</W>
			<W BOX="297 692 328 720" STYLE_REF="5">old</W>
			<Q BOX="337 692 384 721" STYLE_REF="5" QID="33">enou</Q>
			<Q BOX="385 693 399 721" STYLE_REF="5" QID="33">g</Q>
			<q BOX="398 693 411 721" STYLE_REF="5" QID="33">h</q>
			<QW QID="33">enough</QW>
			<W BOX="419 693 440 721" STYLE_REF="5">to</W>
			<W BOX="448 693 504 721" STYLE_REF="5">think</W>
			<W BOX="513 693 531 721" STYLE_REF="5">at</W>
			<W BOX="541 693 567 721" STYLE_REF="5" NS="y">all</W>
			<W BOX="568 693 573 721" STYLE_REF="5">,</W>
			<W BOX="583 693 618 722" STYLE_REF="5">she</W>
			<Q BOX="626 693 666 722" STYLE_REF="5" QID="34">cam</Q>
			<q BOX="667 693 678 722" STYLE_REF="5" QID="34">e</q>
			<QW QID="34">came</QW>
			<W BOX="686 693 746 722" STYLE_REF="5">under</W>
			<W BOX="756 693 788 722" STYLE_REF="5">the</W>
		</Primitive>
		<Primitive BOX="24 716 829 770" ID="Ar0280111" SEQ_NO="11" TOC_ENTRY_ID="35" DEPTH_LEVEL="1">
			<L BOX="71 716 786 746"/>
			<W BOX="71 716 167 744" STYLE_REF="5">influence</W>
			<W BOX="180 716 198 744" STYLE_REF="5">of</W>
			<W BOX="211 716 243 744" STYLE_REF="5">the</W>
			<Q BOX="257 716 351 744" STYLE_REF="5" QID="35">wonderfu</Q>
			<q BOX="354 716 361 744" STYLE_REF="5" QID="35">l</q>
			<QW QID="35">wonderful</QW>
			<Q BOX="373 716 407 744" STYLE_REF="5" QID="36">reli</Q>
			<Q BOX="409 717 422 746" STYLE_REF="5" QID="36">g</Q>
			<q BOX="422 716 464 745" STYLE_REF="5" QID="36">ious</q>
			<QW QID="36">religious</QW>
			<W BOX="473 716 545 745" STYLE_REF="5">revival</W>
			<W BOX="557 716 621 745" STYLE_REF="5">which</W>
			<W BOX="637 716 677 745" STYLE_REF="5">was</W>
			<W BOX="687 717 786 745" STYLE_REF="5">spreading</W>
			<L BOX="70 740 785 770"/>
			<W BOX="70 740 122 768" STYLE_REF="5">more</W>
			<Q BOX="136 740 193 768" STYLE_REF="5" QID="37">widel</Q>
			<q BOX="193 740 206 768" STYLE_REF="5" QID="37">y</q>
			<QW QID="37">widely</QW>
			<W BOX="219 740 264 768" STYLE_REF="5">year</W>
			<Q BOX="275 740 287 768" STYLE_REF="5" QID="38">b</Q>
			<q BOX="287 740 300 768" STYLE_REF="5" QID="38">y</q>
			<QW QID="38">by</QW>
			<W BOX="312 740 357 768" STYLE_REF="5" NS="y">year</W>
			<W BOX="357 740 364 768" STYLE_REF="5">.</W>
			<W BOX="388 740 427 768" STYLE_REF="5" NS="y">Not</W>
			<W BOX="429 740 434 768" STYLE_REF="5">,</W>
			<W BOX="443 740 531 768" STYLE_REF="5" NS="y">however</W>
			<W BOX="531 740 536 768" STYLE_REF="5">,</W>
			<Q BOX="545 740 613 768" STYLE_REF="5" QID="39">throug</Q>
			<q BOX="613 740 626 769" STYLE_REF="5" QID="39">h</q>
			<QW QID="39">through</QW>
			<W BOX="640 740 675 769" STYLE_REF="5">her</W>
			<Q BOX="687 741 764 769" STYLE_REF="5" QID="40">parents</Q>
			<Q BOX="764 742 785 770" STYLE_REF="5" QID="40">�</Q>
		</Primitive>
		<Primitive BOX="24 764 829 817" ID="Ar0280112" SEQ_NO="12" TOC_ENTRY_ID="35" DEPTH_LEVEL="1">
			<L BOX="70 764 787 794"/>
			<q BOX="70 764 117 792" STYLE_REF="5" QID="40">they</q>
			<QW QID="40">parentsthey</QW>
			<W BOX="134 764 185 792" STYLE_REF="5">seem</W>
			<W BOX="200 764 220 792" STYLE_REF="5">to</W>
			<Q BOX="236 764 273 792" STYLE_REF="5" QID="41">hav</Q>
			<q BOX="274 764 284 792" STYLE_REF="5" QID="41">e</q>
			<QW QID="41">have</QW>
			<W BOX="299 764 347 792" STYLE_REF="5">been</W>
			<Q BOX="360 764 419 792" STYLE_REF="5" QID="42">worth</Q>
			<q BOX="420 766 434 794" STYLE_REF="5" QID="42">y</q>
			<QW QID="42">worthy</QW>
			<W BOX="448 764 485 792" STYLE_REF="5">and</W>
			<Q BOX="498 764 533 792" STYLE_REF="5" QID="43">reli</Q>
			<Q BOX="533 765 547 793" STYLE_REF="5" QID="43">g</Q>
			<q BOX="546 764 587 793" STYLE_REF="5" QID="43">ious</q>
			<QW QID="43">religious</QW>
			<Q BOX="600 765 649 793" STYLE_REF="5" QID="44">peop</Q>
			<q BOX="649 765 668 793" STYLE_REF="5" NS="y" QID="44">le</q>
			<QW QID="44">people</QW>
			<W BOX="669 765 674 793" STYLE_REF="5">,</W>
			<W BOX="692 765 726 793" STYLE_REF="5">but</W>
			<W BOX="740 765 787 793" STYLE_REF="5">they</W>
			<L BOX="70 788 788 817"/>
			<W BOX="70 788 152 816" STYLE_REF="5">disliked</W>
			<W BOX="161 788 194 816" STYLE_REF="5">the</W>
			<W BOX="205 788 298 816" STYLE_REF="5">extremes</W>
			<W BOX="308 788 326 816" STYLE_REF="5">of</W>
			<W BOX="338 788 452 816" STYLE_REF="5" NS="y">Methodism</W>
			<W BOX="454 788 458 816" STYLE_REF="5">,</W>
			<W BOX="467 788 492 816" STYLE_REF="5">its</W>
			<Q BOX="503 788 542 816" STYLE_REF="5" QID="45">dail</Q>
			<q BOX="542 789 555 817" STYLE_REF="5" QID="45">y</q>
			<QW QID="45">daily</QW>
			<W BOX="565 788 628 816" STYLE_REF="5" NS="y">habits</W>
			<W BOX="629 788 634 816" STYLE_REF="5">,</W>
			<W BOX="644 789 680 817" STYLE_REF="5">and</W>
			<W BOX="692 789 717 817" STYLE_REF="5">its</W>
			<W BOX="729 789 781 817" STYLE_REF="5" NS="y">dress</W>
			<W BOX="782 789 788 817" STYLE_REF="5">.</W>
		</Primitive>
		<Primitive BOX="24 812 829 865" ID="Ar0280113" SEQ_NO="13" TOC_ENTRY_ID="35" DEPTH_LEVEL="1">
			<L BOX="70 812 787 841"/>
			<W BOX="70 812 88 840" STYLE_REF="5">It</W>
			<W BOX="105 812 146 840" STYLE_REF="5">was</W>
			<W BOX="161 812 171 840" STYLE_REF="5">a</W>
			<W BOX="185 812 261 840" STYLE_REF="5">servant</W>
			<W BOX="278 812 322 840" STYLE_REF="5">who</W>
			<W BOX="336 812 374 840" STYLE_REF="5">first</W>
			<Q BOX="389 812 440 840" STYLE_REF="5" QID="46">imbu</Q>
			<q BOX="442 812 464 840" STYLE_REF="5" QID="46">ed</q>
			<QW QID="46">imbued</QW>
			<W BOX="478 812 510 840" STYLE_REF="5">the</W>
			<W BOX="524 812 574 840" STYLE_REF="5">child</W>
			<W BOX="591 812 639 840" STYLE_REF="5">with</W>
			<W BOX="654 812 709 840" STYLE_REF="5">these</W>
			<W BOX="726 812 779 840" STYLE_REF="5" NS="y">ideas</W>
			<W BOX="781 813 787 841" STYLE_REF="5">,</W>
			<L BOX="69 835 777 864"/>
			<W BOX="69 835 106 864" STYLE_REF="5">and</W>
			<W BOX="115 835 148 864" STYLE_REF="5">the</W>
			<W BOX="156 835 199 864" STYLE_REF="5">tiny</W>
			<Q BOX="207 835 285 864" STYLE_REF="5" QID="47">theolog</Q>
			<q BOX="286 835 316 864" STYLE_REF="5" QID="47">ian</q>
			<QW QID="47">theologian</QW>
			<W BOX="323 835 395 864" STYLE_REF="5">wished</W>
			<W BOX="403 835 446 864" STYLE_REF="5">that</W>
			<W BOX="454 835 487 864" STYLE_REF="5">she</W>
			<W BOX="495 836 549 864" STYLE_REF="5">could</W>
			<W BOX="559 836 582 864" STYLE_REF="5">be</W>
			<W BOX="590 836 648 864" STYLE_REF="5">burnt</W>
			<W BOX="659 836 680 864" STYLE_REF="5">as</W>
			<W BOX="690 836 700 864" STYLE_REF="5">a</W>
			<W BOX="708 836 777 864" STYLE_REF="5">martyr</W>
		</Primitive>
		<Primitive BOX="24 859 829 912" ID="Ar0280114" SEQ_NO="14" TOC_ENTRY_ID="35" DEPTH_LEVEL="1">
			<L BOX="780 837 787 865"/>
			<W BOX="780 837 787 865" STYLE_REF="5">,</W>
			<L BOX="69 859 624 888"/>
			<W BOX="69 859 105 887" STYLE_REF="5">and</W>
			<W BOX="115 859 136 887" STYLE_REF="5">so</W>
			<Q BOX="144 859 199 887" STYLE_REF="5" QID="48">escap</Q>
			<q BOX="200 859 210 887" STYLE_REF="5" QID="48">e</q>
			<QW QID="48">escape</QW>
			<W BOX="218 859 263 887" STYLE_REF="5">from</W>
			<W BOX="273 859 308 887" STYLE_REF="5">the</W>
			<W BOX="317 859 415 887" STYLE_REF="5">dilemmas</W>
			<W BOX="422 859 462 887" STYLE_REF="5">into</W>
			<Q BOX="471 860 508 888" STYLE_REF="5" QID="49">whi</Q>
			<q BOX="509 860 531 888" STYLE_REF="5" QID="49">ch</q>
			<QW QID="49">which</QW>
			<W BOX="540 860 573 888" STYLE_REF="5">she</W>
			<W BOX="580 860 612 888" STYLE_REF="5" NS="y">fell</W>
			<W BOX="616 860 624 888" STYLE_REF="5">.</W>
			<L BOX="92 882 784 912"/>
			<W BOX="92 883 120 911" STYLE_REF="5">As</W>
			<Q BOX="128 883 155 911" STYLE_REF="5" QID="50">mi</Q>
			<Q BOX="155 883 169 912" STYLE_REF="5" QID="50">g</Q>
			<q BOX="168 882 189 911" STYLE_REF="5" QID="50">ht</q>
			<QW QID="50">might</QW>
			<W BOX="202 882 226 911" STYLE_REF="5">be</W>
			<W BOX="239 882 328 911" STYLE_REF="5" NS="y">expected</W>
			<W BOX="331 883 336 911" STYLE_REF="5">,</W>
			<W BOX="344 883 379 911" STYLE_REF="5">her</W>
			<W BOX="393 883 486 911" STYLE_REF="5">excitable</W>
			<W BOX="498 883 634 911" STYLE_REF="5">temperament</W>
			<W BOX="648 884 719 912" STYLE_REF="5">preyed</W>
			<W BOX="734 884 784 912" STYLE_REF="5">upon</W>
		</Primitive>
		<Primitive BOX="24 906 829 959" ID="Ar0280115" SEQ_NO="15" TOC_ENTRY_ID="35" DEPTH_LEVEL="1">
			<L BOX="67 906 785 935"/>
			<W BOX="67 906 102 935" STYLE_REF="5">her</W>
			<W BOX="110 906 176 935" STYLE_REF="5">health</W>
			<W BOX="183 906 188 935" STYLE_REF="5">;</W>
			<W BOX="197 906 229 935" STYLE_REF="5">the</W>
			<Q BOX="237 906 302 935" STYLE_REF="5" QID="51">servan</Q>
			<q BOX="304 906 312 935" STYLE_REF="5" QID="51">t</q>
			<QW QID="51">servant</QW>
			<W BOX="321 906 358 935" STYLE_REF="5">had</W>
			<W BOX="366 906 398 935" STYLE_REF="5">left</W>
			<W BOX="408 906 442 935" STYLE_REF="5">the</W>
			<Q BOX="450 906 503 935" STYLE_REF="5" QID="52">famil</Q>
			<q BOX="503 907 517 935" STYLE_REF="5" NS="y" QID="52">y</q>
			<QW QID="52">family</QW>
			<W BOX="517 907 523 935" STYLE_REF="5">,</W>
			<W BOX="531 907 565 935" STYLE_REF="5">and</W>
			<W BOX="576 907 597 935" STYLE_REF="5">as</W>
			<W BOX="605 907 629 935" STYLE_REF="5">no</W>
			<W BOX="637 907 692 935" STYLE_REF="5">other</W>
			<W BOX="701 907 785 935" STYLE_REF="5">member</W>
			<L BOX="67 929 784 959"/>
			<Q BOX="67 930 125 959" STYLE_REF="5" QID="53">excep</Q>
			<q BOX="126 929 134 958" STYLE_REF="5" QID="53">t</q>
			<QW QID="53">except</QW>
			<W BOX="141 929 151 958" STYLE_REF="5">a</W>
			<W BOX="160 929 215 958" STYLE_REF="5">sister</W>
			<Q BOX="224 929 255 958" STYLE_REF="5" QID="54">onl</Q>
			<q BOX="255 930 269 958" STYLE_REF="5" QID="54">y</q>
			<QW QID="54">only</QW>
			<W BOX="277 930 288 958" STYLE_REF="5">a</W>
			<W BOX="296 929 333 958" STYLE_REF="5">few</W>
			<W BOX="341 930 397 958" STYLE_REF="5">years</W>
			<W BOX="404 930 455 959" STYLE_REF="5">older</W>
			<W BOX="464 930 590 959" STYLE_REF="5">sympathised</W>
			<W BOX="597 930 617 959" STYLE_REF="5">in</W>
			<W BOX="626 930 657 959" STYLE_REF="5">the</W>
			<W BOX="665 930 758 959" STYLE_REF="5">intensity</W>
			<W BOX="766 930 784 959" STYLE_REF="5">of</W>
		</Primitive>
		<Primitive BOX="24 954 829 1006" ID="Ar0280116" SEQ_NO="16" TOC_ENTRY_ID="35" DEPTH_LEVEL="1">
			<L BOX="67 954 785 983"/>
			<W BOX="67 954 100 982" STYLE_REF="5">her</W>
			<W BOX="108 954 225 982" STYLE_REF="5" NS="y">convictions</W>
			<W BOX="226 954 231 982" STYLE_REF="5">,</W>
			<W BOX="239 954 272 982" STYLE_REF="5">the</W>
			<W BOX="281 954 332 982" STYLE_REF="5">little</W>
			<W BOX="337 954 373 982" STYLE_REF="5">one</W>
			<Q BOX="378 954 444 982" STYLE_REF="5" QID="55">strugg</Q>
			<q BOX="444 954 474 982" STYLE_REF="5" QID="55">led</q>
			<QW QID="55">struggled</QW>
			<W BOX="481 954 505 982" STYLE_REF="5" NS="y">on</W>
			<W BOX="507 954 512 983" STYLE_REF="5">,</W>
			<W BOX="519 954 609 982" STYLE_REF="5">suffering</W>
			<W BOX="617 954 674 982" STYLE_REF="5">much</W>
			<Q BOX="682 954 704 982" STYLE_REF="5" QID="56">ill</Q>
			<Q BOX="704 954 713 982" STYLE_REF="5" LH="y" QID="56">-</Q>
			<q BOX="713 954 778 982" STYLE_REF="5" NS="y" QID="56">health</q>
			<QW QID="56">ill-health</QW>
			<W BOX="779 954 785 982" STYLE_REF="5">,</W>
			<L BOX="66 977 782 1006"/>
			<W BOX="66 977 100 1006" STYLE_REF="5">but</W>
			<Q BOX="108 977 141 1006" STYLE_REF="5" QID="57">lay</Q>
			<q BOX="142 977 175 1006" STYLE_REF="5" QID="57">ing</q>
			<QW QID="57">laying</QW>
			<W BOX="183 977 216 1006" STYLE_REF="5">the</W>
			<W BOX="224 977 343 1006" STYLE_REF="5">foundations</W>
			<W BOX="358 977 376 1006" STYLE_REF="5">of</W>
			<W BOX="389 977 430 1006" STYLE_REF="5">that</W>
			<Q BOX="443 978 464 1006" STYLE_REF="5" QID="58">sp</Q>
			<q BOX="466 978 529 1006" STYLE_REF="5" QID="58">lendid</q>
			<QW QID="58">splendid</QW>
			<W BOX="543 978 606 1006" STYLE_REF="5">power</W>
			<W BOX="619 978 637 1006" STYLE_REF="5">of</W>
			<Q BOX="651 978 687 1006" STYLE_REF="5" QID="59">self</Q>
			<Q BOX="687 978 695 1006" STYLE_REF="5" LH="y" QID="59">-</Q>
			<q BOX="695 978 782 1006" STYLE_REF="5" QID="59">devotion</q>
			<QW QID="59">self-devotion</QW>
		</Primitive>
		<Primitive BOX="24 1001 829 1053" ID="Ar0280117" SEQ_NO="17" TOC_ENTRY_ID="35" DEPTH_LEVEL="1">
			<L BOX="66 1001 783 1031"/>
			<W BOX="66 1001 130 1029" STYLE_REF="5">which</W>
			<Q BOX="137 1001 188 1029" STYLE_REF="5" QID="60">finall</Q>
			<q BOX="190 1001 204 1029" STYLE_REF="5" QID="60">y</q>
			<QW QID="60">finally</QW>
			<W BOX="212 1001 266 1029" STYLE_REF="5">made</W>
			<W BOX="273 1001 307 1029" STYLE_REF="5">her</W>
			<W BOX="316 1001 326 1029" STYLE_REF="5">a</W>
			<Q BOX="335 1001 380 1029" STYLE_REF="5" QID="61">brav</Q>
			<q BOX="381 1001 392 1029" STYLE_REF="5" QID="61">e</q>
			<QW QID="61">brave</QW>
			<W BOX="406 1001 442 1029" STYLE_REF="5">and</W>
			<Q BOX="457 1001 522 1029" STYLE_REF="5" QID="62">health</Q>
			<q BOX="521 1003 534 1031" STYLE_REF="5" QID="62">y</q>
			<QW QID="62">healthy</QW>
			<W BOX="548 1002 619 1030" STYLE_REF="5">human</W>
			<W BOX="627 1002 685 1030" STYLE_REF="5" NS="y">being</W>
			<W BOX="685 1002 692 1030" STYLE_REF="5">.</W>
			<W BOX="717 1002 783 1030" STYLE_REF="5">Under</W>
			<L BOX="65 1024 783 1053"/>
			<W BOX="65 1025 98 1053" STYLE_REF="5">the</W>
			<W BOX="107 1025 172 1053" STYLE_REF="5">severe</W>
			<W BOX="180 1025 226 1053" STYLE_REF="5">garb</W>
			<W BOX="234 1025 252 1053" STYLE_REF="5">of</W>
			<W BOX="261 1025 374 1053" STYLE_REF="5" NS="y">Methodism</W>
			<W BOX="376 1024 381 1053" STYLE_REF="5">,</W>
			<W BOX="390 1025 444 1053" STYLE_REF="5">Mary</W>
			<W BOX="457 1025 564 1053" STYLE_REF="5">Bosanquet</W>
			<W BOX="578 1025 638 1053" STYLE_REF="5">seems</W>
			<W BOX="646 1025 665 1053" STYLE_REF="5">to</W>
			<W BOX="674 1025 696 1053" STYLE_REF="5">us</W>
			<W BOX="705 1025 724 1053" STYLE_REF="5">to</W>
			<W BOX="733 1025 783 1053" STYLE_REF="5">have</W>
		</Primitive>
		<Primitive BOX="24 1048 829 1101" ID="Ar0280118" SEQ_NO="18" TOC_ENTRY_ID="35" DEPTH_LEVEL="1">
			<L BOX="65 1048 774 1078"/>
			<W BOX="65 1048 154 1077" STYLE_REF="5">achieved</W>
			<W BOX="163 1048 174 1077" STYLE_REF="5">a</W>
			<W BOX="183 1048 228 1077" STYLE_REF="5">sane</W>
			<W BOX="235 1048 288 1077" STYLE_REF="5">mind</W>
			<W BOX="297 1048 318 1077" STYLE_REF="5">in</W>
			<W BOX="326 1048 337 1077" STYLE_REF="5">a</W>
			<Q BOX="346 1048 410 1077" STYLE_REF="5" QID="63">health</Q>
			<q BOX="410 1049 423 1077" STYLE_REF="5" QID="63">y</q>
			<QW QID="63">healthy</QW>
			<Q BOX="435 1049 470 1077" STYLE_REF="5" QID="64">bod</Q>
			<q BOX="472 1049 486 1078" STYLE_REF="5" NS="y" QID="64">y</q>
			<QW QID="64">body</QW>
			<W BOX="486 1049 492 1078" STYLE_REF="5">,</W>
			<W BOX="501 1049 537 1077" STYLE_REF="5">and</W>
			<W BOX="548 1049 567 1077" STYLE_REF="5">in</W>
			<W BOX="579 1049 650 1077" STYLE_REF="5">telling</W>
			<W BOX="656 1049 690 1078" STYLE_REF="5">the</W>
			<W BOX="698 1049 749 1078" STYLE_REF="5">story</W>
			<W BOX="763 1049 774 1078" STYLE_REF="5">o</W>
			<L BOX="64 1068 782 1101"/>
			<W BOX="64 1072 98 1100" STYLE_REF="5">her</W>
			<W BOX="106 1072 208 1100" STYLE_REF="5">childhood</W>
			<W BOX="215 1072 248 1100" STYLE_REF="5">she</W>
			<W BOX="257 1072 291 1100" STYLE_REF="5" NS="y">put</W>
			<W BOX="290 1068 297 1097" STYLE_REF="5" NS="y">'</W>
			<W BOX="292 1073 301 1101" STYLE_REF="5">s</W>
			<W BOX="310 1073 330 1101" STYLE_REF="5">in</W>
			<W BOX="343 1073 354 1101" STYLE_REF="5">a</W>
			<W BOX="365 1073 441 1101" STYLE_REF="5">passing</W>
			<Q BOX="454 1073 467 1101" STYLE_REF="5" QID="65">p</Q>
			<q BOX="468 1072 496 1100" STYLE_REF="5" QID="65">lea</q>
			<QW QID="65">plea</QW>
			<W BOX="505 1072 533 1100" STYLE_REF="5">for</W>
			<W BOX="546 1073 597 1101" STYLE_REF="5">more</W>
			<W BOX="607 1073 701 1101" STYLE_REF="5">judicious</W>
			<W BOX="713 1073 755 1101" STYLE_REF="5">care</W>
			<W BOX="763 1072 782 1100" STYLE_REF="5">of</W>
		</Primitive>
		<Primitive BOX="24 1096 829 1148" ID="Ar0280119" SEQ_NO="19" TOC_ENTRY_ID="35" DEPTH_LEVEL="1">
			<L BOX="64 1096 781 1125"/>
			<W BOX="64 1096 181 1124" STYLE_REF="5">exceptional</W>
			<W BOX="190 1096 261 1124" STYLE_REF="5">infants</W>
			<W BOX="269 1096 309 1124" STYLE_REF="5">like</W>
			<W BOX="317 1096 386 1124" STYLE_REF="5" NS="y">herself</W>
			<W BOX="386 1096 392 1124" STYLE_REF="5">.</W>
			<W BOX="417 1096 443 1124" STYLE_REF="5">At</W>
			<W BOX="451 1096 484 1124" STYLE_REF="5">the</W>
			<W BOX="495 1096 529 1125" STYLE_REF="5">ago</W>
			<W BOX="540 1097 558 1125" STYLE_REF="5">of</W>
			<W BOX="572 1097 653 1125" STYLE_REF="5">thirteen</W>
			<W BOX="664 1097 698 1125" STYLE_REF="5" NS="y">she</W>
			<W BOX="700 1096 704 1125" STYLE_REF="5">,</W>
			<W BOX="713 1097 739 1125" STYLE_REF="5">by</W>
			<W BOX="748 1096 781 1125" STYLE_REF="5">her</W>
			<L BOX="63 1118 781 1148"/>
			<W BOX="63 1119 125 1147" STYLE_REF="5" NS="y">father</W>
			<W BOX="126 1119 132 1147" STYLE_REF="5" NS="y">'</W>
			<W BOX="131 1119 140 1147" STYLE_REF="5">s</W>
			<W BOX="148 1119 209 1147" STYLE_REF="5" NS="y">desire</W>
			<W BOX="210 1119 215 1147" STYLE_REF="5">,</W>
			<W BOX="224 1119 263 1147" STYLE_REF="5">was</W>
			<W BOX="270 1119 371 1147" STYLE_REF="5">confirmed</W>
			<W BOX="380 1119 399 1147" STYLE_REF="5">at</W>
			<W BOX="408 1119 429 1147" STYLE_REF="5" NS="y">St</W>
			<W BOX="429 1119 435 1147" STYLE_REF="5">.</W>
			<W BOX="441 1118 490 1147" STYLE_REF="5" NS="y">Paul</W>
			<W BOX="490 1118 495 1147" STYLE_REF="5" NS="y">'</W>
			<W BOX="495 1120 505 1148" STYLE_REF="5" NS="y">s</W>
			<W BOX="506 1120 510 1148" STYLE_REF="5">,</W>
			<W BOX="516 1120 554 1148" STYLE_REF="5">and</W>
			<W BOX="560 1120 580 1148" STYLE_REF="5">in</W>
			<W BOX="589 1120 622 1148" STYLE_REF="5">the</W>
			<W BOX="630 1120 729 1148" STYLE_REF="5">following</W>
			<W BOX="736 1120 781 1148" STYLE_REF="5">year</W>
		</Primitive>
		<Primitive BOX="24 1142 829 1172" ID="Ar0280120" SEQ_NO="20" TOC_ENTRY_ID="35" DEPTH_LEVEL="1">
			<L BOX="62 1142 781 1172"/>
			<W BOX="62 1143 97 1171" STYLE_REF="5">she</W>
			<W BOX="108 1143 144 1171" STYLE_REF="5">lost</W>
			<W BOX="157 1143 191 1171" STYLE_REF="5">her</W>
			<Q BOX="202 1143 248 1171" STYLE_REF="5" QID="66">gran</Q>
			<Q BOX="250 1143 262 1171" STYLE_REF="5" QID="66">d</Q>
			<q BOX="263 1143 324 1171" STYLE_REF="5" NS="y" QID="66">father</q>
			<QW QID="66">grandfather</QW>
			<W BOX="325 1144 330 1172" STYLE_REF="5">,</W>
			<W BOX="337 1143 368 1171" STYLE_REF="5" NS="y">Mr</W>
			<W BOX="368 1143 374 1171" STYLE_REF="5">.</W>
			<W BOX="385 1143 469 1171" STYLE_REF="5" NS="y">Dunster</W>
			<W BOX="470 1142 474 1171" STYLE_REF="5">,</W>
			<W BOX="489 1143 535 1172" STYLE_REF="5">with</W>
			<W BOX="548 1143 611 1172" STYLE_REF="5">whom</W>
			<W BOX="625 1143 659 1172" STYLE_REF="5">she</W>
			<Q BOX="672 1143 766 1172" STYLE_REF="5" QID="67">frequentl</Q>
			<q BOX="767 1144 781 1172" STYLE_REF="5" QID="67">y</q>
			<QW QID="67">frequently</QW>
		</Primitive>
		<Primitive BOX="24 1172 829 1219" ID="Ar0280121" SEQ_NO="21" TOC_ENTRY_ID="35" DEPTH_LEVEL="1">
			<L BOX="62 1167 780 1197"/>
			<W BOX="62 1167 115 1195" STYLE_REF="5" NS="y">lived</W>
			<W BOX="115 1167 122 1195" STYLE_REF="5">.</W>
			<W BOX="136 1167 167 1195" STYLE_REF="5">He</W>
			<W BOX="172 1167 211 1195" STYLE_REF="5">was</W>
			<W BOX="215 1167 262 1195" STYLE_REF="5">very</W>
			<Q BOX="271 1167 306 1195" STYLE_REF="5" QID="68">reli</Q>
			<Q BOX="306 1168 321 1196" STYLE_REF="5" QID="68">g</Q>
			<q BOX="320 1167 361 1195" STYLE_REF="5" NS="y" QID="68">ious</q>
			<QW QID="68">religious</QW>
			<W BOX="363 1168 367 1196" STYLE_REF="5">,</W>
			<W BOX="373 1167 409 1196" STYLE_REF="5">and</W>
			<W BOX="419 1167 452 1196" STYLE_REF="5">she</W>
			<W BOX="460 1167 527 1196" STYLE_REF="5">recalls</W>
			<Q BOX="538 1167 594 1196" STYLE_REF="5" QID="69">havin</Q>
			<q BOX="596 1167 609 1196" STYLE_REF="5" QID="69">g</q>
			<QW QID="69">having</QW>
			<Q BOX="617 1168 628 1197" STYLE_REF="5" QID="70">"</Q>
			<q BOX="626 1168 675 1197" STYLE_REF="5" QID="70">been</q>
			<QW QID="70">"been</QW>
			<Q BOX="685 1167 709 1196" STYLE_REF="5" QID="71">wi</Q>
			<q BOX="712 1167 731 1196" STYLE_REF="5" QID="71">th</q>
			<QW QID="71">with</QW>
			<W BOX="741 1167 780 1196" STYLE_REF="5">him</W>
		</Primitive>
	</Content>
	<Continuation-Content ID_REF="Ar02900"/>
	<Continuation-Content ID_REF="Ar03000"/>
	<Continuation-Content ID_REF="Ar03100"/>
	<Continuation-Content ID_REF="Ar03200"/>
	<Continuation-Content ID_REF="Ar03300"/>
	<Continuation-Content ID_REF="Ar03400"/>
	<Continuation-Content ID_REF="Ar03500"/>
	<Continuation-Content ID_REF="Ar03600"/>
	<TOC_Entries><TOC_Entry TOC_ENTRY_ID="60" TITLE="Considerable interest having been expres..." ENTITY_ID_REF="Ar02801" PAGE_NO="28" PAGE_LABEL="28" PRIM_ID_REF="Ar0280100" IS_IC="true"/></TOC_Entries></XMD-entity>
