<?xml version="1.0" encoding="windows-1252" standalone="no"?>
<XMD-entity REPOSITORY_FORMAT="1.0" PRXML_VER="2.0" ENTITY_TYPE="Article" DOC_UID="EWJ_01/04/1858" DOC_VER="1" FIRST_TOC_ENTRY_ID="23" DEPTH_LEVEL="1" INDEX_IN_DOC="49" PAGE_NO="18" ID="Ar01801" BOX="24 12 811 91" LANGUAGE="English" SNP="Ar01801S.png" SNP_WIDTH="788" SNP_HEIGHT="80" LOGICAL_NAME="true">
	<Meta NAME="90 ELIZABETH BLACKWELL." DESCRIPTION="" SUBTYPE="" BASE_HREF="EWJ/1858/04/01" SOURCE_TYPE="TIFF" PUBLICATION="EWJ" SECTION="None" ISSUE_DATE="01/04/1858" WORDCNT="4" RELEASE_NO="041-EWJ-1858-04-01-001-SINGLE" PAGE_ID="" PAGE_TYPE="Single" PAGE_WIDTH="823" PAGE_HEIGHT="1239" DEFAULT_IMG_EXT="png" PDF_DESTINATION_MAPPED="OLV0_Entity_0018_0002" IMAGES_RESOLUTION="86" XMD_VER="2.6.238.8" PAGE_LABEL="90"/>
	<Link SOURCE="041-EWJ-1858-04-01-001-SINGLE.PDF" FIRST_ID="Ar00200" LAST_ID="Ar07201" NEXT_ID="" PREV_ID="Ar01800" TOC_ID="d:/Olive/Repository/EWJ/1858/04/01/TOC.xml"/>
	<DataFiles>
		<Files TYPE="DOC_PDF" PRESENT="1"/>
		<Files TYPE="PAGE_PDF" PRESENT="0"/>
		<Files TYPE="DOC_IMG" PRESENT="0"/>
		<Files TYPE="PAGE_IMG" PRESENT="0"/>
		<Files TYPE="PAGE_VIEW_IMG" PRESENT="1"/>
		<Files TYPE="PAGE_PREVIEW_IMG" PRESENT="1"/>
		<Files TYPE="PRIMITIVE_IMG" PRESENT="1"/>
		<Files TYPE="SNIPPET_IMG" PRESENT="1"/>
	</DataFiles>
	<Content>
		<Primitive BOX="24 12 811 91" ID="Ar0180100" SEQ_NO="0" TOC_ENTRY_ID="23" DEPTH_LEVEL="1">
			<L BOX="77 56 558 85"/>
			<W BOX="77 61 103 85" STYLE_REF="7">90</W>
			<W BOX="290 58 408 82" STYLE_REF="7">ELIZABETH</W>
			<W BOX="423 56 552 79" STYLE_REF="7" NS="y">BLACKWELL</W>
			<W BOX="552 56 558 79" STYLE_REF="7">.</W>
		</Primitive>
	</Content>
	<TOC_Entries><TOC_Entry TOC_ENTRY_ID="39" TITLE="90 ELIZABETH BLACKWELL." ENTITY_ID_REF="Ar01801" PAGE_NO="18" PAGE_LABEL="90" PRIM_ID_REF="Ar0180100" IS_IC="true"/></TOC_Entries></XMD-entity>
