<?xml version="1.0" encoding="windows-1252" standalone="no"?>
<XMD-PAGE REPOSITORY_FORMAT="1.0" PRXML_VER="2.0">
	<Meta ISSUE_DATE="01/04/1858" RELEASE_NO="041-EWJ-1858-04-01-001-SINGLE" PAGE_NO="18" NAME="" PAGE_LABEL="90" PAGE_TYPE="Single" PUBLISHER="Olive" PUBLICATION="EWJ" SOURCE_TYPE="TIFF" SOURCE_RESOLUTION="72" IMAGES_RESOLUTION="86" PAGE_THUMBNAIL_RESOLUTION="86" PAGE_PREVIEW_RESOLUTION="15" DEFAULT_IMG_EXT="png" IMG_EXT="png" PREVIEW_IMG_EXT="png" XMD_VER="2.6.238.8" PROFILE_ID="D:\pdfs\EWJ\XMD_EWJ.ini" SECTION="None" PAGE_WIDTH="823" PAGE_HEIGHT="1239" PAGES_NUMBER="72" BASE_HREF="EWJ/1858/04/01" PDF_DESTINATION_MAPPED="OLV0_Page_0018">
		<Resolutions>
			<Resolution DEFAULT="true">86</Resolution>
		</Resolutions>
	</Meta>
	<Link SOURCE="041-EWJ-1858-04-01-001-SINGLE.PDF" NEXT_SECTION="" PREV_SECTION="1"/>
	<DataFiles>
		<Files TYPE="DOC_PDF" PRESENT="1"/>
		<Files TYPE="PAGE_PDF" PRESENT="0"/>
		<Files TYPE="DOC_IMG" PRESENT="0"/>
		<Files TYPE="PAGE_IMG" PRESENT="0"/>
		<Files TYPE="PAGE_VIEW_IMG" PRESENT="1"/>
		<Files TYPE="PAGE_PREVIEW_IMG" PRESENT="1"/>
		<Files TYPE="PRIMITIVE_IMG" PRESENT="1"/>
		<Files TYPE="SNIPPET_IMG" PRESENT="1"/>
	</DataFiles>
	<Entity ENTITY_TYPE="Article" FIRST_TOC_ENTRY_ID="13" INDEX_IN_DOC="29" DEPTH_LEVEL="1" ID="Ar01800" SIZE="XLarge" BOX="24 91 811 1214" NEXT_SECTION="" PREV_SECTION="1" CONTINUATION_TO="Ar01900" CONTINUATION_FROM="Ar01700" FIRST_CHUNK="Ar00802" IMAGES_RESOLUTION="86" LOGICAL_NAME="true">
		<Name>To the Editors of the English Woman's Jo...</Name>
		<Primitive ID="Ar0180000" BOX="24 91 811 150" ELEMENT_TYPE="Content" SEQ_NO="0" TOC_ENTRY_ID="13" DEPTH_LEVEL="1"/>
		<Primitive ID="Ar0180001" BOX="24 139 811 188" ELEMENT_TYPE="Content" SEQ_NO="1" TOC_ENTRY_ID="13" DEPTH_LEVEL="1"/>
		<Primitive ID="Ar0180002" BOX="24 176 811 266" ELEMENT_TYPE="Content" SEQ_NO="2" TOC_ENTRY_ID="13" DEPTH_LEVEL="1"/>
		<Primitive ID="Ar0180003" BOX="24 254 811 327" ELEMENT_TYPE="Content" SEQ_NO="3" TOC_ENTRY_ID="13" DEPTH_LEVEL="1"/>
		<Primitive ID="Ar0180004" BOX="24 315 811 381" ELEMENT_TYPE="Content" SEQ_NO="4" TOC_ENTRY_ID="13" DEPTH_LEVEL="1"/>
		<Primitive ID="Ar0180005" BOX="24 369 811 443" ELEMENT_TYPE="Content" SEQ_NO="5" TOC_ENTRY_ID="13" DEPTH_LEVEL="1"/>
		<Primitive ID="Ar0180006" BOX="24 431 811 556" ELEMENT_TYPE="Content" SEQ_NO="6" TOC_ENTRY_ID="13" DEPTH_LEVEL="1"/>
		<Primitive ID="Ar0180007" BOX="24 544 811 612" ELEMENT_TYPE="Content" SEQ_NO="7" TOC_ENTRY_ID="13" DEPTH_LEVEL="1"/>
		<Primitive ID="Ar0180008" BOX="24 600 811 658" ELEMENT_TYPE="Content" SEQ_NO="8" TOC_ENTRY_ID="13" DEPTH_LEVEL="1"/>
		<Primitive ID="Ar0180009" BOX="24 646 811 717" ELEMENT_TYPE="Content" SEQ_NO="9" TOC_ENTRY_ID="13" DEPTH_LEVEL="1"/>
		<Primitive ID="Ar0180010" BOX="24 705 811 764" ELEMENT_TYPE="Content" SEQ_NO="10" TOC_ENTRY_ID="13" DEPTH_LEVEL="1"/>
		<Primitive ID="Ar0180011" BOX="24 752 811 835" ELEMENT_TYPE="Content" SEQ_NO="11" TOC_ENTRY_ID="13" DEPTH_LEVEL="1"/>
		<Primitive ID="Ar0180012" BOX="24 823 811 889" ELEMENT_TYPE="Content" SEQ_NO="12" TOC_ENTRY_ID="13" DEPTH_LEVEL="1"/>
		<Primitive ID="Ar0180013" BOX="24 882 811 971" ELEMENT_TYPE="Content" SEQ_NO="13" TOC_ENTRY_ID="13" DEPTH_LEVEL="1"/>
		<Primitive ID="Ar0180014" BOX="24 959 811 1073" ELEMENT_TYPE="Content" SEQ_NO="14" TOC_ENTRY_ID="13" DEPTH_LEVEL="1"/>
		<Primitive ID="Ar0180015" BOX="24 1061 811 1110" ELEMENT_TYPE="Content" SEQ_NO="15" TOC_ENTRY_ID="13" DEPTH_LEVEL="1"/>
		<Primitive ID="Ar0180016" BOX="24 1099 811 1141" ELEMENT_TYPE="Content" SEQ_NO="16" TOC_ENTRY_ID="13" DEPTH_LEVEL="1"/>
		<Primitive ID="Ar0180017" BOX="24 1141 811 1214" ELEMENT_TYPE="Content" SEQ_NO="17" TOC_ENTRY_ID="13" DEPTH_LEVEL="1"/>
	</Entity>
	<Entity ENTITY_TYPE="Article" FIRST_TOC_ENTRY_ID="23" INDEX_IN_DOC="49" DEPTH_LEVEL="1" ID="Ar01801" SIZE="Small" BOX="24 12 811 91" NEXT_SECTION="" PREV_SECTION="1" IMAGES_RESOLUTION="86" LOGICAL_NAME="true">
		<Name>90 ELIZABETH BLACKWELL.</Name>
		<Primitive ID="Ar0180100" BOX="24 12 811 91" ELEMENT_TYPE="Content" SEQ_NO="0" TOC_ENTRY_ID="23" DEPTH_LEVEL="1"/>
	</Entity>
</XMD-PAGE>