<?xml version="1.0" encoding="windows-1252" standalone="no"?>
<XMD-entity REPOSITORY_FORMAT="1.0" PRXML_VER="2.0" ENTITY_TYPE="Article" FIRST_TOC_ENTRY_ID="13" DEPTH_LEVEL="1" INDEX_IN_DOC="39" PAGE_NO="28" ID="Ar02800" BOX="24 102 811 802" LANGUAGE="English" CONTINUATION_FROM="Ar02700" LOGICAL_NAME="true">
	<Meta NAME="To the Editors of the English Woman's Jo..." DESCRIPTION="" SUBTYPE="" BASE_HREF="EWJ/1858/04/01" SOURCE_TYPE="TIFF" PUBLICATION="EWJ" SECTION="None" ISSUE_DATE="01/04/1858" WORDCNT="342" RELEASE_NO="041-EWJ-1858-04-01-001-SINGLE" PAGE_ID="" PAGE_TYPE="Single" PAGE_WIDTH="823" PAGE_HEIGHT="1239" DEFAULT_IMG_EXT="png" PDF_DESTINATION_MAPPED="OLV0_Entity_0028_0001" IMAGES_RESOLUTION="86" XMD_VER="2.6.238.8" PAGE_LABEL="100"/>
	<Link SOURCE="041-EWJ-1858-04-01-001-SINGLE.PDF" FIRST_ID="Ar00200" LAST_ID="Ar07201" NEXT_ID="Ar02801" PREV_ID="" TOC_ID="d:/Olive/Repository/EWJ/1858/04/01/TOC.xml"/>
	<DataFiles>
		<Files TYPE="DOC_PDF" PRESENT="1"/>
		<Files TYPE="PAGE_PDF" PRESENT="0"/>
		<Files TYPE="DOC_IMG" PRESENT="0"/>
		<Files TYPE="PAGE_IMG" PRESENT="0"/>
		<Files TYPE="PAGE_VIEW_IMG" PRESENT="1"/>
		<Files TYPE="PAGE_PREVIEW_IMG" PRESENT="1"/>
		<Files TYPE="PRIMITIVE_IMG" PRESENT="1"/>
		<Files TYPE="SNIPPET_IMG" PRESENT="1"/>
	</DataFiles>
	<Content>
		<Primitive BOX="24 102 811 153" ID="Ar0280000" SEQ_NO="0" TOC_ENTRY_ID="13" DEPTH_LEVEL="1">
			<L BOX="63 101 765 130"/>
			<W BOX="63 105 128 130" STYLE_REF="10">which</W>
			<W BOX="140 105 172 130" STYLE_REF="10">slie</W>
			<Q BOX="185 105 304 130" STYLE_REF="10" QID="1">subsequentl</Q>
			<q BOX="307 105 321 130" STYLE_REF="10" QID="1">y</q>
			<QW QID="1">subsequently</QW>
			<Q BOX="333 105 347 130" STYLE_REF="10" QID="2">p</Q>
			<q BOX="346 103 415 128" STYLE_REF="10" QID="2">ursued</q>
			<QW QID="2">pursued</QW>
			<W BOX="427 102 471 127" STYLE_REF="10" NS="y">with</W>
			<W BOX="472 102 478 127" STYLE_REF="10">,</W>
			<W BOX="486 102 537 127" STYLE_REF="10">great</W>
			<W BOX="549 101 618 126" STYLE_REF="10">success</W>
			<W BOX="636 101 695 126" STYLE_REF="10">under</W>
			<W BOX="711 101 765 126" STYLE_REF="10">other</W>
			<L BOX="64 122 763 153"/>
			<W BOX="64 128 165 153" STYLE_REF="10" NS="y">Professors</W>
			<W BOX="170 128 174 153" STYLE_REF="10">.</W>
			<W BOX="195 128 231 153" STYLE_REF="10">She</W>
			<W BOX="240 128 278 153" STYLE_REF="10">was</W>
			<W BOX="287 127 331 152" STYLE_REF="13">Chief</W>
			<W BOX="342 126 453 151" STYLE_REF="13">Accoucheuse</W>
			<W BOX="459 126 480 151" STYLE_REF="10">in</W>
			<W BOX="488 126 521 151" STYLE_REF="10">the</W>
			<W BOX="525 126 585 151" STYLE_REF="10">Royal</W>
			<Q BOX="590 124 643 150" STYLE_REF="10" QID="3">Hosp</Q>
			<Q BOX="643 122 659 149" STYLE_REF="1" QID="3">it</Q>
			<Q BOX="659 124 671 149" STYLE_REF="10" QID="3">a</Q>
			<q BOX="669 122 677 149" STYLE_REF="1" QID="3">l</q>
			<QW QID="3">Hospital</QW>
			<Q BOX="686 122 714 149" STYLE_REF="1" QID="4">Ch</Q>
			<Q BOX="714 124 734 149" STYLE_REF="10" QID="4">ar</Q>
			<q BOX="734 122 763 149" STYLE_REF="1" QID="4">ity</q>
			<QW QID="4">Charity</QW>
		</Primitive>
		<Primitive BOX="24 147 811 200" ID="Ar0280001" SEQ_NO="1" TOC_ENTRY_ID="13" DEPTH_LEVEL="1">
			<L BOX="65 147 764 177"/>
			<W BOX="65 152 82 177" STYLE_REF="10">of</W>
			<Q BOX="90 152 107 177" STYLE_REF="10" QID="5">B</Q>
			<q BOX="107 152 151 177" STYLE_REF="10" QID="5">erlin</q>
			<QW QID="5">Berlin</QW>
			<W BOX="159 152 164 177" STYLE_REF="10">;</W>
			<W BOX="177 152 214 177" STYLE_REF="10">and</W>
			<W BOX="222 151 308 176" STYLE_REF="10">assistant</W>
			<W BOX="312 150 332 175" STYLE_REF="10">to</W>
			<W BOX="338 150 376 175" STYLE_REF="10" NS="y">Drs</W>
			<W BOX="377 150 381 175" STYLE_REF="10">.</W>
			<Q BOX="387 150 443 175" STYLE_REF="10" QID="6">Josep</Q>
			<q BOX="444 149 457 174" STYLE_REF="10" QID="6">h</q>
			<QW QID="6">Joseph</QW>
			<Q BOX="462 149 477 174" STYLE_REF="10" QID="7">S</Q>
			<q BOX="476 149 547 174" STYLE_REF="10" NS="y" QID="7">chmidt</q>
			<QW QID="7">Schmidt</QW>
			<W BOX="547 149 552 174" STYLE_REF="10">,</W>
			<Q BOX="559 147 599 173" STYLE_REF="1" QID="8">Ebe</Q>
			<Q BOX="599 148 608 173" STYLE_REF="10" QID="8">r</Q>
			<q BOX="608 147 617 173" STYLE_REF="1" NS="y" QID="8">t</q>
			<QW QID="8">Ebert</QW>
			<W BOX="618 148 622 173" STYLE_REF="10">,</W>
			<W BOX="628 147 663 172" STYLE_REF="10">and</W>
			<W BOX="671 147 742 172" STYLE_REF="10">Miiller</W>
			<W BOX="745 147 764 172" STYLE_REF="10">of</W>
			<L BOX="64 171 765 200"/>
			<Q BOX="64 175 85 200" STYLE_REF="10" QID="9">th</Q>
			<q BOX="86 175 105 200" STYLE_REF="10" QID="9">at</q>
			<QW QID="9">that</QW>
			<W BOX="113 175 153 200" STYLE_REF="10" NS="y">city</W>
			<W BOX="154 175 158 200" STYLE_REF="10">.</W>
			<W BOX="184 174 223 199" STYLE_REF="10">The</W>
			<W BOX="234 173 330 198" STYLE_REF="10">following</W>
			<Q BOX="343 172 399 198" STYLE_REF="10" QID="10">letter</Q>
			<q BOX="418 172 464 197" STYLE_REF="10" QID="10">from</q>
			<QW QID="10">letterfrom</QW>
			<W BOX="477 172 510 197" STYLE_REF="10">the</W>
			<W BOX="521 172 564 197" STYLE_REF="10" NS="y">Hon</W>
			<W BOX="565 172 569 197" STYLE_REF="10">.</W>
			<W BOX="583 171 676 196" STYLE_REF="10">Theodore</W>
			<W BOX="689 171 702 196" STYLE_REF="10" NS="y">S</W>
			<W BOX="702 171 707 196" STYLE_REF="10">.</W>
			<W BOX="716 171 756 196" STYLE_REF="10" NS="y">Fay</W>
			<W BOX="757 171 765 196" STYLE_REF="10">,</W>
		</Primitive>
		<Primitive BOX="24 193 811 246" ID="Ar0280002" SEQ_NO="2" TOC_ENTRY_ID="13" DEPTH_LEVEL="1">
			<L BOX="400 173 405 198"/>
			<W BOX="400 173 405 198" STYLE_REF="10">,</W>
			<L BOX="64 193 762 223"/>
			<W BOX="64 197 105 223" STYLE_REF="10">will</W>
			<W BOX="117 197 168 223" STYLE_REF="10">show</W>
			<W BOX="177 197 211 223" STYLE_REF="10">her</W>
			<W BOX="218 196 349 221" STYLE_REF="10">qualifications</W>
			<W BOX="366 196 387 221" STYLE_REF="10">in</W>
			<W BOX="399 195 432 220" STYLE_REF="10">the</W>
			<W BOX="444 195 570 220" STYLE_REF="10">departments</W>
			<W BOX="582 194 599 219" STYLE_REF="10">of</W>
			<W BOX="612 194 714 219" STYLE_REF="10">Obstetrics</W>
			<W BOX="726 193 762 218" STYLE_REF="10">and</W>
			<L BOX="65 220 299 246"/>
			<W BOX="65 221 148 246" STYLE_REF="10">Diseases</W>
			<W BOX="159 220 176 245" STYLE_REF="10">of</W>
			<W BOX="185 220 261 245" STYLE_REF="10">Women</W>
			<W BOX="270 220 275 245" STYLE_REF="10" NS="y">:</W>
			<W BOX="275 220 299 245" STYLE_REF="10" LH="y">�</W>
		</Primitive>
		<Primitive BOX="24 246 811 299" ID="Ar0280003" SEQ_NO="3" TOC_ENTRY_ID="13" DEPTH_LEVEL="1">
			<L BOX="64 251 764 299" P="S"/>
			<W BOX="64 274 102 299" STYLE_REF="10">certi</W>
			<W BOX="86 258 96 283" STYLE_REF="10">"</W>
			<W BOX="103 255 137 280" STYLE_REF="10">The</W>
			<W BOX="104 274 132 299" STYLE_REF="10">fies</W>
			<W BOX="143 273 179 298" STYLE_REF="10">that</W>
			<W BOX="143 255 208 280" STYLE_REF="10">undersi</W>
			<W BOX="192 272 233 297" STYLE_REF="10">Miss</W>
			<W BOX="208 254 250 279" STYLE_REF="10">gned</W>
			<W BOX="243 271 295 297" STYLE_REF="10">Maria</W>
			<W BOX="250 254 255 279" STYLE_REF="10">,</W>
			<W BOX="263 253 345 278" STYLE_REF="10">Secretary</W>
			<W BOX="305 271 391 297" STYLE_REF="10">Elizabeth</W>
			<W BOX="354 253 370 278" STYLE_REF="10">of</W>
			<W BOX="378 253 456 278" STYLE_REF="10">Legation</W>
			<W BOX="403 271 501 296" STYLE_REF="10">Zakrzewka</W>
			<W BOX="466 253 482 278" STYLE_REF="10">of</W>
			<W BOX="493 253 523 278" STYLE_REF="10">the</W>
			<W BOX="512 270 543 295" STYLE_REF="10">lias</W>
			<W BOX="529 252 590 277" STYLE_REF="10">United</W>
			<W BOX="553 270 634 295" STYLE_REF="10">exhibited</W>
			<W BOX="597 251 650 277" STYLE_REF="10">States</W>
			<W BOX="648 270 664 295" STYLE_REF="10">to</W>
			<W BOX="658 251 673 277" STYLE_REF="10">of</W>
			<W BOX="675 269 711 295" STYLE_REF="10">him</W>
			<W BOX="681 251 756 277" STYLE_REF="10">America</W>
			<W BOX="722 269 762 295" STYLE_REF="10">very</W>
			<W BOX="757 252 764 277" STYLE_REF="10">,</W>
			<L BOX="339 288 756 315"/>
			<Q BOX="339 289 361 315" STYLE_REF="10" QID="11">tri</Q>
			<Q BOX="375 289 393 315" STYLE_REF="10" QID="11">hi</Q>
			<q BOX="403 289 440 314" STYLE_REF="10" QID="11">hest</q>
			<QW QID="11">trihihest</QW>
			<W BOX="565 288 660 313" STYLE_REF="10">authorities</W>
			<W BOX="667 288 683 313" STYLE_REF="10">of</W>
			<W BOX="691 288 756 313" STYLE_REF="10">Prussia</W>
		</Primitive>
		<Primitive BOX="24 288 811 371" ID="Ar0280004" SEQ_NO="4" TOC_ENTRY_ID="13" DEPTH_LEVEL="1">
			<L BOX="64 288 766 335"/>
			<W BOX="64 310 82 335" STYLE_REF="10">as</W>
			<W BOX="64 292 119 317" STYLE_REF="10">strong</W>
			<W BOX="89 310 99 335" STYLE_REF="10">a</W>
			<W BOX="106 310 184 335" STYLE_REF="10">scientific</W>
			<Q BOX="126 291 178 316" STYLE_REF="10" QID="12">recom</Q>
			<q BOX="179 291 195 316" STYLE_REF="10" QID="12">m</q>
			<QW QID="12">recomm</QW>
			<W BOX="184 309 189 334" STYLE_REF="10">,</W>
			<W BOX="197 290 279 315" STYLE_REF="10">endations</W>
			<W BOX="197 309 273 334" STYLE_REF="10" NS="y">practical</W>
			<W BOX="273 310 278 335" STYLE_REF="10">,</W>
			<W BOX="290 308 393 333" STYLE_REF="10">experienced</W>
			<W BOX="290 290 331 315" STYLE_REF="10">from</W>
			<W BOX="359 289 369 315" STYLE_REF="10">e</W>
			<W BOX="394 290 404 315" STYLE_REF="10">g</W>
			<W BOX="403 307 503 332" STYLE_REF="13">accoucheuse</W>
			<W BOX="450 289 555 314" STYLE_REF="10">professional</W>
			<W BOX="514 307 530 332" STYLE_REF="10">of</W>
			<W BOX="540 307 612 332" STYLE_REF="10">unusual</W>
			<W BOX="619 307 671 332" STYLE_REF="10">talent</W>
			<W BOX="678 306 709 331" STYLE_REF="10">and</W>
			<W BOX="718 306 757 331" STYLE_REF="10">skill</W>
			<W BOX="757 288 765 313" STYLE_REF="10">,</W>
			<W BOX="758 306 766 331" STYLE_REF="10">.</W>
			<L BOX="63 324 763 371"/>
			<W BOX="63 346 148 371" STYLE_REF="10">certificate</W>
			<W BOX="64 328 96 354" STYLE_REF="10">She</W>
			<W BOX="103 328 134 353" STYLE_REF="10">has</W>
			<W BOX="140 328 179 353" STYLE_REF="10">been</W>
			<W BOX="156 346 171 371" STYLE_REF="10">of</W>
			<W BOX="179 345 208 370" STYLE_REF="10">her</W>
			<W BOX="188 327 226 352" STYLE_REF="13">chief</W>
			<W BOX="215 345 290 370" STYLE_REF="10">superiori</W>
			<W BOX="235 326 333 351" STYLE_REF="13">accoucheuse</W>
			<W BOX="293 344 312 369" STYLE_REF="10">ty</W>
			<W BOX="323 344 362 369" STYLE_REF="10">from</W>
			<W BOX="342 326 360 351" STYLE_REF="10">in</W>
			<W BOX="368 326 396 351" STYLE_REF="10">the</W>
			<W BOX="375 344 403 369" STYLE_REF="10">the</W>
			<W BOX="405 326 458 351" STYLE_REF="10">Royal</W>
			<W BOX="414 344 465 369" STYLE_REF="10">Board</W>
			<W BOX="464 326 510 351" STYLE_REF="10">Hosp</W>
			<W BOX="477 343 492 369" STYLE_REF="10">of</W>
			<W BOX="504 343 584 368" STYLE_REF="10">Directors</W>
			<Q BOX="509 325 515 350" STYLE_REF="10" QID="13">i</Q>
			<q BOX="517 325 540 350" STYLE_REF="10" NS="y" QID="13">tal</q>
			<QW QID="13">ital</QW>
			<W BOX="540 326 544 351" STYLE_REF="10">,</W>
			<W BOX="552 325 605 350" STYLE_REF="10">Berlin</W>
			<W BOX="591 343 606 368" STYLE_REF="10">of</W>
			<W BOX="608 325 613 350" STYLE_REF="10">,</W>
			<W BOX="615 343 651 368" STYLE_REF="10">that</W>
			<W BOX="620 326 651 349" STYLE_REF="7">and</W>
			<W BOX="658 342 756 367" STYLE_REF="10">Institution</W>
			<Q BOX="662 324 673 349" STYLE_REF="10" QID="14">p</Q>
			<q BOX="674 327 741 349" STYLE_REF="12" QID="14">ossesses</q>
			<QW QID="14">possesses</QW>
			<W BOX="752 324 763 349" STYLE_REF="10">a</W>
			<W BOX="756 342 762 367" STYLE_REF="10">.</W>
			<L BOX="581 361 762 386"/>
			<W BOX="581 361 611 386" STYLE_REF="10">but</W>
			<W BOX="617 361 650 386" STYLE_REF="10">also</W>
			<W BOX="698 361 762 386" STYLE_REF="10">teacher</W>
		</Primitive>
		<Primitive BOX="24 361 811 444" ID="Ar0280005" SEQ_NO="5" TOC_ENTRY_ID="13" DEPTH_LEVEL="1">
			<L BOX="63 361 763 408"/>
			<W BOX="63 383 78 408" STYLE_REF="10">of</W>
			<W BOX="63 365 95 390" STYLE_REF="10">She</W>
			<W BOX="86 383 170 408" STYLE_REF="10">obstetrics</W>
			<W BOX="102 364 133 389" STYLE_REF="10">has</W>
			<W BOX="139 364 168 389" STYLE_REF="10">not</W>
			<W BOX="175 364 203 389" STYLE_REF="10">onl</W>
			<W BOX="183 381 215 406" STYLE_REF="10">and</W>
			<W BOX="203 363 214 388" STYLE_REF="10">y</W>
			<W BOX="219 363 314 388" STYLE_REF="10">manifested</W>
			<Q BOX="222 381 248 406" STYLE_REF="10" QID="15">enj</Q>
			<Q BOX="249 381 271 406" STYLE_REF="10" QID="15">oy</Q>
			<q BOX="271 381 278 406" STYLE_REF="10" QID="15">s</q>
			<QW QID="15">enjoys</QW>
			<W BOX="289 381 318 406" STYLE_REF="10">the</W>
			<W BOX="318 362 362 387" STYLE_REF="10">great</W>
			<W BOX="327 380 417 406" STYLE_REF="10">advantage</W>
			<W BOX="369 362 421 387" STYLE_REF="10">talent</W>
			<W BOX="424 380 440 406" STYLE_REF="10">of</W>
			<W BOX="428 362 446 387" STYLE_REF="10">as</W>
			<W BOX="447 380 456 406" STYLE_REF="10">a</W>
			<W BOX="452 362 460 387" STYLE_REF="10">a</W>
			<W BOX="464 380 515 405" STYLE_REF="10">moral</W>
			<W BOX="467 361 570 386" STYLE_REF="10">practitioner</W>
			<W BOX="526 379 556 404" STYLE_REF="10">and</W>
			<W BOX="568 379 655 404" STYLE_REF="10">irreproach</W>
			<W BOX="571 362 576 387" STYLE_REF="10">,</W>
			<W BOX="657 379 692 404" STYLE_REF="10">able</W>
			<W BOX="657 361 675 386" STYLE_REF="10">as</W>
			<W BOX="682 361 691 386" STYLE_REF="10">a</W>
			<W BOX="699 379 763 404" STYLE_REF="10">private</W>
			<L BOX="63 383 762 444"/>
			<W BOX="63 419 70 444" STYLE_REF="10">t</W>
			<W BOX="63 401 144 426" STYLE_REF="10">character</W>
			<W BOX="71 422 91 444" STYLE_REF="12">he</W>
			<W BOX="144 401 150 426" STYLE_REF="10" NS="y">.</W>
			<S S_TYPE="SUB">
				<W BOX="149 421 177 443" STYLE_REF="12">bra</W>
			</S>
			<W BOX="171 383 176 408" STYLE_REF="10">,</W>
			<W BOX="172 400 203 425" STYLE_REF="10">She</W>
			<Q BOX="178 418 189 443" STYLE_REF="10" QID="16">n</Q>
			<Q BOX="190 420 200 442" STYLE_REF="12" QID="16">c</Q>
			<q BOX="198 418 210 443" STYLE_REF="10" QID="16">h</q>
			<QW QID="16">nch</QW>
			<W BOX="210 400 241 425" STYLE_REF="10">has</W>
			<W BOX="231 418 249 443" STYLE_REF="10">th</W>
			<W BOX="247 399 319 424" STYLE_REF="10">attained</W>
			<W BOX="250 420 276 442" STYLE_REF="12">ere</W>
			<W BOX="283 420 310 442" STYLE_REF="12">bei</W>
			<W BOX="326 399 352 424" STYLE_REF="10">thi</W>
			<W BOX="338 417 355 442" STYLE_REF="10">m</W>
			<W BOX="352 399 360 424" STYLE_REF="10" NS="y">s</W>
			<S S_TYPE="SUB">
				<W BOX="356 419 373 441" STYLE_REF="12">or</W>
			</S>
			<W BOX="370 399 388 424" STYLE_REF="10">hi</W>
			<W BOX="374 417 382 442" STYLE_REF="10">e</W>
			<W BOX="388 399 399 424" STYLE_REF="10" NS="y">g</W>
			<S S_TYPE="SUB">
				<Q BOX="389 419 396 441" STYLE_REF="12" QID="17">t</Q>
			</S>
			<q BOX="397 417 408 442" STYLE_REF="10" QID="17">h</q>
			<QW QID="17">th</QW>
			<W BOX="398 398 407 423" STYLE_REF="10" NS="y">h</W>
			<W BOX="408 398 413 423" STYLE_REF="10" NS="y">,</W>
			<S S_TYPE="SUB">
				<W BOX="409 419 429 441" STYLE_REF="12">an</W>
			</S>
			<W BOX="420 398 461 423" STYLE_REF="10">rank</W>
			<W BOX="437 419 445 441" STYLE_REF="12">a</W>
			<W BOX="453 419 506 441" STYLE_REF="12">hundr</W>
			<W BOX="468 398 506 423" STYLE_REF="10">over</W>
			<W BOX="507 416 516 441" STYLE_REF="10">e</W>
			<W BOX="513 398 563 423" STYLE_REF="10">many</W>
			<Q BOX="516 419 526 441" STYLE_REF="12" QID="18">d</Q>
			<q BOX="539 415 556 440" STYLE_REF="10" QID="18">in</q>
			<QW QID="18">din</QW>
			<W BOX="563 415 591 440" STYLE_REF="10">the</W>
			<W BOX="570 397 629 422" STYLE_REF="10">female</W>
			<W BOX="598 415 632 440" STYLE_REF="10">city</W>
			<W BOX="634 397 736 422" STYLE_REF="10">competitors</W>
			<W BOX="636 415 651 440" STYLE_REF="10">of</W>
			<Q BOX="660 415 714 440" STYLE_REF="10" QID="19">Berlin</Q>
			<q BOX="725 415 762 440" STYLE_REF="10" QID="19">who</q>
			<QW QID="19">Berlinwho</QW>
			<W BOX="743 397 762 422" STYLE_REF="10">in</W>
		</Primitive>
		<Primitive BOX="24 434 811 485" ID="Ar0280006" SEQ_NO="6" TOC_ENTRY_ID="13" DEPTH_LEVEL="1">
			<L BOX="63 416 725 463"/>
			<W BOX="63 438 137 463" STYLE_REF="10">threaten</W>
			<W BOX="99 422 143 444" STYLE_REF="12">same</W>
			<Q BOX="144 438 155 463" STYLE_REF="10" QID="20">b</Q>
			<q BOX="155 437 167 462" STYLE_REF="10" QID="20">y</q>
			<QW QID="20">by</QW>
			<W BOX="174 436 217 461" STYLE_REF="10" NS="y">their</W>
			<S S_TYPE="SUP">
				<W BOX="216 420 220 442" STYLE_REF="12">;</W>
			</S>
			<W BOX="222 436 316 461" STYLE_REF="10">acknowled</W>
			<W BOX="311 417 332 442" STYLE_REF="10">ng</W>
			<W BOX="315 435 344 460" STYLE_REF="10">ged</W>
			<W BOX="351 435 440 460" STYLE_REF="10">excellence</W>
			<W BOX="448 434 465 459" STYLE_REF="10">to</W>
			<W BOX="472 434 571 459" STYLE_REF="10">monopolize</W>
			<W BOX="527 417 532 442" STYLE_REF="10">,</W>
			<W BOX="578 434 606 459" STYLE_REF="10">the</W>
			<Q BOX="612 434 676 459" STYLE_REF="10" QID="21">obstetri</Q>
			<q BOX="678 434 687 459" STYLE_REF="10" QID="21">c</q>
			<QW QID="21">obstetric</QW>
			<W BOX="693 434 719 459" STYLE_REF="10">art</W>
			<W BOX="716 416 720 441" STYLE_REF="10">,</W>
			<W BOX="719 434 725 459" STYLE_REF="10">.</W>
			<L BOX="586 457 744 485"/>
			<W BOX="586 460 601 485" STYLE_REF="10" NS="y">"</W>
			<W BOX="602 458 650 483" STYLE_REF="10" NS="y">Theo</W>
			<W BOX="650 458 655 483" STYLE_REF="10">.</W>
			<W BOX="667 458 680 483" STYLE_REF="10" NS="y">S</W>
			<W BOX="680 458 684 483" STYLE_REF="10">.</W>
			<W BOX="696 457 736 482" STYLE_REF="10" NS="y">Fay</W>
			<W BOX="737 457 744 482" STYLE_REF="10">.</W>
		</Primitive>
		<Primitive BOX="24 479 811 559" ID="Ar0280007" SEQ_NO="7" TOC_ENTRY_ID="13" DEPTH_LEVEL="1">
			<L BOX="84 479 286 507" P="S"/>
			<W BOX="84 483 94 507" STYLE_REF="7">"</W>
			<W BOX="102 480 167 504" STYLE_REF="7">Legation</W>
			<W BOX="174 480 226 503" STYLE_REF="7">United</W>
			<W BOX="233 479 279 503" STYLE_REF="7" NS="y">States</W>
			<W BOX="279 479 286 503" STYLE_REF="7">,</W>
			<L BOX="122 498 346 526"/>
			<W BOX="122 502 131 526" STYLE_REF="7">"</W>
			<W BOX="138 499 185 523" STYLE_REF="7" NS="y">Berlin</W>
			<W BOX="185 501 190 524" STYLE_REF="7">,</W>
			<W BOX="197 499 225 522" STYLE_REF="7" NS="y">Jan</W>
			<W BOX="226 499 230 522" STYLE_REF="7">.</W>
			<W BOX="238 499 258 522" STYLE_REF="7" NS="y">26</W>
			<W BOX="258 499 273 522" STYLE_REF="7" NS="y">th</W>
			<W BOX="274 499 279 522" STYLE_REF="7">,</W>
			<Q BOX="287 498 308 522" STYLE_REF="7" QID="22">18</Q>
			<q BOX="307 498 327 522" STYLE_REF="7" NS="y" QID="22">53</q>
			<QW QID="22">1853</QW>
			<W BOX="327 498 333 522" STYLE_REF="7" NS="y">.</W>
			<W BOX="333 499 346 522" STYLE_REF="7">"</W>
			<L BOX="86 530 762 559" P="S"/>
			<W BOX="86 534 159 559" STYLE_REF="10">Unable</W>
			<W BOX="167 533 187 558" STYLE_REF="10">to</W>
			<W BOX="195 533 258 558" STYLE_REF="10">obtain</W>
			<W BOX="266 532 365 557" STYLE_REF="10">admission</W>
			<W BOX="374 531 395 556" STYLE_REF="10">to</W>
			<Q BOX="401 531 443 556" STYLE_REF="10" QID="23">stud</Q>
			<q BOX="444 532 457 557" STYLE_REF="10" QID="23">y</q>
			<QW QID="23">study</QW>
			<W BOX="463 530 490 555" STYLE_REF="10">for</W>
			<W BOX="495 530 527 555" STYLE_REF="10">the</W>
			<W BOX="531 530 609 555" STYLE_REF="10">Medical</W>
			<W BOX="615 530 686 555" STYLE_REF="10">Degree</W>
			<W BOX="696 530 717 555" STYLE_REF="10">in</W>
			<W BOX="724 530 762 555" STYLE_REF="10">any</W>
		</Primitive>
		<Primitive BOX="24 553 811 599" ID="Ar0280008" SEQ_NO="8" TOC_ENTRY_ID="13" DEPTH_LEVEL="1">
			<L BOX="64 553 763 582"/>
			<W BOX="64 557 81 582" STYLE_REF="10">of</W>
			<W BOX="89 557 121 582" STYLE_REF="10">the</W>
			<W BOX="129 556 217 581" STYLE_REF="10">Prussian</W>
			<W BOX="227 555 312 580" STYLE_REF="10" NS="y">Colleges</W>
			<W BOX="314 556 318 581" STYLE_REF="10">,</W>
			<W BOX="326 554 373 579" STYLE_REF="10" NS="y">Mile</W>
			<W BOX="373 554 379 579" STYLE_REF="10">.</W>
			<W BOX="387 554 508 579" STYLE_REF="10" NS="y">Zakrzewska</W>
			<W BOX="510 554 514 579" STYLE_REF="10">,</W>
			<W BOX="521 553 541 578" STYLE_REF="10">in</W>
			<W BOX="548 553 595 578" STYLE_REF="10" NS="y">1853</W>
			<W BOX="596 554 600 579" STYLE_REF="10">,</W>
			<W BOX="607 553 694 578" STYLE_REF="10">removed</W>
			<W BOX="702 553 722 578" STYLE_REF="10">to</W>
			<W BOX="729 553 763 578" STYLE_REF="10">the</W>
			<L BOX="62 576 763 605"/>
			<W BOX="62 580 135 605" STYLE_REF="10">United</W>
			<Q BOX="143 580 202 605" STYLE_REF="10" QID="24">States</Q>
			<q BOX="218 579 254 604" STYLE_REF="10" QID="24">and</q>
			<QW QID="24">Statesand</QW>
			<W BOX="262 578 302 603" STYLE_REF="10">was</W>
			<W BOX="309 578 397 603" STYLE_REF="10">admitted</W>
			<W BOX="405 577 445 602" STYLE_REF="10">into</W>
			<W BOX="453 577 487 602" STYLE_REF="10">the</W>
			<W BOX="493 576 575 602" STYLE_REF="10">Medical</W>
			<W BOX="586 576 661 602" STYLE_REF="10">College</W>
			<W BOX="670 577 687 602" STYLE_REF="10">of</W>
			<Q BOX="698 576 755 602" STYLE_REF="10" QID="25">Cleve</Q>
			<Q BOX="755 576 763 602" STYLE_REF="10" LH="y" QID="25">-</Q>
		</Primitive>
		<Primitive BOX="24 587 811 652" ID="Ar0280009" SEQ_NO="9" TOC_ENTRY_ID="13" DEPTH_LEVEL="1">
			<L BOX="204 580 209 605"/>
			<q BOX="204 580 209 605" STYLE_REF="10" QID="25">,</q>
			<QW QID="25">Cleve-,</QW>
			<L BOX="62 599 760 629"/>
			<W BOX="62 604 105 629" STYLE_REF="10">land</W>
			<W BOX="115 603 124 629" STYLE_REF="10" NS="y">(</W>
			<W BOX="123 603 173 629" STYLE_REF="10" NS="y">Ohio</W>
			<W BOX="173 603 182 629" STYLE_REF="10" NS="y">)</W>
			<W BOX="183 603 188 628" STYLE_REF="10">,</W>
			<W BOX="197 602 258 627" STYLE_REF="10">where</W>
			<W BOX="267 602 301 627" STYLE_REF="10">she</W>
			<W BOX="309 601 408 626" STYLE_REF="10" NS="y">graduated</W>
			<W BOX="411 601 416 626" STYLE_REF="10">,</W>
			<W BOX="425 600 448 625" STYLE_REF="10">on</W>
			<W BOX="456 600 489 625" STYLE_REF="10">the</W>
			<W BOX="497 599 615 625" STYLE_REF="10">termination</W>
			<W BOX="623 599 640 625" STYLE_REF="10">of</W>
			<W BOX="649 599 682 625" STYLE_REF="10">her</W>
			<W BOX="690 599 760 625" STYLE_REF="10">studies</W>
			<L BOX="62 625 257 652"/>
			<W BOX="62 626 83 652" STYLE_REF="10">in</W>
			<Q BOX="92 626 101 652" STYLE_REF="10" QID="26">t</Q>
			<q BOX="101 626 133 652" STYLE_REF="10" QID="26">hat</q>
			<QW QID="26">that</QW>
			<W BOX="142 625 250 650" STYLE_REF="10" NS="y">Institution</W>
			<W BOX="250 625 257 650" STYLE_REF="10">.</W>
		</Primitive>
		<Primitive BOX="24 646 811 699" ID="Ar0280010" SEQ_NO="10" TOC_ENTRY_ID="13" DEPTH_LEVEL="1">
			<L BOX="87 646 763 674"/>
			<W BOX="87 649 110 674" STYLE_REF="10">In</W>
			<W BOX="119 649 190 674" STYLE_REF="10">closing</W>
			<W BOX="198 648 236 673" STYLE_REF="10">this</W>
			<W BOX="245 647 317 672" STYLE_REF="10">outline</W>
			<W BOX="324 647 341 672" STYLE_REF="10">of</W>
			<W BOX="350 647 383 672" STYLE_REF="10">the</W>
			<W BOX="390 647 421 672" STYLE_REF="10">life</W>
			<W BOX="432 646 467 671" STYLE_REF="10">and</W>
			<W BOX="476 646 600 671" STYLE_REF="10">undertaking</W>
			<W BOX="607 646 624 671" STYLE_REF="10">of</W>
			<W BOX="633 646 664 671" STYLE_REF="10">my</W>
			<W BOX="673 646 736 671" STYLE_REF="10" NS="y">sisters</W>
			<W BOX="738 647 743 672" STYLE_REF="10">,</W>
			<W BOX="751 646 763 671" STYLE_REF="10">I</W>
			<L BOX="62 670 312 699"/>
			<W BOX="62 672 97 699" STYLE_REF="1">beg</W>
			<W BOX="105 672 125 699" STYLE_REF="1">to</W>
			<Q BOX="133 671 216 698" STYLE_REF="1" QID="27">subscrib</Q>
			<q BOX="217 671 227 697" STYLE_REF="1" QID="27">e</q>
			<QW QID="27">subscribe</QW>
			<Q BOX="235 671 253 696" STYLE_REF="10" QID="28">m</Q>
			<Q BOX="254 670 277 697" STYLE_REF="1" QID="28">ys</Q>
			<Q BOX="277 671 289 696" STYLE_REF="10" QID="28">e</Q>
			<q BOX="288 670 303 697" STYLE_REF="1" NS="y" QID="28">lf</q>
			<QW QID="28">myself</QW>
			<W BOX="305 672 312 697" STYLE_REF="10">,</W>
		</Primitive>
		<Primitive BOX="24 695 811 746" ID="Ar0280011" SEQ_NO="11" TOC_ENTRY_ID="13" DEPTH_LEVEL="1">
			<L BOX="349 695 489 720"/>
			<W BOX="349 695 399 720" STYLE_REF="10">Dear</W>
			<W BOX="407 695 480 720" STYLE_REF="10" NS="y">Madam</W>
			<W BOX="481 695 489 720" STYLE_REF="10">,</W>
			<L BOX="437 718 606 746"/>
			<Q BOX="437 719 479 746" STYLE_REF="1" QID="29">You</Q>
			<Q BOX="479 720 489 745" STYLE_REF="10" QID="29">r</Q>
			<q BOX="489 719 499 746" STYLE_REF="1" QID="29">s</q>
			<QW QID="29">Yours</QW>
			<Q BOX="506 719 514 746" STYLE_REF="1" QID="30">f</Q>
			<Q BOX="514 720 525 745" STYLE_REF="10" QID="30">a</Q>
			<Q BOX="524 719 559 746" STYLE_REF="1" QID="30">ithf</Q>
			<Q BOX="559 720 571 745" STYLE_REF="10" QID="30">u</Q>
			<Q BOX="572 719 587 746" STYLE_REF="1" QID="30">ll</Q>
			<q BOX="587 718 600 746" STYLE_REF="4" NS="y" QID="30">y</q>
			<QW QID="30">faithfully</QW>
			<W BOX="600 718 606 746" STYLE_REF="4">,</W>
		</Primitive>
		<Primitive BOX="24 746 811 802" ID="Ar0280012" SEQ_NO="12" TOC_ENTRY_ID="13" DEPTH_LEVEL="1">
			<L BOX="550 747 738 772"/>
			<W BOX="550 747 607 772" STYLE_REF="10">Anna</W>
			<W BOX="615 747 730 772" STYLE_REF="10" NS="y">Blackwell</W>
			<W BOX="730 747 738 772" STYLE_REF="10">.</W>
		</Primitive>
	</Content>
	<TOC_Entries><TOC_Entry TOC_ENTRY_ID="58" TITLE="To the Editors of the English Woman's Jo..." ENTITY_ID_REF="Ar02800" PAGE_NO="28" PAGE_LABEL="100" PRIM_ID_REF="Ar0280000" IS_IC="true"/></TOC_Entries></XMD-entity>
