<?xml version="1.0" encoding="windows-1252" standalone="no"?>
<XMD-entity REPOSITORY_FORMAT="1.0" PRXML_VER="2.0" ENTITY_TYPE="Article" DOC_UID="EWJ_01/04/1858" DOC_VER="1" FIRST_TOC_ENTRY_ID="35" DEPTH_LEVEL="1" INDEX_IN_DOC="61" PAGE_NO="28" ID="Ar02803" BOX="23 902 811 1215" LANGUAGE="English" CONTINUATION_TO="Ar02900" SNP="Ar02803S.png" SNP_WIDTH="789" SNP_HEIGHT="62" LOGICAL_NAME="true">
	<Meta NAME="-^_ It is considerably more than fifty y..." DESCRIPTION="" SUBTYPE="" BASE_HREF="EWJ/1858/04/01" SOURCE_TYPE="TIFF" PUBLICATION="EWJ" SECTION="None" ISSUE_DATE="01/04/1858" WORDCNT="147" RELEASE_NO="041-EWJ-1858-04-01-001-SINGLE" PAGE_ID="" PAGE_TYPE="Single" PAGE_WIDTH="823" PAGE_HEIGHT="1239" DEFAULT_IMG_EXT="png" PDF_DESTINATION_MAPPED="OLV0_Entity_0028_0004" IMAGES_RESOLUTION="86" XMD_VER="2.6.238.8" PAGE_LABEL="100"/>
	<Link SOURCE="041-EWJ-1858-04-01-001-SINGLE.PDF" FIRST_ID="Ar00200" LAST_ID="Ar07201" NEXT_ID="" PREV_ID="Ar02802" TOC_ID="d:/Olive/Repository/EWJ/1858/04/01/TOC.xml"/>
	<DataFiles>
		<Files TYPE="DOC_PDF" PRESENT="1"/>
		<Files TYPE="PAGE_PDF" PRESENT="0"/>
		<Files TYPE="DOC_IMG" PRESENT="0"/>
		<Files TYPE="PAGE_IMG" PRESENT="0"/>
		<Files TYPE="PAGE_VIEW_IMG" PRESENT="1"/>
		<Files TYPE="PAGE_PREVIEW_IMG" PRESENT="1"/>
		<Files TYPE="PRIMITIVE_IMG" PRESENT="1"/>
		<Files TYPE="SNIPPET_IMG" PRESENT="1"/>
	</DataFiles>
	<Content>
		<Primitive BOX="23 902 811 964" ID="Ar0280300" SEQ_NO="0" TOC_ENTRY_ID="35" DEPTH_LEVEL="1">
			<L BOX="401 897 420 922"/>
			<W BOX="401 897 406 922" STYLE_REF="16" LH="y" NS="y">-</W>
			<Q BOX="405 897 412 922" STYLE_REF="16" QID="1" M="1 * ">^</Q>
			<q BOX="412 897 420 922" STYLE_REF="16" QID="1" M="1 * ">_</q>
			<QW QID="1">_^_</QW>
			<L BOX="62 931 763 964" P="S"/>
			<W BOX="62 935 83 964" STYLE_REF="4">It</W>
			<W BOX="92 935 109 964" STYLE_REF="4">is</W>
			<Q BOX="122 935 236 963" STYLE_REF="4" QID="2">considerabl</Q>
			<q BOX="257 934 310 963" STYLE_REF="4" QID="2">more</q>
			<QW QID="2">considerablmore</QW>
			<W BOX="321 933 367 962" STYLE_REF="4">than</W>
			<W BOX="378 933 418 962" STYLE_REF="4">fifty</W>
			<W BOX="428 932 484 961" STYLE_REF="4">years</W>
			<W BOX="491 932 542 960" STYLE_REF="4">since</W>
			<W BOX="549 931 560 960" STYLE_REF="4">I</W>
			<W BOX="568 931 606 960" STYLE_REF="4">was</W>
			<W BOX="618 931 734 960" STYLE_REF="4">accustomed</W>
			<W BOX="742 931 763 960" STYLE_REF="4">to</W>
		</Primitive>
		<Primitive BOX="23 954 811 1010" ID="Ar0280301" SEQ_NO="1" TOC_ENTRY_ID="35" DEPTH_LEVEL="1">
			<L BOX="61 934 762 987"/>
			<W BOX="61 959 104 987" STYLE_REF="4">pass</W>
			<W BOX="114 959 147 987" STYLE_REF="4">my</W>
			<Q BOX="155 957 198 986" STYLE_REF="4" QID="3">holi</Q>
			<q BOX="196 957 241 986" STYLE_REF="4" QID="3">days</q>
			<QW QID="3">holidays</QW>
			<W BOX="237 934 250 963" STYLE_REF="4">y</W>
			<W BOX="253 957 274 986" STYLE_REF="4">in</W>
			<W BOX="288 957 299 986" STYLE_REF="4">a</W>
			<W BOX="309 957 359 985" STYLE_REF="4">large</W>
			<Q BOX="375 956 405 984" STYLE_REF="4" QID="4">old</Q>
			<Q BOX="405 956 413 984" STYLE_REF="4" LH="y" QID="4">-</Q>
			<Q BOX="413 956 495 984" STYLE_REF="4" QID="4">fashione</Q>
			<q BOX="496 955 509 983" STYLE_REF="4" QID="4">d</q>
			<QW QID="4">old-fashioned</QW>
			<W BOX="522 955 579 983" STYLE_REF="4">house</W>
			<W BOX="592 954 609 983" STYLE_REF="4">at</W>
			<W BOX="618 954 642 983" STYLE_REF="4">W</W>
			<W BOX="691 954 695 983" STYLE_REF="4">.</W>
			<W BOX="721 954 762 983" STYLE_REF="4">The</W>
			<L BOX="62 977 762 1010"/>
			<W BOX="62 982 134 1010" STYLE_REF="4">owners</W>
			<W BOX="142 981 160 1009" STYLE_REF="4">of</W>
			<W BOX="170 981 209 1009" STYLE_REF="4">this</W>
			<W BOX="215 980 272 1008" STYLE_REF="4">house</W>
			<W BOX="280 980 330 1008" STYLE_REF="4">were</W>
			<W BOX="339 980 363 1008" STYLE_REF="4">an</W>
			<W BOX="375 979 449 1007" STYLE_REF="4">ancient</W>
			<Q BOX="457 979 505 1007" STYLE_REF="4" QID="5">coup</Q>
			<q BOX="505 978 523 1006" STYLE_REF="4" QID="5">le</q>
			<QW QID="5">couple</QW>
			<W BOX="533 978 541 1006" STYLE_REF="4" NS="y">(</W>
			<W BOX="541 978 573 1006" STYLE_REF="4">the</W>
			<W BOX="582 977 636 1006" STYLE_REF="4">uncle</W>
			<W BOX="644 977 681 1006" STYLE_REF="4">and</W>
			<W BOX="690 977 735 1006" STYLE_REF="4">aunt</W>
			<W BOX="743 977 762 1006" STYLE_REF="4">of</W>
		</Primitive>
		<Primitive BOX="23 1001 811 1057" ID="Ar0280302" SEQ_NO="2" TOC_ENTRY_ID="35" DEPTH_LEVEL="1">
			<L BOX="61 1001 762 1034"/>
			<W BOX="61 1005 94 1034" STYLE_REF="4">my</W>
			<W BOX="101 1004 175 1033" STYLE_REF="4" NS="y">mother</W>
			<W BOX="175 1004 183 1033" STYLE_REF="4" NS="y">)</W>
			<W BOX="183 1004 190 1033" STYLE_REF="4">,</W>
			<W BOX="196 1004 239 1032" STYLE_REF="4" NS="y">who</W>
			<W BOX="240 1003 245 1032" STYLE_REF="4">,</W>
			<W BOX="253 1003 324 1031" STYLE_REF="4">having</W>
			<W BOX="331 1003 355 1031" STYLE_REF="4">no</W>
			<W BOX="364 1002 447 1030" STYLE_REF="4" NS="y">children</W>
			<W BOX="449 1002 454 1030" STYLE_REF="4">,</W>
			<W BOX="460 1001 510 1030" STYLE_REF="4">were</W>
			<W BOX="518 1001 591 1029" STYLE_REF="4">content</W>
			<W BOX="599 1001 619 1029" STYLE_REF="4">to</W>
			<Q BOX="627 1001 648 1029" STYLE_REF="4" QID="6">sp</Q>
			<q BOX="650 1001 675 1029" STYLE_REF="4" QID="6">oil</q>
			<QW QID="6">spoil</QW>
			<W BOX="683 1001 714 1029" STYLE_REF="4" NS="y">me</W>
			<W BOX="715 1002 720 1030" STYLE_REF="4">,</W>
			<W BOX="726 1001 762 1030" STYLE_REF="4">and</W>
			<L BOX="60 1024 763 1057"/>
			<W BOX="60 1029 87 1057" STYLE_REF="4">let</W>
			<W BOX="95 1029 126 1057" STYLE_REF="4">me</W>
			<W BOX="132 1027 168 1056" STYLE_REF="4">run</W>
			<W BOX="176 1027 232 1056" STYLE_REF="4">about</W>
			<W BOX="239 1026 289 1054" STYLE_REF="4">their</W>
			<W BOX="298 1026 347 1054" STYLE_REF="4">large</W>
			<W BOX="356 1025 424 1053" STYLE_REF="4">garden</W>
			<W BOX="433 1025 513 1053" STYLE_REF="4">without</W>
			<W BOX="523 1024 609 1053" STYLE_REF="4" NS="y">restraint</W>
			<W BOX="609 1024 616 1053" STYLE_REF="4">.</W>
			<W BOX="638 1024 657 1053" STYLE_REF="4">A</W>
			<W BOX="664 1025 715 1053" STYLE_REF="4">pony</W>
			<W BOX="723 1025 763 1053" STYLE_REF="4">was</W>
		</Primitive>
		<Primitive BOX="23 1048 811 1104" ID="Ar0280303" SEQ_NO="3" TOC_ENTRY_ID="35" DEPTH_LEVEL="1">
			<L BOX="61 1048 764 1080"/>
			<W BOX="61 1051 152 1080" STYLE_REF="4">provided</W>
			<W BOX="165 1051 193 1079" STYLE_REF="4">for</W>
			<W BOX="208 1050 242 1078" STYLE_REF="11">my</W>
			<W BOX="248 1050 349 1078" STYLE_REF="4" NS="y">equitation</W>
			<W BOX="356 1049 361 1078" STYLE_REF="4">;</W>
			<W BOX="374 1048 384 1077" STYLE_REF="4">I</W>
			<W BOX="392 1048 431 1077" STYLE_REF="4">was</W>
			<W BOX="439 1048 517 1077" STYLE_REF="4">allowed</W>
			<W BOX="529 1048 548 1077" STYLE_REF="4">to</W>
			<W BOX="560 1048 600 1076" STYLE_REF="4">ride</W>
			<W BOX="612 1048 668 1076" STYLE_REF="4">about</W>
			<W BOX="679 1048 699 1076" STYLE_REF="4">at</W>
			<W BOX="709 1048 750 1076" STYLE_REF="4" NS="y">will</W>
			<W BOX="755 1048 764 1076" STYLE_REF="4">;</W>
			<L BOX="61 1071 761 1104"/>
			<W BOX="61 1076 81 1104" STYLE_REF="4">to</W>
			<Q BOX="95 1074 135 1103" STYLE_REF="4" QID="7">wan</Q>
			<q BOX="138 1074 170 1103" STYLE_REF="4" QID="7">der</q>
			<QW QID="7">wander</QW>
			<W BOX="183 1074 208 1103" STYLE_REF="4">on</W>
			<W BOX="220 1073 258 1101" STYLE_REF="4">foot</W>
			<W BOX="273 1073 299 1101" STYLE_REF="4">all</W>
			<W BOX="314 1072 357 1100" STYLE_REF="4">over</W>
			<W BOX="369 1072 402 1100" STYLE_REF="4">the</W>
			<W BOX="414 1072 493 1100" STYLE_REF="4">country</W>
			<W BOX="499 1072 505 1100" STYLE_REF="4">;</W>
			<W BOX="516 1071 536 1100" STYLE_REF="4">to</W>
			<Q BOX="548 1071 572 1099" STYLE_REF="4" QID="8">ga</Q>
			<q BOX="572 1071 613 1099" STYLE_REF="4" QID="8">ther</q>
			<QW QID="8">gather</QW>
			<W BOX="628 1071 662 1099" STYLE_REF="4">the</W>
			<W BOX="677 1071 721 1099" STYLE_REF="4">peas</W>
			<W BOX="733 1071 761 1099" STYLE_REF="4">for</W>
		</Primitive>
		<Primitive BOX="23 1094 811 1149" ID="Ar0280304" SEQ_NO="4" TOC_ENTRY_ID="35" DEPTH_LEVEL="1">
			<L BOX="61 1094 762 1127"/>
			<W BOX="61 1098 128 1127" STYLE_REF="4" NS="y">dinner</W>
			<W BOX="133 1098 139 1127" STYLE_REF="4">;</W>
			<W BOX="152 1097 172 1125" STYLE_REF="4">to</W>
			<Q BOX="180 1097 200 1125" STYLE_REF="4" QID="9">di</Q>
			<q BOX="200 1097 213 1125" STYLE_REF="4" QID="9">g</q>
			<QW QID="9">dig</QW>
			<W BOX="221 1097 247 1125" STYLE_REF="4">up</W>
			<W BOX="255 1097 288 1125" STYLE_REF="4">the</W>
			<W BOX="295 1095 382 1124" STYLE_REF="4">youthful</W>
			<W BOX="391 1095 489 1123" STYLE_REF="4" NS="y">asparagus</W>
			<W BOX="493 1095 499 1123" STYLE_REF="4">;</W>
			<W BOX="510 1094 546 1123" STYLE_REF="4">and</W>
			<W BOX="555 1094 575 1123" STYLE_REF="4">to</W>
			<W BOX="582 1094 626 1123" STYLE_REF="4">feast</W>
			<W BOX="636 1094 661 1123" STYLE_REF="4">on</W>
			<W BOX="669 1094 702 1123" STYLE_REF="4">the</W>
			<W BOX="712 1094 762 1123" STYLE_REF="4">most</W>
			<L BOX="61 1118 430 1149"/>
			<W BOX="61 1121 150 1149" STYLE_REF="4">delicious</W>
			<W BOX="159 1120 284 1148" STYLE_REF="4">strawberries</W>
			<W BOX="294 1119 314 1147" STYLE_REF="4">in</W>
			<W BOX="322 1119 354 1147" STYLE_REF="4">the</W>
			<W BOX="362 1119 419 1147" STYLE_REF="4" NS="y">world</W>
			<W BOX="422 1118 430 1147" STYLE_REF="4">.</W>
		</Primitive>
		<Primitive BOX="23 1140 811 1173" ID="Ar0280305" SEQ_NO="5" TOC_ENTRY_ID="35" DEPTH_LEVEL="1">
			<L BOX="84 1140 761 1173"/>
			<W BOX="84 1144 138 1173" STYLE_REF="4">They</W>
			<W BOX="145 1144 182 1172" STYLE_REF="4">had</W>
			<Q BOX="193 1144 203 1172" STYLE_REF="4" QID="10">l</Q>
			<q BOX="202 1144 243 1172" STYLE_REF="4" QID="10">ittle</q>
			<QW QID="10">little</QW>
			<W BOX="255 1143 340 1171" STYLE_REF="4">learning</W>
			<W BOX="352 1142 389 1171" STYLE_REF="4">and</W>
			<W BOX="401 1142 425 1171" STYLE_REF="4">no</W>
			<Q BOX="437 1141 496 1170" STYLE_REF="4" QID="11">tastes</Q>
			<Q BOX="496 1141 522 1170" STYLE_REF="4" LH="y" QID="11">�</Q>
			<q BOX="522 1141 560 1170" STYLE_REF="4" QID="11">this</q>
			<QW QID="11">tastes�this</QW>
			<W BOX="569 1141 599 1169" STYLE_REF="4">old</W>
			<Q BOX="611 1140 659 1169" STYLE_REF="4" QID="12">coup</Q>
			<q BOX="658 1140 677 1168" STYLE_REF="4" NS="y" QID="12">le</q>
			<QW QID="12">couple</QW>
			<W BOX="677 1140 683 1168" STYLE_REF="4">.</W>
			<W BOX="708 1140 761 1168" STYLE_REF="4">They</W>
		</Primitive>
		<Primitive BOX="23 1173 811 1215" ID="Ar0280306" SEQ_NO="6" TOC_ENTRY_ID="35" DEPTH_LEVEL="1">
			<L BOX="60 1160 764 1197"/>
			<W BOX="60 1168 97 1197" STYLE_REF="4">had</W>
			<W BOX="105 1168 144 1196" STYLE_REF="4">two</W>
			<W BOX="151 1167 171 1195" STYLE_REF="4">or</W>
			<W BOX="178 1167 232 1195" STYLE_REF="4">three</W>
			<W BOX="239 1167 269 1195" STYLE_REF="4">old</W>
			<Q BOX="278 1168 292 1196" STYLE_REF="4" QID="13">p</Q>
			<q BOX="292 1167 360 1195" STYLE_REF="4" QID="13">ictures</q>
			<QW QID="13">pictures</QW>
			<W BOX="369 1166 378 1195" STYLE_REF="4" NS="y">(</W>
			<W BOX="377 1166 396 1195" STYLE_REF="4">of</W>
			<W BOX="405 1166 429 1194" STYLE_REF="4">no</W>
			<W BOX="437 1165 492 1194" STYLE_REF="4" NS="y">value</W>
			<W BOX="492 1165 501 1194" STYLE_REF="4" NS="y">)</W>
			<W BOX="503 1165 509 1194" STYLE_REF="4">,</W>
			<W BOX="517 1165 527 1193" STYLE_REF="4">a</W>
			<W BOX="534 1165 570 1193" STYLE_REF="4">few</W>
			<W BOX="580 1164 642 1192" STYLE_REF="4">choice</W>
			<W BOX="651 1164 754 1192" STYLE_REF="4" NS="y">carnations</W>
			<W BOX="755 1160 764 1193" STYLE_REF="23">,</W>
		</Primitive>
	</Content>
	<Continuation-Content ID_REF="Ar02900"/>
	<Continuation-Content ID_REF="Ar03000"/>
	<Continuation-Content ID_REF="Ar03100"/>
	<TOC_Entries><TOC_Entry TOC_ENTRY_ID="61" TITLE="-^_ It is considerably more than fifty y..." ENTITY_ID_REF="Ar02803" PAGE_NO="28" PAGE_LABEL="100" PRIM_ID_REF="Ar0280300" IS_IC="true"/></TOC_Entries></XMD-entity>
