<?xml version="1.0" encoding="windows-1252" standalone="no"?>
<XMD-entity REPOSITORY_FORMAT="1.0" PRXML_VER="2.0" ENTITY_TYPE="Article" DOC_UID="EWJ_01/04/1858" DOC_VER="1" FIRST_TOC_ENTRY_ID="33" DEPTH_LEVEL="1" INDEX_IN_DOC="59" PAGE_NO="28" ID="Ar02801" BOX="24 12 811 102" LANGUAGE="English" SNP="Ar02801S.png" SNP_WIDTH="788" SNP_HEIGHT="91" LOGICAL_NAME="true">
	<Meta NAME="100 MORE THAN FIFTY YEARS AGO." DESCRIPTION="" SUBTYPE="" BASE_HREF="EWJ/1858/04/01" SOURCE_TYPE="TIFF" PUBLICATION="EWJ" SECTION="None" ISSUE_DATE="01/04/1858" WORDCNT="7" RELEASE_NO="041-EWJ-1858-04-01-001-SINGLE" PAGE_ID="" PAGE_TYPE="Single" PAGE_WIDTH="823" PAGE_HEIGHT="1239" DEFAULT_IMG_EXT="png" PDF_DESTINATION_MAPPED="OLV0_Entity_0028_0002" IMAGES_RESOLUTION="86" XMD_VER="2.6.238.8" PAGE_LABEL="100"/>
	<Link SOURCE="041-EWJ-1858-04-01-001-SINGLE.PDF" FIRST_ID="Ar00200" LAST_ID="Ar07201" NEXT_ID="Ar02802" PREV_ID="Ar02800" TOC_ID="d:/Olive/Repository/EWJ/1858/04/01/TOC.xml"/>
	<DataFiles>
		<Files TYPE="DOC_PDF" PRESENT="1"/>
		<Files TYPE="PAGE_PDF" PRESENT="0"/>
		<Files TYPE="DOC_IMG" PRESENT="0"/>
		<Files TYPE="PAGE_IMG" PRESENT="0"/>
		<Files TYPE="PAGE_VIEW_IMG" PRESENT="1"/>
		<Files TYPE="PAGE_PREVIEW_IMG" PRESENT="1"/>
		<Files TYPE="PRIMITIVE_IMG" PRESENT="1"/>
		<Files TYPE="SNIPPET_IMG" PRESENT="1"/>
	</DataFiles>
	<Content>
		<Primitive BOX="24 12 811 102" ID="Ar0280100" SEQ_NO="0" TOC_ENTRY_ID="33" DEPTH_LEVEL="1">
			<L BOX="65 58 578 86"/>
			<W BOX="65 61 100 86" STYLE_REF="10">100</W>
			<W BOX="234 61 292 86" STYLE_REF="10">MORE</W>
			<W BOX="307 61 364 86" STYLE_REF="10">THAN</W>
			<W BOX="378 60 438 85" STYLE_REF="10">FIFTY</W>
			<W BOX="452 59 518 84" STYLE_REF="10">YEARS</W>
			<W BOX="531 58 573 83" STYLE_REF="10" NS="y">AGO</W>
			<W BOX="573 58 578 83" STYLE_REF="10">.</W>
		</Primitive>
	</Content>
	<TOC_Entries><TOC_Entry TOC_ENTRY_ID="59" TITLE="100 MORE THAN FIFTY YEARS AGO." ENTITY_ID_REF="Ar02801" PAGE_NO="28" PAGE_LABEL="100" PRIM_ID_REF="Ar0280100" IS_IC="true"/></TOC_Entries></XMD-entity>
