<?xml version="1.0" encoding="windows-1252" standalone="no"?>
<XMD-PAGE REPOSITORY_FORMAT="1.0" PRXML_VER="2.0">
	<Meta ISSUE_DATE="01/04/1858" RELEASE_NO="041-EWJ-1858-04-01-001-SINGLE" PAGE_NO="28" NAME="" PAGE_LABEL="100" PAGE_TYPE="Single" PUBLISHER="Olive" PUBLICATION="EWJ" SOURCE_TYPE="TIFF" SOURCE_RESOLUTION="72" IMAGES_RESOLUTION="86" PAGE_THUMBNAIL_RESOLUTION="86" PAGE_PREVIEW_RESOLUTION="15" DEFAULT_IMG_EXT="png" IMG_EXT="png" PREVIEW_IMG_EXT="png" XMD_VER="2.6.238.8" PROFILE_ID="D:\pdfs\EWJ\XMD_EWJ.ini" SECTION="None" PAGE_WIDTH="823" PAGE_HEIGHT="1239" PAGES_NUMBER="72" BASE_HREF="EWJ/1858/04/01" PDF_DESTINATION_MAPPED="OLV0_Page_0028">
		<Resolutions>
			<Resolution DEFAULT="true">86</Resolution>
		</Resolutions>
	</Meta>
	<Link SOURCE="041-EWJ-1858-04-01-001-SINGLE.PDF" NEXT_SECTION="" PREV_SECTION="1"/>
	<DataFiles>
		<Files TYPE="DOC_PDF" PRESENT="1"/>
		<Files TYPE="PAGE_PDF" PRESENT="0"/>
		<Files TYPE="DOC_IMG" PRESENT="0"/>
		<Files TYPE="PAGE_IMG" PRESENT="0"/>
		<Files TYPE="PAGE_VIEW_IMG" PRESENT="1"/>
		<Files TYPE="PAGE_PREVIEW_IMG" PRESENT="1"/>
		<Files TYPE="PRIMITIVE_IMG" PRESENT="1"/>
		<Files TYPE="SNIPPET_IMG" PRESENT="1"/>
	</DataFiles>
	<Entity ENTITY_TYPE="Article" FIRST_TOC_ENTRY_ID="13" INDEX_IN_DOC="39" DEPTH_LEVEL="1" ID="Ar02800" SIZE="XLarge" BOX="24 102 811 802" NEXT_SECTION="" PREV_SECTION="1" CONTINUATION_FROM="Ar02700" FIRST_CHUNK="Ar00802" IMAGES_RESOLUTION="86" LOGICAL_NAME="true">
		<Name>To the Editors of the English Woman's Jo...</Name>
		<Primitive ID="Ar0280000" BOX="24 102 811 153" ELEMENT_TYPE="Content" SEQ_NO="0" TOC_ENTRY_ID="13" DEPTH_LEVEL="1"/>
		<Primitive ID="Ar0280001" BOX="24 147 811 200" ELEMENT_TYPE="Content" SEQ_NO="1" TOC_ENTRY_ID="13" DEPTH_LEVEL="1"/>
		<Primitive ID="Ar0280002" BOX="24 193 811 246" ELEMENT_TYPE="Content" SEQ_NO="2" TOC_ENTRY_ID="13" DEPTH_LEVEL="1"/>
		<Primitive ID="Ar0280003" BOX="24 246 811 299" ELEMENT_TYPE="Content" SEQ_NO="3" TOC_ENTRY_ID="13" DEPTH_LEVEL="1"/>
		<Primitive ID="Ar0280004" BOX="24 288 811 371" ELEMENT_TYPE="Content" SEQ_NO="4" TOC_ENTRY_ID="13" DEPTH_LEVEL="1"/>
		<Primitive ID="Ar0280005" BOX="24 361 811 444" ELEMENT_TYPE="Content" SEQ_NO="5" TOC_ENTRY_ID="13" DEPTH_LEVEL="1"/>
		<Primitive ID="Ar0280006" BOX="24 434 811 485" ELEMENT_TYPE="Content" SEQ_NO="6" TOC_ENTRY_ID="13" DEPTH_LEVEL="1"/>
		<Primitive ID="Ar0280007" BOX="24 479 811 559" ELEMENT_TYPE="Content" SEQ_NO="7" TOC_ENTRY_ID="13" DEPTH_LEVEL="1"/>
		<Primitive ID="Ar0280008" BOX="24 553 811 599" ELEMENT_TYPE="Content" SEQ_NO="8" TOC_ENTRY_ID="13" DEPTH_LEVEL="1"/>
		<Primitive ID="Ar0280009" BOX="24 587 811 652" ELEMENT_TYPE="Content" SEQ_NO="9" TOC_ENTRY_ID="13" DEPTH_LEVEL="1"/>
		<Primitive ID="Ar0280010" BOX="24 646 811 699" ELEMENT_TYPE="Content" SEQ_NO="10" TOC_ENTRY_ID="13" DEPTH_LEVEL="1"/>
		<Primitive ID="Ar0280011" BOX="24 695 811 746" ELEMENT_TYPE="Content" SEQ_NO="11" TOC_ENTRY_ID="13" DEPTH_LEVEL="1"/>
		<Primitive ID="Ar0280012" BOX="24 746 811 802" ELEMENT_TYPE="Content" SEQ_NO="12" TOC_ENTRY_ID="13" DEPTH_LEVEL="1"/>
	</Entity>
	<Entity ENTITY_TYPE="Article" FIRST_TOC_ENTRY_ID="33" INDEX_IN_DOC="59" DEPTH_LEVEL="1" ID="Ar02801" SIZE="Small" BOX="24 12 811 102" NEXT_SECTION="" PREV_SECTION="1" IMAGES_RESOLUTION="86" LOGICAL_NAME="true">
		<Name>100 MORE THAN FIFTY YEARS AGO.</Name>
		<Primitive ID="Ar0280100" BOX="24 12 811 102" ELEMENT_TYPE="Content" SEQ_NO="0" TOC_ENTRY_ID="33" DEPTH_LEVEL="1"/>
	</Entity>
	<Entity ENTITY_TYPE="Article" ENTITY_SUBTYPE="Section" FIRST_TOC_ENTRY_ID="34" INDEX_IN_DOC="60" DEPTH_LEVEL="1" ID="Ar02802" SIZE="Small" BOX="23 802 811 891" NEXT_SECTION="" PREV_SECTION="1" IMAGES_RESOLUTION="86" LOGICAL_NAME="true">
		<Name>XI.�MORE THAN FIFTY YEARS AGO.</Name>
		<Primitive ID="Ar0280200" BOX="23 802 811 860" ELEMENT_TYPE="HedLine_hl1" SEQ_NO="0" TOC_ENTRY_ID="34" DEPTH_LEVEL="1"/>
		<Primitive ID="Ar0280201" BOX="23 860 811 891" ELEMENT_TYPE="HedLine_hl1" SEQ_NO="1" TOC_ENTRY_ID="34" DEPTH_LEVEL="1"/>
	</Entity>
	<Entity ENTITY_TYPE="Article" FIRST_TOC_ENTRY_ID="35" INDEX_IN_DOC="61" DEPTH_LEVEL="1" ID="Ar02803" SIZE="Large" BOX="23 902 811 1215" NEXT_SECTION="" PREV_SECTION="1" CONTINUATION_TO="Ar02900" IMAGES_RESOLUTION="86" LOGICAL_NAME="true">
		<Name>-^_ It is considerably more than fifty y...</Name>
		<Primitive ID="Ar0280300" BOX="23 902 811 964" ELEMENT_TYPE="Content" SEQ_NO="0" TOC_ENTRY_ID="35" DEPTH_LEVEL="1"/>
		<Primitive ID="Ar0280301" BOX="23 954 811 1010" ELEMENT_TYPE="Content" SEQ_NO="1" TOC_ENTRY_ID="35" DEPTH_LEVEL="1"/>
		<Primitive ID="Ar0280302" BOX="23 1001 811 1057" ELEMENT_TYPE="Content" SEQ_NO="2" TOC_ENTRY_ID="35" DEPTH_LEVEL="1"/>
		<Primitive ID="Ar0280303" BOX="23 1048 811 1104" ELEMENT_TYPE="Content" SEQ_NO="3" TOC_ENTRY_ID="35" DEPTH_LEVEL="1"/>
		<Primitive ID="Ar0280304" BOX="23 1094 811 1149" ELEMENT_TYPE="Content" SEQ_NO="4" TOC_ENTRY_ID="35" DEPTH_LEVEL="1"/>
		<Primitive ID="Ar0280305" BOX="23 1140 811 1173" ELEMENT_TYPE="Content" SEQ_NO="5" TOC_ENTRY_ID="35" DEPTH_LEVEL="1"/>
		<Primitive ID="Ar0280306" BOX="23 1173 811 1215" ELEMENT_TYPE="Content" SEQ_NO="6" TOC_ENTRY_ID="35" DEPTH_LEVEL="1"/>
	</Entity>
</XMD-PAGE>
