<?xml version="1.0" encoding="windows-1252" standalone="no"?>
<XMD-entity REPOSITORY_FORMAT="1.0" PRXML_VER="2.0" ENTITY_TYPE="Article" DOC_UID="EWJ_01/03/1858" DOC_VER="1" FIRST_TOC_ENTRY_ID="48" DEPTH_LEVEL="1" INDEX_IN_DOC="102" PAGE_NO="39" ID="Ar03901" BOX="24 12 829 92" LANGUAGE="English" SNP="Ar03901S.png" SNP_WIDTH="806" SNP_HEIGHT="80" LOGICAL_NAME="true">
	<Meta NAME="BEADSHAW THE BETRAYEB. 39" DESCRIPTION="" SUBTYPE="" BASE_HREF="EWJ/1858/03/01" SOURCE_TYPE="TIFF" PUBLICATION="EWJ" SECTION="None" ISSUE_DATE="01/03/1858" WORDCNT="5" RELEASE_NO="041-EWJ-1858-03-01-001-SINGLE" PAGE_ID="" PAGE_TYPE="Single" PAGE_WIDTH="842" PAGE_HEIGHT="1244" DEFAULT_IMG_EXT="png" PDF_DESTINATION_MAPPED="OLV0_Entity_0039_0002" IMAGES_RESOLUTION="86" XMD_VER="2.6.238.8" PAGE_LABEL="39"/>
	<Link SOURCE="041-EWJ-1858-03-01-001-SINGLE.PDF" FIRST_ID="Ar00200" LAST_ID="Ar07201" NEXT_ID="" PREV_ID="Ar03900" TOC_ID="d:/Olive/Repository/EWJ/1858/03/01/TOC.xml"/>
	<DataFiles>
		<Files TYPE="DOC_PDF" PRESENT="1"/>
		<Files TYPE="PAGE_PDF" PRESENT="0"/>
		<Files TYPE="DOC_IMG" PRESENT="0"/>
		<Files TYPE="PAGE_IMG" PRESENT="0"/>
		<Files TYPE="PAGE_VIEW_IMG" PRESENT="1"/>
		<Files TYPE="PAGE_PREVIEW_IMG" PRESENT="1"/>
		<Files TYPE="PRIMITIVE_IMG" PRESENT="1"/>
		<Files TYPE="SNIPPET_IMG" PRESENT="1"/>
	</DataFiles>
	<Content>
		<Primitive BOX="24 12 829 92" ID="Ar0390100" SEQ_NO="0" TOC_ENTRY_ID="48" DEPTH_LEVEL="1">
			<L BOX="282 57 775 92"/>
			<W BOX="282 58 391 92" STYLE_REF="13">BEADSHAW</W>
			<W BOX="410 58 450 92" STYLE_REF="13">THE</W>
			<W BOX="465 57 566 91" STYLE_REF="13" NS="y">BETRAYEB</W>
			<W BOX="566 57 579 91" STYLE_REF="13">.</W>
			<W BOX="745 57 775 91" STYLE_REF="13">39</W>
		</Primitive>
	</Content>
	<TOC_Entries><TOC_Entry TOC_ENTRY_ID="85" TITLE="BEADSHAW THE BETRAYEB. 39" ENTITY_ID_REF="Ar03901" PAGE_NO="39" PAGE_LABEL="39" PRIM_ID_REF="Ar0390100" IS_IC="true"/></TOC_Entries></XMD-entity>
