<?xml version="1.0" encoding="windows-1252" standalone="no"?>
<XMD-PAGE REPOSITORY_FORMAT="1.0" PRXML_VER="2.0">
	<Meta ISSUE_DATE="01/03/1858" RELEASE_NO="041-EWJ-1858-03-01-001-SINGLE" PAGE_NO="39" NAME="" PAGE_LABEL="39" PAGE_TYPE="Single" PUBLISHER="Olive" PUBLICATION="EWJ" SOURCE_TYPE="TIFF" SOURCE_RESOLUTION="72" IMAGES_RESOLUTION="86" PAGE_THUMBNAIL_RESOLUTION="86" PAGE_PREVIEW_RESOLUTION="15" DEFAULT_IMG_EXT="png" IMG_EXT="png" PREVIEW_IMG_EXT="png" XMD_VER="2.6.238.8" PROFILE_ID="D:\pdfs\EWJ\XMD_EWJ.ini" SECTION="None" PAGE_WIDTH="842" PAGE_HEIGHT="1244" PAGES_NUMBER="72" BASE_HREF="EWJ/1858/03/01" PDF_DESTINATION_MAPPED="OLV0_Page_0039">
		<Resolutions>
			<Resolution DEFAULT="true">86</Resolution>
		</Resolutions>
	</Meta>
	<Link SOURCE="041-EWJ-1858-03-01-001-SINGLE.PDF" NEXT_SECTION="" PREV_SECTION="1"/>
	<DataFiles>
		<Files TYPE="DOC_PDF" PRESENT="1"/>
		<Files TYPE="PAGE_PDF" PRESENT="0"/>
		<Files TYPE="DOC_IMG" PRESENT="0"/>
		<Files TYPE="PAGE_IMG" PRESENT="0"/>
		<Files TYPE="PAGE_VIEW_IMG" PRESENT="1"/>
		<Files TYPE="PAGE_PREVIEW_IMG" PRESENT="1"/>
		<Files TYPE="PRIMITIVE_IMG" PRESENT="1"/>
		<Files TYPE="SNIPPET_IMG" PRESENT="1"/>
	</DataFiles>
	<Entity ENTITY_TYPE="Article" FIRST_TOC_ENTRY_ID="45" INDEX_IN_DOC="82" DEPTH_LEVEL="1" ID="Ar03900" SIZE="XLarge" BOX="24 92 829 1219" NEXT_SECTION="" PREV_SECTION="1" CONTINUATION_TO="Ar04000" CONTINUATION_FROM="Ar03800" FIRST_CHUNK="Ar03603" IMAGES_RESOLUTION="86" LOGICAL_NAME="true">
		<Name>.+. " Oh Doricles ! your praises are too...</Name>
		<Primitive ID="Ar0390000" BOX="24 92 829 150" ELEMENT_TYPE="Content" SEQ_NO="0" TOC_ENTRY_ID="45" DEPTH_LEVEL="1"/>
		<Primitive ID="Ar0390001" BOX="24 144 829 195" ELEMENT_TYPE="Content" SEQ_NO="1" TOC_ENTRY_ID="45" DEPTH_LEVEL="1"/>
		<Primitive ID="Ar0390002" BOX="24 189 829 239" ELEMENT_TYPE="Content" SEQ_NO="2" TOC_ENTRY_ID="45" DEPTH_LEVEL="1"/>
		<Primitive ID="Ar0390003" BOX="24 234 829 284" ELEMENT_TYPE="Content" SEQ_NO="3" TOC_ENTRY_ID="45" DEPTH_LEVEL="1"/>
		<Primitive ID="Ar0390004" BOX="24 280 829 329" ELEMENT_TYPE="Content" SEQ_NO="4" TOC_ENTRY_ID="45" DEPTH_LEVEL="1"/>
		<Primitive ID="Ar0390005" BOX="24 324 829 375" ELEMENT_TYPE="Content" SEQ_NO="5" TOC_ENTRY_ID="45" DEPTH_LEVEL="1"/>
		<Primitive ID="Ar0390006" BOX="24 369 829 420" ELEMENT_TYPE="Content" SEQ_NO="6" TOC_ENTRY_ID="45" DEPTH_LEVEL="1"/>
		<Primitive ID="Ar0390007" BOX="24 415 829 465" ELEMENT_TYPE="Content" SEQ_NO="7" TOC_ENTRY_ID="45" DEPTH_LEVEL="1"/>
		<Primitive ID="Ar0390008" BOX="24 459 829 511" ELEMENT_TYPE="Content" SEQ_NO="8" TOC_ENTRY_ID="45" DEPTH_LEVEL="1"/>
		<Primitive ID="Ar0390009" BOX="24 505 829 556" ELEMENT_TYPE="Content" SEQ_NO="9" TOC_ENTRY_ID="45" DEPTH_LEVEL="1"/>
		<Primitive ID="Ar0390010" BOX="24 552 829 603" ELEMENT_TYPE="Content" SEQ_NO="10" TOC_ENTRY_ID="45" DEPTH_LEVEL="1"/>
		<Primitive ID="Ar0390011" BOX="24 596 829 648" ELEMENT_TYPE="Content" SEQ_NO="11" TOC_ENTRY_ID="45" DEPTH_LEVEL="1"/>
		<Primitive ID="Ar0390012" BOX="24 642 829 693" ELEMENT_TYPE="Content" SEQ_NO="12" TOC_ENTRY_ID="45" DEPTH_LEVEL="1"/>
		<Primitive ID="Ar0390013" BOX="24 687 829 738" ELEMENT_TYPE="Content" SEQ_NO="13" TOC_ENTRY_ID="45" DEPTH_LEVEL="1"/>
		<Primitive ID="Ar0390014" BOX="24 733 829 785" ELEMENT_TYPE="Content" SEQ_NO="14" TOC_ENTRY_ID="45" DEPTH_LEVEL="1"/>
		<Primitive ID="Ar0390015" BOX="24 777 829 830" ELEMENT_TYPE="Content" SEQ_NO="15" TOC_ENTRY_ID="45" DEPTH_LEVEL="1"/>
		<Primitive ID="Ar0390016" BOX="24 823 829 876" ELEMENT_TYPE="Content" SEQ_NO="16" TOC_ENTRY_ID="45" DEPTH_LEVEL="1"/>
		<Primitive ID="Ar0390017" BOX="24 867 829 920" ELEMENT_TYPE="Content" SEQ_NO="17" TOC_ENTRY_ID="45" DEPTH_LEVEL="1"/>
		<Primitive ID="Ar0390018" BOX="24 914 829 967" ELEMENT_TYPE="Content" SEQ_NO="18" TOC_ENTRY_ID="45" DEPTH_LEVEL="1"/>
		<Primitive ID="Ar0390019" BOX="24 961 829 1034" ELEMENT_TYPE="Content" SEQ_NO="19" TOC_ENTRY_ID="45" DEPTH_LEVEL="1"/>
		<Primitive ID="Ar0390020" BOX="24 1029 829 1078" ELEMENT_TYPE="Content" SEQ_NO="20" TOC_ENTRY_ID="45" DEPTH_LEVEL="1"/>
		<Primitive ID="Ar0390021" BOX="24 1070 829 1126" ELEMENT_TYPE="Content" SEQ_NO="21" TOC_ENTRY_ID="45" DEPTH_LEVEL="1"/>
		<Primitive ID="Ar0390022" BOX="24 1115 829 1148" ELEMENT_TYPE="Content" SEQ_NO="22" TOC_ENTRY_ID="45" DEPTH_LEVEL="1"/>
		<Primitive ID="Ar0390023" BOX="24 1148 829 1219" ELEMENT_TYPE="Content" SEQ_NO="23" TOC_ENTRY_ID="45" DEPTH_LEVEL="1"/>
	</Entity>
	<Entity ENTITY_TYPE="Article" FIRST_TOC_ENTRY_ID="48" INDEX_IN_DOC="102" DEPTH_LEVEL="1" ID="Ar03901" SIZE="Small" BOX="24 12 829 92" NEXT_SECTION="" PREV_SECTION="1" IMAGES_RESOLUTION="86" LOGICAL_NAME="true">
		<Name>BEADSHAW THE BETRAYEB. 39</Name>
		<Primitive ID="Ar0390100" BOX="24 12 829 92" ELEMENT_TYPE="Content" SEQ_NO="0" TOC_ENTRY_ID="48" DEPTH_LEVEL="1"/>
	</Entity>
</XMD-PAGE>