<?xml version="1.0" encoding="windows-1252" standalone="no"?>
<XMD-entity REPOSITORY_FORMAT="1.0" PRXML_VER="2.0" ENTITY_TYPE="Article" DOC_UID="EWJ_01/04/1858" DOC_VER="1" FIRST_TOC_ENTRY_ID="27" DEPTH_LEVEL="1" INDEX_IN_DOC="53" PAGE_NO="22" ID="Ar02201" BOX="24 12 811 105" LANGUAGE="English" SNP="Ar02201S.png" SNP_WIDTH="788" SNP_HEIGHT="93" LOGICAL_NAME="true">
	<Meta NAME="94 ELIZABETH BLACKWELL." DESCRIPTION="" SUBTYPE="" BASE_HREF="EWJ/1858/04/01" SOURCE_TYPE="TIFF" PUBLICATION="EWJ" SECTION="None" ISSUE_DATE="01/04/1858" WORDCNT="4" RELEASE_NO="041-EWJ-1858-04-01-001-SINGLE" PAGE_ID="" PAGE_TYPE="Single" PAGE_WIDTH="823" PAGE_HEIGHT="1239" DEFAULT_IMG_EXT="png" PDF_DESTINATION_MAPPED="OLV0_Entity_0022_0002" IMAGES_RESOLUTION="86" XMD_VER="2.6.238.8" PAGE_LABEL="94"/>
	<Link SOURCE="041-EWJ-1858-04-01-001-SINGLE.PDF" FIRST_ID="Ar00200" LAST_ID="Ar07201" NEXT_ID="" PREV_ID="Ar02200" TOC_ID="d:/Olive/Repository/EWJ/1858/04/01/TOC.xml"/>
	<DataFiles>
		<Files TYPE="DOC_PDF" PRESENT="1"/>
		<Files TYPE="PAGE_PDF" PRESENT="0"/>
		<Files TYPE="DOC_IMG" PRESENT="0"/>
		<Files TYPE="PAGE_IMG" PRESENT="0"/>
		<Files TYPE="PAGE_VIEW_IMG" PRESENT="1"/>
		<Files TYPE="PAGE_PREVIEW_IMG" PRESENT="1"/>
		<Files TYPE="PRIMITIVE_IMG" PRESENT="1"/>
		<Files TYPE="SNIPPET_IMG" PRESENT="1"/>
	</DataFiles>
	<Content>
		<Primitive BOX="24 12 811 105" ID="Ar0220100" SEQ_NO="0" TOC_ENTRY_ID="27" DEPTH_LEVEL="1">
			<L BOX="75 65 550 91"/>
			<W BOX="75 66 101 91" STYLE_REF="10">94</W>
			<W BOX="285 66 403 91" STYLE_REF="10">ELIZABETH</W>
			<W BOX="416 65 544 90" STYLE_REF="10" NS="y">BLACKWELL</W>
			<W BOX="544 65 550 90" STYLE_REF="10">.</W>
		</Primitive>
	</Content>
	<TOC_Entries><TOC_Entry TOC_ENTRY_ID="47" TITLE="94 ELIZABETH BLACKWELL." ENTITY_ID_REF="Ar02201" PAGE_NO="22" PAGE_LABEL="94" PRIM_ID_REF="Ar0220100" IS_IC="true"/></TOC_Entries></XMD-entity>
