<?xml version="1.0" encoding="windows-1252" standalone="no"?>
<XMD-PAGE REPOSITORY_FORMAT="1.0" PRXML_VER="2.0">
	<Meta ISSUE_DATE="01/04/1858" RELEASE_NO="041-EWJ-1858-04-01-001-SINGLE" PAGE_NO="16" NAME="" PAGE_LABEL="88" PAGE_TYPE="Single" PUBLISHER="Olive" PUBLICATION="EWJ" SOURCE_TYPE="TIFF" SOURCE_RESOLUTION="72" IMAGES_RESOLUTION="86" PAGE_THUMBNAIL_RESOLUTION="86" PAGE_PREVIEW_RESOLUTION="15" DEFAULT_IMG_EXT="png" IMG_EXT="png" PREVIEW_IMG_EXT="png" XMD_VER="2.6.238.8" PROFILE_ID="D:\pdfs\EWJ\XMD_EWJ.ini" SECTION="None" PAGE_WIDTH="823" PAGE_HEIGHT="1239" PAGES_NUMBER="72" BASE_HREF="EWJ/1858/04/01" PDF_DESTINATION_MAPPED="OLV0_Page_0016">
		<Resolutions>
			<Resolution DEFAULT="true">86</Resolution>
		</Resolutions>
	</Meta>
	<Link SOURCE="041-EWJ-1858-04-01-001-SINGLE.PDF" NEXT_SECTION="" PREV_SECTION="1"/>
	<DataFiles>
		<Files TYPE="DOC_PDF" PRESENT="1"/>
		<Files TYPE="PAGE_PDF" PRESENT="0"/>
		<Files TYPE="DOC_IMG" PRESENT="0"/>
		<Files TYPE="PAGE_IMG" PRESENT="0"/>
		<Files TYPE="PAGE_VIEW_IMG" PRESENT="1"/>
		<Files TYPE="PAGE_PREVIEW_IMG" PRESENT="1"/>
		<Files TYPE="PRIMITIVE_IMG" PRESENT="1"/>
		<Files TYPE="SNIPPET_IMG" PRESENT="1"/>
	</DataFiles>
	<Entity ENTITY_TYPE="Article" FIRST_TOC_ENTRY_ID="13" INDEX_IN_DOC="27" DEPTH_LEVEL="1" ID="Ar01600" SIZE="XLarge" BOX="24 87 811 1214" NEXT_SECTION="" PREV_SECTION="1" CONTINUATION_TO="Ar01700" CONTINUATION_FROM="Ar01500" FIRST_CHUNK="Ar00802" IMAGES_RESOLUTION="86" LOGICAL_NAME="true">
		<Name>To the Editors of the English Woman's Jo...</Name>
		<Primitive ID="Ar0160000" BOX="24 87 811 139" ELEMENT_TYPE="Content" SEQ_NO="0" TOC_ENTRY_ID="13" DEPTH_LEVEL="1"/>
		<Primitive ID="Ar0160001" BOX="24 134 811 186" ELEMENT_TYPE="Content" SEQ_NO="1" TOC_ENTRY_ID="13" DEPTH_LEVEL="1"/>
		<Primitive ID="Ar0160002" BOX="24 181 811 232" ELEMENT_TYPE="Content" SEQ_NO="2" TOC_ENTRY_ID="13" DEPTH_LEVEL="1"/>
		<Primitive ID="Ar0160003" BOX="24 226 811 277" ELEMENT_TYPE="Content" SEQ_NO="3" TOC_ENTRY_ID="13" DEPTH_LEVEL="1"/>
		<Primitive ID="Ar0160004" BOX="24 272 811 324" ELEMENT_TYPE="Content" SEQ_NO="4" TOC_ENTRY_ID="13" DEPTH_LEVEL="1"/>
		<Primitive ID="Ar0160005" BOX="24 318 811 370" ELEMENT_TYPE="Content" SEQ_NO="5" TOC_ENTRY_ID="13" DEPTH_LEVEL="1"/>
		<Primitive ID="Ar0160006" BOX="24 364 811 416" ELEMENT_TYPE="Content" SEQ_NO="6" TOC_ENTRY_ID="13" DEPTH_LEVEL="1"/>
		<Primitive ID="Ar0160007" BOX="24 411 811 462" ELEMENT_TYPE="Content" SEQ_NO="7" TOC_ENTRY_ID="13" DEPTH_LEVEL="1"/>
		<Primitive ID="Ar0160008" BOX="24 457 811 508" ELEMENT_TYPE="Content" SEQ_NO="8" TOC_ENTRY_ID="13" DEPTH_LEVEL="1"/>
		<Primitive ID="Ar0160009" BOX="24 503 811 554" ELEMENT_TYPE="Content" SEQ_NO="9" TOC_ENTRY_ID="13" DEPTH_LEVEL="1"/>
		<Primitive ID="Ar0160010" BOX="24 550 811 600" ELEMENT_TYPE="Content" SEQ_NO="10" TOC_ENTRY_ID="13" DEPTH_LEVEL="1"/>
		<Primitive ID="Ar0160011" BOX="24 596 811 647" ELEMENT_TYPE="Content" SEQ_NO="11" TOC_ENTRY_ID="13" DEPTH_LEVEL="1"/>
		<Primitive ID="Ar0160012" BOX="24 642 811 693" ELEMENT_TYPE="Content" SEQ_NO="12" TOC_ENTRY_ID="13" DEPTH_LEVEL="1"/>
		<Primitive ID="Ar0160013" BOX="24 688 811 739" ELEMENT_TYPE="Content" SEQ_NO="13" TOC_ENTRY_ID="13" DEPTH_LEVEL="1"/>
		<Primitive ID="Ar0160014" BOX="24 735 811 788" ELEMENT_TYPE="Content" SEQ_NO="14" TOC_ENTRY_ID="13" DEPTH_LEVEL="1"/>
		<Primitive ID="Ar0160015" BOX="24 781 811 834" ELEMENT_TYPE="Content" SEQ_NO="15" TOC_ENTRY_ID="13" DEPTH_LEVEL="1"/>
		<Primitive ID="Ar0160016" BOX="24 827 811 880" ELEMENT_TYPE="Content" SEQ_NO="16" TOC_ENTRY_ID="13" DEPTH_LEVEL="1"/>
		<Primitive ID="Ar0160017" BOX="24 874 811 948" ELEMENT_TYPE="Content" SEQ_NO="17" TOC_ENTRY_ID="13" DEPTH_LEVEL="1"/>
		<Primitive ID="Ar0160018" BOX="24 944 811 995" ELEMENT_TYPE="Content" SEQ_NO="18" TOC_ENTRY_ID="13" DEPTH_LEVEL="1"/>
		<Primitive ID="Ar0160019" BOX="24 990 811 1041" ELEMENT_TYPE="Content" SEQ_NO="19" TOC_ENTRY_ID="13" DEPTH_LEVEL="1"/>
		<Primitive ID="Ar0160020" BOX="24 1036 811 1088" ELEMENT_TYPE="Content" SEQ_NO="20" TOC_ENTRY_ID="13" DEPTH_LEVEL="1"/>
		<Primitive ID="Ar0160021" BOX="24 1083 811 1134" ELEMENT_TYPE="Content" SEQ_NO="21" TOC_ENTRY_ID="13" DEPTH_LEVEL="1"/>
		<Primitive ID="Ar0160022" BOX="24 1130 811 1158" ELEMENT_TYPE="Content" SEQ_NO="22" TOC_ENTRY_ID="13" DEPTH_LEVEL="1"/>
		<Primitive ID="Ar0160023" BOX="24 1158 811 1214" ELEMENT_TYPE="Content" SEQ_NO="23" TOC_ENTRY_ID="13" DEPTH_LEVEL="1"/>
	</Entity>
	<Entity ENTITY_TYPE="Article" FIRST_TOC_ENTRY_ID="21" INDEX_IN_DOC="47" DEPTH_LEVEL="1" ID="Ar01601" SIZE="Small" BOX="24 12 811 87" NEXT_SECTION="" PREV_SECTION="1" IMAGES_RESOLUTION="86" LOGICAL_NAME="true">
		<Name>88 ELIZABETH BLACKWELIi.</Name>
		<Primitive ID="Ar0160100" BOX="24 12 811 87" ELEMENT_TYPE="Content" SEQ_NO="0" TOC_ENTRY_ID="21" DEPTH_LEVEL="1"/>
	</Entity>
</XMD-PAGE>