<?xml version="1.0" encoding="windows-1252" standalone="no"?>
<XMD-entity REPOSITORY_FORMAT="1.0" PRXML_VER="2.0" ENTITY_TYPE="Article" DOC_UID="EWJ_01/03/1858" DOC_VER="1" FIRST_TOC_ENTRY_ID="9" DEPTH_LEVEL="1" INDEX_IN_DOC="21" PAGE_NO="6" ID="Ar00601" BOX="24 12 829 62" LANGUAGE="English" SNP="Ar00601S.png" SNP_WIDTH="806" SNP_HEIGHT="50" LOGICAL_NAME="true">
	<Meta NAME="6 THE PKOFESSION OF THE TEACHER." DESCRIPTION="" SUBTYPE="" BASE_HREF="EWJ/1858/03/01" SOURCE_TYPE="TIFF" PUBLICATION="EWJ" SECTION="None" ISSUE_DATE="01/03/1858" WORDCNT="7" RELEASE_NO="041-EWJ-1858-03-01-001-SINGLE" PAGE_ID="" PAGE_TYPE="Single" PAGE_WIDTH="842" PAGE_HEIGHT="1244" DEFAULT_IMG_EXT="png" PDF_DESTINATION_MAPPED="OLV0_Entity_0006_0002" IMAGES_RESOLUTION="86" XMD_VER="2.6.238.8" PAGE_LABEL="6"/>
	<Link SOURCE="041-EWJ-1858-03-01-001-SINGLE.PDF" FIRST_ID="Ar00200" LAST_ID="Ar07201" NEXT_ID="" PREV_ID="Ar00600" TOC_ID="d:/Olive/Repository/EWJ/1858/03/01/TOC.xml"/>
	<DataFiles>
		<Files TYPE="DOC_PDF" PRESENT="1"/>
		<Files TYPE="PAGE_PDF" PRESENT="0"/>
		<Files TYPE="DOC_IMG" PRESENT="0"/>
		<Files TYPE="PAGE_IMG" PRESENT="0"/>
		<Files TYPE="PAGE_VIEW_IMG" PRESENT="1"/>
		<Files TYPE="PAGE_PREVIEW_IMG" PRESENT="1"/>
		<Files TYPE="PRIMITIVE_IMG" PRESENT="1"/>
		<Files TYPE="SNIPPET_IMG" PRESENT="1"/>
	</DataFiles>
	<Content>
		<Primitive BOX="24 12 829 62" ID="Ar0060100" SEQ_NO="0" TOC_ENTRY_ID="9" DEPTH_LEVEL="1">
			<L BOX="71 21 635 65"/>
			<W BOX="71 27 84 65" STYLE_REF="15">6</W>
			<W BOX="226 25 269 63" STYLE_REF="15">THE</W>
			<W BOX="284 24 412 62" STYLE_REF="15" M="10 * ">_PKOFESSION</W>
			<W BOX="427 23 454 61" STYLE_REF="15">OF</W>
			<W BOX="467 22 510 61" STYLE_REF="15">THE</W>
			<W BOX="525 21 618 59" STYLE_REF="15" NS="y">TEACHER</W>
			<W BOX="618 21 635 59" STYLE_REF="15">.</W>
		</Primitive>
	</Content>
	<TOC_Entries><TOC_Entry TOC_ENTRY_ID="14" TITLE="6 THE PKOFESSION OF THE TEACHER." ENTITY_ID_REF="Ar00601" PAGE_NO="6" PAGE_LABEL="6" PRIM_ID_REF="Ar0060100" IS_IC="true"/></TOC_Entries></XMD-entity>
