<?xml version="1.0" encoding="windows-1252" standalone="no"?>
<XMD-PAGE REPOSITORY_FORMAT="1.0" PRXML_VER="2.0">
	<Meta ISSUE_DATE="01/03/1858" RELEASE_NO="041-EWJ-1858-03-01-001-SINGLE" PAGE_NO="6" NAME="" PAGE_LABEL="6" PAGE_TYPE="Single" PUBLISHER="Olive" PUBLICATION="EWJ" SOURCE_TYPE="TIFF" SOURCE_RESOLUTION="72" IMAGES_RESOLUTION="86" PAGE_THUMBNAIL_RESOLUTION="86" PAGE_PREVIEW_RESOLUTION="15" DEFAULT_IMG_EXT="png" IMG_EXT="png" PREVIEW_IMG_EXT="png" XMD_VER="2.6.238.8" PROFILE_ID="D:\pdfs\EWJ\XMD_EWJ.ini" SECTION="None" PAGE_WIDTH="842" PAGE_HEIGHT="1244" PAGES_NUMBER="72" BASE_HREF="EWJ/1858/03/01" PDF_DESTINATION_MAPPED="OLV0_Page_0006">
		<Resolutions>
			<Resolution DEFAULT="true">86</Resolution>
		</Resolutions>
	</Meta>
	<Link SOURCE="041-EWJ-1858-03-01-001-SINGLE.PDF" NEXT_SECTION="" PREV_SECTION="1"/>
	<DataFiles>
		<Files TYPE="DOC_PDF" PRESENT="1"/>
		<Files TYPE="PAGE_PDF" PRESENT="0"/>
		<Files TYPE="DOC_IMG" PRESENT="0"/>
		<Files TYPE="PAGE_IMG" PRESENT="0"/>
		<Files TYPE="PAGE_VIEW_IMG" PRESENT="1"/>
		<Files TYPE="PAGE_PREVIEW_IMG" PRESENT="1"/>
		<Files TYPE="PRIMITIVE_IMG" PRESENT="1"/>
		<Files TYPE="SNIPPET_IMG" PRESENT="1"/>
	</DataFiles>
	<Entity ENTITY_TYPE="Article" FIRST_TOC_ENTRY_ID="4" INDEX_IN_DOC="9" DEPTH_LEVEL="1" ID="Ar00600" SIZE="XLarge" BOX="24 62 829 1219" NEXT_SECTION="" PREV_SECTION="1" CONTINUATION_TO="Ar00700" CONTINUATION_FROM="Ar00500" FIRST_CHUNK="Ar00103" IMAGES_RESOLUTION="86" LOGICAL_NAME="true">
		<Name>The Annual Reports of the Governesses' B...</Name>
		<Primitive ID="Ar0060000" BOX="24 62 829 146" ELEMENT_TYPE="Content" SEQ_NO="0" TOC_ENTRY_ID="4" DEPTH_LEVEL="1"/>
		<Primitive ID="Ar0060001" BOX="24 134 829 193" ELEMENT_TYPE="Content" SEQ_NO="1" TOC_ENTRY_ID="4" DEPTH_LEVEL="1"/>
		<Primitive ID="Ar0060002" BOX="24 181 829 254" ELEMENT_TYPE="Content" SEQ_NO="2" TOC_ENTRY_ID="4" DEPTH_LEVEL="1"/>
		<Primitive ID="Ar0060003" BOX="24 242 829 333" ELEMENT_TYPE="Content" SEQ_NO="3" TOC_ENTRY_ID="4" DEPTH_LEVEL="1"/>
		<Primitive ID="Ar0060004" BOX="24 321 829 405" ELEMENT_TYPE="Content" SEQ_NO="4" TOC_ENTRY_ID="4" DEPTH_LEVEL="1"/>
		<Primitive ID="Ar0060005" BOX="24 393 829 497" ELEMENT_TYPE="Content" SEQ_NO="5" TOC_ENTRY_ID="4" DEPTH_LEVEL="1"/>
		<Primitive ID="Ar0060006" BOX="24 485 829 544" ELEMENT_TYPE="Content" SEQ_NO="6" TOC_ENTRY_ID="4" DEPTH_LEVEL="1"/>
		<Primitive ID="Ar0060007" BOX="24 532 829 591" ELEMENT_TYPE="Content" SEQ_NO="7" TOC_ENTRY_ID="4" DEPTH_LEVEL="1"/>
		<Primitive ID="Ar0060008" BOX="24 579 829 652" ELEMENT_TYPE="Content" SEQ_NO="8" TOC_ENTRY_ID="4" DEPTH_LEVEL="1"/>
		<Primitive ID="Ar0060009" BOX="24 640 829 701" ELEMENT_TYPE="Content" SEQ_NO="9" TOC_ENTRY_ID="4" DEPTH_LEVEL="1"/>
		<Primitive ID="Ar0060010" BOX="24 689 829 756" ELEMENT_TYPE="Content" SEQ_NO="10" TOC_ENTRY_ID="4" DEPTH_LEVEL="1"/>
		<Primitive ID="Ar0060011" BOX="24 748 829 826" ELEMENT_TYPE="Content" SEQ_NO="11" TOC_ENTRY_ID="4" DEPTH_LEVEL="1"/>
		<Primitive ID="Ar0060012" BOX="24 814 829 886" ELEMENT_TYPE="Content" SEQ_NO="12" TOC_ENTRY_ID="4" DEPTH_LEVEL="1"/>
		<Primitive ID="Ar0060013" BOX="24 874 829 967" ELEMENT_TYPE="Content" SEQ_NO="13" TOC_ENTRY_ID="4" DEPTH_LEVEL="1"/>
		<Primitive ID="Ar0060014" BOX="24 958 829 1005" ELEMENT_TYPE="Content" SEQ_NO="14" TOC_ENTRY_ID="4" DEPTH_LEVEL="1"/>
		<Primitive ID="Ar0060015" BOX="24 993 829 1054" ELEMENT_TYPE="Content" SEQ_NO="15" TOC_ENTRY_ID="4" DEPTH_LEVEL="1"/>
		<Primitive ID="Ar0060016" BOX="24 1042 829 1117" ELEMENT_TYPE="Content" SEQ_NO="16" TOC_ENTRY_ID="4" DEPTH_LEVEL="1"/>
		<Primitive ID="Ar0060017" BOX="24 1105 829 1171" ELEMENT_TYPE="Content" SEQ_NO="17" TOC_ENTRY_ID="4" DEPTH_LEVEL="1"/>
		<Primitive ID="Ar0060018" BOX="24 1171 829 1219" ELEMENT_TYPE="Content" SEQ_NO="18" TOC_ENTRY_ID="4" DEPTH_LEVEL="1"/>
	</Entity>
	<Entity ENTITY_TYPE="Article" FIRST_TOC_ENTRY_ID="9" INDEX_IN_DOC="21" DEPTH_LEVEL="1" ID="Ar00601" SIZE="Small" BOX="24 12 829 62" NEXT_SECTION="" PREV_SECTION="1" IMAGES_RESOLUTION="86" LOGICAL_NAME="true">
		<Name>6 THE PKOFESSION OF THE TEACHER.</Name>
		<Primitive ID="Ar0060100" BOX="24 12 829 62" ELEMENT_TYPE="Content" SEQ_NO="0" TOC_ENTRY_ID="9" DEPTH_LEVEL="1"/>
	</Entity>
</XMD-PAGE>
