<?xml version="1.0" encoding="windows-1252" standalone="no"?>
<XMD-entity REPOSITORY_FORMAT="1.0" PRXML_VER="2.0" ENTITY_TYPE="Article" DOC_UID="EWJ_01/03/1858" DOC_VER="1" FIRST_TOC_ENTRY_ID="65" DEPTH_LEVEL="1" INDEX_IN_DOC="119" PAGE_NO="56" ID="Ar05601" BOX="23 43 828 110" LANGUAGE="English" SNP="Ar05601S.png" SNP_WIDTH="806" SNP_HEIGHT="67" LOGICAL_NAME="true">
	<Meta NAME="56 GRIEF." DESCRIPTION="" SUBTYPE="" BASE_HREF="EWJ/1858/03/01" SOURCE_TYPE="TIFF" PUBLICATION="EWJ" SECTION="None" ISSUE_DATE="01/03/1858" WORDCNT="3" RELEASE_NO="041-EWJ-1858-03-01-001-SINGLE" PAGE_ID="" PAGE_TYPE="Single" PAGE_WIDTH="842" PAGE_HEIGHT="1244" DEFAULT_IMG_EXT="png" PDF_DESTINATION_MAPPED="OLV0_Entity_0056_0002" IMAGES_RESOLUTION="86" XMD_VER="2.6.238.8" PAGE_LABEL="56"/>
	<Link SOURCE="041-EWJ-1858-03-01-001-SINGLE.PDF" FIRST_ID="Ar00200" LAST_ID="Ar07201" NEXT_ID="Ar05602" PREV_ID="Ar05600" TOC_ID="d:/Olive/Repository/EWJ/1858/03/01/TOC.xml"/>
	<DataFiles>
		<Files TYPE="DOC_PDF" PRESENT="1"/>
		<Files TYPE="PAGE_PDF" PRESENT="0"/>
		<Files TYPE="DOC_IMG" PRESENT="0"/>
		<Files TYPE="PAGE_IMG" PRESENT="0"/>
		<Files TYPE="PAGE_VIEW_IMG" PRESENT="1"/>
		<Files TYPE="PAGE_PREVIEW_IMG" PRESENT="1"/>
		<Files TYPE="PRIMITIVE_IMG" PRESENT="1"/>
		<Files TYPE="SNIPPET_IMG" PRESENT="1"/>
	</DataFiles>
	<Content>
		<Primitive BOX="23 43 828 110" ID="Ar0560100" SEQ_NO="0" TOC_ENTRY_ID="65" DEPTH_LEVEL="1">
			<L BOX="98 74 467 101"/>
			<W BOX="98 76 123 101" STYLE_REF="14">56</W>
			<W BOX="400 74 462 100" STYLE_REF="14" NS="y">GRIEF</W>
			<W BOX="462 74 467 100" STYLE_REF="14">.</W>
		</Primitive>
	</Content>
	<TOC_Entries><TOC_Entry TOC_ENTRY_ID="119" TITLE="56 GRIEF." ENTITY_ID_REF="Ar05601" PAGE_NO="56" PAGE_LABEL="56" PRIM_ID_REF="Ar0560100" IS_IC="true"/></TOC_Entries></XMD-entity>
