<?xml version="1.0" encoding="windows-1252" standalone="no"?>
<XMD-entity REPOSITORY_FORMAT="1.0" PRXML_VER="2.0" ENTITY_TYPE="Article" DOC_UID="EWJ_01/04/1858" DOC_VER="1" FIRST_TOC_ENTRY_ID="68" DEPTH_LEVEL="1" INDEX_IN_DOC="119" PAGE_NO="53" ID="Ar05301" BOX="24 12 811 90" LANGUAGE="English" SNP="Ar05301S.png" SNP_WIDTH="788" SNP_HEIGHT="79" LOGICAL_NAME="true">
	<Meta NAME="KOTICES OF BOOKS. 125" DESCRIPTION="" SUBTYPE="" BASE_HREF="EWJ/1858/04/01" SOURCE_TYPE="TIFF" PUBLICATION="EWJ" SECTION="None" ISSUE_DATE="01/04/1858" WORDCNT="5" RELEASE_NO="041-EWJ-1858-04-01-001-SINGLE" PAGE_ID="" PAGE_TYPE="Single" PAGE_WIDTH="823" PAGE_HEIGHT="1239" DEFAULT_IMG_EXT="png" PDF_DESTINATION_MAPPED="OLV0_Entity_0053_0002" IMAGES_RESOLUTION="86" XMD_VER="2.6.238.8" PAGE_LABEL="125"/>
	<Link SOURCE="041-EWJ-1858-04-01-001-SINGLE.PDF" FIRST_ID="Ar00200" LAST_ID="Ar07201" NEXT_ID="" PREV_ID="Ar05300" TOC_ID="d:/Olive/Repository/EWJ/1858/04/01/TOC.xml"/>
	<DataFiles>
		<Files TYPE="DOC_PDF" PRESENT="1"/>
		<Files TYPE="PAGE_PDF" PRESENT="0"/>
		<Files TYPE="DOC_IMG" PRESENT="0"/>
		<Files TYPE="PAGE_IMG" PRESENT="0"/>
		<Files TYPE="PAGE_VIEW_IMG" PRESENT="1"/>
		<Files TYPE="PAGE_PREVIEW_IMG" PRESENT="1"/>
		<Files TYPE="PRIMITIVE_IMG" PRESENT="1"/>
		<Files TYPE="SNIPPET_IMG" PRESENT="1"/>
	</DataFiles>
	<Content>
		<Primitive BOX="24 12 811 90" ID="Ar0530100" SEQ_NO="0" TOC_ENTRY_ID="68" DEPTH_LEVEL="1">
			<L BOX="301 57 754 82"/>
			<W BOX="301 57 389 82" STYLE_REF="10">KOTICES</W>
			<W BOX="403 57 428 82" STYLE_REF="10">OF</W>
			<W BOX="441 57 508 82" STYLE_REF="10" NS="y">BOOKS</W>
			<W BOX="508 57 513 82" STYLE_REF="10">.</W>
			<W BOX="715 57 754 82" STYLE_REF="10">125</W>
		</Primitive>
	</Content>
	<TOC_Entries><TOC_Entry TOC_ENTRY_ID="116" TITLE="KOTICES OF BOOKS. 125" ENTITY_ID_REF="Ar05301" PAGE_NO="53" PAGE_LABEL="125" PRIM_ID_REF="Ar0530100" IS_IC="true"/></TOC_Entries></XMD-entity>
