<?xml version="1.0" encoding="windows-1252" standalone="no"?>
<XMD-PAGE REPOSITORY_FORMAT="1.0" PRXML_VER="2.0">
	<Meta ISSUE_DATE="01/04/1858" RELEASE_NO="041-EWJ-1858-04-01-001-SINGLE" PAGE_NO="53" NAME="" PAGE_LABEL="125" PAGE_TYPE="Single" PUBLISHER="Olive" PUBLICATION="EWJ" SOURCE_TYPE="TIFF" SOURCE_RESOLUTION="72" IMAGES_RESOLUTION="86" PAGE_THUMBNAIL_RESOLUTION="86" PAGE_PREVIEW_RESOLUTION="15" DEFAULT_IMG_EXT="png" IMG_EXT="png" PREVIEW_IMG_EXT="png" XMD_VER="2.6.238.8" PROFILE_ID="D:\pdfs\EWJ\XMD_EWJ.ini" SECTION="None" PAGE_WIDTH="823" PAGE_HEIGHT="1239" PAGES_NUMBER="72" BASE_HREF="EWJ/1858/04/01" PDF_DESTINATION_MAPPED="OLV0_Page_0053">
		<Resolutions>
			<Resolution DEFAULT="true">86</Resolution>
		</Resolutions>
	</Meta>
	<Link SOURCE="041-EWJ-1858-04-01-001-SINGLE.PDF" NEXT_SECTION="" PREV_SECTION="1"/>
	<DataFiles>
		<Files TYPE="DOC_PDF" PRESENT="1"/>
		<Files TYPE="PAGE_PDF" PRESENT="0"/>
		<Files TYPE="DOC_IMG" PRESENT="0"/>
		<Files TYPE="PAGE_IMG" PRESENT="0"/>
		<Files TYPE="PAGE_VIEW_IMG" PRESENT="1"/>
		<Files TYPE="PAGE_PREVIEW_IMG" PRESENT="1"/>
		<Files TYPE="PRIMITIVE_IMG" PRESENT="1"/>
		<Files TYPE="SNIPPET_IMG" PRESENT="1"/>
	</DataFiles>
	<Entity ENTITY_TYPE="Article" FIRST_TOC_ENTRY_ID="67" INDEX_IN_DOC="115" DEPTH_LEVEL="1" ID="Ar05300" SIZE="XLarge" BOX="24 90 811 1214" NEXT_SECTION="" PREV_SECTION="1" CONTINUATION_TO="Ar05400" CONTINUATION_FROM="Ar05202" FIRST_CHUNK="Ar05202" IMAGES_RESOLUTION="86" LOGICAL_NAME="true">
		<Name>--- - 1.�Tlwrndale; or B the lackwood Co...</Name>
		<Primitive ID="Ar0530000" BOX="24 90 811 149" ELEMENT_TYPE="Content" SEQ_NO="0" TOC_ENTRY_ID="67" DEPTH_LEVEL="1"/>
		<Primitive ID="Ar0530001" BOX="24 144 811 195" ELEMENT_TYPE="Content" SEQ_NO="1" TOC_ENTRY_ID="67" DEPTH_LEVEL="1"/>
		<Primitive ID="Ar0530002" BOX="24 190 811 241" ELEMENT_TYPE="Content" SEQ_NO="2" TOC_ENTRY_ID="67" DEPTH_LEVEL="1"/>
		<Primitive ID="Ar0530003" BOX="24 235 811 290" ELEMENT_TYPE="Content" SEQ_NO="3" TOC_ENTRY_ID="67" DEPTH_LEVEL="1"/>
		<Primitive ID="Ar0530004" BOX="24 282 811 334" ELEMENT_TYPE="Content" SEQ_NO="4" TOC_ENTRY_ID="67" DEPTH_LEVEL="1"/>
		<Primitive ID="Ar0530005" BOX="24 328 811 379" ELEMENT_TYPE="Content" SEQ_NO="5" TOC_ENTRY_ID="67" DEPTH_LEVEL="1"/>
		<Primitive ID="Ar0530006" BOX="24 375 811 425" ELEMENT_TYPE="Content" SEQ_NO="6" TOC_ENTRY_ID="67" DEPTH_LEVEL="1"/>
		<Primitive ID="Ar0530007" BOX="24 421 811 471" ELEMENT_TYPE="Content" SEQ_NO="7" TOC_ENTRY_ID="67" DEPTH_LEVEL="1"/>
		<Primitive ID="Ar0530008" BOX="24 467 811 517" ELEMENT_TYPE="Content" SEQ_NO="8" TOC_ENTRY_ID="67" DEPTH_LEVEL="1"/>
		<Primitive ID="Ar0530009" BOX="24 513 811 563" ELEMENT_TYPE="Content" SEQ_NO="9" TOC_ENTRY_ID="67" DEPTH_LEVEL="1"/>
		<Primitive ID="Ar0530010" BOX="24 563 811 628" ELEMENT_TYPE="Content" SEQ_NO="10" TOC_ENTRY_ID="67" DEPTH_LEVEL="1"/>
		<Primitive ID="Ar0530011" BOX="24 620 811 695" ELEMENT_TYPE="Content" SEQ_NO="11" TOC_ENTRY_ID="67" DEPTH_LEVEL="1"/>
		<Primitive ID="Ar0530012" BOX="24 683 811 749" ELEMENT_TYPE="Content" SEQ_NO="12" TOC_ENTRY_ID="67" DEPTH_LEVEL="1"/>
		<Primitive ID="Ar0530013" BOX="24 737 811 805" ELEMENT_TYPE="Content" SEQ_NO="13" TOC_ENTRY_ID="67" DEPTH_LEVEL="1"/>
		<Primitive ID="Ar0530014" BOX="24 805 811 905" ELEMENT_TYPE="Content" SEQ_NO="14" TOC_ENTRY_ID="67" DEPTH_LEVEL="1"/>
		<Primitive ID="Ar0530015" BOX="24 897 811 978" ELEMENT_TYPE="Content" SEQ_NO="15" TOC_ENTRY_ID="67" DEPTH_LEVEL="1"/>
		<Primitive ID="Ar0530016" BOX="24 970 811 1033" ELEMENT_TYPE="Content" SEQ_NO="16" TOC_ENTRY_ID="67" DEPTH_LEVEL="1"/>
		<Primitive ID="Ar0530017" BOX="24 1025 811 1080" ELEMENT_TYPE="Content" SEQ_NO="17" TOC_ENTRY_ID="67" DEPTH_LEVEL="1"/>
		<Primitive ID="Ar0530018" BOX="24 1068 811 1123" ELEMENT_TYPE="Content" SEQ_NO="18" TOC_ENTRY_ID="67" DEPTH_LEVEL="1"/>
		<Primitive ID="Ar0530019" BOX="24 1115 811 1167" ELEMENT_TYPE="Content" SEQ_NO="19" TOC_ENTRY_ID="67" DEPTH_LEVEL="1"/>
		<Primitive ID="Ar0530020" BOX="24 1167 811 1214" ELEMENT_TYPE="Content" SEQ_NO="20" TOC_ENTRY_ID="67" DEPTH_LEVEL="1"/>
	</Entity>
	<Entity ENTITY_TYPE="Article" FIRST_TOC_ENTRY_ID="68" INDEX_IN_DOC="119" DEPTH_LEVEL="1" ID="Ar05301" SIZE="Small" BOX="24 12 811 90" NEXT_SECTION="" PREV_SECTION="1" IMAGES_RESOLUTION="86" LOGICAL_NAME="true">
		<Name>KOTICES OF BOOKS. 125</Name>
		<Primitive ID="Ar0530100" BOX="24 12 811 90" ELEMENT_TYPE="Content" SEQ_NO="0" TOC_ENTRY_ID="68" DEPTH_LEVEL="1"/>
	</Entity>
</XMD-PAGE>