<?xml version="1.0" encoding="windows-1252" standalone="no"?>
<XMD-entity REPOSITORY_FORMAT="1.0" PRXML_VER="2.0" ENTITY_TYPE="Article" DOC_UID="EWJ_01/03/1858" DOC_VER="1" FIRST_TOC_ENTRY_ID="64" DEPTH_LEVEL="1" INDEX_IN_DOC="118" PAGE_NO="55" ID="Ar05501" BOX="24 12 829 85" LANGUAGE="English" SNP="Ar05501S.png" SNP_WIDTH="806" SNP_HEIGHT="74" LOGICAL_NAME="true">
	<Meta NAME="BRADSHAW THE BETRAYER. 55" DESCRIPTION="" SUBTYPE="" BASE_HREF="EWJ/1858/03/01" SOURCE_TYPE="TIFF" PUBLICATION="EWJ" SECTION="None" ISSUE_DATE="01/03/1858" WORDCNT="5" RELEASE_NO="041-EWJ-1858-03-01-001-SINGLE" PAGE_ID="" PAGE_TYPE="Single" PAGE_WIDTH="842" PAGE_HEIGHT="1244" DEFAULT_IMG_EXT="png" PDF_DESTINATION_MAPPED="OLV0_Entity_0055_0002" IMAGES_RESOLUTION="86" XMD_VER="2.6.238.8" PAGE_LABEL="55"/>
	<Link SOURCE="041-EWJ-1858-03-01-001-SINGLE.PDF" FIRST_ID="Ar00200" LAST_ID="Ar07201" NEXT_ID="" PREV_ID="Ar05500" TOC_ID="d:/Olive/Repository/EWJ/1858/03/01/TOC.xml"/>
	<DataFiles>
		<Files TYPE="DOC_PDF" PRESENT="1"/>
		<Files TYPE="PAGE_PDF" PRESENT="0"/>
		<Files TYPE="DOC_IMG" PRESENT="0"/>
		<Files TYPE="PAGE_IMG" PRESENT="0"/>
		<Files TYPE="PAGE_VIEW_IMG" PRESENT="1"/>
		<Files TYPE="PAGE_PREVIEW_IMG" PRESENT="1"/>
		<Files TYPE="PRIMITIVE_IMG" PRESENT="1"/>
		<Files TYPE="SNIPPET_IMG" PRESENT="1"/>
	</DataFiles>
	<Content>
		<Primitive BOX="24 12 829 85" ID="Ar0550100" SEQ_NO="0" TOC_ENTRY_ID="64" DEPTH_LEVEL="1">
			<L BOX="256 34 765 87"/>
			<W BOX="256 45 368 84" STYLE_REF="15">BRADSHAW</W>
			<W BOX="387 45 430 84" STYLE_REF="15">THE</W>
			<W BOX="444 45 546 84" STYLE_REF="15" NS="y">BETRAYER</W>
			<W BOX="546 45 559 84" STYLE_REF="15">.</W>
			<W BOX="731 34 765 87" STYLE_REF="35">55</W>
		</Primitive>
	</Content>
	<TOC_Entries><TOC_Entry TOC_ENTRY_ID="117" TITLE="BRADSHAW THE BETRAYER. 55" ENTITY_ID_REF="Ar05501" PAGE_NO="55" PAGE_LABEL="55" PRIM_ID_REF="Ar0550100" IS_IC="true"/></TOC_Entries></XMD-entity>
