<?xml version="1.0" encoding="windows-1252" standalone="no"?>
<XMD-entity REPOSITORY_FORMAT="1.0" PRXML_VER="2.0" ENTITY_TYPE="Article" FIRST_TOC_ENTRY_ID="45" DEPTH_LEVEL="1" INDEX_IN_DOC="98" PAGE_NO="55" ID="Ar05500" BOX="24 85 829 1219" LANGUAGE="English" CONTINUATION_TO="Ar05600" CONTINUATION_FROM="Ar05400" LOGICAL_NAME="true">
	<Meta NAME=".+. &quot; Oh Doricles ! your praises are too..." DESCRIPTION="" SUBTYPE="" BASE_HREF="EWJ/1858/03/01" SOURCE_TYPE="TIFF" PUBLICATION="EWJ" SECTION="None" ISSUE_DATE="01/03/1858" WORDCNT="549" RELEASE_NO="041-EWJ-1858-03-01-001-SINGLE" PAGE_ID="" PAGE_TYPE="Single" PAGE_WIDTH="842" PAGE_HEIGHT="1244" DEFAULT_IMG_EXT="png" PDF_DESTINATION_MAPPED="OLV0_Entity_0055_0001" IMAGES_RESOLUTION="86" XMD_VER="2.6.238.8" PAGE_LABEL="55"/>
	<Link SOURCE="041-EWJ-1858-03-01-001-SINGLE.PDF" FIRST_ID="Ar00200" LAST_ID="Ar07201" NEXT_ID="Ar05501" PREV_ID="" TOC_ID="d:/Olive/Repository/EWJ/1858/03/01/TOC.xml"/>
	<DataFiles>
		<Files TYPE="DOC_PDF" PRESENT="1"/>
		<Files TYPE="PAGE_PDF" PRESENT="0"/>
		<Files TYPE="DOC_IMG" PRESENT="0"/>
		<Files TYPE="PAGE_IMG" PRESENT="0"/>
		<Files TYPE="PAGE_VIEW_IMG" PRESENT="1"/>
		<Files TYPE="PAGE_PREVIEW_IMG" PRESENT="1"/>
		<Files TYPE="PRIMITIVE_IMG" PRESENT="1"/>
		<Files TYPE="SNIPPET_IMG" PRESENT="1"/>
	</DataFiles>
	<Content>
		<Primitive BOX="24 85 829 158" ID="Ar0550000" SEQ_NO="0" TOC_ENTRY_ID="45" DEPTH_LEVEL="1">
			<L BOX="51 89 757 120"/>
			<W BOX="51 92 132 120" STYLE_REF="5">mastery</W>
			<W BOX="141 92 185 120" STYLE_REF="5">over</W>
			<W BOX="197 92 255 120" STYLE_REF="5">every</W>
			<W BOX="264 92 307 120" STYLE_REF="5">fibre</W>
			<W BOX="323 92 340 120" STYLE_REF="5">of</W>
			<W BOX="353 92 387 120" STYLE_REF="5">ray</W>
			<W BOX="393 92 453 120" STYLE_REF="5" NS="y">frame</W>
			<W BOX="453 91 458 120" STYLE_REF="5">,</W>
			<W BOX="468 91 504 119" STYLE_REF="5">and</W>
			<W BOX="519 91 575 119" STYLE_REF="5">never</W>
			<W BOX="585 90 665 118" STYLE_REF="5" NS="y">flinched</W>
			<W BOX="669 89 674 117" STYLE_REF="5">,</W>
			<Q BOX="685 89 744 117" STYLE_REF="5" QID="1">thoug</Q>
			<q BOX="743 89 757 117" STYLE_REF="5" QID="1">h</q>
			<QW QID="1">though</QW>
			<L BOX="52 115 758 163"/>
			<W BOX="52 115 84 143" STYLE_REF="5">the</W>
			<W BOX="92 115 143 143" STYLE_REF="5">effort</W>
			<Q BOX="154 116 163 144" STYLE_REF="5" QID="2">"</Q>
			<q BOX="160 116 190 144" STYLE_REF="5" QID="2">was</q>
			<QW QID="2">"was</QW>
			<W BOX="199 115 262 144" STYLE_REF="5" NS="y">agony</W>
			<W BOX="262 115 269 144" STYLE_REF="5">.</W>
			<W BOX="723 135 758 163" STYLE_REF="5">but</W>
		</Primitive>
		<Primitive BOX="24 146 829 213" ID="Ar0550001" SEQ_NO="1" TOC_ENTRY_ID="45" DEPTH_LEVEL="1">
			<L BOX="76 135 717 169"/>
			<W BOX="76 141 87 169" STYLE_REF="5">"</W>
			<Q BOX="93 138 112 167" STYLE_REF="5" QID="3">It</Q>
			<Q BOX="112 138 118 167" STYLE_REF="5" QID="3">'</Q>
			<q BOX="117 138 127 167" STYLE_REF="5" QID="3">s</q>
			<QW QID="3">It's</QW>
			<W BOX="134 138 180 167" STYLE_REF="5">very</W>
			<W BOX="192 138 238 167" STYLE_REF="5">well</W>
			<W BOX="249 138 297 167" STYLE_REF="5" NS="y">done</W>
			<W BOX="298 139 304 167" STYLE_REF="5" NS="y">,</W>
			<W BOX="304 139 314 167" STYLE_REF="5">"</W>
			<W BOX="327 138 365 167" STYLE_REF="5">said</W>
			<W BOX="376 138 475 166" STYLE_REF="5">Ambroise</W>
			<W BOX="488 137 575 165" STYLE_REF="5">between</W>
			<W BOX="585 136 616 164" STYLE_REF="5">his</W>
			<W BOX="628 136 680 164" STYLE_REF="5" NS="y">teeth</W>
			<W BOX="686 135 692 164" STYLE_REF="5">;</W>
			<W BOX="706 137 717 166" STYLE_REF="5">"</W>
			<L BOX="50 158 759 190"/>
			<W BOX="50 162 67 190" STYLE_REF="5" NS="y">it</W>
			<W BOX="67 162 73 190" STYLE_REF="5" NS="y">'</W>
			<W BOX="72 162 82 190" STYLE_REF="5">s</W>
			<W BOX="96 162 128 190" STYLE_REF="5">not</W>
			<W BOX="141 162 180 190" STYLE_REF="5" NS="y">real</W>
			<W BOX="180 162 187 190" STYLE_REF="5">.</W>
			<W BOX="211 162 242 190" STYLE_REF="5">No</W>
			<W BOX="255 162 299 190" STYLE_REF="5">man</W>
			<W BOX="313 162 368 190" STYLE_REF="5">could</W>
			<W BOX="382 162 431 190" STYLE_REF="5">have</W>
			<Q BOX="442 162 459 190" STYLE_REF="5" QID="4">sl</Q>
			<Q BOX="458 162 482 190" STYLE_REF="5" QID="4">ep</Q>
			<q BOX="482 162 491 190" STYLE_REF="5" QID="4">t</q>
			<QW QID="4">slept</QW>
			<Q BOX="503 161 571 189" STYLE_REF="5" QID="5">throug</Q>
			<q BOX="570 160 584 188" STYLE_REF="5" QID="5">h</q>
			<QW QID="5">through</QW>
			<W BOX="594 160 627 188" STYLE_REF="5">the</W>
			<W BOX="639 159 692 187" STYLE_REF="5">noise</W>
			<W BOX="699 159 728 187" STYLE_REF="5" NS="y">we</W>
			<W BOX="728 159 736 187" STYLE_REF="5" NS="y">'</W>
			<W BOX="733 158 759 187" STYLE_REF="5">ve</W>
			<L BOX="50 184 127 213"/>
			<W BOX="50 185 105 213" STYLE_REF="5" NS="y">made</W>
			<W BOX="105 185 114 213" STYLE_REF="5" NS="y">.</W>
			<W BOX="111 184 127 213" STYLE_REF="5">"</W>
		</Primitive>
		<Primitive BOX="24 205 829 260" ID="Ar0550002" SEQ_NO="2" TOC_ENTRY_ID="45" DEPTH_LEVEL="1">
			<L BOX="76 205 758 239"/>
			<W BOX="76 211 87 239" STYLE_REF="5">"</W>
			<W BOX="98 208 134 236" STYLE_REF="5">Yes</W>
			<W BOX="146 208 171 236" STYLE_REF="5">he</W>
			<W BOX="183 208 237 236" STYLE_REF="5" NS="y">could</W>
			<W BOX="239 209 244 237" STYLE_REF="5">,</W>
			<W BOX="257 208 271 237" STYLE_REF="5">if</W>
			<Q BOX="286 208 311 237" STYLE_REF="5" QID="6">he</Q>
			<Q BOX="311 208 315 236" STYLE_REF="5" QID="6">'</Q>
			<q BOX="315 208 328 236" STYLE_REF="5" QID="6">d</q>
			<QW QID="6">he'd</QW>
			<W BOX="342 208 389 236" STYLE_REF="5">been</W>
			<W BOX="399 208 489 236" STYLE_REF="5" NS="y">drinking</W>
			<W BOX="490 208 496 236" STYLE_REF="5" NS="y">,</W>
			<W BOX="496 208 506 237" STYLE_REF="5">"</W>
			<Q BOX="520 208 553 236" STYLE_REF="5" QID="7">rep</Q>
			<q BOX="553 207 590 235" STYLE_REF="5" QID="7">lied</q>
			<QW QID="7">replied</QW>
			<W BOX="604 206 650 234" STYLE_REF="5" NS="y">Paul</W>
			<W BOX="650 206 657 234" STYLE_REF="5">.</W>
			<W BOX="683 208 699 236" STYLE_REF="5" NS="y">"</W>
			<Q BOX="700 205 742 233" STYLE_REF="5" QID="8">Don</Q>
			<Q BOX="744 205 749 233" STYLE_REF="5" QID="8">'</Q>
			<q BOX="749 205 758 233" STYLE_REF="5" QID="8">t</q>
			<QW QID="8">Don't</QW>
			<L BOX="49 228 758 260"/>
			<W BOX="49 232 88 260" STYLE_REF="5">you</W>
			<W BOX="96 231 127 260" STYLE_REF="5">see</W>
			<W BOX="134 231 160 260" STYLE_REF="5">he</W>
			<W BOX="167 231 201 260" STYLE_REF="5">has</W>
			<W BOX="209 232 257 260" STYLE_REF="5">gone</W>
			<W BOX="265 232 284 260" STYLE_REF="5">to</W>
			<W BOX="292 232 328 260" STYLE_REF="5">bed</W>
			<W BOX="342 231 362 259" STYLE_REF="5">in</W>
			<W BOX="370 231 400 259" STYLE_REF="5">his</W>
			<W BOX="413 231 485 259" STYLE_REF="5" NS="y">clothes</W>
			<W BOX="486 231 492 260" STYLE_REF="5">,</W>
			<W BOX="504 230 541 259" STYLE_REF="5">and</W>
			<Q BOX="554 230 585 259" STYLE_REF="5" QID="9">isn</Q>
			<Q BOX="585 229 590 258" STYLE_REF="5" QID="9">'</Q>
			<q BOX="590 229 598 258" STYLE_REF="5" QID="9">t</q>
			<QW QID="9">isn't</QW>
			<W BOX="608 229 648 258" STYLE_REF="5">that</W>
			<W BOX="656 229 667 258" STYLE_REF="5">a</W>
			<W BOX="677 228 729 256" STYLE_REF="5">proof</W>
			<W BOX="738 228 758 256" STYLE_REF="5">of</W>
		</Primitive>
		<Primitive BOX="24 254 829 309" ID="Ar0550003" SEQ_NO="3" TOC_ENTRY_ID="45" DEPTH_LEVEL="1">
			<L BOX="50 254 470 283"/>
			<W BOX="50 255 84 283" STYLE_REF="5">the</W>
			<W BOX="92 255 141 283" STYLE_REF="5">state</W>
			<W BOX="148 255 173 283" STYLE_REF="5">he</W>
			<W BOX="181 255 219 283" STYLE_REF="5">was</W>
			<W BOX="227 255 248 283" STYLE_REF="5">in</W>
			<W BOX="257 255 312 283" STYLE_REF="5">when</W>
			<W BOX="320 255 345 283" STYLE_REF="5">he</W>
			<W BOX="352 255 404 283" STYLE_REF="5">came</W>
			<W BOX="411 254 439 283" STYLE_REF="5">up</W>
			<W BOX="443 254 451 282" STYLE_REF="5">?</W>
			<W BOX="457 254 470 282" STYLE_REF="5">"</W>
			<L BOX="77 275 758 309"/>
			<W BOX="77 281 87 309" STYLE_REF="5">"</W>
			<W BOX="94 278 147 306" STYLE_REF="5">Proof</W>
			<W BOX="157 278 177 306" STYLE_REF="5">or</W>
			<W BOX="189 278 215 306" STYLE_REF="5">no</W>
			<W BOX="222 278 275 307" STYLE_REF="5" NS="y">proof</W>
			<W BOX="277 278 284 306" STYLE_REF="5" NS="y">,</W>
			<W BOX="283 278 294 307" STYLE_REF="5">"</W>
			<W BOX="303 278 342 306" STYLE_REF="5">said</W>
			<W BOX="351 277 451 306" STYLE_REF="5">Ambroise</W>
			<W BOX="459 277 506 305" STYLE_REF="5">with</W>
			<W BOX="515 277 526 305" STYLE_REF="5">a</W>
			<Q BOX="537 276 602 305" STYLE_REF="5" QID="10">terribl</Q>
			<q BOX="604 276 614 304" STYLE_REF="5" QID="10">e</q>
			<QW QID="10">terrible</QW>
			<W BOX="627 275 748 303" STYLE_REF="5" NS="y">imprecation</W>
			<W BOX="750 275 758 303" STYLE_REF="5">,</W>
		</Primitive>
		<Primitive BOX="24 302 829 353" ID="Ar0550004" SEQ_NO="4" TOC_ENTRY_ID="45" DEPTH_LEVEL="1">
			<L BOX="51 302 121 332"/>
			<W BOX="51 304 62 332" STYLE_REF="5">"</W>
			<Q BOX="72 302 82 330" STYLE_REF="5" QID="11">I</Q>
			<Q BOX="82 302 86 330" STYLE_REF="5" QID="11">'</Q>
			<Q BOX="86 302 104 330" STYLE_REF="5" QID="11">ll</Q>
			<q BOX="111 302 121 330" STYLE_REF="5" QID="11">"</q>
			<QW QID="11">I'll"</QW>
			<L BOX="75 321 757 353"/>
			<W BOX="75 325 106 353" STYLE_REF="5">He</W>
			<W BOX="112 325 171 353" STYLE_REF="5">broke</W>
			<W BOX="179 325 201 353" STYLE_REF="5">off</W>
			<Q BOX="211 325 286 353" STYLE_REF="5" QID="12">abruptl</Q>
			<q BOX="286 325 300 353" STYLE_REF="5" NS="y" QID="12">y</q>
			<QW QID="12">abruptly</QW>
			<W BOX="300 325 307 353" STYLE_REF="5">,</W>
			<W BOX="318 325 353 353" STYLE_REF="5">and</W>
			<W BOX="367 325 378 353" STYLE_REF="5">I</W>
			<W BOX="390 324 448 353" STYLE_REF="5">heard</W>
			<W BOX="457 324 467 352" STYLE_REF="5">a</W>
			<W BOX="476 323 525 352" STYLE_REF="5" NS="y">click</W>
			<W BOX="527 324 532 352" STYLE_REF="5">,</W>
			<W BOX="540 323 579 351" STYLE_REF="5">like</W>
			<W BOX="587 323 621 351" STYLE_REF="5">the</W>
			<W BOX="632 321 713 350" STYLE_REF="5">opening</W>
			<W BOX="720 321 738 349" STYLE_REF="5">of</W>
			<W BOX="745 321 757 349" STYLE_REF="5">a</W>
		</Primitive>
		<Primitive BOX="24 345 829 400" ID="Ar0550005" SEQ_NO="5" TOC_ENTRY_ID="45" DEPTH_LEVEL="1">
			<L BOX="31 345 756 400"/>
			<W BOX="31 345 35 373" STYLE_REF="5">,</W>
			<W BOX="50 348 101 377" STYLE_REF="5">clasp</W>
			<W BOX="75 371 102 400" STYLE_REF="5">At</W>
			<Q BOX="101 348 109 377" STYLE_REF="5" LH="y" QID="13">-</Q>
			<q BOX="109 348 160 377" STYLE_REF="5" QID="13">knife</q>
			<QW QID="13">-knife</QW>
			<W BOX="116 371 157 400" STYLE_REF="5">this</W>
			<W BOX="160 348 167 377" STYLE_REF="5">.</W>
			<W BOX="175 371 258 399" STYLE_REF="5">moment</W>
			<W BOX="270 371 280 399" STYLE_REF="5">I</W>
			<W BOX="293 372 340 400" STYLE_REF="5">gave</W>
			<W BOX="356 371 423 399" STYLE_REF="5">myself</W>
			<W BOX="436 371 462 399" STYLE_REF="5">up</W>
			<W BOX="472 370 500 398" STYLE_REF="5">for</W>
			<W BOX="515 370 552 398" STYLE_REF="5" NS="y">lost</W>
			<W BOX="553 369 559 398" STYLE_REF="5">,</W>
			<W BOX="569 369 606 397" STYLE_REF="5">and</W>
			<W BOX="619 369 630 397" STYLE_REF="5">a</W>
			<W BOX="648 368 695 396" STYLE_REF="5">dead</W>
			<W BOX="713 368 756 396" STYLE_REF="5">cold</W>
		</Primitive>
		<Primitive BOX="24 393 829 449" ID="Ar0550006" SEQ_NO="6" TOC_ENTRY_ID="45" DEPTH_LEVEL="1">
			<L BOX="49 393 757 449"/>
			<W BOX="49 395 137 423" STYLE_REF="5">gathered</W>
			<W BOX="75 421 86 449" STYLE_REF="5">"</W>
			<W BOX="96 418 146 446" STYLE_REF="5">Give</W>
			<W BOX="148 395 168 423" STYLE_REF="5">at</W>
			<W BOX="159 418 190 446" STYLE_REF="5">me</W>
			<W BOX="175 395 207 423" STYLE_REF="5">my</W>
			<W BOX="202 418 236 446" STYLE_REF="5">the</W>
			<W BOX="216 394 268 423" STYLE_REF="5">heart</W>
			<W BOX="250 418 303 446" STYLE_REF="5">knife</W>
			<W BOX="268 394 275 423" STYLE_REF="5">.</W>
			<W BOX="300 394 342 423" STYLE_REF="5">The</W>
			<W BOX="304 419 311 447" STYLE_REF="5" NS="y">,</W>
			<W BOX="310 418 320 446" STYLE_REF="5">"</W>
			<W BOX="329 418 340 446" STYLE_REF="5">I</W>
			<W BOX="341 394 354 423" STYLE_REF="5">n</W>
			<W BOX="353 418 409 446" STYLE_REF="5">heard</W>
			<W BOX="365 394 411 423" STYLE_REF="5">Paul</W>
			<W BOX="419 394 440 423" STYLE_REF="5">in</W>
			<W BOX="423 418 463 446" STYLE_REF="5">him</W>
			<Q BOX="441 394 461 423" STYLE_REF="5" QID="14">te</Q>
			<q BOX="460 394 527 422" STYLE_REF="5" QID="14">rposed</q>
			<QW QID="14">terposed</QW>
			<W BOX="477 417 511 446" STYLE_REF="5" NS="y">say</W>
			<W BOX="511 417 517 446" STYLE_REF="5">.</W>
			<W BOX="535 393 592 421" STYLE_REF="5">again</W>
			<W BOX="542 418 559 446" STYLE_REF="5" NS="y">"</W>
			<Q BOX="560 415 570 444" STYLE_REF="5" QID="15">I</Q>
			<Q BOX="570 415 575 444" STYLE_REF="5" QID="15">'</Q>
			<q BOX="575 415 591 444" STYLE_REF="5" QID="15">ll</q>
			<QW QID="15">I'll</QW>
			<W BOX="592 393 599 421" STYLE_REF="5">.</W>
			<W BOX="608 415 644 443" STYLE_REF="5">test</W>
			<W BOX="660 415 701 443" STYLE_REF="5" NS="y">him</W>
			<W BOX="702 414 708 442" STYLE_REF="5">,</W>
			<W BOX="719 414 757 442" STYLE_REF="5">and</W>
		</Primitive>
		<Primitive BOX="24 441 829 493" ID="Ar0550007" SEQ_NO="7" TOC_ENTRY_ID="45" DEPTH_LEVEL="1">
			<L BOX="49 441 181 470"/>
			<W BOX="49 441 95 470" STYLE_REF="5">then</W>
			<W BOX="109 441 114 470" STYLE_REF="5">.</W>
			<W BOX="123 441 127 470" STYLE_REF="5">.</W>
			<W BOX="138 441 143 470" STYLE_REF="5">.</W>
			<W BOX="153 441 157 470" STYLE_REF="5">.</W>
			<W BOX="166 441 181 470" STYLE_REF="5">"</W>
			<L BOX="73 460 760 493"/>
			<W BOX="73 464 110 493" STYLE_REF="5">His</W>
			<W BOX="118 464 171 493" STYLE_REF="5">voice</W>
			<W BOX="178 464 260 493" STYLE_REF="5">dropped</W>
			<W BOX="269 464 289 493" STYLE_REF="5">to</W>
			<W BOX="298 464 308 493" STYLE_REF="5">a</W>
			<W BOX="316 464 397 493" STYLE_REF="5" NS="y">whisper</W>
			<W BOX="402 464 407 493" STYLE_REF="5">;</W>
			<W BOX="421 464 474 492" STYLE_REF="5">there</W>
			<W BOX="482 464 521 492" STYLE_REF="5">was</W>
			<W BOX="528 464 539 492" STYLE_REF="5">a</W>
			<Q BOX="547 462 627 490" STYLE_REF="5" QID="16">muttere</Q>
			<q BOX="627 461 639 489" STYLE_REF="5" QID="16">d</q>
			<QW QID="16">muttered</QW>
			<W BOX="647 461 746 489" STYLE_REF="5" NS="y">argument</W>
			<W BOX="751 460 760 488" STYLE_REF="5">;</W>
		</Primitive>
		<Primitive BOX="24 483 829 540" ID="Ar0550008" SEQ_NO="8" TOC_ENTRY_ID="45" DEPTH_LEVEL="1">
			<L BOX="49 483 759 517"/>
			<W BOX="49 488 61 517" STYLE_REF="5">a</W>
			<W BOX="73 488 131 517" STYLE_REF="5" NS="y">pause</W>
			<W BOX="136 488 142 516" STYLE_REF="5">;</W>
			<W BOX="155 488 166 516" STYLE_REF="5">a</W>
			<W BOX="179 488 263 516" STYLE_REF="5">moment</W>
			<W BOX="275 488 293 516" STYLE_REF="5">of</W>
			<W BOX="303 488 418 516" STYLE_REF="5">maddening</W>
			<W BOX="429 487 518 515" STYLE_REF="5" NS="y">suspense</W>
			<W BOX="522 487 528 515" STYLE_REF="5">!</W>
			<W BOX="553 485 606 514" STYLE_REF="5">Then</W>
			<W BOX="620 485 653 513" STYLE_REF="5">the</W>
			<W BOX="661 484 707 513" STYLE_REF="5">quilt</W>
			<W BOX="717 483 759 512" STYLE_REF="5">was</W>
			<L BOX="50 506 758 540"/>
			<W BOX="50 512 115 540" STYLE_REF="5">pulled</W>
			<W BOX="122 511 171 540" STYLE_REF="5" NS="y">back</W>
			<W BOX="172 511 177 540" STYLE_REF="5">,</W>
			<W BOX="190 511 200 539" STYLE_REF="5">a</W>
			<W BOX="213 511 247 539" STYLE_REF="5">hot</W>
			<Q BOX="260 511 293 539" STYLE_REF="5" QID="17">bre</Q>
			<q BOX="294 511 326 539" STYLE_REF="5" QID="17">ath</q>
			<QW QID="17">breath</QW>
			<W BOX="338 511 401 539" STYLE_REF="5">ruffled</W>
			<W BOX="417 511 450 539" STYLE_REF="5">the</W>
			<W BOX="465 510 507 538" STYLE_REF="5">hair</W>
			<W BOX="521 510 571 538" STYLE_REF="5">upon</W>
			<W BOX="583 509 616 537" STYLE_REF="5">my</W>
			<Q BOX="625 507 671 535" STYLE_REF="5" QID="18">brow</Q>
			<Q BOX="671 507 678 535" STYLE_REF="5" LH="y" QID="18">-</Q>
			<q BOX="678 508 683 536" STYLE_REF="5" QID="18">,</q>
			<QW QID="18">brow-,</QW>
			<W BOX="696 507 731 535" STYLE_REF="5">and</W>
			<W BOX="745 506 758 535" STYLE_REF="5">a</W>
		</Primitive>
		<Primitive BOX="24 531 829 610" ID="Ar0550009" SEQ_NO="9" TOC_ENTRY_ID="45" DEPTH_LEVEL="1">
			<L BOX="49 531 757 563"/>
			<W BOX="49 535 99 563" STYLE_REF="5" NS="y">keen</W>
			<W BOX="100 535 105 563" STYLE_REF="5">,</W>
			<W BOX="120 535 163 563" STYLE_REF="5" NS="y">cold</W>
			<W BOX="164 535 169 563" STYLE_REF="5">,</W>
			<Q BOX="178 534 233 563" STYLE_REF="5" QID="19">deadl</Q>
			<q BOX="234 535 247 563" STYLE_REF="5" QID="19">y</q>
			<QW QID="19">deadly</QW>
			<Q BOX="260 535 283 563" STYLE_REF="5" QID="20">ed</Q>
			<q BOX="283 535 307 563" STYLE_REF="5" NS="y" QID="20">ge</q>
			<QW QID="20">edge</QW>
			<W BOX="308 535 313 563" STYLE_REF="5">,</W>
			<W BOX="327 535 364 563" STYLE_REF="5">fine</W>
			<W BOX="380 535 400 563" STYLE_REF="5">as</W>
			<W BOX="413 535 447 563" STYLE_REF="5">the</W>
			<Q BOX="459 534 482 562" STYLE_REF="5" QID="21">ed</Q>
			<q BOX="483 534 506 562" STYLE_REF="5" QID="21">ge</q>
			<QW QID="21">edge</QW>
			<W BOX="521 533 539 561" STYLE_REF="5">of</W>
			<W BOX="552 532 562 561" STYLE_REF="5">a</W>
			<W BOX="575 532 628 560" STYLE_REF="5" NS="y">razor</W>
			<W BOX="629 531 634 560" STYLE_REF="5">,</W>
			<W BOX="644 531 683 559" STYLE_REF="5">was</W>
			<W BOX="692 531 757 559" STYLE_REF="5">drawn</W>
			<L BOX="50 558 758 610"/>
			<W BOX="50 558 105 587" STYLE_REF="5">slowl</W>
			<W BOX="74 581 114 610" STYLE_REF="5">The</W>
			<W BOX="104 558 117 587" STYLE_REF="5">y</W>
			<W BOX="123 581 189 610" STYLE_REF="5">quiver</W>
			<W BOX="125 558 186 586" STYLE_REF="5">across</W>
			<W BOX="195 558 229 586" STYLE_REF="5">my</W>
			<W BOX="197 581 216 610" STYLE_REF="5">of</W>
			<W BOX="231 581 254 610" STYLE_REF="5">an</W>
			<W BOX="235 558 278 586" STYLE_REF="5">thro</W>
			<W BOX="264 581 327 610" STYLE_REF="5">eyelid</W>
			<W BOX="279 558 298 586" STYLE_REF="5" NS="y">at</W>
			<W BOX="299 558 307 586" STYLE_REF="5">.</W>
			<W BOX="328 581 333 610" STYLE_REF="5">,</W>
			<W BOX="341 581 374 609" STYLE_REF="5">the</W>
			<W BOX="381 581 444 609" STYLE_REF="5">flutter</W>
			<W BOX="454 581 472 609" STYLE_REF="5">of</W>
			<W BOX="484 579 495 608" STYLE_REF="5">a</W>
			<W BOX="507 579 573 608" STYLE_REF="5">breath</W>
			<Q BOX="587 578 595 606" STYLE_REF="5" LH="y" QID="22">-</Q>
			<q BOX="593 578 649 606" STYLE_REF="5" QID="22">would</q>
			<QW QID="22">-would</QW>
			<Q BOX="661 578 700 607" STYLE_REF="5" QID="23">hav</Q>
			<q BOX="701 577 711 606" STYLE_REF="5" QID="23">e</q>
			<QW QID="23">have</QW>
			<Q BOX="724 577 749 606" STYLE_REF="5" QID="24">be</Q>
			<Q BOX="749 577 758 606" STYLE_REF="5" QID="24">-</Q>
		</Primitive>
		<Primitive BOX="24 601 829 680" ID="Ar0550010" SEQ_NO="10" TOC_ENTRY_ID="45" DEPTH_LEVEL="1">
			<L BOX="49 601 757 633"/>
			<q BOX="49 605 114 633" STYLE_REF="5" QID="24">trayed</q>
			<QW QID="24">betrayed</QW>
			<W BOX="123 605 154 633" STYLE_REF="5">me</W>
			<W BOX="160 605 166 633" STYLE_REF="5">;</W>
			<W BOX="178 605 212 633" STYLE_REF="5">but</W>
			<W BOX="222 604 255 633" STYLE_REF="5">the</W>
			<W BOX="262 604 305 633" STYLE_REF="5">love</W>
			<W BOX="314 604 331 633" STYLE_REF="5">of</W>
			<W BOX="344 604 376 633" STYLE_REF="5">life</W>
			<W BOX="386 604 424 633" STYLE_REF="5">was</W>
			<W BOX="435 604 518 632" STYLE_REF="5">stronger</W>
			<W BOX="526 602 571 631" STYLE_REF="5">than</W>
			<W BOX="579 602 612 631" STYLE_REF="5">the</W>
			<W BOX="619 602 657 630" STYLE_REF="5">fear</W>
			<W BOX="666 601 684 629" STYLE_REF="5">of</W>
			<W BOX="694 601 748 629" STYLE_REF="5" NS="y">death</W>
			<W BOX="750 601 757 629" STYLE_REF="5">,</W>
			<L BOX="50 626 758 680"/>
			<W BOX="50 629 87 657" STYLE_REF="5">and</W>
			<W BOX="74 651 120 680" STYLE_REF="5">Paul</W>
			<W BOX="89 629 94 657" STYLE_REF="5">,</W>
			<W BOX="102 628 162 656" STYLE_REF="5">thank</W>
			<W BOX="131 651 184 679" STYLE_REF="5">burst</W>
			<W BOX="171 628 211 656" STYLE_REF="5">God</W>
			<W BOX="196 651 237 679" STYLE_REF="5">into</W>
			<W BOX="219 628 224 656" STYLE_REF="5">!</W>
			<W BOX="237 628 248 656" STYLE_REF="5">I</W>
			<W BOX="249 651 260 680" STYLE_REF="5">a</W>
			<W BOX="255 628 287 656" STYLE_REF="5">lay</W>
			<W BOX="273 651 318 680" STYLE_REF="5">loud</W>
			<W BOX="295 628 368 656" STYLE_REF="5">passive</W>
			<Q BOX="331 651 376 680" STYLE_REF="5" QID="25">laug</Q>
			<q BOX="376 651 389 679" STYLE_REF="5" QID="25">h</q>
			<QW QID="25">laugh</QW>
			<W BOX="377 628 412 656" STYLE_REF="5">and</W>
			<W BOX="390 651 396 679" STYLE_REF="5">,</W>
			<W BOX="409 650 447 679" STYLE_REF="5">and</W>
			<Q BOX="420 628 434 657" STYLE_REF="5" QID="26">p</Q>
			<q BOX="434 627 482 655" STYLE_REF="5" QID="26">lacid</q>
			<QW QID="26">placid</QW>
			<W BOX="455 650 515 679" STYLE_REF="5">tossed</W>
			<W BOX="491 627 512 655" STYLE_REF="5">as</W>
			<W BOX="520 626 582 654" STYLE_REF="5">before</W>
			<W BOX="529 649 562 677" STYLE_REF="5">the</W>
			<W BOX="574 649 627 677" STYLE_REF="5">knife</W>
			<W BOX="582 626 588 654" STYLE_REF="5">.</W>
			<W BOX="638 648 687 677" STYLE_REF="5">back</W>
			<W BOX="699 648 718 676" STYLE_REF="5">to</W>
			<W BOX="731 647 758 675" STYLE_REF="5">its</W>
		</Primitive>
		<Primitive BOX="24 676 829 729" ID="Ar0550011" SEQ_NO="11" TOC_ENTRY_ID="45" DEPTH_LEVEL="1">
			<L BOX="52 676 122 704"/>
			<W BOX="52 676 115 704" STYLE_REF="5" NS="y">owner</W>
			<W BOX="115 676 122 704" STYLE_REF="5">.</W>
			<L BOX="75 694 757 729"/>
			<W BOX="75 701 86 729" STYLE_REF="5">"</W>
			<Q BOX="96 699 132 727" STYLE_REF="6" QID="27">Ivre</Q>
			<Q BOX="132 699 139 727" STYLE_REF="6" LH="y" QID="27">-</Q>
			<q BOX="139 699 183 727" STYLE_REF="6" NS="y" QID="27">mort</q>
			<QW QID="27">Ivre-mort</QW>
			<W BOX="183 700 191 728" STYLE_REF="6" M="1 * ">_,</W>
			<W BOX="193 698 271 727" STYLE_REF="6">pardieu</W>
			<W BOX="270 698 276 727" STYLE_REF="6">!</W>
			<W BOX="283 698 294 727" STYLE_REF="5">"</W>
			<W BOX="306 697 345 726" STYLE_REF="5">said</W>
			<W BOX="354 697 378 726" STYLE_REF="5" NS="y">he</W>
			<W BOX="378 697 384 726" STYLE_REF="5">.</W>
			<W BOX="409 699 420 728" STYLE_REF="5">"</W>
			<Q BOX="425 697 435 725" STYLE_REF="5" QID="28">I</Q>
			<Q BOX="435 697 440 725" STYLE_REF="5" QID="28">'</Q>
			<q BOX="440 697 454 725" STYLE_REF="5" QID="28">d</q>
			<QW QID="28">I'd</QW>
			<W BOX="464 697 486 725" STYLE_REF="5">as</W>
			<W BOX="494 696 538 725" STYLE_REF="5">soon</W>
			<W BOX="549 696 622 724" STYLE_REF="5">suspect</W>
			<W BOX="631 696 664 724" STYLE_REF="5">the</W>
			<W BOX="671 694 727 722" STYLE_REF="5">walls</W>
			<W BOX="736 694 757 722" STYLE_REF="5">of</W>
		</Primitive>
		<Primitive BOX="24 722 829 800" ID="Ar0550012" SEQ_NO="12" TOC_ENTRY_ID="45" DEPTH_LEVEL="1">
			<L BOX="49 722 174 751"/>
			<W BOX="49 722 141 751" STYLE_REF="5" NS="y">listening</W>
			<W BOX="147 723 152 751" STYLE_REF="5">!</W>
			<W BOX="159 723 174 751" STYLE_REF="5">"</W>
			<L BOX="74 742 758 800"/>
			<W BOX="74 746 170 774" STYLE_REF="5">Ambroise</W>
			<W BOX="75 772 87 800" STYLE_REF="5">"</W>
			<Q BOX="94 770 137 798" STYLE_REF="5" QID="29">You</Q>
			<Q BOX="137 769 145 797" STYLE_REF="5" QID="29">'</Q>
			<q BOX="142 769 163 797" STYLE_REF="5" QID="29">re</q>
			<QW QID="29">You're</QW>
			<W BOX="175 769 206 797" STYLE_REF="5">too</W>
			<W BOX="179 745 271 774" STYLE_REF="5">muttered</W>
			<Q BOX="220 769 265 797" STYLE_REF="5" QID="30">easy</Q>
			<q BOX="271 768 281 796" STYLE_REF="5" QID="30">"</q>
			<QW QID="30">easy"</QW>
			<W BOX="281 745 305 773" STYLE_REF="5">an</W>
			<W BOX="287 768 313 796" STYLE_REF="5">he</W>
			<W BOX="314 745 373 773" STYLE_REF="5">angry</W>
			<W BOX="327 768 366 796" STYLE_REF="5">said</W>
			<W BOX="381 767 450 795" STYLE_REF="5">sullenl</W>
			<W BOX="382 744 425 773" STYLE_REF="5" NS="y">oath</W>
			<W BOX="427 744 432 772" STYLE_REF="5">,</W>
			<W BOX="444 743 479 771" STYLE_REF="5">and</W>
			<W BOX="450 768 463 796" STYLE_REF="5" NS="y">y</W>
			<W BOX="463 768 470 796" STYLE_REF="5">.</W>
			<W BOX="488 743 558 771" STYLE_REF="5">turned</W>
			<W BOX="495 768 506 797" STYLE_REF="5">"</W>
			<W BOX="513 766 573 794" STYLE_REF="5">There</W>
			<W BOX="563 742 617 771" STYLE_REF="5">away</W>
			<Q BOX="574 766 580 794" STYLE_REF="5" QID="31">'</Q>
			<q BOX="578 766 588 794" STYLE_REF="5" QID="31">s</q>
			<QW QID="31">'s</QW>
			<W BOX="601 765 682 793" STYLE_REF="5">nothing</W>
			<W BOX="617 742 624 771" STYLE_REF="5">.</W>
			<W BOX="694 764 732 792" STYLE_REF="5">like</W>
			<W BOX="746 764 758 792" STYLE_REF="5">a</W>
		</Primitive>
		<Primitive BOX="24 791 829 844" ID="Ar0550013" SEQ_NO="13" TOC_ENTRY_ID="45" DEPTH_LEVEL="1">
			<L BOX="266 769 272 797"/>
			<W BOX="266 769 272 797" STYLE_REF="5">,</W>
			<L BOX="50 791 757 844"/>
			<W BOX="50 793 96 821" STYLE_REF="5">dead</W>
			<W BOX="74 816 100 844" STYLE_REF="5">At</W>
			<W BOX="105 793 149 821" STYLE_REF="5">man</W>
			<W BOX="107 816 146 844" STYLE_REF="5">this</W>
			<W BOX="149 793 156 821" STYLE_REF="5">'</W>
			<W BOX="153 816 236 844" STYLE_REF="5">moment</W>
			<W BOX="154 793 163 821" STYLE_REF="5">s</W>
			<Q BOX="171 793 230 821" STYLE_REF="5" QID="32">tongu</Q>
			<q BOX="231 793 242 821" STYLE_REF="5" QID="32">e</q>
			<QW QID="32">tongue</QW>
			<W BOX="246 816 257 844" STYLE_REF="5">a</W>
			<W BOX="249 793 269 821" STYLE_REF="5">to</W>
			<W BOX="268 815 312 843" STYLE_REF="5">long</W>
			<W BOX="276 792 324 820" STYLE_REF="5">keep</W>
			<W BOX="323 815 377 843" STYLE_REF="5">shrill</W>
			<W BOX="332 792 343 820" STYLE_REF="5">a</W>
			<W BOX="352 791 410 819" STYLE_REF="5">secret</W>
			<W BOX="390 814 466 842" STYLE_REF="5">whistle</W>
			<W BOX="417 791 422 819" STYLE_REF="5">!</W>
			<W BOX="429 791 443 819" STYLE_REF="5">"</W>
			<W BOX="477 813 545 841" STYLE_REF="5">echoed</W>
			<W BOX="558 812 618 840" STYLE_REF="5">under</W>
			<W BOX="630 811 663 839" STYLE_REF="5">the</W>
			<W BOX="676 811 757 839" STYLE_REF="5">window</W>
		</Primitive>
		<Primitive BOX="24 838 829 929" ID="Ar0550014" SEQ_NO="14" TOC_ENTRY_ID="45" DEPTH_LEVEL="1">
			<L BOX="50 838 328 868"/>
			<W BOX="50 839 90 868" STYLE_REF="5">like</W>
			<W BOX="98 839 131 868" STYLE_REF="5">the</W>
			<Q BOX="138 839 176 868" STYLE_REF="5" QID="33">wai</Q>
			<q BOX="174 839 181 868" STYLE_REF="5" QID="33">l</q>
			<QW QID="33">wail</QW>
			<W BOX="190 839 208 868" STYLE_REF="5">of</W>
			<W BOX="217 839 228 868" STYLE_REF="5">a</W>
			<W BOX="236 838 321 866" STYLE_REF="5" NS="y">Banshee</W>
			<W BOX="321 838 328 866" STYLE_REF="5">.</W>
			<L BOX="48 856 757 933"/>
			<W BOX="48 886 86 914" STYLE_REF="5">bag</W>
			<W BOX="74 865 85 893" STYLE_REF="5">"</W>
			<W BOX="91 886 96 914" STYLE_REF="5">;</W>
			<W BOX="95 863 134 891" STYLE_REF="5">The</W>
			<W BOX="108 886 141 914" STYLE_REF="5">the</W>
			<W BOX="142 863 159 891" STYLE_REF="5">si</W>
			<W BOX="153 886 169 914" STYLE_REF="5">li</W>
			<W BOX="159 863 204 891" STYLE_REF="5">gnal</W>
			<Q BOX="169 886 182 915" STYLE_REF="5" QID="34">g</Q>
			<q BOX="181 885 202 914" STYLE_REF="5" QID="34">ht</q>
			<QW QID="34">ght</QW>
			<W BOX="210 862 215 890" STYLE_REF="5">!</W>
			<W BOX="216 885 255 914" STYLE_REF="5">was</W>
			<W BOX="221 862 231 890" STYLE_REF="5">"</W>
			<W BOX="245 861 294 889" STYLE_REF="5">cried</W>
			<W BOX="267 885 330 913" STYLE_REF="5">blown</W>
			<W BOX="302 861 348 889" STYLE_REF="5">both</W>
			<W BOX="343 884 376 912" STYLE_REF="5">out</W>
			<W BOX="356 860 377 889" STYLE_REF="5">in</W>
			<W BOX="384 884 389 912" STYLE_REF="5">;</W>
			<W BOX="385 860 395 889" STYLE_REF="5">a</W>
			<W BOX="402 883 421 911" STYLE_REF="5">in</W>
			<W BOX="403 860 469 889" STYLE_REF="5">breath</W>
			<W BOX="436 883 486 911" STYLE_REF="5">their</W>
			<W BOX="469 860 475 889" STYLE_REF="5">.</W>
			<W BOX="498 882 595 910" STYLE_REF="5">eagerness</W>
			<W BOX="500 859 597 887" STYLE_REF="5">Ambroise</W>
			<W BOX="532 905 590 933" STYLE_REF="5">heard</W>
			<W BOX="604 904 653 932" STYLE_REF="5">their</W>
			<W BOX="604 881 623 909" STYLE_REF="5">to</W>
			<W BOX="604 857 702 885" STYLE_REF="5">shouldere</W>
			<W BOX="633 881 657 909" STYLE_REF="5">be</W>
			<W BOX="668 880 716 908" STYLE_REF="5">gone</W>
			<W BOX="703 856 714 885" STYLE_REF="5">d</W>
			<W BOX="723 856 757 885" STYLE_REF="5">the</W>
			<W BOX="728 879 756 908" STYLE_REF="5">all</W>
		</Primitive>
		<Primitive BOX="24 917 829 985" ID="Ar0550015" SEQ_NO="15" TOC_ENTRY_ID="45" DEPTH_LEVEL="1">
			<L BOX="49 903 756 938"/>
			<W BOX="49 909 88 938" STYLE_REF="5">else</W>
			<W BOX="101 909 139 938" STYLE_REF="5">was</W>
			<W BOX="151 909 243 937" STYLE_REF="5" NS="y">forgotten</W>
			<W BOX="251 908 256 936" STYLE_REF="5">;</W>
			<W BOX="267 908 303 936" STYLE_REF="5">and</W>
			<W BOX="316 908 349 936" STYLE_REF="5">the</W>
			<W BOX="363 907 408 935" STYLE_REF="5">next</W>
			<W BOX="423 906 493 935" STYLE_REF="5">instant</W>
			<W BOX="509 906 519 934" STYLE_REF="5">I</W>
			<W BOX="665 903 756 931" STYLE_REF="5">footsteps</W>
			<L BOX="48 932 757 985"/>
			<W BOX="48 933 110 962" STYLE_REF="5">tramp</W>
			<W BOX="74 957 101 985" STYLE_REF="5">To</W>
			<W BOX="110 957 176 985" STYLE_REF="5">strugg</W>
			<W BOX="110 933 143 962" STYLE_REF="5">ing</W>
			<W BOX="150 933 205 961" STYLE_REF="5">down</W>
			<W BOX="175 956 192 984" STYLE_REF="5">le</W>
			<W BOX="200 956 220 984" STYLE_REF="5">to</W>
			<W BOX="211 933 245 961" STYLE_REF="5">the</W>
			<W BOX="232 956 256 984" STYLE_REF="5">an</W>
			<W BOX="253 932 305 960" STYLE_REF="5">stairs</W>
			<W BOX="264 955 307 983" STYLE_REF="5">upri</W>
			<W BOX="314 932 325 960" STYLE_REF="5">!</W>
			<W BOX="321 954 341 983" STYLE_REF="5">ht</W>
			<W BOX="350 954 426 983" STYLE_REF="5">posture</W>
			<W BOX="434 953 471 981" STYLE_REF="5">and</W>
			<W BOX="479 952 510 981" STYLE_REF="5">fall</W>
			<W BOX="520 952 568 980" STYLE_REF="5">back</W>
			<W BOX="576 951 679 979" STYLE_REF="5">powerless</W>
			<W BOX="683 951 722 979" STYLE_REF="5">was</W>
			<W BOX="729 950 757 979" STYLE_REF="5">all</W>
		</Primitive>
		<Primitive BOX="24 973 829 1032" ID="Ar0550016" SEQ_NO="16" TOC_ENTRY_ID="45" DEPTH_LEVEL="1">
			<L BOX="49 956 757 1008"/>
			<W BOX="49 980 91 1008" STYLE_REF="5">that</W>
			<W BOX="98 980 108 1008" STYLE_REF="5">I</W>
			<Q BOX="116 980 159 1008" STYLE_REF="5" QID="35">coul</Q>
			<q BOX="160 980 171 1008" STYLE_REF="5" QID="35">d</q>
			<QW QID="35">could</QW>
			<W BOX="180 980 204 1008" STYLE_REF="5" NS="y">do</W>
			<W BOX="204 980 210 1008" STYLE_REF="5">.</W>
			<W BOX="236 980 276 1008" STYLE_REF="5">The</W>
			<W BOX="284 978 358 1006" STYLE_REF="5">blessed</W>
			<W BOX="308 956 322 984" STYLE_REF="5">g</W>
			<W BOX="367 978 419 1006" STYLE_REF="5">sense</W>
			<W BOX="433 977 450 1005" STYLE_REF="5">of</W>
			<Q BOX="460 977 470 1005" STYLE_REF="5" QID="36">s</Q>
			<q BOX="469 976 520 1004" STYLE_REF="5" QID="36">afety</q>
			<QW QID="36">safety</QW>
			<W BOX="530 976 569 1004" STYLE_REF="5">was</W>
			<W BOX="576 975 608 1004" STYLE_REF="5">too</W>
			<W BOX="615 975 671 1003" STYLE_REF="5">much</W>
			<W BOX="678 975 706 1003" STYLE_REF="5">for</W>
			<W BOX="718 974 749 1002" STYLE_REF="5" NS="y">me</W>
			<W BOX="750 973 757 1002" STYLE_REF="5">,</W>
			<L BOX="50 1003 202 1032"/>
			<W BOX="50 1003 87 1032" STYLE_REF="5">and</W>
			<W BOX="96 1003 106 1032" STYLE_REF="5">I</W>
			<W BOX="113 1003 186 1032" STYLE_REF="5" NS="y">fainted</W>
			<W BOX="190 1003 202 1032" STYLE_REF="5">!</W>
		</Primitive>
		<Primitive BOX="24 1023 829 1078" ID="Ar0550017" SEQ_NO="17" TOC_ENTRY_ID="45" DEPTH_LEVEL="1">
			<L BOX="123 1023 673 1059"/>
			<W BOX="123 1031 136 1059" STYLE_REF="5">*</W>
			<W BOX="258 1029 270 1057" STYLE_REF="5">*</W>
			<W BOX="391 1025 398 1053" STYLE_REF="5" LH="y" NS="y">-</W>
			<W BOX="398 1025 407 1053" STYLE_REF="5">*</W>
			<W BOX="525 1023 532 1051" STYLE_REF="5" LH="y" NS="y">-</W>
			<W BOX="532 1023 541 1051" STYLE_REF="5">*</W>
			<W BOX="658 1024 673 1052" STYLE_REF="5">*</W>
			<L BOX="73 1043 754 1078"/>
			<W BOX="73 1049 114 1078" STYLE_REF="5">The</W>
			<W BOX="123 1049 174 1078" STYLE_REF="5">story</W>
			<W BOX="184 1049 202 1078" STYLE_REF="5">of</W>
			<W BOX="211 1049 245 1078" STYLE_REF="5">the</W>
			<W BOX="252 1049 333 1077" STYLE_REF="5">robbery</W>
			<W BOX="340 1048 359 1076" STYLE_REF="5">at</W>
			<W BOX="367 1047 467 1075" STYLE_REF="5">Abbeville</W>
			<W BOX="474 1046 532 1074" STYLE_REF="5">needs</W>
			<W BOX="542 1046 568 1074" STYLE_REF="5">no</W>
			<W BOX="574 1044 644 1072" STYLE_REF="5">further</W>
			<W BOX="654 1043 754 1071" STYLE_REF="5">repetition</W>
		</Primitive>
		<Primitive BOX="24 1066 829 1125" ID="Ar0550018" SEQ_NO="18" TOC_ENTRY_ID="45" DEPTH_LEVEL="1">
			<L BOX="49 1066 758 1125"/>
			<W BOX="49 1096 64 1125" STYLE_REF="5">it</W>
			<W BOX="49 1073 96 1101" STYLE_REF="5">from</W>
			<W BOX="105 1073 136 1101" STYLE_REF="5">my</W>
			<W BOX="128 1096 152 1124" STYLE_REF="5">be</W>
			<W BOX="142 1073 180 1101" STYLE_REF="5">pen</W>
			<W BOX="159 1095 272 1124" STYLE_REF="5">interesting</W>
			<W BOX="186 1072 190 1101" STYLE_REF="5">;</W>
			<W BOX="199 1072 234 1100" STYLE_REF="5">but</W>
			<W BOX="242 1072 262 1100" STYLE_REF="5">to</W>
			<W BOX="270 1072 323 1100" STYLE_REF="5">those</W>
			<W BOX="284 1094 304 1122" STYLE_REF="5">to</W>
			<W BOX="317 1094 353 1122" STYLE_REF="5">add</W>
			<W BOX="332 1071 375 1099" STYLE_REF="5">who</W>
			<W BOX="366 1094 407 1122" STYLE_REF="5">that</W>
			<W BOX="384 1071 414 1099" STYLE_REF="5">are</W>
			<W BOX="418 1092 468 1121" STYLE_REF="5">none</W>
			<W BOX="422 1070 456 1098" STYLE_REF="5">not</W>
			<W BOX="464 1068 544 1097" STYLE_REF="5">familiar</W>
			<W BOX="481 1092 499 1120" STYLE_REF="5">of</W>
			<W BOX="512 1091 545 1119" STYLE_REF="5">the</W>
			<W BOX="551 1067 596 1096" STYLE_REF="5">with</W>
			<Q BOX="557 1091 587 1119" STYLE_REF="5" QID="37">sto</Q>
			<Q BOX="585 1091 606 1119" STYLE_REF="5" QID="37">le</Q>
			<q BOX="604 1091 617 1119" STYLE_REF="5" QID="37">n</q>
			<QW QID="37">stolen</QW>
			<W BOX="605 1067 637 1095" STYLE_REF="5">the</W>
			<W BOX="628 1090 710 1118" STYLE_REF="5">treasure</W>
			<W BOX="645 1066 745 1094" STYLE_REF="5">particular</W>
			<W BOX="717 1090 758 1118" STYLE_REF="5">was</W>
			<W BOX="747 1066 758 1094" STYLE_REF="5">s</W>
		</Primitive>
		<Primitive BOX="24 1113 829 1171" ID="Ar0550019" SEQ_NO="19" TOC_ENTRY_ID="45" DEPTH_LEVEL="1">
			<L BOX="49 1096 756 1148"/>
			<W BOX="49 1119 93 1148" STYLE_REF="5">ever</W>
			<W BOX="77 1096 121 1125" STYLE_REF="5">may</W>
			<Q BOX="101 1119 198 1147" STYLE_REF="5" QID="38">recovered</Q>
			<q BOX="215 1118 251 1146" STYLE_REF="5" QID="38">and</q>
			<QW QID="38">recoveredand</QW>
			<W BOX="259 1117 333 1145" STYLE_REF="5">neither</W>
			<W BOX="340 1117 358 1145" STYLE_REF="5">of</W>
			<W BOX="369 1116 402 1144" STYLE_REF="5">the</W>
			<W BOX="410 1115 508 1143" STYLE_REF="5">dexterous</W>
			<Q BOX="521 1115 534 1143" STYLE_REF="5" QID="39">p</Q>
			<Q BOX="534 1114 549 1142" STYLE_REF="5" QID="39">il</Q>
			<q BOX="550 1114 608 1142" STYLE_REF="5" QID="39">grims</q>
			<QW QID="39">pilgrims</QW>
			<W BOX="617 1113 659 1142" STYLE_REF="5">seen</W>
			<W BOX="670 1113 691 1142" STYLE_REF="5">or</W>
			<W BOX="699 1113 756 1141" STYLE_REF="5">heard</W>
			<L BOX="49 1119 758 1171"/>
			<W BOX="49 1143 68 1171" STYLE_REF="5">of</W>
			<W BOX="85 1143 137 1171" STYLE_REF="5" NS="y">more</W>
			<W BOX="137 1143 142 1171" STYLE_REF="5">.</W>
			<W BOX="172 1142 212 1170" STYLE_REF="5">The</W>
			<W BOX="201 1119 206 1147" STYLE_REF="5">,</W>
			<W BOX="227 1141 307 1169" STYLE_REF="5">robbery</W>
			<W BOX="320 1140 360 1168" STYLE_REF="5">was</W>
			<Q BOX="371 1140 384 1168" STYLE_REF="5" QID="40">c</Q>
			<q BOX="383 1138 477 1167" STYLE_REF="5" QID="40">ommitted</q>
			<QW QID="40">committed</QW>
			<W BOX="495 1138 519 1166" STYLE_REF="5">on</W>
			<W BOX="533 1138 567 1166" STYLE_REF="5">the</W>
			<W BOX="581 1137 662 1165" STYLE_REF="5">evening</W>
			<W BOX="676 1137 694 1165" STYLE_REF="5">of</W>
			<W BOX="707 1136 758 1165" STYLE_REF="5">their</W>
		</Primitive>
		<Primitive BOX="24 1171 829 1219" ID="Ar0550020" SEQ_NO="20" TOC_ENTRY_ID="45" DEPTH_LEVEL="1">
			<L BOX="50 1160 757 1196"/>
			<Q BOX="50 1166 68 1194" STYLE_REF="5" QID="41">fli</Q>
			<Q BOX="71 1167 84 1196" STYLE_REF="5" QID="41">g</Q>
			<q BOX="83 1167 105 1195" STYLE_REF="5" NS="y" QID="41">ht</q>
			<QW QID="41">flight</QW>
			<W BOX="106 1167 111 1195" STYLE_REF="5">,</W>
			<W BOX="120 1166 156 1194" STYLE_REF="5">and</W>
			<W BOX="171 1166 187 1194" STYLE_REF="5">of</W>
			<W BOX="201 1166 235 1194" STYLE_REF="5">my</W>
			<Q BOX="241 1165 272 1193" STYLE_REF="5" QID="42">try</Q>
			<q BOX="273 1164 306 1192" STYLE_REF="5" QID="42">ing</q>
			<QW QID="42">trying</QW>
			<W BOX="314 1163 415 1191" STYLE_REF="5">adventure</W>
			<W BOX="424 1163 443 1191" STYLE_REF="5">at</W>
			<W BOX="452 1162 471 1190" STYLE_REF="5" NS="y">St</W>
			<W BOX="471 1162 477 1190" STYLE_REF="5">.</W>
			<W BOX="487 1162 557 1190" STYLE_REF="5" NS="y">Valery</W>
			<W BOX="559 1162 564 1190" STYLE_REF="5">.</W>
			<W BOX="588 1161 607 1189" STYLE_REF="5">It</W>
			<W BOX="616 1161 655 1189" STYLE_REF="5">was</W>
			<W BOX="665 1160 757 1189" STYLE_REF="5">supposed</W>
		</Primitive>
	</Content>
	<TOC_Entries><TOC_Entry TOC_ENTRY_ID="116" TITLE=".+. &quot; Oh Doricles ! your praises are too..." ENTITY_ID_REF="Ar05500" PAGE_NO="55" PAGE_LABEL="55" PRIM_ID_REF="Ar0550000" IS_IC="true"/></TOC_Entries></XMD-entity>
