<?xml version="1.0" encoding="windows-1252" standalone="no"?>
<XMD-entity REPOSITORY_FORMAT="1.0" PRXML_VER="2.0" ENTITY_TYPE="Article" FIRST_TOC_ENTRY_ID="18" DEPTH_LEVEL="1" INDEX_IN_DOC="35" PAGE_NO="18" ID="Ar01800" BOX="24 75 829 1219" LANGUAGE="English" CONTINUATION_TO="Ar01900" CONTINUATION_FROM="Ar01700" LOGICAL_NAME="true">
	<Meta NAME=". at A few This High days institution ga..." DESCRIPTION="" SUBTYPE="" BASE_HREF="EWJ/1858/03/01" SOURCE_TYPE="TIFF" PUBLICATION="EWJ" SECTION="None" ISSUE_DATE="01/03/1858" WORDCNT="670" RELEASE_NO="041-EWJ-1858-03-01-001-SINGLE" PAGE_ID="" PAGE_TYPE="Single" PAGE_WIDTH="842" PAGE_HEIGHT="1244" DEFAULT_IMG_EXT="png" PDF_DESTINATION_MAPPED="OLV0_Entity_0018_0001" IMAGES_RESOLUTION="86" XMD_VER="2.6.238.8" PAGE_LABEL="18"/>
	<Link SOURCE="041-EWJ-1858-03-01-001-SINGLE.PDF" FIRST_ID="Ar00200" LAST_ID="Ar07201" NEXT_ID="Ar01801" PREV_ID="" TOC_ID="d:/Olive/Repository/EWJ/1858/03/01/TOC.xml"/>
	<DataFiles>
		<Files TYPE="DOC_PDF" PRESENT="1"/>
		<Files TYPE="PAGE_PDF" PRESENT="0"/>
		<Files TYPE="DOC_IMG" PRESENT="0"/>
		<Files TYPE="PAGE_IMG" PRESENT="0"/>
		<Files TYPE="PAGE_VIEW_IMG" PRESENT="1"/>
		<Files TYPE="PAGE_PREVIEW_IMG" PRESENT="1"/>
		<Files TYPE="PRIMITIVE_IMG" PRESENT="1"/>
		<Files TYPE="SNIPPET_IMG" PRESENT="1"/>
	</DataFiles>
	<Content>
		<Primitive BOX="24 75 829 132" ID="Ar0180000" SEQ_NO="0" TOC_ENTRY_ID="18" DEPTH_LEVEL="1">
			<L BOX="67 79 778 108"/>
			<W BOX="67 79 121 108" STYLE_REF="5">made</W>
			<W BOX="129 79 200 108" STYLE_REF="5">known</W>
			<W BOX="207 79 240 108" STYLE_REF="5">the</W>
			<W BOX="249 79 311 108" STYLE_REF="5">duties</W>
			<W BOX="319 79 360 108" STYLE_REF="5">tliat</W>
			<W BOX="367 79 404 108" STYLE_REF="5">had</W>
			<W BOX="413 79 433 108" STYLE_REF="5">to</W>
			<W BOX="440 79 464 108" STYLE_REF="5">be</W>
			<Q BOX="472 80 524 108" STYLE_REF="5" QID="1">perfo</Q>
			<q BOX="525 80 577 108" STYLE_REF="5" NS="y" QID="1">rmed</q>
			<QW QID="1">performed</QW>
			<W BOX="578 79 582 108" STYLE_REF="5">,</W>
			<W BOX="591 79 627 107" STYLE_REF="5">and</W>
			<W BOX="636 79 670 107" STYLE_REF="5">the</W>
			<W BOX="679 79 734 107" STYLE_REF="5">times</W>
			<W BOX="741 79 778 107" STYLE_REF="5">and</W>
			<L BOX="66 102 779 132"/>
			<W BOX="66 103 141 131" STYLE_REF="5">seasons</W>
			<W BOX="150 103 200 131" STYLE_REF="5">were</W>
			<W BOX="207 103 256 131" STYLE_REF="5" NS="y">fixed</W>
			<W BOX="256 103 261 131" STYLE_REF="5">.</W>
			<W BOX="289 103 321 131" STYLE_REF="5">All</W>
			<W BOX="329 103 373 132" STYLE_REF="5">goes</W>
			<W BOX="381 103 405 132" STYLE_REF="5">on</W>
			<W BOX="413 103 454 132" STYLE_REF="5">like</W>
			<Q BOX="467 103 483 132" STYLE_REF="5" QID="2">cl</Q>
			<Q BOX="485 103 496 132" STYLE_REF="5" QID="2">o</Q>
			<Q BOX="497 103 520 132" STYLE_REF="5" QID="2">ck</Q>
			<Q BOX="520 103 528 132" STYLE_REF="5" LH="y" QID="2">-</Q>
			<Q BOX="528 103 559 132" STYLE_REF="5" QID="2">wo</Q>
			<q BOX="558 103 580 132" STYLE_REF="5" NS="y" QID="2">rk</q>
			<QW QID="2">clock-work</QW>
			<W BOX="582 103 586 132" STYLE_REF="5">.</W>
			<W BOX="612 102 652 131" STYLE_REF="5">The</W>
			<W BOX="661 102 713 130" STYLE_REF="5">great</W>
			<W BOX="722 102 779 130" STYLE_REF="5">thing</W>
		</Primitive>
		<Primitive BOX="24 125 829 179" ID="Ar0180001" SEQ_NO="1" TOC_ENTRY_ID="18" DEPTH_LEVEL="1">
			<L BOX="65 125 778 155"/>
			<W BOX="65 126 81 155" STYLE_REF="5">is</W>
			<W BOX="90 126 109 155" STYLE_REF="5">to</W>
			<W BOX="118 126 187 155" STYLE_REF="5">adhere</W>
			<Q BOX="195 126 243 155" STYLE_REF="5" QID="3">firml</Q>
			<q BOX="245 127 258 155" STYLE_REF="5" QID="3">y</q>
			<QW QID="3">firmly</QW>
			<W BOX="266 127 303 155" STYLE_REF="5">and</W>
			<Q BOX="311 127 367 155" STYLE_REF="5" QID="4">calml</Q>
			<q BOX="367 127 380 155" STYLE_REF="5" QID="4">y</q>
			<QW QID="4">calmly</QW>
			<W BOX="388 127 408 155" STYLE_REF="5">to</W>
			<W BOX="416 127 449 155" STYLE_REF="5">the</W>
			<W BOX="457 127 493 155" STYLE_REF="5">few</W>
			<W BOX="500 127 548 155" STYLE_REF="5">laws</W>
			<W BOX="553 127 590 155" STYLE_REF="5">laid</W>
			<W BOX="600 127 655 155" STYLE_REF="5" NS="y">down</W>
			<W BOX="656 126 661 155" STYLE_REF="5">,</W>
			<Q BOX="667 126 691 154" STYLE_REF="5" QID="5">an</Q>
			<q BOX="692 126 703 154" STYLE_REF="5" QID="5">d</q>
			<QW QID="5">and</QW>
			<W BOX="712 126 752 154" STYLE_REF="5">also</W>
			<W BOX="757 125 778 154" STYLE_REF="5">to</W>
			<L BOX="65 149 778 179"/>
			<Q BOX="65 150 112 178" STYLE_REF="5" QID="6">simp</Q>
			<Q BOX="113 150 136 178" STYLE_REF="5" QID="6">lif</Q>
			<q BOX="135 151 148 179" STYLE_REF="5" QID="6">y</q>
			<QW QID="6">simplify</QW>
			<W BOX="156 151 211 179" STYLE_REF="5">those</W>
			<W BOX="219 151 267 179" STYLE_REF="5">laws</W>
			<W BOX="274 151 294 179" STYLE_REF="5">as</W>
			<W BOX="301 151 359 179" STYLE_REF="5">much</W>
			<W BOX="365 151 386 179" STYLE_REF="5">as</W>
			<W BOX="393 151 476 179" STYLE_REF="5" NS="y">possible</W>
			<W BOX="476 151 481 179" STYLE_REF="5">.</W>
			<W BOX="500 151 511 179" STYLE_REF="5">I</W>
			<W BOX="518 151 556 179" STYLE_REF="5" NS="y">find</W>
			<W BOX="560 150 565 178" STYLE_REF="5">,</W>
			<W BOX="570 150 602 179" STYLE_REF="5" NS="y">too</W>
			<W BOX="603 151 608 179" STYLE_REF="5">,</W>
			<W BOX="617 150 658 178" STYLE_REF="5">that</W>
			<W BOX="666 150 687 178" STYLE_REF="5">to</W>
			<W BOX="695 149 740 177" STYLE_REF="5">gain</W>
			<W BOX="745 149 778 177" STYLE_REF="5">the</W>
		</Primitive>
		<Primitive BOX="24 173 829 226" ID="Ar0180002" SEQ_NO="2" TOC_ENTRY_ID="18" DEPTH_LEVEL="1">
			<L BOX="65 173 777 203"/>
			<W BOX="65 174 172 202" STYLE_REF="5">confidence</W>
			<W BOX="182 174 201 202" STYLE_REF="5">of</W>
			<W BOX="210 174 254 202" STYLE_REF="5">each</W>
			<Q BOX="264 175 277 203" STYLE_REF="5" QID="7">g</Q>
			<q BOX="276 174 300 202" STYLE_REF="5" QID="7">irl</q>
			<QW QID="7">girl</QW>
			<W BOX="309 174 326 202" STYLE_REF="5">is</W>
			<W BOX="334 174 351 202" STYLE_REF="5">of</W>
			<W BOX="360 174 393 202" STYLE_REF="5">the</W>
			<Q BOX="400 174 421 202" STYLE_REF="5" QID="8">hi</Q>
			<Q BOX="421 175 435 203" STYLE_REF="5" QID="8">g</Q>
			<q BOX="434 174 475 202" STYLE_REF="5" QID="8">hest</q>
			<QW QID="8">highest</QW>
			<W BOX="484 174 600 202" STYLE_REF="5" NS="y">importance</W>
			<W BOX="600 174 605 202" STYLE_REF="5">,</W>
			<W BOX="614 174 650 202" STYLE_REF="5">and</W>
			<W BOX="659 174 679 202" STYLE_REF="5">to</W>
			<W BOX="688 173 735 201" STYLE_REF="5">treat</W>
			<W BOX="743 173 777 201" STYLE_REF="5">her</W>
			<L BOX="64 197 777 226"/>
			<W BOX="64 197 84 226" STYLE_REF="5">as</W>
			<W BOX="93 197 117 226" STYLE_REF="5">an</W>
			<Q BOX="126 197 146 226" STYLE_REF="5" QID="9">in</Q>
			<Q BOX="148 197 160 226" STYLE_REF="5" QID="9">d</Q>
			<Q BOX="160 197 187 226" STYLE_REF="5" QID="9">ivi</Q>
			<Q BOX="189 197 231 226" STYLE_REF="5" QID="9">dual</Q>
			<q BOX="249 198 286 226" STYLE_REF="5" QID="9">and</q>
			<QW QID="9">individualand</QW>
			<W BOX="294 198 327 226" STYLE_REF="5">not</W>
			<W BOX="335 198 356 226" STYLE_REF="5">as</W>
			<W BOX="365 198 400 226" STYLE_REF="5">one</W>
			<W BOX="408 198 427 226" STYLE_REF="5">of</W>
			<W BOX="440 198 451 226" STYLE_REF="5">a</W>
			<W BOX="459 198 509 226" STYLE_REF="5" NS="y">mass</W>
			<W BOX="509 198 515 226" STYLE_REF="5">.</W>
			<W BOX="540 197 550 225" STYLE_REF="5">I</W>
			<W BOX="559 197 627 225" STYLE_REF="5">cannot</W>
			<W BOX="635 197 685 225" STYLE_REF="5">treat</W>
			<W BOX="693 197 731 225" STYLE_REF="5">any</W>
			<W BOX="739 197 777 225" STYLE_REF="5">two</W>
		</Primitive>
		<Primitive BOX="24 220 829 273" ID="Ar0180003" SEQ_NO="3" TOC_ENTRY_ID="18" DEPTH_LEVEL="1">
			<L BOX="235 198 240 226"/>
			<W BOX="235 198 240 226" STYLE_REF="5">,</W>
			<L BOX="64 220 778 250"/>
			<W BOX="64 221 82 249" STYLE_REF="5">of</W>
			<W BOX="90 221 144 249" STYLE_REF="5">these</W>
			<Q BOX="152 222 164 250" STYLE_REF="5" QID="10">g</Q>
			<Q BOX="165 221 189 249" STYLE_REF="5" QID="10">irl</Q>
			<q BOX="191 221 200 249" STYLE_REF="5" QID="10">s</q>
			<QW QID="10">girls</QW>
			<Q BOX="208 221 268 249" STYLE_REF="5" QID="11">exactl</Q>
			<q BOX="268 222 282 250" STYLE_REF="5" QID="11">y</q>
			<QW QID="11">exactly</QW>
			<W BOX="289 222 333 250" STYLE_REF="5">after</W>
			<W BOX="349 221 382 249" STYLE_REF="5">the</W>
			<Q BOX="395 221 434 249" STYLE_REF="5" QID="12">sam</Q>
			<q BOX="436 221 446 249" STYLE_REF="5" QID="12">e</q>
			<QW QID="12">same</QW>
			<W BOX="460 221 534 249" STYLE_REF="5" NS="y">fashion</W>
			<W BOX="535 221 540 249" STYLE_REF="5">,</W>
			<W BOX="548 221 627 249" STYLE_REF="5">because</W>
			<W BOX="635 221 685 249" STYLE_REF="5">their</W>
			<W BOX="693 220 769 248" STYLE_REF="5" NS="y">natures</W>
			<W BOX="771 220 778 248" STYLE_REF="5">,</W>
			<L BOX="63 244 776 273"/>
			<Q BOX="63 244 142 272" STYLE_REF="5" QID="13">althoug</Q>
			<q BOX="141 245 154 273" STYLE_REF="5" QID="13">h</q>
			<QW QID="13">although</QW>
			<W BOX="162 245 213 273" STYLE_REF="5">alike</W>
			<W BOX="222 245 242 273" STYLE_REF="5">in</W>
			<W BOX="250 245 301 273" STYLE_REF="5">their</W>
			<W BOX="308 245 364 273" STYLE_REF="5">broad</W>
			<W BOX="374 245 456 273" STYLE_REF="5" NS="y">features</W>
			<W BOX="457 245 461 273" STYLE_REF="5">,</W>
			<W BOX="470 244 526 273" STYLE_REF="5">differ</W>
			<W BOX="533 244 554 273" STYLE_REF="5">in</W>
			<W BOX="560 244 593 273" STYLE_REF="5">the</W>
			<W BOX="598 244 655 273" STYLE_REF="5" NS="y">detail</W>
			<W BOX="655 244 661 273" STYLE_REF="5">.</W>
			<W BOX="687 244 698 273" STYLE_REF="5">I</W>
			<W BOX="703 244 776 272" STYLE_REF="5">receive</W>
		</Primitive>
		<Primitive BOX="24 267 829 321" ID="Ar0180004" SEQ_NO="4" TOC_ENTRY_ID="18" DEPTH_LEVEL="1">
			<L BOX="62 267 777 297"/>
			<W BOX="62 268 73 296" STYLE_REF="5">a</W>
			<W BOX="80 268 142 296" STYLE_REF="5">report</W>
			<W BOX="152 268 209 296" STYLE_REF="5">every</W>
			<W BOX="217 269 271 297" STYLE_REF="5">week</W>
			<W BOX="278 269 324 297" STYLE_REF="5">from</W>
			<W BOX="334 268 367 297" STYLE_REF="5">the</W>
			<W BOX="375 268 442 297" STYLE_REF="5">Sisters</W>
			<W BOX="451 268 470 297" STYLE_REF="5">of</W>
			<W BOX="479 268 524 297" STYLE_REF="5">each</W>
			<Q BOX="533 269 548 297" STYLE_REF="5" QID="14">g</Q>
			<q BOX="547 268 573 296" STYLE_REF="5" NS="y" QID="14">irl</q>
			<QW QID="14">girl</QW>
			<W BOX="573 268 578 296" STYLE_REF="5" NS="y">'</W>
			<W BOX="577 268 586 296" STYLE_REF="5">s</W>
			<W BOX="594 268 676 296" STYLE_REF="5" NS="y">conduct</W>
			<W BOX="677 267 682 296" STYLE_REF="5">,</W>
			<W BOX="690 267 726 295" STYLE_REF="5">but</W>
			<W BOX="734 267 750 295" STYLE_REF="5">it</W>
			<W BOX="758 267 777 295" STYLE_REF="5">is</W>
			<L BOX="62 291 775 321"/>
			<W BOX="62 292 95 320" STYLE_REF="5">not</W>
			<W BOX="103 292 151 320" STYLE_REF="5">from</W>
			<W BOX="158 292 199 320" STYLE_REF="5">this</W>
			<W BOX="206 293 260 321" STYLE_REF="5">alone</W>
			<W BOX="268 293 309 321" STYLE_REF="5">that</W>
			<W BOX="317 293 328 321" STYLE_REF="5">I</W>
			<Q BOX="334 293 368 321" STYLE_REF="5" QID="15">jud</Q>
			<q BOX="370 293 393 321" STYLE_REF="5" QID="15">ge</q>
			<QW QID="15">judge</QW>
			<W BOX="398 293 404 321" STYLE_REF="5">;</W>
			<W BOX="417 293 427 321" STYLE_REF="5">I</W>
			<Q BOX="434 292 470 320" STYLE_REF="5" QID="16">jud</Q>
			<q BOX="469 292 493 320" STYLE_REF="5" QID="16">ge</q>
			<QW QID="16">judge</QW>
			<W BOX="501 292 547 320" STYLE_REF="5">from</W>
			<W BOX="557 292 590 320" STYLE_REF="5">my</W>
			<W BOX="597 291 639 320" STYLE_REF="5">own</W>
			<W BOX="648 291 768 319" STYLE_REF="5" NS="y">observation</W>
			<W BOX="768 291 775 319" STYLE_REF="5">.</W>
		</Primitive>
		<Primitive BOX="24 315 829 368" ID="Ar0180005" SEQ_NO="5" TOC_ENTRY_ID="18" DEPTH_LEVEL="1">
			<L BOX="61 315 774 344"/>
			<W BOX="61 315 72 344" STYLE_REF="5">I</W>
			<W BOX="80 315 110 344" STYLE_REF="5">am</W>
			<Q BOX="119 315 213 344" STYLE_REF="5" QID="17">constantl</Q>
			<q BOX="213 316 226 344" STYLE_REF="5" QID="17">y</q>
			<QW QID="17">constantly</QW>
			<W BOX="234 316 319 344" STYLE_REF="5">amongst</W>
			<W BOX="326 316 379 344" STYLE_REF="5" NS="y">them</W>
			<W BOX="381 316 386 344" STYLE_REF="5">,</W>
			<W BOX="394 315 441 344" STYLE_REF="5">both</W>
			<W BOX="454 315 510 344" STYLE_REF="5">when</W>
			<W BOX="523 315 570 344" STYLE_REF="5">they</W>
			<W BOX="584 315 607 343" STYLE_REF="5">do</W>
			<W BOX="616 315 652 343" STYLE_REF="5">and</W>
			<W BOX="661 315 719 343" STYLE_REF="5">when</W>
			<W BOX="727 315 774 343" STYLE_REF="5">they</W>
			<L BOX="62 338 777 368"/>
			<W BOX="62 339 85 367" STYLE_REF="5">do</W>
			<W BOX="93 339 127 367" STYLE_REF="5">not</W>
			<W BOX="136 339 204 367" STYLE_REF="5">expect</W>
			<W BOX="213 340 242 368" STYLE_REF="5" NS="y">me</W>
			<W BOX="242 340 248 368" STYLE_REF="5">.</W>
			<W BOX="274 340 333 368" STYLE_REF="5">These</W>
			<Q BOX="342 340 378 368" STYLE_REF="5" QID="18">app</Q>
			<Q BOX="379 339 397 367" STYLE_REF="5" QID="18">le</Q>
			<Q BOX="397 339 406 367" STYLE_REF="5" LH="y" QID="18">-</Q>
			<q BOX="406 339 453 367" STYLE_REF="5" QID="18">trees</q>
			<QW QID="18">apple-trees</QW>
			<Q BOX="462 339 512 367" STYLE_REF="5" QID="19">were</Q>
			<q BOX="526 339 546 367" STYLE_REF="5" QID="19">as</q>
			<QW QID="19">wereas</QW>
			<W BOX="559 339 569 367" STYLE_REF="5">I</W>
			<W BOX="581 339 620 367" STYLE_REF="5" NS="y">said</W>
			<W BOX="623 339 627 367" STYLE_REF="5">,</W>
			<W BOX="636 338 647 366" STYLE_REF="5">a</W>
			<W BOX="655 338 708 366" STYLE_REF="5">great</W>
			<Q BOX="717 338 769 366" STYLE_REF="5" QID="20">stum</Q>
			<Q BOX="769 338 777 366" STYLE_REF="5" LH="y" QID="20">-</Q>
		</Primitive>
		<Primitive BOX="24 362 829 415" ID="Ar0180006" SEQ_NO="6" TOC_ENTRY_ID="18" DEPTH_LEVEL="1">
			<L BOX="512 339 517 367"/>
			<q BOX="512 339 517 367" STYLE_REF="5" QID="20">,</q>
			<QW QID="20">stum-,</QW>
			<L BOX="60 362 774 392"/>
			<Q BOX="60 363 113 391" STYLE_REF="5" QID="21">bling</Q>
			<Q BOX="113 363 122 391" STYLE_REF="5" LH="y" QID="21">-</Q>
			<Q BOX="122 363 142 391" STYLE_REF="5" QID="21">bl</Q>
			<Q BOX="142 363 153 392" STYLE_REF="5" QID="21">o</Q>
			<q BOX="154 363 176 392" STYLE_REF="5" QID="21">ck</q>
			<QW QID="21">bling-block</QW>
			<W BOX="186 363 210 392" STYLE_REF="5">on</W>
			<W BOX="219 363 250 392" STYLE_REF="5">my</W>
			<W BOX="259 363 327 392" STYLE_REF="5" NS="y">arrival</W>
			<W BOX="327 363 333 392" STYLE_REF="5">.</W>
			<W BOX="358 363 412 392" STYLE_REF="5">They</W>
			<W BOX="428 363 477 392" STYLE_REF="5">were</W>
			<Q BOX="489 363 521 392" STYLE_REF="5" QID="22">leg</Q>
			<q BOX="521 362 588 391" STYLE_REF="5" QID="22">islated</q>
			<QW QID="22">legislated</QW>
			<W BOX="602 362 675 391" STYLE_REF="5" NS="y">against</W>
			<W BOX="676 362 682 390" STYLE_REF="5">,</W>
			<W BOX="690 362 723 390" STYLE_REF="5">but</W>
			<W BOX="732 362 774 390" STYLE_REF="5">that</W>
			<L BOX="59 385 773 415"/>
			<Q BOX="59 387 67 415" STYLE_REF="5" QID="23">"</Q>
			<q BOX="67 387 98 415" STYLE_REF="5" QID="23">was</q>
			<QW QID="23">"was</QW>
			<W BOX="105 387 124 415" STYLE_REF="5">of</W>
			<W BOX="133 387 158 415" STYLE_REF="5">no</W>
			<W BOX="165 387 216 415" STYLE_REF="5" NS="y">avail</W>
			<W BOX="216 387 222 415" STYLE_REF="5">.</W>
			<W BOX="248 387 297 415" STYLE_REF="5">Such</W>
			<W BOX="305 387 316 415" STYLE_REF="5">a</W>
			<W BOX="324 387 371 415" STYLE_REF="5">state</W>
			<W BOX="380 387 399 415" STYLE_REF="5">of</W>
			<W BOX="407 387 468 415" STYLE_REF="5">affairs</W>
			<Q BOX="477 387 530 415" STYLE_REF="5" QID="24">woul</Q>
			<q BOX="530 387 542 415" STYLE_REF="5" QID="24">d</q>
			<QW QID="24">would</QW>
			<W BOX="554 387 613 415" STYLE_REF="5">never</W>
			<W BOX="621 387 645 415" STYLE_REF="5">do</W>
			<W BOX="651 387 656 415" STYLE_REF="5">:</W>
			<W BOX="670 387 681 415" STYLE_REF="5">I</W>
			<W BOX="691 385 746 414" STYLE_REF="5">made</W>
			<W BOX="756 385 773 414" STYLE_REF="5">it</W>
		</Primitive>
		<Primitive BOX="24 409 829 463" ID="Ar0180007" SEQ_NO="7" TOC_ENTRY_ID="18" DEPTH_LEVEL="1">
			<L BOX="58 409 775 440"/>
			<W BOX="58 410 128 438" STYLE_REF="5" NS="y">known</W>
			<W BOX="130 410 135 439" STYLE_REF="5">,</W>
			<W BOX="143 411 235 439" STYLE_REF="5" NS="y">therefore</W>
			<W BOX="238 411 243 439" STYLE_REF="5">,</W>
			<W BOX="249 411 291 439" STYLE_REF="5">that</W>
			<W BOX="298 411 324 439" STYLE_REF="5">all</W>
			<Q BOX="332 411 369 439" STYLE_REF="5" QID="25">app</Q>
			<q BOX="368 411 388 439" STYLE_REF="5" QID="25">le</q>
			<QW QID="25">apple</QW>
			<Q BOX="395 412 408 440" STYLE_REF="5" QID="26">p</Q>
			<q BOX="409 410 486 439" STYLE_REF="5" QID="26">ilfering</q>
			<QW QID="26">pilfering</QW>
			<W BOX="494 410 534 439" STYLE_REF="5">was</W>
			<W BOX="548 410 558 439" STYLE_REF="5">a</W>
			<W BOX="573 410 627 439" STYLE_REF="5">cause</W>
			<W BOX="640 410 658 439" STYLE_REF="5">of</W>
			<W BOX="673 409 726 438" STYLE_REF="5">great</W>
			<Q BOX="735 409 765 437" STYLE_REF="5" QID="27">dis</Q>
			<Q BOX="766 409 775 437" STYLE_REF="5" QID="27">-</Q>
			<L BOX="59 433 772 463"/>
			<Q BOX="59 434 72 462" STYLE_REF="5" QID="27">p</Q>
			<q BOX="72 434 145 462" STYLE_REF="5" QID="27">leasure</q>
			<QW QID="27">displeasure</QW>
			<W BOX="154 434 173 463" STYLE_REF="5">to</W>
			<W BOX="181 434 213 463" STYLE_REF="5">me</W>
			<W BOX="219 434 224 463" STYLE_REF="5">;</W>
			<W BOX="236 434 273 463" STYLE_REF="5">and</W>
			<W BOX="282 434 292 463" STYLE_REF="5">I</W>
			<W BOX="305 434 396 463" STYLE_REF="5">therefore</W>
			<W BOX="411 434 447 463" STYLE_REF="5">put</W>
			<W BOX="458 434 491 463" STYLE_REF="5">the</W>
			<Q BOX="504 434 518 463" STYLE_REF="5" QID="28">g</Q>
			<Q BOX="517 434 541 462" STYLE_REF="5" QID="28">irl</Q>
			<q BOX="543 434 552 462" STYLE_REF="5" QID="28">s</q>
			<QW QID="28">girls</QW>
			<W BOX="566 434 616 462" STYLE_REF="5">upon</W>
			<W BOX="629 434 679 462" STYLE_REF="5">their</W>
			<W BOX="692 433 765 461" STYLE_REF="5" NS="y">honour</W>
			<W BOX="765 433 772 461" STYLE_REF="5">.</W>
		</Primitive>
		<Primitive BOX="24 456 829 511" ID="Ar0180008" SEQ_NO="8" TOC_ENTRY_ID="18" DEPTH_LEVEL="1">
			<L BOX="58 456 772 486"/>
			<W BOX="58 457 104 485" STYLE_REF="5">This</W>
			<W BOX="118 458 163 486" STYLE_REF="5">year</W>
			<W BOX="178 458 217 486" STYLE_REF="5">you</W>
			<W BOX="229 458 259 486" STYLE_REF="5">see</W>
			<Q BOX="269 458 278 486" STYLE_REF="5" QID="29">"</Q>
			<q BOX="277 458 319 486" STYLE_REF="5" QID="29">what</q>
			<QW QID="29">"what</QW>
			<W BOX="333 458 343 486" STYLE_REF="5">a</W>
			<W BOX="357 458 400 486" STYLE_REF="5">crop</W>
			<W BOX="414 458 443 486" STYLE_REF="5">we</W>
			<W BOX="455 458 504 486" STYLE_REF="5" NS="y">have</W>
			<W BOX="505 457 510 485" STYLE_REF="5">,</W>
			<W BOX="519 457 556 485" STYLE_REF="5">and</W>
			<W BOX="571 457 603 485" STYLE_REF="5">the</W>
			<W BOX="614 457 710 485" STYLE_REF="5">windfalls</W>
			<W BOX="722 456 772 484" STYLE_REF="5">have</W>
			<L BOX="57 480 770 511"/>
			<W BOX="57 481 96 509" STYLE_REF="5">lain</W>
			<Q BOX="111 481 156 509" STYLE_REF="5" QID="30">safel</Q>
			<q BOX="157 482 170 511" STYLE_REF="5" QID="30">y</q>
			<QW QID="30">safely</QW>
			<W BOX="183 482 264 510" STYLE_REF="5">beneath</W>
			<W BOX="281 482 313 510" STYLE_REF="5">the</W>
			<W BOX="327 482 377 510" STYLE_REF="5" NS="y">trees</W>
			<W BOX="377 482 384 510" STYLE_REF="5">.</W>
			<W BOX="413 481 424 509" STYLE_REF="5">I</W>
			<W BOX="438 481 494 509" STYLE_REF="5" NS="y">know</W>
			<W BOX="495 481 500 509" STYLE_REF="5">,</W>
			<Q BOX="516 481 528 509" STYLE_REF="5" QID="31">h</Q>
			<Q BOX="530 483 541 508" STYLE_REF="14" QID="31">o</Q>
			<q BOX="542 483 603 508" STYLE_REF="14" NS="y" QID="31">wever</q>
			<QW QID="31">however</QW>
			<W BOX="604 481 609 509" STYLE_REF="5">,</W>
			<Q BOX="624 481 656 509" STYLE_REF="5" QID="32">onl</Q>
			<q BOX="656 481 670 509" STYLE_REF="5" QID="32">y</q>
			<QW QID="32">only</QW>
			<W BOX="684 480 702 509" STYLE_REF="5">of</W>
			<Q BOX="717 480 737 508" STYLE_REF="5" QID="33">th</Q>
			<q BOX="739 480 770 508" STYLE_REF="5" QID="33">ree</q>
			<QW QID="33">three</QW>
		</Primitive>
		<Primitive BOX="24 504 829 558" ID="Ar0180009" SEQ_NO="9" TOC_ENTRY_ID="18" DEPTH_LEVEL="1">
			<L BOX="56 504 771 533"/>
			<Q BOX="56 505 92 533" STYLE_REF="5" QID="34">app</Q>
			<q BOX="93 505 121 533" STYLE_REF="5" QID="34">les</q>
			<QW QID="34">apples</QW>
			<W BOX="129 505 202 533" STYLE_REF="5">having</W>
			<W BOX="208 505 255 533" STYLE_REF="5">been</W>
			<W BOX="263 505 321 533" STYLE_REF="5">taken</W>
			<W BOX="329 505 369 533" STYLE_REF="5">this</W>
			<W BOX="376 504 455 533" STYLE_REF="5" NS="y">autumn</W>
			<W BOX="455 504 462 533" STYLE_REF="5">.</W>
			<W BOX="485 504 496 533" STYLE_REF="5">I</W>
			<W BOX="504 504 580 533" STYLE_REF="5">noticed</W>
			<W BOX="588 504 603 533" STYLE_REF="5">C</W>
			<W BOX="653 504 658 532" STYLE_REF="5">,</W>
			<W BOX="667 504 703 532" STYLE_REF="5">one</W>
			<W BOX="711 504 729 532" STYLE_REF="5">of</W>
			<W BOX="737 504 771 532" STYLE_REF="5">the</W>
			<L BOX="56 528 771 558"/>
			<W BOX="56 529 142 557" STYLE_REF="5">prettiest</W>
			<W BOX="152 529 188 557" STYLE_REF="5">and</W>
			<W BOX="197 529 245 558" STYLE_REF="5">most</W>
			<Q BOX="253 529 308 557" STYLE_REF="5" QID="35">intell</Q>
			<Q BOX="308 529 316 557" STYLE_REF="5" QID="35">i</Q>
			<q BOX="315 529 361 557" STYLE_REF="5" QID="35">gent</q>
			<QW QID="35">intelligent</QW>
			<W BOX="369 529 387 557" STYLE_REF="5">of</W>
			<W BOX="395 528 428 557" STYLE_REF="5">the</W>
			<Q BOX="437 528 451 557" STYLE_REF="5" QID="36">g</Q>
			<q BOX="450 528 484 557" STYLE_REF="5" QID="36">irls</q>
			<QW QID="36">girls</QW>
			<W BOX="496 528 541 557" STYLE_REF="5" NS="y">here</W>
			<W BOX="543 528 547 556" STYLE_REF="5">,</W>
			<Q BOX="556 528 586 556" STYLE_REF="5" QID="37">ski</Q>
			<Q BOX="586 529 611 557" STYLE_REF="5" QID="37">pp</Q>
			<q BOX="612 528 646 556" STYLE_REF="5" QID="37">ing</q>
			<QW QID="37">skipping</QW>
			<W BOX="657 528 694 556" STYLE_REF="5">one</W>
			<Q BOX="708 528 762 556" STYLE_REF="5" QID="38">morn</Q>
			<Q BOX="762 528 771 556" STYLE_REF="5" QID="38">-</Q>
		</Primitive>
		<Primitive BOX="24 551 829 607" ID="Ar0180010" SEQ_NO="10" TOC_ENTRY_ID="18" DEPTH_LEVEL="1">
			<L BOX="56 551 770 581"/>
			<q BOX="56 553 90 581" STYLE_REF="5" QID="38">ing</q>
			<QW QID="38">morning</QW>
			<W BOX="102 553 127 581" STYLE_REF="5">off</W>
			<W BOX="141 553 173 581" STYLE_REF="5">the</W>
			<W BOX="186 553 238 581" STYLE_REF="5">grass</W>
			<W BOX="249 553 297 581" STYLE_REF="5">very</W>
			<Q BOX="307 553 367 581" STYLE_REF="5" QID="39">nimbl</Q>
			<q BOX="367 553 381 581" STYLE_REF="5" NS="y" QID="39">y</q>
			<QW QID="39">nimbly</QW>
			<W BOX="381 553 387 581" STYLE_REF="5">.</W>
			<W BOX="411 552 447 580" STYLE_REF="5">She</W>
			<W BOX="456 552 493 580" STYLE_REF="5">had</W>
			<W BOX="506 552 531 580" STYLE_REF="5">no</W>
			<W BOX="540 552 626 580" STYLE_REF="5">business</W>
			<W BOX="638 552 658 580" STYLE_REF="5">to</W>
			<W BOX="668 552 693 580" STYLE_REF="5">be</W>
			<W BOX="705 551 770 579" STYLE_REF="5">where</W>
			<L BOX="55 571 769 607"/>
			<W BOX="55 576 89 605" STYLE_REF="5">she</W>
			<W BOX="96 576 137 605" STYLE_REF="5" NS="y">was</W>
			<W BOX="137 576 143 605" STYLE_REF="5">.</W>
			<W BOX="165 576 175 605" STYLE_REF="5">I</W>
			<Q BOX="184 576 233 605" STYLE_REF="5" QID="40">calle</Q>
			<q BOX="233 576 245 605" STYLE_REF="5" QID="40">d</q>
			<QW QID="40">called</QW>
			<W BOX="256 576 291 605" STYLE_REF="5">her</W>
			<W BOX="299 576 319 605" STYLE_REF="5">to</W>
			<W BOX="331 576 362 605" STYLE_REF="5" NS="y">me</W>
			<W BOX="362 576 368 605" STYLE_REF="5">.</W>
			<W BOX="393 571 398 598" STYLE_REF="9">c</W>
			<W BOX="405 576 421 604" STYLE_REF="5">C</W>
			<W BOX="471 579 482 607" STYLE_REF="5">/</W>
			<W BOX="492 575 502 603" STYLE_REF="5">I</W>
			<W BOX="512 575 552 603" STYLE_REF="5" NS="y">said</W>
			<W BOX="554 575 559 603" STYLE_REF="5">,</W>
			<W BOX="571 577 578 606" STYLE_REF="5" NS="y">'</W>
			<W BOX="580 575 614 603" STYLE_REF="5">put</W>
			<W BOX="625 575 674 603" STYLE_REF="5">your</W>
			<W BOX="685 574 735 603" STYLE_REF="5">hand</W>
			<W BOX="748 574 769 603" STYLE_REF="5">in</W>
		</Primitive>
		<Primitive BOX="24 598 829 652" ID="Ar0180011" SEQ_NO="11" TOC_ENTRY_ID="18" DEPTH_LEVEL="1">
			<L BOX="56 598 768 628"/>
			<W BOX="56 600 104 628" STYLE_REF="5">your</W>
			<W BOX="112 600 181 628" STYLE_REF="5">pocket</W>
			<W BOX="190 600 226 628" STYLE_REF="5">and</W>
			<W BOX="236 600 287 628" STYLE_REF="5">show</W>
			<W BOX="295 600 326 628" STYLE_REF="5">me</W>
			<W BOX="333 600 386 628" STYLE_REF="5">what</W>
			<W BOX="399 600 437 628" STYLE_REF="5">you</W>
			<W BOX="450 600 498 628" STYLE_REF="5">have</W>
			<W BOX="512 599 544 627" STYLE_REF="5">got</W>
			<W BOX="557 599 609 627" STYLE_REF="5" NS="y">there</W>
			<W BOX="609 599 616 627" STYLE_REF="5" NS="y">.</W>
			<W BOX="617 598 622 626" STYLE_REF="5">'</W>
			<W BOX="649 598 686 626" STYLE_REF="5">She</W>
			<W BOX="699 598 768 626" STYLE_REF="5">turned</W>
			<L BOX="54 622 767 652"/>
			<W BOX="54 624 101 652" STYLE_REF="5">very</W>
			<Q BOX="113 624 148 652" STYLE_REF="5" QID="41">red</Q>
			<q BOX="162 624 200 652" STYLE_REF="5" QID="41">and</q>
			<QW QID="41">redand</QW>
			<W BOX="211 624 262 652" STYLE_REF="5">drew</W>
			<W BOX="274 624 324 652" STYLE_REF="5">forth</W>
			<W BOX="335 624 359 652" STYLE_REF="5">an</W>
			<Q BOX="369 624 406 652" STYLE_REF="5" QID="42">app</Q>
			<q BOX="406 623 425 652" STYLE_REF="5" NS="y" QID="42">le</q>
			<QW QID="42">apple</QW>
			<W BOX="425 623 432 652" STYLE_REF="5">.</W>
			<W BOX="459 623 464 651" STYLE_REF="5">*</W>
			<W BOX="471 623 485 651" STYLE_REF="5">0</W>
			<W BOX="536 623 543 651" STYLE_REF="5" NS="y">,</W>
			<W BOX="542 622 547 651" STYLE_REF="5">'</W>
			<W BOX="556 622 566 651" STYLE_REF="5">I</W>
			<W BOX="580 622 682 651" STYLE_REF="5" NS="y">continued</W>
			<W BOX="684 622 689 651" STYLE_REF="5">,</W>
			<W BOX="700 624 705 652" STYLE_REF="5">'</W>
			<W BOX="712 622 722 651" STYLE_REF="5">I</W>
			<W BOX="737 622 767 651" STYLE_REF="5">am</W>
		</Primitive>
		<Primitive BOX="24 646 829 700" ID="Ar0180012" SEQ_NO="12" TOC_ENTRY_ID="18" DEPTH_LEVEL="1">
			<L BOX="149 624 154 652"/>
			<W BOX="149 624 154 652" STYLE_REF="5">,</W>
			<L BOX="53 646 772 676"/>
			<W BOX="53 647 141 676" STYLE_REF="5">ashamed</W>
			<W BOX="149 647 166 676" STYLE_REF="5">of</W>
			<W BOX="175 648 214 676" STYLE_REF="5">you</W>
			<W BOX="222 648 227 676" STYLE_REF="5">!</W>
			<W BOX="239 648 326 676" STYLE_REF="5">ashamed</W>
			<W BOX="335 648 352 676" STYLE_REF="5">of</W>
			<W BOX="361 647 409 676" STYLE_REF="5">your</W>
			<W BOX="417 647 476 675" STYLE_REF="5">doing</W>
			<W BOX="484 647 531 675" STYLE_REF="5">such</W>
			<W BOX="539 647 549 675" STYLE_REF="5">a</W>
			<W BOX="558 647 612 675" STYLE_REF="5" NS="y">mean</W>
			<W BOX="614 646 619 674" STYLE_REF="5">,</W>
			<W BOX="628 646 693 675" STYLE_REF="5">paltry</W>
			<W BOX="701 646 757 674" STYLE_REF="5" NS="y">thing</W>
			<W BOX="762 646 772 674" STYLE_REF="5">!</W>
			<L BOX="53 670 766 700"/>
			<W BOX="53 671 74 700" STYLE_REF="5">to</W>
			<W BOX="86 671 144 700" STYLE_REF="5">break</W>
			<W BOX="159 671 192 700" STYLE_REF="5">my</W>
			<W BOX="207 672 256 700" STYLE_REF="5">trust</W>
			<W BOX="270 672 291 700" STYLE_REF="5">in</W>
			<W BOX="304 671 342 699" STYLE_REF="5">you</W>
			<W BOX="349 671 382 699" STYLE_REF="6">for</W>
			<W BOX="395 671 404 699" STYLE_REF="6">a</W>
			<W BOX="420 671 462 699" STYLE_REF="6">mere</W>
			<Q BOX="476 671 505 699" STYLE_REF="6" QID="43">app</Q>
			<q BOX="510 670 530 698" STYLE_REF="6" NS="y" QID="43">le</q>
			<QW QID="43">apple</QW>
			<W BOX="530 670 537 698" STYLE_REF="6">!</W>
			<W BOX="552 670 563 698" STYLE_REF="5">I</W>
			<W BOX="571 670 599 698" STYLE_REF="5">am</W>
			<W BOX="607 670 696 698" STYLE_REF="5" NS="y">ashamed</W>
			<W BOX="697 670 702 698" STYLE_REF="5">,</W>
			<W BOX="711 670 722 698" STYLE_REF="5">1</W>
			<W BOX="735 670 766 698" STYLE_REF="5">am</W>
		</Primitive>
		<Primitive BOX="24 694 829 750" ID="Ar0180013" SEQ_NO="13" TOC_ENTRY_ID="18" DEPTH_LEVEL="1">
			<L BOX="53 694 719 724"/>
			<Q BOX="53 695 169 724" STYLE_REF="5" QID="44">disappointe</Q>
			<q BOX="172 696 184 724" STYLE_REF="5" QID="44">d</q>
			<QW QID="44">disappointed</QW>
			<W BOX="193 696 259 724" STYLE_REF="5">indeed</W>
			<W BOX="266 696 272 724" STYLE_REF="5">!</W>
			<W BOX="285 695 295 723" STYLE_REF="5">I</W>
			<W BOX="303 695 393 723" STYLE_REF="5">expected</W>
			<W BOX="401 695 459 723" STYLE_REF="5">much</W>
			<W BOX="466 694 526 723" STYLE_REF="5">better</W>
			<W BOX="534 694 599 722" STYLE_REF="5">things</W>
			<W BOX="606 694 652 722" STYLE_REF="5">from</W>
			<W BOX="660 694 699 722" STYLE_REF="5">you</W>
			<Q BOX="705 694 713 722" STYLE_REF="5" QID="45">!</Q>
			<q BOX="713 694 719 722" STYLE_REF="5" QID="45">'</q>
			<QW QID="45">!'</QW>
			<L BOX="78 717 765 750"/>
			<W BOX="78 721 88 750" STYLE_REF="5">"</W>
			<W BOX="95 719 135 748" STYLE_REF="5">You</W>
			<W BOX="150 719 220 748" STYLE_REF="5">cannot</W>
			<Q BOX="232 719 283 748" STYLE_REF="5" QID="46">imag</Q>
			<Q BOX="283 719 314 747" STYLE_REF="5" QID="46">ine</Q>
			<q BOX="322 719 332 747" STYLE_REF="5" QID="46">"</q>
			<QW QID="46">imagine"</QW>
			<W BOX="342 718 425 746" STYLE_REF="5">pursued</W>
			<W BOX="436 718 469 746" STYLE_REF="5">the</W>
			<W BOX="481 718 563 746" STYLE_REF="5" NS="y">Warden</W>
			<W BOX="566 717 571 746" STYLE_REF="5">,</W>
			<W BOX="583 720 594 748" STYLE_REF="5">"</W>
			<W BOX="600 717 652 746" STYLE_REF="5">what</W>
			<W BOX="664 717 674 746" STYLE_REF="5">a</W>
			<W BOX="688 717 765 746" STYLE_REF="5">distress</W>
		</Primitive>
		<Primitive BOX="24 741 829 795" ID="Ar0180014" SEQ_NO="14" TOC_ENTRY_ID="18" DEPTH_LEVEL="1">
			<L BOX="315 719 321 747"/>
			<W BOX="315 719 321 747" STYLE_REF="5">,</W>
			<L BOX="51 741 765 771"/>
			<W BOX="51 743 90 771" STYLE_REF="5">this</W>
			<W BOX="100 743 140 771" STYLE_REF="5">was</W>
			<W BOX="152 743 171 771" STYLE_REF="5">to</W>
			<W BOX="184 743 219 771" STYLE_REF="5" NS="y">her</W>
			<W BOX="219 743 225 771" STYLE_REF="5">.</W>
			<W BOX="258 743 276 771" STYLE_REF="5">It</W>
			<W BOX="290 743 321 771" STYLE_REF="5">cut</W>
			<W BOX="335 743 369 771" STYLE_REF="5">her</W>
			<W BOX="384 743 410 771" STYLE_REF="5">up</W>
			<Q BOX="423 742 496 770" STYLE_REF="5" QID="47">fearfull</Q>
			<q BOX="499 742 513 771" STYLE_REF="5" NS="y" QID="47">y</q>
			<QW QID="47">fearfully</QW>
			<W BOX="513 742 519 771" STYLE_REF="5">,</W>
			<W BOX="535 741 614 769" STYLE_REF="5">because</W>
			<W BOX="630 741 641 769" STYLE_REF="5">I</W>
			<W BOX="653 741 692 769" STYLE_REF="5">had</W>
			<W BOX="706 741 765 769" STYLE_REF="5">never</W>
			<L BOX="51 765 765 795"/>
			<W BOX="51 766 152 795" STYLE_REF="5">concealed</W>
			<W BOX="160 766 207 795" STYLE_REF="5">from</W>
			<W BOX="216 766 249 795" STYLE_REF="5">her</W>
			<Q BOX="258 766 279 795" STYLE_REF="5" QID="48">th</Q>
			<q BOX="280 766 299 795" STYLE_REF="5" QID="48">at</q>
			<QW QID="48">that</QW>
			<W BOX="308 766 318 795" STYLE_REF="5">I</W>
			<W BOX="326 766 433 794" STYLE_REF="5">considered</W>
			<W BOX="443 766 477 794" STYLE_REF="5">her</W>
			<W BOX="485 766 496 794" STYLE_REF="5">a</W>
			<Q BOX="504 766 519 794" STYLE_REF="5" QID="49">g</Q>
			<q BOX="518 765 543 793" STYLE_REF="5" QID="49">irl</q>
			<QW QID="49">girl</QW>
			<W BOX="551 765 568 793" STYLE_REF="5">of</W>
			<Q BOX="577 765 607 793" STYLE_REF="5" QID="50">firs</Q>
			<Q BOX="611 765 618 793" STYLE_REF="5" QID="50">t</Q>
			<Q BOX="618 765 626 793" STYLE_REF="5" LH="y" QID="50">-</Q>
			<q BOX="626 765 665 793" STYLE_REF="5" QID="50">rate</q>
			<QW QID="50">first-rate</QW>
			<W BOX="674 765 757 793" STYLE_REF="5" NS="y">abilities</W>
			<W BOX="759 765 765 793" STYLE_REF="5">,</W>
		</Primitive>
		<Primitive BOX="24 788 829 842" ID="Ar0180015" SEQ_NO="15" TOC_ENTRY_ID="18" DEPTH_LEVEL="1">
			<L BOX="51 788 765 819"/>
			<W BOX="51 791 88 819" STYLE_REF="5">and</W>
			<Q BOX="104 791 168 819" STYLE_REF="5" QID="51">capabl</Q>
			<q BOX="170 791 181 819" STYLE_REF="5" QID="51">e</q>
			<QW QID="51">capable</QW>
			<W BOX="198 791 216 819" STYLE_REF="5">of</W>
			<W BOX="233 791 300 819" STYLE_REF="5">almost</W>
			<W BOX="317 790 353 818" STYLE_REF="5">any</W>
			<W BOX="370 790 508 818" STYLE_REF="5" NS="y">improvement</W>
			<W BOX="508 790 514 818" STYLE_REF="5">.</W>
			<W BOX="546 790 583 818" STYLE_REF="5">She</W>
			<W BOX="598 790 614 818" STYLE_REF="5">is</W>
			<W BOX="631 788 641 817" STYLE_REF="5">a</W>
			<Q BOX="657 788 753 817" STYLE_REF="5" QID="52">wonderfu</Q>
			<q BOX="756 788 765 817" STYLE_REF="5" QID="52">l</q>
			<QW QID="52">wonderful</QW>
			<L BOX="50 812 763 842"/>
			<W BOX="50 814 100 842" STYLE_REF="5">little</W>
			<W BOX="113 814 199 842" STYLE_REF="5" NS="y">creature</W>
			<W BOX="201 814 205 842" STYLE_REF="5">,</W>
			<Q BOX="219 814 248 842" STYLE_REF="5" QID="53">thi</Q>
			<q BOX="249 814 258 842" STYLE_REF="5" QID="53">s</q>
			<QW QID="53">this</QW>
			<Q BOX="270 814 284 842" STYLE_REF="5" QID="54">g</Q>
			<q BOX="284 814 307 842" STYLE_REF="5" NS="y" QID="54">irl</q>
			<QW QID="54">girl</QW>
			<W BOX="310 814 315 842" STYLE_REF="5">,</W>
			<W BOX="329 813 385 842" STYLE_REF="5">sharp</W>
			<W BOX="400 813 418 842" STYLE_REF="5">of</W>
			<W BOX="432 813 486 841" STYLE_REF="5" NS="y">mind</W>
			<W BOX="487 813 492 841" STYLE_REF="5">,</W>
			<W BOX="508 813 545 841" STYLE_REF="5">and</W>
			<Q BOX="562 813 586 841" STYLE_REF="5" QID="55">ag</Q>
			<q BOX="586 812 610 840" STYLE_REF="5" QID="55">ile</q>
			<QW QID="55">agile</QW>
			<W BOX="621 812 639 840" STYLE_REF="5">of</W>
			<W BOX="650 812 707 840" STYLE_REF="5" NS="y">frame</W>
			<W BOX="710 812 715 840" STYLE_REF="5">,</W>
			<W BOX="726 812 763 840" STYLE_REF="5">and</W>
		</Primitive>
		<Primitive BOX="24 836 829 891" ID="Ar0180016" SEQ_NO="16" TOC_ENTRY_ID="18" DEPTH_LEVEL="1">
			<L BOX="50 836 764 865"/>
			<W BOX="50 837 83 865" STYLE_REF="5">full</W>
			<W BOX="96 837 114 865" STYLE_REF="5">of</W>
			<W BOX="127 837 232 865" STYLE_REF="5" NS="y">emulation</W>
			<W BOX="232 837 239 865" STYLE_REF="5">.</W>
			<W BOX="262 837 300 865" STYLE_REF="5">She</W>
			<W BOX="312 837 375 865" STYLE_REF="5">would</W>
			<W BOX="387 837 411 865" STYLE_REF="5">be</W>
			<W BOX="422 837 442 865" STYLE_REF="5">at</W>
			<W BOX="454 837 486 865" STYLE_REF="5">the</W>
			<W BOX="498 837 531 865" STYLE_REF="5">top</W>
			<W BOX="545 837 563 865" STYLE_REF="5">of</W>
			<W BOX="573 836 605 865" STYLE_REF="5">the</W>
			<W BOX="616 836 655 864" STYLE_REF="5">tree</W>
			<W BOX="666 836 764 864" STYLE_REF="5">wherever</W>
			<L BOX="50 860 690 891"/>
			<W BOX="50 862 84 890" STYLE_REF="5">she</W>
			<Q BOX="91 862 117 890" STYLE_REF="5" QID="56">mi</Q>
			<Q BOX="118 862 132 891" STYLE_REF="5" QID="56">g</Q>
			<q BOX="131 862 153 890" STYLE_REF="5" QID="56">ht</q>
			<QW QID="56">might</QW>
			<W BOX="161 862 184 890" STYLE_REF="5">be</W>
			<W BOX="191 862 196 890" STYLE_REF="5">:</W>
			<W BOX="210 862 243 890" STYLE_REF="5">she</W>
			<Q BOX="251 862 285 890" STYLE_REF="5" QID="57">felt</Q>
			<Q BOX="300 861 391 889" STYLE_REF="5" QID="57">therefore</Q>
			<q BOX="406 861 439 889" STYLE_REF="5" QID="57">my</q>
			<QW QID="57">feltthereforemy</QW>
			<W BOX="448 860 606 888" STYLE_REF="5">disappointment</W>
			<Q BOX="613 860 669 888" STYLE_REF="5" QID="58">keenl</Q>
			<q BOX="669 860 683 888" STYLE_REF="5" NS="y" QID="58">y</q>
			<QW QID="58">keenly</QW>
			<W BOX="683 860 690 888" STYLE_REF="5">.</W>
		</Primitive>
		<Primitive BOX="24 883 829 937" ID="Ar0180017" SEQ_NO="17" TOC_ENTRY_ID="18" DEPTH_LEVEL="1">
			<L BOX="287 861 398 889"/>
			<W BOX="287 861 291 889" STYLE_REF="5">,</W>
			<W BOX="393 861 398 889" STYLE_REF="5">,</W>
			<L BOX="74 883 762 916"/>
			<W BOX="74 888 85 916" STYLE_REF="5">"</W>
			<W BOX="91 885 132 914" STYLE_REF="5">The</W>
			<W BOX="147 885 214 914" STYLE_REF="5">second</W>
			<Q BOX="228 885 265 914" STYLE_REF="5" QID="59">app</Q>
			<q BOX="265 884 284 913" STYLE_REF="5" QID="59">le</q>
			<QW QID="59">apple</QW>
			<W BOX="296 884 306 913" STYLE_REF="5">I</W>
			<W BOX="323 884 380 913" STYLE_REF="5" NS="y">found</W>
			<W BOX="383 884 388 912" STYLE_REF="5">,</W>
			<W BOX="405 884 455 912" STYLE_REF="5">with</W>
			<W BOX="470 884 479 912" STYLE_REF="5">a</W>
			<Q BOX="494 884 507 912" STYLE_REF="5" QID="60">p</Q>
			<q BOX="507 884 548 912" STYLE_REF="5" QID="60">iece</q>
			<QW QID="60">piece</QW>
			<W BOX="562 884 620 912" STYLE_REF="5">bitten</W>
			<W BOX="638 884 670 912" STYLE_REF="5" NS="y">out</W>
			<W BOX="671 883 677 911" STYLE_REF="5">,</W>
			<W BOX="690 883 711 911" STYLE_REF="5">in</W>
			<W BOX="727 883 762 911" STYLE_REF="5">the</W>
			<L BOX="48 907 763 937"/>
			<W BOX="48 909 120 937" STYLE_REF="5">middle</W>
			<W BOX="131 909 149 937" STYLE_REF="5">of</W>
			<W BOX="161 909 171 937" STYLE_REF="5">a</W>
			<W BOX="184 909 234 937" STYLE_REF="5">walk</W>
			<W BOX="244 909 308 937" STYLE_REF="5">where</W>
			<W BOX="319 908 354 936" STYLE_REF="5">one</W>
			<W BOX="366 907 383 936" STYLE_REF="5">of</W>
			<W BOX="395 907 428 936" STYLE_REF="5">the</W>
			<W BOX="439 907 507 936" STYLE_REF="5">classes</W>
			<W BOX="518 907 555 936" STYLE_REF="5">had</W>
			<W BOX="565 907 611 936" STYLE_REF="5">been</W>
			<W BOX="625 907 694 935" STYLE_REF="5">taking</W>
			<Q BOX="709 907 754 935" STYLE_REF="5" QID="61">exer</Q>
			<Q BOX="754 907 763 935" STYLE_REF="5" QID="61">-</Q>
		</Primitive>
		<Primitive BOX="24 931 829 986" ID="Ar0180018" SEQ_NO="18" TOC_ENTRY_ID="18" DEPTH_LEVEL="1">
			<L BOX="48 931 763 960"/>
			<q BOX="48 932 86 960" STYLE_REF="5" NS="y" QID="61">cise</q>
			<QW QID="61">exercise</QW>
			<W BOX="86 932 92 960" STYLE_REF="5">.</W>
			<W BOX="118 932 129 960" STYLE_REF="5">I</W>
			<W BOX="142 932 187 960" STYLE_REF="5">took</W>
			<W BOX="198 932 214 960" STYLE_REF="5">it</W>
			<W BOX="225 932 264 960" STYLE_REF="5">into</W>
			<W BOX="277 932 310 960" STYLE_REF="5">the</W>
			<W BOX="326 931 423 960" STYLE_REF="5">classroom</W>
			<Q BOX="443 931 558 959" STYLE_REF="5" QID="62">immediatel</Q>
			<q BOX="558 931 571 959" STYLE_REF="5" NS="y" QID="62">y</q>
			<QW QID="62">immediately</QW>
			<W BOX="571 931 578 959" STYLE_REF="5">,</W>
			<W BOX="590 931 627 959" STYLE_REF="5">and</W>
			<W BOX="646 931 723 959" STYLE_REF="5">showed</W>
			<W BOX="739 931 755 959" STYLE_REF="5" NS="y">it</W>
			<W BOX="756 931 763 959" STYLE_REF="5">,</W>
			<L BOX="45 954 761 986"/>
			<Q BOX="45 958 80 986" STYLE_REF="5" QID="63">say</Q>
			<q BOX="80 957 113 985" STYLE_REF="5" QID="63">ing</q>
			<QW QID="63">saying</QW>
			<W BOX="128 957 170 985" STYLE_REF="5">that</W>
			<W BOX="186 957 198 985" STYLE_REF="5">I</W>
			<W BOX="213 956 246 985" STYLE_REF="5">felt</W>
			<W BOX="264 956 368 985" STYLE_REF="5">convinced</W>
			<W BOX="384 956 435 985" STYLE_REF="5">some</W>
			<W BOX="451 956 469 984" STYLE_REF="5">of</W>
			<W BOX="485 956 520 984" STYLE_REF="5">the</W>
			<W BOX="533 955 580 983" STYLE_REF="5">class</W>
			<W BOX="593 955 630 983" STYLE_REF="5">had</W>
			<W BOX="644 955 692 983" STYLE_REF="5">been</W>
			<Q BOX="707 954 714 982" STYLE_REF="5" LH="y" QID="64">-</Q>
			<q BOX="713 954 761 982" STYLE_REF="5" QID="64">weak</q>
			<QW QID="64">-weak</QW>
		</Primitive>
		<Primitive BOX="24 978 829 1033" ID="Ar0180019" SEQ_NO="19" TOC_ENTRY_ID="18" DEPTH_LEVEL="1">
			<L BOX="46 978 759 1009"/>
			<Q BOX="46 981 107 1009" STYLE_REF="5" QID="65">enoug</Q>
			<q BOX="107 980 120 1009" STYLE_REF="5" QID="65">h</q>
			<QW QID="65">enough</QW>
			<W BOX="129 980 149 1009" STYLE_REF="5">to</W>
			<W BOX="157 980 234 1009" STYLE_REF="5">disobey</W>
			<W BOX="242 980 275 1009" STYLE_REF="5">my</W>
			<W BOX="285 979 353 1007" STYLE_REF="5" NS="y">wishes</W>
			<W BOX="353 979 359 1007" STYLE_REF="5">.</W>
			<W BOX="384 979 417 1007" STYLE_REF="5">All</W>
			<W BOX="428 979 497 1007" STYLE_REF="5" NS="y">denied</W>
			<W BOX="497 979 503 1007" STYLE_REF="5">.</W>
			<W BOX="528 979 538 1007" STYLE_REF="5">I</W>
			<W BOX="549 979 589 1007" STYLE_REF="5">said</W>
			<W BOX="600 978 639 1007" STYLE_REF="5">this</W>
			<Q BOX="648 978 680 1006" STYLE_REF="5" QID="66">onl</Q>
			<q BOX="681 978 694 1007" STYLE_REF="5" QID="66">y</q>
			<QW QID="66">only</QW>
			<W BOX="705 978 759 1007" STYLE_REF="5">made</W>
			<L BOX="45 1002 759 1033"/>
			<W BOX="45 1004 79 1033" STYLE_REF="5">the</W>
			<W BOX="94 1004 161 1033" STYLE_REF="5">matter</W>
			<W BOX="175 1004 233 1033" STYLE_REF="5">much</W>
			<W BOX="248 1004 307 1033" STYLE_REF="5" NS="y">worse</W>
			<W BOX="308 1003 313 1031" STYLE_REF="5">,</W>
			<W BOX="327 1003 406 1031" STYLE_REF="5">because</W>
			<W BOX="420 1003 475 1031" STYLE_REF="5">there</W>
			<W BOX="490 1003 530 1031" STYLE_REF="5">was</W>
			<W BOX="545 1003 579 1031" STYLE_REF="5">the</W>
			<Q BOX="592 1003 628 1031" STYLE_REF="5" QID="67">app</Q>
			<q BOX="628 1002 647 1030" STYLE_REF="5" QID="67">le</q>
			<QW QID="67">apple</QW>
			<W BOX="664 1002 712 1030" STYLE_REF="5">with</W>
			<W BOX="725 1002 759 1030" STYLE_REF="5">the</W>
		</Primitive>
		<Primitive BOX="24 1026 829 1080" ID="Ar0180020" SEQ_NO="20" TOC_ENTRY_ID="18" DEPTH_LEVEL="1">
			<L BOX="45 1026 758 1058"/>
			<Q BOX="45 1030 59 1058" STYLE_REF="5" QID="68">p</Q>
			<q BOX="59 1028 98 1056" STYLE_REF="5" QID="68">iece</q>
			<QW QID="68">piece</QW>
			<W BOX="111 1028 172 1056" STYLE_REF="5">bitten</W>
			<W BOX="187 1028 220 1056" STYLE_REF="5">out</W>
			<W BOX="235 1028 252 1056" STYLE_REF="5">of</W>
			<W BOX="265 1028 281 1056" STYLE_REF="5" NS="y">it</W>
			<W BOX="283 1028 287 1056" STYLE_REF="5">,</W>
			<W BOX="296 1027 354 1055" STYLE_REF="5">found</W>
			<W BOX="369 1027 432 1055" STYLE_REF="5">where</W>
			<W BOX="446 1026 493 1055" STYLE_REF="5">they</W>
			<Q BOX="506 1026 537 1055" STYLE_REF="5" QID="69">onl</Q>
			<q BOX="539 1027 552 1055" STYLE_REF="5" QID="69">y</q>
			<QW QID="69">only</QW>
			<W BOX="564 1026 600 1054" STYLE_REF="5">had</W>
			<W BOX="613 1026 653 1054" STYLE_REF="5">just</W>
			<W BOX="667 1026 716 1054" STYLE_REF="5">been</W>
			<W BOX="723 1026 728 1054" STYLE_REF="5">:</W>
			<W BOX="742 1026 758 1054" STYLE_REF="5">it</W>
			<L BOX="45 1050 757 1080"/>
			<W BOX="45 1052 124 1080" STYLE_REF="5">testified</W>
			<W BOX="143 1052 217 1080" STYLE_REF="5">against</W>
			<W BOX="237 1052 288 1080" STYLE_REF="5">some</W>
			<W BOX="303 1052 337 1080" STYLE_REF="5">one</W>
			<Q BOX="352 1050 426 1078" STYLE_REF="5" QID="70">present</Q>
			<Q BOX="426 1050 451 1078" STYLE_REF="5" LH="y" QID="70">�</Q>
			<q BOX="451 1050 504 1078" STYLE_REF="5" QID="70">some</q>
			<QW QID="70">present�some</QW>
			<W BOX="521 1050 556 1078" STYLE_REF="5">one</W>
			<W BOX="569 1050 632 1078" STYLE_REF="5">whose</W>
			<W BOX="647 1050 757 1078" STYLE_REF="5">conscience</W>
		</Primitive>
		<Primitive BOX="24 1073 829 1127" ID="Ar0180021" SEQ_NO="21" TOC_ENTRY_ID="18" DEPTH_LEVEL="1">
			<L BOX="44 1073 757 1103"/>
			<W BOX="44 1075 96 1103" STYLE_REF="5">must</W>
			<W BOX="108 1075 133 1103" STYLE_REF="5">be</W>
			<W BOX="146 1075 190 1103" STYLE_REF="5">now</W>
			<Q BOX="202 1075 313 1103" STYLE_REF="5" QID="71">reproachin</Q>
			<q BOX="312 1075 326 1103" STYLE_REF="5" QID="71">g</q>
			<QW QID="71">reproaching</QW>
			<W BOX="339 1073 393 1102" STYLE_REF="5">them</W>
			<W BOX="405 1073 455 1102" STYLE_REF="5">with</W>
			<W BOX="467 1073 561 1102" STYLE_REF="5" NS="y">falsehood</W>
			<W BOX="561 1073 567 1102" STYLE_REF="5">.</W>
			<W BOX="593 1073 603 1102" STYLE_REF="5">I</W>
			<W BOX="616 1073 646 1102" STYLE_REF="5">left</W>
			<W BOX="666 1073 720 1102" STYLE_REF="5">them</W>
			<W BOX="736 1073 757 1102" STYLE_REF="5">to</W>
			<L BOX="43 1097 758 1127"/>
			<W BOX="43 1099 68 1127" STYLE_REF="5">be</W>
			<Q BOX="80 1099 112 1127" STYLE_REF="5" QID="72">jud</Q>
			<q BOX="114 1099 151 1127" STYLE_REF="5" QID="72">ged</q>
			<QW QID="72">judged</QW>
			<W BOX="164 1099 190 1127" STYLE_REF="5">by</W>
			<W BOX="205 1099 248 1127" STYLE_REF="5" NS="y">God</W>
			<W BOX="248 1099 252 1127" STYLE_REF="5" NS="y">'</W>
			<W BOX="252 1098 262 1126" STYLE_REF="5">s</W>
			<W BOX="276 1098 329 1126" STYLE_REF="5">voice</W>
			<W BOX="341 1097 410 1125" STYLE_REF="5">within</W>
			<W BOX="422 1097 475 1125" STYLE_REF="5" NS="y">them</W>
			<W BOX="475 1097 482 1125" STYLE_REF="5">.</W>
			<W BOX="506 1097 546 1125" STYLE_REF="5">One</W>
			<W BOX="560 1097 577 1125" STYLE_REF="5">of</W>
			<W BOX="591 1097 622 1125" STYLE_REF="5">the</W>
			<W BOX="637 1097 696 1125" STYLE_REF="5">oldest</W>
			<Q BOX="709 1097 723 1125" STYLE_REF="5" QID="73">g</Q>
			<Q BOX="722 1097 746 1125" STYLE_REF="5" QID="73">irl</Q>
			<q BOX="747 1097 758 1125" STYLE_REF="5" QID="73">s</q>
			<QW QID="73">girls</QW>
		</Primitive>
		<Primitive BOX="24 1121 829 1175" ID="Ar0180022" SEQ_NO="22" TOC_ENTRY_ID="18" DEPTH_LEVEL="1">
			<L BOX="44 1121 759 1151"/>
			<W BOX="44 1122 63 1151" STYLE_REF="5">of</W>
			<W BOX="77 1122 108 1151" STYLE_REF="5">the</W>
			<W BOX="121 1122 168 1151" STYLE_REF="5">class</W>
			<W BOX="182 1122 235 1151" STYLE_REF="5">burst</W>
			<W BOX="249 1122 281 1151" STYLE_REF="5">out</W>
			<Q BOX="295 1122 326 1150" STYLE_REF="5" QID="74">cry</Q>
			<q BOX="329 1122 362 1150" STYLE_REF="5" NS="y" QID="74">ing</q>
			<QW QID="74">crying</QW>
			<W BOX="370 1122 375 1150" STYLE_REF="5">:</W>
			<Q BOX="390 1122 394 1150" STYLE_REF="5" QID="75">'</Q>
			<q BOX="395 1122 428 1150" STYLE_REF="5" NS="y" QID="75">Oh</q>
			<QW QID="75">'Oh</QW>
			<W BOX="431 1121 437 1149" STYLE_REF="5">,</W>
			<W BOX="445 1121 526 1149" STYLE_REF="5" NS="y">Warden</W>
			<W BOX="534 1121 540 1149" STYLE_REF="5">!</W>
			<W BOX="553 1121 562 1149" STYLE_REF="5">I</W>
			<W BOX="575 1121 607 1149" STYLE_REF="5">did</W>
			<W BOX="620 1121 640 1149" STYLE_REF="5" NS="y">it</W>
			<W BOX="640 1121 650 1149" STYLE_REF="5">!</W>
			<W BOX="665 1121 675 1149" STYLE_REF="5">I</W>
			<W BOX="688 1121 720 1149" STYLE_REF="5">did</W>
			<W BOX="730 1121 749 1149" STYLE_REF="5" NS="y">it</W>
			<W BOX="749 1121 759 1149" STYLE_REF="5">!</W>
			<L BOX="43 1144 756 1175"/>
			<W BOX="43 1146 69 1174" STYLE_REF="5" NS="y">oh</W>
			<W BOX="70 1146 75 1174" STYLE_REF="5">,</W>
			<Q BOX="90 1146 121 1174" STYLE_REF="5" QID="76">wh</Q>
			<q BOX="121 1147 135 1175" STYLE_REF="5" QID="76">y</q>
			<QW QID="76">why</QW>
			<W BOX="149 1146 181 1174" STYLE_REF="5">did</W>
			<W BOX="197 1146 207 1174" STYLE_REF="5">I</W>
			<W BOX="222 1146 299 1174" STYLE_REF="5">disobey</W>
			<W BOX="311 1145 339 1173" STYLE_REF="5">for</W>
			<W BOX="354 1145 365 1173" STYLE_REF="5">a</W>
			<W BOX="378 1145 434 1173" STYLE_REF="5">nasty</W>
			<Q BOX="448 1145 485 1173" STYLE_REF="5" QID="77">app</Q>
			<q BOX="485 1145 503 1173" STYLE_REF="5" QID="77">le</q>
			<QW QID="77">apple</QW>
			<W BOX="509 1145 517 1173" STYLE_REF="5">?</W>
			<W BOX="533 1145 543 1173" STYLE_REF="5">I</W>
			<Q BOX="557 1145 592 1173" STYLE_REF="5" QID="78">don</Q>
			<Q BOX="594 1144 599 1173" STYLE_REF="5" QID="78">'</Q>
			<q BOX="599 1144 607 1173" STYLE_REF="5" QID="78">t</q>
			<QW QID="78">don't</QW>
			<W BOX="618 1144 675 1173" STYLE_REF="5">know</W>
			<Q BOX="687 1144 719 1172" STYLE_REF="5" QID="79">wh</Q>
			<q BOX="719 1145 732 1173" STYLE_REF="5" QID="79">y</q>
			<QW QID="79">why</QW>
			<W BOX="744 1144 756 1173" STYLE_REF="5">I</W>
		</Primitive>
		<Primitive BOX="24 1175 829 1219" ID="Ar0180023" SEQ_NO="23" TOC_ENTRY_ID="18" DEPTH_LEVEL="1">
			<L BOX="42 1166 756 1199"/>
			<W BOX="42 1171 88 1199" STYLE_REF="5">took</W>
			<W BOX="100 1171 119 1199" STYLE_REF="5" NS="y">it</W>
			<W BOX="119 1171 127 1199" STYLE_REF="5">;</W>
			<W BOX="141 1170 151 1199" STYLE_REF="5">I</W>
			<W BOX="165 1170 197 1199" STYLE_REF="6" M="2 * ">_clid</W>
			<W BOX="209 1170 242 1199" STYLE_REF="5">not</W>
			<Q BOX="253 1170 286 1199" STYLE_REF="6" QID="80">real</Q>
			<Q BOX="292 1170 297 1199" STYLE_REF="6" QID="80">l</Q>
			<q BOX="299 1171 312 1199" STYLE_REF="6" QID="80">y</q>
			<QW QID="80">really</QW>
			<W BOX="324 1169 366 1198" STYLE_REF="5">care</W>
			<W BOX="378 1169 407 1198" STYLE_REF="5">for</W>
			<W BOX="418 1169 433 1198" STYLE_REF="5" NS="y">it</W>
			<W BOX="433 1169 440 1198" STYLE_REF="5">.</W>
			<W BOX="466 1169 495 1198" STYLE_REF="5" NS="y">Oh</W>
			<W BOX="497 1169 502 1197" STYLE_REF="5">,</W>
			<Q BOX="512 1169 553 1198" STYLE_REF="5" QID="81">forg</Q>
			<q BOX="555 1169 585 1198" STYLE_REF="5" QID="81">ive</q>
			<QW QID="81">forgive</QW>
			<W BOX="598 1169 635 1197" STYLE_REF="5" NS="y">me</W>
			<W BOX="635 1169 646 1197" STYLE_REF="5" NS="y">!</W>
			<W BOX="646 1169 651 1197" STYLE_REF="5">'</W>
			<W BOX="667 1166 705 1198" STYLE_REF="22">She</W>
			<W BOX="718 1169 756 1197" STYLE_REF="5">was</W>
		</Primitive>
	</Content>
	<TOC_Entries><TOC_Entry TOC_ENTRY_ID="39" TITLE=". at A few This High days institution ga..." ENTITY_ID_REF="Ar01800" PAGE_NO="18" PAGE_LABEL="18" PRIM_ID_REF="Ar0180000" IS_IC="true"/></TOC_Entries></XMD-entity>
