<?xml version="1.0" encoding="windows-1252" standalone="no"?>
<XMD-entity REPOSITORY_FORMAT="1.0" PRXML_VER="2.0" ENTITY_TYPE="Article" DOC_UID="EWJ_01/03/1858" DOC_VER="1" FIRST_TOC_ENTRY_ID="23" DEPTH_LEVEL="1" INDEX_IN_DOC="49" PAGE_NO="18" ID="Ar01801" BOX="24 12 829 75" LANGUAGE="English" SNP="Ar01801S.png" SNP_WIDTH="806" SNP_HEIGHT="63" LOGICAL_NAME="true">
	<Meta NAME=".18 . A HOUSE OF MEBCY ." DESCRIPTION="" SUBTYPE="" BASE_HREF="EWJ/1858/03/01" SOURCE_TYPE="TIFF" PUBLICATION="EWJ" SECTION="None" ISSUE_DATE="01/03/1858" WORDCNT="8" RELEASE_NO="041-EWJ-1858-03-01-001-SINGLE" PAGE_ID="" PAGE_TYPE="Single" PAGE_WIDTH="842" PAGE_HEIGHT="1244" DEFAULT_IMG_EXT="png" PDF_DESTINATION_MAPPED="OLV0_Entity_0018_0002" IMAGES_RESOLUTION="86" XMD_VER="2.6.238.8" PAGE_LABEL="18"/>
	<Link SOURCE="041-EWJ-1858-03-01-001-SINGLE.PDF" FIRST_ID="Ar00200" LAST_ID="Ar07201" NEXT_ID="" PREV_ID="Ar01800" TOC_ID="d:/Olive/Repository/EWJ/1858/03/01/TOC.xml"/>
	<DataFiles>
		<Files TYPE="DOC_PDF" PRESENT="1"/>
		<Files TYPE="PAGE_PDF" PRESENT="0"/>
		<Files TYPE="DOC_IMG" PRESENT="0"/>
		<Files TYPE="PAGE_IMG" PRESENT="0"/>
		<Files TYPE="PAGE_VIEW_IMG" PRESENT="1"/>
		<Files TYPE="PAGE_PREVIEW_IMG" PRESENT="1"/>
		<Files TYPE="PRIMITIVE_IMG" PRESENT="1"/>
		<Files TYPE="SNIPPET_IMG" PRESENT="1"/>
	</DataFiles>
	<Content>
		<Primitive BOX="24 12 829 75" ID="Ar0180100" SEQ_NO="0" TOC_ENTRY_ID="23" DEPTH_LEVEL="1">
			<L BOX="62 26 542 67"/>
			<W BOX="62 40 64 64" STYLE_REF="18" NS="y">.</W>
			<W BOX="68 39 92 62" STYLE_REF="18">18</W>
			<W BOX="222 38 226 61" STYLE_REF="18">.</W>
			<W BOX="306 38 321 62" STYLE_REF="7">A</W>
			<W BOX="334 38 404 62" STYLE_REF="7">HOUSE</W>
			<W BOX="418 38 446 62" STYLE_REF="7">OF</W>
			<W BOX="459 38 532 61" STYLE_REF="7">MEBCY</W>
			<W BOX="532 26 542 67" STYLE_REF="23">.</W>
		</Primitive>
	</Content>
	<TOC_Entries><TOC_Entry TOC_ENTRY_ID="40" TITLE=".18 . A HOUSE OF MEBCY ." ENTITY_ID_REF="Ar01801" PAGE_NO="18" PAGE_LABEL="18" PRIM_ID_REF="Ar0180100" IS_IC="true"/></TOC_Entries></XMD-entity>
