<?xml version="1.0" encoding="windows-1252" standalone="no"?>
<XMD-entity REPOSITORY_FORMAT="1.0" PRXML_VER="2.0" ENTITY_TYPE="Article" DOC_UID="EWJ_01/04/1858" DOC_VER="1" FIRST_TOC_ENTRY_ID="92" DEPTH_LEVEL="1" INDEX_IN_DOC="152" PAGE_NO="69" ID="Ar06901" BOX="24 12 811 93" LANGUAGE="English" SNP="Ar06901S.png" SNP_WIDTH="788" SNP_HEIGHT="81" LOGICAL_NAME="true">
	<Meta NAME="( 141 )" DESCRIPTION="" SUBTYPE="" BASE_HREF="EWJ/1858/04/01" SOURCE_TYPE="TIFF" PUBLICATION="EWJ" SECTION="None" ISSUE_DATE="01/04/1858" WORDCNT="3" RELEASE_NO="041-EWJ-1858-04-01-001-SINGLE" PAGE_ID="" PAGE_TYPE="Single" PAGE_WIDTH="823" PAGE_HEIGHT="1239" DEFAULT_IMG_EXT="png" PDF_DESTINATION_MAPPED="OLV0_Entity_0069_0002" IMAGES_RESOLUTION="86" XMD_VER="2.6.238.8" PAGE_LABEL="141"/>
	<Link SOURCE="041-EWJ-1858-04-01-001-SINGLE.PDF" FIRST_ID="Ar00200" LAST_ID="Ar07201" NEXT_ID="Ar06902" PREV_ID="Ar06900" TOC_ID="d:/Olive/Repository/EWJ/1858/04/01/TOC.xml"/>
	<DataFiles>
		<Files TYPE="DOC_PDF" PRESENT="1"/>
		<Files TYPE="PAGE_PDF" PRESENT="0"/>
		<Files TYPE="DOC_IMG" PRESENT="0"/>
		<Files TYPE="PAGE_IMG" PRESENT="0"/>
		<Files TYPE="PAGE_VIEW_IMG" PRESENT="1"/>
		<Files TYPE="PAGE_PREVIEW_IMG" PRESENT="1"/>
		<Files TYPE="PRIMITIVE_IMG" PRESENT="1"/>
		<Files TYPE="SNIPPET_IMG" PRESENT="1"/>
	</DataFiles>
	<Content>
		<Primitive BOX="24 12 811 93" ID="Ar0690100" SEQ_NO="0" TOC_ENTRY_ID="92" DEPTH_LEVEL="1">
			<L BOX="377 15 488 49"/>
			<W BOX="377 16 385 49" STYLE_REF="23">(</W>
			<W BOX="413 15 451 48" STYLE_REF="23">141</W>
			<W BOX="479 15 488 48" STYLE_REF="23">)</W>
		</Primitive>
	</Content>
	<TOC_Entries><TOC_Entry TOC_ENTRY_ID="153" TITLE="( 141 )" ENTITY_ID_REF="Ar06901" PAGE_NO="69" PAGE_LABEL="141" PRIM_ID_REF="Ar0690100" IS_IC="true"/></TOC_Entries></XMD-entity>
