<?xml version="1.0" encoding="windows-1252" standalone="no"?>
<XMD-PAGE REPOSITORY_FORMAT="1.0" PRXML_VER="2.0">
	<Meta ISSUE_DATE="01/04/1858" RELEASE_NO="041-EWJ-1858-04-01-001-SINGLE" PAGE_NO="69" NAME="" PAGE_LABEL="141" PAGE_TYPE="Single" PUBLISHER="Olive" PUBLICATION="EWJ" SOURCE_TYPE="TIFF" SOURCE_RESOLUTION="72" IMAGES_RESOLUTION="86" PAGE_THUMBNAIL_RESOLUTION="86" PAGE_PREVIEW_RESOLUTION="15" DEFAULT_IMG_EXT="png" IMG_EXT="png" PREVIEW_IMG_EXT="png" XMD_VER="2.6.238.8" PROFILE_ID="D:\pdfs\EWJ\XMD_EWJ.ini" SECTION="None" PAGE_WIDTH="823" PAGE_HEIGHT="1239" PAGES_NUMBER="72" BASE_HREF="EWJ/1858/04/01" PDF_DESTINATION_MAPPED="OLV0_Page_0069">
		<Resolutions>
			<Resolution DEFAULT="true">86</Resolution>
		</Resolutions>
	</Meta>
	<Link SOURCE="041-EWJ-1858-04-01-001-SINGLE.PDF" NEXT_SECTION="" PREV_SECTION="1"/>
	<DataFiles>
		<Files TYPE="DOC_PDF" PRESENT="1"/>
		<Files TYPE="PAGE_PDF" PRESENT="0"/>
		<Files TYPE="DOC_IMG" PRESENT="0"/>
		<Files TYPE="PAGE_IMG" PRESENT="0"/>
		<Files TYPE="PAGE_VIEW_IMG" PRESENT="1"/>
		<Files TYPE="PAGE_PREVIEW_IMG" PRESENT="1"/>
		<Files TYPE="PRIMITIVE_IMG" PRESENT="1"/>
		<Files TYPE="SNIPPET_IMG" PRESENT="1"/>
	</DataFiles>
	<Entity ENTITY_TYPE="Article" ENTITY_SUBTYPE="Section" FIRST_TOC_ENTRY_ID="93" INDEX_IN_DOC="153" DEPTH_LEVEL="1" ID="Ar06900" SIZE="Small" BOX="24 93 811 177" NEXT_SECTION="" PREV_SECTION="1" IMAGES_RESOLUTION="86" LOGICAL_NAME="true">
		<Name>XVII.�PASSING EVENTS.</Name>
		<Primitive ID="Ar0690000" BOX="24 93 811 177" ELEMENT_TYPE="HedLine_hl1" SEQ_NO="0" TOC_ENTRY_ID="93" DEPTH_LEVEL="1"/>
	</Entity>
	<Entity ENTITY_TYPE="Article" FIRST_TOC_ENTRY_ID="92" INDEX_IN_DOC="152" DEPTH_LEVEL="1" ID="Ar06901" SIZE="Small" BOX="24 12 811 93" NEXT_SECTION="" PREV_SECTION="1" IMAGES_RESOLUTION="86" LOGICAL_NAME="true">
		<Name>( 141 )</Name>
		<Primitive ID="Ar0690100" BOX="24 12 811 93" ELEMENT_TYPE="Content" SEQ_NO="0" TOC_ENTRY_ID="92" DEPTH_LEVEL="1"/>
	</Entity>
	<Entity ENTITY_TYPE="Article" FIRST_TOC_ENTRY_ID="94" INDEX_IN_DOC="154" DEPTH_LEVEL="1" ID="Ar06902" SIZE="XLarge" BOX="24 177 811 1214" NEXT_SECTION="" PREV_SECTION="1" CONTINUATION_TO="Ar07000" IMAGES_RESOLUTION="86" LOGICAL_NAME="true">
		<Name>-*. It has been said that the nation may...</Name>
		<Primitive ID="Ar0690200" BOX="24 177 811 231" ELEMENT_TYPE="Content" SEQ_NO="0" TOC_ENTRY_ID="94" DEPTH_LEVEL="1"/>
		<Primitive ID="Ar0690201" BOX="24 224 811 280" ELEMENT_TYPE="Content" SEQ_NO="1" TOC_ENTRY_ID="94" DEPTH_LEVEL="1"/>
		<Primitive ID="Ar0690202" BOX="24 268 811 343" ELEMENT_TYPE="Content" SEQ_NO="2" TOC_ENTRY_ID="94" DEPTH_LEVEL="1"/>
		<Primitive ID="Ar0690203" BOX="24 335 811 398" ELEMENT_TYPE="Content" SEQ_NO="3" TOC_ENTRY_ID="94" DEPTH_LEVEL="1"/>
		<Primitive ID="Ar0690204" BOX="24 386 811 454" ELEMENT_TYPE="Content" SEQ_NO="4" TOC_ENTRY_ID="94" DEPTH_LEVEL="1"/>
		<Primitive ID="Ar0690205" BOX="24 447 811 510" ELEMENT_TYPE="Content" SEQ_NO="5" TOC_ENTRY_ID="94" DEPTH_LEVEL="1"/>
		<Primitive ID="Ar0690206" BOX="24 503 811 566" ELEMENT_TYPE="Content" SEQ_NO="6" TOC_ENTRY_ID="94" DEPTH_LEVEL="1"/>
		<Primitive ID="Ar0690207" BOX="24 559 811 640" ELEMENT_TYPE="Content" SEQ_NO="7" TOC_ENTRY_ID="94" DEPTH_LEVEL="1"/>
		<Primitive ID="Ar0690208" BOX="24 633 811 696" ELEMENT_TYPE="Content" SEQ_NO="8" TOC_ENTRY_ID="94" DEPTH_LEVEL="1"/>
		<Primitive ID="Ar0690209" BOX="24 689 811 771" ELEMENT_TYPE="Content" SEQ_NO="9" TOC_ENTRY_ID="94" DEPTH_LEVEL="1"/>
		<Primitive ID="Ar0690210" BOX="24 764 811 827" ELEMENT_TYPE="Content" SEQ_NO="10" TOC_ENTRY_ID="94" DEPTH_LEVEL="1"/>
		<Primitive ID="Ar0690211" BOX="24 820 811 884" ELEMENT_TYPE="Content" SEQ_NO="11" TOC_ENTRY_ID="94" DEPTH_LEVEL="1"/>
		<Primitive ID="Ar0690212" BOX="24 876 811 939" ELEMENT_TYPE="Content" SEQ_NO="12" TOC_ENTRY_ID="94" DEPTH_LEVEL="1"/>
		<Primitive ID="Ar0690213" BOX="24 932 811 1014" ELEMENT_TYPE="Content" SEQ_NO="13" TOC_ENTRY_ID="94" DEPTH_LEVEL="1"/>
		<Primitive ID="Ar0690214" BOX="24 1006 811 1069" ELEMENT_TYPE="Content" SEQ_NO="14" TOC_ENTRY_ID="94" DEPTH_LEVEL="1"/>
		<Primitive ID="Ar0690215" BOX="24 1062 811 1125" ELEMENT_TYPE="Content" SEQ_NO="15" TOC_ENTRY_ID="94" DEPTH_LEVEL="1"/>
		<Primitive ID="Ar0690216" BOX="24 1118 811 1163" ELEMENT_TYPE="Content" SEQ_NO="16" TOC_ENTRY_ID="94" DEPTH_LEVEL="1"/>
		<Primitive ID="Ar0690217" BOX="24 1163 811 1214" ELEMENT_TYPE="Content" SEQ_NO="17" TOC_ENTRY_ID="94" DEPTH_LEVEL="1"/>
	</Entity>
</XMD-PAGE>
