<?xml version="1.0" encoding="windows-1252" standalone="no"?>
<XMD-PAGE REPOSITORY_FORMAT="1.0" PRXML_VER="2.0">
	<Meta ISSUE_DATE="01/03/1858" RELEASE_NO="041-EWJ-1858-03-01-001-SINGLE" PAGE_NO="63" NAME="" PAGE_LABEL="63" PAGE_TYPE="Single" PUBLISHER="Olive" PUBLICATION="EWJ" SOURCE_TYPE="TIFF" SOURCE_RESOLUTION="72" IMAGES_RESOLUTION="86" PAGE_THUMBNAIL_RESOLUTION="86" PAGE_PREVIEW_RESOLUTION="15" DEFAULT_IMG_EXT="png" IMG_EXT="png" PREVIEW_IMG_EXT="png" XMD_VER="2.6.238.8" PROFILE_ID="D:\pdfs\EWJ\XMD_EWJ.ini" SECTION="None" PAGE_WIDTH="842" PAGE_HEIGHT="1244" PAGES_NUMBER="72" BASE_HREF="EWJ/1858/03/01" PDF_DESTINATION_MAPPED="OLV0_Page_0063">
		<Resolutions>
			<Resolution DEFAULT="true">86</Resolution>
		</Resolutions>
	</Meta>
	<Link SOURCE="041-EWJ-1858-03-01-001-SINGLE.PDF" NEXT_SECTION="" PREV_SECTION="1"/>
	<DataFiles>
		<Files TYPE="DOC_PDF" PRESENT="1"/>
		<Files TYPE="PAGE_PDF" PRESENT="0"/>
		<Files TYPE="DOC_IMG" PRESENT="0"/>
		<Files TYPE="PAGE_IMG" PRESENT="0"/>
		<Files TYPE="PAGE_VIEW_IMG" PRESENT="1"/>
		<Files TYPE="PAGE_PREVIEW_IMG" PRESENT="1"/>
		<Files TYPE="PRIMITIVE_IMG" PRESENT="1"/>
		<Files TYPE="SNIPPET_IMG" PRESENT="1"/>
	</DataFiles>
	<Entity ENTITY_TYPE="Article" FIRST_TOC_ENTRY_ID="74" INDEX_IN_DOC="134" DEPTH_LEVEL="1" ID="Ar06300" SIZE="XLarge" BOX="24 102 829 751" NEXT_SECTION="" PREV_SECTION="1" CONTINUATION_FROM="Ar06200" FIRST_CHUNK="Ar05903" IMAGES_RESOLUTION="86" LOGICAL_NAME="true">
		<Name>* * 1.�The Angel John in the W House . P...</Name>
		<Primitive ID="Ar0630000" BOX="24 102 829 156" ELEMENT_TYPE="Content" SEQ_NO="0" TOC_ENTRY_ID="74" DEPTH_LEVEL="1"/>
		<Primitive ID="Ar0630001" BOX="24 150 829 202" ELEMENT_TYPE="Content" SEQ_NO="1" TOC_ENTRY_ID="74" DEPTH_LEVEL="1"/>
		<Primitive ID="Ar0630002" BOX="24 195 829 248" ELEMENT_TYPE="Content" SEQ_NO="2" TOC_ENTRY_ID="74" DEPTH_LEVEL="1"/>
		<Primitive ID="Ar0630003" BOX="24 240 829 293" ELEMENT_TYPE="Content" SEQ_NO="3" TOC_ENTRY_ID="74" DEPTH_LEVEL="1"/>
		<Primitive ID="Ar0630004" BOX="24 285 829 338" ELEMENT_TYPE="Content" SEQ_NO="4" TOC_ENTRY_ID="74" DEPTH_LEVEL="1"/>
		<Primitive ID="Ar0630005" BOX="24 335 829 398" ELEMENT_TYPE="Content" SEQ_NO="5" TOC_ENTRY_ID="74" DEPTH_LEVEL="1"/>
		<Primitive ID="Ar0630006" BOX="24 391 829 451" ELEMENT_TYPE="Content" SEQ_NO="6" TOC_ENTRY_ID="74" DEPTH_LEVEL="1"/>
		<Primitive ID="Ar0630007" BOX="24 444 829 505" ELEMENT_TYPE="Content" SEQ_NO="7" TOC_ENTRY_ID="74" DEPTH_LEVEL="1"/>
		<Primitive ID="Ar0630008" BOX="24 498 829 558" ELEMENT_TYPE="Content" SEQ_NO="8" TOC_ENTRY_ID="74" DEPTH_LEVEL="1"/>
		<Primitive ID="Ar0630009" BOX="24 551 829 612" ELEMENT_TYPE="Content" SEQ_NO="9" TOC_ENTRY_ID="74" DEPTH_LEVEL="1"/>
		<Primitive ID="Ar0630010" BOX="24 605 829 665" ELEMENT_TYPE="Content" SEQ_NO="10" TOC_ENTRY_ID="74" DEPTH_LEVEL="1"/>
		<Primitive ID="Ar0630011" BOX="24 658 829 702" ELEMENT_TYPE="Content" SEQ_NO="11" TOC_ENTRY_ID="74" DEPTH_LEVEL="1"/>
		<Primitive ID="Ar0630012" BOX="24 702 829 751" ELEMENT_TYPE="Content" SEQ_NO="12" TOC_ENTRY_ID="74" DEPTH_LEVEL="1"/>
	</Entity>
	<Entity ENTITY_TYPE="Article" FIRST_TOC_ENTRY_ID="78" INDEX_IN_DOC="138" DEPTH_LEVEL="1" ID="Ar06301" SIZE="Small" BOX="24 12 829 102" NEXT_SECTION="" PREV_SECTION="1" IMAGES_RESOLUTION="86" LOGICAL_NAME="true">
		<Name>NOTICES OF BOOKS. 63</Name>
		<Primitive ID="Ar0630100" BOX="24 12 829 102" ELEMENT_TYPE="Content" SEQ_NO="0" TOC_ENTRY_ID="78" DEPTH_LEVEL="1"/>
	</Entity>
	<Entity ENTITY_TYPE="Article" FIRST_TOC_ENTRY_ID="79" INDEX_IN_DOC="139" DEPTH_LEVEL="1" ID="Ar06302" SIZE="XLarge" BOX="24 751 829 1219" NEXT_SECTION="" PREV_SECTION="1" CONTINUATION_TO="Ar06400" IMAGES_RESOLUTION="86" LOGICAL_NAME="true">
		<Name>2.�Year After Year. By the Author of * P...</Name>
		<Primitive ID="Ar0630200" BOX="24 751 829 802" ELEMENT_TYPE="Content" SEQ_NO="0" TOC_ENTRY_ID="79" DEPTH_LEVEL="1"/>
		<Primitive ID="Ar0630201" BOX="24 802 829 858" ELEMENT_TYPE="Content" SEQ_NO="1" TOC_ENTRY_ID="79" DEPTH_LEVEL="1"/>
		<Primitive ID="Ar0630202" BOX="24 852 829 904" ELEMENT_TYPE="Content" SEQ_NO="2" TOC_ENTRY_ID="79" DEPTH_LEVEL="1"/>
		<Primitive ID="Ar0630203" BOX="24 897 829 950" ELEMENT_TYPE="Content" SEQ_NO="3" TOC_ENTRY_ID="79" DEPTH_LEVEL="1"/>
		<Primitive ID="Ar0630204" BOX="24 943 829 995" ELEMENT_TYPE="Content" SEQ_NO="4" TOC_ENTRY_ID="79" DEPTH_LEVEL="1"/>
		<Primitive ID="Ar0630205" BOX="24 989 829 1040" ELEMENT_TYPE="Content" SEQ_NO="5" TOC_ENTRY_ID="79" DEPTH_LEVEL="1"/>
		<Primitive ID="Ar0630206" BOX="24 1034 829 1087" ELEMENT_TYPE="Content" SEQ_NO="6" TOC_ENTRY_ID="79" DEPTH_LEVEL="1"/>
		<Primitive ID="Ar0630207" BOX="24 1079 829 1132" ELEMENT_TYPE="Content" SEQ_NO="7" TOC_ENTRY_ID="79" DEPTH_LEVEL="1"/>
		<Primitive ID="Ar0630208" BOX="24 1125 829 1155" ELEMENT_TYPE="Content" SEQ_NO="8" TOC_ENTRY_ID="79" DEPTH_LEVEL="1"/>
		<Primitive ID="Ar0630209" BOX="24 1155 829 1219" ELEMENT_TYPE="Content" SEQ_NO="9" TOC_ENTRY_ID="79" DEPTH_LEVEL="1"/>
	</Entity>
</XMD-PAGE>