<?xml version="1.0" encoding="windows-1252" standalone="no"?>
<XMD-entity REPOSITORY_FORMAT="1.0" PRXML_VER="2.0" ENTITY_TYPE="Article" DOC_UID="EWJ_01/04/1858" DOC_VER="1" FIRST_TOC_ENTRY_ID="80" DEPTH_LEVEL="1" INDEX_IN_DOC="135" PAGE_NO="61" ID="Ar06101" BOX="24 12 811 102" LANGUAGE="English" SNP="Ar06101S.png" SNP_WIDTH="788" SNP_HEIGHT="91" LOGICAL_NAME="true">
	<Meta NAME="NOTICES OF BOOKS, 133" DESCRIPTION="" SUBTYPE="" BASE_HREF="EWJ/1858/04/01" SOURCE_TYPE="TIFF" PUBLICATION="EWJ" SECTION="None" ISSUE_DATE="01/04/1858" WORDCNT="5" RELEASE_NO="041-EWJ-1858-04-01-001-SINGLE" PAGE_ID="" PAGE_TYPE="Single" PAGE_WIDTH="823" PAGE_HEIGHT="1239" DEFAULT_IMG_EXT="png" PDF_DESTINATION_MAPPED="OLV0_Entity_0061_0002" IMAGES_RESOLUTION="86" XMD_VER="2.6.238.8" PAGE_LABEL="133"/>
	<Link SOURCE="041-EWJ-1858-04-01-001-SINGLE.PDF" FIRST_ID="Ar00200" LAST_ID="Ar07201" NEXT_ID="" PREV_ID="Ar06100" TOC_ID="d:/Olive/Repository/EWJ/1858/04/01/TOC.xml"/>
	<DataFiles>
		<Files TYPE="DOC_PDF" PRESENT="1"/>
		<Files TYPE="PAGE_PDF" PRESENT="0"/>
		<Files TYPE="DOC_IMG" PRESENT="0"/>
		<Files TYPE="PAGE_IMG" PRESENT="0"/>
		<Files TYPE="PAGE_VIEW_IMG" PRESENT="1"/>
		<Files TYPE="PAGE_PREVIEW_IMG" PRESENT="1"/>
		<Files TYPE="PRIMITIVE_IMG" PRESENT="1"/>
		<Files TYPE="SNIPPET_IMG" PRESENT="1"/>
	</DataFiles>
	<Content>
		<Primitive BOX="24 12 811 102" ID="Ar0610100" SEQ_NO="0" TOC_ENTRY_ID="80" DEPTH_LEVEL="1">
			<L BOX="298 67 743 94"/>
			<Q BOX="298 69 372 94" STYLE_REF="10" QID="1">NOTICE</Q>
			<q BOX="373 69 383 94" STYLE_REF="10" QID="1">S</q>
			<QW QID="1">NOTICES</QW>
			<W BOX="396 68 422 93" STYLE_REF="10">OF</W>
			<W BOX="435 67 502 92" STYLE_REF="10" NS="y">BOOKS</W>
			<W BOX="502 67 506 92" STYLE_REF="10">,</W>
			<W BOX="705 68 743 93" STYLE_REF="10">133</W>
		</Primitive>
	</Content>
	<TOC_Entries><TOC_Entry TOC_ENTRY_ID="134" TITLE="NOTICES OF BOOKS, 133" ENTITY_ID_REF="Ar06101" PAGE_NO="61" PAGE_LABEL="133" PRIM_ID_REF="Ar0610100" IS_IC="true"/></TOC_Entries></XMD-entity>
