<?xml version="1.0" encoding="windows-1252" standalone="no"?>
<XMD-PAGE REPOSITORY_FORMAT="1.0" PRXML_VER="2.0">
	<Meta ISSUE_DATE="01/04/1858" RELEASE_NO="041-EWJ-1858-04-01-001-SINGLE" PAGE_NO="61" NAME="" PAGE_LABEL="133" PAGE_TYPE="Single" PUBLISHER="Olive" PUBLICATION="EWJ" SOURCE_TYPE="TIFF" SOURCE_RESOLUTION="72" IMAGES_RESOLUTION="86" PAGE_THUMBNAIL_RESOLUTION="86" PAGE_PREVIEW_RESOLUTION="15" DEFAULT_IMG_EXT="png" IMG_EXT="png" PREVIEW_IMG_EXT="png" XMD_VER="2.6.238.8" PROFILE_ID="D:\pdfs\EWJ\XMD_EWJ.ini" SECTION="None" PAGE_WIDTH="823" PAGE_HEIGHT="1239" PAGES_NUMBER="72" BASE_HREF="EWJ/1858/04/01" PDF_DESTINATION_MAPPED="OLV0_Page_0061">
		<Resolutions>
			<Resolution DEFAULT="true">86</Resolution>
		</Resolutions>
	</Meta>
	<Link SOURCE="041-EWJ-1858-04-01-001-SINGLE.PDF" NEXT_SECTION="" PREV_SECTION="1"/>
	<DataFiles>
		<Files TYPE="DOC_PDF" PRESENT="1"/>
		<Files TYPE="PAGE_PDF" PRESENT="0"/>
		<Files TYPE="DOC_IMG" PRESENT="0"/>
		<Files TYPE="PAGE_IMG" PRESENT="0"/>
		<Files TYPE="PAGE_VIEW_IMG" PRESENT="1"/>
		<Files TYPE="PAGE_PREVIEW_IMG" PRESENT="1"/>
		<Files TYPE="PRIMITIVE_IMG" PRESENT="1"/>
		<Files TYPE="SNIPPET_IMG" PRESENT="1"/>
	</DataFiles>
	<Entity ENTITY_TYPE="Article" FIRST_TOC_ENTRY_ID="78" INDEX_IN_DOC="132" DEPTH_LEVEL="1" ID="Ar06100" SIZE="XLarge" BOX="24 102 811 1214" NEXT_SECTION="" PREV_SECTION="1" CONTINUATION_TO="Ar06200" CONTINUATION_FROM="Ar06000" FIRST_CHUNK="Ar05901" IMAGES_RESOLUTION="86" LOGICAL_NAME="true">
		<Name>FOREIGN MTERATURE.</Name>
		<Primitive ID="Ar0610000" BOX="24 102 811 158" ELEMENT_TYPE="Content" SEQ_NO="0" TOC_ENTRY_ID="78" DEPTH_LEVEL="1"/>
		<Primitive ID="Ar0610001" BOX="24 154 811 204" ELEMENT_TYPE="Content" SEQ_NO="1" TOC_ENTRY_ID="78" DEPTH_LEVEL="1"/>
		<Primitive ID="Ar0610002" BOX="24 199 811 248" ELEMENT_TYPE="Content" SEQ_NO="2" TOC_ENTRY_ID="78" DEPTH_LEVEL="1"/>
		<Primitive ID="Ar0610003" BOX="24 244 811 294" ELEMENT_TYPE="Content" SEQ_NO="3" TOC_ENTRY_ID="78" DEPTH_LEVEL="1"/>
		<Primitive ID="Ar0610004" BOX="24 289 811 337" ELEMENT_TYPE="Content" SEQ_NO="4" TOC_ENTRY_ID="78" DEPTH_LEVEL="1"/>
		<Primitive ID="Ar0610005" BOX="24 334 811 383" ELEMENT_TYPE="Content" SEQ_NO="5" TOC_ENTRY_ID="78" DEPTH_LEVEL="1"/>
		<Primitive ID="Ar0610006" BOX="24 379 811 427" ELEMENT_TYPE="Content" SEQ_NO="6" TOC_ENTRY_ID="78" DEPTH_LEVEL="1"/>
		<Primitive ID="Ar0610007" BOX="24 424 811 472" ELEMENT_TYPE="Content" SEQ_NO="7" TOC_ENTRY_ID="78" DEPTH_LEVEL="1"/>
		<Primitive ID="Ar0610008" BOX="24 467 811 517" ELEMENT_TYPE="Content" SEQ_NO="8" TOC_ENTRY_ID="78" DEPTH_LEVEL="1"/>
		<Primitive ID="Ar0610009" BOX="24 513 811 562" ELEMENT_TYPE="Content" SEQ_NO="9" TOC_ENTRY_ID="78" DEPTH_LEVEL="1"/>
		<Primitive ID="Ar0610010" BOX="24 559 811 637" ELEMENT_TYPE="Content" SEQ_NO="10" TOC_ENTRY_ID="78" DEPTH_LEVEL="1"/>
		<Primitive ID="Ar0610011" BOX="24 628 811 690" ELEMENT_TYPE="Content" SEQ_NO="11" TOC_ENTRY_ID="78" DEPTH_LEVEL="1"/>
		<Primitive ID="Ar0610012" BOX="24 681 811 763" ELEMENT_TYPE="Content" SEQ_NO="12" TOC_ENTRY_ID="78" DEPTH_LEVEL="1"/>
		<Primitive ID="Ar0610013" BOX="24 753 811 815" ELEMENT_TYPE="Content" SEQ_NO="13" TOC_ENTRY_ID="78" DEPTH_LEVEL="1"/>
		<Primitive ID="Ar0610014" BOX="24 806 811 886" ELEMENT_TYPE="Content" SEQ_NO="14" TOC_ENTRY_ID="78" DEPTH_LEVEL="1"/>
		<Primitive ID="Ar0610015" BOX="24 877 811 957" ELEMENT_TYPE="Content" SEQ_NO="15" TOC_ENTRY_ID="78" DEPTH_LEVEL="1"/>
		<Primitive ID="Ar0610016" BOX="24 948 811 1030" ELEMENT_TYPE="Content" SEQ_NO="16" TOC_ENTRY_ID="78" DEPTH_LEVEL="1"/>
		<Primitive ID="Ar0610017" BOX="24 1018 811 1082" ELEMENT_TYPE="Content" SEQ_NO="17" TOC_ENTRY_ID="78" DEPTH_LEVEL="1"/>
		<Primitive ID="Ar0610018" BOX="24 1071 811 1128" ELEMENT_TYPE="Content" SEQ_NO="18" TOC_ENTRY_ID="78" DEPTH_LEVEL="1"/>
		<Primitive ID="Ar0610019" BOX="24 1128 811 1214" ELEMENT_TYPE="Content" SEQ_NO="19" TOC_ENTRY_ID="78" DEPTH_LEVEL="1"/>
	</Entity>
	<Entity ENTITY_TYPE="Article" FIRST_TOC_ENTRY_ID="80" INDEX_IN_DOC="135" DEPTH_LEVEL="1" ID="Ar06101" SIZE="Small" BOX="24 12 811 102" NEXT_SECTION="" PREV_SECTION="1" IMAGES_RESOLUTION="86" LOGICAL_NAME="true">
		<Name>NOTICES OF BOOKS, 133</Name>
		<Primitive ID="Ar0610100" BOX="24 12 811 102" ELEMENT_TYPE="Content" SEQ_NO="0" TOC_ENTRY_ID="80" DEPTH_LEVEL="1"/>
	</Entity>
</XMD-PAGE>