<?xml version="1.0" encoding="windows-1252" standalone="no"?>
<XMD-entity REPOSITORY_FORMAT="1.0" PRXML_VER="2.0" ENTITY_TYPE="Article" FIRST_TOC_ENTRY_ID="57" DEPTH_LEVEL="1" INDEX_IN_DOC="102" PAGE_NO="49" ID="Ar04900" BOX="23 84 811 1235" LANGUAGE="English" CONTINUATION_TO="Ar05000" CONTINUATION_FROM="Ar04800" LOGICAL_NAME="true">
	<Meta NAME="~ ^U - , just There as trul is a y commo..." DESCRIPTION="" SUBTYPE="" BASE_HREF="EWJ/1858/04/01" SOURCE_TYPE="TIFF" PUBLICATION="EWJ" SECTION="None" ISSUE_DATE="01/04/1858" WORDCNT="610" RELEASE_NO="041-EWJ-1858-04-01-001-SINGLE" PAGE_ID="" PAGE_TYPE="Single" PAGE_WIDTH="823" PAGE_HEIGHT="1239" DEFAULT_IMG_EXT="png" PDF_DESTINATION_MAPPED="OLV0_Entity_0049_0001" IMAGES_RESOLUTION="86" XMD_VER="2.6.238.8" PAGE_LABEL="121"/>
	<Link SOURCE="041-EWJ-1858-04-01-001-SINGLE.PDF" FIRST_ID="Ar00200" LAST_ID="Ar07201" NEXT_ID="Ar04901" PREV_ID="" TOC_ID="d:/Olive/Repository/EWJ/1858/04/01/TOC.xml"/>
	<DataFiles>
		<Files TYPE="DOC_PDF" PRESENT="1"/>
		<Files TYPE="PAGE_PDF" PRESENT="0"/>
		<Files TYPE="DOC_IMG" PRESENT="0"/>
		<Files TYPE="PAGE_IMG" PRESENT="0"/>
		<Files TYPE="PAGE_VIEW_IMG" PRESENT="1"/>
		<Files TYPE="PAGE_PREVIEW_IMG" PRESENT="1"/>
		<Files TYPE="PRIMITIVE_IMG" PRESENT="1"/>
		<Files TYPE="SNIPPET_IMG" PRESENT="1"/>
	</DataFiles>
	<Content>
		<Primitive BOX="23 84 811 140" ID="Ar0490000" SEQ_NO="0" TOC_ENTRY_ID="57" DEPTH_LEVEL="1">
			<L BOX="58 87 757 118"/>
			<Q BOX="58 87 116 114" STYLE_REF="1" QID="1">avidit</Q>
			<q BOX="116 88 128 115" STYLE_REF="1" QID="1">y</q>
			<QW QID="1">avidity</QW>
			<W BOX="134 88 150 114" STYLE_REF="1">it</W>
			<W BOX="155 88 193 114" STYLE_REF="1">was</W>
			<Q BOX="197 88 277 114" STYLE_REF="1" QID="2">devoure</Q>
			<q BOX="278 88 290 114" STYLE_REF="1" QID="2">d</q>
			<QW QID="2">devoured</QW>
			<Q BOX="294 88 307 115" STYLE_REF="1" QID="3">b</Q>
			<q BOX="307 89 320 116" STYLE_REF="1" QID="3">y</q>
			<QW QID="3">by</QW>
			<W BOX="325 88 411 115" STYLE_REF="1">domestic</W>
			<W BOX="417 88 495 114" STYLE_REF="1" NS="y">animals</W>
			<W BOX="495 88 501 114" STYLE_REF="1">,</W>
			<W BOX="506 88 546 115" STYLE_REF="1">that</W>
			<W BOX="551 88 576 115" STYLE_REF="1">its</W>
			<Q BOX="580 88 604 115" STYLE_REF="1" QID="4">nu</Q>
			<q BOX="606 89 681 115" STYLE_REF="1" QID="4">tritious</q>
			<QW QID="4">nutritious</QW>
			<Q BOX="685 91 749 118" STYLE_REF="1" QID="5">proper</Q>
			<Q BOX="749 91 757 118" STYLE_REF="1" QID="5">-</Q>
			<L BOX="57 110 757 140"/>
			<q BOX="57 110 93 137" STYLE_REF="1" QID="5">ties</q>
			<QW QID="5">properties</QW>
			<W BOX="101 110 149 137" STYLE_REF="1">were</W>
			<Q BOX="154 110 213 137" STYLE_REF="1" QID="6">broug</Q>
			<q BOX="212 111 234 138" STYLE_REF="1" QID="6">ht</q>
			<QW QID="6">brought</QW>
			<W BOX="240 111 281 138" STYLE_REF="1">into</W>
			<W BOX="288 111 351 138" STYLE_REF="1">notice</W>
			<W BOX="355 111 389 138" STYLE_REF="1">and</W>
			<W BOX="396 111 450 138" STYLE_REF="1">made</W>
			<W BOX="456 111 546 138" STYLE_REF="1">available</W>
			<W BOX="554 111 582 138" STYLE_REF="1">for</W>
			<Q BOX="590 111 609 138" STYLE_REF="1" QID="7">hi</Q>
			<Q BOX="610 113 624 139" STYLE_REF="1" QID="7">g</Q>
			<q BOX="623 112 656 139" STYLE_REF="1" QID="7">her</q>
			<QW QID="7">higher</QW>
			<W BOX="663 114 750 140" STYLE_REF="1" NS="y">purposes</W>
			<W BOX="750 114 757 140" STYLE_REF="1">.</W>
		</Primitive>
		<Primitive BOX="23 134 811 186" ID="Ar0490001" SEQ_NO="1" TOC_ENTRY_ID="57" DEPTH_LEVEL="1">
			<L BOX="81 134 758 164"/>
			<W BOX="81 134 115 160" STYLE_REF="1">We</W>
			<W BOX="123 134 154 160" STYLE_REF="1">are</W>
			<W BOX="162 134 270 160" STYLE_REF="1">introduced</W>
			<W BOX="281 134 311 161" STYLE_REF="1">too</W>
			<W BOX="321 134 339 161" STYLE_REF="1">to</W>
			<W BOX="349 134 391 161" STYLE_REF="1">new</W>
			<W BOX="398 134 468 161" STYLE_REF="1" NS="y">friends</W>
			<W BOX="470 135 475 162" STYLE_REF="1">,</W>
			<W BOX="483 135 578 161" STYLE_REF="1">furnished</W>
			<W BOX="587 135 634 161" STYLE_REF="1">with</W>
			<Q BOX="646 136 744 163" STYLE_REF="1" QID="8">credential</Q>
			<q BOX="747 137 758 164" STYLE_REF="1" QID="8">s</q>
			<QW QID="8">credentials</QW>
			<L BOX="56 157 755 186"/>
			<W BOX="56 157 76 183" STYLE_REF="1">to</W>
			<W BOX="84 157 135 183" STYLE_REF="1">show</W>
			<W BOX="143 157 185 183" STYLE_REF="1">how</W>
			<W BOX="191 158 281 184" STYLE_REF="1">desirable</W>
			<W BOX="290 158 305 185" STYLE_REF="1">it</W>
			<W BOX="313 158 330 185" STYLE_REF="1">is</W>
			<W BOX="337 158 377 185" STYLE_REF="1">that</W>
			<W BOX="382 158 411 185" STYLE_REF="1">we</W>
			<W BOX="418 158 485 185" STYLE_REF="1">should</W>
			<W BOX="494 159 569 185" STYLE_REF="1">become</W>
			<W BOX="578 159 637 185" STYLE_REF="1">better</W>
			<W BOX="646 159 755 186" STYLE_REF="1">acquainted</W>
		</Primitive>
		<Primitive BOX="23 181 811 233" ID="Ar0490002" SEQ_NO="2" TOC_ENTRY_ID="57" DEPTH_LEVEL="1">
			<L BOX="55 181 755 209"/>
			<W BOX="55 181 103 207" STYLE_REF="1">with</W>
			<W BOX="115 181 167 207" STYLE_REF="1" NS="y">them</W>
			<W BOX="167 181 174 207" STYLE_REF="1">.</W>
			<W BOX="197 181 236 207" STYLE_REF="1">The</W>
			<W BOX="244 182 332 208" STYLE_REF="1">tuberous</W>
			<W BOX="340 182 409 208" STYLE_REF="1">chervil</W>
			<W BOX="418 182 473 209" STYLE_REF="1">bears</W>
			<W BOX="480 182 490 209" STYLE_REF="1">a</W>
			<W BOX="499 182 598 209" STYLE_REF="1">certificate</W>
			<W BOX="607 182 654 209" STYLE_REF="1">from</W>
			<W BOX="664 182 674 209" STYLE_REF="1">a</W>
			<W BOX="684 183 755 209" STYLE_REF="1">French</W>
			<L BOX="55 204 757 233"/>
			<W BOX="55 204 133 230" STYLE_REF="1" NS="y">chemist</W>
			<W BOX="134 204 139 231" STYLE_REF="1">,</W>
			<Q BOX="148 204 219 231" STYLE_REF="1" QID="9">showin</Q>
			<q BOX="220 205 233 231" STYLE_REF="1" QID="9">g</q>
			<QW QID="9">showing</QW>
			<W BOX="240 205 282 231" STYLE_REF="1">that</W>
			<W BOX="293 205 309 231" STYLE_REF="1">it</W>
			<W BOX="321 205 337 231" STYLE_REF="1">is</W>
			<W BOX="349 205 431 232" STYLE_REF="1">superior</W>
			<W BOX="443 205 464 232" STYLE_REF="1">in</W>
			<Q BOX="475 206 534 233" STYLE_REF="1" QID="10">qualit</Q>
			<q BOX="534 206 545 233" STYLE_REF="1" QID="10">y</q>
			<QW QID="10">quality</QW>
			<W BOX="554 206 574 233" STYLE_REF="1">to</W>
			<W BOX="586 206 632 233" STYLE_REF="1">even</W>
			<W BOX="641 206 675 233" STYLE_REF="1">the</W>
			<W BOX="682 207 743 233" STYLE_REF="1" NS="y">potato</W>
			<W BOX="749 207 757 233" STYLE_REF="1">;</W>
		</Primitive>
		<Primitive BOX="23 227 811 280" ID="Ar0490003" SEQ_NO="3" TOC_ENTRY_ID="57" DEPTH_LEVEL="1">
			<L BOX="53 227 755 256"/>
			<W BOX="53 227 90 253" STYLE_REF="1">and</W>
			<W BOX="103 227 141 253" STYLE_REF="1">this</W>
			<W BOX="154 228 236 255" STYLE_REF="1">passport</W>
			<W BOX="247 228 267 255" STYLE_REF="1">to</W>
			<W BOX="279 228 311 255" STYLE_REF="1">our</W>
			<W BOX="323 229 371 255" STYLE_REF="1">good</W>
			<Q BOX="381 229 404 255" STYLE_REF="1" QID="11">op</Q>
			<q BOX="404 228 457 255" STYLE_REF="1" QID="11">inion</q>
			<QW QID="11">opinion</QW>
			<W BOX="469 228 486 255" STYLE_REF="1">is</W>
			<W BOX="498 228 532 255" STYLE_REF="2">vise</W>
			<Q BOX="540 228 552 255" STYLE_REF="1" QID="12">b</Q>
			<q BOX="552 230 565 256" STYLE_REF="1" QID="12">y</q>
			<QW QID="12">by</QW>
			<W BOX="573 230 606 256" STYLE_REF="1">the</W>
			<Q BOX="614 230 658 256" STYLE_REF="1" QID="13">Pari</Q>
			<q BOX="659 230 668 256" STYLE_REF="1" QID="13">s</q>
			<QW QID="13">Paris</QW>
			<Q BOX="676 230 747 256" STYLE_REF="1" QID="14">market</Q>
			<Q BOX="747 230 755 256" STYLE_REF="1" QID="14">-</Q>
			<L BOX="53 250 753 280"/>
			<q BOX="53 250 152 277" STYLE_REF="1" NS="y" QID="14">gardeners</q>
			<QW QID="14">marketgardeners</QW>
			<W BOX="153 251 158 278" STYLE_REF="1">,</W>
			<W BOX="166 251 229 278" STYLE_REF="1">whose</W>
			<W BOX="236 251 306 278" STYLE_REF="1">careful</W>
			<W BOX="314 251 385 278" STYLE_REF="1">culture</W>
			<W BOX="397 251 413 278" STYLE_REF="1">it</W>
			<W BOX="425 251 459 278" STYLE_REF="1">has</W>
			<W BOX="467 251 486 278" STYLE_REF="1">so</W>
			<W BOX="493 251 538 278" STYLE_REF="1">well</W>
			<W BOX="546 252 609 279" STYLE_REF="1">repaid</W>
			<Q BOX="617 253 638 279" STYLE_REF="1" QID="15">th</Q>
			<q BOX="639 253 658 279" STYLE_REF="1" QID="15">at</q>
			<QW QID="15">that</QW>
			<W BOX="666 253 692 279" STYLE_REF="1">its</W>
			<Q BOX="702 254 715 280" STYLE_REF="1" QID="16">y</Q>
			<q BOX="716 253 753 280" STYLE_REF="1" QID="16">ield</q>
			<QW QID="16">yield</QW>
		</Primitive>
		<Primitive BOX="23 273 811 326" ID="Ar0490004" SEQ_NO="4" TOC_ENTRY_ID="57" DEPTH_LEVEL="1">
			<L BOX="52 273 755 303"/>
			<W BOX="52 273 69 300" STYLE_REF="1">is</W>
			<W BOX="77 273 120 300" STYLE_REF="1">now</W>
			<Q BOX="127 273 181 300" STYLE_REF="1" QID="17">nearl</Q>
			<q BOX="180 275 193 301" STYLE_REF="1" QID="17">y</q>
			<QW QID="17">nearly</QW>
			<W BOX="200 275 255 301" STYLE_REF="1">equal</W>
			<W BOX="263 275 283 301" STYLE_REF="1">in</W>
			<Q BOX="291 275 365 301" STYLE_REF="1" QID="18">quantit</Q>
			<q BOX="364 275 377 302" STYLE_REF="1" QID="18">y</q>
			<QW QID="18">quantity</QW>
			<W BOX="384 275 403 302" STYLE_REF="1">to</W>
			<W BOX="411 275 452 302" STYLE_REF="1">that</W>
			<W BOX="461 275 478 302" STYLE_REF="1">of</W>
			<W BOX="486 275 511 302" STYLE_REF="1">its</W>
			<W BOX="521 275 568 302" STYLE_REF="1">Irish</W>
			<W BOX="576 275 624 302" STYLE_REF="1" NS="y">rival</W>
			<W BOX="624 275 630 302" STYLE_REF="1">.</W>
			<W BOX="655 275 695 302" STYLE_REF="1">The</W>
			<Q BOX="703 276 746 303" STYLE_REF="1" QID="19">man</Q>
			<Q BOX="746 276 755 303" STYLE_REF="1" QID="19">-</Q>
			<L BOX="52 297 751 326"/>
			<q BOX="52 297 95 323" STYLE_REF="1" QID="19">gold</q>
			<QW QID="19">mangold</QW>
			<W BOX="104 297 174 323" STYLE_REF="1">wurzel</W>
			<Q BOX="181 297 219 323" STYLE_REF="1" QID="20">info</Q>
			<q BOX="221 297 258 324" STYLE_REF="1" QID="20">rms</q>
			<QW QID="20">informs</QW>
			<Q BOX="266 298 289 325" STYLE_REF="1" QID="21">us</Q>
			<q BOX="300 298 346 325" STYLE_REF="1" QID="21">with</q>
			<QW QID="21">uswith</QW>
			<W BOX="354 298 458 325" STYLE_REF="1">ingenuous</W>
			<Q BOX="466 298 520 325" STYLE_REF="1" QID="22">blush</Q>
			<q BOX="535 299 574 326" STYLE_REF="1" QID="22">that</q>
			<QW QID="22">blushthat</QW>
			<W BOX="583 299 606 326" STYLE_REF="1">he</W>
			<W BOX="614 299 630 326" STYLE_REF="1">is</W>
			<W BOX="637 299 671 326" STYLE_REF="1">not</W>
			<W BOX="679 299 698 326" STYLE_REF="1">so</W>
			<W BOX="705 299 751 326" STYLE_REF="1">very</W>
		</Primitive>
		<Primitive BOX="23 320 811 373" ID="Ar0490005" SEQ_NO="5" TOC_ENTRY_ID="57" DEPTH_LEVEL="1">
			<L BOX="51 298 751 349"/>
			<W BOX="51 320 108 346" STYLE_REF="1">much</W>
			<W BOX="120 320 195 346" STYLE_REF="1">inferior</W>
			<W BOX="208 320 228 347" STYLE_REF="1">to</W>
			<W BOX="240 321 272 347" STYLE_REF="1">his</W>
			<W BOX="283 321 327 348" STYLE_REF="1">rosy</W>
			<W BOX="289 298 294 325" STYLE_REF="1">,</W>
			<W BOX="341 321 403 348" STYLE_REF="1">cousin</W>
			<W BOX="417 321 450 348" STYLE_REF="1">the</W>
			<W BOX="464 321 505 348" STYLE_REF="1" NS="y">beet</W>
			<W BOX="506 321 511 348" STYLE_REF="1">,</W>
			<W BOX="522 299 527 326" STYLE_REF="1">,</W>
			<W BOX="526 322 558 348" STYLE_REF="1">but</W>
			<W BOX="574 322 614 348" STYLE_REF="1">that</W>
			<W BOX="627 322 648 348" STYLE_REF="1">in</W>
			<W BOX="665 322 720 349" STYLE_REF="1">times</W>
			<W BOX="732 323 751 349" STYLE_REF="1">of</W>
			<L BOX="51 343 750 373"/>
			<W BOX="51 343 128 370" STYLE_REF="1">scarcity</W>
			<W BOX="137 344 162 370" STYLE_REF="1">he</W>
			<Q BOX="175 344 202 370" STYLE_REF="1" QID="23">mi</Q>
			<Q BOX="202 345 215 372" STYLE_REF="1" QID="23">g</Q>
			<q BOX="214 344 235 371" STYLE_REF="1" QID="23">ht</q>
			<QW QID="23">might</QW>
			<W BOX="249 344 273 371" STYLE_REF="1">be</W>
			<W BOX="281 344 380 371" STYLE_REF="1">welcomed</W>
			<Q BOX="391 344 403 371" STYLE_REF="1" QID="24">b</Q>
			<q BOX="403 345 416 371" STYLE_REF="1" QID="24">y</q>
			<QW QID="24">by</QW>
			<W BOX="425 345 458 371" STYLE_REF="1">the</W>
			<W BOX="469 345 514 371" STYLE_REF="1">poor</W>
			<W BOX="528 345 541 371" STYLE_REF="1">if</W>
			<Q BOX="555 345 587 371" STYLE_REF="1" QID="25">dul</Q>
			<q BOX="587 345 600 372" STYLE_REF="1" QID="25">y</q>
			<QW QID="25">duly</QW>
			<W BOX="608 345 717 372" STYLE_REF="1">introduced</W>
			<W BOX="732 346 750 373" STYLE_REF="1">to</W>
		</Primitive>
		<Primitive BOX="23 366 811 419" ID="Ar0490006" SEQ_NO="6" TOC_ENTRY_ID="57" DEPTH_LEVEL="1">
			<L BOX="49 366 749 395"/>
			<W BOX="49 366 101 393" STYLE_REF="1" NS="y">them</W>
			<W BOX="101 366 108 393" STYLE_REF="1">.</W>
			<W BOX="131 367 170 393" STYLE_REF="1">Our</W>
			<Q BOX="177 366 185 393" STYLE_REF="1" LH="y" QID="26">-</Q>
			<q BOX="183 366 222 393" STYLE_REF="1" QID="26">wild</q>
			<QW QID="26">-wild</QW>
			<Q BOX="231 368 280 395" STYLE_REF="1" QID="27">purp</Q>
			<q BOX="280 368 298 394" STYLE_REF="1" QID="27">le</q>
			<QW QID="27">purple</QW>
			<W BOX="310 368 353 394" STYLE_REF="1" NS="y">goat</W>
			<W BOX="353 368 358 394" STYLE_REF="1" NS="y">'</W>
			<W BOX="358 368 366 395" STYLE_REF="1">s</W>
			<W BOX="378 368 434 395" STYLE_REF="1">beard</W>
			<W BOX="448 368 511 395" STYLE_REF="1">claims</W>
			<W BOX="523 368 542 395" STYLE_REF="1">to</W>
			<W BOX="553 368 577 395" STYLE_REF="1">be</W>
			<W BOX="589 368 648 395" STYLE_REF="1">better</W>
			<W BOX="661 368 706 395" STYLE_REF="1">than</W>
			<W BOX="716 368 749 395" STYLE_REF="1">the</W>
			<L BOX="49 390 750 419"/>
			<Q BOX="49 390 112 417" STYLE_REF="1" QID="28">parsni</Q>
			<q BOX="112 391 125 418" STYLE_REF="1" NS="y" QID="28">p</q>
			<QW QID="28">parsnip</QW>
			<W BOX="125 391 132 418" STYLE_REF="1">,</W>
			<W BOX="140 391 150 418" STYLE_REF="1">a</W>
			<W BOX="163 391 217 418" STYLE_REF="1">claim</W>
			<W BOX="229 391 316 418" STYLE_REF="1">endorsed</W>
			<Q BOX="325 391 338 418" STYLE_REF="1" QID="29">b</Q>
			<q BOX="338 392 351 418" STYLE_REF="1" QID="29">y</q>
			<QW QID="29">by</QW>
			<W BOX="359 391 478 418" STYLE_REF="1">Continental</W>
			<Q BOX="492 391 550 418" STYLE_REF="1" QID="30">cultiv</Q>
			<q BOX="551 391 600 418" STYLE_REF="1" NS="y" QID="30">ators</q>
			<QW QID="30">cultivators</QW>
			<W BOX="606 391 611 418" STYLE_REF="1">;</W>
			<W BOX="623 391 660 418" STYLE_REF="1">and</W>
			<W BOX="671 391 695 418" STYLE_REF="1">its</W>
			<W BOX="703 392 750 419" STYLE_REF="1">very</W>
		</Primitive>
		<Primitive BOX="23 413 811 465" ID="Ar0490007" SEQ_NO="7" TOC_ENTRY_ID="57" DEPTH_LEVEL="1">
			<L BOX="49 413 749 442"/>
			<W BOX="49 413 133 440" STYLE_REF="1">common</W>
			<W BOX="140 413 219 440" STYLE_REF="1" NS="y">relative</W>
			<W BOX="220 415 225 441" STYLE_REF="1">,</W>
			<W BOX="233 414 266 440" STYLE_REF="1">the</W>
			<W BOX="274 414 343 440" STYLE_REF="1">yellow</W>
			<W BOX="350 414 420 440" STYLE_REF="1" NS="y">variety</W>
			<W BOX="423 414 428 440" STYLE_REF="1">,</W>
			<W BOX="437 414 494 441" STYLE_REF="1">needs</W>
			<W BOX="504 414 539 441" STYLE_REF="1">but</W>
			<W BOX="548 414 558 441" STYLE_REF="1">a</W>
			<W BOX="571 414 622 441" STYLE_REF="1">little</W>
			<W BOX="629 415 721 442" STYLE_REF="1">attention</W>
			<W BOX="729 415 749 442" STYLE_REF="1">to</W>
			<L BOX="48 436 749 465"/>
			<W BOX="48 436 123 463" STYLE_REF="1">become</W>
			<Q BOX="131 436 183 463" STYLE_REF="1" QID="31">nearl</Q>
			<q BOX="182 437 196 463" STYLE_REF="1" QID="31">y</q>
			<QW QID="31">nearly</QW>
			<W BOX="202 437 222 463" STYLE_REF="1">as</W>
			<W BOX="230 437 277 463" STYLE_REF="1" NS="y">good</W>
			<W BOX="279 436 284 463" STYLE_REF="1">,</W>
			<W BOX="293 437 350 463" STYLE_REF="1">while</W>
			<W BOX="358 437 404 463" STYLE_REF="1">even</W>
			<W BOX="412 437 433 463" STYLE_REF="1">in</W>
			<W BOX="442 437 467 463" STYLE_REF="1">its</W>
			<W BOX="474 437 519 463" STYLE_REF="1">wild</W>
			<W BOX="528 437 575 463" STYLE_REF="1">state</W>
			<W BOX="583 437 606 464" STYLE_REF="1">its</W>
			<W BOX="614 438 679 465" STYLE_REF="1">spring</W>
			<W BOX="687 438 749 465" STYLE_REF="1">shoots</W>
		</Primitive>
		<Primitive BOX="23 459 811 512" ID="Ar0490008" SEQ_NO="8" TOC_ENTRY_ID="57" DEPTH_LEVEL="1">
			<L BOX="47 459 748 488"/>
			<Q BOX="47 459 66 486" STYLE_REF="1" QID="32">fo</Q>
			<q BOX="66 459 95 486" STYLE_REF="1" QID="32">rm</q>
			<QW QID="32">form</QW>
			<W BOX="103 459 113 486" STYLE_REF="1">a</W>
			<W BOX="121 460 213 487" STYLE_REF="1">palatable</W>
			<W BOX="224 460 291 487" STYLE_REF="1">article</W>
			<W BOX="303 460 320 487" STYLE_REF="1">of</W>
			<W BOX="333 460 372 487" STYLE_REF="1" NS="y">diet</W>
			<W BOX="372 460 378 487" STYLE_REF="1">.</W>
			<W BOX="403 460 443 487" STYLE_REF="1">The</W>
			<W BOX="457 460 517 487" STYLE_REF="1">edible</W>
			<Q BOX="529 460 567 487" STYLE_REF="1" QID="33">snai</Q>
			<q BOX="568 460 574 487" STYLE_REF="1" QID="33">l</q>
			<QW QID="33">snail</QW>
			<W BOX="586 460 616 487" STYLE_REF="1">too</W>
			<W BOX="625 460 668 487" STYLE_REF="1">asks</W>
			<W BOX="676 462 686 488" STYLE_REF="1">a</W>
			<W BOX="695 462 748 488" STYLE_REF="1">share</W>
			<L BOX="47 484 747 512"/>
			<W BOX="47 484 65 510" STYLE_REF="1">of</W>
			<W BOX="79 484 111 510" STYLE_REF="1">the</W>
			<W BOX="121 484 186 510" STYLE_REF="1">favour</W>
			<W BOX="199 484 287 510" STYLE_REF="1">accorded</W>
			<W BOX="301 484 320 510" STYLE_REF="1">to</W>
			<W BOX="332 484 361 510" STYLE_REF="1">his</W>
			<W BOX="373 484 445 510" STYLE_REF="1">marine</W>
			<W BOX="456 484 531 510" STYLE_REF="1">brother</W>
			<W BOX="541 485 573 511" STYLE_REF="1">the</W>
			<W BOX="586 485 699 512" STYLE_REF="1" NS="y">periwinkle</W>
			<W BOX="698 486 703 512" STYLE_REF="1">,</W>
			<W BOX="711 485 747 512" STYLE_REF="1">and</W>
		</Primitive>
		<Primitive BOX="23 508 811 560" ID="Ar0490009" SEQ_NO="9" TOC_ENTRY_ID="57" DEPTH_LEVEL="1">
			<L BOX="46 508 747 536"/>
			<W BOX="46 508 118 534" STYLE_REF="1">sundry</W>
			<Q BOX="125 508 155 534" STYLE_REF="1" QID="34">sea</Q>
			<Q BOX="155 508 163 534" STYLE_REF="1" LH="y" QID="34">-</Q>
			<q BOX="163 508 223 534" STYLE_REF="1" QID="34">weeds</q>
			<QW QID="34">sea-weeds</QW>
			<Q BOX="234 509 246 535" STYLE_REF="1" QID="35">p</Q>
			<q BOX="246 508 289 535" STYLE_REF="1" QID="35">lead</q>
			<QW QID="35">plead</QW>
			<W BOX="302 508 329 535" STYLE_REF="1">for</W>
			<W BOX="342 508 353 535" STYLE_REF="1">a</W>
			<W BOX="361 508 365 535" STYLE_REF="1" NS="y">.</W>
			<W BOX="366 508 416 535" STYLE_REF="1">more</W>
			<W BOX="429 508 542 535" STYLE_REF="1">honourable</W>
			<W BOX="550 509 587 535" STYLE_REF="1">fate</W>
			<Q BOX="596 509 615 536" STYLE_REF="1" QID="36">th</Q>
			<q BOX="617 509 640 536" STYLE_REF="1" QID="36">an</q>
			<QW QID="36">than</QW>
			<W BOX="649 509 669 536" STYLE_REF="1">to</W>
			<W BOX="677 509 747 536" STYLE_REF="1">remain</W>
			<L BOX="44 532 746 560"/>
			<W BOX="44 532 160 558" STYLE_REF="1">ungathered</W>
			<W BOX="168 532 192 558" STYLE_REF="1">on</W>
			<W BOX="200 532 233 558" STYLE_REF="1">the</W>
			<W BOX="241 532 295 558" STYLE_REF="1">shore</W>
			<W BOX="303 532 346 558" STYLE_REF="1">save</W>
			<W BOX="355 532 375 558" STYLE_REF="1">in</W>
			<W BOX="383 532 433 559" STYLE_REF="1">some</W>
			<W BOX="440 532 476 559" STYLE_REF="1">few</W>
			<W BOX="484 533 535 559" STYLE_REF="1">spots</W>
			<W BOX="543 533 606 559" STYLE_REF="1">where</W>
			<W BOX="613 533 663 559" STYLE_REF="1">their</W>
			<W BOX="671 533 746 560" STYLE_REF="1">dietetic</W>
		</Primitive>
		<Primitive BOX="23 555 811 607" ID="Ar0490010" SEQ_NO="10" TOC_ENTRY_ID="57" DEPTH_LEVEL="1">
			<L BOX="45 555 386 582"/>
			<W BOX="45 555 132 581" STYLE_REF="1">qualities</W>
			<W BOX="140 555 188 581" STYLE_REF="1">have</W>
			<W BOX="195 555 253 582" STYLE_REF="1">found</W>
			<W BOX="262 555 380 582" STYLE_REF="1" NS="y">recognition</W>
			<W BOX="380 555 386 582" STYLE_REF="1">.</W>
			<L BOX="68 578 746 607"/>
			<W BOX="68 578 113 605" STYLE_REF="1">This</W>
			<Q BOX="121 578 144 605" STYLE_REF="1" QID="37">sli</Q>
			<Q BOX="145 579 158 605" STYLE_REF="1" QID="37">g</Q>
			<q BOX="157 578 178 605" STYLE_REF="1" QID="37">ht</q>
			<QW QID="37">slight</QW>
			<W BOX="187 578 251 605" STYLE_REF="1">sketch</W>
			<W BOX="260 578 277 605" STYLE_REF="1">of</W>
			<W BOX="286 578 296 605" STYLE_REF="1">a</W>
			<W BOX="304 578 339 605" STYLE_REF="1">few</W>
			<W BOX="347 579 365 605" STYLE_REF="1">of</W>
			<W BOX="373 579 405 605" STYLE_REF="1">the</W>
			<W BOX="418 579 485 605" STYLE_REF="1">objects</W>
			<W BOX="496 579 590 605" STYLE_REF="1">exhibited</W>
			<W BOX="598 579 639 605" STYLE_REF="1" NS="y">will</W>
			<W BOX="640 580 645 607" STYLE_REF="1">,</W>
			<W BOX="653 580 683 606" STYLE_REF="1">we</W>
			<W BOX="690 580 738 606" STYLE_REF="1" NS="y">hope</W>
			<W BOX="740 580 746 607" STYLE_REF="1">,</W>
		</Primitive>
		<Primitive BOX="23 602 811 653" ID="Ar0490011" SEQ_NO="11" TOC_ENTRY_ID="57" DEPTH_LEVEL="1">
			<L BOX="43 602 743 630"/>
			<W BOX="43 602 105 628" STYLE_REF="1">suffice</W>
			<W BOX="116 602 135 628" STYLE_REF="1">to</W>
			<W BOX="146 602 198 628" STYLE_REF="1">show</W>
			<W BOX="208 602 248 628" STYLE_REF="1">that</W>
			<W BOX="260 602 298 628" STYLE_REF="1">this</W>
			<W BOX="307 602 358 628" STYLE_REF="1">little</W>
			<W BOX="365 602 435 628" STYLE_REF="1">section</W>
			<W BOX="448 602 465 628" STYLE_REF="1">is</W>
			<W BOX="477 602 501 629" STYLE_REF="1">no</W>
			<W BOX="513 602 550 629" STYLE_REF="1">less</W>
			<Q BOX="562 602 622 629" STYLE_REF="1" QID="38">worth</Q>
			<q BOX="622 603 636 630" STYLE_REF="1" QID="38">y</q>
			<QW QID="38">worthy</QW>
			<W BOX="644 603 662 630" STYLE_REF="1">of</W>
			<Q BOX="676 603 687 630" STYLE_REF="1" QID="39">c</Q>
			<q BOX="686 603 743 630" STYLE_REF="1" QID="39">areful</q>
			<QW QID="39">careful</QW>
			<L BOX="42 624 743 653"/>
			<W BOX="42 624 147 651" STYLE_REF="1">inspection</W>
			<W BOX="160 625 206 651" STYLE_REF="1">than</W>
			<W BOX="218 625 250 651" STYLE_REF="1">the</W>
			<W BOX="260 625 310 652" STYLE_REF="1">more</W>
			<Q BOX="319 625 430 652" STYLE_REF="1" QID="40">prominentl</Q>
			<q BOX="430 625 445 652" STYLE_REF="1" QID="40">y</q>
			<QW QID="40">prominently</QW>
			<W BOX="452 625 549 652" STYLE_REF="1">attractive</W>
			<W BOX="555 625 604 652" STYLE_REF="1">halls</W>
			<W BOX="612 625 648 652" STYLE_REF="1">and</W>
			<W BOX="657 626 743 653" STYLE_REF="1">galleries</W>
		</Primitive>
		<Primitive BOX="23 648 811 699" ID="Ar0490012" SEQ_NO="12" TOC_ENTRY_ID="57" DEPTH_LEVEL="1">
			<L BOX="42 648 742 675"/>
			<W BOX="42 648 59 674" STYLE_REF="1">of</W>
			<W BOX="69 648 102 674" STYLE_REF="1">the</W>
			<W BOX="109 648 226 675" STYLE_REF="1">Kensington</W>
			<W BOX="234 648 319 675" STYLE_REF="1" NS="y">Museum</W>
			<W BOX="324 648 329 675" STYLE_REF="1">;</W>
			<W BOX="338 648 371 675" STYLE_REF="1">but</W>
			<W BOX="379 648 408 675" STYLE_REF="1">we</W>
			<W BOX="415 648 464 675" STYLE_REF="1">have</W>
			<W BOX="472 648 481 675" STYLE_REF="1">a</W>
			<W BOX="488 648 558 675" STYLE_REF="1">further</W>
			<W BOX="567 648 626 675" STYLE_REF="1">object</W>
			<W BOX="636 648 656 675" STYLE_REF="1">in</W>
			<W BOX="664 648 714 675" STYLE_REF="1">view</W>
			<W BOX="721 648 742 675" STYLE_REF="1">in</W>
			<L BOX="42 671 741 699"/>
			<W BOX="42 671 86 697" STYLE_REF="1">thus</W>
			<W BOX="93 671 162 697" STYLE_REF="1">calling</W>
			<W BOX="172 671 263 698" STYLE_REF="1">attention</W>
			<W BOX="270 671 289 698" STYLE_REF="1">to</W>
			<W BOX="297 671 312 698" STYLE_REF="1" NS="y">it</W>
			<W BOX="312 671 318 698" STYLE_REF="1">.</W>
			<W BOX="343 671 376 698" STYLE_REF="1">We</W>
			<W BOX="385 671 446 698" STYLE_REF="1">would</W>
			<Q BOX="455 671 479 698" STYLE_REF="1" QID="41">fai</Q>
			<q BOX="480 671 493 698" STYLE_REF="1" QID="41">n</q>
			<QW QID="41">fain</QW>
			<W BOX="501 671 554 698" STYLE_REF="1">make</W>
			<W BOX="561 671 629 698" STYLE_REF="1" NS="y">known</W>
			<W BOX="630 673 635 699" STYLE_REF="1">,</W>
			<W BOX="644 672 672 699" STYLE_REF="1">far</W>
			<W BOX="680 672 699 699" STYLE_REF="1">as</W>
			<W BOX="707 672 741 699" STYLE_REF="1">our</W>
		</Primitive>
		<Primitive BOX="23 694 811 747" ID="Ar0490013" SEQ_NO="13" TOC_ENTRY_ID="57" DEPTH_LEVEL="1">
			<L BOX="41 694 741 722"/>
			<W BOX="41 694 132 721" STYLE_REF="1">influence</W>
			<W BOX="140 694 183 721" STYLE_REF="1">may</W>
			<W BOX="190 695 257 722" STYLE_REF="1" NS="y">extend</W>
			<W BOX="259 695 264 722" STYLE_REF="1">,</W>
			<W BOX="272 695 303 722" STYLE_REF="1">the</W>
			<W BOX="310 695 385 722" STYLE_REF="1">general</W>
			<W BOX="393 695 492 722" STYLE_REF="1">invitation</W>
			<W BOX="499 695 540 722" STYLE_REF="1">that</W>
			<W BOX="547 695 579 722" STYLE_REF="1">has</W>
			<W BOX="587 695 633 722" STYLE_REF="1">been</W>
			<W BOX="642 695 684 722" STYLE_REF="1">sent</W>
			<W BOX="692 695 741 722" STYLE_REF="1">forth</W>
			<L BOX="44 718 740 747"/>
			<W BOX="44 718 52 744" STYLE_REF="1" NS="y">(</W>
			<W BOX="52 718 149 744" STYLE_REF="1" NS="y">addressed</W>
			<W BOX="152 718 157 745" STYLE_REF="1">,</W>
			<W BOX="165 718 196 745" STYLE_REF="1" NS="y">too</W>
			<W BOX="198 718 203 744" STYLE_REF="1">,</W>
			<W BOX="211 720 222 747" STYLE_REF="1">"</W>
			<Q BOX="231 718 318 745" STYLE_REF="1" QID="42">especiall</Q>
			<q BOX="318 718 331 745" STYLE_REF="1" QID="42">y</q>
			<QW QID="42">especially</QW>
			<W BOX="339 718 358 745" STYLE_REF="1">to</W>
			<W BOX="371 718 429 745" STYLE_REF="1">ladies</W>
			<W BOX="436 719 449 745" STYLE_REF="1" NS="y">"</W>
			<W BOX="446 719 454 745" STYLE_REF="1">)</W>
			<Q BOX="470 718 482 745" STYLE_REF="1" QID="43">b</Q>
			<q BOX="482 719 494 746" STYLE_REF="1" QID="43">y</q>
			<QW QID="43">by</QW>
			<W BOX="508 719 533 745" STYLE_REF="1">its</W>
			<W BOX="547 719 619 745" STYLE_REF="1">zealous</W>
			<W BOX="634 719 671 745" STYLE_REF="1">and</W>
			<Q BOX="685 719 732 746" STYLE_REF="1" QID="44">bene</Q>
			<Q BOX="732 719 740 746" STYLE_REF="1" QID="44">-</Q>
		</Primitive>
		<Primitive BOX="23 741 811 792" ID="Ar0490014" SEQ_NO="14" TOC_ENTRY_ID="57" DEPTH_LEVEL="1">
			<L BOX="41 741 740 769"/>
			<q BOX="41 741 106 767" STYLE_REF="1" QID="44">volent</q>
			<QW QID="44">benevolent</QW>
			<W BOX="123 741 210 767" STYLE_REF="1">founders</W>
			<W BOX="227 741 247 767" STYLE_REF="1">to</W>
			<Q BOX="265 741 288 768" STYLE_REF="1" QID="45">co</Q>
			<Q BOX="288 741 296 768" STYLE_REF="1" LH="y" QID="45">-</Q>
			<q BOX="296 741 366 768" STYLE_REF="1" QID="45">operate</q>
			<QW QID="45">co-operate</QW>
			<W BOX="382 741 430 768" STYLE_REF="1">with</W>
			<Q BOX="448 741 456 767" STYLE_REF="1" LH="y" QID="46">-</Q>
			<q BOX="455 741 498 767" STYLE_REF="1" QID="46">them</q>
			<QW QID="46">-them</QW>
			<W BOX="515 742 536 768" STYLE_REF="1">in</W>
			<W BOX="551 742 576 768" STYLE_REF="1">its</W>
			<W BOX="591 742 688 769" STYLE_REF="1">extension</W>
			<W BOX="704 742 740 769" STYLE_REF="1">and</W>
			<L BOX="42 764 740 792"/>
			<W BOX="42 764 171 791" STYLE_REF="1" NS="y">development</W>
			<W BOX="173 765 177 791" STYLE_REF="1">,</W>
			<W BOX="187 764 223 791" STYLE_REF="1">and</W>
			<W BOX="236 764 305 791" STYLE_REF="1">invoke</W>
			<W BOX="314 764 340 791" STYLE_REF="1">all</W>
			<W BOX="348 764 390 791" STYLE_REF="1">who</W>
			<W BOX="402 764 445 791" STYLE_REF="1">may</W>
			<W BOX="454 765 500 791" STYLE_REF="1">have</W>
			<W BOX="508 765 523 791" STYLE_REF="1">it</W>
			<W BOX="532 765 551 791" STYLE_REF="1">in</W>
			<W BOX="560 765 609 792" STYLE_REF="1">their</W>
			<W BOX="616 765 681 792" STYLE_REF="1">power</W>
			<W BOX="688 765 707 792" STYLE_REF="1">to</W>
			<W BOX="716 765 740 792" STYLE_REF="1">do</W>
		</Primitive>
		<Primitive BOX="23 787 811 839" ID="Ar0490015" SEQ_NO="15" TOC_ENTRY_ID="57" DEPTH_LEVEL="1">
			<L BOX="40 787 740 815"/>
			<W BOX="40 788 61 814" STYLE_REF="1" NS="y">so</W>
			<W BOX="62 787 66 814" STYLE_REF="1">,</W>
			<W BOX="75 788 95 814" STYLE_REF="1">to</W>
			<W BOX="103 788 155 814" STYLE_REF="1">assist</W>
			<W BOX="164 788 184 814" STYLE_REF="1">in</W>
			<W BOX="191 788 210 814" STYLE_REF="1">so</W>
			<W BOX="218 788 280 814" STYLE_REF="1">useful</W>
			<W BOX="288 788 324 814" STYLE_REF="1">and</W>
			<Q BOX="332 788 345 815" STYLE_REF="1" QID="47">p</Q>
			<q BOX="345 788 416 815" STYLE_REF="1" QID="47">atriotic</q>
			<QW QID="47">patriotic</QW>
			<W BOX="425 788 436 815" STYLE_REF="1">a</W>
			<W BOX="441 788 493 815" STYLE_REF="1" NS="y">work</W>
			<W BOX="493 788 500 815" STYLE_REF="1">.</W>
			<W BOX="525 788 569 815" STYLE_REF="1">This</W>
			<W BOX="578 788 594 815" STYLE_REF="1">is</W>
			<W BOX="603 789 636 815" STYLE_REF="1">not</W>
			<W BOX="643 789 653 815" STYLE_REF="1">a</W>
			<W BOX="661 789 740 815" STYLE_REF="1">demand</W>
			<L BOX="39 811 739 839"/>
			<W BOX="39 811 89 838" STYLE_REF="1">upon</W>
			<W BOX="99 811 131 838" STYLE_REF="1">the</W>
			<Q BOX="138 811 183 838" STYLE_REF="1" QID="48">purs</Q>
			<q BOX="184 811 194 838" STYLE_REF="1" QID="48">e</q>
			<QW QID="48">purse</QW>
			<W BOX="202 811 206 838" STYLE_REF="1">:</W>
			<W BOX="214 811 265 838" STYLE_REF="1">what</W>
			<W BOX="273 811 290 838" STYLE_REF="1">is</W>
			<W BOX="297 811 382 838" STYLE_REF="1">required</W>
			<W BOX="391 811 406 838" STYLE_REF="1">is</W>
			<W BOX="415 811 469 838" STYLE_REF="1">Time</W>
			<W BOX="477 811 511 838" STYLE_REF="1">and</W>
			<W BOX="521 811 594 838" STYLE_REF="1" NS="y">Labour</W>
			<W BOX="595 812 600 839" STYLE_REF="1">,</W>
			<Q BOX="607 812 674 839" STYLE_REF="1" QID="49">Thoug</Q>
			<q BOX="674 812 695 839" STYLE_REF="1" QID="49">ht</q>
			<QW QID="49">Thought</QW>
			<W BOX="703 812 739 839" STYLE_REF="1">and</W>
		</Primitive>
		<Primitive BOX="23 834 811 886" ID="Ar0490016" SEQ_NO="16" TOC_ENTRY_ID="57" DEPTH_LEVEL="1">
			<L BOX="38 834 741 863"/>
			<W BOX="38 834 86 861" STYLE_REF="1" NS="y">Skill</W>
			<W BOX="87 835 92 861" STYLE_REF="1">,</W>
			<W BOX="101 835 192 861" STYLE_REF="1">treasures</W>
			<W BOX="200 835 218 861" STYLE_REF="1">of</W>
			<W BOX="226 835 288 861" STYLE_REF="1">which</W>
			<W BOX="296 835 352 861" STYLE_REF="1">many</W>
			<W BOX="357 835 367 861" STYLE_REF="1">a</W>
			<W BOX="372 835 444 861" STYLE_REF="1">woman</W>
			<W BOX="452 835 542 861" STYLE_REF="1">possesses</W>
			<W BOX="551 835 561 861" STYLE_REF="1">a</W>
			<W BOX="570 835 736 862" STYLE_REF="1" NS="y" M="3 * 4 * ">_sujDerabundance</W>
			<W BOX="733 837 741 863" STYLE_REF="1">,</W>
			<L BOX="38 858 738 886"/>
			<W BOX="38 858 74 884" STYLE_REF="1">and</W>
			<W BOX="80 858 141 884" STYLE_REF="1">would</W>
			<W BOX="146 858 169 884" STYLE_REF="1">be</W>
			<Q BOX="175 858 189 884" STYLE_REF="1" QID="50">g</Q>
			<q BOX="188 858 217 884" STYLE_REF="1" QID="50">lad</q>
			<QW QID="50">glad</QW>
			<W BOX="224 858 242 884" STYLE_REF="1">to</W>
			<W BOX="247 858 303 884" STYLE_REF="1">know</W>
			<W BOX="308 858 326 884" STYLE_REF="1">of</W>
			<W BOX="332 858 381 884" STYLE_REF="1">some</W>
			<Q BOX="386 858 444 884" STYLE_REF="1" QID="51">worth</Q>
			<q BOX="445 858 458 885" STYLE_REF="1" QID="51">y</q>
			<QW QID="51">worthy</QW>
			<W BOX="465 858 523 885" STYLE_REF="1">object</W>
			<W BOX="531 858 553 885" STYLE_REF="1">on</W>
			<W BOX="560 858 621 885" STYLE_REF="1">which</W>
			<W BOX="626 858 671 885" STYLE_REF="1">they</W>
			<Q BOX="678 859 702 885" STYLE_REF="1" QID="52">mi</Q>
			<Q BOX="703 859 717 886" STYLE_REF="1" QID="52">g</Q>
			<q BOX="716 859 738 885" STYLE_REF="1" QID="52">ht</q>
			<QW QID="52">might</QW>
		</Primitive>
		<Primitive BOX="23 881 811 932" ID="Ar0490017" SEQ_NO="17" TOC_ENTRY_ID="57" DEPTH_LEVEL="1">
			<L BOX="37 881 737 909"/>
			<W BOX="37 881 60 908" STYLE_REF="1">be</W>
			<W BOX="69 881 165 908" STYLE_REF="1" NS="y">expended</W>
			<W BOX="165 881 171 908" STYLE_REF="1">.</W>
			<W BOX="196 881 246 908" STYLE_REF="1">Here</W>
			<W BOX="254 881 271 908" STYLE_REF="1">is</W>
			<Q BOX="279 881 286 908" STYLE_REF="1" QID="53">l</Q>
			<q BOX="287 881 330 908" STYLE_REF="1" QID="53">arge</q>
			<QW QID="53">large</QW>
			<W BOX="339 881 392 908" STYLE_REF="1">scope</W>
			<W BOX="400 881 428 908" STYLE_REF="1">for</W>
			<W BOX="437 881 487 908" STYLE_REF="1" NS="y">them</W>
			<W BOX="489 882 494 909" STYLE_REF="1">,</W>
			<W BOX="502 881 538 908" STYLE_REF="1">and</W>
			<W BOX="547 881 570 908" STYLE_REF="1">an</W>
			<W BOX="580 881 661 908" STYLE_REF="1">unusual</W>
			<Q BOX="673 882 729 909" STYLE_REF="1" QID="54">oppor</Q>
			<Q BOX="729 882 737 909" STYLE_REF="1" QID="54">-</Q>
			<L BOX="35 904 737 932"/>
			<q BOX="35 904 99 931" STYLE_REF="1" QID="54">tunity</q>
			<QW QID="54">opportunity</QW>
			<W BOX="107 904 188 931" STYLE_REF="1">afforded</W>
			<W BOX="200 904 228 931" STYLE_REF="1">for</W>
			<Q BOX="240 905 275 932" STYLE_REF="1" QID="55">app</Q>
			<Q BOX="276 904 285 931" STYLE_REF="1" QID="55">l</Q>
			<Q BOX="285 905 296 932" STYLE_REF="1" QID="55">y</Q>
			<q BOX="298 904 330 931" STYLE_REF="1" QID="55">ing</q>
			<QW QID="55">applying</QW>
			<W BOX="342 904 374 931" STYLE_REF="1">the</W>
			<W BOX="387 904 435 931" STYLE_REF="1">most</W>
			<Q BOX="448 904 465 931" STYLE_REF="1" QID="56">el</Q>
			<q BOX="466 904 520 931" STYLE_REF="1" QID="56">egant</q>
			<QW QID="56">elegant</QW>
			<Q BOX="533 904 606 931" STYLE_REF="1" QID="57">accomp</Q>
			<q BOX="607 905 705 931" STYLE_REF="1" QID="57">lishments</q>
			<QW QID="57">accomplishments</QW>
			<W BOX="717 905 737 932" STYLE_REF="1">to</W>
		</Primitive>
		<Primitive BOX="23 927 811 978" ID="Ar0490018" SEQ_NO="18" TOC_ENTRY_ID="57" DEPTH_LEVEL="1">
			<L BOX="35 927 735 955"/>
			<W BOX="35 928 123 955" STYLE_REF="1">purposes</W>
			<W BOX="132 928 150 955" STYLE_REF="1">of</W>
			<W BOX="159 928 191 955" STYLE_REF="1">the</W>
			<W BOX="198 928 279 955" STYLE_REF="1">greatest</W>
			<W BOX="284 927 348 954" STYLE_REF="1" NS="y">utility</W>
			<W BOX="348 927 353 954" STYLE_REF="1">.</W>
			<Q BOX="378 928 426 954" STYLE_REF="1" QID="58">Amp</Q>
			<q BOX="427 927 445 954" STYLE_REF="1" QID="58">le</q>
			<QW QID="58">Ample</QW>
			<Q BOX="453 928 465 955" STYLE_REF="1" QID="59">p</Q>
			<q BOX="466 928 538 954" STYLE_REF="1" QID="59">ictorial</q>
			<QW QID="59">pictorial</QW>
			<W BOX="546 928 669 954" STYLE_REF="1">illustrations</W>
			<W BOX="674 928 735 954" STYLE_REF="1">would</W>
			<L BOX="35 951 737 978"/>
			<W BOX="35 951 58 978" STYLE_REF="1">be</W>
			<W BOX="67 951 103 978" STYLE_REF="1">one</W>
			<W BOX="110 951 128 978" STYLE_REF="1">of</W>
			<W BOX="137 951 169 978" STYLE_REF="1">the</W>
			<W BOX="179 951 226 978" STYLE_REF="1">most</W>
			<W BOX="239 951 336 978" STYLE_REF="1">attractive</W>
			<W BOX="348 951 426 978" STYLE_REF="1">features</W>
			<W BOX="439 951 459 978" STYLE_REF="1">in</W>
			<W BOX="471 951 481 978" STYLE_REF="1">a</W>
			<W BOX="489 951 573 978" STYLE_REF="1">museum</W>
			<W BOX="581 951 598 978" STYLE_REF="1">of</W>
			<Q BOX="608 951 635 978" STYLE_REF="1" QID="60">thi</Q>
			<q BOX="637 951 646 978" STYLE_REF="1" QID="60">s</q>
			<QW QID="60">this</QW>
			<Q BOX="654 951 687 978" STYLE_REF="1" QID="61">kin</Q>
			<q BOX="689 951 700 978" STYLE_REF="1" NS="y" QID="61">d</q>
			<QW QID="61">kind</QW>
			<W BOX="702 952 706 978" STYLE_REF="1">,</W>
			<W BOX="716 951 737 978" STYLE_REF="1">as</W>
		</Primitive>
		<Primitive BOX="23 974 811 1024" ID="Ar0490019" SEQ_NO="19" TOC_ENTRY_ID="57" DEPTH_LEVEL="1">
			<L BOX="34 974 735 1002"/>
			<W BOX="34 974 102 1001" STYLE_REF="1">among</W>
			<W BOX="109 974 141 1001" STYLE_REF="1">the</W>
			<W BOX="149 974 209 1001" STYLE_REF="1">surest</W>
			<Q BOX="221 974 273 1001" STYLE_REF="1" QID="62">mean</Q>
			<q BOX="275 974 284 1001" STYLE_REF="1" QID="62">s</q>
			<QW QID="62">means</QW>
			<W BOX="295 974 312 1001" STYLE_REF="1">of</W>
			<W BOX="326 974 410 1001" STYLE_REF="1">drawing</W>
			<W BOX="420 974 536 1001" STYLE_REF="1">observation</W>
			<W BOX="549 974 568 1001" STYLE_REF="1">to</W>
			<W BOX="578 974 629 1001" STYLE_REF="1">what</W>
			<Q BOX="639 974 664 1001" STYLE_REF="1" QID="63">mi</Q>
			<Q BOX="666 975 679 1002" STYLE_REF="1" QID="63">g</Q>
			<q BOX="679 974 699 1001" STYLE_REF="1" QID="63">ht</q>
			<QW QID="63">might</QW>
			<W BOX="711 974 735 1001" STYLE_REF="1">be</W>
			<L BOX="34 997 735 1024"/>
			<W BOX="34 997 133 1024" STYLE_REF="1">otherwise</W>
			<W BOX="144 997 209 1024" STYLE_REF="1">passed</W>
			<W BOX="222 997 321 1024" STYLE_REF="1" NS="y">unnoticed</W>
			<W BOX="328 997 333 1024" STYLE_REF="1">;</W>
			<W BOX="342 997 375 1024" STYLE_REF="1">but</W>
			<W BOX="387 997 406 1024" STYLE_REF="1">at</W>
			<W BOX="418 997 492 1024" STYLE_REF="1">present</W>
			<W BOX="503 997 536 1024" STYLE_REF="1">the</W>
			<Q BOX="548 997 594 1024" STYLE_REF="1" QID="64">supp</Q>
			<Q BOX="594 997 602 1024" STYLE_REF="1" QID="64">l</Q>
			<q BOX="601 997 614 1024" STYLE_REF="1" QID="64">y</q>
			<QW QID="64">supply</QW>
			<W BOX="623 997 640 1024" STYLE_REF="1">of</W>
			<W BOX="653 997 705 1024" STYLE_REF="1">these</W>
			<W BOX="718 997 735 1024" STYLE_REF="1">is</W>
		</Primitive>
		<Primitive BOX="23 1021 811 1071" ID="Ar0490020" SEQ_NO="20" TOC_ENTRY_ID="57" DEPTH_LEVEL="1">
			<L BOX="33 1021 734 1047"/>
			<W BOX="33 1021 79 1047" STYLE_REF="1">very</W>
			<Q BOX="88 1021 130 1047" STYLE_REF="1" QID="65">scan</Q>
			<q BOX="131 1021 152 1047" STYLE_REF="1" NS="y" QID="65">ty</q>
			<QW QID="65">scanty</QW>
			<W BOX="154 1021 158 1047" STYLE_REF="1">.</W>
			<W BOX="183 1021 229 1047" STYLE_REF="1">Miss</W>
			<W BOX="238 1021 325 1047" STYLE_REF="1" NS="y">Twining</W>
			<W BOX="325 1021 332 1047" STYLE_REF="1">,</W>
			<W BOX="339 1021 396 1047" STYLE_REF="1">being</W>
			<W BOX="404 1021 426 1047" STYLE_REF="1">an</W>
			<W BOX="435 1021 518 1047" STYLE_REF="1">amateur</W>
			<W BOX="525 1021 578 1047" STYLE_REF="1" NS="y">artist</W>
			<W BOX="580 1021 584 1047" STYLE_REF="1">,</W>
			<W BOX="593 1021 626 1047" STYLE_REF="1">has</W>
			<W BOX="634 1021 734 1047" STYLE_REF="1">presented</W>
			<L BOX="33 1044 733 1071"/>
			<W BOX="33 1044 43 1071" STYLE_REF="1">a</W>
			<W BOX="51 1044 107 1071" STYLE_REF="1">series</W>
			<W BOX="116 1044 134 1070" STYLE_REF="1">of</W>
			<W BOX="143 1044 227 1070" STYLE_REF="1">coloured</W>
			<W BOX="241 1044 334 1070" STYLE_REF="1">drawings</W>
			<W BOX="347 1044 365 1071" STYLE_REF="1">of</W>
			<Q BOX="378 1044 429 1071" STYLE_REF="1" QID="66">usefu</Q>
			<q BOX="430 1044 437 1071" STYLE_REF="1" QID="66">l</q>
			<QW QID="66">useful</QW>
			<Q BOX="451 1044 464 1071" STYLE_REF="1" QID="67">p</Q>
			<q BOX="464 1044 512 1070" STYLE_REF="1" NS="y" QID="67">lants</q>
			<QW QID="67">plants</QW>
			<W BOX="513 1044 518 1071" STYLE_REF="1">,</W>
			<W BOX="526 1044 562 1070" STYLE_REF="1">and</W>
			<W BOX="574 1044 626 1070" STYLE_REF="1">there</W>
			<W BOX="638 1044 670 1070" STYLE_REF="1">are</W>
			<W BOX="678 1044 688 1070" STYLE_REF="1">a</W>
			<W BOX="696 1044 733 1070" STYLE_REF="1">few</W>
		</Primitive>
		<Primitive BOX="23 1067 811 1118" ID="Ar0490021" SEQ_NO="21" TOC_ENTRY_ID="57" DEPTH_LEVEL="1">
			<L BOX="32 1067 735 1095"/>
			<W BOX="32 1067 93 1094" STYLE_REF="1">prints</W>
			<W BOX="100 1067 144 1093" STYLE_REF="1">here</W>
			<W BOX="152 1067 189 1093" STYLE_REF="1">and</W>
			<W BOX="198 1067 250 1093" STYLE_REF="1" NS="y">there</W>
			<W BOX="252 1067 257 1094" STYLE_REF="1">,</W>
			<W BOX="264 1067 349 1093" STYLE_REF="1">showing</W>
			<W BOX="356 1067 383 1093" STYLE_REF="1">for</W>
			<W BOX="391 1067 476 1093" STYLE_REF="1">instance</W>
			<W BOX="483 1067 514 1093" STYLE_REF="1">the</W>
			<W BOX="523 1067 631 1093" STYLE_REF="1">cultivation</W>
			<W BOX="639 1067 657 1093" STYLE_REF="1">of</W>
			<W BOX="667 1067 728 1093" STYLE_REF="1" NS="y">wheat</W>
			<W BOX="728 1068 735 1095" STYLE_REF="1">,</W>
			<L BOX="32 1090 736 1118"/>
			<W BOX="32 1090 70 1117" STYLE_REF="1" NS="y">rice</W>
			<W BOX="71 1091 76 1117" STYLE_REF="1">,</W>
			<W BOX="89 1090 125 1116" STYLE_REF="1">and</W>
			<W BOX="139 1090 193 1116" STYLE_REF="1">other</W>
			<W BOX="205 1090 269 1116" STYLE_REF="1" NS="y">grains</W>
			<W BOX="274 1090 279 1116" STYLE_REF="1">;</W>
			<W BOX="292 1090 402 1116" STYLE_REF="1" M="1 * ">_Neapolitan</W>
			<W BOX="418 1090 429 1116" STYLE_REF="1" NS="y">L</W>
			<W BOX="429 1090 434 1116" STYLE_REF="1" NS="y">/</W>
			<W BOX="435 1090 519 1116" STYLE_REF="1">azzaroni</W>
			<W BOX="536 1090 598 1117" STYLE_REF="1">eating</W>
			<W BOX="613 1090 720 1117" STYLE_REF="1" NS="y">Maccaroni</W>
			<W BOX="727 1092 736 1118" STYLE_REF="1">;</W>
		</Primitive>
		<Primitive BOX="23 1113 811 1165" ID="Ar0490022" SEQ_NO="22" TOC_ENTRY_ID="57" DEPTH_LEVEL="1">
			<L BOX="31 1113 731 1142"/>
			<W BOX="31 1113 122 1140" STYLE_REF="1">Hebrews</W>
			<W BOX="128 1113 228 1140" STYLE_REF="1">preparing</W>
			<Q BOX="234 1113 267 1140" STYLE_REF="1" QID="68">unl</Q>
			<Q BOX="269 1113 280 1140" STYLE_REF="1" QID="68">e</Q>
			<q BOX="279 1113 349 1140" STYLE_REF="1" QID="68">avened</q>
			<QW QID="68">unleavened</QW>
			<W BOX="357 1113 411 1140" STYLE_REF="1">bread</W>
			<W BOX="420 1113 449 1140" STYLE_REF="1">for</W>
			<W BOX="458 1113 490 1140" STYLE_REF="1">the</W>
			<W BOX="497 1113 585 1140" STYLE_REF="1" NS="y">Passover</W>
			<W BOX="586 1113 591 1140" STYLE_REF="1">,</W>
			<W BOX="597 1113 618 1141" STYLE_REF="11" NS="y">&amp;</W>
			<W BOX="618 1113 630 1141" STYLE_REF="11" NS="y">c</W>
			<W BOX="632 1115 637 1141" STYLE_REF="2">,</W>
			<W BOX="644 1114 662 1141" STYLE_REF="2" NS="y">&amp;</W>
			<W BOX="662 1114 674 1141" STYLE_REF="2" NS="y">o</W>
			<W BOX="674 1114 680 1141" STYLE_REF="2">.</W>
			<W BOX="684 1115 688 1142" STYLE_REF="2">;</W>
			<W BOX="697 1115 731 1142" STYLE_REF="1">but</W>
			<L BOX="31 1136 730 1165"/>
			<W BOX="31 1137 86 1163" STYLE_REF="1">many</W>
			<W BOX="95 1137 144 1163" STYLE_REF="1">more</W>
			<W BOX="152 1136 197 1163" STYLE_REF="1">such</W>
			<W BOX="207 1136 330 1163" STYLE_REF="1">illustrations</W>
			<W BOX="342 1136 372 1163" STYLE_REF="1">are</W>
			<W BOX="380 1136 465 1163" STYLE_REF="1" NS="y">required</W>
			<W BOX="468 1137 472 1164" STYLE_REF="1">,</W>
			<W BOX="483 1137 518 1164" STYLE_REF="1">and</W>
			<W BOX="528 1137 564 1164" STYLE_REF="1">any</W>
			<W BOX="571 1137 633 1164" STYLE_REF="1">would</W>
			<W BOX="641 1137 665 1164" STYLE_REF="1">be</W>
			<W BOX="674 1138 730 1165" STYLE_REF="1">found</W>
		</Primitive>
		<Primitive BOX="23 1160 811 1235" ID="Ar0490023" SEQ_NO="23" TOC_ENTRY_ID="57" DEPTH_LEVEL="1">
			<L BOX="31 1160 732 1188"/>
			<W BOX="31 1160 135 1186" STYLE_REF="1">acceptable</W>
			<W BOX="143 1160 207 1186" STYLE_REF="1">which</W>
			<Q BOX="220 1160 246 1186" STYLE_REF="1" QID="69">mi</Q>
			<Q BOX="247 1161 260 1188" STYLE_REF="1" QID="69">g</Q>
			<q BOX="259 1160 281 1186" STYLE_REF="1" QID="69">ht</q>
			<QW QID="69">might</QW>
			<W BOX="294 1160 387 1186" STYLE_REF="1">represent</W>
			<W BOX="398 1160 429 1186" STYLE_REF="1">the</W>
			<W BOX="441 1160 534 1186" STYLE_REF="1">localities</W>
			<W BOX="541 1161 603 1187" STYLE_REF="1">where</W>
			<W BOX="615 1161 648 1188" STYLE_REF="1">the</W>
			<Q BOX="656 1161 669 1188" STYLE_REF="1" QID="70">v</Q>
			<q BOX="670 1161 732 1188" STYLE_REF="1" QID="70">arious</q>
			<QW QID="70">various</QW>
			<L BOX="30 1181 730 1213"/>
			<Q BOX="30 1182 50 1209" STYLE_REF="1" QID="71">ar</Q>
			<Q BOX="51 1181 76 1210" STYLE_REF="11" QID="71">tic</Q>
			<q BOX="77 1182 106 1209" STYLE_REF="1" QID="71">les</q>
			<QW QID="71">articles</QW>
			<W BOX="120 1182 213 1210" STYLE_REF="11">exhibited</W>
			<Q BOX="228 1182 238 1210" STYLE_REF="11" QID="72">a</Q>
			<Q BOX="240 1183 248 1210" STYLE_REF="1" QID="72">r</Q>
			<q BOX="249 1182 259 1210" STYLE_REF="11" QID="72">e</q>
			<QW QID="72">are</QW>
			<W BOX="274 1182 361 1210" STYLE_REF="11" NS="y">produced</W>
			<W BOX="367 1184 372 1210" STYLE_REF="1">,</W>
			<W BOX="384 1182 414 1210" STYLE_REF="11">the</W>
			<W BOX="427 1183 522 1211" STYLE_REF="11">processes</W>
			<W BOX="535 1183 576 1211" STYLE_REF="11">they</W>
			<Q BOX="592 1183 618 1211" STYLE_REF="11" QID="73">un</Q>
			<Q BOX="619 1184 632 1211" STYLE_REF="1" QID="73">d</Q>
			<Q BOX="632 1183 643 1211" STYLE_REF="11" QID="73">e</Q>
			<Q BOX="642 1184 652 1211" STYLE_REF="1" QID="73">r</Q>
			<Q BOX="652 1183 664 1211" STYLE_REF="11" QID="73">g</Q>
			<q BOX="666 1184 678 1211" STYLE_REF="1" NS="y" QID="73">o</q>
			<QW QID="73">undergo</QW>
			<W BOX="678 1186 683 1213" STYLE_REF="1">,</W>
			<W BOX="698 1184 730 1212" STYLE_REF="11">the</W>
			<L BOX="54 1204 637 1234"/>
			<W BOX="54 1206 89 1232" STYLE_REF="1" NS="y">vol</W>
			<W BOX="89 1206 95 1232" STYLE_REF="1">.</W>
			<W BOX="104 1205 112 1232" STYLE_REF="1" NS="y">i</W>
			<W BOX="112 1205 120 1232" STYLE_REF="1" M="1 * ">_,</W>
			<W BOX="620 1208 633 1234" STYLE_REF="1" NS="y">k</W>
			<W BOX="633 1204 637 1230" STYLE_REF="1">"</W>
		</Primitive>
	</Content>
	<TOC_Entries><TOC_Entry TOC_ENTRY_ID="104" TITLE="~ ^U - , just There as trul is a y commo..." ENTITY_ID_REF="Ar04900" PAGE_NO="49" PAGE_LABEL="121" PRIM_ID_REF="Ar0490000" IS_IC="true"/></TOC_Entries></XMD-entity>
