<?xml version="1.0" encoding="windows-1252" standalone="no"?>
<XMD-entity REPOSITORY_FORMAT="1.0" PRXML_VER="2.0" ENTITY_TYPE="Article" DOC_UID="EWJ_01/04/1858" DOC_VER="1" FIRST_TOC_ENTRY_ID="60" DEPTH_LEVEL="1" INDEX_IN_DOC="107" PAGE_NO="49" ID="Ar04901" BOX="24 12 811 84" LANGUAGE="English" SNP="Ar04901S.png" SNP_WIDTH="788" SNP_HEIGHT="73" LOGICAL_NAME="true">
	<Meta NAME="ILLUSTRATIONS OF EVERY-DAY LIFE. 121" DESCRIPTION="" SUBTYPE="" BASE_HREF="EWJ/1858/04/01" SOURCE_TYPE="TIFF" PUBLICATION="EWJ" SECTION="None" ISSUE_DATE="01/04/1858" WORDCNT="6" RELEASE_NO="041-EWJ-1858-04-01-001-SINGLE" PAGE_ID="" PAGE_TYPE="Single" PAGE_WIDTH="823" PAGE_HEIGHT="1239" DEFAULT_IMG_EXT="png" PDF_DESTINATION_MAPPED="OLV0_Entity_0049_0002" IMAGES_RESOLUTION="86" XMD_VER="2.6.238.8" PAGE_LABEL="121"/>
	<Link SOURCE="041-EWJ-1858-04-01-001-SINGLE.PDF" FIRST_ID="Ar00200" LAST_ID="Ar07201" NEXT_ID="" PREV_ID="Ar04900" TOC_ID="d:/Olive/Repository/EWJ/1858/04/01/TOC.xml"/>
	<DataFiles>
		<Files TYPE="DOC_PDF" PRESENT="1"/>
		<Files TYPE="PAGE_PDF" PRESENT="0"/>
		<Files TYPE="DOC_IMG" PRESENT="0"/>
		<Files TYPE="PAGE_IMG" PRESENT="0"/>
		<Files TYPE="PAGE_VIEW_IMG" PRESENT="1"/>
		<Files TYPE="PAGE_PREVIEW_IMG" PRESENT="1"/>
		<Files TYPE="PRIMITIVE_IMG" PRESENT="1"/>
		<Files TYPE="SNIPPET_IMG" PRESENT="1"/>
	</DataFiles>
	<Content>
		<Primitive BOX="24 12 811 84" ID="Ar0490100" SEQ_NO="0" TOC_ENTRY_ID="60" DEPTH_LEVEL="1">
			<L BOX="211 46 758 73"/>
			<W BOX="211 46 375 70" STYLE_REF="7" M="12 * ">_ILLUSTRATIONS</W>
			<W BOX="387 46 414 70" STYLE_REF="7">OF</W>
			<Q BOX="428 46 496 70" STYLE_REF="7" QID="1">EVERY</Q>
			<Q BOX="496 46 503 70" STYLE_REF="7" LH="y" QID="1">-</Q>
			<q BOX="503 46 546 70" STYLE_REF="7" QID="1">DAY</q>
			<QW QID="1">EVERY-DAY</QW>
			<W BOX="559 47 609 71" STYLE_REF="7" NS="y">LIFE</W>
			<W BOX="609 47 614 71" STYLE_REF="7">.</W>
			<W BOX="720 49 758 73" STYLE_REF="7">121</W>
		</Primitive>
	</Content>
	<TOC_Entries><TOC_Entry TOC_ENTRY_ID="105" TITLE="ILLUSTRATIONS OF EVERY-DAY LIFE. 121" ENTITY_ID_REF="Ar04901" PAGE_NO="49" PAGE_LABEL="121" PRIM_ID_REF="Ar0490100" IS_IC="true"/></TOC_Entries></XMD-entity>
