<?xml version="1.0" encoding="windows-1252" standalone="no"?>
<XMD-entity REPOSITORY_FORMAT="1.0" PRXML_VER="2.0" ENTITY_TYPE="Article" DOC_UID="EWJ_01/04/1858" DOC_VER="1" FIRST_TOC_ENTRY_ID="44" DEPTH_LEVEL="1" INDEX_IN_DOC="86" PAGE_NO="35" ID="Ar03501" BOX="24 12 811 90" LANGUAGE="English" SNP="Ar03501S.png" SNP_WIDTH="788" SNP_HEIGHT="79" LOGICAL_NAME="true">
	<Meta NAME="MY GREAT AUNT POLLY' S ELOPEMENT. 107" DESCRIPTION="" SUBTYPE="" BASE_HREF="EWJ/1858/04/01" SOURCE_TYPE="TIFF" PUBLICATION="EWJ" SECTION="None" ISSUE_DATE="01/04/1858" WORDCNT="9" RELEASE_NO="041-EWJ-1858-04-01-001-SINGLE" PAGE_ID="" PAGE_TYPE="Single" PAGE_WIDTH="823" PAGE_HEIGHT="1239" DEFAULT_IMG_EXT="png" PDF_DESTINATION_MAPPED="OLV0_Entity_0035_0002" IMAGES_RESOLUTION="86" XMD_VER="2.6.238.8" PAGE_LABEL="107"/>
	<Link SOURCE="041-EWJ-1858-04-01-001-SINGLE.PDF" FIRST_ID="Ar00200" LAST_ID="Ar07201" NEXT_ID="" PREV_ID="Ar03500" TOC_ID="d:/Olive/Repository/EWJ/1858/04/01/TOC.xml"/>
	<DataFiles>
		<Files TYPE="DOC_PDF" PRESENT="1"/>
		<Files TYPE="PAGE_PDF" PRESENT="0"/>
		<Files TYPE="DOC_IMG" PRESENT="0"/>
		<Files TYPE="PAGE_IMG" PRESENT="0"/>
		<Files TYPE="PAGE_VIEW_IMG" PRESENT="1"/>
		<Files TYPE="PAGE_PREVIEW_IMG" PRESENT="1"/>
		<Files TYPE="PRIMITIVE_IMG" PRESENT="1"/>
		<Files TYPE="SNIPPET_IMG" PRESENT="1"/>
	</DataFiles>
	<Content>
		<Primitive BOX="24 12 811 90" ID="Ar0350100" SEQ_NO="0" TOC_ENTRY_ID="44" DEPTH_LEVEL="1">
			<L BOX="201 51 763 91"/>
			<W BOX="201 57 231 82" STYLE_REF="10">MY</W>
			<W BOX="244 57 311 82" STYLE_REF="10">GREAT</W>
			<W BOX="324 57 378 82" STYLE_REF="10">AUNT</W>
			<W BOX="392 57 456 82" STYLE_REF="10" NS="y">POLLY</W>
			<W BOX="457 51 475 87" STYLE_REF="26">'</W>
			<W BOX="462 54 474 90" STYLE_REF="26">S</W>
			<W BOX="486 54 610 90" STYLE_REF="26" NS="y">ELOPEMENT</W>
			<W BOX="611 54 619 90" STYLE_REF="26">.</W>
			<W BOX="719 54 763 91" STYLE_REF="26">107</W>
		</Primitive>
	</Content>
	<TOC_Entries><TOC_Entry TOC_ENTRY_ID="76" TITLE="MY GREAT AUNT POLLY' S ELOPEMENT. 107" ENTITY_ID_REF="Ar03501" PAGE_NO="35" PAGE_LABEL="107" PRIM_ID_REF="Ar0350100" IS_IC="true"/></TOC_Entries></XMD-entity>
