<?xml version="1.0" encoding="windows-1252" standalone="no"?>
<XMD-PAGE REPOSITORY_FORMAT="1.0" PRXML_VER="2.0">
	<Meta ISSUE_DATE="01/04/1858" RELEASE_NO="041-EWJ-1858-04-01-001-SINGLE" PAGE_NO="35" NAME="" PAGE_LABEL="107" PAGE_TYPE="Single" PUBLISHER="Olive" PUBLICATION="EWJ" SOURCE_TYPE="TIFF" SOURCE_RESOLUTION="72" IMAGES_RESOLUTION="86" PAGE_THUMBNAIL_RESOLUTION="86" PAGE_PREVIEW_RESOLUTION="15" DEFAULT_IMG_EXT="png" IMG_EXT="png" PREVIEW_IMG_EXT="png" XMD_VER="2.6.238.8" PROFILE_ID="D:\pdfs\EWJ\XMD_EWJ.ini" SECTION="None" PAGE_WIDTH="823" PAGE_HEIGHT="1239" PAGES_NUMBER="72" BASE_HREF="EWJ/1858/04/01" PDF_DESTINATION_MAPPED="OLV0_Page_0035">
		<Resolutions>
			<Resolution DEFAULT="true">86</Resolution>
		</Resolutions>
	</Meta>
	<Link SOURCE="041-EWJ-1858-04-01-001-SINGLE.PDF" NEXT_SECTION="" PREV_SECTION="1"/>
	<DataFiles>
		<Files TYPE="DOC_PDF" PRESENT="1"/>
		<Files TYPE="PAGE_PDF" PRESENT="0"/>
		<Files TYPE="DOC_IMG" PRESENT="0"/>
		<Files TYPE="PAGE_IMG" PRESENT="0"/>
		<Files TYPE="PAGE_VIEW_IMG" PRESENT="1"/>
		<Files TYPE="PAGE_PREVIEW_IMG" PRESENT="1"/>
		<Files TYPE="PRIMITIVE_IMG" PRESENT="1"/>
		<Files TYPE="SNIPPET_IMG" PRESENT="1"/>
	</DataFiles>
	<Entity ENTITY_TYPE="Article" FIRST_TOC_ENTRY_ID="41" INDEX_IN_DOC="73" DEPTH_LEVEL="1" ID="Ar03500" SIZE="XLarge" BOX="24 90 811 1214" NEXT_SECTION="" PREV_SECTION="1" CONTINUATION_TO="Ar03600" CONTINUATION_FROM="Ar03400" FIRST_CHUNK="Ar03202" IMAGES_RESOLUTION="86" LOGICAL_NAME="true">
		<Name>babl Dear y be Reader declared .�The by ...</Name>
		<Primitive ID="Ar0350000" BOX="24 90 811 147" ELEMENT_TYPE="Content" SEQ_NO="0" TOC_ENTRY_ID="41" DEPTH_LEVEL="1"/>
		<Primitive ID="Ar0350001" BOX="24 141 811 194" ELEMENT_TYPE="Content" SEQ_NO="1" TOC_ENTRY_ID="41" DEPTH_LEVEL="1"/>
		<Primitive ID="Ar0350002" BOX="24 187 811 238" ELEMENT_TYPE="Content" SEQ_NO="2" TOC_ENTRY_ID="41" DEPTH_LEVEL="1"/>
		<Primitive ID="Ar0350003" BOX="24 232 811 284" ELEMENT_TYPE="Content" SEQ_NO="3" TOC_ENTRY_ID="41" DEPTH_LEVEL="1"/>
		<Primitive ID="Ar0350004" BOX="24 277 811 330" ELEMENT_TYPE="Content" SEQ_NO="4" TOC_ENTRY_ID="41" DEPTH_LEVEL="1"/>
		<Primitive ID="Ar0350005" BOX="24 323 811 378" ELEMENT_TYPE="Content" SEQ_NO="5" TOC_ENTRY_ID="41" DEPTH_LEVEL="1"/>
		<Primitive ID="Ar0350006" BOX="24 369 811 420" ELEMENT_TYPE="Content" SEQ_NO="6" TOC_ENTRY_ID="41" DEPTH_LEVEL="1"/>
		<Primitive ID="Ar0350007" BOX="24 413 811 466" ELEMENT_TYPE="Content" SEQ_NO="7" TOC_ENTRY_ID="41" DEPTH_LEVEL="1"/>
		<Primitive ID="Ar0350008" BOX="24 458 811 510" ELEMENT_TYPE="Content" SEQ_NO="8" TOC_ENTRY_ID="41" DEPTH_LEVEL="1"/>
		<Primitive ID="Ar0350009" BOX="24 503 811 557" ELEMENT_TYPE="Content" SEQ_NO="9" TOC_ENTRY_ID="41" DEPTH_LEVEL="1"/>
		<Primitive ID="Ar0350010" BOX="24 549 811 602" ELEMENT_TYPE="Content" SEQ_NO="10" TOC_ENTRY_ID="41" DEPTH_LEVEL="1"/>
		<Primitive ID="Ar0350011" BOX="24 595 811 648" ELEMENT_TYPE="Content" SEQ_NO="11" TOC_ENTRY_ID="41" DEPTH_LEVEL="1"/>
		<Primitive ID="Ar0350012" BOX="24 640 811 693" ELEMENT_TYPE="Content" SEQ_NO="12" TOC_ENTRY_ID="41" DEPTH_LEVEL="1"/>
		<Primitive ID="Ar0350013" BOX="24 685 811 737" ELEMENT_TYPE="Content" SEQ_NO="13" TOC_ENTRY_ID="41" DEPTH_LEVEL="1"/>
		<Primitive ID="Ar0350014" BOX="24 731 811 782" ELEMENT_TYPE="Content" SEQ_NO="14" TOC_ENTRY_ID="41" DEPTH_LEVEL="1"/>
		<Primitive ID="Ar0350015" BOX="24 775 811 828" ELEMENT_TYPE="Content" SEQ_NO="15" TOC_ENTRY_ID="41" DEPTH_LEVEL="1"/>
		<Primitive ID="Ar0350016" BOX="24 821 811 873" ELEMENT_TYPE="Content" SEQ_NO="16" TOC_ENTRY_ID="41" DEPTH_LEVEL="1"/>
		<Primitive ID="Ar0350017" BOX="24 866 811 916" ELEMENT_TYPE="Content" SEQ_NO="17" TOC_ENTRY_ID="41" DEPTH_LEVEL="1"/>
		<Primitive ID="Ar0350018" BOX="24 909 811 961" ELEMENT_TYPE="Content" SEQ_NO="18" TOC_ENTRY_ID="41" DEPTH_LEVEL="1"/>
		<Primitive ID="Ar0350019" BOX="24 955 811 1006" ELEMENT_TYPE="Content" SEQ_NO="19" TOC_ENTRY_ID="41" DEPTH_LEVEL="1"/>
		<Primitive ID="Ar0350020" BOX="24 1000 811 1052" ELEMENT_TYPE="Content" SEQ_NO="20" TOC_ENTRY_ID="41" DEPTH_LEVEL="1"/>
		<Primitive ID="Ar0350021" BOX="24 1044 811 1097" ELEMENT_TYPE="Content" SEQ_NO="21" TOC_ENTRY_ID="41" DEPTH_LEVEL="1"/>
		<Primitive ID="Ar0350022" BOX="24 1089 811 1143" ELEMENT_TYPE="Content" SEQ_NO="22" TOC_ENTRY_ID="41" DEPTH_LEVEL="1"/>
		<Primitive ID="Ar0350023" BOX="24 1135 811 1165" ELEMENT_TYPE="Content" SEQ_NO="23" TOC_ENTRY_ID="41" DEPTH_LEVEL="1"/>
		<Primitive ID="Ar0350024" BOX="24 1165 811 1214" ELEMENT_TYPE="Content" SEQ_NO="24" TOC_ENTRY_ID="41" DEPTH_LEVEL="1"/>
	</Entity>
	<Entity ENTITY_TYPE="Article" FIRST_TOC_ENTRY_ID="44" INDEX_IN_DOC="86" DEPTH_LEVEL="1" ID="Ar03501" SIZE="Small" BOX="24 12 811 90" NEXT_SECTION="" PREV_SECTION="1" IMAGES_RESOLUTION="86" LOGICAL_NAME="true">
		<Name>MY GREAT AUNT POLLY' S ELOPEMENT. 107</Name>
		<Primitive ID="Ar0350100" BOX="24 12 811 90" ELEMENT_TYPE="Content" SEQ_NO="0" TOC_ENTRY_ID="44" DEPTH_LEVEL="1"/>
	</Entity>
</XMD-PAGE>