<?xml version="1.0" encoding="windows-1252" standalone="no"?>
<XMD-entity REPOSITORY_FORMAT="1.0" PRXML_VER="2.0" ENTITY_TYPE="Article" DOC_UID="EWJ_01/03/1858" DOC_VER="1" FIRST_TOC_ENTRY_ID="51" DEPTH_LEVEL="1" INDEX_IN_DOC="105" PAGE_NO="42" ID="Ar04201" BOX="24 12 829 90" LANGUAGE="English" SNP="Ar04201S.png" SNP_WIDTH="806" SNP_HEIGHT="79" LOGICAL_NAME="true">
	<Meta NAME="42 BRADSHAW THE BETBAYEB." DESCRIPTION="" SUBTYPE="" BASE_HREF="EWJ/1858/03/01" SOURCE_TYPE="TIFF" PUBLICATION="EWJ" SECTION="None" ISSUE_DATE="01/03/1858" WORDCNT="5" RELEASE_NO="041-EWJ-1858-03-01-001-SINGLE" PAGE_ID="" PAGE_TYPE="Single" PAGE_WIDTH="842" PAGE_HEIGHT="1244" DEFAULT_IMG_EXT="png" PDF_DESTINATION_MAPPED="OLV0_Entity_0042_0002" IMAGES_RESOLUTION="86" XMD_VER="2.6.238.8" PAGE_LABEL="42"/>
	<Link SOURCE="041-EWJ-1858-03-01-001-SINGLE.PDF" FIRST_ID="Ar00200" LAST_ID="Ar07201" NEXT_ID="" PREV_ID="Ar04200" TOC_ID="d:/Olive/Repository/EWJ/1858/03/01/TOC.xml"/>
	<DataFiles>
		<Files TYPE="DOC_PDF" PRESENT="1"/>
		<Files TYPE="PAGE_PDF" PRESENT="0"/>
		<Files TYPE="DOC_IMG" PRESENT="0"/>
		<Files TYPE="PAGE_IMG" PRESENT="0"/>
		<Files TYPE="PAGE_VIEW_IMG" PRESENT="1"/>
		<Files TYPE="PAGE_PREVIEW_IMG" PRESENT="1"/>
		<Files TYPE="PRIMITIVE_IMG" PRESENT="1"/>
		<Files TYPE="SNIPPET_IMG" PRESENT="1"/>
	</DataFiles>
	<Content>
		<Primitive BOX="24 12 829 90" ID="Ar0420100" SEQ_NO="0" TOC_ENTRY_ID="51" DEPTH_LEVEL="1">
			<L BOX="79 46 591 85"/>
			<W BOX="79 46 104 85" STYLE_REF="15">42</W>
			<W BOX="282 46 398 85" STYLE_REF="15">BRADSHAW</W>
			<W BOX="414 46 456 85" STYLE_REF="15">THE</W>
			<W BOX="471 46 575 85" STYLE_REF="15" NS="y">BETBAYEB</W>
			<W BOX="575 46 591 85" STYLE_REF="15">.</W>
		</Primitive>
	</Content>
	<TOC_Entries><TOC_Entry TOC_ENTRY_ID="91" TITLE="42 BRADSHAW THE BETBAYEB." ENTITY_ID_REF="Ar04201" PAGE_NO="42" PAGE_LABEL="42" PRIM_ID_REF="Ar0420100" IS_IC="true"/></TOC_Entries></XMD-entity>
