<?xml version="1.0" encoding="windows-1252" standalone="no"?>
<XMD-PAGE REPOSITORY_FORMAT="1.0" PRXML_VER="2.0">
	<Meta ISSUE_DATE="01/03/1858" RELEASE_NO="041-EWJ-1858-03-01-001-SINGLE" PAGE_NO="42" NAME="" PAGE_LABEL="42" PAGE_TYPE="Single" PUBLISHER="Olive" PUBLICATION="EWJ" SOURCE_TYPE="TIFF" SOURCE_RESOLUTION="72" IMAGES_RESOLUTION="86" PAGE_THUMBNAIL_RESOLUTION="86" PAGE_PREVIEW_RESOLUTION="15" DEFAULT_IMG_EXT="png" IMG_EXT="png" PREVIEW_IMG_EXT="png" XMD_VER="2.6.238.8" PROFILE_ID="D:\pdfs\EWJ\XMD_EWJ.ini" SECTION="None" PAGE_WIDTH="842" PAGE_HEIGHT="1244" PAGES_NUMBER="72" BASE_HREF="EWJ/1858/03/01" PDF_DESTINATION_MAPPED="OLV0_Page_0042">
		<Resolutions>
			<Resolution DEFAULT="true">86</Resolution>
		</Resolutions>
	</Meta>
	<Link SOURCE="041-EWJ-1858-03-01-001-SINGLE.PDF" NEXT_SECTION="" PREV_SECTION="1"/>
	<DataFiles>
		<Files TYPE="DOC_PDF" PRESENT="1"/>
		<Files TYPE="PAGE_PDF" PRESENT="0"/>
		<Files TYPE="DOC_IMG" PRESENT="0"/>
		<Files TYPE="PAGE_IMG" PRESENT="0"/>
		<Files TYPE="PAGE_VIEW_IMG" PRESENT="1"/>
		<Files TYPE="PAGE_PREVIEW_IMG" PRESENT="1"/>
		<Files TYPE="PRIMITIVE_IMG" PRESENT="1"/>
		<Files TYPE="SNIPPET_IMG" PRESENT="1"/>
	</DataFiles>
	<Entity ENTITY_TYPE="Article" FIRST_TOC_ENTRY_ID="45" INDEX_IN_DOC="85" DEPTH_LEVEL="1" ID="Ar04200" SIZE="XLarge" BOX="24 90 829 1219" NEXT_SECTION="" PREV_SECTION="1" CONTINUATION_TO="Ar04300" CONTINUATION_FROM="Ar04101" FIRST_CHUNK="Ar03603" IMAGES_RESOLUTION="86" LOGICAL_NAME="true">
		<Name>.+. " Oh Doricles ! your praises are too...</Name>
		<Primitive ID="Ar0420000" BOX="24 90 829 143" ELEMENT_TYPE="Content" SEQ_NO="0" TOC_ENTRY_ID="45" DEPTH_LEVEL="1"/>
		<Primitive ID="Ar0420001" BOX="24 137 829 188" ELEMENT_TYPE="Content" SEQ_NO="1" TOC_ENTRY_ID="45" DEPTH_LEVEL="1"/>
		<Primitive ID="Ar0420002" BOX="24 182 829 235" ELEMENT_TYPE="Content" SEQ_NO="2" TOC_ENTRY_ID="45" DEPTH_LEVEL="1"/>
		<Primitive ID="Ar0420003" BOX="24 228 829 281" ELEMENT_TYPE="Content" SEQ_NO="3" TOC_ENTRY_ID="45" DEPTH_LEVEL="1"/>
		<Primitive ID="Ar0420004" BOX="24 275 829 327" ELEMENT_TYPE="Content" SEQ_NO="4" TOC_ENTRY_ID="45" DEPTH_LEVEL="1"/>
		<Primitive ID="Ar0420005" BOX="24 321 829 374" ELEMENT_TYPE="Content" SEQ_NO="5" TOC_ENTRY_ID="45" DEPTH_LEVEL="1"/>
		<Primitive ID="Ar0420006" BOX="24 367 829 420" ELEMENT_TYPE="Content" SEQ_NO="6" TOC_ENTRY_ID="45" DEPTH_LEVEL="1"/>
		<Primitive ID="Ar0420007" BOX="24 414 829 466" ELEMENT_TYPE="Content" SEQ_NO="7" TOC_ENTRY_ID="45" DEPTH_LEVEL="1"/>
		<Primitive ID="Ar0420008" BOX="24 460 829 512" ELEMENT_TYPE="Content" SEQ_NO="8" TOC_ENTRY_ID="45" DEPTH_LEVEL="1"/>
		<Primitive ID="Ar0420009" BOX="24 506 829 559" ELEMENT_TYPE="Content" SEQ_NO="9" TOC_ENTRY_ID="45" DEPTH_LEVEL="1"/>
		<Primitive ID="Ar0420010" BOX="24 553 829 605" ELEMENT_TYPE="Content" SEQ_NO="10" TOC_ENTRY_ID="45" DEPTH_LEVEL="1"/>
		<Primitive ID="Ar0420011" BOX="24 600 829 652" ELEMENT_TYPE="Content" SEQ_NO="11" TOC_ENTRY_ID="45" DEPTH_LEVEL="1"/>
		<Primitive ID="Ar0420012" BOX="24 647 829 700" ELEMENT_TYPE="Content" SEQ_NO="12" TOC_ENTRY_ID="45" DEPTH_LEVEL="1"/>
		<Primitive ID="Ar0420013" BOX="24 692 829 745" ELEMENT_TYPE="Content" SEQ_NO="13" TOC_ENTRY_ID="45" DEPTH_LEVEL="1"/>
		<Primitive ID="Ar0420014" BOX="24 738 829 792" ELEMENT_TYPE="Content" SEQ_NO="14" TOC_ENTRY_ID="45" DEPTH_LEVEL="1"/>
		<Primitive ID="Ar0420015" BOX="24 785 829 838" ELEMENT_TYPE="Content" SEQ_NO="15" TOC_ENTRY_ID="45" DEPTH_LEVEL="1"/>
		<Primitive ID="Ar0420016" BOX="24 831 829 884" ELEMENT_TYPE="Content" SEQ_NO="16" TOC_ENTRY_ID="45" DEPTH_LEVEL="1"/>
		<Primitive ID="Ar0420017" BOX="24 877 829 933" ELEMENT_TYPE="Content" SEQ_NO="17" TOC_ENTRY_ID="45" DEPTH_LEVEL="1"/>
		<Primitive ID="Ar0420018" BOX="24 924 829 980" ELEMENT_TYPE="Content" SEQ_NO="18" TOC_ENTRY_ID="45" DEPTH_LEVEL="1"/>
		<Primitive ID="Ar0420019" BOX="24 970 829 1023" ELEMENT_TYPE="Content" SEQ_NO="19" TOC_ENTRY_ID="45" DEPTH_LEVEL="1"/>
		<Primitive ID="Ar0420020" BOX="24 1017 829 1070" ELEMENT_TYPE="Content" SEQ_NO="20" TOC_ENTRY_ID="45" DEPTH_LEVEL="1"/>
		<Primitive ID="Ar0420021" BOX="24 1063 829 1117" ELEMENT_TYPE="Content" SEQ_NO="21" TOC_ENTRY_ID="45" DEPTH_LEVEL="1"/>
		<Primitive ID="Ar0420022" BOX="24 1110 829 1164" ELEMENT_TYPE="Content" SEQ_NO="22" TOC_ENTRY_ID="45" DEPTH_LEVEL="1"/>
		<Primitive ID="Ar0420023" BOX="24 1164 829 1219" ELEMENT_TYPE="Content" SEQ_NO="23" TOC_ENTRY_ID="45" DEPTH_LEVEL="1"/>
	</Entity>
	<Entity ENTITY_TYPE="Article" FIRST_TOC_ENTRY_ID="51" INDEX_IN_DOC="105" DEPTH_LEVEL="1" ID="Ar04201" SIZE="Small" BOX="24 12 829 90" NEXT_SECTION="" PREV_SECTION="1" IMAGES_RESOLUTION="86" LOGICAL_NAME="true">
		<Name>42 BRADSHAW THE BETBAYEB.</Name>
		<Primitive ID="Ar0420100" BOX="24 12 829 90" ELEMENT_TYPE="Content" SEQ_NO="0" TOC_ENTRY_ID="51" DEPTH_LEVEL="1"/>
	</Entity>
</XMD-PAGE>