<?xml version="1.0" encoding="windows-1252" standalone="no"?>
<XMD-entity REPOSITORY_FORMAT="1.0" PRXML_VER="2.0" ENTITY_TYPE="Article" DOC_UID="EWJ_01/04/1858" DOC_VER="1" FIRST_TOC_ENTRY_ID="42" DEPTH_LEVEL="1" INDEX_IN_DOC="84" PAGE_NO="33" ID="Ar03301" BOX="24 12 811 83" LANGUAGE="English" SNP="Ar03301S.png" SNP_WIDTH="788" SNP_HEIGHT="71" LOGICAL_NAME="true">
	<Meta NAME="MY GREAT ATJNT POLLY'S ELOPEMENT. 105" DESCRIPTION="" SUBTYPE="" BASE_HREF="EWJ/1858/04/01" SOURCE_TYPE="TIFF" PUBLICATION="EWJ" SECTION="None" ISSUE_DATE="01/04/1858" WORDCNT="9" RELEASE_NO="041-EWJ-1858-04-01-001-SINGLE" PAGE_ID="" PAGE_TYPE="Single" PAGE_WIDTH="823" PAGE_HEIGHT="1239" DEFAULT_IMG_EXT="png" PDF_DESTINATION_MAPPED="OLV0_Entity_0033_0002" IMAGES_RESOLUTION="86" XMD_VER="2.6.238.8" PAGE_LABEL="105"/>
	<Link SOURCE="041-EWJ-1858-04-01-001-SINGLE.PDF" FIRST_ID="Ar00200" LAST_ID="Ar07201" NEXT_ID="" PREV_ID="Ar03300" TOC_ID="d:/Olive/Repository/EWJ/1858/04/01/TOC.xml"/>
	<DataFiles>
		<Files TYPE="DOC_PDF" PRESENT="1"/>
		<Files TYPE="PAGE_PDF" PRESENT="0"/>
		<Files TYPE="DOC_IMG" PRESENT="0"/>
		<Files TYPE="PAGE_IMG" PRESENT="0"/>
		<Files TYPE="PAGE_VIEW_IMG" PRESENT="1"/>
		<Files TYPE="PAGE_PREVIEW_IMG" PRESENT="1"/>
		<Files TYPE="PRIMITIVE_IMG" PRESENT="1"/>
		<Files TYPE="SNIPPET_IMG" PRESENT="1"/>
	</DataFiles>
	<Content>
		<Primitive BOX="24 12 811 83" ID="Ar0330100" SEQ_NO="0" TOC_ENTRY_ID="42" DEPTH_LEVEL="1">
			<L BOX="202 49 765 77"/>
			<W BOX="202 53 234 75" STYLE_REF="20">MY</W>
			<W BOX="246 52 313 76" STYLE_REF="7">GREAT</W>
			<Q BOX="326 52 340 76" STYLE_REF="7" QID="1">A</Q>
			<Q BOX="342 52 369 76" STYLE_REF="7" QID="1">TJN</Q>
			<q BOX="370 52 382 76" STYLE_REF="7" QID="1">T</q>
			<QW QID="1">ATJNT</QW>
			<W BOX="396 52 463 76" STYLE_REF="7" NS="y">POLLY</W>
			<W BOX="464 49 471 73" STYLE_REF="7" NS="y">'</W>
			<W BOX="469 52 479 76" STYLE_REF="7">S</W>
			<W BOX="493 52 617 76" STYLE_REF="7" NS="y">ELOPEMENT</W>
			<W BOX="619 52 623 76" STYLE_REF="7">.</W>
			<W BOX="727 54 765 77" STYLE_REF="7">105</W>
		</Primitive>
	</Content>
	<TOC_Entries><TOC_Entry TOC_ENTRY_ID="72" TITLE="MY GREAT ATJNT POLLY'S ELOPEMENT. 105" ENTITY_ID_REF="Ar03301" PAGE_NO="33" PAGE_LABEL="105" PRIM_ID_REF="Ar0330100" IS_IC="true"/></TOC_Entries></XMD-entity>
