<?xml version="1.0" encoding="windows-1252" standalone="no"?>
<XMD-PAGE REPOSITORY_FORMAT="1.0" PRXML_VER="2.0">
	<Meta ISSUE_DATE="01/04/1858" RELEASE_NO="041-EWJ-1858-04-01-001-SINGLE" PAGE_NO="33" NAME="" PAGE_LABEL="105" PAGE_TYPE="Single" PUBLISHER="Olive" PUBLICATION="EWJ" SOURCE_TYPE="TIFF" SOURCE_RESOLUTION="72" IMAGES_RESOLUTION="86" PAGE_THUMBNAIL_RESOLUTION="86" PAGE_PREVIEW_RESOLUTION="15" DEFAULT_IMG_EXT="png" IMG_EXT="png" PREVIEW_IMG_EXT="png" XMD_VER="2.6.238.8" PROFILE_ID="D:\pdfs\EWJ\XMD_EWJ.ini" SECTION="None" PAGE_WIDTH="823" PAGE_HEIGHT="1239" PAGES_NUMBER="72" BASE_HREF="EWJ/1858/04/01" PDF_DESTINATION_MAPPED="OLV0_Page_0033">
		<Resolutions>
			<Resolution DEFAULT="true">86</Resolution>
		</Resolutions>
	</Meta>
	<Link SOURCE="041-EWJ-1858-04-01-001-SINGLE.PDF" NEXT_SECTION="" PREV_SECTION="1"/>
	<DataFiles>
		<Files TYPE="DOC_PDF" PRESENT="1"/>
		<Files TYPE="PAGE_PDF" PRESENT="0"/>
		<Files TYPE="DOC_IMG" PRESENT="0"/>
		<Files TYPE="PAGE_IMG" PRESENT="0"/>
		<Files TYPE="PAGE_VIEW_IMG" PRESENT="1"/>
		<Files TYPE="PAGE_PREVIEW_IMG" PRESENT="1"/>
		<Files TYPE="PRIMITIVE_IMG" PRESENT="1"/>
		<Files TYPE="SNIPPET_IMG" PRESENT="1"/>
	</DataFiles>
	<Entity ENTITY_TYPE="Article" FIRST_TOC_ENTRY_ID="41" INDEX_IN_DOC="71" DEPTH_LEVEL="1" ID="Ar03300" SIZE="XLarge" BOX="24 83 811 1214" NEXT_SECTION="" PREV_SECTION="1" CONTINUATION_TO="Ar03400" CONTINUATION_FROM="Ar03202" FIRST_CHUNK="Ar03202" IMAGES_RESOLUTION="86" LOGICAL_NAME="true">
		<Name>babl Dear y be Reader declared .�The by ...</Name>
		<Primitive ID="Ar0330000" BOX="24 83 811 144" ELEMENT_TYPE="Content" SEQ_NO="0" TOC_ENTRY_ID="41" DEPTH_LEVEL="1"/>
		<Primitive ID="Ar0330001" BOX="24 139 811 191" ELEMENT_TYPE="Content" SEQ_NO="1" TOC_ENTRY_ID="41" DEPTH_LEVEL="1"/>
		<Primitive ID="Ar0330002" BOX="24 185 811 238" ELEMENT_TYPE="Content" SEQ_NO="2" TOC_ENTRY_ID="41" DEPTH_LEVEL="1"/>
		<Primitive ID="Ar0330003" BOX="24 231 811 283" ELEMENT_TYPE="Content" SEQ_NO="3" TOC_ENTRY_ID="41" DEPTH_LEVEL="1"/>
		<Primitive ID="Ar0330004" BOX="24 277 811 329" ELEMENT_TYPE="Content" SEQ_NO="4" TOC_ENTRY_ID="41" DEPTH_LEVEL="1"/>
		<Primitive ID="Ar0330005" BOX="24 323 811 375" ELEMENT_TYPE="Content" SEQ_NO="5" TOC_ENTRY_ID="41" DEPTH_LEVEL="1"/>
		<Primitive ID="Ar0330006" BOX="24 369 811 421" ELEMENT_TYPE="Content" SEQ_NO="6" TOC_ENTRY_ID="41" DEPTH_LEVEL="1"/>
		<Primitive ID="Ar0330007" BOX="24 415 811 467" ELEMENT_TYPE="Content" SEQ_NO="7" TOC_ENTRY_ID="41" DEPTH_LEVEL="1"/>
		<Primitive ID="Ar0330008" BOX="24 461 811 513" ELEMENT_TYPE="Content" SEQ_NO="8" TOC_ENTRY_ID="41" DEPTH_LEVEL="1"/>
		<Primitive ID="Ar0330009" BOX="24 507 811 559" ELEMENT_TYPE="Content" SEQ_NO="9" TOC_ENTRY_ID="41" DEPTH_LEVEL="1"/>
		<Primitive ID="Ar0330010" BOX="24 553 811 606" ELEMENT_TYPE="Content" SEQ_NO="10" TOC_ENTRY_ID="41" DEPTH_LEVEL="1"/>
		<Primitive ID="Ar0330011" BOX="24 599 811 652" ELEMENT_TYPE="Content" SEQ_NO="11" TOC_ENTRY_ID="41" DEPTH_LEVEL="1"/>
		<Primitive ID="Ar0330012" BOX="24 645 811 697" ELEMENT_TYPE="Content" SEQ_NO="12" TOC_ENTRY_ID="41" DEPTH_LEVEL="1"/>
		<Primitive ID="Ar0330013" BOX="24 691 811 743" ELEMENT_TYPE="Content" SEQ_NO="13" TOC_ENTRY_ID="41" DEPTH_LEVEL="1"/>
		<Primitive ID="Ar0330014" BOX="24 737 811 786" ELEMENT_TYPE="Content" SEQ_NO="14" TOC_ENTRY_ID="41" DEPTH_LEVEL="1"/>
		<Primitive ID="Ar0330015" BOX="24 782 811 836" ELEMENT_TYPE="Content" SEQ_NO="15" TOC_ENTRY_ID="41" DEPTH_LEVEL="1"/>
		<Primitive ID="Ar0330016" BOX="24 828 811 880" ELEMENT_TYPE="Content" SEQ_NO="16" TOC_ENTRY_ID="41" DEPTH_LEVEL="1"/>
		<Primitive ID="Ar0330017" BOX="24 875 811 926" ELEMENT_TYPE="Content" SEQ_NO="17" TOC_ENTRY_ID="41" DEPTH_LEVEL="1"/>
		<Primitive ID="Ar0330018" BOX="24 921 811 973" ELEMENT_TYPE="Content" SEQ_NO="18" TOC_ENTRY_ID="41" DEPTH_LEVEL="1"/>
		<Primitive ID="Ar0330019" BOX="24 967 811 1019" ELEMENT_TYPE="Content" SEQ_NO="19" TOC_ENTRY_ID="41" DEPTH_LEVEL="1"/>
		<Primitive ID="Ar0330020" BOX="24 1013 811 1065" ELEMENT_TYPE="Content" SEQ_NO="20" TOC_ENTRY_ID="41" DEPTH_LEVEL="1"/>
		<Primitive ID="Ar0330021" BOX="24 1059 811 1111" ELEMENT_TYPE="Content" SEQ_NO="21" TOC_ENTRY_ID="41" DEPTH_LEVEL="1"/>
		<Primitive ID="Ar0330022" BOX="24 1105 811 1157" ELEMENT_TYPE="Content" SEQ_NO="22" TOC_ENTRY_ID="41" DEPTH_LEVEL="1"/>
		<Primitive ID="Ar0330023" BOX="24 1150 811 1180" ELEMENT_TYPE="Content" SEQ_NO="23" TOC_ENTRY_ID="41" DEPTH_LEVEL="1"/>
		<Primitive ID="Ar0330024" BOX="24 1180 811 1214" ELEMENT_TYPE="Content" SEQ_NO="24" TOC_ENTRY_ID="41" DEPTH_LEVEL="1"/>
	</Entity>
	<Entity ENTITY_TYPE="Article" FIRST_TOC_ENTRY_ID="42" INDEX_IN_DOC="84" DEPTH_LEVEL="1" ID="Ar03301" SIZE="Small" BOX="24 12 811 83" NEXT_SECTION="" PREV_SECTION="1" IMAGES_RESOLUTION="86" LOGICAL_NAME="true">
		<Name>MY GREAT ATJNT POLLY'S ELOPEMENT. 105</Name>
		<Primitive ID="Ar0330100" BOX="24 12 811 83" ELEMENT_TYPE="Content" SEQ_NO="0" TOC_ENTRY_ID="42" DEPTH_LEVEL="1"/>
	</Entity>
</XMD-PAGE>