<?xml version="1.0" encoding="windows-1252" standalone="no"?>
<XMD-entity REPOSITORY_FORMAT="1.0" PRXML_VER="2.0" ENTITY_TYPE="Article" DOC_UID="EWJ_01/03/1858" DOC_VER="1" FIRST_TOC_ENTRY_ID="77" DEPTH_LEVEL="1" INDEX_IN_DOC="137" PAGE_NO="62" ID="Ar06201" BOX="24 12 829 102" LANGUAGE="English" SNP="Ar06201S.png" SNP_WIDTH="806" SNP_HEIGHT="91" LOGICAL_NAME="true">
	<Meta NAME="62 NOTICES OF BOOKS." DESCRIPTION="" SUBTYPE="" BASE_HREF="EWJ/1858/03/01" SOURCE_TYPE="TIFF" PUBLICATION="EWJ" SECTION="None" ISSUE_DATE="01/03/1858" WORDCNT="4" RELEASE_NO="041-EWJ-1858-03-01-001-SINGLE" PAGE_ID="" PAGE_TYPE="Single" PAGE_WIDTH="842" PAGE_HEIGHT="1244" DEFAULT_IMG_EXT="png" PDF_DESTINATION_MAPPED="OLV0_Entity_0062_0002" IMAGES_RESOLUTION="86" XMD_VER="2.6.238.8" PAGE_LABEL="62"/>
	<Link SOURCE="041-EWJ-1858-03-01-001-SINGLE.PDF" FIRST_ID="Ar00200" LAST_ID="Ar07201" NEXT_ID="" PREV_ID="Ar06200" TOC_ID="d:/Olive/Repository/EWJ/1858/03/01/TOC.xml"/>
	<DataFiles>
		<Files TYPE="DOC_PDF" PRESENT="1"/>
		<Files TYPE="PAGE_PDF" PRESENT="0"/>
		<Files TYPE="DOC_IMG" PRESENT="0"/>
		<Files TYPE="PAGE_IMG" PRESENT="0"/>
		<Files TYPE="PAGE_VIEW_IMG" PRESENT="1"/>
		<Files TYPE="PAGE_PREVIEW_IMG" PRESENT="1"/>
		<Files TYPE="PRIMITIVE_IMG" PRESENT="1"/>
		<Files TYPE="SNIPPET_IMG" PRESENT="1"/>
	</DataFiles>
	<Content>
		<Primitive BOX="24 12 829 102" ID="Ar0620100" SEQ_NO="0" TOC_ENTRY_ID="77" DEPTH_LEVEL="1">
			<L BOX="93 59 547 89"/>
			<W BOX="93 61 117 89" STYLE_REF="5">62</W>
			<W BOX="333 59 421 88" STYLE_REF="5">NOTICES</W>
			<W BOX="434 59 461 88" STYLE_REF="5">OF</W>
			<W BOX="474 59 542 87" STYLE_REF="5" NS="y">BOOKS</W>
			<W BOX="542 59 547 87" STYLE_REF="5">.</W>
		</Primitive>
	</Content>
	<TOC_Entries><TOC_Entry TOC_ENTRY_ID="136" TITLE="62 NOTICES OF BOOKS." ENTITY_ID_REF="Ar06201" PAGE_NO="62" PAGE_LABEL="62" PRIM_ID_REF="Ar0620100" IS_IC="true"/></TOC_Entries></XMD-entity>
