<?xml version="1.0" encoding="windows-1252" standalone="no"?>
<XMD-PAGE REPOSITORY_FORMAT="1.0" PRXML_VER="2.0">
	<Meta ISSUE_DATE="01/03/1858" RELEASE_NO="041-EWJ-1858-03-01-001-SINGLE" PAGE_NO="62" NAME="" PAGE_LABEL="62" PAGE_TYPE="Single" PUBLISHER="Olive" PUBLICATION="EWJ" SOURCE_TYPE="TIFF" SOURCE_RESOLUTION="72" IMAGES_RESOLUTION="86" PAGE_THUMBNAIL_RESOLUTION="86" PAGE_PREVIEW_RESOLUTION="15" DEFAULT_IMG_EXT="png" IMG_EXT="png" PREVIEW_IMG_EXT="png" XMD_VER="2.6.238.8" PROFILE_ID="D:\pdfs\EWJ\XMD_EWJ.ini" SECTION="None" PAGE_WIDTH="842" PAGE_HEIGHT="1244" PAGES_NUMBER="72" BASE_HREF="EWJ/1858/03/01" PDF_DESTINATION_MAPPED="OLV0_Page_0062">
		<Resolutions>
			<Resolution DEFAULT="true">86</Resolution>
		</Resolutions>
	</Meta>
	<Link SOURCE="041-EWJ-1858-03-01-001-SINGLE.PDF" NEXT_SECTION="" PREV_SECTION="1"/>
	<DataFiles>
		<Files TYPE="DOC_PDF" PRESENT="1"/>
		<Files TYPE="PAGE_PDF" PRESENT="0"/>
		<Files TYPE="DOC_IMG" PRESENT="0"/>
		<Files TYPE="PAGE_IMG" PRESENT="0"/>
		<Files TYPE="PAGE_VIEW_IMG" PRESENT="1"/>
		<Files TYPE="PAGE_PREVIEW_IMG" PRESENT="1"/>
		<Files TYPE="PRIMITIVE_IMG" PRESENT="1"/>
		<Files TYPE="SNIPPET_IMG" PRESENT="1"/>
	</DataFiles>
	<Entity ENTITY_TYPE="Article" FIRST_TOC_ENTRY_ID="74" INDEX_IN_DOC="133" DEPTH_LEVEL="1" ID="Ar06200" SIZE="XLarge" BOX="24 102 829 1219" NEXT_SECTION="" PREV_SECTION="1" CONTINUATION_TO="Ar06300" CONTINUATION_FROM="Ar06100" FIRST_CHUNK="Ar05903" IMAGES_RESOLUTION="86" LOGICAL_NAME="true">
		<Name>* * 1.�The Angel John in the W House . P...</Name>
		<Primitive ID="Ar0620000" BOX="24 102 829 157" ELEMENT_TYPE="Content" SEQ_NO="0" TOC_ENTRY_ID="74" DEPTH_LEVEL="1"/>
		<Primitive ID="Ar0620001" BOX="24 149 829 197" ELEMENT_TYPE="Content" SEQ_NO="1" TOC_ENTRY_ID="74" DEPTH_LEVEL="1"/>
		<Primitive ID="Ar0620002" BOX="24 197 829 264" ELEMENT_TYPE="Content" SEQ_NO="2" TOC_ENTRY_ID="74" DEPTH_LEVEL="1"/>
		<Primitive ID="Ar0620003" BOX="24 252 829 309" ELEMENT_TYPE="Content" SEQ_NO="3" TOC_ENTRY_ID="74" DEPTH_LEVEL="1"/>
		<Primitive ID="Ar0620004" BOX="24 309 829 366" ELEMENT_TYPE="Content" SEQ_NO="4" TOC_ENTRY_ID="74" DEPTH_LEVEL="1"/>
		<Primitive ID="Ar0620005" BOX="24 360 829 412" ELEMENT_TYPE="Content" SEQ_NO="5" TOC_ENTRY_ID="74" DEPTH_LEVEL="1"/>
		<Primitive ID="Ar0620006" BOX="24 405 829 501" ELEMENT_TYPE="Content" SEQ_NO="6" TOC_ENTRY_ID="74" DEPTH_LEVEL="1"/>
		<Primitive ID="Ar0620007" BOX="24 490 829 560" ELEMENT_TYPE="Content" SEQ_NO="7" TOC_ENTRY_ID="74" DEPTH_LEVEL="1"/>
		<Primitive ID="Ar0620008" BOX="24 552 829 618" ELEMENT_TYPE="Content" SEQ_NO="8" TOC_ENTRY_ID="74" DEPTH_LEVEL="1"/>
		<Primitive ID="Ar0620009" BOX="24 606 829 673" ELEMENT_TYPE="Content" SEQ_NO="9" TOC_ENTRY_ID="74" DEPTH_LEVEL="1"/>
		<Primitive ID="Ar0620010" BOX="24 663 829 719" ELEMENT_TYPE="Content" SEQ_NO="10" TOC_ENTRY_ID="74" DEPTH_LEVEL="1"/>
		<Primitive ID="Ar0620011" BOX="24 709 829 764" ELEMENT_TYPE="Content" SEQ_NO="11" TOC_ENTRY_ID="74" DEPTH_LEVEL="1"/>
		<Primitive ID="Ar0620012" BOX="24 752 829 810" ELEMENT_TYPE="Content" SEQ_NO="12" TOC_ENTRY_ID="74" DEPTH_LEVEL="1"/>
		<Primitive ID="Ar0620013" BOX="24 801 829 857" ELEMENT_TYPE="Content" SEQ_NO="13" TOC_ENTRY_ID="74" DEPTH_LEVEL="1"/>
		<Primitive ID="Ar0620014" BOX="24 847 829 902" ELEMENT_TYPE="Content" SEQ_NO="14" TOC_ENTRY_ID="74" DEPTH_LEVEL="1"/>
		<Primitive ID="Ar0620015" BOX="24 902 829 951" ELEMENT_TYPE="Content" SEQ_NO="15" TOC_ENTRY_ID="74" DEPTH_LEVEL="1"/>
		<Primitive ID="Ar0620016" BOX="24 951 829 1008" ELEMENT_TYPE="Content" SEQ_NO="16" TOC_ENTRY_ID="74" DEPTH_LEVEL="1"/>
		<Primitive ID="Ar0620017" BOX="24 998 829 1054" ELEMENT_TYPE="Content" SEQ_NO="17" TOC_ENTRY_ID="74" DEPTH_LEVEL="1"/>
		<Primitive ID="Ar0620018" BOX="24 1045 829 1100" ELEMENT_TYPE="Content" SEQ_NO="18" TOC_ENTRY_ID="74" DEPTH_LEVEL="1"/>
		<Primitive ID="Ar0620019" BOX="24 1090 829 1146" ELEMENT_TYPE="Content" SEQ_NO="19" TOC_ENTRY_ID="74" DEPTH_LEVEL="1"/>
		<Primitive ID="Ar0620020" BOX="24 1146 829 1219" ELEMENT_TYPE="Content" SEQ_NO="20" TOC_ENTRY_ID="74" DEPTH_LEVEL="1"/>
	</Entity>
	<Entity ENTITY_TYPE="Article" FIRST_TOC_ENTRY_ID="77" INDEX_IN_DOC="137" DEPTH_LEVEL="1" ID="Ar06201" SIZE="Small" BOX="24 12 829 102" NEXT_SECTION="" PREV_SECTION="1" IMAGES_RESOLUTION="86" LOGICAL_NAME="true">
		<Name>62 NOTICES OF BOOKS.</Name>
		<Primitive ID="Ar0620100" BOX="24 12 829 102" ELEMENT_TYPE="Content" SEQ_NO="0" TOC_ENTRY_ID="77" DEPTH_LEVEL="1"/>
	</Entity>
</XMD-PAGE>