<?xml version="1.0" encoding="windows-1252" standalone="no"?>
<XMD-entity REPOSITORY_FORMAT="1.0" PRXML_VER="2.0" ENTITY_TYPE="Article" DOC_UID="EWJ_01/03/1858" DOC_VER="1" FIRST_TOC_ENTRY_ID="45" DEPTH_LEVEL="1" INDEX_IN_DOC="79" PAGE_NO="36" ID="Ar03603" BOX="23 777 828 1219" LANGUAGE="English" CONTINUATION_TO="Ar03701" SNP="Ar03603S.png" SNP_WIDTH="806" SNP_HEIGHT="68" LOGICAL_NAME="true">
	<Meta NAME=".+. &quot; Oh Doricles ! your praises are too..." DESCRIPTION="" SUBTYPE="" BASE_HREF="EWJ/1858/03/01" SOURCE_TYPE="TIFF" PUBLICATION="EWJ" SECTION="None" ISSUE_DATE="01/03/1858" WORDCNT="212" RELEASE_NO="041-EWJ-1858-03-01-001-SINGLE" PAGE_ID="" PAGE_TYPE="Single" PAGE_WIDTH="842" PAGE_HEIGHT="1244" DEFAULT_IMG_EXT="png" PDF_DESTINATION_MAPPED="OLV0_Entity_0036_0004" IMAGES_RESOLUTION="86" XMD_VER="2.6.238.8" PAGE_LABEL="36"/>
	<Link SOURCE="041-EWJ-1858-03-01-001-SINGLE.PDF" FIRST_ID="Ar00200" LAST_ID="Ar07201" NEXT_ID="" PREV_ID="Ar03602" TOC_ID="d:/Olive/Repository/EWJ/1858/03/01/TOC.xml"/>
	<DataFiles>
		<Files TYPE="DOC_PDF" PRESENT="1"/>
		<Files TYPE="PAGE_PDF" PRESENT="0"/>
		<Files TYPE="DOC_IMG" PRESENT="0"/>
		<Files TYPE="PAGE_IMG" PRESENT="0"/>
		<Files TYPE="PAGE_VIEW_IMG" PRESENT="1"/>
		<Files TYPE="PAGE_PREVIEW_IMG" PRESENT="1"/>
		<Files TYPE="PRIMITIVE_IMG" PRESENT="1"/>
		<Files TYPE="SNIPPET_IMG" PRESENT="1"/>
	</DataFiles>
	<Content>
		<Primitive BOX="23 777 828 844" ID="Ar0360300" SEQ_NO="0" TOC_ENTRY_ID="45" DEPTH_LEVEL="1">
			<L BOX="428 775 447 799"/>
			<Q BOX="428 775 434 799" STYLE_REF="18" QID="1">.</Q>
			<Q BOX="432 775 444 799" STYLE_REF="18" QID="1">+</Q>
			<q BOX="443 775 447 799" STYLE_REF="18" QID="1">.</q>
			<QW QID="1">.+.</QW>
			<L BOX="163 811 714 844" P="S"/>
			<W BOX="163 815 173 843" STYLE_REF="5">"</W>
			<W BOX="179 813 204 841" STYLE_REF="5">Oh</W>
			<W BOX="211 813 281 841" STYLE_REF="5">Doricles</W>
			<W BOX="286 813 292 841" STYLE_REF="5">!</W>
			<W BOX="303 813 344 841" STYLE_REF="5">your</W>
			<W BOX="351 813 410 841" STYLE_REF="5">praises</W>
			<W BOX="417 813 443 841" STYLE_REF="5">are</W>
			<W BOX="450 813 477 841" STYLE_REF="5">too</W>
			<W BOX="484 813 528 841" STYLE_REF="5" NS="y">large</W>
			<W BOX="528 811 534 840" STYLE_REF="5" NS="y">,</W>
			<W BOX="534 815 547 844" STYLE_REF="5" NS="y">"</W>
			<Q BOX="544 815 565 844" STYLE_REF="5" LH="y" QID="2">�</Q>
			<q BOX="565 813 638 842" STYLE_REF="5" NS="y" QID="2">Winter</q>
			<QW QID="2">�Winter</QW>
			<W BOX="639 816 646 844" STYLE_REF="5" NS="y">'</W>
			<W BOX="644 814 653 842" STYLE_REF="5">s</W>
			<W BOX="661 814 707 842" STYLE_REF="5" NS="y">Tale</W>
			<W BOX="707 814 714 842" STYLE_REF="5">.</W>
		</Primitive>
		<Primitive BOX="23 844 828 908" ID="Ar0360301" SEQ_NO="1" TOC_ENTRY_ID="45" DEPTH_LEVEL="1">
			<L BOX="88 853 783 884" P="S"/>
			<W BOX="88 853 98 882" STYLE_REF="5">I</W>
			<W BOX="105 853 133 882" STYLE_REF="5">am</W>
			<W BOX="141 853 151 882" STYLE_REF="5">a</W>
			<W BOX="160 853 293 882" STYLE_REF="5">conscientious</W>
			<W BOX="301 853 387 882" STYLE_REF="5" NS="y">traveller</W>
			<W BOX="390 854 395 883" STYLE_REF="5">,</W>
			<W BOX="402 855 437 883" STYLE_REF="5">and</W>
			<W BOX="446 855 456 883" STYLE_REF="5">I</W>
			<W BOX="464 855 537 883" STYLE_REF="5">believe</W>
			<W BOX="546 855 565 883" STYLE_REF="5">in</W>
			<W BOX="574 855 604 883" STYLE_REF="5" NS="y">Mr</W>
			<W BOX="604 855 610 883" STYLE_REF="5">.</W>
			<Q BOX="616 855 649 883" STYLE_REF="5" QID="3">Mu</Q>
			<q BOX="650 855 692 883" STYLE_REF="5" NS="y" QID="3">rray</q>
			<QW QID="3">Murray</QW>
			<W BOX="693 855 698 883" STYLE_REF="5">.</W>
			<W BOX="723 855 734 883" STYLE_REF="5">I</W>
			<Q BOX="738 856 757 884" STYLE_REF="5" QID="4">vi</Q>
			<q BOX="758 856 783 884" STYLE_REF="5" QID="4">sit</q>
			<QW QID="4">visit</QW>
			<L BOX="87 876 775 906"/>
			<W BOX="87 876 111 905" STYLE_REF="5">all</W>
			<W BOX="126 876 157 905" STYLE_REF="5">the</W>
			<W BOX="169 876 259 905" STYLE_REF="5" NS="y">churches</W>
			<W BOX="260 877 265 905" STYLE_REF="5">,</W>
			<W BOX="274 877 331 905" STYLE_REF="5">climb</W>
			<W BOX="338 877 363 905" STYLE_REF="5">all</W>
			<W BOX="372 877 404 905" STYLE_REF="5">the</W>
			<Q BOX="411 877 519 906" STYLE_REF="5" QID="5">mountains</Q>
			<q BOX="533 878 602 906" STYLE_REF="5" QID="5">admire</q>
			<QW QID="5">mountainsadmire</QW>
			<W BOX="614 878 639 906" STYLE_REF="5">all</W>
			<W BOX="651 878 684 906" STYLE_REF="5">the</W>
			<Q BOX="694 878 707 906" STYLE_REF="5" QID="6">p</Q>
			<q BOX="707 878 775 906" STYLE_REF="5" QID="6">ictures</q>
			<QW QID="6">pictures</QW>
		</Primitive>
		<Primitive BOX="23 899 828 953" ID="Ar0360302" SEQ_NO="2" TOC_ENTRY_ID="45" DEPTH_LEVEL="1">
			<L BOX="86 878 783 929"/>
			<W BOX="86 899 123 928" STYLE_REF="5">and</W>
			<W BOX="137 900 171 928" STYLE_REF="5">put</W>
			<W BOX="182 900 209 928" STYLE_REF="5">up</W>
			<W BOX="221 900 240 928" STYLE_REF="5">at</W>
			<W BOX="251 900 276 928" STYLE_REF="5">all</W>
			<W BOX="287 900 320 928" STYLE_REF="5">the</W>
			<W BOX="333 900 376 928" STYLE_REF="5">inns</W>
			<W BOX="388 900 450 928" STYLE_REF="5">which</W>
			<W BOX="463 900 487 928" STYLE_REF="5">he</W>
			<W BOX="500 900 629 929" STYLE_REF="5">recommends</W>
			<W BOX="519 878 524 906" STYLE_REF="5">,</W>
			<W BOX="639 901 659 929" STYLE_REF="5">to</W>
			<W BOX="670 901 703 929" STYLE_REF="5">my</W>
			<W BOX="714 901 776 929" STYLE_REF="5">notice</W>
			<W BOX="776 880 783 908" STYLE_REF="5">,</W>
			<W BOX="776 901 783 929" STYLE_REF="5">.</W>
			<L BOX="86 921 780 953"/>
			<Q BOX="86 921 95 950" STYLE_REF="5" QID="7">"</Q>
			<q BOX="93 921 144 950" STYLE_REF="5" QID="7">When</q>
			<QW QID="7">"When</QW>
			<W BOX="158 922 182 951" STYLE_REF="5">he</W>
			<W BOX="194 922 274 951" STYLE_REF="5">predicts</W>
			<Q BOX="282 922 304 951" STYLE_REF="5" QID="8">th</Q>
			<q BOX="304 922 322 951" STYLE_REF="5" QID="8">at</q>
			<QW QID="8">that</QW>
			<W BOX="336 925 347 953" STYLE_REF="5">"</W>
			<W BOX="353 923 385 952" STYLE_REF="5">the</W>
			<W BOX="395 923 481 952" STYLE_REF="5">traveller</W>
			<W BOX="489 923 531 952" STYLE_REF="5">will</W>
			<W BOX="540 924 606 952" STYLE_REF="5">behold</W>
			<W BOX="619 924 666 952" STYLE_REF="5">with</W>
			<W BOX="677 924 688 952" STYLE_REF="5">a</W>
			<W BOX="700 924 780 952" STYLE_REF="5">shudder</W>
		</Primitive>
		<Primitive BOX="23 945 828 998" ID="Ar0360303" SEQ_NO="3" TOC_ENTRY_ID="45" DEPTH_LEVEL="1">
			<L BOX="85 945 781 976"/>
			<W BOX="85 945 117 973" STYLE_REF="5">the</W>
			<W BOX="129 945 200 973" STYLE_REF="5">boiling</W>
			<W BOX="211 945 281 973" STYLE_REF="5">torrent</W>
			<W BOX="293 945 356 973" STYLE_REF="5">which</W>
			<Q BOX="367 946 380 975" STYLE_REF="5" QID="9">p</Q>
			<Q BOX="380 946 387 974" STYLE_REF="5" QID="9">l</Q>
			<Q BOX="388 946 437 974" STYLE_REF="5" QID="9">unge</Q>
			<q BOX="436 946 446 975" STYLE_REF="5" QID="9">s</q>
			<QW QID="9">plunges</QW>
			<W BOX="458 946 537 975" STYLE_REF="5">beneath</W>
			<W BOX="550 946 580 975" STYLE_REF="5">his</W>
			<W BOX="591 946 627 975" STYLE_REF="5">feet</W>
			<W BOX="640 946 659 975" STYLE_REF="5">to</W>
			<W BOX="671 946 682 975" STYLE_REF="5">a</W>
			<W BOX="695 947 750 975" STYLE_REF="5">depth</W>
			<W BOX="762 948 781 976" STYLE_REF="5">of</W>
			<L BOX="85 968 779 998"/>
			<W BOX="85 968 103 997" STYLE_REF="5" NS="y">&amp;</W>
			<W BOX="103 968 112 997" STYLE_REF="5" NS="y">c</W>
			<W BOX="112 968 117 997" STYLE_REF="5">.</W>
			<W BOX="124 968 144 997" STYLE_REF="5" NS="y">&amp;</W>
			<W BOX="144 968 157 997" STYLE_REF="5" NS="y">c</W>
			<W BOX="158 968 164 996" STYLE_REF="5" NS="y">,</W>
			<W BOX="164 968 174 996" STYLE_REF="5">"</W>
			<W BOX="182 968 192 996" STYLE_REF="5">I</W>
			<W BOX="199 968 245 997" STYLE_REF="5">peep</W>
			<W BOX="253 968 296 997" STYLE_REF="5">over</W>
			<W BOX="303 968 335 997" STYLE_REF="5">the</W>
			<Q BOX="340 968 390 997" STYLE_REF="5" QID="10">preci</Q>
			<Q BOX="391 970 405 998" STYLE_REF="5" QID="10">p</Q>
			<q BOX="405 969 432 997" STYLE_REF="5" QID="10">ice</q>
			<QW QID="10">precipice</QW>
			<W BOX="440 969 476 997" STYLE_REF="5">and</W>
			<W BOX="485 969 566 997" STYLE_REF="5">shudder</W>
			<Q BOX="574 969 672 997" STYLE_REF="5" QID="11">according</Q>
			<Q BOX="672 969 678 997" STYLE_REF="5" QID="11">l</Q>
			<q BOX="679 970 693 998" STYLE_REF="5" NS="y" QID="11">y</q>
			<QW QID="11">accordingly</QW>
			<W BOX="693 970 700 998" STYLE_REF="5">.</W>
			<W BOX="720 970 779 998" STYLE_REF="5">When</W>
		</Primitive>
		<Primitive BOX="23 991 828 1045" ID="Ar0360304" SEQ_NO="4" TOC_ENTRY_ID="45" DEPTH_LEVEL="1">
			<L BOX="85 991 780 1023"/>
			<W BOX="85 991 108 1019" STYLE_REF="5">he</W>
			<Q BOX="116 991 170 1019" STYLE_REF="5" QID="12">kindl</Q>
			<q BOX="170 991 183 1019" STYLE_REF="5" QID="12">y</q>
			<QW QID="12">kindly</QW>
			<W BOX="192 991 276 1019" STYLE_REF="5">observes</W>
			<W BOX="284 991 325 1019" STYLE_REF="5">that</W>
			<W BOX="334 994 344 1023" STYLE_REF="5">"</W>
			<W BOX="349 992 381 1020" STYLE_REF="5">the</W>
			<W BOX="389 992 476 1020" STYLE_REF="5">traveller</W>
			<W BOX="483 992 524 1021" STYLE_REF="5">will</W>
			<W BOX="531 992 576 1021" STYLE_REF="5">here</W>
			<W BOX="584 992 636 1021" STYLE_REF="5">leave</W>
			<W BOX="648 992 680 1021" STYLE_REF="5">the</W>
			<W BOX="692 993 772 1021" STYLE_REF="5" NS="y">carriage</W>
			<W BOX="773 994 780 1022" STYLE_REF="5">,</W>
			<L BOX="84 1013 777 1044"/>
			<Q BOX="84 1013 119 1042" STYLE_REF="5" QID="13">and</Q>
			<Q BOX="134 1014 147 1042" STYLE_REF="5" QID="13">b</Q>
			<q BOX="147 1014 160 1042" STYLE_REF="5" QID="13">y</q>
			<QW QID="13">andby</QW>
			<W BOX="167 1014 268 1042" STYLE_REF="5">ascending</W>
			<W BOX="277 1014 309 1042" STYLE_REF="5">the</W>
			<W BOX="321 1014 370 1042" STYLE_REF="5">bank</W>
			<W BOX="384 1014 402 1043" STYLE_REF="5">at</W>
			<W BOX="414 1015 446 1043" STYLE_REF="5">the</W>
			<W BOX="459 1015 507 1043" STYLE_REF="5">bend</W>
			<W BOX="516 1015 534 1043" STYLE_REF="5">of</W>
			<W BOX="546 1015 578 1043" STYLE_REF="5">the</W>
			<Q BOX="587 1015 631 1043" STYLE_REF="5" QID="14">road</Q>
			<q BOX="648 1015 671 1043" STYLE_REF="5" QID="14">be</q>
			<QW QID="14">roadbe</QW>
			<Q BOX="683 1015 720 1043" STYLE_REF="5" QID="15">deli</Q>
			<q BOX="734 1016 777 1044" STYLE_REF="5" QID="15">hted</q>
			<QW QID="15">delihted</QW>
		</Primitive>
		<Primitive BOX="23 1036 828 1090" ID="Ar0360305" SEQ_NO="5" TOC_ENTRY_ID="45" DEPTH_LEVEL="1">
			<L BOX="83 1014 777 1067"/>
			<W BOX="83 1036 130 1064" STYLE_REF="5">with</W>
			<W BOX="121 1014 126 1042" STYLE_REF="5">,</W>
			<W BOX="142 1036 152 1064" STYLE_REF="5">a</W>
			<W BOX="164 1036 213 1064" STYLE_REF="5">most</W>
			<W BOX="223 1037 319 1065" STYLE_REF="5">extensive</W>
			<W BOX="329 1037 365 1065" STYLE_REF="5">and</W>
			<W BOX="374 1037 464 1065" STYLE_REF="5">beautiful</W>
			<W BOX="477 1038 562 1066" STYLE_REF="5" NS="y">prospect</W>
			<W BOX="564 1038 570 1066" STYLE_REF="5" NS="y">,</W>
			<W BOX="570 1037 580 1067" STYLE_REF="1">"</W>
			<W BOX="590 1037 600 1067" STYLE_REF="1">I</W>
			<W BOX="610 1038 641 1066" STYLE_REF="5">get</W>
			<W BOX="632 1016 637 1044" STYLE_REF="5">,</W>
			<W BOX="651 1038 682 1066" STYLE_REF="5" NS="y">out</W>
			<W BOX="684 1038 689 1067" STYLE_REF="5">,</W>
			<W BOX="699 1039 735 1067" STYLE_REF="5">and</W>
			<W BOX="721 1016 735 1045" STYLE_REF="5">g</W>
			<W BOX="748 1039 777 1067" STYLE_REF="5">am</W>
			<L BOX="83 1059 778 1090"/>
			<Q BOX="83 1059 120 1087" STYLE_REF="5" QID="16">deli</Q>
			<Q BOX="120 1059 134 1087" STYLE_REF="5" QID="16">g</Q>
			<q BOX="133 1059 177 1087" STYLE_REF="5" QID="16">hted</q>
			<QW QID="16">delighted</QW>
			<W BOX="191 1060 214 1088" STYLE_REF="5">on</W>
			<W BOX="230 1060 262 1088" STYLE_REF="5">the</W>
			<W BOX="274 1060 315 1088" STYLE_REF="5" NS="y">spot</W>
			<W BOX="315 1060 321 1088" STYLE_REF="5">.</W>
			<W BOX="350 1060 372 1088" STYLE_REF="5">In</W>
			<Q BOX="387 1060 436 1088" STYLE_REF="5" QID="17">short</Q>
			<q BOX="457 1061 488 1089" STYLE_REF="5" NS="y" QID="17">Mr</q>
			<QW QID="17">shortMr</QW>
			<W BOX="488 1061 494 1089" STYLE_REF="5">.</W>
			<W BOX="510 1061 586 1089" STYLE_REF="5">Murray</W>
			<W BOX="599 1061 641 1089" STYLE_REF="5">tells</W>
			<W BOX="653 1061 683 1089" STYLE_REF="5">me</W>
			<W BOX="695 1061 746 1090" STYLE_REF="5">what</W>
			<W BOX="760 1061 778 1090" STYLE_REF="5">is</W>
		</Primitive>
		<Primitive BOX="23 1082 828 1135" ID="Ar0360306" SEQ_NO="6" TOC_ENTRY_ID="45" DEPTH_LEVEL="1">
			<L BOX="439 1060 444 1089"/>
			<W BOX="439 1060 444 1089" STYLE_REF="5">,</W>
			<L BOX="82 1082 776 1113"/>
			<W BOX="82 1082 148 1110" STYLE_REF="5">proper</W>
			<W BOX="156 1082 175 1110" STYLE_REF="5">to</W>
			<W BOX="183 1082 206 1110" STYLE_REF="5">be</W>
			<W BOX="214 1082 261 1110" STYLE_REF="5" NS="y">done</W>
			<W BOX="262 1083 267 1111" STYLE_REF="5">,</W>
			<W BOX="274 1083 310 1111" STYLE_REF="5">and</W>
			<W BOX="319 1083 330 1111" STYLE_REF="5">I</W>
			<W BOX="338 1083 360 1111" STYLE_REF="5">do</W>
			<W BOX="368 1083 388 1111" STYLE_REF="5" NS="y">it</W>
			<W BOX="388 1083 397 1111" STYLE_REF="5">;</W>
			<W BOX="409 1083 471 1111" STYLE_REF="5">which</W>
			<W BOX="479 1084 531 1112" STYLE_REF="5">saves</W>
			<W BOX="539 1084 549 1112" STYLE_REF="5">a</W>
			<Q BOX="557 1084 590 1112" STYLE_REF="5" QID="18">gre</Q>
			<q BOX="590 1084 607 1112" STYLE_REF="5" QID="18">at</q>
			<QW QID="18">great</QW>
			<W BOX="617 1084 657 1112" STYLE_REF="5">deal</W>
			<W BOX="666 1085 683 1113" STYLE_REF="5">of</W>
			<W BOX="696 1085 769 1113" STYLE_REF="5" NS="y">trouble</W>
			<W BOX="771 1085 776 1113" STYLE_REF="5">,</W>
			<L BOX="82 1105 697 1135"/>
			<W BOX="82 1105 117 1133" STYLE_REF="5">and</W>
			<W BOX="126 1105 197 1133" STYLE_REF="5">secures</W>
			<W BOX="205 1105 234 1133" STYLE_REF="5">me</W>
			<Q BOX="242 1105 281 1134" STYLE_REF="5" QID="19">agai</Q>
			<Q BOX="282 1106 293 1134" STYLE_REF="5" QID="19">n</Q>
			<q BOX="295 1106 312 1134" STYLE_REF="5" QID="19">st</q>
			<QW QID="19">against</QW>
			<W BOX="321 1106 414 1134" STYLE_REF="5">anything</W>
			<W BOX="420 1106 459 1134" STYLE_REF="5">like</W>
			<Q BOX="467 1107 516 1135" STYLE_REF="5" QID="20">misp</Q>
			<q BOX="515 1107 566 1135" STYLE_REF="5" QID="20">laced</q>
			<QW QID="20">misplaced</QW>
			<W BOX="576 1107 690 1135" STYLE_REF="5" NS="y">enthusiasm</W>
			<W BOX="690 1107 697 1135" STYLE_REF="5">.</W>
		</Primitive>
		<Primitive BOX="23 1128 828 1159" ID="Ar0360307" SEQ_NO="7" TOC_ENTRY_ID="45" DEPTH_LEVEL="1">
			<L BOX="105 1128 774 1159"/>
			<W BOX="105 1128 165 1156" STYLE_REF="5">There</W>
			<W BOX="173 1128 211 1156" STYLE_REF="5">was</W>
			<W BOX="221 1128 261 1156" STYLE_REF="5">also</W>
			<W BOX="272 1128 282 1156" STYLE_REF="5">a</W>
			<W BOX="296 1128 341 1156" STYLE_REF="5">time</W>
			<W BOX="350 1129 406 1157" STYLE_REF="5">when</W>
			<W BOX="418 1129 428 1157" STYLE_REF="5">I</W>
			<W BOX="440 1130 524 1158" STYLE_REF="5">believed</W>
			<W BOX="539 1130 559 1158" STYLE_REF="5">in</W>
			<W BOX="573 1130 603 1158" STYLE_REF="5" NS="y">Mr</W>
			<W BOX="603 1130 609 1158" STYLE_REF="5">.</W>
			<W BOX="620 1130 722 1158" STYLE_REF="5" NS="y">Bradshaw</W>
			<W BOX="722 1130 728 1158" STYLE_REF="5">,</W>
			<W BOX="738 1130 774 1159" STYLE_REF="5">and</W>
		</Primitive>
		<Primitive BOX="23 1159 828 1219" ID="Ar0360308" SEQ_NO="8" TOC_ENTRY_ID="45" DEPTH_LEVEL="1">
			<L BOX="81 1151 775 1182"/>
			<Q BOX="81 1151 93 1180" STYLE_REF="5" QID="21">p</Q>
			<q BOX="94 1151 150 1179" STYLE_REF="5" QID="21">inned</q>
			<QW QID="21">pinned</QW>
			<W BOX="161 1151 193 1179" STYLE_REF="5">my</W>
			<W BOX="205 1151 250 1179" STYLE_REF="5">faith</W>
			<W BOX="263 1151 312 1180" STYLE_REF="5">upon</W>
			<W BOX="325 1152 357 1180" STYLE_REF="5">the</W>
			<W BOX="368 1154 372 1182" STYLE_REF="5">'</W>
			<W BOX="375 1153 493 1181" STYLE_REF="5">Continental</W>
			<W BOX="505 1153 546 1181" STYLE_REF="5">Bail</W>
			<W BOX="549 1153 589 1181" STYLE_REF="5">way</W>
			<W BOX="599 1153 660 1181" STYLE_REF="5" NS="y">Guide</W>
			<W BOX="666 1153 675 1181" STYLE_REF="5" NS="y">:</W>
			<W BOX="676 1153 680 1181" STYLE_REF="5">'</W>
			<W BOX="693 1153 727 1181" STYLE_REF="5">but</W>
			<W BOX="735 1153 775 1181" STYLE_REF="5">that</W>
		</Primitive>
	</Content>
	<Continuation-Content ID_REF="Ar03701"/>
	<Continuation-Content ID_REF="Ar03800"/>
	<Continuation-Content ID_REF="Ar03900"/>
	<Continuation-Content ID_REF="Ar04000"/>
	<Continuation-Content ID_REF="Ar04101"/>
	<Continuation-Content ID_REF="Ar04200"/>
	<Continuation-Content ID_REF="Ar04300"/>
	<Continuation-Content ID_REF="Ar04400"/>
	<Continuation-Content ID_REF="Ar04500"/>
	<Continuation-Content ID_REF="Ar04600"/>
	<Continuation-Content ID_REF="Ar04700"/>
	<Continuation-Content ID_REF="Ar04800"/>
	<Continuation-Content ID_REF="Ar04900"/>
	<Continuation-Content ID_REF="Ar05000"/>
	<Continuation-Content ID_REF="Ar05100"/>
	<Continuation-Content ID_REF="Ar05200"/>
	<Continuation-Content ID_REF="Ar05300"/>
	<Continuation-Content ID_REF="Ar05400"/>
	<Continuation-Content ID_REF="Ar05500"/>
	<Continuation-Content ID_REF="Ar05600"/>
	<TOC_Entries><TOC_Entry TOC_ENTRY_ID="79" TITLE=".+. &quot; Oh Doricles ! your praises are too..." ENTITY_ID_REF="Ar03603" PAGE_NO="36" PAGE_LABEL="36" PRIM_ID_REF="Ar0360300" IS_IC="true"/></TOC_Entries></XMD-entity>
