<?xml version="1.0" encoding="windows-1252" standalone="no"?>
<XMD-entity REPOSITORY_FORMAT="1.0" PRXML_VER="2.0" ENTITY_TYPE="Article" DOC_UID="EWJ_01/03/1858" DOC_VER="1" FIRST_TOC_ENTRY_ID="43" DEPTH_LEVEL="1" INDEX_IN_DOC="77" PAGE_NO="36" ID="Ar03601" BOX="24 12 829 101" LANGUAGE="English" SNP="Ar03601S.png" SNP_WIDTH="806" SNP_HEIGHT="89" LOGICAL_NAME="true">
	<Meta NAME="36 BEADSHAW THE BETRAYER. 4" DESCRIPTION="" SUBTYPE="" BASE_HREF="EWJ/1858/03/01" SOURCE_TYPE="TIFF" PUBLICATION="EWJ" SECTION="None" ISSUE_DATE="01/03/1858" WORDCNT="6" RELEASE_NO="041-EWJ-1858-03-01-001-SINGLE" PAGE_ID="" PAGE_TYPE="Single" PAGE_WIDTH="842" PAGE_HEIGHT="1244" DEFAULT_IMG_EXT="png" PDF_DESTINATION_MAPPED="OLV0_Entity_0036_0002" IMAGES_RESOLUTION="86" XMD_VER="2.6.238.8" PAGE_LABEL="36"/>
	<Link SOURCE="041-EWJ-1858-03-01-001-SINGLE.PDF" FIRST_ID="Ar00200" LAST_ID="Ar07201" NEXT_ID="Ar03602" PREV_ID="Ar03600" TOC_ID="d:/Olive/Repository/EWJ/1858/03/01/TOC.xml"/>
	<DataFiles>
		<Files TYPE="DOC_PDF" PRESENT="1"/>
		<Files TYPE="PAGE_PDF" PRESENT="0"/>
		<Files TYPE="DOC_IMG" PRESENT="0"/>
		<Files TYPE="PAGE_IMG" PRESENT="0"/>
		<Files TYPE="PAGE_VIEW_IMG" PRESENT="1"/>
		<Files TYPE="PAGE_PREVIEW_IMG" PRESENT="1"/>
		<Files TYPE="PRIMITIVE_IMG" PRESENT="1"/>
		<Files TYPE="SNIPPET_IMG" PRESENT="1"/>
	</DataFiles>
	<Content>
		<Primitive BOX="24 12 829 101" ID="Ar0360100" SEQ_NO="0" TOC_ENTRY_ID="43" DEPTH_LEVEL="1">
			<L BOX="109 62 612 98"/>
			<W BOX="109 63 133 98" STYLE_REF="13">36</W>
			<W BOX="305 63 417 98" STYLE_REF="13">BEADSHAW</W>
			<W BOX="435 63 477 98" STYLE_REF="13">THE</W>
			<W BOX="492 62 597 97" STYLE_REF="13" NS="y">BETRAYER</W>
			<W BOX="597 62 612 97" STYLE_REF="13">.</W>
			<L BOX="642 86 645 93" P="S"/>
			<W BOX="642 86 645 93" STYLE_REF="29">4</W>
		</Primitive>
	</Content>
	<TOC_Entries><TOC_Entry TOC_ENTRY_ID="77" TITLE="36 BEADSHAW THE BETRAYER. 4" ENTITY_ID_REF="Ar03601" PAGE_NO="36" PAGE_LABEL="36" PRIM_ID_REF="Ar0360100" IS_IC="true"/></TOC_Entries></XMD-entity>
