<?xml version="1.0" encoding="windows-1252" standalone="no"?>
<XMD-entity REPOSITORY_FORMAT="1.0" PRXML_VER="2.0" ENTITY_TYPE="Article" DOC_UID="EWJ_01/04/1858" DOC_VER="1" FIRST_TOC_ENTRY_ID="1" DEPTH_LEVEL="1" INDEX_IN_DOC="1" PAGE_NO="1" ID="Ar00102" BOX="24 12 811 241" LANGUAGE="English" SNP="Ar00102S.png" SNP_WIDTH="788" SNP_HEIGHT="89" LOGICAL_NAME="true">
	<Meta NAME="THE" DESCRIPTION="" SUBTYPE="" BASE_HREF="EWJ/1858/04/01" SOURCE_TYPE="TIFF" PUBLICATION="EWJ" SECTION="Front page" ISSUE_DATE="01/04/1858" WORDCNT="8" RELEASE_NO="041-EWJ-1858-04-01-001-SINGLE" PAGE_ID="" PAGE_TYPE="Single" PAGE_WIDTH="823" PAGE_HEIGHT="1239" DEFAULT_IMG_EXT="png" PDF_DESTINATION_MAPPED="OLV0_Entity_0001_0003" IMAGES_RESOLUTION="86" XMD_VER="2.6.238.8" PAGE_LABEL="Unpag"/>
	<Application_Data><Application_Info AI_TYPE="WORKING_STATUS">In Progress</Application_Info><Application_Info AI_TYPE="dc:title"/><Application_Info AI_TYPE="kc:periodicalTitle"/><Application_Info AI_TYPE="kc:actualTitle"/><Application_Info AI_TYPE="dc:source"/><Application_Info AI_TYPE="kc:volume"/><Application_Info AI_TYPE="kc:number"/><Application_Info AI_TYPE="kc:edition"/><Application_Info AI_TYPE="kc:imgDesc"/><Application_Info AI_TYPE="kc:price"/><Application_Info AI_TYPE="kc:bibliographic">number contents</Application_Info><Application_Info AI_TYPE="kc:departmentGeneric"><Ai_Item NAME="masthead"/></Application_Info><Application_Info AI_TYPE="kc:pageSpanItem"/><Application_Info AI_TYPE="kc:departmentTitle"><Ai_Item NAME="The English Woman's Journal"/></Application_Info><Application_Info AI_TYPE="dc:description"/><Application_Info AI_TYPE="dc:format"/><Application_Info AI_TYPE="dc:subject"/></Application_Data><Link SOURCE="041-EWJ-1858-04-01-001-SINGLE.PDF" FIRST_ID="Ar00100" LAST_ID="Ar00103" NEXT_ID="Ar00103" PREV_ID="Ar00101" TOC_ID="d:/Olive/Repository/EWJ/1858/04/01/TOC.xml"/>
	<DataFiles>
		<Files TYPE="DOC_PDF" PRESENT="1"/>
		<Files TYPE="PAGE_PDF" PRESENT="0"/>
		<Files TYPE="DOC_IMG" PRESENT="0"/>
		<Files TYPE="PAGE_IMG" PRESENT="0"/>
		<Files TYPE="PAGE_VIEW_IMG" PRESENT="1"/>
		<Files TYPE="PAGE_PREVIEW_IMG" PRESENT="1"/>
		<Files TYPE="PRIMITIVE_IMG" PRESENT="1"/>
		<Files TYPE="SNIPPET_IMG" PRESENT="1"/>
	</DataFiles>
	<Content>
		<Primitive BOX="24 12 811 100" ID="Ar0010200" SEQ_NO="0" TOC_ENTRY_ID="1" DEPTH_LEVEL="1">
			<L BOX="389 72 440 100"/>
			<W BOX="389 72 440 100" STYLE_REF="4">THE</W>
		</Primitive>
		<Primitive BOX="24 100 811 174" ID="Ar0010201" SEQ_NO="1" TOC_ENTRY_ID="1" DEPTH_LEVEL="1">
			<L BOX="73 109 759 174"/>
			<W BOX="73 110 273 173" STYLE_REF="5">ENGLISH</W>
			<Q BOX="297 110 373 172" STYLE_REF="5" QID="1">WO</Q>
			<Q BOX="373 109 475 172" STYLE_REF="5" QID="1">MAN</Q>
			<Q BOX="475 109 483 172" STYLE_REF="5" QID="1">'</Q>
			<q BOX="484 109 508 172" STYLE_REF="5" QID="1">S</q>
			<QW QID="1">WOMAN'S</QW>
			<W BOX="529 110 739 173" STYLE_REF="5" NS="y">JOURNAL</W>
			<W BOX="741 111 759 174" STYLE_REF="5">.</W>
		</Primitive>
		<Primitive BOX="24 174 811 241" ID="Ar0010202" SEQ_NO="2" TOC_ENTRY_ID="1" DEPTH_LEVEL="1">
			<L BOX="239 185 584 212"/>
			<Q BOX="239 185 371 212" STYLE_REF="1" QID="2">PUBLISH</Q>
			<q BOX="372 185 412 212" STYLE_REF="1" QID="2">ED</q>
			<QW QID="2">PUBLISHED</QW>
			<W BOX="429 185 577 212" STYLE_REF="1" NS="y">MONTHLY</W>
			<W BOX="577 185 584 212" STYLE_REF="1">.</W>
		</Primitive>
	</Content>
	<TOC_Entries><TOC_Entry TOC_ENTRY_ID="3" TITLE="THE" ENTITY_ID_REF="Ar00102" PAGE_NO="1" PAGE_LABEL="Unpag" PRIM_ID_REF="Ar0010200" IS_IC="true"/></TOC_Entries></XMD-entity>
