<?xml version="1.0" encoding="windows-1252" standalone="no"?>
<XMD-entity REPOSITORY_FORMAT="1.0" PRXML_VER="2.0" ENTITY_TYPE="Article" DOC_UID="EWJ_01/04/1858" DOC_VER="1" FIRST_TOC_ENTRY_ID="2" DEPTH_LEVEL="1" INDEX_IN_DOC="2" PAGE_NO="1" ID="Ar00100" BOX="24 241 811 305" LANGUAGE="English" SNP="Ar00100S.png" SNP_WIDTH="788" SNP_HEIGHT="65" LOGICAL_NAME="true">
	<Meta NAME="Yol. I. April 1, 1858. No. 2." DESCRIPTION="" SUBTYPE="" BASE_HREF="EWJ/1858/04/01" SOURCE_TYPE="TIFF" PUBLICATION="EWJ" SECTION="Front page" ISSUE_DATE="01/04/1858" WORDCNT="13" RELEASE_NO="041-EWJ-1858-04-01-001-SINGLE" PAGE_ID="" PAGE_TYPE="Single" PAGE_WIDTH="823" PAGE_HEIGHT="1239" DEFAULT_IMG_EXT="png" PDF_DESTINATION_MAPPED="OLV0_Entity_0001_0001" IMAGES_RESOLUTION="86" XMD_VER="2.6.238.8" PAGE_LABEL="Unpag"/>
	<Application_Data><Application_Info AI_TYPE="WORKING_STATUS">In Progress</Application_Info><Application_Info AI_TYPE="dc:title"/><Application_Info AI_TYPE="kc:periodicalTitle"/><Application_Info AI_TYPE="kc:actualTitle"/><Application_Info AI_TYPE="dc:source"/><Application_Info AI_TYPE="kc:volume"/><Application_Info AI_TYPE="kc:number"/><Application_Info AI_TYPE="kc:edition"/><Application_Info AI_TYPE="kc:imgDesc"/><Application_Info AI_TYPE="kc:price"/><Application_Info AI_TYPE="kc:bibliographic">number contents</Application_Info><Application_Info AI_TYPE="kc:departmentGeneric"><Ai_Item NAME="masthead"/></Application_Info><Application_Info AI_TYPE="kc:pageSpanItem"/><Application_Info AI_TYPE="kc:departmentTitle"><Ai_Item NAME="Vol 1 April 1 1858 No2"/></Application_Info><Application_Info AI_TYPE="dc:description"/><Application_Info AI_TYPE="dc:format"/><Application_Info AI_TYPE="dc:subject"/></Application_Data><Link SOURCE="041-EWJ-1858-04-01-001-SINGLE.PDF" FIRST_ID="Ar00100" LAST_ID="Ar00103" NEXT_ID="Ar00101" PREV_ID="" TOC_ID="d:/Olive/Repository/EWJ/1858/04/01/TOC.xml"/>
	<DataFiles>
		<Files TYPE="DOC_PDF" PRESENT="1"/>
		<Files TYPE="PAGE_PDF" PRESENT="0"/>
		<Files TYPE="DOC_IMG" PRESENT="0"/>
		<Files TYPE="PAGE_IMG" PRESENT="0"/>
		<Files TYPE="PAGE_VIEW_IMG" PRESENT="1"/>
		<Files TYPE="PAGE_PREVIEW_IMG" PRESENT="1"/>
		<Files TYPE="PRIMITIVE_IMG" PRESENT="1"/>
		<Files TYPE="SNIPPET_IMG" PRESENT="1"/>
	</DataFiles>
	<Content>
		<Primitive BOX="24 241 811 305" ID="Ar0010000" SEQ_NO="0" TOC_ENTRY_ID="2" DEPTH_LEVEL="1">
			<L BOX="93 258 730 287"/>
			<Q BOX="93 259 112 286" STYLE_REF="1" QID="1">Y</Q>
			<q BOX="112 259 131 286" STYLE_REF="1" NS="y" QID="1">ol</q>
			<QW QID="1">Yol</QW>
			<W BOX="131 259 137 286" STYLE_REF="1">.</W>
			<W BOX="147 259 156 285" STYLE_REF="1" NS="y">I</W>
			<W BOX="156 259 162 285" STYLE_REF="1">.</W>
			<W BOX="338 258 395 284" STYLE_REF="1">April</W>
			<W BOX="406 258 418 284" STYLE_REF="2" NS="y">1</W>
			<W BOX="415 260 425 287" STYLE_REF="2">,</W>
			<W BOX="429 258 475 285" STYLE_REF="1" NS="y">1858</W>
			<W BOX="475 258 479 285" STYLE_REF="1">.</W>
			<W BOX="667 258 695 285" STYLE_REF="1" NS="y">No</W>
			<W BOX="695 258 701 285" STYLE_REF="1">.</W>
			<W BOX="709 259 722 285" STYLE_REF="1" NS="y">2</W>
			<W BOX="723 259 730 285" STYLE_REF="1">.</W>
		</Primitive>
	</Content>
	<TOC_Entries><TOC_Entry TOC_ENTRY_ID="1" TITLE="Yol. I. April 1, 1858. No. 2." ENTITY_ID_REF="Ar00100" PAGE_NO="1" PAGE_LABEL="Unpag" PRIM_ID_REF="Ar0010000" IS_IC="true"/></TOC_Entries></XMD-entity>
