<?xml version="1.0" encoding="windows-1252" standalone="no"?>
<XMD-entity REPOSITORY_FORMAT="1.0" PRXML_VER="2.0" ENTITY_TYPE="Article" DOC_UID="EWJ_01/04/1858" DOC_VER="1" FIRST_TOC_ENTRY_ID="4" DEPTH_LEVEL="1" INDEX_IN_DOC="4" PAGE_NO="1" ID="Ar00103" BOX="24 406 811 1214" LANGUAGE="English" CONTINUATION_TO="Ar00200" SNP="Ar00103S.png" SNP_WIDTH="788" SNP_HEIGHT="55" LOGICAL_NAME="true">
	<Meta NAME="+ To the well-known services of Miss Nig..." DESCRIPTION="" SUBTYPE="" BASE_HREF="EWJ/1858/04/01" SOURCE_TYPE="TIFF" PUBLICATION="EWJ" SECTION="Front page" ISSUE_DATE="01/04/1858" WORDCNT="396" RELEASE_NO="041-EWJ-1858-04-01-001-SINGLE" PAGE_ID="" PAGE_TYPE="Single" PAGE_WIDTH="823" PAGE_HEIGHT="1239" DEFAULT_IMG_EXT="png" PDF_DESTINATION_MAPPED="OLV0_Entity_0001_0004" IMAGES_RESOLUTION="86" XMD_VER="2.6.238.8" PAGE_LABEL="Unpag"/>
	<Link SOURCE="041-EWJ-1858-04-01-001-SINGLE.PDF" FIRST_ID="Ar00100" LAST_ID="Ar00103" NEXT_ID="" PREV_ID="Ar00102" TOC_ID="d:/Olive/Repository/EWJ/1858/04/01/TOC.xml"/>
	<DataFiles>
		<Files TYPE="DOC_PDF" PRESENT="1"/>
		<Files TYPE="PAGE_PDF" PRESENT="0"/>
		<Files TYPE="DOC_IMG" PRESENT="0"/>
		<Files TYPE="PAGE_IMG" PRESENT="0"/>
		<Files TYPE="PAGE_VIEW_IMG" PRESENT="1"/>
		<Files TYPE="PAGE_PREVIEW_IMG" PRESENT="1"/>
		<Files TYPE="PRIMITIVE_IMG" PRESENT="1"/>
		<Files TYPE="SNIPPET_IMG" PRESENT="1"/>
	</DataFiles>
	<Content>
		<Primitive BOX="24 406 811 460" ID="Ar0010300" SEQ_NO="0" TOC_ENTRY_ID="4" DEPTH_LEVEL="1">
			<L BOX="402 403 412 425"/>
			<W BOX="402 403 412 425" STYLE_REF="6" M="1 * ">_+</W>
			<L BOX="66 432 751 460" P="S"/>
			<W BOX="66 433 93 460" STYLE_REF="1">To</W>
			<W BOX="103 433 134 460" STYLE_REF="1">the</W>
			<Q BOX="142 432 185 459" STYLE_REF="1" QID="1">well</Q>
			<Q BOX="185 432 193 459" STYLE_REF="1" LH="y" QID="1">-</Q>
			<q BOX="193 432 260 459" STYLE_REF="1" QID="1">known</q>
			<QW QID="1">well-known</QW>
			<W BOX="269 432 346 459" STYLE_REF="1">services</W>
			<W BOX="356 432 373 459" STYLE_REF="1">of</W>
			<W BOX="383 432 428 459" STYLE_REF="1">Miss</W>
			<Q BOX="436 432 461 459" STYLE_REF="1" QID="2">Ni</Q>
			<Q BOX="461 433 474 459" STYLE_REF="1" QID="2">g</Q>
			<q BOX="473 432 557 459" STYLE_REF="1" QID="2">htingale</q>
			<QW QID="2">Nightingale</QW>
			<W BOX="564 432 583 459" STYLE_REF="1">in</W>
			<W BOX="594 432 626 459" STYLE_REF="1">the</W>
			<W BOX="633 432 676 459" STYLE_REF="1">East</W>
			<W BOX="685 433 751 459" STYLE_REF="1">ainong</W>
		</Primitive>
		<Primitive BOX="24 455 811 505" ID="Ar0010301" SEQ_NO="1" TOC_ENTRY_ID="4" DEPTH_LEVEL="1">
			<L BOX="66 455 750 483"/>
			<W BOX="66 456 99 483" STYLE_REF="1">our</W>
			<Q BOX="111 456 154 483" STYLE_REF="1" QID="3">brav</Q>
			<q BOX="156 456 166 483" STYLE_REF="1" QID="3">e</q>
			<QW QID="3">brave</QW>
			<W BOX="178 455 213 482" STYLE_REF="1">and</W>
			<W BOX="225 455 313 482" STYLE_REF="1">suffering</W>
			<W BOX="320 455 362 482" STYLE_REF="1" NS="y">men</W>
			<W BOX="363 455 368 482" STYLE_REF="1">,</W>
			<W BOX="376 455 425 482" STYLE_REF="1">must</W>
			<W BOX="436 455 458 482" STYLE_REF="1">be</W>
			<W BOX="470 455 527 482" STYLE_REF="1">added</W>
			<W BOX="538 455 612 482" STYLE_REF="1">another</W>
			<W BOX="622 455 674 482" STYLE_REF="1">claim</W>
			<W BOX="687 455 705 482" STYLE_REF="1">to</W>
			<W BOX="717 455 750 482" STYLE_REF="1">the</W>
			<L BOX="66 477 750 505"/>
			<W BOX="66 478 178 505" STYLE_REF="1">recognition</W>
			<W BOX="186 478 203 504" STYLE_REF="1">of</W>
			<W BOX="211 478 243 504" STYLE_REF="1">the</W>
			<W BOX="250 478 328 504" STYLE_REF="1" NS="y">country</W>
			<W BOX="328 478 334 504" STYLE_REF="1">,</W>
			<W BOX="340 477 375 504" STYLE_REF="1">and</W>
			<W BOX="386 477 417 504" STYLE_REF="1">the</W>
			<W BOX="429 477 519 504" STYLE_REF="1">gratitude</W>
			<W BOX="532 477 549 504" STYLE_REF="1">of</W>
			<W BOX="561 477 593 504" STYLE_REF="1">the</W>
			<W BOX="605 477 671 504" STYLE_REF="1" NS="y">soldier</W>
			<W BOX="672 479 677 505" STYLE_REF="1">,</W>
			<W BOX="685 478 703 505" STYLE_REF="1">in</W>
			<W BOX="717 479 750 505" STYLE_REF="1">the</W>
		</Primitive>
		<Primitive BOX="24 500 811 551" ID="Ar0010302" SEQ_NO="2" TOC_ENTRY_ID="4" DEPTH_LEVEL="1">
			<L BOX="65 500 749 528"/>
			<W BOX="65 501 112 528" STYLE_REF="1">clear</W>
			<W BOX="120 501 155 528" STYLE_REF="1">and</W>
			<Q BOX="166 501 197 528" STYLE_REF="1" QID="4">log</Q>
			<q BOX="197 500 231 527" STYLE_REF="1" QID="4">ical</q>
			<QW QID="4">logical</QW>
			<W BOX="240 500 326 527" STYLE_REF="1">evidence</W>
			<W BOX="335 500 367 527" STYLE_REF="1">she</W>
			<W BOX="378 500 410 527" STYLE_REF="1">has</W>
			<Q BOX="419 502 432 528" STYLE_REF="1" QID="5">p</Q>
			<q BOX="432 500 480 527" STYLE_REF="1" QID="5">laced</q>
			<QW QID="5">placed</QW>
			<W BOX="493 500 553 527" STYLE_REF="1">before</W>
			<W BOX="561 500 592 527" STYLE_REF="1">the</W>
			<W BOX="601 501 716 527" STYLE_REF="1">Commission</W>
			<W BOX="730 501 749 528" STYLE_REF="1">of</W>
			<L BOX="64 523 739 550"/>
			<W BOX="64 524 142 550" STYLE_REF="1">Inquiry</W>
			<W BOX="148 523 188 550" STYLE_REF="1">into</W>
			<W BOX="195 523 227 550" STYLE_REF="1">the</W>
			<W BOX="234 523 313 549" STYLE_REF="1">sanitary</W>
			<W BOX="323 523 413 550" STYLE_REF="1">condition</W>
			<W BOX="425 523 441 550" STYLE_REF="1">of</W>
			<W BOX="450 523 482 550" STYLE_REF="1">the</W>
			<Q BOX="489 523 539 550" STYLE_REF="1" QID="6">army</Q>
			<Q BOX="539 523 563 550" STYLE_REF="1" LH="y" QID="6">�</Q>
			<q BOX="564 523 587 550" STYLE_REF="1" QID="6">an</q>
			<QW QID="6">army�an</QW>
			<W BOX="596 523 670 550" STYLE_REF="1">inquiry</W>
			<W BOX="678 523 739 550" STYLE_REF="1">which</W>
		</Primitive>
		<Primitive BOX="24 545 811 596" ID="Ar0010303" SEQ_NO="3" TOC_ENTRY_ID="4" DEPTH_LEVEL="1">
			<L BOX="740 524 748 551"/>
			<W BOX="740 524 748 551" STYLE_REF="1">,</W>
			<L BOX="64 545 748 573"/>
			<W BOX="64 546 84 573" STYLE_REF="1">in</W>
			<W BOX="99 546 131 573" STYLE_REF="1">the</W>
			<W BOX="142 546 223 572" STYLE_REF="1">horrible</W>
			<W BOX="234 545 341 572" STYLE_REF="1">revelations</W>
			<W BOX="352 545 367 572" STYLE_REF="1">it</W>
			<W BOX="379 545 412 572" STYLE_REF="1">has</W>
			<Q BOX="424 545 481 572" STYLE_REF="1" QID="7">broug</Q>
			<q BOX="480 545 502 572" STYLE_REF="1" QID="7">ht</q>
			<QW QID="7">brought</QW>
			<W BOX="514 545 533 572" STYLE_REF="1">to</W>
			<Q BOX="546 545 560 572" STYLE_REF="1" QID="8">li</Q>
			<Q BOX="560 547 573 573" STYLE_REF="1" QID="8">g</Q>
			<q BOX="572 545 593 572" STYLE_REF="1" NS="y" QID="8">ht</q>
			<QW QID="8">light</QW>
			<W BOX="594 546 599 573" STYLE_REF="1">,</W>
			<W BOX="614 546 630 572" STYLE_REF="1">is</W>
			<W BOX="642 546 748 573" STYLE_REF="1">engrossing</W>
			<L BOX="64 568 748 596"/>
			<W BOX="64 569 120 596" STYLE_REF="1">much</W>
			<W BOX="131 569 149 596" STYLE_REF="1">of</W>
			<W BOX="161 569 193 596" STYLE_REF="1">the</W>
			<W BOX="203 568 266 595" STYLE_REF="1">public</W>
			<W BOX="277 568 366 595" STYLE_REF="1" NS="y">attention</W>
			<W BOX="367 569 372 595" STYLE_REF="1">,</W>
			<W BOX="382 568 417 595" STYLE_REF="1">and</W>
			<W BOX="430 568 490 595" STYLE_REF="1" NS="y">which</W>
			<W BOX="491 568 496 595" STYLE_REF="1">,</W>
			<W BOX="509 569 593 595" STYLE_REF="1">showing</W>
			<W BOX="604 569 624 595" STYLE_REF="1">as</W>
			<W BOX="635 569 650 595" STYLE_REF="1">it</W>
			<W BOX="662 569 704 595" STYLE_REF="1">does</W>
			<W BOX="715 569 748 596" STYLE_REF="1">the</W>
		</Primitive>
		<Primitive BOX="24 591 811 642" ID="Ar0010304" SEQ_NO="4" TOC_ENTRY_ID="4" DEPTH_LEVEL="1">
			<L BOX="64 591 747 619"/>
			<W BOX="64 592 167 618" STYLE_REF="1">removable</W>
			<W BOX="174 591 238 618" STYLE_REF="1">nature</W>
			<W BOX="249 591 267 618" STYLE_REF="1">of</W>
			<W BOX="279 591 311 618" STYLE_REF="1">the</W>
			<W BOX="323 591 385 618" STYLE_REF="1">causes</W>
			<W BOX="396 591 504 618" STYLE_REF="1">decimating</W>
			<W BOX="512 591 544 618" STYLE_REF="1">our</W>
			<W BOX="552 591 605 618" STYLE_REF="1">home</W>
			<W BOX="613 591 664 618" STYLE_REF="1" NS="y">army</W>
			<W BOX="664 591 671 618" STYLE_REF="1">,</W>
			<W BOX="679 592 717 618" STYLE_REF="1" NS="y">will</W>
			<W BOX="719 593 723 619" STYLE_REF="1">,</W>
			<W BOX="731 592 747 618" STYLE_REF="1">it</W>
			<L BOX="63 614 740 641"/>
			<W BOX="63 614 80 641" STYLE_REF="1">is</W>
			<W BOX="93 614 112 641" STYLE_REF="1">to</W>
			<W BOX="125 614 147 641" STYLE_REF="1">be</W>
			<W BOX="160 614 218 641" STYLE_REF="1" NS="y">hoped</W>
			<W BOX="220 614 225 641" STYLE_REF="1">,</W>
			<W BOX="234 614 274 640" STYLE_REF="1">lead</W>
			<W BOX="285 614 304 640" STYLE_REF="1">to</W>
			<W BOX="317 614 357 640" STYLE_REF="1">that</W>
			<W BOX="364 614 467 640" STYLE_REF="1">immediate</W>
			<W BOX="476 614 512 640" STYLE_REF="1">and</W>
			<W BOX="524 614 590 640" STYLE_REF="1">radical</W>
			<W BOX="601 614 665 640" STYLE_REF="1" NS="y">reform</W>
			<W BOX="667 615 672 641" STYLE_REF="1">,</W>
			<W BOX="680 614 740 641" STYLE_REF="1">which</W>
		</Primitive>
		<Primitive BOX="24 636 811 687" ID="Ar0010305" SEQ_NO="5" TOC_ENTRY_ID="4" DEPTH_LEVEL="1">
			<L BOX="741 615 748 642"/>
			<W BOX="741 615 748 642" STYLE_REF="1">,</W>
			<L BOX="63 636 746 664"/>
			<Q BOX="63 637 120 664" STYLE_REF="1" QID="9">thoug</Q>
			<q BOX="120 637 132 663" STYLE_REF="1" QID="9">h</q>
			<QW QID="9">though</QW>
			<W BOX="139 637 223 663" STYLE_REF="1">contrary</W>
			<W BOX="231 636 249 663" STYLE_REF="1">to</W>
			<W BOX="255 636 287 663" STYLE_REF="1">the</W>
			<W BOX="295 636 448 663" STYLE_REF="1">Circumlocution</W>
			<W BOX="454 636 571 663" STYLE_REF="1">Institutions</W>
			<W BOX="577 636 612 663" STYLE_REF="1">and</W>
			<W BOX="622 636 681 663" STYLE_REF="1">habits</W>
			<W BOX="689 637 706 664" STYLE_REF="1">of</W>
			<W BOX="714 637 746 664" STYLE_REF="1">the</W>
			<L BOX="63 659 745 687"/>
			<W BOX="63 660 141 687" STYLE_REF="1" NS="y">country</W>
			<W BOX="141 660 147 687" STYLE_REF="1">,</W>
			<W BOX="151 659 167 686" STYLE_REF="1">is</W>
			<W BOX="174 659 217 686" STYLE_REF="1">here</W>
			<W BOX="225 659 245 686" STYLE_REF="1">so</W>
			<Q BOX="253 659 367 686" STYLE_REF="1" QID="10">imperativel</Q>
			<q BOX="367 659 380 686" STYLE_REF="1" QID="10">y</q>
			<QW QID="10">imperatively</QW>
			<W BOX="385 659 441 686" STYLE_REF="1">called</W>
			<W BOX="451 659 478 686" STYLE_REF="1">for</W>
			<W BOX="486 659 506 686" STYLE_REF="1">as</W>
			<W BOX="514 659 533 686" STYLE_REF="1">to</W>
			<W BOX="540 659 618 686" STYLE_REF="1">warrant</W>
			<W BOX="625 659 660 686" STYLE_REF="1">and</W>
			<W BOX="669 659 745 686" STYLE_REF="1">demand</W>
		</Primitive>
		<Primitive BOX="24 682 811 733" ID="Ar0010306" SEQ_NO="6" TOC_ENTRY_ID="4" DEPTH_LEVEL="1">
			<L BOX="61 682 745 709"/>
			<W BOX="61 682 94 709" STYLE_REF="1">the</W>
			<W BOX="107 682 216 709" STYLE_REF="1">wholesome</W>
			<W BOX="227 682 363 708" STYLE_REF="1">establishment</W>
			<W BOX="376 682 393 708" STYLE_REF="1">of</W>
			<W BOX="405 682 415 708" STYLE_REF="1">a</W>
			<W BOX="426 682 523 708" STYLE_REF="1" NS="y">precedent</W>
			<W BOX="523 682 529 708" STYLE_REF="1">.</W>
			<W BOX="553 682 591 708" STYLE_REF="1">The</W>
			<W BOX="604 682 649 708" STYLE_REF="1">Blue</W>
			<W BOX="661 682 712 709" STYLE_REF="1">Book</W>
			<W BOX="723 683 745 709" STYLE_REF="1">in</W>
			<L BOX="61 705 747 733"/>
			<W BOX="61 705 124 732" STYLE_REF="1">which</W>
			<W BOX="138 705 166 732" STYLE_REF="1">we</W>
			<W BOX="181 705 216 732" STYLE_REF="1">find</W>
			<W BOX="232 707 246 733" STYLE_REF="1" NS="y">"</W>
			<W BOX="247 705 327 731" STYLE_REF="1">answers</W>
			<W BOX="338 705 357 731" STYLE_REF="1">to</W>
			<W BOX="369 705 441 731" STYLE_REF="1">written</W>
			<W BOX="453 705 545 731" STYLE_REF="1">questions</W>
			<W BOX="557 705 651 731" STYLE_REF="1">addressed</W>
			<W BOX="666 705 685 731" STYLE_REF="1">to</W>
			<W BOX="700 705 747 731" STYLE_REF="1">Miss</W>
		</Primitive>
		<Primitive BOX="24 727 811 777" ID="Ar0010307" SEQ_NO="7" TOC_ENTRY_ID="4" DEPTH_LEVEL="1">
			<L BOX="61 727 746 756"/>
			<Q BOX="61 728 87 755" STYLE_REF="1" QID="11">Ni</Q>
			<Q BOX="87 729 100 756" STYLE_REF="1" QID="11">g</Q>
			<q BOX="99 728 180 755" STYLE_REF="1" QID="11">htingale</q>
			<QW QID="11">Nightingale</QW>
			<Q BOX="192 728 204 755" STYLE_REF="1" QID="12">b</Q>
			<q BOX="204 727 217 754" STYLE_REF="1" QID="12">y</q>
			<QW QID="12">by</QW>
			<W BOX="224 727 256 754" STYLE_REF="1">the</W>
			<W BOX="268 727 414 754" STYLE_REF="1" NS="y">Commissioners</W>
			<W BOX="415 727 422 754" STYLE_REF="1" NS="y">,</W>
			<W BOX="421 727 431 754" STYLE_REF="1">"</W>
			<W BOX="444 727 500 754" STYLE_REF="1">while</W>
			<W BOX="512 727 527 754" STYLE_REF="1">it</W>
			<W BOX="542 727 632 754" STYLE_REF="1">furnishes</W>
			<W BOX="647 727 746 754" STYLE_REF="1">loathsome</W>
			<L BOX="61 750 745 777"/>
			<W BOX="61 751 97 777" STYLE_REF="1">and</W>
			<W BOX="109 751 204 777" STYLE_REF="1">sickening</W>
			<W BOX="212 750 276 777" STYLE_REF="1">details</W>
			<W BOX="286 750 303 777" STYLE_REF="1">of</W>
			<W BOX="316 750 348 777" STYLE_REF="1">the</W>
			<W BOX="359 750 418 777" STYLE_REF="1">causes</W>
			<W BOX="427 750 443 777" STYLE_REF="1">of</W>
			<W BOX="454 750 486 777" STYLE_REF="1">the</W>
			<Q BOX="493 750 512 777" STYLE_REF="1" QID="13">hi</Q>
			<Q BOX="513 751 526 777" STYLE_REF="1" QID="13">g</Q>
			<q BOX="525 750 539 777" STYLE_REF="1" QID="13">h</q>
			<QW QID="13">high</QW>
			<W BOX="547 750 584 777" STYLE_REF="1">rate</W>
			<W BOX="594 750 611 777" STYLE_REF="1">of</W>
			<W BOX="624 750 717 777" STYLE_REF="1">mortality</W>
			<W BOX="725 751 745 777" STYLE_REF="1">in</W>
		</Primitive>
		<Primitive BOX="24 773 811 823" ID="Ar0010308" SEQ_NO="8" TOC_ENTRY_ID="4" DEPTH_LEVEL="1">
			<L BOX="60 773 743 800"/>
			<W BOX="60 774 93 800" STYLE_REF="1">the</W>
			<W BOX="105 774 157 800" STYLE_REF="1" NS="y">army</W>
			<W BOX="157 774 163 800" STYLE_REF="1">,</W>
			<Q BOX="175 773 229 800" STYLE_REF="1" QID="14">clearl</Q>
			<q BOX="230 774 243 800" STYLE_REF="1" QID="14">y</q>
			<QW QID="14">clearly</QW>
			<W BOX="257 773 387 799" STYLE_REF="1">demonstrates</W>
			<W BOX="400 773 449 799" STYLE_REF="1">them</W>
			<W BOX="461 773 481 799" STYLE_REF="2" NS="y">all</W>
			<W BOX="484 773 490 800" STYLE_REF="2">,</W>
			<W BOX="501 773 548 799" STYLE_REF="1">with</W>
			<W BOX="559 773 591 799" STYLE_REF="1">the</W>
			<W BOX="604 773 638 799" STYLE_REF="1">one</W>
			<W BOX="649 773 743 800" STYLE_REF="1">exception</W>
			<L BOX="61 795 744 823"/>
			<W BOX="61 796 79 823" STYLE_REF="1">of</W>
			<W BOX="91 796 210 823" STYLE_REF="1">intemperate</W>
			<W BOX="221 795 255 822" STYLE_REF="1">and</W>
			<W BOX="269 795 373 822" STYLE_REF="1">debauched</W>
			<W BOX="385 795 445 822" STYLE_REF="1" NS="y">habits</W>
			<W BOX="446 795 451 822" STYLE_REF="1">,</W>
			<W BOX="463 795 483 822" STYLE_REF="1">as</W>
			<W BOX="495 795 564 822" STYLE_REF="1">arising</W>
			<W BOX="574 795 619 822" STYLE_REF="1">from</W>
			<W BOX="631 796 744 823" STYLE_REF="1">preventible</W>
		</Primitive>
		<Primitive BOX="24 818 811 868" ID="Ar0010309" SEQ_NO="9" TOC_ENTRY_ID="4" DEPTH_LEVEL="1">
			<L BOX="60 818 744 846"/>
			<W BOX="60 819 124 846" STYLE_REF="1" NS="y">causes</W>
			<W BOX="125 819 129 846" STYLE_REF="1">,</W>
			<W BOX="137 819 168 845" STYLE_REF="1" NS="y">viz</W>
			<W BOX="168 819 174 845" STYLE_REF="1">.</W>
			<W BOX="182 819 264 845" STYLE_REF="1">crowded</W>
			<Q BOX="273 819 322 845" STYLE_REF="1" QID="15">sleep</Q>
			<q BOX="322 818 355 844" STYLE_REF="1" QID="15">ing</q>
			<QW QID="15">sleeping</QW>
			<W BOX="362 818 513 844" STYLE_REF="1">accommodation</W>
			<W BOX="521 818 540 844" STYLE_REF="1">at</W>
			<Q BOX="548 818 567 844" STYLE_REF="1" QID="16">ni</Q>
			<Q BOX="567 819 581 846" STYLE_REF="1" QID="16">g</Q>
			<q BOX="580 818 601 844" STYLE_REF="1" NS="y" QID="16">ht</q>
			<QW QID="16">night</QW>
			<W BOX="603 818 607 845" STYLE_REF="1">,</W>
			<W BOX="615 818 716 845" STYLE_REF="1">producing</W>
			<W BOX="723 819 744 846" STYLE_REF="1">so</W>
			<L BOX="59 840 743 868"/>
			<W BOX="59 841 104 868" STYLE_REF="1">fetid</W>
			<W BOX="113 841 136 868" STYLE_REF="1">an</W>
			<Q BOX="143 841 213 868" STYLE_REF="1" QID="17">atmosp</Q>
			<q BOX="212 841 256 868" STYLE_REF="1" NS="y" QID="17">here</q>
			<QW QID="17">atmosphere</QW>
			<W BOX="257 841 262 868" STYLE_REF="1">,</W>
			<W BOX="270 841 310 867" STYLE_REF="1">that</W>
			<W BOX="316 841 327 867" STYLE_REF="1">a</W>
			<W BOX="335 841 398 867" STYLE_REF="1">person</W>
			<W BOX="408 841 491 867" STYLE_REF="1">entering</W>
			<Q BOX="498 840 524 867" STYLE_REF="1" QID="18">fro</Q>
			<q BOX="526 840 545 867" STYLE_REF="1" QID="18">m</q>
			<QW QID="18">from</QW>
			<W BOX="553 840 583 867" STYLE_REF="1">out</W>
			<W BOX="591 840 609 867" STYLE_REF="1">of</W>
			<W BOX="617 841 669 867" STYLE_REF="1">doors</W>
			<W BOX="678 841 743 868" STYLE_REF="1">cannot</W>
		</Primitive>
		<Primitive BOX="24 863 811 914" ID="Ar0010310" SEQ_NO="10" TOC_ENTRY_ID="4" DEPTH_LEVEL="1">
			<L BOX="59 863 743 891"/>
			<W BOX="59 864 134 891" STYLE_REF="1">breathe</W>
			<W BOX="146 864 179 891" STYLE_REF="1">the</W>
			<W BOX="191 864 272 891" STYLE_REF="1">polluted</W>
			<W BOX="286 863 313 890" STYLE_REF="1">air</W>
			<W BOX="324 863 354 890" STYLE_REF="1">till</W>
			<W BOX="367 863 398 890" STYLE_REF="1">the</W>
			<W BOX="407 863 485 890" STYLE_REF="1">window</W>
			<W BOX="496 863 529 890" STYLE_REF="1">has</W>
			<W BOX="540 863 586 890" STYLE_REF="1">been</W>
			<W BOX="597 863 664 890" STYLE_REF="1">opened</W>
			<W BOX="671 864 676 891" STYLE_REF="1">;</W>
			<W BOX="688 864 743 891" STYLE_REF="1">many</W>
			<L BOX="59 886 742 914"/>
			<W BOX="59 887 116 913" STYLE_REF="1">hours</W>
			<W BOX="123 887 154 913" STYLE_REF="1">out</W>
			<W BOX="162 887 180 913" STYLE_REF="1">of</W>
			<W BOX="188 887 218 913" STYLE_REF="1">the</W>
			<Q BOX="225 886 293 913" STYLE_REF="1" QID="19">twenty</Q>
			<Q BOX="293 886 301 913" STYLE_REF="1" LH="y" QID="19">-</Q>
			<q BOX="301 886 343 913" STYLE_REF="1" QID="19">four</q>
			<QW QID="19">twenty-four</QW>
			<Q BOX="349 886 404 913" STYLE_REF="1" QID="20">wholl</Q>
			<q BOX="404 886 417 912" STYLE_REF="1" QID="20">y</q>
			<QW QID="20">wholly</QW>
			<Q BOX="424 886 506 912" STYLE_REF="1" QID="21">unoccup</Q>
			<q BOX="506 886 535 912" STYLE_REF="1" NS="y" QID="21">ied</q>
			<QW QID="21">unoccupied</QW>
			<W BOX="537 886 542 913" STYLE_REF="1">,</W>
			<W BOX="551 886 569 912" STYLE_REF="1">in</W>
			<W BOX="578 886 639 912" STYLE_REF="1" NS="y">which</W>
			<W BOX="639 887 644 913" STYLE_REF="1">,</W>
			<W BOX="653 886 663 913" STYLE_REF="1">a</W>
			<W BOX="670 887 715 913" STYLE_REF="1">prey</W>
			<W BOX="723 887 742 914" STYLE_REF="1">to</W>
		</Primitive>
		<Primitive BOX="24 908 811 959" ID="Ar0010311" SEQ_NO="11" TOC_ENTRY_ID="4" DEPTH_LEVEL="1">
			<L BOX="58 908 744 936"/>
			<W BOX="58 909 100 936" STYLE_REF="1">that</W>
			<Q BOX="111 909 175 936" STYLE_REF="1" QID="22">scourg</Q>
			<q BOX="176 909 186 936" STYLE_REF="1" QID="22">e</q>
			<QW QID="22">scourge</QW>
			<W BOX="194 909 211 936" STYLE_REF="1">of</W>
			<W BOX="220 909 304 936" STYLE_REF="1">civilized</W>
			<W BOX="312 908 409 935" STYLE_REF="1" NS="y">humanity</W>
			<W BOX="409 908 416 935" STYLE_REF="1">,</W>
			<W BOX="422 908 468 935" STYLE_REF="2" NS="y">ennui</W>
			<W BOX="470 909 476 936" STYLE_REF="2">,</W>
			<W BOX="483 908 515 935" STYLE_REF="1">the</W>
			<W BOX="521 908 572 935" STYLE_REF="1">more</W>
			<Q BOX="581 908 629 935" STYLE_REF="1" QID="23">activ</Q>
			<q BOX="630 908 640 935" STYLE_REF="1" QID="23">e</q>
			<QW QID="23">active</QW>
			<W BOX="649 908 684 935" STYLE_REF="1">and</W>
			<Q BOX="693 909 736 936" STYLE_REF="1" QID="24">ener</Q>
			<Q BOX="735 909 744 936" STYLE_REF="1" QID="24">-</Q>
			<L BOX="58 931 745 959"/>
			<q BOX="58 932 108 959" STYLE_REF="1" QID="24">getic</q>
			<QW QID="24">energetic</QW>
			<W BOX="112 932 143 959" STYLE_REF="1">the</W>
			<W BOX="147 932 189 959" STYLE_REF="1">man</W>
			<W BOX="195 932 227 959" STYLE_REF="1">the</W>
			<W BOX="232 932 281 958" STYLE_REF="1">more</W>
			<Q BOX="288 932 333 958" STYLE_REF="1" QID="25">dissi</Q>
			<q BOX="333 932 386 958" STYLE_REF="1" QID="25">pated</q>
			<QW QID="25">dissipated</QW>
			<W BOX="392 931 427 958" STYLE_REF="1">and</W>
			<W BOX="433 931 535 958" STYLE_REF="1">debauched</W>
			<W BOX="542 931 624 958" STYLE_REF="1">becomes</W>
			<W BOX="628 931 660 958" STYLE_REF="1">the</W>
			<W BOX="664 931 730 958" STYLE_REF="1" NS="y">soldier</W>
			<W BOX="736 932 745 959" STYLE_REF="1">;</W>
		</Primitive>
		<Primitive BOX="24 954 811 1005" ID="Ar0010312" SEQ_NO="12" TOC_ENTRY_ID="4" DEPTH_LEVEL="1">
			<L BOX="58 954 742 982"/>
			<W BOX="58 955 149 982" STYLE_REF="1">subjected</W>
			<W BOX="159 955 179 982" STYLE_REF="1">to</W>
			<W BOX="187 955 197 982" STYLE_REF="1">a</W>
			<W BOX="205 954 242 981" STYLE_REF="1">diet</W>
			<W BOX="251 954 268 981" STYLE_REF="1">of</W>
			<W BOX="277 954 339 981" STYLE_REF="1">which</W>
			<W BOX="346 954 392 981" STYLE_REF="1">fresh</W>
			<W BOX="402 954 461 981" STYLE_REF="1">boiled</W>
			<W BOX="469 954 509 981" STYLE_REF="1">beef</W>
			<W BOX="518 954 562 981" STYLE_REF="1">from</W>
			<W BOX="572 954 607 981" STYLE_REF="1">one</W>
			<W BOX="615 954 658 981" STYLE_REF="1" NS="y">year</W>
			<W BOX="659 954 665 980" STYLE_REF="1" NS="y">'</W>
			<W BOX="663 955 672 981" STYLE_REF="1">s</W>
			<W BOX="679 955 714 981" STYLE_REF="1">end</W>
			<W BOX="722 955 742 981" STYLE_REF="1">to</W>
			<L BOX="57 977 734 1004"/>
			<W BOX="57 977 89 1004" STYLE_REF="1">the</W>
			<Q BOX="96 977 148 1004" STYLE_REF="1" QID="26">other</Q>
			<q BOX="160 977 226 1004" STYLE_REF="1" QID="26">during</q>
			<QW QID="26">otherduring</QW>
			<W BOX="232 977 264 1004" STYLE_REF="1">the</W>
			<W BOX="269 977 329 1004" STYLE_REF="1">whole</W>
			<Q BOX="334 977 402 1004" STYLE_REF="1" QID="27">twenty</Q>
			<Q BOX="402 977 410 1004" STYLE_REF="1" LH="y" QID="27">-</Q>
			<q BOX="410 977 445 1004" STYLE_REF="1" QID="27">one</q>
			<QW QID="27">twenty-one</QW>
			<W BOX="451 977 503 1003" STYLE_REF="1">years</W>
			<W BOX="511 977 529 1003" STYLE_REF="1">of</W>
			<W BOX="537 977 606 1003" STYLE_REF="1" NS="y">service</W>
			<W BOX="607 977 612 1004" STYLE_REF="1">,</W>
			<W BOX="618 977 634 1003" STYLE_REF="1">is</W>
			<W BOX="639 977 671 1003" STYLE_REF="1">the</W>
			<Q BOX="677 977 716 1004" STYLE_REF="1" QID="28">stap</Q>
			<q BOX="716 977 734 1004" STYLE_REF="1" QID="28">le</q>
			<QW QID="28">staple</QW>
		</Primitive>
		<Primitive BOX="24 999 811 1049" ID="Ar0010313" SEQ_NO="13" TOC_ENTRY_ID="4" DEPTH_LEVEL="1">
			<L BOX="149 978 742 1005"/>
			<W BOX="149 978 154 1005" STYLE_REF="1">,</W>
			<W BOX="735 978 742 1005" STYLE_REF="1">,</W>
			<L BOX="57 999 740 1026"/>
			<W BOX="57 1000 88 1026" STYLE_REF="1">till</W>
			<W BOX="96 1000 128 1026" STYLE_REF="1">the</W>
			<W BOX="135 1000 224 1026" STYLE_REF="1">strongest</W>
			<W BOX="232 999 312 1026" STYLE_REF="1">stomach</W>
			<W BOX="321 999 388 1026" STYLE_REF="1">revolts</W>
			<W BOX="397 999 441 1026" STYLE_REF="1">from</W>
			<W BOX="450 999 481 1026" STYLE_REF="1">the</W>
			<W BOX="488 999 534 1026" STYLE_REF="1">very</W>
			<Q BOX="542 999 558 1026" STYLE_REF="1" QID="29">si</Q>
			<Q BOX="557 1000 570 1026" STYLE_REF="1" QID="29">g</Q>
			<q BOX="570 999 590 1026" STYLE_REF="1" QID="29">ht</q>
			<QW QID="29">sight</QW>
			<W BOX="599 999 616 1026" STYLE_REF="1">of</W>
			<W BOX="625 999 643 1026" STYLE_REF="1" NS="y">it</W>
			<W BOX="643 999 651 1026" STYLE_REF="1">;</W>
			<W BOX="663 999 740 1026" STYLE_REF="1">exposed</W>
			<L BOX="57 1021 740 1049"/>
			<W BOX="57 1022 78 1049" STYLE_REF="1">in</W>
			<W BOX="86 1022 116 1049" STYLE_REF="1">his</W>
			<W BOX="123 1022 207 1049" STYLE_REF="1">barracks</W>
			<W BOX="219 1022 238 1048" STYLE_REF="1">to</W>
			<Q BOX="251 1022 327 1048" STYLE_REF="1" QID="30">defectiv</Q>
			<q BOX="329 1022 339 1048" STYLE_REF="1" QID="30">e</q>
			<QW QID="30">defective</QW>
			<W BOX="346 1022 453 1048" STYLE_REF="1">ventilation</W>
			<W BOX="461 1022 497 1048" STYLE_REF="1">and</W>
			<W BOX="506 1022 590 1048" STYLE_REF="1" NS="y">drainage</W>
			<W BOX="591 1021 596 1048" STYLE_REF="1">,</W>
			<W BOX="605 1021 636 1048" STYLE_REF="1">the</W>
			<W BOX="646 1021 710 1048" STYLE_REF="1">details</W>
			<W BOX="722 1021 740 1048" STYLE_REF="1">of</W>
		</Primitive>
		<Primitive BOX="24 1044 811 1094" ID="Ar0010314" SEQ_NO="14" TOC_ENTRY_ID="4" DEPTH_LEVEL="1">
			<L BOX="57 1044 741 1072"/>
			<Q BOX="57 1044 95 1071" STYLE_REF="1" QID="31">whi</Q>
			<q BOX="95 1044 117 1071" STYLE_REF="1" QID="31">ch</q>
			<QW QID="31">which</QW>
			<W BOX="125 1044 155 1071" STYLE_REF="1">are</W>
			<W BOX="162 1044 191 1071" STYLE_REF="1">too</W>
			<W BOX="200 1044 286 1071" STYLE_REF="1">offensive</W>
			<W BOX="292 1044 311 1071" STYLE_REF="1">to</W>
			<Q BOX="319 1044 332 1071" STYLE_REF="1" QID="32">p</Q>
			<q BOX="332 1044 371 1071" STYLE_REF="1" QID="32">lace</q>
			<QW QID="32">place</QW>
			<W BOX="379 1044 438 1071" STYLE_REF="1">before</W>
			<W BOX="446 1044 478 1071" STYLE_REF="1">the</W>
			<W BOX="483 1044 557 1071" STYLE_REF="1">general</W>
			<W BOX="564 1044 626 1071" STYLE_REF="1" NS="y">reader</W>
			<W BOX="631 1044 636 1071" STYLE_REF="1">;</W>
			<W BOX="644 1044 713 1071" STYLE_REF="1">instead</W>
			<W BOX="722 1045 741 1072" STYLE_REF="1">of</W>
			<L BOX="57 1066 740 1094"/>
			<W BOX="57 1067 164 1094" STYLE_REF="1">wondering</W>
			<W BOX="174 1066 213 1093" STYLE_REF="1">that</W>
			<W BOX="226 1066 257 1093" STYLE_REF="1">the</W>
			<W BOX="270 1066 354 1093" STYLE_REF="1">ordinary</W>
			<W BOX="362 1066 455 1093" STYLE_REF="1">mortality</W>
			<W BOX="464 1066 483 1093" STYLE_REF="1">in</W>
			<W BOX="495 1066 526 1093" STYLE_REF="1">the</W>
			<W BOX="539 1066 590 1093" STYLE_REF="1">army</W>
			<W BOX="602 1066 666 1093" STYLE_REF="1">almost</W>
			<W BOX="678 1067 740 1094" STYLE_REF="1">equals</W>
		</Primitive>
		<Primitive BOX="24 1090 811 1140" ID="Ar0010315" SEQ_NO="15" TOC_ENTRY_ID="4" DEPTH_LEVEL="1">
			<L BOX="55 1090 739 1117"/>
			<W BOX="55 1091 88 1117" STYLE_REF="1">the</W>
			<W BOX="99 1090 235 1116" STYLE_REF="1">extraordinary</W>
			<W BOX="246 1090 341 1116" STYLE_REF="1">mortality</W>
			<W BOX="348 1090 414 1116" STYLE_REF="1">among</W>
			<Q BOX="426 1090 499 1116" STYLE_REF="1" QID="33">civilian</Q>
			<q BOX="500 1090 509 1116" STYLE_REF="1" QID="33">s</q>
			<QW QID="33">civilians</QW>
			<W BOX="522 1090 542 1116" STYLE_REF="1">in</W>
			<W BOX="555 1090 626 1116" STYLE_REF="1">seasons</W>
			<W BOX="638 1090 655 1116" STYLE_REF="1">of</W>
			<W BOX="668 1090 739 1116" STYLE_REF="1">cholera</W>
			<L BOX="56 1112 740 1140"/>
			<W BOX="56 1113 92 1140" STYLE_REF="1">and</W>
			<Q BOX="112 1113 160 1140" STYLE_REF="1" QID="34">fever</Q>
			<q BOX="184 1112 198 1139" STYLE_REF="1" QID="34">it</q>
			<QW QID="34">feverit</QW>
			<W BOX="214 1112 230 1139" STYLE_REF="1">is</W>
			<W BOX="244 1112 304 1139" STYLE_REF="1">rather</W>
			<W BOX="320 1112 385 1139" STYLE_REF="1">matter</W>
			<W BOX="399 1112 426 1139" STYLE_REF="1">for</W>
			<W BOX="442 1112 520 1139" STYLE_REF="1" NS="y">surprise</W>
			<W BOX="522 1113 527 1139" STYLE_REF="1">,</W>
			<W BOX="540 1112 579 1139" STYLE_REF="1" NS="y">that</W>
			<W BOX="580 1113 585 1139" STYLE_REF="1">,</W>
			<Q BOX="598 1113 727 1139" STYLE_REF="1" QID="35">systematicall</Q>
			<q BOX="726 1114 740 1140" STYLE_REF="1" QID="35">y</q>
			<QW QID="35">systematically</QW>
		</Primitive>
		<Primitive BOX="24 1135 811 1163" ID="Ar0010316" SEQ_NO="16" TOC_ENTRY_ID="4" DEPTH_LEVEL="1">
			<L BOX="163 1114 168 1140"/>
			<W BOX="163 1114 168 1140" STYLE_REF="1">,</W>
			<L BOX="56 1135 739 1163"/>
			<W BOX="56 1136 135 1163" STYLE_REF="1">exposed</W>
			<W BOX="149 1136 168 1162" STYLE_REF="1">to</W>
			<W BOX="182 1135 278 1162" STYLE_REF="1">influences</W>
			<W BOX="290 1135 357 1162" STYLE_REF="1">known</W>
			<W BOX="368 1135 386 1162" STYLE_REF="1">as</W>
			<W BOX="396 1135 426 1162" STYLE_REF="1">the</W>
			<W BOX="437 1135 483 1162" STYLE_REF="1">most</W>
			<Q BOX="496 1135 549 1162" STYLE_REF="1" QID="36">deadl</Q>
			<q BOX="549 1136 561 1162" STYLE_REF="1" QID="36">y</q>
			<QW QID="36">deadly</QW>
			<W BOX="572 1136 591 1162" STYLE_REF="1">to</W>
			<W BOX="603 1136 664 1162" STYLE_REF="1">which</W>
			<W BOX="672 1136 739 1162" STYLE_REF="1">human</W>
		</Primitive>
		<Primitive BOX="24 1163 811 1214" ID="Ar0010317" SEQ_NO="17" TOC_ENTRY_ID="4" DEPTH_LEVEL="1">
			<L BOX="80 1159 645 1186"/>
			<W BOX="80 1160 114 1186" STYLE_REF="1" NS="y">vol</W>
			<W BOX="115 1160 120 1186" STYLE_REF="1">.</W>
			<W BOX="128 1159 135 1185" STYLE_REF="1" NS="y">i</W>
			<W BOX="135 1159 141 1185" STYLE_REF="1">.</W>
			<W BOX="516 1159 519 1185" STYLE_REF="1">.</W>
			<W BOX="634 1159 645 1185" STYLE_REF="1">a</W>
		</Primitive>
	</Content>
	<Continuation-Content ID_REF="Ar00200"/>
	<Continuation-Content ID_REF="Ar00300"/>
	<Continuation-Content ID_REF="Ar00400"/>
	<Continuation-Content ID_REF="Ar00501"/>
	<Continuation-Content ID_REF="Ar00600"/>
	<Continuation-Content ID_REF="Ar00700"/>
	<TOC_Entries><TOC_Entry TOC_ENTRY_ID="4" TITLE="+ To the well-known services of Miss Nig..." ENTITY_ID_REF="Ar00103" PAGE_NO="1" PAGE_LABEL="Unpag" PRIM_ID_REF="Ar0010300" IS_IC="true"/></TOC_Entries></XMD-entity>
