<?xml version="1.0" encoding="windows-1252" standalone="no"?>
<XMD-PAGE REPOSITORY_FORMAT="1.0" PRXML_VER="2.0">
	<Meta ISSUE_DATE="01/04/1858" RELEASE_NO="041-EWJ-1858-04-01-001-SINGLE" PAGE_NO="1" NAME="" PAGE_LABEL="Unpag" PAGE_TYPE="Single" PUBLISHER="Olive" PUBLICATION="EWJ" SOURCE_TYPE="TIFF" SOURCE_RESOLUTION="72" IMAGES_RESOLUTION="86" PAGE_THUMBNAIL_RESOLUTION="86" PAGE_PREVIEW_RESOLUTION="15" DEFAULT_IMG_EXT="png" IMG_EXT="png" PREVIEW_IMG_EXT="png" XMD_VER="2.6.238.8" PROFILE_ID="D:\pdfs\EWJ\XMD_EWJ.ini" SECTION="Front page" PAGE_WIDTH="823" PAGE_HEIGHT="1239" PAGES_NUMBER="72" BASE_HREF="EWJ/1858/04/01" PDF_DESTINATION_MAPPED="OLV0_Page_0001">
		<Resolutions>
			<Resolution DEFAULT="true">86</Resolution>
		</Resolutions>
	</Meta>
	<Link SOURCE="041-EWJ-1858-04-01-001-SINGLE.PDF" NEXT_SECTION="2" PREV_SECTION=""/>
	<DataFiles>
		<Files TYPE="DOC_PDF" PRESENT="1"/>
		<Files TYPE="PAGE_PDF" PRESENT="0"/>
		<Files TYPE="DOC_IMG" PRESENT="0"/>
		<Files TYPE="PAGE_IMG" PRESENT="0"/>
		<Files TYPE="PAGE_VIEW_IMG" PRESENT="1"/>
		<Files TYPE="PAGE_PREVIEW_IMG" PRESENT="1"/>
		<Files TYPE="PRIMITIVE_IMG" PRESENT="1"/>
		<Files TYPE="SNIPPET_IMG" PRESENT="1"/>
	</DataFiles>
	<Entity ENTITY_TYPE="Article" FIRST_TOC_ENTRY_ID="2" INDEX_IN_DOC="2" DEPTH_LEVEL="1" ID="Ar00100" SIZE="Small" BOX="24 241 811 305" NEXT_SECTION="2" PREV_SECTION="" IMAGES_RESOLUTION="86" LOGICAL_NAME="true">
		<Name>Yol. I. April 1, 1858. No. 2.</Name>
		<Primitive ID="Ar0010000" BOX="24 241 811 305" ELEMENT_TYPE="Content" SEQ_NO="0" TOC_ENTRY_ID="2" DEPTH_LEVEL="1"/>
	</Entity>
	<Entity ENTITY_TYPE="Article" ENTITY_SUBTYPE="Section" FIRST_TOC_ENTRY_ID="3" INDEX_IN_DOC="3" DEPTH_LEVEL="1" ID="Ar00101" SIZE="Medium" BOX="24 305 811 406" NEXT_SECTION="2" PREV_SECTION="" IMAGES_RESOLUTION="86" LOGICAL_NAME="true">
		<Name>IX.�FLORENCE NIGHTINGALE AND THE</Name>
		<Primitive ID="Ar0010100" BOX="24 305 811 366" ELEMENT_TYPE="HedLine_hl1" SEQ_NO="0" TOC_ENTRY_ID="3" DEPTH_LEVEL="1"/>
		<Primitive ID="Ar0010101" BOX="24 366 811 406" ELEMENT_TYPE="HedLine_hl1" SEQ_NO="1" TOC_ENTRY_ID="3" DEPTH_LEVEL="1"/>
	</Entity>
	<Entity ENTITY_TYPE="Article" FIRST_TOC_ENTRY_ID="1" INDEX_IN_DOC="1" DEPTH_LEVEL="1" ID="Ar00102" SIZE="Large" BOX="24 12 811 241" NEXT_SECTION="2" PREV_SECTION="" IMAGES_RESOLUTION="86" LOGICAL_NAME="true">
		<Name>THE</Name>
		<Primitive ID="Ar0010200" BOX="24 12 811 100" ELEMENT_TYPE="Content" SEQ_NO="0" TOC_ENTRY_ID="1" DEPTH_LEVEL="1"/>
		<Primitive ID="Ar0010201" BOX="24 100 811 174" ELEMENT_TYPE="Content" SEQ_NO="1" TOC_ENTRY_ID="1" DEPTH_LEVEL="1"/>
		<Primitive ID="Ar0010202" BOX="24 174 811 241" ELEMENT_TYPE="Content" SEQ_NO="2" TOC_ENTRY_ID="1" DEPTH_LEVEL="1"/>
	</Entity>
	<Entity ENTITY_TYPE="Article" FIRST_TOC_ENTRY_ID="4" INDEX_IN_DOC="4" DEPTH_LEVEL="1" ID="Ar00103" SIZE="XLarge" BOX="24 406 811 1214" NEXT_SECTION="2" PREV_SECTION="" CONTINUATION_TO="Ar00200" IMAGES_RESOLUTION="86" LOGICAL_NAME="true">
		<Name>+ To the well-known services of Miss Nig...</Name>
		<Primitive ID="Ar0010300" BOX="24 406 811 460" ELEMENT_TYPE="Content" SEQ_NO="0" TOC_ENTRY_ID="4" DEPTH_LEVEL="1"/>
		<Primitive ID="Ar0010301" BOX="24 455 811 505" ELEMENT_TYPE="Content" SEQ_NO="1" TOC_ENTRY_ID="4" DEPTH_LEVEL="1"/>
		<Primitive ID="Ar0010302" BOX="24 500 811 551" ELEMENT_TYPE="Content" SEQ_NO="2" TOC_ENTRY_ID="4" DEPTH_LEVEL="1"/>
		<Primitive ID="Ar0010303" BOX="24 545 811 596" ELEMENT_TYPE="Content" SEQ_NO="3" TOC_ENTRY_ID="4" DEPTH_LEVEL="1"/>
		<Primitive ID="Ar0010304" BOX="24 591 811 642" ELEMENT_TYPE="Content" SEQ_NO="4" TOC_ENTRY_ID="4" DEPTH_LEVEL="1"/>
		<Primitive ID="Ar0010305" BOX="24 636 811 687" ELEMENT_TYPE="Content" SEQ_NO="5" TOC_ENTRY_ID="4" DEPTH_LEVEL="1"/>
		<Primitive ID="Ar0010306" BOX="24 682 811 733" ELEMENT_TYPE="Content" SEQ_NO="6" TOC_ENTRY_ID="4" DEPTH_LEVEL="1"/>
		<Primitive ID="Ar0010307" BOX="24 727 811 777" ELEMENT_TYPE="Content" SEQ_NO="7" TOC_ENTRY_ID="4" DEPTH_LEVEL="1"/>
		<Primitive ID="Ar0010308" BOX="24 773 811 823" ELEMENT_TYPE="Content" SEQ_NO="8" TOC_ENTRY_ID="4" DEPTH_LEVEL="1"/>
		<Primitive ID="Ar0010309" BOX="24 818 811 868" ELEMENT_TYPE="Content" SEQ_NO="9" TOC_ENTRY_ID="4" DEPTH_LEVEL="1"/>
		<Primitive ID="Ar0010310" BOX="24 863 811 914" ELEMENT_TYPE="Content" SEQ_NO="10" TOC_ENTRY_ID="4" DEPTH_LEVEL="1"/>
		<Primitive ID="Ar0010311" BOX="24 908 811 959" ELEMENT_TYPE="Content" SEQ_NO="11" TOC_ENTRY_ID="4" DEPTH_LEVEL="1"/>
		<Primitive ID="Ar0010312" BOX="24 954 811 1005" ELEMENT_TYPE="Content" SEQ_NO="12" TOC_ENTRY_ID="4" DEPTH_LEVEL="1"/>
		<Primitive ID="Ar0010313" BOX="24 999 811 1049" ELEMENT_TYPE="Content" SEQ_NO="13" TOC_ENTRY_ID="4" DEPTH_LEVEL="1"/>
		<Primitive ID="Ar0010314" BOX="24 1044 811 1094" ELEMENT_TYPE="Content" SEQ_NO="14" TOC_ENTRY_ID="4" DEPTH_LEVEL="1"/>
		<Primitive ID="Ar0010315" BOX="24 1090 811 1140" ELEMENT_TYPE="Content" SEQ_NO="15" TOC_ENTRY_ID="4" DEPTH_LEVEL="1"/>
		<Primitive ID="Ar0010316" BOX="24 1135 811 1163" ELEMENT_TYPE="Content" SEQ_NO="16" TOC_ENTRY_ID="4" DEPTH_LEVEL="1"/>
		<Primitive ID="Ar0010317" BOX="24 1163 811 1214" ELEMENT_TYPE="Content" SEQ_NO="17" TOC_ENTRY_ID="4" DEPTH_LEVEL="1"/>
	</Entity>
</XMD-PAGE>
