<?xml version="1.0" encoding="windows-1252" standalone="no"?>
<XMD-entity REPOSITORY_FORMAT="1.0" PRXML_VER="2.0" ENTITY_TYPE="Article" FIRST_TOC_ENTRY_ID="13" DEPTH_LEVEL="1" INDEX_IN_DOC="31" PAGE_NO="20" ID="Ar02000" BOX="24 102 811 1214" LANGUAGE="English" CONTINUATION_TO="Ar02100" CONTINUATION_FROM="Ar01900" LOGICAL_NAME="true">
	<Meta NAME="To the Editors of the English Woman's Jo..." DESCRIPTION="" SUBTYPE="" BASE_HREF="EWJ/1858/04/01" SOURCE_TYPE="TIFF" PUBLICATION="EWJ" SECTION="None" ISSUE_DATE="01/04/1858" WORDCNT="612" RELEASE_NO="041-EWJ-1858-04-01-001-SINGLE" PAGE_ID="" PAGE_TYPE="Single" PAGE_WIDTH="823" PAGE_HEIGHT="1239" DEFAULT_IMG_EXT="png" PDF_DESTINATION_MAPPED="OLV0_Entity_0020_0001" IMAGES_RESOLUTION="86" XMD_VER="2.6.238.8" PAGE_LABEL="92"/>
	<Link SOURCE="041-EWJ-1858-04-01-001-SINGLE.PDF" FIRST_ID="Ar00200" LAST_ID="Ar07201" NEXT_ID="Ar02001" PREV_ID="" TOC_ID="d:/Olive/Repository/EWJ/1858/04/01/TOC.xml"/>
	<DataFiles>
		<Files TYPE="DOC_PDF" PRESENT="1"/>
		<Files TYPE="PAGE_PDF" PRESENT="0"/>
		<Files TYPE="DOC_IMG" PRESENT="0"/>
		<Files TYPE="PAGE_IMG" PRESENT="0"/>
		<Files TYPE="PAGE_VIEW_IMG" PRESENT="1"/>
		<Files TYPE="PAGE_PREVIEW_IMG" PRESENT="1"/>
		<Files TYPE="PRIMITIVE_IMG" PRESENT="1"/>
		<Files TYPE="SNIPPET_IMG" PRESENT="1"/>
	</DataFiles>
	<Content>
		<Primitive BOX="24 102 811 174" ID="Ar0200000" SEQ_NO="0" TOC_ENTRY_ID="13" DEPTH_LEVEL="1">
			<L BOX="73 102 760 136"/>
			<W BOX="73 109 119 136" STYLE_REF="1">been</W>
			<W BOX="128 109 219 135" STYLE_REF="1" NS="y">delivered</W>
			<W BOX="221 109 226 135" STYLE_REF="1">,</W>
			<W BOX="236 108 270 135" STYLE_REF="1">the</W>
			<Q BOX="278 107 286 134" STYLE_REF="1" LH="y" QID="1">-</Q>
			<q BOX="284 107 345 134" STYLE_REF="1" QID="1">wearer</q>
			<QW QID="1">-wearer</QW>
			<W BOX="356 107 373 134" STYLE_REF="1">of</W>
			<W BOX="384 107 417 134" STYLE_REF="1">the</W>
			<W BOX="428 106 480 132" STYLE_REF="1">black</W>
			<W BOX="492 106 527 132" STYLE_REF="1">silk</W>
			<W BOX="541 106 591 132" STYLE_REF="1">dress</W>
			<W BOX="601 105 690 131" STYLE_REF="1">ascended</W>
			<W BOX="700 104 719 131" STYLE_REF="1">to</W>
			<W BOX="727 102 760 129" STYLE_REF="1">the</W>
			<L BOX="72 126 760 182"/>
			<W BOX="72 155 105 182" STYLE_REF="1">the</W>
			<Q BOX="72 133 85 160" STYLE_REF="1" QID="2">p</Q>
			<q BOX="85 131 157 158" STYLE_REF="1" QID="2">latform</q>
			<QW QID="2">platform</QW>
			<W BOX="110 155 168 182" STYLE_REF="1">hands</W>
			<W BOX="170 131 217 158" STYLE_REF="1">with</W>
			<W BOX="176 155 193 181" STYLE_REF="1">of</W>
			<W BOX="202 154 229 181" STYLE_REF="1">Dr</W>
			<W BOX="226 131 236 158" STYLE_REF="1">a</W>
			<W BOX="229 154 235 181" STYLE_REF="1">.</W>
			<W BOX="243 154 281 181" STYLE_REF="1">Lee</W>
			<W BOX="245 131 321 157" STYLE_REF="1">number</W>
			<W BOX="295 153 327 180" STYLE_REF="1">the</W>
			<W BOX="331 130 347 157" STYLE_REF="1">of</W>
			<W BOX="334 152 428 179" STYLE_REF="1">venerable</W>
			<W BOX="358 130 390 156" STYLE_REF="1">her</W>
			<W BOX="399 129 471 156" STYLE_REF="1">brother</W>
			<W BOX="437 152 532 178" STYLE_REF="1">President</W>
			<Q BOX="471 129 480 156" STYLE_REF="1" LH="y" QID="3">-</Q>
			<q BOX="480 129 562 156" STYLE_REF="1" QID="3">students</q>
			<QW QID="3">-students</QW>
			<W BOX="542 152 558 178" STYLE_REF="1">of</W>
			<W BOX="565 129 570 156" STYLE_REF="1">,</W>
			<W BOX="567 152 599 178" STYLE_REF="1">the</W>
			<W BOX="578 128 612 155" STYLE_REF="1">and</W>
			<W BOX="605 150 713 177" STYLE_REF="1">University</W>
			<W BOX="621 127 706 154" STYLE_REF="1">received</W>
			<W BOX="711 126 758 153" STYLE_REF="1">from</W>
			<W BOX="713 150 719 177" STYLE_REF="1">,</W>
			<W BOX="727 148 760 175" STYLE_REF="1">the</W>
		</Primitive>
		<Primitive BOX="24 162 811 238" ID="Ar0200001" SEQ_NO="1" TOC_ENTRY_ID="13" DEPTH_LEVEL="1">
			<L BOX="72 154 759 227"/>
			<W BOX="72 201 124 227" STYLE_REF="1">word</W>
			<Q BOX="72 178 127 204" STYLE_REF="1" QID="4">much</Q>
			<q BOX="127 178 134 204" STYLE_REF="1" LH="y" QID="4">-</q>
			<QW QID="4">much-</QW>
			<W BOX="132 200 210 226" STYLE_REF="2">Dominus</W>
			<W BOX="134 178 203 204" STYLE_REF="1">desired</W>
			<W BOX="212 177 238 204" STYLE_REF="1">Di</W>
			<W BOX="217 200 239 226" STYLE_REF="1">ch</W>
			<W BOX="237 178 249 205" STYLE_REF="1">p</W>
			<W BOX="240 199 296 226" STYLE_REF="1">anged</W>
			<W BOX="249 176 297 203" STYLE_REF="1">loma</W>
			<W BOX="281 154 286 181" STYLE_REF="1">,</W>
			<W BOX="298 176 303 203" STYLE_REF="1">,</W>
			<W BOX="306 198 325 225" STYLE_REF="1">to</W>
			<W BOX="311 175 349 202" STYLE_REF="1">whi</W>
			<W BOX="332 197 401 224" STYLE_REF="2">Domina</W>
			<W BOX="349 175 372 202" STYLE_REF="1">ch</W>
			<W BOX="379 175 426 201" STYLE_REF="1">with</W>
			<W BOX="403 198 410 225" STYLE_REF="2">,</W>
			<W BOX="416 197 504 224" STYLE_REF="1">admitted</W>
			<W BOX="432 174 457 201" STYLE_REF="1">its</W>
			<W BOX="466 174 502 201" STYLE_REF="1">seal</W>
			<W BOX="511 197 544 224" STYLE_REF="1">her</W>
			<W BOX="512 174 547 201" STYLE_REF="1">and</W>
			<W BOX="552 197 591 224" STYLE_REF="1">into</W>
			<W BOX="554 174 597 201" STYLE_REF="1">blue</W>
			<W BOX="598 196 630 223" STYLE_REF="1">the</W>
			<W BOX="605 174 671 200" STYLE_REF="1">riband</W>
			<W BOX="638 196 693 222" STYLE_REF="1">ranks</W>
			<W BOX="671 173 675 200" STYLE_REF="1">,</W>
			<W BOX="684 172 719 199" STYLE_REF="1">and</W>
			<W BOX="701 195 718 222" STYLE_REF="1">of</W>
			<W BOX="727 194 758 221" STYLE_REF="1">the</W>
			<W BOX="727 171 759 198" STYLE_REF="1">the</W>
		</Primitive>
		<Primitive BOX="24 226 811 295" ID="Ar0200002" SEQ_NO="2" TOC_ENTRY_ID="13" DEPTH_LEVEL="1">
			<L BOX="72 217 760 250"/>
			<W BOX="72 223 151 250" STYLE_REF="1">Medical</W>
			<W BOX="159 222 255 249" STYLE_REF="1" NS="y">fraternity</W>
			<W BOX="255 222 262 249" STYLE_REF="1">,</W>
			<W BOX="270 220 351 247" STYLE_REF="1">hitherto</W>
			<W BOX="359 220 418 247" STYLE_REF="1">closed</W>
			<W BOX="432 220 503 246" STYLE_REF="1">against</W>
			<W BOX="513 220 547 246" STYLE_REF="1">her</W>
			<W BOX="558 220 590 246" STYLE_REF="1" NS="y">sex</W>
			<W BOX="590 220 595 246" STYLE_REF="1">.</W>
			<W BOX="619 219 670 246" STYLE_REF="1">Each</W>
			<W BOX="677 217 751 244" STYLE_REF="1" NS="y">student</W>
			<W BOX="753 217 760 243" STYLE_REF="1">,</W>
			<L BOX="72 239 759 272"/>
			<W BOX="72 246 96 272" STYLE_REF="1">on</W>
			<W BOX="109 245 204 272" STYLE_REF="1">receiving</W>
			<W BOX="217 244 248 271" STYLE_REF="1">the</W>
			<Q BOX="262 244 280 270" STYLE_REF="1" QID="5">di</Q>
			<Q BOX="280 244 293 271" STYLE_REF="1" QID="5">p</Q>
			<q BOX="294 243 342 270" STYLE_REF="1" NS="y" QID="5">loma</q>
			<QW QID="5">diploma</QW>
			<W BOX="344 244 348 270" STYLE_REF="1">,</W>
			<W BOX="361 242 448 269" STYLE_REF="1">returned</W>
			<W BOX="463 242 473 269" STYLE_REF="1">a</W>
			<W BOX="481 242 517 269" STYLE_REF="1">few</W>
			<W BOX="528 242 588 269" STYLE_REF="1">words</W>
			<W BOX="602 242 619 268" STYLE_REF="1">of</W>
			<W BOX="632 241 700 267" STYLE_REF="1" NS="y">thanks</W>
			<W BOX="700 241 706 267" STYLE_REF="1">.</W>
			<W BOX="730 239 759 266" STYLE_REF="1">On</W>
			<L BOX="71 262 759 295"/>
			<W BOX="71 268 164 295" STYLE_REF="1">receiving</W>
			<W BOX="172 267 215 294" STYLE_REF="1" NS="y">hers</W>
			<W BOX="215 267 220 294" STYLE_REF="1">,</W>
			<W BOX="228 266 255 293" STYLE_REF="1" NS="y">Dr</W>
			<W BOX="255 266 261 293" STYLE_REF="1">.</W>
			<W BOX="269 265 366 292" STYLE_REF="1">Elizabeth</W>
			<Q BOX="374 266 408 292" STYLE_REF="1" QID="6">rep</Q>
			<q BOX="408 265 445 292" STYLE_REF="1" NS="y" QID="6">lied</q>
			<QW QID="6">replied</QW>
			<W BOX="447 265 452 292" STYLE_REF="1">,</W>
			<W BOX="463 265 484 291" STYLE_REF="1">in</W>
			<W BOX="493 265 504 291" STYLE_REF="1">a</W>
			<W BOX="516 265 553 291" STYLE_REF="1">low</W>
			<W BOX="563 265 615 291" STYLE_REF="1" NS="y">voice</W>
			<W BOX="615 264 621 291" STYLE_REF="1">,</W>
			<W BOX="629 263 663 290" STYLE_REF="1">but</W>
			<W BOX="673 263 739 289" STYLE_REF="1">amidst</W>
			<W BOX="747 262 759 289" STYLE_REF="1">a</W>
		</Primitive>
		<Primitive BOX="24 286 811 355" ID="Ar0200003" SEQ_NO="3" TOC_ENTRY_ID="13" DEPTH_LEVEL="1">
			<L BOX="70 286 759 318"/>
			<W BOX="70 292 120 318" STYLE_REF="1">hush</W>
			<W BOX="135 292 153 318" STYLE_REF="1">of</W>
			<W BOX="169 291 255 317" STYLE_REF="1">curiosity</W>
			<W BOX="272 289 308 316" STYLE_REF="1">and</W>
			<W BOX="324 289 399 315" STYLE_REF="1">interest</W>
			<W BOX="417 288 437 315" STYLE_REF="1">so</W>
			<W BOX="453 288 524 315" STYLE_REF="1">intense</W>
			<W BOX="540 288 579 315" STYLE_REF="1">that</W>
			<W BOX="591 288 624 315" STYLE_REF="1">the</W>
			<W BOX="637 287 697 314" STYLE_REF="1">words</W>
			<W BOX="710 286 759 312" STYLE_REF="1">were</W>
			<L BOX="70 311 758 359"/>
			<W BOX="70 314 143 341" STYLE_REF="1">audible</W>
			<Q BOX="151 313 217 340" STYLE_REF="1" QID="7">throug</Q>
			<q BOX="216 312 261 339" STYLE_REF="1" QID="7">hout</q>
			<QW QID="7">throughout</QW>
			<W BOX="269 312 301 339" STYLE_REF="1">the</W>
			<W BOX="308 311 393 338" STYLE_REF="1" NS="y">building</W>
			<W BOX="393 311 400 338" STYLE_REF="1" NS="y">,</W>
			<W BOX="400 312 423 338" STYLE_REF="1" LH="y">�</W>
			<W BOX="573 333 615 359" STYLE_REF="1">iven</W>
			<W BOX="623 333 642 359" STYLE_REF="1">to</W>
			<W BOX="689 331 758 358" STYLE_REF="1">studies</W>
		</Primitive>
		<Primitive BOX="24 343 811 409" ID="Ar0200004" SEQ_NO="4" TOC_ENTRY_ID="13" DEPTH_LEVEL="1">
			<L BOX="69 333 757 387"/>
			<W BOX="69 360 82 387" STYLE_REF="1">b</W>
			<W BOX="94 339 105 366" STYLE_REF="1">"</W>
			<W BOX="102 359 134 386" STYLE_REF="1">the</W>
			<W BOX="110 336 121 363" STYLE_REF="1">I</W>
			<W BOX="128 336 185 362" STYLE_REF="1">thank</W>
			<W BOX="142 358 249 385" STYLE_REF="1">Institution</W>
			<W BOX="194 336 229 362" STYLE_REF="1" NS="y">you</W>
			<W BOX="232 336 236 362" STYLE_REF="1">,</W>
			<W BOX="243 335 272 362" STYLE_REF="1">Mr</W>
			<W BOX="257 358 274 385" STYLE_REF="1">of</W>
			<W BOX="272 335 278 362" STYLE_REF="1">.</W>
			<W BOX="284 357 345 384" STYLE_REF="1">which</W>
			<W BOX="284 334 378 361" STYLE_REF="1" NS="y">President</W>
			<W BOX="381 334 386 361" STYLE_REF="1">,</W>
			<W BOX="392 333 420 360" STYLE_REF="1">for</W>
			<W BOX="398 356 429 383" STYLE_REF="1">are</W>
			<W BOX="429 333 461 360" STYLE_REF="1">the</W>
			<W BOX="437 356 470 383" STYLE_REF="1">the</W>
			<W BOX="469 333 501 360" STYLE_REF="1">san</W>
			<W BOX="476 356 524 383" STYLE_REF="1">head</W>
			<Q BOX="502 333 513 360" STYLE_REF="1" QID="8">c</Q>
			<q BOX="513 333 527 360" STYLE_REF="1" QID="8">ti</q>
			<QW QID="8">cti</QW>
			<W BOX="524 356 530 383" STYLE_REF="1">.</W>
			<W BOX="529 333 552 360" STYLE_REF="1">on</W>
			<W BOX="550 356 600 383" STYLE_REF="1">With</W>
			<W BOX="560 333 573 360" STYLE_REF="1">g</W>
			<W BOX="608 356 640 383" STYLE_REF="1">the</W>
			<W BOX="647 355 680 381" STYLE_REF="1">hel</W>
			<W BOX="650 333 682 359" STYLE_REF="1">my</W>
			<W BOX="699 354 716 381" STYLE_REF="1">of</W>
			<W BOX="726 353 757 380" STYLE_REF="1">the</W>
			<L BOX="68 356 757 409"/>
			<W BOX="68 382 116 409" STYLE_REF="1">Most</W>
			<W BOX="82 361 94 387" STYLE_REF="1">y</W>
			<Q BOX="124 382 151 409" STYLE_REF="1" QID="9">Hi</Q>
			<Q BOX="163 381 177 408" STYLE_REF="1" QID="9">h</Q>
			<q BOX="191 381 206 408" STYLE_REF="1" QID="9">it</q>
			<QW QID="9">Hihit</QW>
			<W BOX="213 381 262 408" STYLE_REF="1">shall</W>
			<W BOX="268 381 292 408" STYLE_REF="1">be</W>
			<W BOX="299 380 331 407" STYLE_REF="1">the</W>
			<W BOX="339 379 441 406" STYLE_REF="1">endeavour</W>
			<W BOX="352 357 390 384" STYLE_REF="1">you</W>
			<W BOX="453 379 470 406" STYLE_REF="1">of</W>
			<W BOX="482 379 514 406" STYLE_REF="1">my</W>
			<W BOX="521 379 553 405" STYLE_REF="1">life</W>
			<W BOX="563 379 581 405" STYLE_REF="1">to</W>
			<W BOX="589 379 612 405" STYLE_REF="1">do</W>
			<W BOX="619 378 690 404" STYLE_REF="1">honour</W>
			<W BOX="679 356 692 382" STYLE_REF="1">p</W>
			<W BOX="697 377 717 404" STYLE_REF="1">to</W>
			<W BOX="725 377 757 403" STYLE_REF="1">the</W>
		</Primitive>
		<Primitive BOX="24 401 811 454" ID="Ar0200005" SEQ_NO="5" TOC_ENTRY_ID="13" DEPTH_LEVEL="1">
			<L BOX="152 381 183 409"/>
			<W BOX="152 382 165 409" STYLE_REF="1" NS="y">g</W>
			<W BOX="178 381 183 408" STYLE_REF="1">,</W>
			<L BOX="70 401 758 454"/>
			<W BOX="70 405 95 432" STYLE_REF="1">Di</W>
			<W BOX="93 427 132 454" STYLE_REF="1">The</W>
			<Q BOX="95 406 108 433" STYLE_REF="1" QID="10">p</Q>
			<q BOX="107 405 155 431" STYLE_REF="1" QID="10">loma</q>
			<QW QID="10">ploma</QW>
			<W BOX="140 427 225 453" STYLE_REF="1">Presiden</W>
			<W BOX="163 405 200 431" STYLE_REF="1">you</W>
			<W BOX="207 403 254 430" STYLE_REF="1">have</W>
			<W BOX="227 427 236 453" STYLE_REF="1" NS="y">t</W>
			<W BOX="237 427 242 453" STYLE_REF="1">,</W>
			<W BOX="249 426 269 453" STYLE_REF="1">in</W>
			<W BOX="263 403 355 430" STYLE_REF="1">conferred</W>
			<W BOX="276 425 309 452" STYLE_REF="1">his</W>
			<W BOX="315 425 425 452" STYLE_REF="1">concluding</W>
			<W BOX="365 402 415 429" STYLE_REF="1">upon</W>
			<W BOX="422 402 452 429" STYLE_REF="1">me</W>
			<W BOX="434 424 507 451" STYLE_REF="1">address</W>
			<W BOX="452 402 459 429" STYLE_REF="1" NS="y">.</W>
			<W BOX="459 401 473 428" STYLE_REF="1">"</W>
			<W BOX="509 425 513 451" STYLE_REF="1">,</W>
			<W BOX="521 424 595 451" STYLE_REF="1">alluded</W>
			<W BOX="602 424 621 451" STYLE_REF="1">to</W>
			<W BOX="629 424 662 451" STYLE_REF="1">the</W>
			<Q BOX="669 423 745 449" STYLE_REF="1" QID="11">presenc</Q>
			<q BOX="746 423 758 449" STYLE_REF="1" QID="11">e</q>
			<QW QID="11">presence</QW>
		</Primitive>
		<Primitive BOX="24 445 811 499" ID="Ar0200006" SEQ_NO="6" TOC_ENTRY_ID="13" DEPTH_LEVEL="1">
			<L BOX="69 445 757 477"/>
			<W BOX="69 450 87 477" STYLE_REF="1">of</W>
			<W BOX="96 450 106 477" STYLE_REF="1">a</W>
			<Q BOX="114 449 145 476" STYLE_REF="1" QID="12">lad</Q>
			<Q BOX="145 449 158 475" STYLE_REF="1" QID="12">y</Q>
			<Q BOX="158 449 166 475" STYLE_REF="1" LH="y" QID="12">-</Q>
			<q BOX="166 449 239 475" STYLE_REF="1" QID="12">student</q>
			<QW QID="12">lady-student</QW>
			<W BOX="246 448 313 475" STYLE_REF="1">during</W>
			<W BOX="321 448 353 474" STYLE_REF="1">the</W>
			<Q BOX="364 448 423 474" STYLE_REF="1" QID="13">colleg</Q>
			<q BOX="424 447 459 473" STYLE_REF="1" QID="13">iate</q>
			<QW QID="13">collegiate</QW>
			<W BOX="469 447 532 473" STYLE_REF="1">course</W>
			<W BOX="544 447 588 473" STYLE_REF="1">then</W>
			<W BOX="600 447 671 473" STYLE_REF="1" NS="y">closing</W>
			<W BOX="671 447 677 473" STYLE_REF="1">,</W>
			<W BOX="687 446 707 472" STYLE_REF="1">as</W>
			<W BOX="717 447 732 474" STYLE_REF="1" NS="y">"</W>
			<W BOX="733 445 757 472" STYLE_REF="1">an</W>
			<L BOX="68 468 756 499"/>
			<W BOX="68 472 174 499" STYLE_REF="1">innovation</W>
			<W BOX="184 471 227 498" STYLE_REF="1">that</W>
			<W BOX="231 471 267 498" STYLE_REF="1">had</W>
			<W BOX="275 471 323 497" STYLE_REF="1">been</W>
			<W BOX="330 470 350 497" STYLE_REF="1">in</W>
			<W BOX="358 470 414 497" STYLE_REF="1">every</W>
			<W BOX="423 469 465 496" STYLE_REF="1">way</W>
			<W BOX="472 469 482 496" STYLE_REF="1">a</W>
			<W BOX="489 469 582 496" STYLE_REF="1">fortunate</W>
			<Q BOX="590 469 626 496" STYLE_REF="1" QID="14">one</Q>
			<q BOX="633 468 643 495" STYLE_REF="1" QID="14">"</q>
			<QW QID="14">one"</QW>
			<W BOX="651 468 687 495" STYLE_REF="1">and</W>
			<W BOX="695 468 756 494" STYLE_REF="1">stated</W>
		</Primitive>
		<Primitive BOX="24 490 811 544" ID="Ar0200007" SEQ_NO="7" TOC_ENTRY_ID="13" DEPTH_LEVEL="1">
			<L BOX="627 469 633 496"/>
			<W BOX="627 469 633 496" STYLE_REF="1">,</W>
			<L BOX="68 490 756 523"/>
			<W BOX="68 495 109 522" STYLE_REF="1">that</W>
			<W BOX="117 497 128 523" STYLE_REF="1">"</W>
			<W BOX="135 494 167 520" STYLE_REF="1">the</W>
			<W BOX="174 494 213 520" STYLE_REF="1">zeal</W>
			<W BOX="222 494 257 520" STYLE_REF="1">and</W>
			<W BOX="268 493 336 519" STYLE_REF="1">energy</W>
			<W BOX="347 493 380 519" STYLE_REF="1">she</W>
			<W BOX="390 493 427 519" STYLE_REF="1">had</W>
			<Q BOX="438 492 479 519" STYLE_REF="1" QID="15">disp</Q>
			<q BOX="479 492 533 518" STYLE_REF="1" QID="15">layed</q>
			<QW QID="15">displayed</QW>
			<W BOX="544 492 563 518" STYLE_REF="1">in</W>
			<W BOX="574 492 606 518" STYLE_REF="1">the</W>
			<W BOX="617 491 725 517" STYLE_REF="1">acquisition</W>
			<W BOX="738 490 756 517" STYLE_REF="1">of</W>
			<L BOX="68 513 756 544"/>
			<W BOX="68 517 140 544" STYLE_REF="1">science</W>
			<W BOX="150 517 186 544" STYLE_REF="1">had</W>
			<W BOX="197 516 263 543" STYLE_REF="1">offered</W>
			<W BOX="273 516 283 543" STYLE_REF="1">a</W>
			<W BOX="294 515 377 542" STYLE_REF="1">brilliant</W>
			<Q BOX="386 515 451 542" STYLE_REF="1" QID="16">examp</Q>
			<q BOX="450 514 468 541" STYLE_REF="1" QID="16">le</q>
			<QW QID="16">example</QW>
			<W BOX="478 514 498 541" STYLE_REF="1">to</W>
			<W BOX="510 514 544 541" STYLE_REF="1">the</W>
			<W BOX="556 514 616 541" STYLE_REF="1">whole</W>
			<W BOX="628 514 676 541" STYLE_REF="1" NS="y">class</W>
			<W BOX="680 514 686 540" STYLE_REF="1">;</W>
			<W BOX="692 513 702 540" STYLE_REF="1">"</W>
			<W BOX="715 513 756 540" STYLE_REF="1">that</W>
		</Primitive>
		<Primitive BOX="24 536 811 589" ID="Ar0200008" SEQ_NO="8" TOC_ENTRY_ID="13" DEPTH_LEVEL="1">
			<L BOX="69 536 756 569"/>
			<W BOX="69 542 80 569" STYLE_REF="1">"</W>
			<W BOX="88 540 121 567" STYLE_REF="1">her</W>
			<W BOX="129 540 215 567" STYLE_REF="1">presence</W>
			<W BOX="223 539 259 565" STYLE_REF="1">had</W>
			<W BOX="267 538 360 565" STYLE_REF="1">exercised</W>
			<W BOX="369 537 379 564" STYLE_REF="1">a</W>
			<W BOX="387 537 480 564" STYLE_REF="1">beneficial</W>
			<W BOX="491 537 580 564" STYLE_REF="1">influence</W>
			<W BOX="590 537 639 564" STYLE_REF="1">upon</W>
			<W BOX="646 536 679 563" STYLE_REF="1">her</W>
			<Q BOX="687 536 747 562" STYLE_REF="1" QID="17">fellow</Q>
			<Q BOX="747 536 756 562" STYLE_REF="1" QID="17">-</Q>
			<L BOX="68 559 754 589"/>
			<q BOX="68 563 150 589" STYLE_REF="1" QID="17">students</q>
			<QW QID="17">fellowstudents</QW>
			<W BOX="167 562 186 589" STYLE_REF="1">in</W>
			<W BOX="202 562 227 589" STYLE_REF="1">all</W>
			<W BOX="243 562 326 588" STYLE_REF="1" NS="y">respects</W>
			<Q BOX="330 560 343 587" STYLE_REF="1" QID="18">"</Q>
			<q BOX="345 560 350 587" STYLE_REF="1" QID="18">;</q>
			<QW QID="18">";</QW>
			<W BOX="370 560 412 587" STYLE_REF="1">that</W>
			<W BOX="429 562 444 588" STYLE_REF="1" NS="y">"</W>
			<W BOX="446 560 478 587" STYLE_REF="1">the</W>
			<W BOX="494 560 571 587" STYLE_REF="1">average</W>
			<W BOX="587 560 704 586" STYLE_REF="1">attainments</W>
			<W BOX="719 559 754 585" STYLE_REF="1">and</W>
		</Primitive>
		<Primitive BOX="24 582 811 635" ID="Ar0200009" SEQ_NO="9" TOC_ENTRY_ID="13" DEPTH_LEVEL="1">
			<L BOX="67 582 756 612"/>
			<W BOX="67 585 141 612" STYLE_REF="1">general</W>
			<W BOX="154 585 230 612" STYLE_REF="1">conduct</W>
			<W BOX="240 584 257 611" STYLE_REF="1">of</W>
			<W BOX="271 584 304 610" STYLE_REF="1">the</W>
			<W BOX="316 583 398 610" STYLE_REF="1">students</W>
			<W BOX="411 583 479 609" STYLE_REF="1">during</W>
			<W BOX="489 583 522 609" STYLE_REF="1">the</W>
			<W BOX="532 583 594 609" STYLE_REF="1">period</W>
			<W BOX="606 583 638 609" STYLE_REF="1">she</W>
			<W BOX="647 582 684 609" STYLE_REF="1">had</W>
			<W BOX="691 582 756 608" STYLE_REF="1">passed</W>
			<L BOX="67 604 755 635"/>
			<W BOX="67 608 133 635" STYLE_REF="1">among</W>
			<W BOX="140 608 190 635" STYLE_REF="1">them</W>
			<W BOX="197 607 245 633" STYLE_REF="1">were</W>
			<W BOX="256 607 273 633" STYLE_REF="1">of</W>
			<W BOX="285 607 295 633" STYLE_REF="1">a</W>
			<Q BOX="305 606 325 633" STYLE_REF="1" QID="19">hi</Q>
			<Q BOX="325 606 338 633" STYLE_REF="1" QID="19">g</Q>
			<q BOX="337 605 370 632" STYLE_REF="1" QID="19">her</q>
			<QW QID="19">higher</QW>
			<W BOX="378 605 471 632" STYLE_REF="1">character</W>
			<W BOX="478 605 524 632" STYLE_REF="1">than</W>
			<W BOX="531 605 583 632" STYLE_REF="1">those</W>
			<W BOX="591 605 609 632" STYLE_REF="1">of</W>
			<W BOX="616 605 653 632" STYLE_REF="1">any</W>
			<W BOX="661 605 706 632" STYLE_REF="1">class</W>
			<W BOX="714 604 755 631" STYLE_REF="1">that</W>
		</Primitive>
		<Primitive BOX="24 627 811 680" ID="Ar0200010" SEQ_NO="10" TOC_ENTRY_ID="13" DEPTH_LEVEL="1">
			<L BOX="66 627 753 657"/>
			<W BOX="66 630 103 657" STYLE_REF="1">had</W>
			<W BOX="116 630 162 657" STYLE_REF="1">been</W>
			<W BOX="174 630 273 656" STYLE_REF="1">assembled</W>
			<W BOX="284 629 305 656" STYLE_REF="1">in</W>
			<W BOX="317 628 350 655" STYLE_REF="1">the</W>
			<W BOX="360 628 434 655" STYLE_REF="1">College</W>
			<Q BOX="446 628 473 655" STYLE_REF="1" QID="20">sin</Q>
			<q BOX="476 628 496 655" STYLE_REF="1" QID="20">ce</q>
			<QW QID="20">since</QW>
			<W BOX="509 628 533 655" STYLE_REF="1">he</W>
			<W BOX="545 628 581 655" STYLE_REF="1">had</W>
			<W BOX="595 628 640 655" STYLE_REF="1">been</W>
			<W BOX="654 627 753 654" STYLE_REF="1">connected</W>
			<L BOX="66 651 754 680"/>
			<W BOX="66 653 112 680" STYLE_REF="1">with</W>
			<W BOX="119 653 151 680" STYLE_REF="1">the</W>
			<Q BOX="159 653 182 680" STYLE_REF="1" QID="21">In</Q>
			<Q BOX="183 653 193 680" STYLE_REF="1" QID="21">s</Q>
			<q BOX="191 653 266 680" STYLE_REF="1" NS="y" QID="21">titution</q>
			<QW QID="21">Institution</QW>
			<W BOX="272 653 279 680" STYLE_REF="1" NS="y">;</W>
			<W BOX="281 652 291 679" STYLE_REF="1">"</W>
			<W BOX="305 652 341 679" STYLE_REF="1">and</W>
			<W BOX="352 652 391 679" STYLE_REF="1">that</W>
			<W BOX="403 652 419 679" STYLE_REF="1" NS="y">"</W>
			<W BOX="420 651 452 678" STYLE_REF="1">the</W>
			<W BOX="462 651 510 678" STYLE_REF="1">most</W>
			<W BOX="520 651 589 678" STYLE_REF="1">cordial</W>
			<W BOX="598 651 644 678" STYLE_REF="1">good</W>
			<W BOX="657 651 725 678" STYLE_REF="1">wishes</W>
			<W BOX="736 651 754 678" STYLE_REF="1">of</W>
		</Primitive>
		<Primitive BOX="24 674 811 726" ID="Ar0200011" SEQ_NO="11" TOC_ENTRY_ID="13" DEPTH_LEVEL="1">
			<L BOX="65 674 639 703"/>
			<W BOX="65 676 98 703" STYLE_REF="1">her</W>
			<W BOX="107 676 212 702" STYLE_REF="1">instructors</W>
			<W BOX="221 675 283 702" STYLE_REF="1">would</W>
			<W BOX="291 675 315 702" STYLE_REF="1">go</W>
			<W BOX="323 674 369 701" STYLE_REF="1">with</W>
			<W BOX="376 674 410 701" STYLE_REF="1">her</W>
			<W BOX="417 674 438 701" STYLE_REF="1">in</W>
			<W BOX="445 674 478 701" STYLE_REF="1">her</W>
			<W BOX="486 674 548 701" STYLE_REF="1">future</W>
			<W BOX="557 674 616 701" STYLE_REF="1" NS="y">career</W>
			<W BOX="619 674 627 701" STYLE_REF="1" NS="y">.</W>
			<W BOX="625 674 639 700" STYLE_REF="1">"</W>
			<L BOX="90 696 752 726"/>
			<W BOX="90 699 129 726" STYLE_REF="1">The</W>
			<W BOX="136 698 194 725" STYLE_REF="1">thesis</W>
			<W BOX="201 698 275 725" STYLE_REF="1">written</W>
			<Q BOX="280 698 293 725" STYLE_REF="1" QID="22">b</Q>
			<q BOX="293 698 306 725" STYLE_REF="1" QID="22">y</q>
			<QW QID="22">by</QW>
			<W BOX="314 697 347 724" STYLE_REF="1">her</W>
			<W BOX="359 697 386 724" STYLE_REF="1">for</W>
			<W BOX="400 697 438 724" STYLE_REF="1">this</W>
			<W BOX="449 697 531 724" STYLE_REF="1">occasion</W>
			<W BOX="543 697 581 724" STYLE_REF="1">was</W>
			<Q BOX="587 696 607 723" STYLE_REF="1" QID="23">hi</Q>
			<Q BOX="608 697 621 724" STYLE_REF="1" QID="23">g</Q>
			<Q BOX="620 696 640 723" STYLE_REF="1" QID="23">hl</Q>
			<q BOX="640 697 653 723" STYLE_REF="1" QID="23">y</q>
			<QW QID="23">highly</QW>
			<W BOX="661 696 752 723" STYLE_REF="1">approved</W>
		</Primitive>
		<Primitive BOX="24 719 811 772" ID="Ar0200012" SEQ_NO="12" TOC_ENTRY_ID="13" DEPTH_LEVEL="1">
			<L BOX="65 719 666 750"/>
			<Q BOX="65 723 79 749" STYLE_REF="1" QID="24">b</Q>
			<q BOX="78 723 91 750" STYLE_REF="1" QID="24">y</q>
			<QW QID="24">by</QW>
			<W BOX="98 722 131 749" STYLE_REF="1">her</W>
			<W BOX="138 721 238 748" STYLE_REF="1" NS="y">Professors</W>
			<W BOX="240 721 245 748" STYLE_REF="1">,</W>
			<W BOX="253 720 288 747" STYLE_REF="1">and</W>
			<W BOX="297 720 335 747" STYLE_REF="1">was</W>
			<W BOX="341 719 415 746" STYLE_REF="1">printed</W>
			<Q BOX="423 719 437 746" STYLE_REF="1" QID="25">b</Q>
			<q BOX="436 720 449 746" STYLE_REF="1" QID="25">y</q>
			<QW QID="25">by</QW>
			<W BOX="457 719 508 746" STYLE_REF="1">order</W>
			<W BOX="518 719 535 746" STYLE_REF="1">of</W>
			<W BOX="543 719 575 746" STYLE_REF="1">the</W>
			<W BOX="581 720 659 746" STYLE_REF="1" NS="y">Faculty</W>
			<W BOX="659 720 666 746" STYLE_REF="1">.</W>
			<L BOX="90 741 754 772"/>
			<W BOX="90 745 137 771" STYLE_REF="1">Soon</W>
			<W BOX="146 744 187 771" STYLE_REF="1">after</W>
			<W BOX="193 745 200 772" STYLE_REF="1" NS="y">.</W>
			<W BOX="197 744 230 770" STYLE_REF="1">her</W>
			<W BOX="239 743 346 770" STYLE_REF="1">graduation</W>
			<W BOX="354 743 381 769" STYLE_REF="1" NS="y">Dr</W>
			<W BOX="381 743 387 769" STYLE_REF="1">.</W>
			<W BOX="395 742 492 768" STYLE_REF="1">Elizabeth</W>
			<W BOX="500 742 586 768" STYLE_REF="1">returned</W>
			<W BOX="595 742 613 768" STYLE_REF="1">to</W>
			<W BOX="619 742 692 768" STYLE_REF="1" NS="y">Europe</W>
			<W BOX="694 742 698 768" STYLE_REF="1">,</W>
			<W BOX="707 741 754 768" STYLE_REF="1">with</W>
		</Primitive>
		<Primitive BOX="24 764 811 816" ID="Ar0200013" SEQ_NO="13" TOC_ENTRY_ID="13" DEPTH_LEVEL="1">
			<L BOX="66 764 752 794"/>
			<W BOX="66 767 77 794" STYLE_REF="1">a</W>
			<W BOX="90 767 138 793" STYLE_REF="1">view</W>
			<W BOX="149 766 168 792" STYLE_REF="1">to</W>
			<W BOX="180 766 212 792" STYLE_REF="1">the</W>
			<W BOX="223 766 293 792" STYLE_REF="1">further</W>
			<W BOX="309 765 426 791" STYLE_REF="1">prosecution</W>
			<W BOX="439 765 457 791" STYLE_REF="1">of</W>
			<W BOX="470 765 503 791" STYLE_REF="1">her</W>
			<W BOX="513 764 592 791" STYLE_REF="1">medical</W>
			<W BOX="601 764 670 791" STYLE_REF="1" NS="y">studies</W>
			<W BOX="670 764 677 791" STYLE_REF="1">.</W>
			<W BOX="700 764 752 791" STYLE_REF="1">After</W>
			<L BOX="66 787 752 816"/>
			<W BOX="66 790 77 816" STYLE_REF="1">a</W>
			<W BOX="88 790 138 816" STYLE_REF="1">short</W>
			<W BOX="151 789 189 816" STYLE_REF="1">stay</W>
			<W BOX="204 789 224 815" STYLE_REF="1">in</W>
			<Q BOX="236 789 278 815" STYLE_REF="1" QID="26">Eng</Q>
			<Q BOX="278 787 309 814" STYLE_REF="1" QID="26">lan</Q>
			<q BOX="310 787 321 814" STYLE_REF="1" QID="26">d</q>
			<QW QID="26">England</QW>
			<W BOX="333 787 365 814" STYLE_REF="1">she</W>
			<W BOX="378 787 477 814" STYLE_REF="1">proceeded</W>
			<W BOX="489 787 509 814" STYLE_REF="1">to</W>
			<W BOX="519 787 571 814" STYLE_REF="1" NS="y">Paris</W>
			<W BOX="572 787 577 814" STYLE_REF="1">,</W>
			<W BOX="589 787 624 814" STYLE_REF="1">and</W>
			<Q BOX="637 788 672 814" STYLE_REF="1" QID="27">app</Q>
			<q BOX="674 787 710 814" STYLE_REF="1" QID="27">lied</q>
			<QW QID="27">applied</QW>
			<W BOX="724 787 752 814" STYLE_REF="1">for</W>
		</Primitive>
		<Primitive BOX="24 809 811 861" ID="Ar0200014" SEQ_NO="14" TOC_ENTRY_ID="13" DEPTH_LEVEL="1">
			<L BOX="66 809 752 839"/>
			<W BOX="66 812 163 839" STYLE_REF="1">admission</W>
			<W BOX="173 811 192 838" STYLE_REF="1">to</W>
			<W BOX="204 811 235 838" STYLE_REF="1">the</W>
			<W BOX="243 811 322 837" STYLE_REF="1">Medical</W>
			<W BOX="333 810 405 837" STYLE_REF="1">Schools</W>
			<W BOX="418 810 454 837" STYLE_REF="1">and</W>
			<W BOX="466 810 499 837" STYLE_REF="1">the</W>
			<Q BOX="512 810 564 837" STYLE_REF="1" QID="28">Hosp</Q>
			<q BOX="565 810 606 836" STYLE_REF="1" NS="y" QID="28">itals</q>
			<QW QID="28">Hospitals</QW>
			<W BOX="606 810 612 836" STYLE_REF="1">.</W>
			<W BOX="636 810 674 836" STYLE_REF="1">But</W>
			<Q BOX="682 810 740 836" STYLE_REF="1" QID="29">thoug</Q>
			<q BOX="739 809 752 836" STYLE_REF="1" QID="29">h</q>
			<QW QID="29">though</QW>
			<L BOX="65 833 753 861"/>
			<W BOX="65 835 153 861" STYLE_REF="1">provided</W>
			<W BOX="162 835 207 861" STYLE_REF="1">with</W>
			<W BOX="214 834 277 860" STYLE_REF="1">letters</W>
			<W BOX="288 834 305 860" STYLE_REF="1">of</W>
			<W BOX="319 833 443 859" STYLE_REF="1">introduction</W>
			<W BOX="453 833 473 859" STYLE_REF="1">to</W>
			<Q BOX="482 833 500 859" STYLE_REF="1" QID="30">m</Q>
			<q BOX="501 833 538 859" STYLE_REF="1" QID="30">any</q>
			<QW QID="30">many</QW>
			<W BOX="547 833 564 859" STYLE_REF="1">of</W>
			<W BOX="571 833 603 859" STYLE_REF="1">the</W>
			<W BOX="612 833 659 859" STYLE_REF="1">most</W>
			<W BOX="671 833 753 859" STYLE_REF="1">eminent</W>
		</Primitive>
		<Primitive BOX="24 855 811 907" ID="Ar0200015" SEQ_NO="15" TOC_ENTRY_ID="13" DEPTH_LEVEL="1">
			<L BOX="64 855 753 886"/>
			<Q BOX="64 859 78 886" STYLE_REF="1" QID="31">p</Q>
			<Q BOX="78 858 90 885" STYLE_REF="1" QID="31">h</Q>
			<q BOX="91 857 172 884" STYLE_REF="1" QID="31">ysicians</q>
			<QW QID="31">physicians</QW>
			<W BOX="183 857 218 884" STYLE_REF="1">and</W>
			<W BOX="232 856 331 883" STYLE_REF="1">professors</W>
			<W BOX="344 856 361 883" STYLE_REF="1">of</W>
			<W BOX="374 856 407 882" STYLE_REF="1">the</W>
			<Q BOX="421 856 454 882" STYLE_REF="1" QID="32">cap</Q>
			<q BOX="454 855 487 882" STYLE_REF="1" NS="y" QID="32">ital</q>
			<QW QID="32">capital</QW>
			<W BOX="489 856 494 882" STYLE_REF="1">,</W>
			<W BOX="507 856 539 882" STYLE_REF="1">she</W>
			<W BOX="553 856 591 882" STYLE_REF="1">was</W>
			<W BOX="603 856 630 882" STYLE_REF="1">for</W>
			<W BOX="644 856 695 882" STYLE_REF="1">some</W>
			<W BOX="707 856 753 882" STYLE_REF="1">time</W>
			<L BOX="64 878 752 907"/>
			<W BOX="64 880 131 907" STYLE_REF="1">unable</W>
			<W BOX="138 880 158 907" STYLE_REF="1">to</W>
			<W BOX="166 880 226 906" STYLE_REF="1">obtain</W>
			<W BOX="234 879 294 906" STYLE_REF="1">access</W>
			<W BOX="302 879 321 906" STYLE_REF="1">to</W>
			<W BOX="330 879 365 906" STYLE_REF="1">any</W>
			<W BOX="376 879 394 906" STYLE_REF="1">of</W>
			<W BOX="405 878 438 905" STYLE_REF="1">the</W>
			<W BOX="449 878 533 905" STYLE_REF="1">facilities</W>
			<W BOX="544 878 563 905" STYLE_REF="1">so</W>
			<Q BOX="571 878 641 905" STYLE_REF="1" QID="33">liberall</Q>
			<q BOX="642 878 656 905" STYLE_REF="1" QID="33">y</q>
			<QW QID="33">liberally</QW>
			<W BOX="663 878 752 905" STYLE_REF="1">provided</W>
		</Primitive>
		<Primitive BOX="24 900 811 952" ID="Ar0200016" SEQ_NO="16" TOC_ENTRY_ID="13" DEPTH_LEVEL="1">
			<L BOX="64 900 751 929"/>
			<W BOX="64 902 91 929" STYLE_REF="1">for</W>
			<W BOX="100 902 177 929" STYLE_REF="1">Medical</W>
			<W BOX="186 902 272 929" STYLE_REF="1">Students</W>
			<W BOX="280 901 297 928" STYLE_REF="1">of</W>
			<W BOX="306 901 337 928" STYLE_REF="1">the</W>
			<W BOX="345 901 396 928" STYLE_REF="1">other</W>
			<W BOX="408 901 441 928" STYLE_REF="1" NS="y">sex</W>
			<W BOX="441 901 446 928" STYLE_REF="1">.</W>
			<W BOX="470 901 519 928" STYLE_REF="1">Most</W>
			<W BOX="531 901 547 928" STYLE_REF="1">of</W>
			<W BOX="560 901 592 928" STYLE_REF="1">the</W>
			<Q BOX="600 902 613 929" STYLE_REF="1" QID="34">p</Q>
			<Q BOX="613 900 626 927" STYLE_REF="1" QID="34">h</Q>
			<q BOX="626 901 706 927" STYLE_REF="1" QID="34">ysicians</q>
			<QW QID="34">physicians</QW>
			<W BOX="713 901 751 928" STYLE_REF="1">just</W>
			<L BOX="63 923 752 952"/>
			<W BOX="63 925 136 952" STYLE_REF="1">alluded</W>
			<W BOX="148 925 167 952" STYLE_REF="1">to</W>
			<Q BOX="178 925 239 952" STYLE_REF="1" QID="35">assure</Q>
			<q BOX="239 925 251 952" STYLE_REF="1" QID="35">d</q>
			<QW QID="35">assured</QW>
			<W BOX="265 924 299 950" STYLE_REF="1">her</W>
			<W BOX="311 923 352 950" STYLE_REF="1">that</W>
			<W BOX="363 923 378 950" STYLE_REF="1">it</W>
			<W BOX="389 923 453 950" STYLE_REF="1">would</W>
			<W BOX="465 923 488 950" STYLE_REF="1">be</W>
			<W BOX="499 923 605 950" STYLE_REF="1">impossible</W>
			<W BOX="616 923 643 950" STYLE_REF="1">for</W>
			<W BOX="658 923 691 950" STYLE_REF="1" NS="y">her</W>
			<W BOX="692 923 697 950" STYLE_REF="1">,</W>
			<W BOX="709 923 729 950" STYLE_REF="1">as</W>
			<W BOX="740 923 752 950" STYLE_REF="1">a</W>
		</Primitive>
		<Primitive BOX="24 946 811 998" ID="Ar0200017" SEQ_NO="17" TOC_ENTRY_ID="13" DEPTH_LEVEL="1">
			<L BOX="65 946 751 974"/>
			<W BOX="65 948 136 974" STYLE_REF="1" NS="y">woman</W>
			<W BOX="137 947 142 974" STYLE_REF="1">,</W>
			<W BOX="150 947 169 973" STYLE_REF="1">to</W>
			<W BOX="177 947 218 973" STYLE_REF="1">gain</W>
			<W BOX="228 947 251 973" STYLE_REF="1">an</W>
			<W BOX="259 947 345 973" STYLE_REF="1">entrance</W>
			<W BOX="352 946 392 973" STYLE_REF="1">into</W>
			<W BOX="403 946 437 973" STYLE_REF="1">the</W>
			<W BOX="446 946 520 973" STYLE_REF="1">Schools</W>
			<W BOX="529 946 549 973" STYLE_REF="1">or</W>
			<W BOX="557 946 589 973" STYLE_REF="1">the</W>
			<Q BOX="596 946 648 973" STYLE_REF="1" QID="36">Hosp</Q>
			<q BOX="648 946 692 972" STYLE_REF="1" NS="y" QID="36">itals</q>
			<QW QID="36">Hospitals</QW>
			<W BOX="697 946 701 972" STYLE_REF="1">;</W>
			<W BOX="714 946 751 972" STYLE_REF="1">and</W>
			<L BOX="63 969 752 998"/>
			<Q BOX="63 971 127 998" STYLE_REF="1" QID="37">strong</Q>
			<Q BOX="127 970 136 997" STYLE_REF="1" QID="37">l</Q>
			<q BOX="135 970 148 997" STYLE_REF="1" QID="37">y</q>
			<QW QID="37">strongly</QW>
			<W BOX="155 970 228 996" STYLE_REF="1">advised</W>
			<W BOX="241 970 275 996" STYLE_REF="1">her</W>
			<W BOX="287 970 308 996" STYLE_REF="1">to</W>
			<Q BOX="320 970 379 996" STYLE_REF="1" QID="38">assum</Q>
			<q BOX="381 970 391 996" STYLE_REF="1" QID="38">e</q>
			<QW QID="38">assume</QW>
			<W BOX="404 969 504 995" STYLE_REF="1">masculine</W>
			<W BOX="515 969 570 995" STYLE_REF="1" NS="y">attire</W>
			<W BOX="571 970 576 996" STYLE_REF="1">,</W>
			<W BOX="589 969 609 995" STYLE_REF="1">as</W>
			<W BOX="621 969 653 995" STYLE_REF="1">not</W>
			<Q BOX="664 969 695 995" STYLE_REF="1" QID="39">onl</Q>
			<q BOX="695 969 708 996" STYLE_REF="1" QID="39">y</q>
			<QW QID="39">only</QW>
			<W BOX="718 969 752 996" STYLE_REF="1">the</W>
		</Primitive>
		<Primitive BOX="24 991 811 1043" ID="Ar0200018" SEQ_NO="18" TOC_ENTRY_ID="13" DEPTH_LEVEL="1">
			<L BOX="63 991 750 1020"/>
			<W BOX="63 994 141 1020" STYLE_REF="1" NS="y">readiest</W>
			<W BOX="143 994 148 1020" STYLE_REF="1">,</W>
			<W BOX="162 993 195 1019" STYLE_REF="1">but</W>
			<W BOX="209 993 240 1019" STYLE_REF="1">the</W>
			<Q BOX="252 992 282 1019" STYLE_REF="1" QID="40">onl</Q>
			<q BOX="283 993 296 1019" STYLE_REF="1" QID="40">y</q>
			<QW QID="40">only</QW>
			<W BOX="309 992 351 1018" STYLE_REF="1">way</W>
			<W BOX="363 992 380 1018" STYLE_REF="1">of</W>
			<Q BOX="393 992 467 1018" STYLE_REF="1" QID="41">accomp</Q>
			<q BOX="467 991 537 1018" STYLE_REF="1" QID="41">lishing</q>
			<QW QID="41">accomplishing</QW>
			<W BOX="552 992 585 1018" STYLE_REF="1">her</W>
			<W BOX="597 992 633 1018" STYLE_REF="1" NS="y">end</W>
			<W BOX="633 992 639 1018" STYLE_REF="1">.</W>
			<W BOX="664 992 711 1018" STYLE_REF="1">Such</W>
			<W BOX="727 992 750 1018" STYLE_REF="1">an</W>
			<L BOX="62 1014 752 1043"/>
			<W BOX="62 1016 160 1043" STYLE_REF="1" NS="y">expedient</W>
			<W BOX="161 1016 166 1043" STYLE_REF="1">,</W>
			<Q BOX="174 1015 250 1042" STYLE_REF="1" QID="42">howeve</Q>
			<q BOX="250 1015 259 1042" STYLE_REF="1" NS="y" QID="42">r</q>
			<QW QID="42">however</QW>
			<W BOX="260 1015 265 1042" STYLE_REF="1">,</W>
			<W BOX="271 1015 303 1041" STYLE_REF="1">she</W>
			<W BOX="311 1014 328 1041" STYLE_REF="1">at</W>
			<W BOX="338 1014 383 1041" STYLE_REF="1">once</W>
			<W BOX="391 1014 470 1041" STYLE_REF="1" NS="y">rejected</W>
			<W BOX="473 1014 477 1040" STYLE_REF="1">,</W>
			<W BOX="484 1014 504 1041" STYLE_REF="1">as</W>
			<W BOX="512 1014 612 1041" STYLE_REF="1">repugnant</W>
			<W BOX="622 1014 639 1041" STYLE_REF="1">to</W>
			<W BOX="646 1014 679 1041" STYLE_REF="1">her</W>
			<W BOX="688 1014 743 1041" STYLE_REF="1" NS="y">tastes</W>
			<W BOX="743 1015 752 1042" STYLE_REF="1">,</W>
		</Primitive>
		<Primitive BOX="24 1037 811 1088" ID="Ar0200019" SEQ_NO="19" TOC_ENTRY_ID="13" DEPTH_LEVEL="1">
			<L BOX="62 1037 751 1066"/>
			<W BOX="62 1039 98 1066" STYLE_REF="1">and</W>
			<W BOX="106 1038 190 1065" STYLE_REF="1">contrary</W>
			<W BOX="200 1038 219 1065" STYLE_REF="1">to</W>
			<W BOX="231 1038 263 1065" STYLE_REF="1">the</W>
			<W BOX="276 1037 312 1063" STYLE_REF="1">aim</W>
			<W BOX="325 1037 356 1063" STYLE_REF="1">she</W>
			<W BOX="365 1037 402 1063" STYLE_REF="1">had</W>
			<W BOX="410 1037 430 1063" STYLE_REF="1">in</W>
			<W BOX="438 1037 487 1063" STYLE_REF="1" NS="y">view</W>
			<W BOX="487 1037 493 1063" STYLE_REF="1">.</W>
			<W BOX="517 1037 553 1063" STYLE_REF="1">She</W>
			<Q BOX="561 1037 649 1063" STYLE_REF="1" QID="43">invariabl</Q>
			<q BOX="650 1038 663 1065" STYLE_REF="1" QID="43">y</q>
			<QW QID="43">invariably</QW>
			<Q BOX="671 1037 704 1064" STYLE_REF="1" QID="44">rep</Q>
			<q BOX="703 1037 740 1064" STYLE_REF="1" NS="y" QID="44">lied</q>
			<QW QID="44">replied</QW>
			<W BOX="743 1037 751 1064" STYLE_REF="1">,</W>
			<L BOX="62 1059 748 1088"/>
			<W BOX="62 1062 116 1088" STYLE_REF="1">when</W>
			<W BOX="122 1061 180 1088" STYLE_REF="1">urged</W>
			<W BOX="187 1060 206 1087" STYLE_REF="1">to</W>
			<W BOX="214 1060 238 1087" STYLE_REF="1">its</W>
			<W BOX="246 1060 333 1087" STYLE_REF="1" NS="y">adoption</W>
			<W BOX="335 1060 340 1087" STYLE_REF="1">,</W>
			<W BOX="350 1061 361 1088" STYLE_REF="1">"</W>
			<W BOX="368 1059 379 1086" STYLE_REF="1">I</W>
			<W BOX="386 1059 416 1086" STYLE_REF="1">am</W>
			<W BOX="426 1059 459 1086" STYLE_REF="1">not</W>
			<W BOX="469 1059 532 1086" STYLE_REF="1">acting</W>
			<W BOX="539 1060 566 1087" STYLE_REF="1">for</W>
			<Q BOX="574 1060 615 1087" STYLE_REF="1" QID="45">mys</Q>
			<q BOX="615 1060 638 1087" STYLE_REF="1" QID="45">elf</q>
			<QW QID="45">myself</QW>
			<W BOX="647 1060 700 1087" STYLE_REF="1" NS="y">alone</W>
			<W BOX="701 1061 706 1087" STYLE_REF="1">,</W>
			<W BOX="714 1060 748 1087" STYLE_REF="1">but</W>
		</Primitive>
		<Primitive BOX="24 1082 811 1134" ID="Ar0200020" SEQ_NO="20" TOC_ENTRY_ID="13" DEPTH_LEVEL="1">
			<L BOX="61 1082 748 1111"/>
			<W BOX="61 1084 87 1111" STYLE_REF="1">for</W>
			<W BOX="96 1084 127 1111" STYLE_REF="1">the</W>
			<W BOX="134 1084 176 1110" STYLE_REF="1">sake</W>
			<W BOX="185 1083 202 1110" STYLE_REF="1">of</W>
			<W BOX="211 1083 236 1110" STYLE_REF="1">all</W>
			<W BOX="244 1083 296 1110" STYLE_REF="1">other</W>
			<W BOX="304 1083 374 1109" STYLE_REF="1" NS="y">women</W>
			<W BOX="380 1082 385 1109" STYLE_REF="1">;</W>
			<W BOX="398 1082 434 1109" STYLE_REF="1">and</W>
			<W BOX="445 1082 496 1109" STYLE_REF="1">what</W>
			<W BOX="505 1082 515 1109" STYLE_REF="1">I</W>
			<W BOX="526 1082 573 1109" STYLE_REF="1">wish</W>
			<W BOX="583 1082 602 1109" STYLE_REF="1">to</W>
			<W BOX="614 1082 637 1109" STYLE_REF="1">do</W>
			<W BOX="645 1082 656 1109" STYLE_REF="1">I</W>
			<W BOX="665 1082 714 1109" STYLE_REF="1">must</W>
			<W BOX="725 1082 748 1109" STYLE_REF="1">do</W>
			<L BOX="60 1105 748 1134"/>
			<W BOX="60 1107 80 1134" STYLE_REF="1">as</W>
			<W BOX="94 1107 104 1134" STYLE_REF="1">a</W>
			<Q BOX="117 1106 187 1133" STYLE_REF="1" QID="46">woman</Q>
			<q BOX="207 1106 226 1133" STYLE_REF="1" QID="46">or</q>
			<QW QID="46">womanor</QW>
			<W BOX="239 1106 271 1133" STYLE_REF="1">not</W>
			<W BOX="284 1106 301 1132" STYLE_REF="1">at</W>
			<W BOX="317 1105 342 1132" STYLE_REF="1" NS="y">all</W>
			<W BOX="342 1105 349 1132" STYLE_REF="1" NS="y">.</W>
			<W BOX="350 1105 360 1132" STYLE_REF="1">"</W>
			<W BOX="385 1105 421 1132" STYLE_REF="1">She</W>
			<Q BOX="434 1105 532 1132" STYLE_REF="1" QID="47">according</Q>
			<Q BOX="532 1105 540 1132" STYLE_REF="1" QID="47">l</Q>
			<q BOX="540 1106 553 1132" STYLE_REF="1" QID="47">y</q>
			<QW QID="47">accordingly</QW>
			<W BOX="562 1105 671 1132" STYLE_REF="1">persevered</W>
			<W BOX="683 1105 703 1132" STYLE_REF="1">in</W>
			<W BOX="715 1105 748 1132" STYLE_REF="1">her</W>
		</Primitive>
		<Primitive BOX="24 1128 811 1156" ID="Ar0200021" SEQ_NO="21" TOC_ENTRY_ID="13" DEPTH_LEVEL="1">
			<L BOX="188 1107 193 1134"/>
			<W BOX="188 1107 193 1134" STYLE_REF="1">,</W>
			<L BOX="60 1128 749 1156"/>
			<W BOX="60 1130 120 1156" STYLE_REF="1" NS="y">efforts</W>
			<W BOX="123 1129 128 1156" STYLE_REF="1">,</W>
			<W BOX="135 1129 171 1155" STYLE_REF="1">and</W>
			<W BOX="177 1129 196 1155" STYLE_REF="1">at</W>
			<W BOX="201 1129 264 1155" STYLE_REF="1">length</W>
			<Q BOX="273 1129 360 1155" STYLE_REF="1" QID="48">succeede</Q>
			<q BOX="361 1129 373 1155" STYLE_REF="1" QID="48">d</q>
			<QW QID="48">succeeded</QW>
			<W BOX="381 1129 401 1155" STYLE_REF="1">in</W>
			<W BOX="409 1128 485 1155" STYLE_REF="1">gaining</W>
			<W BOX="492 1129 602 1155" STYLE_REF="1" NS="y">admittance</W>
			<W BOX="603 1129 608 1156" STYLE_REF="1">,</W>
			<W BOX="613 1128 632 1155" STYLE_REF="1">as</W>
			<W BOX="640 1128 650 1155" STYLE_REF="1">a</W>
			<Q BOX="660 1128 741 1154" STYLE_REF="1" QID="49">resident</Q>
			<Q BOX="741 1128 749 1154" STYLE_REF="1" QID="49">-</Q>
		</Primitive>
		<Primitive BOX="24 1156 811 1214" ID="Ar0200022" SEQ_NO="22" TOC_ENTRY_ID="13" DEPTH_LEVEL="1">
			<L BOX="59 1150 748 1180"/>
			<Q BOX="59 1154 97 1180" STYLE_REF="1" QID="49">pup</Q>
			<q BOX="98 1152 112 1179" STYLE_REF="1" NS="y" QID="49">il</q>
			<QW QID="49">residentpupil</QW>
			<W BOX="114 1154 118 1180" STYLE_REF="1">,</W>
			<W BOX="131 1152 171 1179" STYLE_REF="1">into</W>
			<W BOX="186 1152 217 1179" STYLE_REF="1">the</W>
			<W BOX="230 1152 281 1179" STYLE_REF="1">great</W>
			<Q BOX="294 1152 310 1179" STYLE_REF="1" QID="50">L</Q>
			<Q BOX="311 1152 322 1179" STYLE_REF="1" QID="50">y</Q>
			<Q BOX="324 1151 355 1178" STYLE_REF="1" QID="50">ing</Q>
			<Q BOX="355 1151 363 1178" STYLE_REF="1" LH="y" QID="50">-</Q>
			<q BOX="363 1151 382 1178" STYLE_REF="1" QID="50">in</q>
			<QW QID="50">Lying-in</QW>
			<Q BOX="391 1151 444 1178" STYLE_REF="1" QID="51">Hosp</Q>
			<q BOX="444 1151 477 1178" STYLE_REF="1" QID="51">ital</q>
			<QW QID="51">Hospital</QW>
			<W BOX="490 1151 508 1178" STYLE_REF="1">of</W>
			<W BOX="521 1151 554 1178" STYLE_REF="1">the</W>
			<Q BOX="567 1150 619 1178" STYLE_REF="11" QID="52">Mater</Q>
			<Q BOX="621 1151 638 1178" STYLE_REF="2" QID="52">ni</Q>
			<q BOX="638 1150 654 1178" STYLE_REF="11" NS="y" QID="52">te</q>
			<QW QID="52">Maternite</QW>
			<W BOX="654 1152 662 1179" STYLE_REF="2">,</W>
			<W BOX="675 1150 708 1178" STYLE_REF="11">and</W>
			<W BOX="727 1150 748 1178" STYLE_REF="11">in</W>
		</Primitive>
	</Content>
	<TOC_Entries><TOC_Entry TOC_ENTRY_ID="42" TITLE="To the Editors of the English Woman's Jo..." ENTITY_ID_REF="Ar02000" PAGE_NO="20" PAGE_LABEL="92" PRIM_ID_REF="Ar0200000" IS_IC="true"/></TOC_Entries></XMD-entity>
