<?xml version="1.0" encoding="windows-1252" standalone="no"?>
<XMD-entity REPOSITORY_FORMAT="1.0" PRXML_VER="2.0" ENTITY_TYPE="Article" DOC_UID="EWJ_01/04/1858" DOC_VER="1" FIRST_TOC_ENTRY_ID="69" DEPTH_LEVEL="1" INDEX_IN_DOC="120" PAGE_NO="54" ID="Ar05401" BOX="24 12 811 84" LANGUAGE="English" SNP="Ar05401S.png" SNP_WIDTH="788" SNP_HEIGHT="73" LOGICAL_NAME="true">
	<Meta NAME="126 NOTICES OF BOOKS." DESCRIPTION="" SUBTYPE="" BASE_HREF="EWJ/1858/04/01" SOURCE_TYPE="TIFF" PUBLICATION="EWJ" SECTION="None" ISSUE_DATE="01/04/1858" WORDCNT="5" RELEASE_NO="041-EWJ-1858-04-01-001-SINGLE" PAGE_ID="" PAGE_TYPE="Single" PAGE_WIDTH="823" PAGE_HEIGHT="1239" DEFAULT_IMG_EXT="png" PDF_DESTINATION_MAPPED="OLV0_Entity_0054_0002" IMAGES_RESOLUTION="86" XMD_VER="2.6.238.8" PAGE_LABEL="126"/>
	<Link SOURCE="041-EWJ-1858-04-01-001-SINGLE.PDF" FIRST_ID="Ar00200" LAST_ID="Ar07201" NEXT_ID="" PREV_ID="Ar05400" TOC_ID="d:/Olive/Repository/EWJ/1858/04/01/TOC.xml"/>
	<DataFiles>
		<Files TYPE="DOC_PDF" PRESENT="1"/>
		<Files TYPE="PAGE_PDF" PRESENT="0"/>
		<Files TYPE="DOC_IMG" PRESENT="0"/>
		<Files TYPE="PAGE_IMG" PRESENT="0"/>
		<Files TYPE="PAGE_VIEW_IMG" PRESENT="1"/>
		<Files TYPE="PAGE_PREVIEW_IMG" PRESENT="1"/>
		<Files TYPE="PRIMITIVE_IMG" PRESENT="1"/>
		<Files TYPE="SNIPPET_IMG" PRESENT="1"/>
	</DataFiles>
	<Content>
		<Primitive BOX="24 12 811 84" ID="Ar0540100" SEQ_NO="0" TOC_ENTRY_ID="69" DEPTH_LEVEL="1">
			<L BOX="61 53 522 84"/>
			<W BOX="61 59 96 84" STYLE_REF="10">126</W>
			<W BOX="307 55 396 80" STYLE_REF="10">NOTICES</W>
			<W BOX="408 54 436 79" STYLE_REF="10">OF</W>
			<W BOX="449 53 517 78" STYLE_REF="10" NS="y">BOOKS</W>
			<W BOX="517 53 522 78" STYLE_REF="10">.</W>
		</Primitive>
	</Content>
	<TOC_Entries><TOC_Entry TOC_ENTRY_ID="118" TITLE="126 NOTICES OF BOOKS." ENTITY_ID_REF="Ar05401" PAGE_NO="54" PAGE_LABEL="126" PRIM_ID_REF="Ar0540100" IS_IC="true"/></TOC_Entries></XMD-entity>
