<?xml version="1.0" encoding="windows-1252" standalone="no"?>
<XMD-entity REPOSITORY_FORMAT="1.0" PRXML_VER="2.0" ENTITY_TYPE="Article" FIRST_TOC_ENTRY_ID="18" DEPTH_LEVEL="1" INDEX_IN_DOC="41" PAGE_NO="24" ID="Ar02400" BOX="24 87 829 1219" LANGUAGE="English" CONTINUATION_TO="Ar02500" CONTINUATION_FROM="Ar02300" LOGICAL_NAME="true">
	<Meta NAME=". at A few This High days institution ga..." DESCRIPTION="" SUBTYPE="" BASE_HREF="EWJ/1858/03/01" SOURCE_TYPE="TIFF" PUBLICATION="EWJ" SECTION="None" ISSUE_DATE="01/03/1858" WORDCNT="576" RELEASE_NO="041-EWJ-1858-03-01-001-SINGLE" PAGE_ID="" PAGE_TYPE="Single" PAGE_WIDTH="842" PAGE_HEIGHT="1244" DEFAULT_IMG_EXT="png" PDF_DESTINATION_MAPPED="OLV0_Entity_0024_0001" IMAGES_RESOLUTION="86" XMD_VER="2.6.238.8" PAGE_LABEL="24"/>
	<Link SOURCE="041-EWJ-1858-03-01-001-SINGLE.PDF" FIRST_ID="Ar00200" LAST_ID="Ar07201" NEXT_ID="Ar02401" PREV_ID="" TOC_ID="d:/Olive/Repository/EWJ/1858/03/01/TOC.xml"/>
	<DataFiles>
		<Files TYPE="DOC_PDF" PRESENT="1"/>
		<Files TYPE="PAGE_PDF" PRESENT="0"/>
		<Files TYPE="DOC_IMG" PRESENT="0"/>
		<Files TYPE="PAGE_IMG" PRESENT="0"/>
		<Files TYPE="PAGE_VIEW_IMG" PRESENT="1"/>
		<Files TYPE="PAGE_PREVIEW_IMG" PRESENT="1"/>
		<Files TYPE="PRIMITIVE_IMG" PRESENT="1"/>
		<Files TYPE="SNIPPET_IMG" PRESENT="1"/>
	</DataFiles>
	<Content>
		<Primitive BOX="24 87 829 148" ID="Ar0240000" SEQ_NO="0" TOC_ENTRY_ID="18" DEPTH_LEVEL="1">
			<L BOX="69 96 779 124"/>
			<W BOX="69 96 105 124" STYLE_REF="5">had</W>
			<W BOX="115 96 147 124" STYLE_REF="5">left</W>
			<W BOX="158 96 191 124" STYLE_REF="5">the</W>
			<W BOX="199 96 340 124" STYLE_REF="5" NS="y">establishment</W>
			<W BOX="341 96 346 124" STYLE_REF="5">,</W>
			<W BOX="355 96 392 124" STYLE_REF="5">and</W>
			<W BOX="400 96 420 124" STYLE_REF="5">so</W>
			<W BOX="428 96 458 124" STYLE_REF="5">far</W>
			<W BOX="465 96 490 124" STYLE_REF="5">he</W>
			<W BOX="498 96 552 124" STYLE_REF="5">could</W>
			<W BOX="566 96 600 124" STYLE_REF="5">not</W>
			<W BOX="613 96 667 124" STYLE_REF="5">avoid</W>
			<W BOX="680 96 738 124" STYLE_REF="5">being</W>
			<W BOX="745 96 779 124" STYLE_REF="5">full</W>
			<L BOX="68 119 781 148"/>
			<W BOX="68 119 86 147" STYLE_REF="5">of</W>
			<W BOX="95 119 144 147" STYLE_REF="5" NS="y">hope</W>
			<W BOX="144 119 150 147" STYLE_REF="5">.</W>
			<Q BOX="175 119 262 147" STYLE_REF="5" QID="1">Naturall</Q>
			<q BOX="262 120 276 148" STYLE_REF="5" QID="1">y</q>
			<QW QID="1">Naturally</QW>
			<W BOX="283 120 336 148" STYLE_REF="5">there</W>
			<W BOX="345 120 395 148" STYLE_REF="5">were</W>
			<W BOX="402 120 497 148" STYLE_REF="5">instances</W>
			<W BOX="510 120 528 148" STYLE_REF="5">of</W>
			<W BOX="542 120 611 148" STYLE_REF="5">failure</W>
			<W BOX="622 120 643 148" STYLE_REF="5">in</W>
			<W BOX="656 120 681 148" STYLE_REF="5">all</W>
			<W BOX="694 120 781 148" STYLE_REF="5">attempts</W>
		</Primitive>
		<Primitive BOX="24 142 829 195" ID="Ar0240001" SEQ_NO="1" TOC_ENTRY_ID="18" DEPTH_LEVEL="1">
			<L BOX="67 142 780 172"/>
			<W BOX="67 142 87 171" STYLE_REF="5">to</W>
			<Q BOX="95 142 155 171" STYLE_REF="5" QID="2">reclai</Q>
			<q BOX="154 142 173 171" STYLE_REF="5" QID="2">m</q>
			<QW QID="2">reclaim</QW>
			<W BOX="179 142 218 171" STYLE_REF="5">this</W>
			<W BOX="228 143 318 171" STYLE_REF="5">unhappy</W>
			<W BOX="327 143 375 171" STYLE_REF="5">class</W>
			<W BOX="384 143 401 171" STYLE_REF="5">of</W>
			<W BOX="410 143 546 171" STYLE_REF="5" NS="y">transgressors</W>
			<W BOX="551 143 557 171" STYLE_REF="5">;</W>
			<W BOX="569 143 624 172" STYLE_REF="5">there</W>
			<W BOX="631 143 681 171" STYLE_REF="5">were</W>
			<W BOX="689 143 780 171" STYLE_REF="5">instances</W>
			<L BOX="67 166 780 195"/>
			<W BOX="67 166 85 194" STYLE_REF="5">of</W>
			<W BOX="98 166 109 194" STYLE_REF="5">a</W>
			<W BOX="121 166 168 194" STYLE_REF="5">kind</W>
			<W BOX="179 166 197 194" STYLE_REF="5">of</W>
			<W BOX="209 166 280 194" STYLE_REF="5">middle</W>
			<W BOX="292 167 357 195" STYLE_REF="5">course</W>
			<W BOX="365 167 384 195" STYLE_REF="5">of</W>
			<W BOX="397 167 468 195" STYLE_REF="5">partial</W>
			<W BOX="475 167 549 195" STYLE_REF="5">success</W>
			<W BOX="556 167 561 195" STYLE_REF="5">;</W>
			<W BOX="574 167 608 195" STYLE_REF="5">but</W>
			<W BOX="616 167 670 195" STYLE_REF="5">there</W>
			<W BOX="678 167 729 195" STYLE_REF="5">were</W>
			<W BOX="741 167 780 195" STYLE_REF="5">also</W>
		</Primitive>
		<Primitive BOX="24 190 829 245" ID="Ar0240002" SEQ_NO="2" TOC_ENTRY_ID="18" DEPTH_LEVEL="1">
			<L BOX="66 190 779 219"/>
			<W BOX="66 190 99 218" STYLE_REF="5">not</W>
			<W BOX="112 190 123 218" STYLE_REF="5">a</W>
			<W BOX="137 190 175 218" STYLE_REF="5">few</W>
			<W BOX="188 190 237 218" STYLE_REF="5">cases</W>
			<W BOX="250 190 268 219" STYLE_REF="5">of</W>
			<W BOX="283 190 331 219" STYLE_REF="5">most</W>
			<Q BOX="346 190 442 219" STYLE_REF="5" QID="3">wonderfu</Q>
			<q BOX="444 190 451 219" STYLE_REF="5" QID="3">l</q>
			<QW QID="3">wonderful</QW>
			<W BOX="465 190 593 219" STYLE_REF="5" NS="y">regeneration</W>
			<W BOX="596 191 601 219" STYLE_REF="5">,</W>
			<Q BOX="616 193 641 218" STYLE_REF="14" QID="4">an</Q>
			<q BOX="642 191 654 219" STYLE_REF="5" QID="4">d</q>
			<QW QID="4">and</QW>
			<Q BOX="670 193 704 218" STYLE_REF="14" QID="5">suc</Q>
			<q BOX="704 191 717 219" STYLE_REF="5" QID="5">h</q>
			<QW QID="5">such</QW>
			<W BOX="731 193 779 218" STYLE_REF="14">were</W>
			<L BOX="66 214 775 245"/>
			<W BOX="66 214 134 242" STYLE_REF="5">indeed</W>
			<W BOX="147 216 158 245" STYLE_REF="5">"</W>
			<Q BOX="165 214 217 243" STYLE_REF="5" QID="6">pearl</Q>
			<q BOX="217 214 226 243" STYLE_REF="5" QID="6">s</q>
			<QW QID="6">pearls</QW>
			<W BOX="236 215 310 243" STYLE_REF="5">beyond</W>
			<W BOX="322 214 347 243" STYLE_REF="5">all</W>
			<W BOX="359 215 411 243" STYLE_REF="5" NS="y">price</W>
			<W BOX="413 215 419 243" STYLE_REF="5" NS="y">,</W>
			<W BOX="420 214 430 243" STYLE_REF="5">"</W>
			<W BOX="440 214 497 242" STYLE_REF="5" NS="y">worth</W>
			<W BOX="498 214 504 242" STYLE_REF="5">,</W>
			<W BOX="515 215 552 243" STYLE_REF="5">any</W>
			<W BOX="562 215 627 243" STYLE_REF="5">labour</W>
			<W BOX="640 215 677 243" STYLE_REF="5">and</W>
			<W BOX="688 215 769 243" STYLE_REF="5" NS="y">sacrifice</W>
			<W BOX="769 215 775 243" STYLE_REF="5">.</W>
		</Primitive>
		<Primitive BOX="24 238 829 290" ID="Ar0240003" SEQ_NO="3" TOC_ENTRY_ID="18" DEPTH_LEVEL="1">
			<L BOX="66 238 779 267"/>
			<W BOX="66 238 95 266" STYLE_REF="5">No</W>
			<W BOX="109 238 160 266" STYLE_REF="5">cases</W>
			<W BOX="174 238 206 266" STYLE_REF="5">did</W>
			<W BOX="220 238 254 266" STYLE_REF="5">the</W>
			<W BOX="267 238 346 266" STYLE_REF="5">Warden</W>
			<W BOX="364 238 433 267" STYLE_REF="5">appear</W>
			<W BOX="448 238 469 267" STYLE_REF="5">to</W>
			<W BOX="482 238 548 267" STYLE_REF="5">regard</W>
			<W BOX="564 238 584 267" STYLE_REF="5">as</W>
			<Q BOX="600 238 659 267" STYLE_REF="5" QID="7">utterl</Q>
			<q BOX="659 239 673 267" STYLE_REF="5" QID="7">y</q>
			<QW QID="7">utterly</QW>
			<W BOX="686 239 772 267" STYLE_REF="5" NS="y">hopeless</W>
			<W BOX="772 238 779 267" STYLE_REF="5">,</W>
			<L BOX="66 261 777 290"/>
			<W BOX="66 261 131 289" STYLE_REF="5">except</W>
			<W BOX="144 261 195 289" STYLE_REF="5">cases</W>
			<W BOX="204 261 224 289" STYLE_REF="5">in</W>
			<W BOX="233 261 296 289" STYLE_REF="5">which</W>
			<W BOX="303 261 336 289" STYLE_REF="5">the</W>
			<W BOX="344 262 444 290" STYLE_REF="5">confirmed</W>
			<W BOX="455 262 509 290" STYLE_REF="5">habit</W>
			<W BOX="522 262 540 290" STYLE_REF="5">of</W>
			<W BOX="552 262 677 290" STYLE_REF="5">intoxication</W>
			<W BOX="685 262 722 290" STYLE_REF="5">had</W>
			<W BOX="731 262 777 290" STYLE_REF="5">been</W>
		</Primitive>
		<Primitive BOX="24 285 829 338" ID="Ar0240004" SEQ_NO="4" TOC_ENTRY_ID="18" DEPTH_LEVEL="1">
			<L BOX="65 285 181 313"/>
			<W BOX="65 285 174 313" STYLE_REF="5" NS="y">contracted</W>
			<W BOX="174 285 181 313" STYLE_REF="5">.</W>
			<L BOX="88 308 776 338"/>
			<W BOX="88 308 108 337" STYLE_REF="5">It</W>
			<W BOX="116 308 133 337" STYLE_REF="5">is</W>
			<W BOX="141 308 174 337" STYLE_REF="5">not</W>
			<W BOX="182 309 283 337" STYLE_REF="5">permitted</W>
			<W BOX="291 309 319 337" STYLE_REF="5">for</W>
			<Q BOX="327 310 340 338" STYLE_REF="5" QID="8">g</Q>
			<q BOX="340 309 374 337" STYLE_REF="5" QID="8">irls</q>
			<QW QID="8">girls</QW>
			<W BOX="382 309 425 337" STYLE_REF="5">who</W>
			<W BOX="432 309 482 337" STYLE_REF="5">have</W>
			<W BOX="489 309 522 337" STYLE_REF="5">left</W>
			<W BOX="532 309 564 337" STYLE_REF="5">the</W>
			<W BOX="573 309 682 337" STYLE_REF="5">institution</W>
			<W BOX="690 309 709 337" STYLE_REF="5">to</W>
			<Q BOX="717 309 768 337" STYLE_REF="5" QID="9">corre</Q>
			<Q BOX="768 309 776 337" STYLE_REF="5" QID="9">-</Q>
		</Primitive>
		<Primitive BOX="24 332 829 385" ID="Ar0240005" SEQ_NO="5" TOC_ENTRY_ID="18" DEPTH_LEVEL="1">
			<L BOX="63 332 776 361"/>
			<q BOX="63 332 123 360" STYLE_REF="5" QID="9">spond</q>
			<QW QID="9">correspond</QW>
			<W BOX="131 332 180 360" STYLE_REF="5">with</W>
			<W BOX="188 332 237 360" STYLE_REF="5">their</W>
			<W BOX="245 332 315 360" STYLE_REF="5">friends</W>
			<W BOX="324 332 409 361" STYLE_REF="5">amongst</W>
			<W BOX="418 333 450 361" STYLE_REF="5">the</W>
			<W BOX="459 333 554 361" STYLE_REF="5" NS="y">penitents</W>
			<W BOX="559 333 564 361" STYLE_REF="5">;</W>
			<W BOX="574 333 610 361" STYLE_REF="5">and</W>
			<W BOX="620 333 659 361" STYLE_REF="5">this</W>
			<W BOX="666 333 694 361" STYLE_REF="5">for</W>
			<W BOX="701 333 776 361" STYLE_REF="5">various</W>
			<L BOX="62 355 776 385"/>
			<Q BOX="62 358 103 383" STYLE_REF="14" QID="10">reas</Q>
			<Q BOX="104 355 129 384" STYLE_REF="5" QID="10">on</Q>
			<q BOX="129 358 139 383" STYLE_REF="14" NS="y" QID="10">s</q>
			<QW QID="10">reasons</QW>
			<W BOX="139 356 144 384" STYLE_REF="5">,</W>
			<W BOX="153 356 188 384" STYLE_REF="5">but</W>
			<Q BOX="197 356 276 384" STYLE_REF="5" QID="11">especial</Q>
			<Q BOX="277 356 285 384" STYLE_REF="5" QID="11">l</Q>
			<q BOX="284 356 298 385" STYLE_REF="5" QID="11">y</q>
			<QW QID="11">especially</QW>
			<W BOX="305 356 333 384" STYLE_REF="5">for</W>
			<W BOX="342 356 392 384" STYLE_REF="5">their</W>
			<W BOX="399 356 442 384" STYLE_REF="5">own</W>
			<W BOX="451 356 506 384" STYLE_REF="5" NS="y">sakes</W>
			<W BOX="507 356 512 384" STYLE_REF="5">,</W>
			<W BOX="521 356 554 384" STYLE_REF="5">the</W>
			<W BOX="561 356 599 384" STYLE_REF="5">fact</W>
			<W BOX="607 356 625 384" STYLE_REF="5">of</W>
			<W BOX="638 356 689 384" STYLE_REF="5">their</W>
			<Q BOX="696 356 733 384" STYLE_REF="5" QID="12">wri</Q>
			<q BOX="734 356 776 384" STYLE_REF="5" QID="12">ting</q>
			<QW QID="12">writing</QW>
		</Primitive>
		<Primitive BOX="24 379 829 432" ID="Ar0240006" SEQ_NO="6" TOC_ENTRY_ID="18" DEPTH_LEVEL="1">
			<L BOX="61 379 775 409"/>
			<W BOX="61 379 81 408" STYLE_REF="5">to</W>
			<W BOX="90 379 100 408" STYLE_REF="5">a</W>
			<W BOX="110 379 238 408" STYLE_REF="5">Penitentiary</W>
			<W BOX="247 380 306 408" STYLE_REF="5">being</W>
			<W BOX="317 380 336 408" STYLE_REF="5">at</W>
			<W BOX="348 380 395 408" STYLE_REF="5">once</W>
			<Q BOX="407 380 454 408" STYLE_REF="5" QID="13">likel</Q>
			<q BOX="455 381 469 409" STYLE_REF="5" QID="13">y</q>
			<QW QID="13">likely</QW>
			<W BOX="477 381 497 409" STYLE_REF="5">to</W>
			<W BOX="505 381 572 409" STYLE_REF="5">betray</W>
			<W BOX="580 381 629 409" STYLE_REF="5">their</W>
			<W BOX="636 381 705 409" STYLE_REF="5">former</W>
			<Q BOX="713 381 767 409" STYLE_REF="5" QID="14">condi</Q>
			<Q BOX="767 381 775 409" STYLE_REF="5" QID="14">-</Q>
			<L BOX="61 403 775 432"/>
			<q BOX="61 403 101 431" STYLE_REF="5" QID="14">tion</q>
			<QW QID="14">condition</QW>
			<W BOX="110 403 130 431" STYLE_REF="5">to</W>
			<W BOX="138 403 189 431" STYLE_REF="5">their</W>
			<W BOX="196 403 259 431" STYLE_REF="5">fellow</W>
			<W BOX="268 403 354 432" STYLE_REF="5" NS="y">servants</W>
			<W BOX="354 404 359 432" STYLE_REF="5">,</W>
			<W BOX="368 404 389 432" STYLE_REF="5">or</W>
			<W BOX="398 404 461 432" STYLE_REF="5">others</W>
			<W BOX="468 404 540 432" STYLE_REF="5">around</W>
			<W BOX="549 404 601 432" STYLE_REF="5" NS="y">them</W>
			<W BOX="601 404 607 432" STYLE_REF="5">.</W>
			<W BOX="631 404 659 432" STYLE_REF="5">As</W>
			<W BOX="671 404 710 432" STYLE_REF="5">this</W>
			<Q BOX="722 404 767 432" STYLE_REF="5" QID="15">insti</Q>
			<Q BOX="767 404 775 432" STYLE_REF="5" QID="15">-</Q>
		</Primitive>
		<Primitive BOX="24 427 829 480" ID="Ar0240007" SEQ_NO="7" TOC_ENTRY_ID="18" DEPTH_LEVEL="1">
			<L BOX="61 427 773 457"/>
			<q BOX="61 427 123 455" STYLE_REF="5" QID="15">tution</q>
			<QW QID="15">institution</QW>
			<W BOX="131 427 190 455" STYLE_REF="5">never</W>
			<Q BOX="198 427 274 455" STYLE_REF="5" QID="16">willing</Q>
			<Q BOX="272 427 281 456" STYLE_REF="5" QID="16">l</Q>
			<q BOX="280 428 294 456" STYLE_REF="5" QID="16">y</q>
			<QW QID="16">willingly</QW>
			<W BOX="301 428 370 456" STYLE_REF="5">forgets</W>
			<W BOX="380 428 400 456" STYLE_REF="5">or</W>
			<W BOX="408 428 457 456" STYLE_REF="5">loses</W>
			<Q BOX="467 428 484 456" STYLE_REF="5" QID="17">si</Q>
			<Q BOX="484 428 498 457" STYLE_REF="5" QID="17">g</Q>
			<q BOX="497 428 518 456" STYLE_REF="5" QID="17">ht</q>
			<QW QID="17">sight</QW>
			<W BOX="532 428 550 456" STYLE_REF="5">of</W>
			<W BOX="563 428 602 456" STYLE_REF="5">any</W>
			<W BOX="609 428 653 456" STYLE_REF="5">who</W>
			<W BOX="660 428 709 456" STYLE_REF="5">have</W>
			<Q BOX="716 428 735 456" STYLE_REF="5" QID="18">fo</Q>
			<q BOX="736 428 773 456" STYLE_REF="5" QID="18">und</q>
			<QW QID="18">found</QW>
			<L BOX="61 450 774 480"/>
			<W BOX="61 450 126 479" STYLE_REF="5">refuge</W>
			<Q BOX="136 451 162 479" STYLE_REF="5" QID="19">wi</Q>
			<q BOX="164 451 204 479" STYLE_REF="5" QID="19">thin</q>
			<QW QID="19">within</QW>
			<W BOX="212 451 237 479" STYLE_REF="5">its</W>
			<W BOX="245 451 338 479" STYLE_REF="5">guardian</W>
			<W BOX="344 451 399 479" STYLE_REF="5" NS="y">walls</W>
			<W BOX="399 451 404 479" STYLE_REF="5">,</W>
			<W BOX="412 452 446 480" STYLE_REF="5">the</W>
			<Q BOX="454 452 468 480" STYLE_REF="5" QID="20">g</Q>
			<Q BOX="468 451 493 480" STYLE_REF="5" QID="20">irl</Q>
			<q BOX="493 451 502 480" STYLE_REF="5" QID="20">s</q>
			<QW QID="20">girls</QW>
			<W BOX="510 451 554 480" STYLE_REF="5">who</W>
			<Q BOX="560 451 597 480" STYLE_REF="5" QID="21">hav</Q>
			<q BOX="598 451 609 480" STYLE_REF="5" QID="21">e</q>
			<QW QID="21">have</QW>
			<W BOX="617 452 689 480" STYLE_REF="5">quitted</W>
			<W BOX="702 452 718 480" STYLE_REF="5">it</W>
			<W BOX="731 452 774 480" STYLE_REF="5">may</W>
		</Primitive>
		<Primitive BOX="24 474 829 527" ID="Ar0240008" SEQ_NO="8" TOC_ENTRY_ID="18" DEPTH_LEVEL="1">
			<L BOX="60 474 774 503"/>
			<W BOX="60 474 83 503" STYLE_REF="5">on</W>
			<W BOX="97 474 134 503" STYLE_REF="5">any</W>
			<W BOX="147 475 259 503" STYLE_REF="5" NS="y">emergency</W>
			<W BOX="260 475 265 503" STYLE_REF="5">,</W>
			<W BOX="275 475 296 503" STYLE_REF="5">or</W>
			<W BOX="307 475 363 503" STYLE_REF="5">when</W>
			<W BOX="374 475 457 503" STYLE_REF="5">desirous</W>
			<W BOX="469 475 488 503" STYLE_REF="5">of</W>
			<Q BOX="503 475 567 503" STYLE_REF="5" QID="22">streng</Q>
			<q BOX="567 475 648 503" STYLE_REF="5" QID="22">thening</q>
			<QW QID="22">strengthening</QW>
			<W BOX="658 475 695 503" STYLE_REF="5">and</W>
			<Q BOX="709 475 766 503" STYLE_REF="5" QID="23">encou</Q>
			<Q BOX="766 475 774 503" STYLE_REF="5" QID="23">-</Q>
			<L BOX="58 498 773 527"/>
			<Q BOX="58 498 92 526" STYLE_REF="5" QID="23">rag</Q>
			<q BOX="92 498 126 526" STYLE_REF="5" QID="23">ing</q>
			<QW QID="23">encouraging</QW>
			<W BOX="139 498 215 526" STYLE_REF="5">counsel</W>
			<W BOX="227 498 274 526" STYLE_REF="5">from</W>
			<W BOX="284 498 294 526" STYLE_REF="5">a</W>
			<W BOX="302 498 362 526" STYLE_REF="5" NS="y">friend</W>
			<W BOX="365 498 370 527" STYLE_REF="5">,</W>
			<W BOX="380 498 434 527" STYLE_REF="5">write</W>
			<W BOX="447 498 468 527" STYLE_REF="5">to</W>
			<W BOX="479 498 513 527" STYLE_REF="5">the</W>
			<Q BOX="520 498 544 527" STYLE_REF="5" QID="24">W</Q>
			<q BOX="545 498 600 527" STYLE_REF="5" QID="24">arden</q>
			<QW QID="24">Warden</QW>
			<W BOX="608 498 614 527" STYLE_REF="5">;</W>
			<W BOX="627 498 661 527" STYLE_REF="5">but</W>
			<W BOX="669 498 715 527" STYLE_REF="5">they</W>
			<W BOX="723 499 773 527" STYLE_REF="5">must</W>
		</Primitive>
		<Primitive BOX="24 522 829 574" ID="Ar0240009" SEQ_NO="9" TOC_ENTRY_ID="18" DEPTH_LEVEL="1">
			<L BOX="58 522 772 550"/>
			<W BOX="58 522 136 550" STYLE_REF="5">address</W>
			<W BOX="149 522 170 550" STYLE_REF="5">to</W>
			<W BOX="182 522 222 550" STYLE_REF="5">him</W>
			<W BOX="235 522 255 550" STYLE_REF="5">at</W>
			<W BOX="267 522 297 550" STYLE_REF="5">his</W>
			<W BOX="309 522 383 550" STYLE_REF="5">private</W>
			<W BOX="396 522 492 550" STYLE_REF="5" NS="y">residence</W>
			<W BOX="492 522 499 550" STYLE_REF="5">.</W>
			<W BOX="525 522 570 550" STYLE_REF="5">This</W>
			<W BOX="581 522 693 550" STYLE_REF="5">permission</W>
			<W BOX="706 522 723 550" STYLE_REF="5">is</W>
			<Q BOX="736 522 763 550" STYLE_REF="5" QID="25">fre</Q>
			<Q BOX="763 522 772 550" STYLE_REF="5" QID="25">-</Q>
			<L BOX="58 545 771 574"/>
			<Q BOX="58 545 124 573" STYLE_REF="5" QID="25">quentl</Q>
			<q BOX="124 546 138 574" STYLE_REF="5" QID="25">y</q>
			<QW QID="25">frequently</QW>
			<W BOX="144 546 198 574" STYLE_REF="5">made</W>
			<W BOX="206 546 239 574" STYLE_REF="5">use</W>
			<W BOX="244 546 263 574" STYLE_REF="5" NS="y">of</W>
			<W BOX="263 546 268 574" STYLE_REF="5">.</W>
			<W BOX="295 546 376 574" STYLE_REF="5">Various</W>
			<W BOX="383 546 400 574" STYLE_REF="5">of</W>
			<W BOX="409 546 442 574" STYLE_REF="5">the</W>
			<W BOX="450 546 516 574" STYLE_REF="5">letters</W>
			<W BOX="524 546 557 574" STYLE_REF="5">the</W>
			<Q BOX="563 546 586 574" STYLE_REF="5" QID="26">W</Q>
			<q BOX="587 546 644 574" STYLE_REF="5" QID="26">arden</q>
			<QW QID="26">Warden</QW>
			<Q BOX="653 546 709 574" STYLE_REF="5" QID="27">kindl</Q>
			<q BOX="709 546 722 574" STYLE_REF="5" QID="27">y</q>
			<QW QID="27">kindly</QW>
			<W BOX="728 546 771 574" STYLE_REF="5">read</W>
		</Primitive>
		<Primitive BOX="24 569 829 621" ID="Ar0240010" SEQ_NO="10" TOC_ENTRY_ID="18" DEPTH_LEVEL="1">
			<L BOX="57 569 770 599"/>
			<W BOX="57 569 76 597" STYLE_REF="5">to</W>
			<W BOX="91 569 126 597" STYLE_REF="5" NS="y">me</W>
			<W BOX="126 569 133 597" STYLE_REF="5">;</W>
			<Q BOX="145 569 167 597" STYLE_REF="5" QID="28">th</Q>
			<q BOX="168 569 192 597" STYLE_REF="5" QID="28">ey</q>
			<QW QID="28">they</QW>
			<W BOX="205 569 283 597" STYLE_REF="5">evinced</W>
			<W BOX="298 569 308 597" STYLE_REF="5">a</W>
			<W BOX="323 569 395 597" STYLE_REF="5">sincere</W>
			<W BOX="411 569 454 597" STYLE_REF="5">love</W>
			<W BOX="470 569 498 597" STYLE_REF="5">for</W>
			<W BOX="514 569 547 597" STYLE_REF="5">the</W>
			<W BOX="562 569 669 597" STYLE_REF="5" NS="y">institution</W>
			<W BOX="671 570 676 599" STYLE_REF="5">,</W>
			<W BOX="691 570 702 598" STYLE_REF="5">a</W>
			<W BOX="718 570 770 598" STYLE_REF="5">great</W>
			<L BOX="57 593 772 621"/>
			<W BOX="57 593 173 621" STYLE_REF="5">attachment</W>
			<W BOX="188 593 208 621" STYLE_REF="5">to</W>
			<W BOX="224 593 257 621" STYLE_REF="5">the</W>
			<W BOX="273 593 340 621" STYLE_REF="5" NS="y">Sisters</W>
			<W BOX="342 593 347 621" STYLE_REF="5">,</W>
			<W BOX="365 593 401 621" STYLE_REF="5">and</W>
			<Q BOX="417 593 512 621" STYLE_REF="5" QID="29">frequentl</Q>
			<q BOX="513 593 526 621" STYLE_REF="5" QID="29">y</q>
			<QW QID="29">frequently</QW>
			<W BOX="541 593 551 621" STYLE_REF="5">a</W>
			<W BOX="567 593 660 621" STYLE_REF="5">yearning</W>
			<W BOX="675 593 721 621" STYLE_REF="5">after</W>
			<W BOX="739 593 772 621" STYLE_REF="5">the</W>
		</Primitive>
		<Primitive BOX="24 616 829 669" ID="Ar0240011" SEQ_NO="11" TOC_ENTRY_ID="18" DEPTH_LEVEL="1">
			<L BOX="55 616 770 645"/>
			<Q BOX="55 616 90 644" STYLE_REF="5" QID="30">reli</Q>
			<Q BOX="91 617 105 645" STYLE_REF="5" QID="30">g</Q>
			<q BOX="105 616 146 645" STYLE_REF="5" QID="30">ious</q>
			<QW QID="30">religious</QW>
			<W BOX="154 616 236 645" STYLE_REF="5" NS="y">services</W>
			<W BOX="239 616 243 645" STYLE_REF="5">.</W>
			<W BOX="268 616 309 645" STYLE_REF="5">One</W>
			<W BOX="323 616 378 645" STYLE_REF="5">letter</W>
			<Q BOX="386 616 394 645" STYLE_REF="5" QID="31">"</Q>
			<q BOX="394 616 424 645" STYLE_REF="5" QID="31">was</q>
			<QW QID="31">"was</QW>
			<W BOX="435 616 483 645" STYLE_REF="5">very</W>
			<W BOX="490 616 580 645" STYLE_REF="5" NS="y">beautiful</W>
			<W BOX="584 616 589 645" STYLE_REF="5">,</W>
			<W BOX="598 617 643 645" STYLE_REF="5">from</W>
			<W BOX="658 617 691 645" STYLE_REF="5">the</W>
			<W BOX="704 617 770 645" STYLE_REF="5">tender</W>
			<L BOX="55 640 769 669"/>
			<W BOX="55 640 134 668" STYLE_REF="5">manner</W>
			<W BOX="141 640 162 668" STYLE_REF="5">in</W>
			<W BOX="171 640 233 668" STYLE_REF="5">which</W>
			<W BOX="240 640 273 668" STYLE_REF="5">the</W>
			<W BOX="281 640 345 668" STYLE_REF="5">writer</W>
			<W BOX="353 640 411 668" STYLE_REF="5">spoke</W>
			<W BOX="420 640 438 668" STYLE_REF="5">of</W>
			<W BOX="449 640 482 668" STYLE_REF="5">the</W>
			<W BOX="490 640 576 668" STYLE_REF="5">affection</W>
			<Q BOX="586 640 620 668" STYLE_REF="5" QID="32">sho</Q>
			<q BOX="623 640 651 668" STYLE_REF="5" QID="32">wn</q>
			<QW QID="32">shown</QW>
			<W BOX="660 640 693 668" STYLE_REF="5">her</W>
			<Q BOX="702 640 714 668" STYLE_REF="5" QID="33">b</Q>
			<q BOX="714 641 728 669" STYLE_REF="5" QID="33">y</q>
			<QW QID="33">by</QW>
			<W BOX="736 641 769 669" STYLE_REF="5">the</W>
		</Primitive>
		<Primitive BOX="24 663 829 716" ID="Ar0240012" SEQ_NO="12" TOC_ENTRY_ID="18" DEPTH_LEVEL="1">
			<L BOX="55 663 770 693"/>
			<Q BOX="55 663 78 692" STYLE_REF="5" QID="34">ch</Q>
			<q BOX="80 663 107 692" STYLE_REF="5" QID="34">ild</q>
			<QW QID="34">child</QW>
			<Q BOX="115 665 129 693" STYLE_REF="5" QID="35">p</Q>
			<q BOX="128 664 181 692" STYLE_REF="5" QID="35">laced</q>
			<QW QID="35">placed</QW>
			<W BOX="190 664 250 692" STYLE_REF="5">under</W>
			<W BOX="258 664 292 692" STYLE_REF="5">her</W>
			<W BOX="301 664 369 692" STYLE_REF="5">charge</W>
			<W BOX="376 664 396 692" STYLE_REF="5">in</W>
			<W BOX="405 664 439 692" STYLE_REF="5">her</W>
			<W BOX="447 664 491 692" STYLE_REF="5">new</W>
			<W BOX="499 664 589 692" STYLE_REF="5" NS="y">situation</W>
			<W BOX="589 664 596 692" STYLE_REF="5">.</W>
			<W BOX="620 664 639 692" STYLE_REF="5">It</W>
			<W BOX="648 664 687 692" STYLE_REF="5">was</W>
			<W BOX="695 664 770 692" STYLE_REF="5">curious</W>
			<L BOX="55 687 766 716"/>
			<W BOX="55 687 91 715" STYLE_REF="5">and</W>
			<Q BOX="100 687 198 715" STYLE_REF="5" QID="36">interestin</Q>
			<q BOX="200 687 213 715" STYLE_REF="5" QID="36">g</q>
			<QW QID="36">interesting</QW>
			<W BOX="221 687 240 715" STYLE_REF="5">to</W>
			<W BOX="249 687 326 715" STYLE_REF="5">observe</W>
			<W BOX="336 687 380 715" STYLE_REF="5" NS="y">how</W>
			<W BOX="381 688 386 716" STYLE_REF="5">,</W>
			<W BOX="395 688 415 716" STYLE_REF="5">in</W>
			<Q BOX="424 688 478 716" STYLE_REF="5" QID="37">comp</Q>
			<q BOX="479 688 540 716" STYLE_REF="5" QID="37">liance</q>
			<QW QID="37">compliance</QW>
			<W BOX="548 688 597 716" STYLE_REF="5">with</W>
			<W BOX="609 688 642 716" STYLE_REF="5">the</W>
			<W BOX="654 688 766 716" STYLE_REF="5">injunctions</W>
		</Primitive>
		<Primitive BOX="24 711 829 764" ID="Ar0240013" SEQ_NO="13" TOC_ENTRY_ID="18" DEPTH_LEVEL="1">
			<L BOX="54 711 769 740"/>
			<Q BOX="54 712 68 740" STYLE_REF="5" QID="38">g</Q>
			<q BOX="67 711 111 740" STYLE_REF="5" QID="38">iven</q>
			<QW QID="38">given</QW>
			<W BOX="123 711 175 740" STYLE_REF="5">upon</W>
			<W BOX="187 711 264 739" STYLE_REF="5">leaving</W>
			<W BOX="277 711 311 739" STYLE_REF="5">the</W>
			<W BOX="321 711 450 739" STYLE_REF="5" NS="y">Penitentiary</W>
			<W BOX="451 711 458 739" STYLE_REF="5">,</W>
			<W BOX="469 711 522 740" STYLE_REF="5">these</W>
			<W BOX="535 712 581 740" STYLE_REF="5">poor</W>
			<Q BOX="593 712 607 740" STYLE_REF="5" QID="39">g</Q>
			<Q BOX="606 712 628 740" STYLE_REF="5" QID="39">irl</Q>
			<q BOX="630 712 639 740" STYLE_REF="5" QID="39">s</q>
			<QW QID="39">girls</QW>
			<W BOX="652 712 731 740" STYLE_REF="5">avoided</W>
			<W BOX="743 712 769 740" STYLE_REF="5">all</W>
			<L BOX="53 735 769 764"/>
			<W BOX="53 735 148 763" STYLE_REF="5">reference</W>
			<W BOX="157 735 176 763" STYLE_REF="5">to</W>
			<W BOX="185 735 217 763" STYLE_REF="5">the</W>
			<Q BOX="225 735 270 763" STYLE_REF="5" QID="40">insti</Q>
			<q BOX="272 735 334 763" STYLE_REF="5" QID="40">tution</q>
			<QW QID="40">institution</QW>
			<W BOX="347 735 368 763" STYLE_REF="5">in</W>
			<W BOX="380 735 429 763" STYLE_REF="5">their</W>
			<W BOX="437 735 505 763" STYLE_REF="5" NS="y">letters</W>
			<W BOX="506 735 511 764" STYLE_REF="5">,</W>
			<W BOX="521 735 568 763" STYLE_REF="5">even</W>
			<W BOX="576 735 597 763" STYLE_REF="5">in</W>
			<W BOX="605 735 637 763" STYLE_REF="5">the</W>
			<W BOX="645 735 739 764" STYLE_REF="5">messages</W>
			<W BOX="750 736 769 764" STYLE_REF="5">of</W>
		</Primitive>
		<Primitive BOX="24 759 829 811" ID="Ar0240014" SEQ_NO="14" TOC_ENTRY_ID="18" DEPTH_LEVEL="1">
			<L BOX="53 759 769 788"/>
			<W BOX="53 759 193 787" STYLE_REF="5">remembrance</W>
			<W BOX="205 759 241 787" STYLE_REF="5">and</W>
			<W BOX="255 759 325 787" STYLE_REF="5">dutiful</W>
			<W BOX="338 759 424 787" STYLE_REF="5">affection</W>
			<W BOX="438 759 481 787" STYLE_REF="5">sent</W>
			<W BOX="493 759 513 787" STYLE_REF="5">to</W>
			<W BOX="526 759 558 787" STYLE_REF="5">the</W>
			<W BOX="570 759 636 787" STYLE_REF="5">Sisters</W>
			<W BOX="643 759 649 787" STYLE_REF="5">;</W>
			<W BOX="662 759 708 787" STYLE_REF="5">they</W>
			<W BOX="719 759 769 788" STYLE_REF="5">were</W>
			<L BOX="52 782 767 811"/>
			<W BOX="52 782 94 810" STYLE_REF="5">sent</W>
			<W BOX="102 782 122 810" STYLE_REF="5">to</W>
			<W BOX="130 782 170 810" STYLE_REF="5" NS="y">Mrs</W>
			<W BOX="170 782 176 810" STYLE_REF="5">.</W>
			<W BOX="183 782 203 810" STYLE_REF="5">or</W>
			<W BOX="210 782 256 810" STYLE_REF="5">Miss</W>
			<W BOX="315 782 320 810" STYLE_REF="5">,</W>
			<Q BOX="326 782 404 810" STYLE_REF="5" QID="41">althoug</Q>
			<q BOX="404 782 417 810" STYLE_REF="5" QID="41">h</q>
			<QW QID="41">although</QW>
			<W BOX="426 782 479 810" STYLE_REF="5">these</W>
			<Q BOX="487 782 548 810" STYLE_REF="5" QID="42">ladies</Q>
			<q BOX="549 782 553 810" STYLE_REF="5" QID="42">'</q>
			<QW QID="42">ladies'</QW>
			<W BOX="559 782 656 811" STYLE_REF="5">surnames</W>
			<W BOX="663 782 700 811" STYLE_REF="5">had</W>
			<W BOX="709 782 767 811" STYLE_REF="5">never</W>
		</Primitive>
		<Primitive BOX="24 806 829 861" ID="Ar0240015" SEQ_NO="15" TOC_ENTRY_ID="18" DEPTH_LEVEL="1">
			<L BOX="51 806 768 835"/>
			<W BOX="51 806 99 834" STYLE_REF="5">been</W>
			<W BOX="108 806 154 834" STYLE_REF="5">used</W>
			<W BOX="167 806 187 834" STYLE_REF="5">in</W>
			<W BOX="200 806 232 834" STYLE_REF="5">the</W>
			<W BOX="244 806 351 834" STYLE_REF="5" NS="y">institution</W>
			<W BOX="353 806 358 834" STYLE_REF="5">,</W>
			<W BOX="367 806 412 834" STYLE_REF="5">they</W>
			<W BOX="420 806 494 834" STYLE_REF="5">having</W>
			<W BOX="506 806 578 834" STYLE_REF="5">always</W>
			<W BOX="585 806 632 834" STYLE_REF="5">been</W>
			<W BOX="640 806 711 835" STYLE_REF="5">spoken</W>
			<W BOX="721 806 738 835" STYLE_REF="5">of</W>
			<W BOX="748 806 768 835" STYLE_REF="5">as</W>
			<L BOX="51 830 493 861"/>
			<W BOX="51 831 108 859" STYLE_REF="5">Sister</W>
			<Q BOX="118 831 139 859" STYLE_REF="5" QID="43">so</Q>
			<Q BOX="139 831 147 859" STYLE_REF="5" LH="y" QID="43">-</Q>
			<Q BOX="147 831 181 859" STYLE_REF="5" QID="43">and</Q>
			<Q BOX="181 831 189 859" STYLE_REF="5" LH="y" QID="43">-</Q>
			<q BOX="189 831 211 859" STYLE_REF="5" NS="y" QID="43">so</q>
			<QW QID="43">so-and-so</QW>
			<W BOX="212 830 217 858" STYLE_REF="5">,</W>
			<W BOX="226 830 262 859" STYLE_REF="5">and</W>
			<W BOX="272 830 369 859" STYLE_REF="5">addressed</W>
			<W BOX="380 830 400 859" STYLE_REF="5">as</W>
			<W BOX="409 832 420 861" STYLE_REF="5">"</W>
			<Q BOX="426 830 458 859" STYLE_REF="5" QID="44">lad</Q>
			<q BOX="458 831 472 859" STYLE_REF="5" NS="y" QID="44">y</q>
			<QW QID="44">lady</QW>
			<W BOX="472 831 479 859" STYLE_REF="5" NS="y">.</W>
			<W BOX="480 830 493 858" STYLE_REF="5">"</W>
		</Primitive>
		<Primitive BOX="24 854 829 907" ID="Ar0240016" SEQ_NO="16" TOC_ENTRY_ID="18" DEPTH_LEVEL="1">
			<L BOX="76 854 766 884"/>
			<W BOX="76 855 99 883" STYLE_REF="5">In</W>
			<W BOX="109 855 201 883" STYLE_REF="5">speaking</W>
			<W BOX="211 855 228 883" STYLE_REF="5">of</W>
			<W BOX="241 855 307 883" STYLE_REF="5" NS="y">letters</W>
			<W BOX="308 854 313 882" STYLE_REF="5">,</W>
			<W BOX="322 855 354 883" STYLE_REF="5">the</W>
			<W BOX="363 855 443 883" STYLE_REF="5">Warden</W>
			<W BOX="453 855 493 883" STYLE_REF="5">told</W>
			<W BOX="502 855 533 883" STYLE_REF="5">me</W>
			<W BOX="541 855 582 883" STYLE_REF="5">that</W>
			<W BOX="590 855 622 883" STYLE_REF="5">the</W>
			<Q BOX="631 855 644 883" STYLE_REF="5" QID="45">g</Q>
			<Q BOX="644 855 668 883" STYLE_REF="5" QID="45">irl</Q>
			<q BOX="669 855 678 883" STYLE_REF="5" QID="45">s</q>
			<QW QID="45">girls</QW>
			<W BOX="686 855 717 883" STYLE_REF="5">are</W>
			<Q BOX="725 856 758 884" STYLE_REF="5" QID="46">per</Q>
			<Q BOX="758 856 766 884" STYLE_REF="5" QID="46">-</Q>
			<L BOX="50 878 763 907"/>
			<q BOX="50 879 117 907" STYLE_REF="5" QID="46">mitted</q>
			<QW QID="46">permitted</QW>
			<W BOX="131 879 150 907" STYLE_REF="5">to</W>
			<W BOX="165 878 274 907" STYLE_REF="5">correspond</W>
			<W BOX="289 878 336 906" STYLE_REF="5">with</W>
			<W BOX="349 878 398 906" STYLE_REF="5">their</W>
			<W BOX="412 878 454 906" STYLE_REF="5">own</W>
			<Q BOX="471 878 530 906" STYLE_REF="5" QID="47">famili</Q>
			<q BOX="532 878 552 907" STYLE_REF="5" QID="47">es</q>
			<QW QID="47">families</QW>
			<W BOX="567 878 631 907" STYLE_REF="5">whilst</W>
			<Q BOX="645 878 693 907" STYLE_REF="5" QID="48">with</Q>
			<q BOX="694 878 714 907" STYLE_REF="5" QID="48">in</q>
			<QW QID="48">within</QW>
			<W BOX="731 878 763 907" STYLE_REF="5">the</W>
		</Primitive>
		<Primitive BOX="24 901 829 955" ID="Ar0240017" SEQ_NO="17" TOC_ENTRY_ID="18" DEPTH_LEVEL="1">
			<L BOX="49 901 764 930"/>
			<W BOX="49 902 178 930" STYLE_REF="5" NS="y">Penitentiary</W>
			<W BOX="181 901 186 930" STYLE_REF="5">,</W>
			<W BOX="194 902 228 930" STYLE_REF="5">but</W>
			<W BOX="240 902 281 930" STYLE_REF="5">that</W>
			<W BOX="295 902 321 930" STYLE_REF="5">all</W>
			<W BOX="334 902 400 930" STYLE_REF="5">letters</W>
			<W BOX="412 902 463 930" STYLE_REF="5" NS="y">must</W>
			<W BOX="463 902 469 930" STYLE_REF="5">,</W>
			<W BOX="479 902 542 930" STYLE_REF="5">before</W>
			<W BOX="554 902 611 930" STYLE_REF="5">being</W>
			<W BOX="623 902 665 930" STYLE_REF="5" NS="y">sent</W>
			<W BOX="666 902 672 930" STYLE_REF="5">,</W>
			<W BOX="681 902 704 930" STYLE_REF="5">be</W>
			<W BOX="713 902 757 930" STYLE_REF="5" NS="y">read</W>
			<W BOX="757 902 764 930" STYLE_REF="5">.</W>
			<L BOX="49 925 763 955"/>
			<W BOX="49 926 100 954" STYLE_REF="5">Most</W>
			<Q BOX="108 926 192 954" STYLE_REF="5" QID="49">generall</Q>
			<q BOX="193 926 206 955" STYLE_REF="5" QID="49">y</q>
			<QW QID="49">generally</QW>
			<W BOX="214 925 246 954" STYLE_REF="5">the</W>
			<W BOX="254 925 320 954" STYLE_REF="5">letters</W>
			<W BOX="328 925 378 954" STYLE_REF="5">were</W>
			<W BOX="386 925 432 954" STYLE_REF="5">such</W>
			<W BOX="440 925 461 954" STYLE_REF="5">as</W>
			<W BOX="470 925 524 954" STYLE_REF="5">could</W>
			<W BOX="537 926 560 954" STYLE_REF="5">be</W>
			<W BOX="570 926 674 954" STYLE_REF="5">forwarded</W>
			<W BOX="683 926 763 954" STYLE_REF="5">without</W>
		</Primitive>
		<Primitive BOX="24 949 829 1002" ID="Ar0240018" SEQ_NO="18" TOC_ENTRY_ID="18" DEPTH_LEVEL="1">
			<L BOX="49 949 764 978"/>
			<W BOX="49 949 142 978" STYLE_REF="5" NS="y">comment</W>
			<W BOX="145 949 150 978" STYLE_REF="5">,</W>
			<W BOX="164 949 199 978" STYLE_REF="5">but</W>
			<Q BOX="212 949 321 978" STYLE_REF="5" QID="50">occasionall</Q>
			<q BOX="323 950 335 978" STYLE_REF="5" QID="50">y</q>
			<QW QID="50">occasionally</QW>
			<W BOX="345 950 432 978" STYLE_REF="5">passages</W>
			<W BOX="445 950 496 978" STYLE_REF="5">were</W>
			<W BOX="507 950 546 978" STYLE_REF="5">met</W>
			<Q BOX="557 950 574 978" STYLE_REF="5" QID="51">w</Q>
			<q BOX="576 950 604 978" STYLE_REF="5" QID="51">ith</q>
			<QW QID="51">with</QW>
			<W BOX="619 950 639 978" STYLE_REF="5">in</W>
			<W BOX="652 950 686 978" STYLE_REF="5">the</W>
			<W BOX="697 950 764 978" STYLE_REF="5">letters</W>
			<L BOX="49 973 763 1002"/>
			<W BOX="49 973 111 1001" STYLE_REF="5" NS="y">which</W>
			<W BOX="113 973 118 1002" STYLE_REF="5">,</W>
			<W BOX="127 973 185 1001" STYLE_REF="5">being</W>
			<W BOX="196 973 278 1001" STYLE_REF="5">objected</W>
			<W BOX="289 973 308 1001" STYLE_REF="5" NS="y">to</W>
			<W BOX="310 973 315 1001" STYLE_REF="5">,</W>
			<W BOX="324 973 360 1001" STYLE_REF="5">had</W>
			<W BOX="373 973 393 1001" STYLE_REF="5">to</W>
			<W BOX="404 973 427 1001" STYLE_REF="5">be</W>
			<Q BOX="440 973 461 1001" STYLE_REF="5" QID="52">re</Q>
			<Q BOX="461 973 470 1001" STYLE_REF="5" LH="y" QID="52">-</Q>
			<q BOX="470 973 547 1001" STYLE_REF="5" NS="y" QID="52">written</q>
			<QW QID="52">re-written</QW>
			<W BOX="547 973 553 1001" STYLE_REF="5">.</W>
			<W BOX="577 973 596 1001" STYLE_REF="5">It</W>
			<W BOX="605 973 643 1001" STYLE_REF="5">was</W>
			<W BOX="656 973 731 1001" STYLE_REF="5">curious</W>
			<W BOX="743 973 763 1001" STYLE_REF="5">to</W>
		</Primitive>
		<Primitive BOX="24 996 829 1049" ID="Ar0240019" SEQ_NO="19" TOC_ENTRY_ID="18" DEPTH_LEVEL="1">
			<L BOX="48 996 763 1025"/>
			<W BOX="48 997 124 1025" STYLE_REF="5" NS="y">observe</W>
			<W BOX="126 997 131 1025" STYLE_REF="5">,</W>
			<W BOX="144 996 169 1025" STYLE_REF="5">he</W>
			<W BOX="181 996 220 1025" STYLE_REF="5" NS="y">said</W>
			<W BOX="222 997 227 1025" STYLE_REF="5">,</W>
			<W BOX="239 996 283 1025" STYLE_REF="5">how</W>
			<Q BOX="294 996 388 1025" STYLE_REF="5" QID="53">frequentl</Q>
			<q BOX="389 997 403 1025" STYLE_REF="5" QID="53">y</q>
			<QW QID="53">frequently</QW>
			<W BOX="412 997 465 1025" STYLE_REF="5">these</W>
			<W BOX="477 997 543 1025" STYLE_REF="5">letters</W>
			<W BOX="555 997 605 1025" STYLE_REF="5">were</W>
			<W BOX="617 997 730 1025" STYLE_REF="5">terminated</W>
			<W BOX="742 997 763 1025" STYLE_REF="6">in</W>
			<L BOX="47 1020 763 1049"/>
			<W BOX="47 1021 115 1049" STYLE_REF="5" NS="y">rhyme</W>
			<W BOX="115 1021 122 1049" STYLE_REF="5">.</W>
			<W BOX="146 1020 206 1048" STYLE_REF="5">There</W>
			<W BOX="219 1020 298 1048" STYLE_REF="5">appears</W>
			<W BOX="310 1020 321 1048" STYLE_REF="5">a</W>
			<W BOX="332 1020 391 1048" STYLE_REF="5">latent</W>
			<W BOX="405 1020 448 1048" STYLE_REF="5">love</W>
			<W BOX="461 1021 479 1049" STYLE_REF="5">of</W>
			<W BOX="493 1021 560 1049" STYLE_REF="5">poetry</W>
			<W BOX="573 1021 593 1049" STYLE_REF="5">in</W>
			<W BOX="608 1021 664 1049" STYLE_REF="5">many</W>
			<W BOX="678 1021 696 1049" STYLE_REF="5">of</W>
			<W BOX="710 1021 763 1049" STYLE_REF="5">these</W>
		</Primitive>
		<Primitive BOX="24 1043 829 1097" ID="Ar0240020" SEQ_NO="20" TOC_ENTRY_ID="18" DEPTH_LEVEL="1">
			<L BOX="47 1043 761 1073"/>
			<W BOX="47 1044 92 1073" STYLE_REF="5">poor</W>
			<W BOX="104 1044 167 1072" STYLE_REF="5" NS="y">hearts</W>
			<W BOX="169 1043 173 1072" STYLE_REF="5">,</W>
			<Q BOX="186 1044 224 1072" STYLE_REF="5" QID="54">whi</Q>
			<q BOX="225 1044 249 1072" STYLE_REF="5" QID="54">ch</q>
			<QW QID="54">which</QW>
			<W BOX="262 1044 324 1072" STYLE_REF="5">shows</W>
			<W BOX="335 1044 387 1072" STYLE_REF="5">itself</W>
			<Q BOX="401 1044 482 1072" STYLE_REF="5" QID="55">striking</Q>
			<Q BOX="483 1044 491 1072" STYLE_REF="5" QID="55">l</Q>
			<q BOX="490 1045 504 1073" STYLE_REF="5" QID="55">y</q>
			<QW QID="55">strikingly</QW>
			<W BOX="520 1044 540 1072" STYLE_REF="5">in</W>
			<W BOX="558 1044 684 1072" STYLE_REF="5">undeveloped</W>
			<W BOX="699 1045 761 1073" STYLE_REF="5">poetic</W>
			<L BOX="47 1067 762 1097"/>
			<W BOX="47 1068 108 1096" STYLE_REF="5" NS="y">efforts</W>
			<W BOX="108 1068 114 1096" STYLE_REF="5">.</W>
			<Q BOX="142 1068 157 1096" STYLE_REF="5" QID="56">G</Q>
			<Q BOX="159 1067 229 1095" STYLE_REF="5" QID="56">enerall</Q>
			<q BOX="230 1067 243 1096" STYLE_REF="5" QID="56">y</q>
			<QW QID="56">Generally</QW>
			<W BOX="252 1067 284 1096" STYLE_REF="5">the</W>
			<W BOX="292 1067 345 1096" STYLE_REF="5">tenor</W>
			<W BOX="354 1067 372 1096" STYLE_REF="5">of</W>
			<W BOX="381 1067 434 1096" STYLE_REF="5">these</W>
			<Q BOX="442 1067 465 1096" STYLE_REF="5" QID="57">rh</Q>
			<q BOX="465 1068 520 1096" STYLE_REF="5" QID="57">ymes</q>
			<QW QID="57">rhymes</QW>
			<W BOX="527 1068 544 1096" STYLE_REF="5">is</W>
			<Q BOX="551 1068 587 1096" STYLE_REF="5" QID="58">reli</Q>
			<Q BOX="587 1069 600 1097" STYLE_REF="5" QID="58">g</Q>
			<q BOX="599 1068 641 1096" STYLE_REF="5" NS="y" QID="58">ious</q>
			<QW QID="58">religious</QW>
			<W BOX="642 1068 647 1096" STYLE_REF="5">,</W>
			<W BOX="655 1068 762 1096" STYLE_REF="5">sometimes</W>
		</Primitive>
		<Primitive BOX="24 1091 829 1145" ID="Ar0240021" SEQ_NO="21" TOC_ENTRY_ID="18" DEPTH_LEVEL="1">
			<L BOX="46 1091 761 1121"/>
			<W BOX="46 1092 67 1121" STYLE_REF="5">so</W>
			<W BOX="75 1091 107 1119" STYLE_REF="5">full</W>
			<W BOX="124 1091 142 1119" STYLE_REF="5">of</W>
			<W BOX="156 1091 203 1119" STYLE_REF="5">good</W>
			<W BOX="217 1091 287 1119" STYLE_REF="5" NS="y">feeling</W>
			<W BOX="287 1091 293 1119" STYLE_REF="5">,</W>
			<Q BOX="305 1091 325 1119" STYLE_REF="5" QID="59">th</Q>
			<q BOX="328 1091 345 1119" STYLE_REF="5" QID="59">at</q>
			<QW QID="59">that</QW>
			<W BOX="358 1091 392 1119" STYLE_REF="5">the</W>
			<W BOX="400 1091 482 1119" STYLE_REF="5">Warden</W>
			<Q BOX="495 1091 521 1120" STYLE_REF="5" QID="60">sai</Q>
			<q BOX="523 1092 534 1120" STYLE_REF="5" QID="60">d</q>
			<QW QID="60">said</QW>
			<W BOX="548 1092 572 1120" STYLE_REF="5">he</W>
			<W BOX="585 1092 620 1120" STYLE_REF="5">had</W>
			<Q BOX="634 1092 746 1120" STYLE_REF="5" QID="61">occasionall</Q>
			<q BOX="748 1093 761 1121" STYLE_REF="5" QID="61">y</q>
			<QW QID="61">occasionally</QW>
			<L BOX="45 1115 761 1145"/>
			<W BOX="45 1115 101 1143" STYLE_REF="5">taken</W>
			<Q BOX="115 1115 150 1143" STYLE_REF="5" QID="62">cop</Q>
			<q BOX="151 1115 178 1143" STYLE_REF="5" QID="62">ies</q>
			<QW QID="62">copies</QW>
			<W BOX="187 1115 205 1143" STYLE_REF="5">of</W>
			<W BOX="214 1115 266 1143" STYLE_REF="5" NS="y">them</W>
			<W BOX="266 1115 272 1143" STYLE_REF="5">.</W>
			<W BOX="297 1115 315 1143" STYLE_REF="5">It</W>
			<W BOX="324 1115 423 1143" STYLE_REF="5">happened</W>
			<W BOX="435 1115 469 1143" STYLE_REF="5">not</W>
			<W BOX="481 1116 493 1145" STYLE_REF="5" NS="y" M="1 * ">_^</W>
			<Q BOX="493 1116 602 1145" STYLE_REF="5" QID="63">infrequentl</Q>
			<q BOX="603 1116 615 1144" STYLE_REF="5" QID="63">y</q>
			<QW QID="63">infrequently</QW>
			<W BOX="624 1116 666 1144" STYLE_REF="5">that</W>
			<W BOX="679 1116 703 1144" STYLE_REF="5">he</W>
			<W BOX="715 1116 761 1144" STYLE_REF="5">thus</W>
		</Primitive>
		<Primitive BOX="24 1138 829 1193" ID="Ar0240022" SEQ_NO="22" TOC_ENTRY_ID="18" DEPTH_LEVEL="1">
			<L BOX="45 1138 759 1168"/>
			<W BOX="45 1139 133 1167" STYLE_REF="5">obtained</W>
			<W BOX="146 1138 156 1167" STYLE_REF="5">a</W>
			<W BOX="169 1138 212 1167" STYLE_REF="5">new</W>
			<Q BOX="220 1138 256 1167" STYLE_REF="5" QID="64">insi</Q>
			<Q BOX="257 1139 271 1167" STYLE_REF="5" QID="64">g</Q>
			<q BOX="270 1139 291 1167" STYLE_REF="5" QID="64">ht</q>
			<QW QID="64">insight</QW>
			<W BOX="303 1139 344 1167" STYLE_REF="5">into</W>
			<W BOX="355 1139 389 1167" STYLE_REF="5">the</W>
			<W BOX="403 1139 466 1167" STYLE_REF="5" NS="y">writer</W>
			<W BOX="467 1138 474 1166" STYLE_REF="5" NS="y">'</W>
			<W BOX="472 1140 481 1168" STYLE_REF="5">s</W>
			<W BOX="493 1140 546 1168" STYLE_REF="5" NS="y">heart</W>
			<W BOX="548 1139 552 1168" STYLE_REF="5">,</W>
			<W BOX="561 1140 598 1168" STYLE_REF="5">and</W>
			<W BOX="607 1140 645 1168" STYLE_REF="5">was</W>
			<W BOX="651 1139 729 1168" STYLE_REF="5">enabled</W>
			<W BOX="738 1139 759 1168" STYLE_REF="5">to</W>
			<L BOX="45 1162 759 1193"/>
			<Q BOX="45 1165 58 1193" STYLE_REF="5" QID="65">p</Q>
			<q BOX="59 1163 103 1191" STYLE_REF="5" QID="65">luck</q>
			<QW QID="65">pluck</QW>
			<W BOX="111 1163 138 1191" STYLE_REF="5">up</W>
			<W BOX="147 1162 197 1190" STYLE_REF="5">some</W>
			<W BOX="206 1162 265 1190" STYLE_REF="5">rising</W>
			<W BOX="272 1162 325 1190" STYLE_REF="5">weed</W>
			<W BOX="332 1162 349 1190" STYLE_REF="5">of</W>
			<W BOX="359 1162 398 1190" STYLE_REF="5">evil</W>
			<Q BOX="406 1163 466 1191" STYLE_REF="5" QID="66">thoug</Q>
			<q BOX="465 1163 487 1191" STYLE_REF="5" NS="y" QID="66">ht</q>
			<QW QID="66">thought</QW>
			<W BOX="489 1164 494 1192" STYLE_REF="5">,</W>
			<W BOX="500 1163 520 1192" STYLE_REF="5">or</W>
			<W BOX="527 1163 581 1192" STYLE_REF="5">point</W>
			<W BOX="589 1163 621 1191" STYLE_REF="5">out</W>
			<W BOX="630 1163 680 1191" STYLE_REF="5">some</W>
			<Q BOX="688 1163 709 1191" STYLE_REF="5" QID="67">ro</Q>
			<q BOX="710 1163 732 1191" STYLE_REF="5" QID="67">ck</q>
			<QW QID="67">rock</QW>
			<W BOX="741 1163 759 1191" STYLE_REF="5">of</W>
		</Primitive>
		<Primitive BOX="24 1193 829 1219" ID="Ar0240023" SEQ_NO="23" TOC_ENTRY_ID="18" DEPTH_LEVEL="1">
			<L BOX="45 1186 759 1216"/>
			<W BOX="45 1187 115 1215" STYLE_REF="5" NS="y">danger</W>
			<W BOX="115 1187 121 1215" STYLE_REF="5">.</W>
			<W BOX="148 1186 193 1215" STYLE_REF="5">This</W>
			<W BOX="205 1186 240 1215" STYLE_REF="5">had</W>
			<W BOX="249 1186 296 1215" STYLE_REF="5">been</W>
			<W BOX="307 1186 339 1215" STYLE_REF="5">the</W>
			<W BOX="349 1186 390 1215" STYLE_REF="5">case</W>
			<W BOX="399 1187 459 1215" STYLE_REF="5">either</W>
			<W BOX="469 1187 509 1216" STYLE_REF="5">that</W>
			<W BOX="518 1187 563 1216" STYLE_REF="5">very</W>
			<W BOX="571 1187 660 1216" STYLE_REF="5" NS="y">morning</W>
			<W BOX="661 1187 667 1216" STYLE_REF="5">,</W>
			<W BOX="675 1187 695 1215" STYLE_REF="5">or</W>
			<W BOX="704 1187 715 1215" STYLE_REF="5">a</W>
			<W BOX="723 1187 759 1215" STYLE_REF="5">few</W>
		</Primitive>
	</Content>
	<TOC_Entries><TOC_Entry TOC_ENTRY_ID="51" TITLE=". at A few This High days institution ga..." ENTITY_ID_REF="Ar02400" PAGE_NO="24" PAGE_LABEL="24" PRIM_ID_REF="Ar0240000" IS_IC="true"/></TOC_Entries></XMD-entity>
