<?xml version="1.0" encoding="windows-1252" standalone="no"?>
<XMD-entity REPOSITORY_FORMAT="1.0" PRXML_VER="2.0" ENTITY_TYPE="Article" DOC_UID="EWJ_01/03/1858" DOC_VER="1" FIRST_TOC_ENTRY_ID="29" DEPTH_LEVEL="1" INDEX_IN_DOC="55" PAGE_NO="24" ID="Ar02401" BOX="24 12 829 87" LANGUAGE="English" SNP="Ar02401S.png" SNP_WIDTH="806" SNP_HEIGHT="75" LOGICAL_NAME="true">
	<Meta NAME="24 A HOUSE OF MERCY." DESCRIPTION="" SUBTYPE="" BASE_HREF="EWJ/1858/03/01" SOURCE_TYPE="TIFF" PUBLICATION="EWJ" SECTION="None" ISSUE_DATE="01/03/1858" WORDCNT="6" RELEASE_NO="041-EWJ-1858-03-01-001-SINGLE" PAGE_ID="" PAGE_TYPE="Single" PAGE_WIDTH="842" PAGE_HEIGHT="1244" DEFAULT_IMG_EXT="png" PDF_DESTINATION_MAPPED="OLV0_Entity_0024_0002" IMAGES_RESOLUTION="86" XMD_VER="2.6.238.8" PAGE_LABEL="24"/>
	<Link SOURCE="041-EWJ-1858-03-01-001-SINGLE.PDF" FIRST_ID="Ar00200" LAST_ID="Ar07201" NEXT_ID="" PREV_ID="Ar02400" TOC_ID="d:/Olive/Repository/EWJ/1858/03/01/TOC.xml"/>
	<DataFiles>
		<Files TYPE="DOC_PDF" PRESENT="1"/>
		<Files TYPE="PAGE_PDF" PRESENT="0"/>
		<Files TYPE="DOC_IMG" PRESENT="0"/>
		<Files TYPE="PAGE_IMG" PRESENT="0"/>
		<Files TYPE="PAGE_VIEW_IMG" PRESENT="1"/>
		<Files TYPE="PAGE_PREVIEW_IMG" PRESENT="1"/>
		<Files TYPE="PRIMITIVE_IMG" PRESENT="1"/>
		<Files TYPE="SNIPPET_IMG" PRESENT="1"/>
	</DataFiles>
	<Content>
		<Primitive BOX="24 12 829 87" ID="Ar0240100" SEQ_NO="0" TOC_ENTRY_ID="29" DEPTH_LEVEL="1">
			<L BOX="70 55 542 79"/>
			<W BOX="70 55 96 79" STYLE_REF="7">24</W>
			<W BOX="310 55 325 79" STYLE_REF="7">A</W>
			<W BOX="338 55 407 79" STYLE_REF="7">HOUSE</W>
			<W BOX="422 55 449 79" STYLE_REF="7">OF</W>
			<W BOX="463 55 537 79" STYLE_REF="7" NS="y">MERCY</W>
			<W BOX="537 55 542 79" STYLE_REF="7">.</W>
		</Primitive>
	</Content>
	<TOC_Entries><TOC_Entry TOC_ENTRY_ID="52" TITLE="24 A HOUSE OF MERCY." ENTITY_ID_REF="Ar02401" PAGE_NO="24" PAGE_LABEL="24" PRIM_ID_REF="Ar0240100" IS_IC="true"/></TOC_Entries></XMD-entity>
