<?xml version="1.0" encoding="windows-1252" standalone="no"?>
<XMD-entity REPOSITORY_FORMAT="1.0" PRXML_VER="2.0" ENTITY_TYPE="Article" DOC_UID="EWJ_01/04/1858" DOC_VER="1" FIRST_TOC_ENTRY_ID="88" DEPTH_LEVEL="1" INDEX_IN_DOC="147" PAGE_NO="66" ID="Ar06601" BOX="24 12 811 68" LANGUAGE="English" SNP="Ar06601S.png" SNP_WIDTH="788" SNP_HEIGHT="56" LOGICAL_NAME="true">
	<Meta NAME="138 OPEN COUNCIL." DESCRIPTION="" SUBTYPE="" BASE_HREF="EWJ/1858/04/01" SOURCE_TYPE="TIFF" PUBLICATION="EWJ" SECTION="None" ISSUE_DATE="01/04/1858" WORDCNT="4" RELEASE_NO="041-EWJ-1858-04-01-001-SINGLE" PAGE_ID="" PAGE_TYPE="Single" PAGE_WIDTH="823" PAGE_HEIGHT="1239" DEFAULT_IMG_EXT="png" PDF_DESTINATION_MAPPED="OLV0_Entity_0066_0002" IMAGES_RESOLUTION="86" XMD_VER="2.6.238.8" PAGE_LABEL="138"/>
	<Link SOURCE="041-EWJ-1858-04-01-001-SINGLE.PDF" FIRST_ID="Ar00200" LAST_ID="Ar07201" NEXT_ID="" PREV_ID="Ar06600" TOC_ID="d:/Olive/Repository/EWJ/1858/04/01/TOC.xml"/>
	<DataFiles>
		<Files TYPE="DOC_PDF" PRESENT="1"/>
		<Files TYPE="PAGE_PDF" PRESENT="0"/>
		<Files TYPE="DOC_IMG" PRESENT="0"/>
		<Files TYPE="PAGE_IMG" PRESENT="0"/>
		<Files TYPE="PAGE_VIEW_IMG" PRESENT="1"/>
		<Files TYPE="PAGE_PREVIEW_IMG" PRESENT="1"/>
		<Files TYPE="PRIMITIVE_IMG" PRESENT="1"/>
		<Files TYPE="SNIPPET_IMG" PRESENT="1"/>
	</DataFiles>
	<Content>
		<Primitive BOX="24 12 811 68" ID="Ar0660100" SEQ_NO="0" TOC_ENTRY_ID="88" DEPTH_LEVEL="1">
			<L BOX="44 34 485 62"/>
			<W BOX="44 37 75 62" STYLE_REF="10">138</W>
			<W BOX="315 35 370 60" STYLE_REF="10">OPEN</W>
			<W BOX="383 34 475 59" STYLE_REF="10" NS="y">COUNCIL</W>
			<W BOX="475 34 485 59" STYLE_REF="10">.</W>
		</Primitive>
	</Content>
	<TOC_Entries><TOC_Entry TOC_ENTRY_ID="146" TITLE="138 OPEN COUNCIL." ENTITY_ID_REF="Ar06601" PAGE_NO="66" PAGE_LABEL="138" PRIM_ID_REF="Ar0660100" IS_IC="true"/></TOC_Entries></XMD-entity>
