<?xml version="1.0" encoding="windows-1252" standalone="no"?>
<XMD-entity REPOSITORY_FORMAT="1.0" PRXML_VER="2.0" ENTITY_TYPE="Article" FIRST_TOC_ENTRY_ID="87" DEPTH_LEVEL="1" INDEX_IN_DOC="145" PAGE_NO="66" ID="Ar06600" BOX="24 68 811 1214" LANGUAGE="English" CONTINUATION_TO="Ar06700" CONTINUATION_FROM="Ar06501" LOGICAL_NAME="true">
	<Meta NAME="The Profession of the Teacher.*" DESCRIPTION="" SUBTYPE="" BASE_HREF="EWJ/1858/04/01" SOURCE_TYPE="TIFF" PUBLICATION="EWJ" SECTION="None" ISSUE_DATE="01/04/1858" WORDCNT="863" RELEASE_NO="041-EWJ-1858-04-01-001-SINGLE" PAGE_ID="" PAGE_TYPE="Single" PAGE_WIDTH="823" PAGE_HEIGHT="1239" DEFAULT_IMG_EXT="png" PDF_DESTINATION_MAPPED="OLV0_Entity_0066_0001" IMAGES_RESOLUTION="86" XMD_VER="2.6.238.8" PAGE_LABEL="138"/>
	<Link SOURCE="041-EWJ-1858-04-01-001-SINGLE.PDF" FIRST_ID="Ar00200" LAST_ID="Ar07201" NEXT_ID="Ar06601" PREV_ID="" TOC_ID="d:/Olive/Repository/EWJ/1858/04/01/TOC.xml"/>
	<DataFiles>
		<Files TYPE="DOC_PDF" PRESENT="1"/>
		<Files TYPE="PAGE_PDF" PRESENT="0"/>
		<Files TYPE="DOC_IMG" PRESENT="0"/>
		<Files TYPE="PAGE_IMG" PRESENT="0"/>
		<Files TYPE="PAGE_VIEW_IMG" PRESENT="1"/>
		<Files TYPE="PAGE_PREVIEW_IMG" PRESENT="1"/>
		<Files TYPE="PRIMITIVE_IMG" PRESENT="1"/>
		<Files TYPE="SNIPPET_IMG" PRESENT="1"/>
	</DataFiles>
	<Content>
		<Primitive BOX="24 68 811 140" ID="Ar0660000" SEQ_NO="0" TOC_ENTRY_ID="87" DEPTH_LEVEL="1">
			<L BOX="41 72 756 147"/>
			<W BOX="41 101 106 126" STYLE_REF="10">history</W>
			<W BOX="42 79 69 104" STYLE_REF="10">nei</W>
			<W BOX="42 122 97 147" STYLE_REF="10">would</W>
			<Q BOX="69 79 79 105" STYLE_REF="10" QID="1">g</Q>
			<q BOX="79 79 173 104" STYLE_REF="10" QID="1">hbourhood</q>
			<QW QID="1">ghbourhood</QW>
			<W BOX="104 122 133 147" STYLE_REF="10">not</W>
			<W BOX="106 101 111 126" STYLE_REF="10">,</W>
			<W BOX="115 100 181 125" STYLE_REF="10">writing</W>
			<W BOX="140 121 207 146" STYLE_REF="10">exclude</W>
			<W BOX="181 79 198 104" STYLE_REF="10">at</W>
			<W BOX="181 100 186 125" STYLE_REF="10">,</W>
			<W BOX="189 100 219 125" STYLE_REF="10">and</W>
			<W BOX="206 79 215 104" STYLE_REF="10">6</W>
			<W BOX="212 120 311 145" STYLE_REF="10">ornamental</W>
			<W BOX="215 79 224 104" STYLE_REF="10" NS="y">?</W>
			<W BOX="224 79 228 104" STYLE_REF="10">.</W>
			<W BOX="227 99 320 124" STYLE_REF="10">arithmetic</W>
			<W BOX="236 79 245 104" STYLE_REF="10">a</W>
			<W BOX="251 78 291 103" STYLE_REF="10">year</W>
			<W BOX="298 77 321 102" STYLE_REF="10">for</W>
			<W BOX="319 99 324 125" STYLE_REF="10">,</W>
			<W BOX="325 119 360 144" STYLE_REF="10">that</W>
			<W BOX="329 77 338 102" STYLE_REF="10">a</W>
			<W BOX="329 99 360 124" STYLE_REF="10">and</W>
			<W BOX="345 77 385 102" STYLE_REF="10">good</W>
			<W BOX="367 118 417 143" STYLE_REF="10">being</W>
			<W BOX="367 97 377 122" STYLE_REF="10">a</W>
			<W BOX="384 97 416 122" STYLE_REF="10">due</W>
			<W BOX="393 76 430 101" STYLE_REF="10">Eng</W>
			<W BOX="420 118 455 143" STYLE_REF="10">also</W>
			<W BOX="424 97 503 122" STYLE_REF="10">attention</W>
			<W BOX="430 75 461 100" STYLE_REF="10">lish</W>
			<W BOX="460 118 516 143" STYLE_REF="10">useful</W>
			<W BOX="468 75 552 100" STYLE_REF="10">education</W>
			<W BOX="508 96 526 121" STYLE_REF="10">to</W>
			<W BOX="520 118 528 143" STYLE_REF="10">?</W>
			<W BOX="530 96 583 121" STYLE_REF="10">useful</W>
			<W BOX="543 117 588 142" STYLE_REF="10">Then</W>
			<W BOX="553 76 558 101" STYLE_REF="10">,</W>
			<W BOX="565 74 649 99" STYLE_REF="10">including</W>
			<W BOX="588 94 689 119" STYLE_REF="10">needlework</W>
			<W BOX="596 116 625 142" STYLE_REF="10">the</W>
			<W BOX="632 115 696 140" STYLE_REF="10">income</W>
			<W BOX="657 73 724 98" STYLE_REF="10">geograp</W>
			<W BOX="689 95 694 120" STYLE_REF="10">,</W>
			<W BOX="700 93 755 118" STYLE_REF="10">which</W>
			<W BOX="703 115 718 140" STYLE_REF="10">of</W>
			<W BOX="724 72 749 97" STYLE_REF="10">hy</W>
			<W BOX="726 114 756 139" STYLE_REF="10">the</W>
			<W BOX="749 72 755 97" STYLE_REF="10">,</W>
		</Primitive>
		<Primitive BOX="24 128 811 203" ID="Ar0660001" SEQ_NO="1" TOC_ENTRY_ID="87" DEPTH_LEVEL="1">
			<L BOX="44 121 756 168"/>
			<Q BOX="44 143 99 168" STYLE_REF="10" QID="2">school</Q>
			<q BOX="112 142 182 167" STYLE_REF="10" QID="2">without</q>
			<QW QID="2">schoolwithout</QW>
			<W BOX="189 142 241 167" STYLE_REF="10">extras</W>
			<W BOX="250 141 273 166" STYLE_REF="10">for</W>
			<W BOX="282 141 314 166" STYLE_REF="10">fuel</W>
			<W BOX="312 121 317 146" STYLE_REF="10">,</W>
			<W BOX="324 140 341 165" STYLE_REF="10">in</W>
			<W BOX="352 140 381 165" STYLE_REF="10">the</W>
			<W BOX="388 139 446 164" STYLE_REF="10" NS="y">winter</W>
			<W BOX="447 140 451 165" STYLE_REF="10">,</W>
			<W BOX="459 139 510 164" STYLE_REF="10" NS="y">books</W>
			<W BOX="511 139 516 164" STYLE_REF="10">,</W>
			<W BOX="527 138 615 163" STYLE_REF="10" NS="y">stationery</W>
			<W BOX="615 138 621 163" STYLE_REF="10">,</W>
			<W BOX="628 137 647 162" STYLE_REF="10" NS="y">&amp;</W>
			<W BOX="647 137 658 162" STYLE_REF="10" NS="y">c</W>
			<W BOX="659 138 664 163" STYLE_REF="10">,</W>
			<W BOX="673 136 727 161" STYLE_REF="10">would</W>
			<W BOX="734 135 756 160" STYLE_REF="10">be</W>
			<L BOX="43 144 756 210"/>
			<W BOX="43 185 74 210" STYLE_REF="10">the</W>
			<W BOX="44 164 62 189" STYLE_REF="13" NS="y">24</W>
			<W BOX="62 164 66 189" STYLE_REF="13" NS="y">:</W>
			<W BOX="66 164 85 189" STYLE_REF="13" NS="y">01</W>
			<W BOX="84 164 91 189" STYLE_REF="13">.</W>
			<W BOX="99 144 104 169" STYLE_REF="10">,</W>
			<W BOX="110 163 135 189" STYLE_REF="10">As</W>
			<W BOX="117 184 147 210" STYLE_REF="10">lish</W>
			<W BOX="142 163 151 189" STYLE_REF="10">a</W>
			<W BOX="154 184 215 210" STYLE_REF="10">studies</W>
			<W BOX="159 163 222 188" STYLE_REF="10">general</W>
			<W BOX="228 184 246 209" STYLE_REF="10">or</W>
			<W BOX="232 162 268 187" STYLE_REF="10">rule</W>
			<W BOX="258 183 270 208" STYLE_REF="10">if</W>
			<W BOX="274 162 289 187" STYLE_REF="10">it</W>
			<W BOX="278 183 307 208" STYLE_REF="10">not</W>
			<W BOX="296 162 334 187" STYLE_REF="10">may</W>
			<W BOX="314 182 367 208" STYLE_REF="10">music</W>
			<W BOX="341 161 361 186" STYLE_REF="10">be</W>
			<W BOX="372 161 423 186" STYLE_REF="10">antici</W>
			<W BOX="378 182 442 207" STYLE_REF="10">French</W>
			<W BOX="422 160 471 185" STYLE_REF="10">pated</W>
			<W BOX="442 182 447 207" STYLE_REF="10">.</W>
			<W BOX="469 181 525 206" STYLE_REF="10">Music</W>
			<W BOX="482 160 520 185" STYLE_REF="10">that</W>
			<W BOX="529 160 557 185" STYLE_REF="10">mu</W>
			<W BOX="531 181 547 206" STYLE_REF="10">at</W>
			<W BOX="555 181 563 206" STYLE_REF="13">4</W>
			<W BOX="558 159 581 184" STYLE_REF="10">sic</W>
			<W BOX="563 181 567 206" STYLE_REF="13" NS="y">:</W>
			<W BOX="567 181 575 206" STYLE_REF="13" NS="y">1</W>
			<W BOX="575 181 578 206" STYLE_REF="13">.</W>
			<W BOX="585 180 612 205" STYLE_REF="10">per</W>
			<W BOX="587 159 643 184" STYLE_REF="10">would</W>
			<W BOX="620 179 681 204" STYLE_REF="10">annum</W>
			<W BOX="650 158 671 183" STYLE_REF="10">be</W>
			<W BOX="679 157 730 182" STYLE_REF="10">added</W>
			<W BOX="690 179 712 204" STYLE_REF="10">for</W>
			<W BOX="720 177 755 202" STYLE_REF="10">half</W>
			<W BOX="737 157 756 182" STYLE_REF="10">to</W>
			<L BOX="79 185 117 210"/>
			<W BOX="79 185 117 210" STYLE_REF="10">Eng</W>
		</Primitive>
		<Primitive BOX="24 191 811 267" ID="Ar0660002" SEQ_NO="2" TOC_ENTRY_ID="87" DEPTH_LEVEL="1">
			<L BOX="43 183 756 271"/>
			<W BOX="43 228 107 253" STYLE_REF="10">twenty</W>
			<W BOX="44 206 73 232" STYLE_REF="10">the</W>
			<W BOX="80 206 147 231" STYLE_REF="10">number</W>
			<W BOX="113 227 166 252" STYLE_REF="10">would</W>
			<W BOX="155 206 171 231" STYLE_REF="10">of</W>
			<W BOX="173 227 193 252" STYLE_REF="10">no</W>
			<W BOX="178 205 211 230" STYLE_REF="10">pup</W>
			<W BOX="201 226 250 251" STYLE_REF="10">doubt</W>
			<W BOX="212 204 232 229" STYLE_REF="10">ils</W>
			<W BOX="215 185 220 210" STYLE_REF="10">,</W>
			<W BOX="239 204 293 229" STYLE_REF="10">would</W>
			<W BOX="246 185 251 210" STYLE_REF="10">,</W>
			<W BOX="258 225 303 251" STYLE_REF="10">learn</W>
			<W BOX="299 204 329 229" STYLE_REF="10">add</W>
			<W BOX="309 225 372 250" STYLE_REF="10">French</W>
			<W BOX="337 204 365 229" STYLE_REF="13" NS="y">801</W>
			<W BOX="365 204 370 229" STYLE_REF="13">.</W>
			<W BOX="367 183 372 208" STYLE_REF="10">,</W>
			<W BOX="371 226 376 251" STYLE_REF="10">,</W>
			<W BOX="376 204 395 229" STYLE_REF="10">to</W>
			<W BOX="383 225 411 250" STYLE_REF="10">say</W>
			<W BOX="399 203 428 228" STYLE_REF="10">the</W>
			<W BOX="417 225 434 250" STYLE_REF="10">at</W>
			<W BOX="436 203 454 228" STYLE_REF="13">24</W>
			<W BOX="439 225 459 250" STYLE_REF="13">31</W>
			<W BOX="454 203 459 228" STYLE_REF="13" NS="y">:</W>
			<W BOX="459 203 477 228" STYLE_REF="13">01</W>
			<W BOX="459 225 463 250" STYLE_REF="13">.</W>
			<W BOX="469 225 474 250" STYLE_REF="10" M="1 * ">_j</W>
			<W BOX="471 246 508 271" STYLE_REF="10">that</W>
			<W BOX="474 225 484 250" STYLE_REF="10" M="1 * ">_&gt;</W>
			<Q BOX="477 203 482 228" STYLE_REF="13" QID="3">.</Q>
			<q BOX="483 203 487 228" STYLE_REF="13" QID="3">,</q>
			<QW QID="3">.,</QW>
			<W BOX="486 225 499 250" STYLE_REF="10">er</W>
			<W BOX="491 203 559 228" STYLE_REF="10">making</W>
			<W BOX="505 223 567 249" STYLE_REF="10">annum</W>
			<W BOX="566 202 594 227" STYLE_REF="10">320</W>
			<W BOX="568 224 573 249" STYLE_REF="10">,</W>
			<W BOX="579 223 627 248" STYLE_REF="10">addin</W>
			<W BOX="594 202 603 227" STYLE_REF="10" NS="y">?</W>
			<W BOX="603 202 607 227" STYLE_REF="10">.</W>
			<W BOX="614 202 619 227" STYLE_REF="10">;</W>
			<W BOX="628 223 639 248" STYLE_REF="10">g</W>
			<W BOX="630 201 659 226" STYLE_REF="10">the</W>
			<W BOX="646 222 677 247" STYLE_REF="13">601</W>
			<W BOX="666 199 756 224" STYLE_REF="10">remaining</W>
			<W BOX="677 222 681 247" STYLE_REF="13">.</W>
			<W BOX="688 221 731 246" STYLE_REF="10">more</W>
			<Q BOX="703 242 737 267" STYLE_REF="10" QID="4">mig</Q>
			<q BOX="736 241 755 266" STYLE_REF="10" QID="4">ht</q>
			<QW QID="4">might</QW>
			<W BOX="738 220 756 245" STYLE_REF="10">to</W>
		</Primitive>
		<Primitive BOX="24 255 811 316" ID="Ar0660003" SEQ_NO="3" TOC_ENTRY_ID="87" DEPTH_LEVEL="1">
			<L BOX="44 243 695 274"/>
			<W BOX="44 249 74 274" STYLE_REF="10">the</W>
			<W BOX="80 249 143 274" STYLE_REF="10" NS="y">income</W>
			<W BOX="155 248 195 273" STYLE_REF="13" NS="y">8801</W>
			<W BOX="195 248 199 273" STYLE_REF="13">.</W>
			<W BOX="220 247 237 272" STYLE_REF="10">It</W>
			<W BOX="244 247 259 272" STYLE_REF="10">is</W>
			<W BOX="265 247 295 272" STYLE_REF="10">not</W>
			<W BOX="304 247 321 272" STYLE_REF="10">at</W>
			<W BOX="330 246 352 271" STYLE_REF="10">all</W>
			<W BOX="361 246 460 271" STYLE_REF="10">improbable</W>
			<W BOX="517 245 589 270" STYLE_REF="10">drawing</W>
			<W BOX="596 244 613 269" STYLE_REF="10">or</W>
			<Q BOX="625 243 640 268" STYLE_REF="10" QID="5">G</Q>
			<q BOX="640 243 695 268" STYLE_REF="10" QID="5">erman</q>
			<QW QID="5">German</QW>
			<L BOX="44 249 757 316"/>
			<W BOX="44 270 78 295" STYLE_REF="10">also</W>
			<W BOX="44 291 62 316" STYLE_REF="10" NS="y">47</W>
			<W BOX="74 291 113 316" STYLE_REF="10">each</W>
			<W BOX="85 270 105 295" STYLE_REF="10">be</W>
			<W BOX="112 269 133 294" STYLE_REF="10">an</W>
			<W BOX="121 290 174 315" STYLE_REF="10">would</W>
			<W BOX="138 269 189 294" STYLE_REF="10">object</W>
			<W BOX="142 249 147 274" STYLE_REF="10">,</W>
			<W BOX="181 290 212 315" STYLE_REF="10">add</W>
			<W BOX="198 269 215 294" STYLE_REF="10">to</W>
			<W BOX="220 290 250 315" STYLE_REF="13">601</W>
			<W BOX="222 269 231 294" STYLE_REF="10">a</W>
			<W BOX="239 268 301 293" STYLE_REF="10">moiety</W>
			<W BOX="263 289 280 315" STYLE_REF="10">or</W>
			<W BOX="289 289 308 314" STYLE_REF="10">80</W>
			<W BOX="308 268 323 293" STYLE_REF="10">of</W>
			<W BOX="308 289 316 314" STYLE_REF="10">?</W>
			<W BOX="330 268 359 293" STYLE_REF="10">the</W>
			<Q BOX="334 289 360 314" STYLE_REF="10" QID="6">ma</Q>
			<q BOX="361 289 402 314" STYLE_REF="10" QID="6">king</q>
			<QW QID="6">making</QW>
			<Q BOX="365 267 399 292" STYLE_REF="10" QID="7">pup</Q>
			<q BOX="399 267 420 292" STYLE_REF="10" QID="7">ils</q>
			<QW QID="7">pupils</QW>
			<W BOX="405 288 434 313" STYLE_REF="10">440</W>
			<W BOX="420 267 425 292" STYLE_REF="10">,</W>
			<W BOX="433 266 464 292" STYLE_REF="10">and</W>
			<W BOX="434 288 445 313" STYLE_REF="10" NS="y">Z</W>
			<W BOX="445 288 450 313" STYLE_REF="10">.</W>
			<W BOX="461 288 478 313" STYLE_REF="10">or</W>
			<W BOX="473 266 518 292" STYLE_REF="10">these</W>
			<W BOX="486 287 527 312" STYLE_REF="13">4601</W>
			<W BOX="525 266 591 291" STYLE_REF="10">accomp</W>
			<W BOX="527 287 531 312" STYLE_REF="13">.</W>
			<W BOX="538 287 566 312" STYLE_REF="10">per</W>
			<W BOX="577 286 638 311" STYLE_REF="10">annum</W>
			<W BOX="591 265 641 290" STYLE_REF="10">lishm</W>
			<W BOX="641 285 645 311" STYLE_REF="10">.</W>
			<W BOX="641 264 677 290" STYLE_REF="10">ents</W>
			<W BOX="668 285 709 311" STYLE_REF="10">Coul</W>
			<W BOX="685 264 702 289" STYLE_REF="10">at</W>
			<W BOX="709 284 719 309" STYLE_REF="10">d</W>
			<W BOX="709 263 720 288" STYLE_REF="10" NS="y">3</W>
			<W BOX="719 263 726 288" STYLE_REF="10" NS="y">?</W>
			<W BOX="726 263 730 288" STYLE_REF="10">.</W>
			<W BOX="727 284 757 309" STYLE_REF="10">not</W>
			<W BOX="738 263 755 288" STYLE_REF="10">or</W>
		</Primitive>
		<Primitive BOX="24 305 811 359" ID="Ar0660004" SEQ_NO="4" TOC_ENTRY_ID="87" DEPTH_LEVEL="1">
			<L BOX="44 289 755 359"/>
			<W BOX="44 334 77 359" STYLE_REF="10">live</W>
			<W BOX="44 312 91 337" STYLE_REF="10">three</W>
			<W BOX="62 291 66 316" STYLE_REF="10">.</W>
			<W BOX="98 311 154 337" STYLE_REF="10">young</W>
			<W BOX="113 333 153 358" STYLE_REF="13">2601</W>
			<W BOX="162 311 179 337" STYLE_REF="10">or</W>
			<W BOX="164 333 247 358" STYLE_REF="10">including</W>
			<Q BOX="187 311 248 336" STYLE_REF="10" QID="8">middle</Q>
			<q BOX="248 311 256 336" STYLE_REF="10" LH="y" QID="8">-</q>
			<QW QID="8">middle-</QW>
			<W BOX="249 290 256 315" STYLE_REF="13">.</W>
			<W BOX="252 332 304 357" STYLE_REF="10">house</W>
			<W BOX="257 311 298 336" STYLE_REF="10">aged</W>
			<W BOX="304 310 353 335" STYLE_REF="10">ladies</W>
			<Q BOX="304 332 312 357" STYLE_REF="10" LH="y" QID="9">-</Q>
			<q BOX="312 332 346 357" STYLE_REF="10" QID="9">rent</q>
			<QW QID="9">-rent</QW>
			<Q BOX="316 289 322 314" STYLE_REF="10" QID="10">.</Q>
			<q BOX="322 289 327 314" STYLE_REF="10" QID="10">,</q>
			<QW QID="10">.,</QW>
			<W BOX="358 331 412 356" STYLE_REF="10">acting</W>
			<W BOX="361 309 430 335" STYLE_REF="10">conduct</W>
			<W BOX="419 330 438 355" STYLE_REF="10">as</W>
			<W BOX="435 309 476 334" STYLE_REF="10">such</W>
			<W BOX="444 330 475 355" STYLE_REF="10">the</W>
			<W BOX="481 330 537 355" STYLE_REF="10">memb</W>
			<W BOX="484 309 494 334" STYLE_REF="10">a</W>
			<W BOX="500 308 553 333" STYLE_REF="10">school</W>
			<W BOX="537 330 561 355" STYLE_REF="10">ers</W>
			<W BOX="559 308 567 333" STYLE_REF="10">?</W>
			<W BOX="568 328 584 353" STYLE_REF="10">of</W>
			<W BOX="575 308 606 333" STYLE_REF="10">and</W>
			<W BOX="591 328 621 353" STYLE_REF="10">one</W>
			<W BOX="617 307 665 332" STYLE_REF="10">could</W>
			<W BOX="629 327 676 352" STYLE_REF="10">famil</W>
			<W BOX="675 306 715 331" STYLE_REF="10">they</W>
			<W BOX="677 328 689 353" STYLE_REF="10">y</W>
			<W BOX="695 326 717 352" STYLE_REF="10">for</W>
			<W BOX="726 326 755 352" STYLE_REF="10">the</W>
			<W BOX="726 305 755 330" STYLE_REF="10">not</W>
		</Primitive>
		<Primitive BOX="24 347 811 395" ID="Ar0660005" SEQ_NO="5" TOC_ENTRY_ID="87" DEPTH_LEVEL="1">
			<L BOX="45 332 752 379"/>
			<W BOX="45 354 120 379" STYLE_REF="10">common</W>
			<W BOX="84 333 104 358" STYLE_REF="10">on</W>
			<W BOX="128 354 194 379" STYLE_REF="10">interest</W>
			<W BOX="153 333 157 358" STYLE_REF="13">.</W>
			<W BOX="209 354 240 379" STYLE_REF="10">and</W>
			<W BOX="250 353 328 378" STYLE_REF="10">therefore</W>
			<W BOX="337 352 445 377" STYLE_REF="13">determining</W>
			<W BOX="347 332 351 357" STYLE_REF="10">,</W>
			<W BOX="455 351 484 376" STYLE_REF="10">not</W>
			<W BOX="494 351 512 376" STYLE_REF="10">to</W>
			<W BOX="521 351 571 376" STYLE_REF="10">spend</W>
			<W BOX="580 349 624 374" STYLE_REF="10">more</W>
			<W BOX="632 349 675 374" STYLE_REF="10">than</W>
			<W BOX="683 348 724 373" STYLE_REF="10">such</W>
			<W BOX="731 347 752 372" STYLE_REF="10">an</W>
			<L BOX="44 355 756 401"/>
			<Q BOX="44 376 113 401" STYLE_REF="10" QID="11">amount</Q>
			<q BOX="124 375 142 400" STYLE_REF="10" QID="11">or</q>
			<QW QID="11">amountor</QW>
			<W BOX="149 375 166 400" STYLE_REF="10">at</W>
			<W BOX="173 375 196 400" STYLE_REF="10">all</W>
			<W BOX="195 355 200 380" STYLE_REF="10">,</W>
			<W BOX="201 375 257 400" STYLE_REF="10">events</W>
			<W BOX="265 375 295 400" STYLE_REF="10">not</W>
			<W BOX="302 374 347 399" STYLE_REF="10">more</W>
			<W BOX="349 374 391 399" STYLE_REF="10">than</W>
			<W BOX="397 373 429 398" STYLE_REF="10" NS="y">300</W>
			<W BOX="428 373 439 398" STYLE_REF="10" NS="y" M="1 * ">_?</W>
			<W BOX="438 373 442 398" STYLE_REF="10">.</W>
			<W BOX="445 373 453 398" STYLE_REF="10">?</W>
			<W BOX="469 372 515 397" STYLE_REF="10">Then</W>
			<W BOX="522 371 562 397" STYLE_REF="10">they</W>
			<W BOX="567 371 612 396" STYLE_REF="10">could</W>
			<W BOX="621 371 648 396" STYLE_REF="10">lay</W>
			<W BOX="656 370 681 395" STYLE_REF="10">by</W>
			<W BOX="688 369 725 394" STYLE_REF="10" NS="y">1602</W>
			<W BOX="725 369 729 394" STYLE_REF="10">.</W>
			<W BOX="738 368 756 393" STYLE_REF="10">in</W>
		</Primitive>
		<Primitive BOX="24 383 811 436" ID="Ar0660006" SEQ_NO="6" TOC_ENTRY_ID="87" DEPTH_LEVEL="1">
			<L BOX="44 376 756 443"/>
			<W BOX="44 397 54 422" STYLE_REF="10">a</W>
			<W BOX="45 418 86 443" STYLE_REF="10">such</W>
			<W BOX="61 397 104 422" STYLE_REF="10">bank</W>
			<W BOX="96 418 117 443" STYLE_REF="10">an</W>
			<W BOX="105 398 110 423" STYLE_REF="10">,</W>
			<W BOX="112 376 118 401" STYLE_REF="10">,</W>
			<W BOX="117 397 133 422" STYLE_REF="10">or</W>
			<W BOX="128 418 222 443" STYLE_REF="10">association</W>
			<Q BOX="141 397 173 422" STYLE_REF="10" QID="12">app</Q>
			<q BOX="173 396 190 421" STYLE_REF="10" QID="12">ly</q>
			<QW QID="12">apply</QW>
			<W BOX="195 396 208 421" STYLE_REF="10">it</W>
			<W BOX="214 396 231 421" STYLE_REF="10">to</W>
			<W BOX="235 417 253 442" STYLE_REF="10">to</W>
			<W BOX="238 396 267 421" STYLE_REF="10">the</W>
			<W BOX="264 417 285 442" STYLE_REF="10">be</W>
			<W BOX="273 396 353 421" STYLE_REF="10">purchase</W>
			<W BOX="297 416 360 441" STYLE_REF="10">entered</W>
			<W BOX="356 395 372 420" STYLE_REF="10">of</W>
			<W BOX="372 416 408 441" STYLE_REF="10">into</W>
			<W BOX="377 394 459 419" STYLE_REF="10">annuities</W>
			<W BOX="425 415 453 440" STYLE_REF="10">life</W>
			<W BOX="465 414 561 439" STYLE_REF="10">permitting</W>
			<W BOX="467 393 485 418" STYLE_REF="10">in</W>
			<W BOX="492 393 531 418" STYLE_REF="10">each</W>
			<W BOX="536 392 580 417" STYLE_REF="10">other</W>
			<W BOX="561 414 566 439" STYLE_REF="10">,</W>
			<W BOX="573 414 591 439" STYLE_REF="10">&amp;</W>
			<W BOX="583 392 590 418" STYLE_REF="10" NS="y">'</W>
			<W BOX="588 392 596 417" STYLE_REF="10">s</W>
			<W BOX="591 414 603 439" STYLE_REF="10" NS="y">c</W>
			<W BOX="602 414 607 440" STYLE_REF="10">,</W>
			<W BOX="603 392 663 417" STYLE_REF="10">favour</W>
			<W BOX="615 413 640 438" STYLE_REF="10" NS="y">for</W>
			<W BOX="641 414 646 439" STYLE_REF="10">,</W>
			<W BOX="656 413 685 438" STYLE_REF="10">say</W>
			<W BOX="663 392 669 417" STYLE_REF="10">.</W>
			<W BOX="685 390 756 415" STYLE_REF="10">Suppose</W>
			<W BOX="692 411 755 436" STYLE_REF="10">twenty</W>
		</Primitive>
		<Primitive BOX="24 424 811 479" ID="Ar0660007" SEQ_NO="7" TOC_ENTRY_ID="87" DEPTH_LEVEL="1">
			<L BOX="114 416 757 464"/>
			<W BOX="114 439 143 464" STYLE_REF="10">the</W>
			<W BOX="154 439 240 464" STYLE_REF="10">sisterhood</W>
			<W BOX="249 438 307 463" STYLE_REF="10">would</W>
			<Q BOX="316 438 335 463" STYLE_REF="10" QID="13">th</Q>
			<q BOX="335 438 355 463" STYLE_REF="10" QID="13">en</q>
			<QW QID="13">then</QW>
			<Q BOX="366 437 400 462" STYLE_REF="10" QID="14">hav</Q>
			<q BOX="399 436 409 461" STYLE_REF="10" QID="14">e</q>
			<QW QID="14">have</QW>
			<W BOX="408 416 413 441" STYLE_REF="10">,</W>
			<Q BOX="419 436 438 461" STYLE_REF="10" QID="15">re</Q>
			<q BOX="436 436 486 461" STYLE_REF="10" QID="15">alised</q>
			<QW QID="15">realised</QW>
			<W BOX="495 435 535 460" STYLE_REF="10" NS="y">3200</W>
			<W BOX="535 435 544 460" STYLE_REF="10" NS="y">?</W>
			<W BOX="544 435 548 460" STYLE_REF="10" NS="y">.</W>
			<W BOX="566 434 628 459" STYLE_REF="10">besides</W>
			<W BOX="642 433 672 459" STYLE_REF="10">the</W>
			<W BOX="681 433 749 458" STYLE_REF="10" NS="y">interest</W>
			<W BOX="749 433 757 458" STYLE_REF="10">,</W>
			<L BOX="45 435 755 486"/>
			<W BOX="45 440 92 465" STYLE_REF="10">years</W>
			<W BOX="46 460 98 486" STYLE_REF="10">which</W>
			<W BOX="97 440 103 465" STYLE_REF="10">;</W>
			<W BOX="98 460 103 486" STYLE_REF="10">.</W>
			<W BOX="107 460 116 486" STYLE_REF="10">I</W>
			<W BOX="124 460 144 486" STYLE_REF="10">do</W>
			<W BOX="151 460 181 486" STYLE_REF="10">not</W>
			<Q BOX="188 460 267 485" STYLE_REF="10" QID="16">calculate</Q>
			<q BOX="278 459 310 484" STYLE_REF="10" QID="16">and</q>
			<QW QID="16">calculateand</QW>
			<W BOX="318 459 357 484" STYLE_REF="10">each</W>
			<W BOX="363 458 419 483" STYLE_REF="10">would</W>
			<W BOX="424 458 444 483" STYLE_REF="10">be</W>
			<W BOX="452 457 520 482" STYLE_REF="10">entitled</W>
			<W BOX="528 457 545 482" STYLE_REF="10">to</W>
			<W BOX="548 435 552 460" STYLE_REF="10">,</W>
			<W BOX="553 457 574 482" STYLE_REF="10">an</W>
			<W BOX="581 455 629 480" STYLE_REF="10">equal</W>
			<W BOX="637 455 684 480" STYLE_REF="10" NS="y">share</W>
			<W BOX="685 455 689 480" STYLE_REF="10">.</W>
			<W BOX="707 454 755 479" STYLE_REF="10">With</W>
		</Primitive>
		<Primitive BOX="24 467 811 550" ID="Ar0660008" SEQ_NO="8" TOC_ENTRY_ID="87" DEPTH_LEVEL="1">
			<L BOX="45 460 756 507"/>
			<W BOX="45 482 91 507" STYLE_REF="10">these</W>
			<W BOX="99 482 146 507" STYLE_REF="10">funds</W>
			<W BOX="156 481 194 506" STYLE_REF="10">each</W>
			<W BOX="201 481 248 506" STYLE_REF="10">could</W>
			<W BOX="256 480 325 506" STYLE_REF="10">certainl</W>
			<W BOX="266 460 271 485" STYLE_REF="10">,</W>
			<W BOX="324 480 335 505" STYLE_REF="10">y</W>
			<W BOX="340 479 419 504" STYLE_REF="10">purchase</W>
			<W BOX="423 479 444 504" STYLE_REF="10">an</W>
			<W BOX="450 478 521 503" STYLE_REF="10" NS="y">annuity</W>
			<W BOX="521 478 526 503" STYLE_REF="10">,</W>
			<W BOX="532 477 549 502" STYLE_REF="10">or</W>
			<W BOX="554 477 592 502" STYLE_REF="10">lend</W>
			<W BOX="596 477 610 502" STYLE_REF="10">it</W>
			<W BOX="614 476 635 502" STYLE_REF="10">on</W>
			<W BOX="643 476 726 501" STYLE_REF="10" NS="y">mortgage</W>
			<W BOX="725 476 730 501" STYLE_REF="10">,</W>
			<W BOX="738 475 756 500" STYLE_REF="10">or</W>
			<L BOX="45 496 757 550"/>
			<W BOX="45 503 92 528" STYLE_REF="10">other</W>
			<W BOX="46 525 116 550" STYLE_REF="10">generall</W>
			<W BOX="93 503 138 528" STYLE_REF="10">ways</W>
			<W BOX="135 524 162 549" STYLE_REF="10">too</W>
			<W BOX="144 503 183 528" STYLE_REF="10">emp</W>
			<W BOX="172 524 258 549" STYLE_REF="10">expensive</W>
			<W BOX="182 503 209 528" STYLE_REF="10">loy</W>
			<W BOX="217 502 232 527" STYLE_REF="10" NS="y">it</W>
			<W BOX="231 503 237 528" STYLE_REF="10">,</W>
			<W BOX="244 502 261 527" STYLE_REF="10">so</W>
			<W BOX="268 523 291 548" STYLE_REF="10">for</W>
			<W BOX="269 502 287 527" STYLE_REF="10">as</W>
			<W BOX="294 501 312 526" STYLE_REF="10">to</W>
			<W BOX="303 523 332 548" STYLE_REF="10">the</W>
			<W BOX="319 501 374 526" STYLE_REF="10">secure</W>
			<W BOX="340 523 384 548" STYLE_REF="10">daug</W>
			<W BOX="381 500 408 525" STYLE_REF="10">old</W>
			<W BOX="382 521 428 546" STYLE_REF="10">hters</W>
			<W BOX="413 500 443 525" STYLE_REF="10">age</W>
			<W BOX="437 521 453 546" STYLE_REF="10">of</W>
			<W BOX="449 500 491 525" STYLE_REF="10">from</W>
			<W BOX="463 520 553 545" STYLE_REF="10">tradesmen</W>
			<W BOX="499 498 545 523" STYLE_REF="10" NS="y">want</W>
			<W BOX="545 498 550 523" STYLE_REF="10">.</W>
			<W BOX="562 520 578 545" STYLE_REF="10">of</W>
			<W BOX="571 497 650 523" STYLE_REF="10">Boarding</W>
			<W BOX="586 520 616 545" STYLE_REF="10">the</W>
			<W BOX="621 519 687 544" STYLE_REF="10">average</W>
			<Q BOX="650 497 658 523" STYLE_REF="10" LH="y" QID="17">-</Q>
			<q BOX="660 497 724 523" STYLE_REF="10" QID="17">schools</q>
			<QW QID="17">-schools</QW>
			<W BOX="695 518 757 543" STYLE_REF="10">income</W>
			<W BOX="729 496 756 521" STYLE_REF="10">are</W>
		</Primitive>
		<Primitive BOX="24 539 811 591" ID="Ar0660009" SEQ_NO="9" TOC_ENTRY_ID="87" DEPTH_LEVEL="1">
			<L BOX="45 525 756 570"/>
			<W BOX="45 545 83 570" STYLE_REF="10">here</W>
			<W BOX="90 545 165 570" STYLE_REF="10">contemp</W>
			<W BOX="117 525 128 550" STYLE_REF="10">y</W>
			<W BOX="165 544 209 569" STYLE_REF="10" NS="y">lated</W>
			<W BOX="214 544 219 569" STYLE_REF="10">;</W>
			<W BOX="230 544 262 569" STYLE_REF="10">and</W>
			<W BOX="269 544 282 569" STYLE_REF="10">if</W>
			<W BOX="290 543 330 568" STYLE_REF="10">they</W>
			<W BOX="338 543 379 568" STYLE_REF="10">were</W>
			<W BOX="385 542 415 567" STYLE_REF="10">not</W>
			<W BOX="420 542 449 567" STYLE_REF="10">too</W>
			<W BOX="456 541 542 566" STYLE_REF="10" NS="y">expensive</W>
			<W BOX="542 542 547 567" STYLE_REF="10">,</W>
			<W BOX="555 541 596 566" STYLE_REF="10">they</W>
			<W BOX="604 540 647 566" STYLE_REF="10">have</W>
			<W BOX="653 539 694 564" STYLE_REF="13">other</W>
			<Q BOX="703 539 749 564" STYLE_REF="10" QID="18">objec</Q>
			<Q BOX="749 539 756 564" STYLE_REF="10" QID="18">-</Q>
			<L BOX="45 560 757 591"/>
			<q BOX="45 566 90 591" STYLE_REF="10" QID="18">tions</q>
			<QW QID="18">objections</QW>
			<W BOX="96 566 114 591" STYLE_REF="10">to</W>
			<W BOX="121 566 176 591" STYLE_REF="10">which</W>
			<W BOX="181 565 191 590" STYLE_REF="10">I</W>
			<W BOX="197 565 269 590" STYLE_REF="10">venture</W>
			<W BOX="276 565 316 590" STYLE_REF="10">here</W>
			<W BOX="327 564 345 589" STYLE_REF="10">to</W>
			<W BOX="355 564 396 589" STYLE_REF="10" NS="y">refer</W>
			<W BOX="396 564 401 589" STYLE_REF="10">.</W>
			<W BOX="424 563 468 588" STYLE_REF="10" NS="y">First</W>
			<W BOX="469 564 474 589" STYLE_REF="10">,</W>
			<W BOX="486 563 527 588" STYLE_REF="10">they</W>
			<W BOX="538 562 577 587" STYLE_REF="10">take</W>
			<W BOX="589 562 599 587" STYLE_REF="10">a</W>
			<Q BOX="610 562 654 587" STYLE_REF="10" QID="19">daug</Q>
			<q BOX="652 561 690 586" STYLE_REF="10" QID="19">hter</q>
			<QW QID="19">daughter</QW>
			<W BOX="699 561 715 586" STYLE_REF="10">of</W>
			<W BOX="726 560 757 585" STYLE_REF="10">the</W>
			<L BOX="696 581 749 607"/>
			<W BOX="696 581 749 607" STYLE_REF="10">duties</W>
		</Primitive>
		<Primitive BOX="24 581 811 655" ID="Ar0660010" SEQ_NO="10" TOC_ENTRY_ID="87" DEPTH_LEVEL="1">
			<L BOX="45 581 756 655"/>
			<W BOX="45 630 119 655" STYLE_REF="10">unseeml</W>
			<W BOX="46 609 80 634" STYLE_REF="10">The</W>
			<W BOX="46 588 108 613" STYLE_REF="10">middle</W>
			<W BOX="87 609 126 634" STYLE_REF="10">long</W>
			<W BOX="116 588 174 613" STYLE_REF="10">classes</W>
			<W BOX="132 608 197 634" STYLE_REF="10">absence</W>
			<W BOX="138 629 195 654" STYLE_REF="10">vanity</W>
			<W BOX="182 587 205 612" STYLE_REF="13">too</W>
			<W BOX="203 629 236 654" STYLE_REF="10">and</W>
			<W BOX="205 608 240 633" STYLE_REF="10">also</W>
			<W BOX="213 587 279 612" STYLE_REF="13">entirely</W>
			<W BOX="243 629 303 654" STYLE_REF="10">conceit</W>
			<W BOX="247 608 305 633" STYLE_REF="10">makes</W>
			<W BOX="292 586 337 611" STYLE_REF="10">away</W>
			<W BOX="310 608 339 633" STYLE_REF="10">her</W>
			<W BOX="312 629 338 654" STYLE_REF="10">are</W>
			<W BOX="346 607 373 632" STYLE_REF="10">too</W>
			<W BOX="346 628 364 653" STYLE_REF="10">in</W>
			<W BOX="347 585 387 610" STYLE_REF="10">from</W>
			<W BOX="371 627 429 652" STYLE_REF="10">danger</W>
			<W BOX="383 605 429 630" STYLE_REF="10">much</W>
			<W BOX="397 585 445 610" STYLE_REF="10">home</W>
			<W BOX="429 605 434 630" STYLE_REF="10">,</W>
			<W BOX="440 627 457 652" STYLE_REF="10">of</W>
			<W BOX="443 606 459 631" STYLE_REF="10">of</W>
			<W BOX="454 584 548 609" STYLE_REF="10">association</W>
			<W BOX="467 626 517 651" STYLE_REF="10">being</W>
			<W BOX="469 606 479 631" STYLE_REF="10">a</W>
			<W BOX="489 604 550 630" STYLE_REF="13" M="1 * ">_luonder</W>
			<W BOX="525 626 608 651" STYLE_REF="10">generated</W>
			<W BOX="549 583 557 609" STYLE_REF="10">s</W>
			<W BOX="562 604 610 630" STYLE_REF="10">when</W>
			<W BOX="567 583 599 609" STYLE_REF="10">and</W>
			<W BOX="608 582 677 607" STYLE_REF="10">domesti</W>
			<W BOX="615 604 643 629" STYLE_REF="10">she</W>
			<W BOX="616 625 634 650" STYLE_REF="10">in</W>
			<W BOX="642 624 672 649" STYLE_REF="10">the</W>
			<W BOX="648 603 712 628" STYLE_REF="10">returns</W>
			<W BOX="678 624 756 649" STYLE_REF="10">youthful</W>
			<W BOX="678 582 687 607" STYLE_REF="10">c</W>
			<W BOX="713 604 717 629" STYLE_REF="10">,</W>
			<W BOX="723 602 756 628" STYLE_REF="10">and</W>
			<W BOX="749 581 755 607" STYLE_REF="10">.</W>
		</Primitive>
		<Primitive BOX="24 645 811 692" ID="Ar0660011" SEQ_NO="11" TOC_ENTRY_ID="87" DEPTH_LEVEL="1">
			<L BOX="44 630 757 677"/>
			<W BOX="44 651 90 676" STYLE_REF="10" NS="y">mind</W>
			<W BOX="91 652 96 677" STYLE_REF="10">,</W>
			<W BOX="104 651 132 676" STYLE_REF="10">not</W>
			<W BOX="119 630 131 655" STYLE_REF="10">y</W>
			<W BOX="140 651 180 676" STYLE_REF="10">duly</W>
			<W BOX="189 650 264 675" STYLE_REF="10">balanced</W>
			<W BOX="275 650 299 675" STYLE_REF="10">by</W>
			<W BOX="309 649 338 674" STYLE_REF="10">the</W>
			<W BOX="348 648 433 673" STYLE_REF="10">teachings</W>
			<W BOX="440 648 456 673" STYLE_REF="10">of</W>
			<W BOX="468 647 560 672" STYLE_REF="10" NS="y">experience</W>
			<W BOX="560 647 566 672" STYLE_REF="10">.</W>
			<W BOX="588 647 605 672" STYLE_REF="10">A</W>
			<W BOX="612 646 676 671" STYLE_REF="10" NS="y">mother</W>
			<W BOX="677 646 683 671" STYLE_REF="10" NS="y">'</W>
			<W BOX="683 645 691 670" STYLE_REF="10">s</W>
			<W BOX="698 645 728 670" STYLE_REF="10">eye</W>
			<W BOX="735 645 750 670" STYLE_REF="10" NS="y">is</W>
			<W BOX="750 645 757 671" STYLE_REF="10">,</W>
			<L BOX="45 666 756 698"/>
			<W BOX="45 673 84 698" STYLE_REF="10">after</W>
			<Q BOX="93 673 116 698" STYLE_REF="10" QID="20">all</Q>
			<q BOX="127 672 178 697" STYLE_REF="10" QID="20">better</q>
			<QW QID="20">allbetter</QW>
			<W BOX="187 672 228 697" STYLE_REF="10">than</W>
			<W BOX="232 671 242 696" STYLE_REF="10">a</W>
			<W BOX="249 671 336 696" STYLE_REF="10" NS="y">governess</W>
			<W BOX="335 671 343 696" STYLE_REF="10" NS="y">'</W>
			<W BOX="340 670 348 695" STYLE_REF="10">s</W>
			<W BOX="354 670 373 695" STYLE_REF="10">in</W>
			<W BOX="379 669 431 694" STYLE_REF="10">many</W>
			<W BOX="439 669 455 694" STYLE_REF="10">of</W>
			<W BOX="465 669 494 694" STYLE_REF="10">the</W>
			<W BOX="503 668 556 693" STYLE_REF="10">actual</W>
			<W BOX="568 667 668 692" STYLE_REF="10">experiences</W>
			<W BOX="677 667 692 692" STYLE_REF="10">of</W>
			<W BOX="700 666 756 691" STYLE_REF="10">young</W>
		</Primitive>
		<Primitive BOX="24 680 811 740" ID="Ar0660012" SEQ_NO="12" TOC_ENTRY_ID="87" DEPTH_LEVEL="1">
			<L BOX="45 674 756 740"/>
			<W BOX="45 715 74 740" STYLE_REF="10">ing</W>
			<Q BOX="45 695 57 720" STYLE_REF="10" QID="21">g</Q>
			<q BOX="56 694 85 719" STYLE_REF="10" QID="21">irls</q>
			<QW QID="21">girls</QW>
			<W BOX="89 694 94 719" STYLE_REF="10">;</W>
			<W BOX="101 694 132 719" STYLE_REF="10">and</W>
			<W BOX="116 674 121 699" STYLE_REF="10">,</W>
			<W BOX="137 694 166 719" STYLE_REF="10">the</W>
			<W BOX="165 714 220 739" STYLE_REF="10">sisters</W>
			<W BOX="170 693 288 718" STYLE_REF="10">opportunities</W>
			<W BOX="227 714 245 739" STYLE_REF="10">in</W>
			<W BOX="252 714 294 739" STYLE_REF="10">their</W>
			<W BOX="292 692 349 717" STYLE_REF="10">which</W>
			<W BOX="306 713 338 738" STYLE_REF="10">earl</W>
			<W BOX="351 692 361 717" STYLE_REF="10">a</W>
			<W BOX="355 712 410 737" STYLE_REF="10">efforts</W>
			<Q BOX="365 691 408 716" STYLE_REF="10" QID="22">daug</Q>
			<q BOX="408 690 445 715" STYLE_REF="10" QID="22">hter</q>
			<QW QID="22">daughter</QW>
			<W BOX="418 711 478 737" STYLE_REF="10">should</W>
			<W BOX="450 690 492 715" STYLE_REF="10">from</W>
			<W BOX="485 711 513 736" STYLE_REF="10">not</W>
			<W BOX="497 690 557 715" STYLE_REF="10">twelve</W>
			<W BOX="520 710 540 735" STYLE_REF="10">be</W>
			<W BOX="547 710 578 735" STYLE_REF="10">lost</W>
			<W BOX="560 689 578 714" STYLE_REF="10">to</W>
			<W BOX="582 689 635 714" STYLE_REF="10">fifteen</W>
			<Q BOX="584 710 609 735" STYLE_REF="10" QID="23">sig</Q>
			<q BOX="608 710 628 735" STYLE_REF="10" QID="23">ht</q>
			<QW QID="23">sight</QW>
			<W BOX="633 710 650 735" STYLE_REF="10">of</W>
			<W BOX="643 689 674 714" STYLE_REF="10">has</W>
			<W BOX="663 709 695 734" STYLE_REF="10">and</W>
			<W BOX="679 688 695 713" STYLE_REF="10">of</W>
			<W BOX="700 688 747 713" STYLE_REF="10">assist</W>
			<Q BOX="703 709 726 734" STYLE_REF="10" QID="24">mi</Q>
			<Q BOX="726 709 737 734" STYLE_REF="10" QID="24">g</Q>
			<q BOX="736 709 755 734" STYLE_REF="10" QID="24">ht</q>
			<QW QID="24">might</QW>
			<Q BOX="747 688 756 713" STYLE_REF="10" QID="25">-</Q>
		</Primitive>
		<Primitive BOX="24 730 811 782" ID="Ar0660013" SEQ_NO="13" TOC_ENTRY_ID="87" DEPTH_LEVEL="1">
			<L BOX="83 710 655 740"/>
			<q BOX="83 715 156 740" STYLE_REF="10" QID="25">younger</q>
			<QW QID="25">younger</QW>
			<W BOX="338 712 349 737" STYLE_REF="10">y</W>
			<W BOX="650 710 655 735" STYLE_REF="10">,</W>
			<L BOX="45 730 755 782"/>
			<W BOX="45 736 102 761" STYLE_REF="10">indeed</W>
			<W BOX="45 757 58 782" STYLE_REF="10">if</W>
			<W BOX="66 757 97 782" STYLE_REF="10">the</W>
			<W BOX="103 757 151 782" STYLE_REF="10">famil</W>
			<W BOX="109 736 149 761" STYLE_REF="10">with</W>
			<W BOX="154 736 198 761" STYLE_REF="10">great</W>
			<W BOX="169 756 190 782" STYLE_REF="10">be</W>
			<W BOX="198 756 242 782" STYLE_REF="10">large</W>
			<W BOX="205 735 286 760" STYLE_REF="10">propriety</W>
			<W BOX="252 756 284 781" STYLE_REF="10">and</W>
			<W BOX="294 734 314 759" STYLE_REF="10">be</W>
			<W BOX="294 755 324 780" STYLE_REF="10">the</W>
			<W BOX="319 734 370 759" STYLE_REF="10">broug</W>
			<W BOX="330 754 393 780" STYLE_REF="10">income</W>
			<W BOX="369 733 389 758" STYLE_REF="10">ht</W>
			<W BOX="395 733 412 758" STYLE_REF="10">to</W>
			<W BOX="400 754 416 779" STYLE_REF="10">of</W>
			<W BOX="415 733 452 758" STYLE_REF="10">bear</W>
			<W BOX="424 753 453 778" STYLE_REF="10">the</W>
			<W BOX="457 733 501 758" STYLE_REF="10">upon</W>
			<W BOX="460 753 513 778" STYLE_REF="10">father</W>
			<W BOX="508 732 537 757" STYLE_REF="10">her</W>
			<W BOX="520 752 601 778" STYLE_REF="10">moderate</W>
			<W BOX="544 731 591 756" STYLE_REF="10">mind</W>
			<W BOX="594 731 612 756" STYLE_REF="10">as</W>
			<W BOX="601 752 605 778" STYLE_REF="10">.</W>
			<W BOX="616 731 626 756" STYLE_REF="10">a</W>
			<W BOX="627 752 663 777" STYLE_REF="10">The</W>
			<W BOX="631 731 700 756" STYLE_REF="10">positive</W>
			<W BOX="673 752 729 777" STYLE_REF="10">health</W>
			<W BOX="708 730 749 755" STYLE_REF="13">duty</W>
			<W BOX="738 751 755 776" STYLE_REF="10">of</W>
			<W BOX="749 730 755 755" STYLE_REF="13">,</W>
		</Primitive>
		<Primitive BOX="24 773 811 824" ID="Ar0660014" SEQ_NO="14" TOC_ENTRY_ID="87" DEPTH_LEVEL="1">
			<L BOX="46 757 757 824"/>
			<W BOX="46 799 75 824" STYLE_REF="10">the</W>
			<W BOX="46 778 89 803" STYLE_REF="10">daug</W>
			<W BOX="82 799 139 824" STYLE_REF="10">parent</W>
			<W BOX="89 778 134 803" STYLE_REF="10">hters</W>
			<W BOX="140 778 155 803" STYLE_REF="10">is</W>
			<W BOX="149 757 161 782" STYLE_REF="10">y</W>
			<W BOX="150 799 166 824" STYLE_REF="10">of</W>
			<W BOX="163 778 178 803" STYLE_REF="10">of</W>
			<W BOX="177 798 213 823" STYLE_REF="10">four</W>
			<W BOX="187 777 231 802" STYLE_REF="10">great</W>
			<W BOX="224 798 241 823" STYLE_REF="10">or</W>
			<W BOX="238 777 311 802" STYLE_REF="10">moment</W>
			<W BOX="252 798 284 823" STYLE_REF="10">five</W>
			<W BOX="297 798 325 823" STYLE_REF="10">can</W>
			<W BOX="318 776 335 801" STYLE_REF="10">to</W>
			<W BOX="337 797 387 822" STYLE_REF="10">much</W>
			<W BOX="343 776 371 801" STYLE_REF="10">the</W>
			<W BOX="379 775 439 800" STYLE_REF="10">comfor</W>
			<W BOX="396 797 440 822" STYLE_REF="10">more</W>
			<W BOX="441 775 447 800" STYLE_REF="10">t</W>
			<W BOX="451 795 524 821" STYLE_REF="10">efficientl</W>
			<W BOX="455 775 471 800" STYLE_REF="10">of</W>
			<W BOX="479 774 550 799" STYLE_REF="10">mothers</W>
			<W BOX="527 795 538 820" STYLE_REF="10">y</W>
			<W BOX="549 795 653 820" STYLE_REF="10">superintend</W>
			<W BOX="550 774 555 799" STYLE_REF="10">,</W>
			<W BOX="565 773 596 799" STYLE_REF="10">and</W>
			<W BOX="604 773 621 799" STYLE_REF="10">in</W>
			<W BOX="629 773 663 798" STYLE_REF="10">this</W>
			<W BOX="660 794 673 819" STYLE_REF="10">it</W>
			<W BOX="669 773 757 798" STYLE_REF="10">particular</W>
			<W BOX="681 794 720 819" STYLE_REF="10">than</W>
			<W BOX="728 793 756 819" STYLE_REF="10">the</W>
		</Primitive>
		<Primitive BOX="24 815 811 867" ID="Ar0660015" SEQ_NO="15" TOC_ENTRY_ID="87" DEPTH_LEVEL="1">
			<L BOX="45 815 757 867"/>
			<W BOX="45 820 97 845" STYLE_REF="10">princi</W>
			<Q BOX="46 841 53 866" STYLE_REF="10" QID="26">t</Q>
			<q BOX="54 841 132 866" STYLE_REF="10" QID="26">ravelling</q>
			<QW QID="26">travelling</QW>
			<W BOX="98 820 125 845" STYLE_REF="10">pal</W>
			<W BOX="129 820 145 845" STYLE_REF="10">of</W>
			<W BOX="139 841 153 866" STYLE_REF="10">is</W>
			<W BOX="152 820 162 845" STYLE_REF="10">a</W>
			<W BOX="161 841 226 866" STYLE_REF="10">avoided</W>
			<W BOX="169 819 246 844" STYLE_REF="10">boarding</W>
			<W BOX="228 841 233 867" STYLE_REF="10">,</W>
			<W BOX="240 840 271 865" STYLE_REF="10">and</W>
			<Q BOX="246 819 253 844" STYLE_REF="10" LH="y" QID="27">-</Q>
			<q BOX="253 819 311 844" STYLE_REF="10" QID="27">school</q>
			<QW QID="27">-school</QW>
			<W BOX="283 840 311 865" STYLE_REF="10">the</W>
			<W BOX="315 818 355 843" STYLE_REF="10">with</W>
			<W BOX="321 839 364 864" STYLE_REF="10">dress</W>
			<W BOX="364 817 416 842" STYLE_REF="10">thirty</W>
			<W BOX="375 839 405 864" STYLE_REF="10">can</W>
			<W BOX="413 839 432 864" STYLE_REF="10">be</W>
			<W BOX="421 817 439 842" STYLE_REF="10">or</W>
			<W BOX="439 839 485 864" STYLE_REF="10">more</W>
			<W BOX="446 817 491 842" STYLE_REF="10" NS="y">forty</W>
			<W BOX="491 817 497 842" STYLE_REF="10">.</W>
			<W BOX="494 838 595 863" STYLE_REF="10">economicall</W>
			<W BOX="518 816 564 841" STYLE_REF="10">Then</W>
			<W BOX="574 816 605 841" STYLE_REF="10">the</W>
			<W BOX="596 837 607 862" STYLE_REF="10">y</W>
			<W BOX="611 816 656 841" STYLE_REF="10">great</W>
			<W BOX="614 837 693 862" STYLE_REF="10">managed</W>
			<W BOX="663 815 733 840" STYLE_REF="10">expense</W>
			<W BOX="694 837 699 862" STYLE_REF="10">,</W>
			<W BOX="707 836 730 861" STYLE_REF="10">for</W>
			<W BOX="738 836 755 861" STYLE_REF="10">in</W>
			<W BOX="739 815 757 840" STYLE_REF="10">of</W>
		</Primitive>
		<Primitive BOX="24 857 811 972" ID="Ar0660016" SEQ_NO="16" TOC_ENTRY_ID="87" DEPTH_LEVEL="1">
			<L BOX="45 857 757 887"/>
			<Q BOX="45 862 122 887" STYLE_REF="10" QID="28">boarding</Q>
			<Q BOX="122 862 129 887" STYLE_REF="10" LH="y" QID="28">-</Q>
			<q BOX="129 862 195 887" STYLE_REF="10" QID="28">schools</q>
			<QW QID="28">boarding-schools</QW>
			<W BOX="205 862 250 887" STYLE_REF="10">there</W>
			<W BOX="264 861 310 886" STYLE_REF="10">must</W>
			<W BOX="321 860 341 885" STYLE_REF="10">be</W>
			<W BOX="353 860 414 885" STYLE_REF="10">always</W>
			<W BOX="426 859 472 884" STYLE_REF="10">more</W>
			<W BOX="484 859 501 884" STYLE_REF="10">or</W>
			<W BOX="513 859 545 884" STYLE_REF="10">less</W>
			<W BOX="560 859 575 884" STYLE_REF="10">of</W>
			<W BOX="590 858 679 883" STYLE_REF="10">emulation</W>
			<W BOX="692 858 710 883" STYLE_REF="10">in</W>
			<W BOX="721 857 757 882" STYLE_REF="10">this</W>
			<L BOX="44 878 756 972"/>
			<W BOX="44 884 104 909" STYLE_REF="10">respect</W>
			<W BOX="45 905 96 930" STYLE_REF="10">many</W>
			<W BOX="46 946 81 972" STYLE_REF="10">The</W>
			<W BOX="46 926 95 951" STYLE_REF="10">speak</W>
			<W BOX="92 946 172 972" STYLE_REF="10">character</W>
			<W BOX="96 927 101 952" STYLE_REF="10">,</W>
			<W BOX="103 905 167 930" STYLE_REF="10">persons</W>
			<W BOX="105 884 110 909" STYLE_REF="10">,</W>
			<W BOX="109 925 150 951" STYLE_REF="10">than</W>
			<W BOX="117 883 138 908" STYLE_REF="10">an</W>
			<W BOX="146 883 236 908" STYLE_REF="10">emulation</W>
			<W BOX="156 925 165 951" STYLE_REF="10">a</W>
			<W BOX="173 925 249 950" STYLE_REF="10">boarding</W>
			<W BOX="173 905 210 930" STYLE_REF="10">who</W>
			<W BOX="184 946 199 972" STYLE_REF="10">of</W>
			<W BOX="211 946 239 972" STYLE_REF="10">the</W>
			<W BOX="216 904 288 929" STYLE_REF="10">consider</W>
			<W BOX="242 882 299 907" STYLE_REF="10">which</W>
			<W BOX="249 925 257 950" STYLE_REF="10" LH="y">-</W>
			<W BOX="250 945 370 970" STYLE_REF="10">instructresses</W>
			<W BOX="257 925 314 950" STYLE_REF="10">school</W>
			<W BOX="296 903 305 928" STYLE_REF="10">a</W>
			<W BOX="304 882 326 907" STYLE_REF="10">no</W>
			<W BOX="313 903 344 928" STYLE_REF="10">day</W>
			<W BOX="314 925 319 950" STYLE_REF="10">.</W>
			<W BOX="332 882 362 907" STYLE_REF="10">one</W>
			<W BOX="340 924 349 949" STYLE_REF="10">I</W>
			<Q BOX="344 903 351 928" STYLE_REF="10" LH="y" QID="29">-</Q>
			<q BOX="351 903 407 928" STYLE_REF="10" QID="29">school</q>
			<QW QID="29">-school</QW>
			<W BOX="357 924 415 949" STYLE_REF="10">cannot</W>
			<W BOX="369 881 399 906" STYLE_REF="10">can</W>
			<W BOX="379 944 414 969" STYLE_REF="10">will</W>
			<W BOX="407 881 458 906" STYLE_REF="10">desire</W>
			<W BOX="414 903 433 928" STYLE_REF="10">as</W>
			<W BOX="417 924 421 949" STYLE_REF="10">,</W>
			<W BOX="425 944 489 969" STYLE_REF="10">always</W>
			<W BOX="429 923 453 948" STYLE_REF="10">for</W>
			<W BOX="440 903 449 928" STYLE_REF="10">a</W>
			<W BOX="454 902 487 927" STYLE_REF="10">less</W>
			<W BOX="461 923 492 948" STYLE_REF="10">my</W>
			<W BOX="466 881 484 906" STYLE_REF="10">to</W>
			<W BOX="491 880 579 905" STYLE_REF="10">encourage</W>
			<W BOX="494 902 510 927" STYLE_REF="10">di</W>
			<W BOX="497 944 518 969" STYLE_REF="10">be</W>
			<W BOX="498 923 527 948" STYLE_REF="10">par</W>
			<W BOX="510 901 568 926" STYLE_REF="10">gnified</W>
			<W BOX="528 923 535 948" STYLE_REF="10">t</W>
			<W BOX="530 943 606 968" STYLE_REF="10">sufficient</W>
			<W BOX="535 923 540 948" STYLE_REF="10">,</W>
			<W BOX="548 921 628 947" STYLE_REF="10">entertain</W>
			<W BOX="575 900 699 925" STYLE_REF="10">establishment</W>
			<W BOX="579 880 584 905" STYLE_REF="10">.</W>
			<W BOX="601 880 610 905" STYLE_REF="10">I</W>
			<W BOX="618 879 669 904" STYLE_REF="10">know</W>
			<W BOX="622 943 641 968" STYLE_REF="10">to</W>
			<W BOX="637 921 678 946" STYLE_REF="10">such</W>
			<W BOX="653 943 675 968" STYLE_REF="10">fix</W>
			<W BOX="675 879 720 904" STYLE_REF="10">there</W>
			<W BOX="685 921 706 946" STYLE_REF="10">an</W>
			<W BOX="691 942 755 967" STYLE_REF="10">beyond</W>
			<W BOX="700 900 705 926" STYLE_REF="10">,</W>
			<W BOX="713 899 731 924" STYLE_REF="10">so</W>
			<W BOX="713 921 750 946" STYLE_REF="10">idea</W>
			<W BOX="727 878 756 903" STYLE_REF="10">are</W>
			<W BOX="737 899 756 924" STYLE_REF="10">to</W>
			<W BOX="750 921 755 946" STYLE_REF="10">.</W>
		</Primitive>
		<Primitive BOX="24 963 811 1014" ID="Ar0660017" SEQ_NO="17" TOC_ENTRY_ID="87" DEPTH_LEVEL="1">
			<L BOX="47 944 754 994"/>
			<W BOX="47 968 121 993" STYLE_REF="10" NS="y">question</W>
			<W BOX="123 969 127 994" STYLE_REF="10">,</W>
			<W BOX="134 967 163 992" STYLE_REF="10">the</W>
			<W BOX="169 967 290 992" STYLE_REF="10">respectability</W>
			<W BOX="301 966 316 991" STYLE_REF="10">of</W>
			<W BOX="326 966 354 991" STYLE_REF="10">the</W>
			<W BOX="364 965 488 990" STYLE_REF="10">establishment</W>
			<W BOX="498 964 546 989" STYLE_REF="10">when</W>
			<W BOX="553 964 567 989" STYLE_REF="10">it</W>
			<W BOX="574 964 588 989" STYLE_REF="10">is</W>
			<W BOX="595 964 632 989" STYLE_REF="13">once</W>
			<W BOX="641 964 701 989" STYLE_REF="10">known</W>
			<W BOX="676 944 681 969" STYLE_REF="10">,</W>
			<W BOX="706 964 711 989" STYLE_REF="10">;</W>
			<W BOX="722 963 754 988" STYLE_REF="10">and</W>
			<L BOX="45 984 755 1014"/>
			<W BOX="45 989 75 1014" STYLE_REF="10">the</W>
			<W BOX="80 989 115 1014" STYLE_REF="10">risk</W>
			<W BOX="121 989 136 1014" STYLE_REF="10">of</W>
			<W BOX="144 988 179 1013" STYLE_REF="13">debt</W>
			<W BOX="186 988 201 1013" STYLE_REF="10">is</W>
			<W BOX="208 988 226 1013" STYLE_REF="10">so</W>
			<W BOX="233 988 284 1013" STYLE_REF="10">much</W>
			<W BOX="290 987 321 1012" STYLE_REF="10">less</W>
			<W BOX="329 987 346 1012" STYLE_REF="10">to</W>
			<W BOX="353 987 375 1012" STYLE_REF="10">all</W>
			<W BOX="380 986 409 1011" STYLE_REF="10">the</W>
			<W BOX="415 986 475 1011" STYLE_REF="10">parties</W>
			<W BOX="482 986 568 1011" STYLE_REF="10" NS="y">concerned</W>
			<W BOX="569 986 574 1011" STYLE_REF="10">,</W>
			<W BOX="579 985 615 1010" STYLE_REF="10" NS="y">that</W>
			<W BOX="616 986 621 1011" STYLE_REF="10">,</W>
			<W BOX="628 984 647 1009" STYLE_REF="10">in</W>
			<W BOX="654 984 699 1009" STYLE_REF="10">these</W>
			<W BOX="706 984 755 1009" STYLE_REF="10">times</W>
		</Primitive>
		<Primitive BOX="24 1005 811 1057" ID="Ar0660018" SEQ_NO="18" TOC_ENTRY_ID="87" DEPTH_LEVEL="1">
			<L BOX="45 1005 756 1057"/>
			<W BOX="45 1011 61 1036" STYLE_REF="10">of</W>
			<W BOX="46 1032 90 1057" STYLE_REF="10">more</W>
			<W BOX="70 1010 149 1035" STYLE_REF="10">difficulty</W>
			<W BOX="102 1031 179 1056" STYLE_REF="10">desirable</W>
			<W BOX="157 1010 190 1035" STYLE_REF="10">and</W>
			<W BOX="192 1031 208 1056" STYLE_REF="10">of</W>
			<W BOX="200 1009 282 1034" STYLE_REF="10">necessary</W>
			<W BOX="220 1031 249 1056" STYLE_REF="10">the</W>
			<W BOX="260 1030 294 1055" STYLE_REF="10">two</W>
			<W BOX="292 1008 356 1033" STYLE_REF="10">caution</W>
			<W BOX="306 1029 375 1054" STYLE_REF="10">systems</W>
			<W BOX="365 1008 383 1033" STYLE_REF="10">as</W>
			<W BOX="375 1029 380 1054" STYLE_REF="10">.</W>
			<W BOX="391 1008 410 1033" STYLE_REF="10">to</W>
			<W BOX="403 1029 419 1054" STYLE_REF="10">It</W>
			<W BOX="418 1008 441 1033" STYLE_REF="10">all</W>
			<Q BOX="430 1028 446 1053" STYLE_REF="13" QID="30">re</Q>
			<q BOX="448 1028 458 1053" STYLE_REF="13" QID="30">a</q>
			<QW QID="30">rea</QW>
			<W BOX="450 1007 555 1032" STYLE_REF="10">expenditure</W>
			<Q BOX="459 1028 471 1053" STYLE_REF="13" QID="31">ll</Q>
			<q BOX="470 1028 481 1053" STYLE_REF="13" QID="31">y</q>
			<QW QID="31">lly</QW>
			<W BOX="494 1028 575 1053" STYLE_REF="10">combines</W>
			<W BOX="555 1008 560 1033" STYLE_REF="10">,</W>
			<W BOX="571 1006 585 1031" STYLE_REF="10">it</W>
			<W BOX="587 1028 616 1053" STYLE_REF="10">the</W>
			<W BOX="595 1006 659 1031" STYLE_REF="10">appears</W>
			<W BOX="628 1027 726 1052" STYLE_REF="10">advantages</W>
			<W BOX="669 1006 722 1031" STYLE_REF="10">much</W>
			<W BOX="726 1005 756 1030" STYLE_REF="10">the</W>
			<W BOX="738 1026 754 1051" STYLE_REF="10">of</W>
		</Primitive>
		<Primitive BOX="24 1047 811 1099" ID="Ar0660019" SEQ_NO="19" TOC_ENTRY_ID="87" DEPTH_LEVEL="1">
			<L BOX="45 1047 755 1078"/>
			<W BOX="45 1053 99 1078" STYLE_REF="10">school</W>
			<W BOX="108 1053 148 1078" STYLE_REF="10">with</W>
			<W BOX="159 1053 188 1078" STYLE_REF="10">the</W>
			<W BOX="199 1052 276 1077" STYLE_REF="10">comforts</W>
			<W BOX="288 1050 304 1075" STYLE_REF="10">of</W>
			<Q BOX="316 1050 364 1075" STYLE_REF="10" QID="32">home</Q>
			<q BOX="377 1049 406 1075" STYLE_REF="10" QID="32">the</q>
			<QW QID="32">homethe</QW>
			<Q BOX="414 1049 447 1075" STYLE_REF="10" QID="33">dail</Q>
			<q BOX="447 1049 459 1074" STYLE_REF="10" QID="33">y</q>
			<QW QID="33">daily</QW>
			<W BOX="468 1049 500 1074" STYLE_REF="10">and</W>
			<W BOX="512 1049 589 1074" STYLE_REF="10">domestic</W>
			<W BOX="597 1049 651 1074" STYLE_REF="10">duties</W>
			<W BOX="663 1049 678 1074" STYLE_REF="10">of</W>
			<Q BOX="690 1049 701 1074" STYLE_REF="10" QID="34">g</Q>
			<Q BOX="700 1047 719 1073" STYLE_REF="10" QID="34">irl</Q>
			<Q BOX="719 1047 726 1073" STYLE_REF="10" LH="y" QID="34">-</Q>
			<q BOX="726 1047 755 1073" STYLE_REF="10" QID="34">life</q>
			<QW QID="34">girl-life</QW>
			<L BOX="363 1052 369 1077"/>
			<W BOX="363 1052 369 1077" STYLE_REF="10">,</W>
			<L BOX="45 1069 756 1099"/>
			<W BOX="45 1074 87 1099" STYLE_REF="10">with</W>
			<W BOX="99 1074 128 1099" STYLE_REF="10">the</W>
			<W BOX="139 1073 237 1098" STYLE_REF="10">intercourse</W>
			<W BOX="246 1073 262 1098" STYLE_REF="10">of</W>
			<Q BOX="271 1072 304 1097" STYLE_REF="10" QID="35">enli</Q>
			<q BOX="315 1071 375 1097" STYLE_REF="10" QID="35">htened</q>
			<QW QID="35">enlihtened</QW>
			<W BOX="383 1071 414 1096" STYLE_REF="10">and</W>
			<Q BOX="425 1071 492 1096" STYLE_REF="10" QID="36">accomp</Q>
			<q BOX="491 1070 542 1095" STYLE_REF="10" QID="36">lished</q>
			<QW QID="36">accomplished</QW>
			<Q BOX="553 1070 609 1095" STYLE_REF="10" QID="37">minds</Q>
			<q BOX="623 1069 660 1095" STYLE_REF="10" QID="37">ever</q>
			<QW QID="37">mindsever</QW>
			<W BOX="670 1069 756 1094" STYLE_REF="10">regarding</W>
		</Primitive>
		<Primitive BOX="24 1090 811 1135" ID="Ar0660020" SEQ_NO="20" TOC_ENTRY_ID="87" DEPTH_LEVEL="1">
			<L BOX="44 1071 754 1121"/>
			<W BOX="44 1095 87 1120" STYLE_REF="10">their</W>
			<Q BOX="97 1095 130 1120" STYLE_REF="10" QID="38">pup</Q>
			<q BOX="131 1095 152 1120" STYLE_REF="10" NS="y" QID="38">ils</q>
			<QW QID="38">pupils</QW>
			<W BOX="152 1096 157 1121" STYLE_REF="10">,</W>
			<W BOX="164 1094 191 1119" STYLE_REF="13">not</W>
			<W BOX="202 1094 220 1119" STYLE_REF="10">as</W>
			<Q BOX="228 1094 274 1119" STYLE_REF="10" QID="39">show</Q>
			<Q BOX="274 1094 281 1119" STYLE_REF="10" LH="y" QID="39">-</Q>
			<Q BOX="281 1094 293 1119" STYLE_REF="10" QID="39">g</Q>
			<q BOX="292 1093 321 1118" STYLE_REF="10" QID="39">irls</q>
			<QW QID="39">show-girls</QW>
			<W BOX="305 1072 317 1097" STYLE_REF="10">g</W>
			<W BOX="329 1093 347 1118" STYLE_REF="10">to</W>
			<W BOX="357 1092 429 1117" STYLE_REF="10">astonish</W>
			<W BOX="441 1092 480 1117" STYLE_REF="10">each</W>
			<W BOX="493 1092 537 1117" STYLE_REF="10">little</W>
			<W BOX="548 1091 651 1116" STYLE_REF="10">community</W>
			<W BOX="609 1071 614 1097" STYLE_REF="10">,</W>
			<W BOX="658 1090 694 1115" STYLE_REF="10">into</W>
			<W BOX="700 1090 754 1115" STYLE_REF="10">which</W>
			<L BOX="417 1111 755 1138"/>
			<Q BOX="417 1113 464 1138" STYLE_REF="10" QID="40">famil</Q>
			<q BOX="485 1113 522 1138" STYLE_REF="10" QID="40">who</q>
			<QW QID="40">familwho</QW>
			<W BOX="533 1113 574 1138" STYLE_REF="10">shall</W>
			<Q BOX="585 1112 666 1137" STYLE_REF="10" QID="41">constantl</Q>
			<q BOX="687 1111 716 1136" STYLE_REF="10" QID="41">feel</q>
			<QW QID="41">constantlfeel</QW>
			<W BOX="725 1111 755 1136" STYLE_REF="10">the</W>
		</Primitive>
		<Primitive BOX="24 1123 811 1162" ID="Ar0660021" SEQ_NO="21" TOC_ENTRY_ID="87" DEPTH_LEVEL="1">
			<L BOX="45 1112 755 1162"/>
			<W BOX="45 1137 105 1162" STYLE_REF="10">growth</W>
			<Q BOX="45 1117 63 1142" STYLE_REF="10" QID="42">th</Q>
			<q BOX="66 1117 85 1142" STYLE_REF="10" QID="42">ey</q>
			<QW QID="42">they</QW>
			<W BOX="94 1117 139 1142" STYLE_REF="10">must</W>
			<W BOX="104 1137 109 1162" STYLE_REF="10">,</W>
			<W BOX="117 1137 133 1162" STYLE_REF="10">of</W>
			<W BOX="143 1137 184 1162" STYLE_REF="10">their</W>
			<W BOX="150 1116 194 1141" STYLE_REF="10">enter</W>
			<W BOX="189 1137 245 1162" STYLE_REF="10">minds</W>
			<W BOX="195 1116 200 1141" STYLE_REF="10">,</W>
			<W BOX="209 1115 241 1140" STYLE_REF="10">but</W>
			<W BOX="249 1136 362 1161" STYLE_REF="10">contributing</W>
			<W BOX="252 1115 269 1140" STYLE_REF="10">as</W>
			<W BOX="280 1114 361 1139" STYLE_REF="10">members</W>
			<W BOX="367 1134 385 1159" STYLE_REF="10">to</W>
			<W BOX="373 1114 389 1139" STYLE_REF="10">of</W>
			<W BOX="392 1134 421 1159" STYLE_REF="10">the</W>
			<W BOX="399 1113 409 1138" STYLE_REF="10">a</W>
			<W BOX="427 1134 500 1159" STYLE_REF="10">pleasure</W>
			<W BOX="464 1113 476 1138" STYLE_REF="10">y</W>
			<W BOX="509 1134 525 1159" STYLE_REF="10">of</W>
			<W BOX="532 1134 555 1159" STYLE_REF="10" NS="y">all</W>
			<W BOX="555 1135 560 1160" STYLE_REF="10">,</W>
			<W BOX="569 1134 601 1159" STYLE_REF="10">but</W>
			<Q BOX="609 1133 643 1158" STYLE_REF="10" QID="43">inci</Q>
			<q BOX="645 1133 680 1158" STYLE_REF="10" QID="43">ting</q>
			<QW QID="43">inciting</QW>
			<W BOX="667 1112 678 1137" STYLE_REF="10">y</W>
			<Q BOX="690 1133 717 1158" STYLE_REF="10" QID="44">nei</Q>
			<q BOX="718 1132 755 1157" STYLE_REF="10" QID="44">ther</q>
			<QW QID="44">neither</QW>
		</Primitive>
		<Primitive BOX="24 1162 811 1214" ID="Ar0660022" SEQ_NO="22" TOC_ENTRY_ID="87" DEPTH_LEVEL="1">
			<L BOX="45 1153 754 1184"/>
			<W BOX="45 1159 88 1184" STYLE_REF="10">envy</W>
			<W BOX="97 1159 127 1184" STYLE_REF="10">nor</W>
			<W BOX="137 1158 196 1183" STYLE_REF="10">dislike</W>
			<W BOX="205 1158 222 1183" STYLE_REF="10">in</W>
			<W BOX="232 1158 264 1183" STYLE_REF="10">any</W>
			<Q BOX="274 1158 286 1183" STYLE_REF="10" QID="45">b</Q>
			<q BOX="285 1156 297 1183" STYLE_REF="1" QID="45">y</q>
			<QW QID="45">by</QW>
			<W BOX="305 1156 333 1183" STYLE_REF="1">the</W>
			<W BOX="340 1156 378 1183" STYLE_REF="1">vain</W>
			<Q BOX="389 1155 400 1182" STYLE_REF="1" QID="46">d</Q>
			<Q BOX="400 1156 406 1181" STYLE_REF="10" QID="46">i</Q>
			<Q BOX="406 1155 426 1182" STYLE_REF="1" QID="46">sp</Q>
			<q BOX="424 1156 453 1181" STYLE_REF="10" QID="46">lay</q>
			<QW QID="46">display</QW>
			<W BOX="463 1156 479 1181" STYLE_REF="10">of</W>
			<W BOX="490 1156 590 1181" STYLE_REF="10">intellectual</W>
			<W BOX="601 1154 699 1179" STYLE_REF="10">attainment</W>
			<W BOX="709 1153 727 1178" STYLE_REF="10">or</W>
			<W BOX="737 1153 754 1178" STYLE_REF="10">of</W>
		</Primitive>
	</Content>
	<TOC_Entries><TOC_Entry TOC_ENTRY_ID="145" TITLE="The Profession of the Teacher.*" ENTITY_ID_REF="Ar06600" PAGE_NO="66" PAGE_LABEL="138" PRIM_ID_REF="Ar0660000" IS_IC="true"/></TOC_Entries></XMD-entity>
