<?xml version="1.0" encoding="windows-1252" standalone="no"?>
<XMD-PAGE REPOSITORY_FORMAT="1.0" PRXML_VER="2.0">
	<Meta ISSUE_DATE="01/04/1858" RELEASE_NO="041-EWJ-1858-04-01-001-SINGLE" PAGE_NO="66" NAME="" PAGE_LABEL="138" PAGE_TYPE="Single" PUBLISHER="Olive" PUBLICATION="EWJ" SOURCE_TYPE="TIFF" SOURCE_RESOLUTION="72" IMAGES_RESOLUTION="86" PAGE_THUMBNAIL_RESOLUTION="86" PAGE_PREVIEW_RESOLUTION="15" DEFAULT_IMG_EXT="png" IMG_EXT="png" PREVIEW_IMG_EXT="png" XMD_VER="2.6.238.8" PROFILE_ID="D:\pdfs\EWJ\XMD_EWJ.ini" SECTION="None" PAGE_WIDTH="823" PAGE_HEIGHT="1239" PAGES_NUMBER="72" BASE_HREF="EWJ/1858/04/01" PDF_DESTINATION_MAPPED="OLV0_Page_0066">
		<Resolutions>
			<Resolution DEFAULT="true">86</Resolution>
		</Resolutions>
	</Meta>
	<Link SOURCE="041-EWJ-1858-04-01-001-SINGLE.PDF" NEXT_SECTION="" PREV_SECTION="1"/>
	<DataFiles>
		<Files TYPE="DOC_PDF" PRESENT="1"/>
		<Files TYPE="PAGE_PDF" PRESENT="0"/>
		<Files TYPE="DOC_IMG" PRESENT="0"/>
		<Files TYPE="PAGE_IMG" PRESENT="0"/>
		<Files TYPE="PAGE_VIEW_IMG" PRESENT="1"/>
		<Files TYPE="PAGE_PREVIEW_IMG" PRESENT="1"/>
		<Files TYPE="PRIMITIVE_IMG" PRESENT="1"/>
		<Files TYPE="SNIPPET_IMG" PRESENT="1"/>
	</DataFiles>
	<Entity ENTITY_TYPE="Article" FIRST_TOC_ENTRY_ID="87" INDEX_IN_DOC="145" DEPTH_LEVEL="1" ID="Ar06600" SIZE="XLarge" BOX="24 68 811 1214" NEXT_SECTION="" PREV_SECTION="1" CONTINUATION_TO="Ar06700" CONTINUATION_FROM="Ar06501" FIRST_CHUNK="Ar06501" IMAGES_RESOLUTION="86" LOGICAL_NAME="true">
		<Name>The Profession of the Teacher.*</Name>
		<Primitive ID="Ar0660000" BOX="24 68 811 140" ELEMENT_TYPE="Content" SEQ_NO="0" TOC_ENTRY_ID="87" DEPTH_LEVEL="1"/>
		<Primitive ID="Ar0660001" BOX="24 128 811 203" ELEMENT_TYPE="Content" SEQ_NO="1" TOC_ENTRY_ID="87" DEPTH_LEVEL="1"/>
		<Primitive ID="Ar0660002" BOX="24 191 811 267" ELEMENT_TYPE="Content" SEQ_NO="2" TOC_ENTRY_ID="87" DEPTH_LEVEL="1"/>
		<Primitive ID="Ar0660003" BOX="24 255 811 316" ELEMENT_TYPE="Content" SEQ_NO="3" TOC_ENTRY_ID="87" DEPTH_LEVEL="1"/>
		<Primitive ID="Ar0660004" BOX="24 305 811 359" ELEMENT_TYPE="Content" SEQ_NO="4" TOC_ENTRY_ID="87" DEPTH_LEVEL="1"/>
		<Primitive ID="Ar0660005" BOX="24 347 811 395" ELEMENT_TYPE="Content" SEQ_NO="5" TOC_ENTRY_ID="87" DEPTH_LEVEL="1"/>
		<Primitive ID="Ar0660006" BOX="24 383 811 436" ELEMENT_TYPE="Content" SEQ_NO="6" TOC_ENTRY_ID="87" DEPTH_LEVEL="1"/>
		<Primitive ID="Ar0660007" BOX="24 424 811 479" ELEMENT_TYPE="Content" SEQ_NO="7" TOC_ENTRY_ID="87" DEPTH_LEVEL="1"/>
		<Primitive ID="Ar0660008" BOX="24 467 811 550" ELEMENT_TYPE="Content" SEQ_NO="8" TOC_ENTRY_ID="87" DEPTH_LEVEL="1"/>
		<Primitive ID="Ar0660009" BOX="24 539 811 591" ELEMENT_TYPE="Content" SEQ_NO="9" TOC_ENTRY_ID="87" DEPTH_LEVEL="1"/>
		<Primitive ID="Ar0660010" BOX="24 581 811 655" ELEMENT_TYPE="Content" SEQ_NO="10" TOC_ENTRY_ID="87" DEPTH_LEVEL="1"/>
		<Primitive ID="Ar0660011" BOX="24 645 811 692" ELEMENT_TYPE="Content" SEQ_NO="11" TOC_ENTRY_ID="87" DEPTH_LEVEL="1"/>
		<Primitive ID="Ar0660012" BOX="24 680 811 740" ELEMENT_TYPE="Content" SEQ_NO="12" TOC_ENTRY_ID="87" DEPTH_LEVEL="1"/>
		<Primitive ID="Ar0660013" BOX="24 730 811 782" ELEMENT_TYPE="Content" SEQ_NO="13" TOC_ENTRY_ID="87" DEPTH_LEVEL="1"/>
		<Primitive ID="Ar0660014" BOX="24 773 811 824" ELEMENT_TYPE="Content" SEQ_NO="14" TOC_ENTRY_ID="87" DEPTH_LEVEL="1"/>
		<Primitive ID="Ar0660015" BOX="24 815 811 867" ELEMENT_TYPE="Content" SEQ_NO="15" TOC_ENTRY_ID="87" DEPTH_LEVEL="1"/>
		<Primitive ID="Ar0660016" BOX="24 857 811 972" ELEMENT_TYPE="Content" SEQ_NO="16" TOC_ENTRY_ID="87" DEPTH_LEVEL="1"/>
		<Primitive ID="Ar0660017" BOX="24 963 811 1014" ELEMENT_TYPE="Content" SEQ_NO="17" TOC_ENTRY_ID="87" DEPTH_LEVEL="1"/>
		<Primitive ID="Ar0660018" BOX="24 1005 811 1057" ELEMENT_TYPE="Content" SEQ_NO="18" TOC_ENTRY_ID="87" DEPTH_LEVEL="1"/>
		<Primitive ID="Ar0660019" BOX="24 1047 811 1099" ELEMENT_TYPE="Content" SEQ_NO="19" TOC_ENTRY_ID="87" DEPTH_LEVEL="1"/>
		<Primitive ID="Ar0660020" BOX="24 1090 811 1135" ELEMENT_TYPE="Content" SEQ_NO="20" TOC_ENTRY_ID="87" DEPTH_LEVEL="1"/>
		<Primitive ID="Ar0660021" BOX="24 1123 811 1162" ELEMENT_TYPE="Content" SEQ_NO="21" TOC_ENTRY_ID="87" DEPTH_LEVEL="1"/>
		<Primitive ID="Ar0660022" BOX="24 1162 811 1214" ELEMENT_TYPE="Content" SEQ_NO="22" TOC_ENTRY_ID="87" DEPTH_LEVEL="1"/>
	</Entity>
	<Entity ENTITY_TYPE="Article" FIRST_TOC_ENTRY_ID="88" INDEX_IN_DOC="147" DEPTH_LEVEL="1" ID="Ar06601" SIZE="Small" BOX="24 12 811 68" NEXT_SECTION="" PREV_SECTION="1" IMAGES_RESOLUTION="86" LOGICAL_NAME="true">
		<Name>138 OPEN COUNCIL.</Name>
		<Primitive ID="Ar0660100" BOX="24 12 811 68" ELEMENT_TYPE="Content" SEQ_NO="0" TOC_ENTRY_ID="88" DEPTH_LEVEL="1"/>
	</Entity>
</XMD-PAGE>