<?xml version="1.0" encoding="windows-1252" standalone="no"?>
<XMD-entity REPOSITORY_FORMAT="1.0" PRXML_VER="2.0" ENTITY_TYPE="Article" DOC_UID="EWJ_01/03/1858" DOC_VER="1" FIRST_TOC_ENTRY_ID="91" DEPTH_LEVEL="1" INDEX_IN_DOC="159" PAGE_NO="70" ID="Ar07001" BOX="24 12 829 96" LANGUAGE="English" SNP="Ar07001S.png" SNP_WIDTH="806" SNP_HEIGHT="85" LOGICAL_NAME="true">
	<Meta NAME="70 PASSING EVENTS." DESCRIPTION="" SUBTYPE="" BASE_HREF="EWJ/1858/03/01" SOURCE_TYPE="TIFF" PUBLICATION="EWJ" SECTION="None" ISSUE_DATE="01/03/1858" WORDCNT="4" RELEASE_NO="041-EWJ-1858-03-01-001-SINGLE" PAGE_ID="" PAGE_TYPE="Single" PAGE_WIDTH="842" PAGE_HEIGHT="1244" DEFAULT_IMG_EXT="png" PDF_DESTINATION_MAPPED="OLV0_Entity_0070_0002" IMAGES_RESOLUTION="86" XMD_VER="2.6.238.8" PAGE_LABEL="70"/>
	<Link SOURCE="041-EWJ-1858-03-01-001-SINGLE.PDF" FIRST_ID="Ar00200" LAST_ID="Ar07201" NEXT_ID="" PREV_ID="Ar07000" TOC_ID="d:/Olive/Repository/EWJ/1858/03/01/TOC.xml"/>
	<DataFiles>
		<Files TYPE="DOC_PDF" PRESENT="1"/>
		<Files TYPE="PAGE_PDF" PRESENT="0"/>
		<Files TYPE="DOC_IMG" PRESENT="0"/>
		<Files TYPE="PAGE_IMG" PRESENT="0"/>
		<Files TYPE="PAGE_VIEW_IMG" PRESENT="1"/>
		<Files TYPE="PAGE_PREVIEW_IMG" PRESENT="1"/>
		<Files TYPE="PRIMITIVE_IMG" PRESENT="1"/>
		<Files TYPE="SNIPPET_IMG" PRESENT="1"/>
	</DataFiles>
	<Content>
		<Primitive BOX="24 12 829 96" ID="Ar0700100" SEQ_NO="0" TOC_ENTRY_ID="91" DEPTH_LEVEL="1">
			<L BOX="105 64 541 90"/>
			<W BOX="105 66 129 90" STYLE_REF="7">70</W>
			<W BOX="357 64 441 87" STYLE_REF="7">PASSING</W>
			<W BOX="454 64 535 87" STYLE_REF="7" NS="y">EVENTS</W>
			<W BOX="535 64 541 87" STYLE_REF="7">.</W>
		</Primitive>
	</Content>
	<TOC_Entries><TOC_Entry TOC_ENTRY_ID="157" TITLE="70 PASSING EVENTS." ENTITY_ID_REF="Ar07001" PAGE_NO="70" PAGE_LABEL="70" PRIM_ID_REF="Ar0700100" IS_IC="true"/></TOC_Entries></XMD-entity>
