<?xml version="1.0" encoding="windows-1252" standalone="no"?>
<XMD-PAGE REPOSITORY_FORMAT="1.0" PRXML_VER="2.0">
	<Meta ISSUE_DATE="01/03/1858" RELEASE_NO="041-EWJ-1858-03-01-001-SINGLE" PAGE_NO="70" NAME="" PAGE_LABEL="70" PAGE_TYPE="Single" PUBLISHER="Olive" PUBLICATION="EWJ" SOURCE_TYPE="TIFF" SOURCE_RESOLUTION="72" IMAGES_RESOLUTION="86" PAGE_THUMBNAIL_RESOLUTION="86" PAGE_PREVIEW_RESOLUTION="15" DEFAULT_IMG_EXT="png" IMG_EXT="png" PREVIEW_IMG_EXT="png" XMD_VER="2.6.238.8" PROFILE_ID="D:\pdfs\EWJ\XMD_EWJ.ini" SECTION="None" PAGE_WIDTH="842" PAGE_HEIGHT="1244" PAGES_NUMBER="72" BASE_HREF="EWJ/1858/03/01" PDF_DESTINATION_MAPPED="OLV0_Page_0070">
		<Resolutions>
			<Resolution DEFAULT="true">86</Resolution>
		</Resolutions>
	</Meta>
	<Link SOURCE="041-EWJ-1858-03-01-001-SINGLE.PDF" NEXT_SECTION="" PREV_SECTION="1"/>
	<DataFiles>
		<Files TYPE="DOC_PDF" PRESENT="1"/>
		<Files TYPE="PAGE_PDF" PRESENT="0"/>
		<Files TYPE="DOC_IMG" PRESENT="0"/>
		<Files TYPE="PAGE_IMG" PRESENT="0"/>
		<Files TYPE="PAGE_VIEW_IMG" PRESENT="1"/>
		<Files TYPE="PAGE_PREVIEW_IMG" PRESENT="1"/>
		<Files TYPE="PRIMITIVE_IMG" PRESENT="1"/>
		<Files TYPE="SNIPPET_IMG" PRESENT="1"/>
	</DataFiles>
	<Entity ENTITY_TYPE="Article" FIRST_TOC_ENTRY_ID="90" INDEX_IN_DOC="156" DEPTH_LEVEL="1" ID="Ar07000" SIZE="XLarge" BOX="24 96 829 1219" NEXT_SECTION="" PREV_SECTION="1" CONTINUATION_TO="Ar07100" CONTINUATION_FROM="Ar06900" FIRST_CHUNK="Ar06900" IMAGES_RESOLUTION="86" LOGICAL_NAME="true">
		<Name>great The heavy revolt in gloom India wh...</Name>
		<Primitive ID="Ar0700000" BOX="24 96 829 148" ELEMENT_TYPE="Content" SEQ_NO="0" TOC_ENTRY_ID="90" DEPTH_LEVEL="1"/>
		<Primitive ID="Ar0700001" BOX="24 138 829 219" ELEMENT_TYPE="Content" SEQ_NO="1" TOC_ENTRY_ID="90" DEPTH_LEVEL="1"/>
		<Primitive ID="Ar0700002" BOX="24 208 829 290" ELEMENT_TYPE="Content" SEQ_NO="2" TOC_ENTRY_ID="90" DEPTH_LEVEL="1"/>
		<Primitive ID="Ar0700003" BOX="24 279 829 343" ELEMENT_TYPE="Content" SEQ_NO="3" TOC_ENTRY_ID="90" DEPTH_LEVEL="1"/>
		<Primitive ID="Ar0700004" BOX="24 332 829 414" ELEMENT_TYPE="Content" SEQ_NO="4" TOC_ENTRY_ID="90" DEPTH_LEVEL="1"/>
		<Primitive ID="Ar0700005" BOX="24 405 829 462" ELEMENT_TYPE="Content" SEQ_NO="5" TOC_ENTRY_ID="90" DEPTH_LEVEL="1"/>
		<Primitive ID="Ar0700006" BOX="24 450 829 521" ELEMENT_TYPE="Content" SEQ_NO="6" TOC_ENTRY_ID="90" DEPTH_LEVEL="1"/>
		<Primitive ID="Ar0700007" BOX="24 510 829 574" ELEMENT_TYPE="Content" SEQ_NO="7" TOC_ENTRY_ID="90" DEPTH_LEVEL="1"/>
		<Primitive ID="Ar0700008" BOX="24 564 829 646" ELEMENT_TYPE="Content" SEQ_NO="8" TOC_ENTRY_ID="90" DEPTH_LEVEL="1"/>
		<Primitive ID="Ar0700009" BOX="24 635 829 710" ELEMENT_TYPE="Content" SEQ_NO="9" TOC_ENTRY_ID="90" DEPTH_LEVEL="1"/>
		<Primitive ID="Ar0700010" BOX="24 698 829 771" ELEMENT_TYPE="Content" SEQ_NO="10" TOC_ENTRY_ID="90" DEPTH_LEVEL="1"/>
		<Primitive ID="Ar0700011" BOX="24 760 829 842" ELEMENT_TYPE="Content" SEQ_NO="11" TOC_ENTRY_ID="90" DEPTH_LEVEL="1"/>
		<Primitive ID="Ar0700012" BOX="24 832 829 907" ELEMENT_TYPE="Content" SEQ_NO="12" TOC_ENTRY_ID="90" DEPTH_LEVEL="1"/>
		<Primitive ID="Ar0700013" BOX="24 895 829 949" ELEMENT_TYPE="Content" SEQ_NO="13" TOC_ENTRY_ID="90" DEPTH_LEVEL="1"/>
		<Primitive ID="Ar0700014" BOX="24 941 829 1014" ELEMENT_TYPE="Content" SEQ_NO="14" TOC_ENTRY_ID="90" DEPTH_LEVEL="1"/>
		<Primitive ID="Ar0700015" BOX="24 1003 829 1074" ELEMENT_TYPE="Content" SEQ_NO="15" TOC_ENTRY_ID="90" DEPTH_LEVEL="1"/>
		<Primitive ID="Ar0700016" BOX="24 1066 829 1128" ELEMENT_TYPE="Content" SEQ_NO="16" TOC_ENTRY_ID="90" DEPTH_LEVEL="1"/>
		<Primitive ID="Ar0700017" BOX="24 1128 829 1219" ELEMENT_TYPE="Content" SEQ_NO="17" TOC_ENTRY_ID="90" DEPTH_LEVEL="1"/>
	</Entity>
	<Entity ENTITY_TYPE="Article" FIRST_TOC_ENTRY_ID="91" INDEX_IN_DOC="159" DEPTH_LEVEL="1" ID="Ar07001" SIZE="Small" BOX="24 12 829 96" NEXT_SECTION="" PREV_SECTION="1" IMAGES_RESOLUTION="86" LOGICAL_NAME="true">
		<Name>70 PASSING EVENTS.</Name>
		<Primitive ID="Ar0700100" BOX="24 12 829 96" ELEMENT_TYPE="Content" SEQ_NO="0" TOC_ENTRY_ID="91" DEPTH_LEVEL="1"/>
	</Entity>
</XMD-PAGE>