<?xml version="1.0" encoding="windows-1252" standalone="no"?>
<XMD-entity REPOSITORY_FORMAT="1.0" PRXML_VER="2.0" ENTITY_TYPE="Article" DOC_UID="EWJ_01/03/1858" DOC_VER="1" FIRST_TOC_ENTRY_ID="8" DEPTH_LEVEL="1" INDEX_IN_DOC="20" PAGE_NO="5" ID="Ar00501" BOX="24 12 829 68" LANGUAGE="English" SNP="Ar00501S.png" SNP_WIDTH="806" SNP_HEIGHT="56" LOGICAL_NAME="true">
	<Meta NAME="THE PROFESSION OF THE TEACHES. 5" DESCRIPTION="" SUBTYPE="" BASE_HREF="EWJ/1858/03/01" SOURCE_TYPE="TIFF" PUBLICATION="EWJ" SECTION="None" ISSUE_DATE="01/03/1858" WORDCNT="7" RELEASE_NO="041-EWJ-1858-03-01-001-SINGLE" PAGE_ID="" PAGE_TYPE="Single" PAGE_WIDTH="842" PAGE_HEIGHT="1244" DEFAULT_IMG_EXT="png" PDF_DESTINATION_MAPPED="OLV0_Entity_0005_0002" IMAGES_RESOLUTION="86" XMD_VER="2.6.238.8" PAGE_LABEL="5"/>
	<Link SOURCE="041-EWJ-1858-03-01-001-SINGLE.PDF" FIRST_ID="Ar00200" LAST_ID="Ar07201" NEXT_ID="" PREV_ID="Ar00500" TOC_ID="d:/Olive/Repository/EWJ/1858/03/01/TOC.xml"/>
	<DataFiles>
		<Files TYPE="DOC_PDF" PRESENT="1"/>
		<Files TYPE="PAGE_PDF" PRESENT="0"/>
		<Files TYPE="DOC_IMG" PRESENT="0"/>
		<Files TYPE="PAGE_IMG" PRESENT="0"/>
		<Files TYPE="PAGE_VIEW_IMG" PRESENT="1"/>
		<Files TYPE="PAGE_PREVIEW_IMG" PRESENT="1"/>
		<Files TYPE="PRIMITIVE_IMG" PRESENT="1"/>
		<Files TYPE="SNIPPET_IMG" PRESENT="1"/>
	</DataFiles>
	<Content>
		<Primitive BOX="24 12 829 68" ID="Ar0050100" SEQ_NO="0" TOC_ENTRY_ID="8" DEPTH_LEVEL="1">
			<L BOX="212 23 777 60"/>
			<W BOX="212 25 253 60" STYLE_REF="13">THE</W>
			<W BOX="269 25 390 60" STYLE_REF="13">PROFESSION</W>
			<W BOX="412 24 438 59" STYLE_REF="13">OF</W>
			<W BOX="452 24 493 59" STYLE_REF="13">THE</W>
			<W BOX="510 24 604 58" STYLE_REF="13" NS="y">TEACHES</W>
			<W BOX="604 24 617 58" STYLE_REF="13">.</W>
			<W BOX="758 23 777 58" STYLE_REF="13">5</W>
		</Primitive>
	</Content>
	<TOC_Entries><TOC_Entry TOC_ENTRY_ID="12" TITLE="THE PROFESSION OF THE TEACHES. 5" ENTITY_ID_REF="Ar00501" PAGE_NO="5" PAGE_LABEL="5" PRIM_ID_REF="Ar0050100" IS_IC="true"/></TOC_Entries></XMD-entity>
