<?xml version="1.0" encoding="windows-1252" standalone="no"?>
<XMD-entity REPOSITORY_FORMAT="1.0" PRXML_VER="2.0" ENTITY_TYPE="Article" FIRST_TOC_ENTRY_ID="35" DEPTH_LEVEL="1" INDEX_IN_DOC="63" PAGE_NO="30" ID="Ar03000" BOX="24 82 829 1219" LANGUAGE="English" CONTINUATION_TO="Ar03100" CONTINUATION_FROM="Ar02900" LOGICAL_NAME="true">
	<Meta NAME="Considerable interest having been expres..." DESCRIPTION="" SUBTYPE="" BASE_HREF="EWJ/1858/03/01" SOURCE_TYPE="TIFF" PUBLICATION="EWJ" SECTION="None" ISSUE_DATE="01/03/1858" WORDCNT="933" RELEASE_NO="041-EWJ-1858-03-01-001-SINGLE" PAGE_ID="" PAGE_TYPE="Single" PAGE_WIDTH="842" PAGE_HEIGHT="1244" DEFAULT_IMG_EXT="png" PDF_DESTINATION_MAPPED="OLV0_Entity_0030_0001" IMAGES_RESOLUTION="86" XMD_VER="2.6.238.8" PAGE_LABEL="30"/>
	<Link SOURCE="041-EWJ-1858-03-01-001-SINGLE.PDF" FIRST_ID="Ar00200" LAST_ID="Ar07201" NEXT_ID="Ar03001" PREV_ID="" TOC_ID="d:/Olive/Repository/EWJ/1858/03/01/TOC.xml"/>
	<DataFiles>
		<Files TYPE="DOC_PDF" PRESENT="1"/>
		<Files TYPE="PAGE_PDF" PRESENT="0"/>
		<Files TYPE="DOC_IMG" PRESENT="0"/>
		<Files TYPE="PAGE_IMG" PRESENT="0"/>
		<Files TYPE="PAGE_VIEW_IMG" PRESENT="1"/>
		<Files TYPE="PAGE_PREVIEW_IMG" PRESENT="1"/>
		<Files TYPE="PRIMITIVE_IMG" PRESENT="1"/>
		<Files TYPE="SNIPPET_IMG" PRESENT="1"/>
	</DataFiles>
	<Content>
		<Primitive BOX="24 82 829 136" ID="Ar0300000" SEQ_NO="0" TOC_ENTRY_ID="35" DEPTH_LEVEL="1">
			<L BOX="58 83 775 113"/>
			<W BOX="58 83 128 108" STYLE_REF="14">longed</W>
			<W BOX="135 83 208 108" STYLE_REF="14">sojourn</W>
			<W BOX="217 83 281 108" STYLE_REF="14">where</W>
			<W BOX="289 83 345 108" STYLE_REF="14">every</W>
			<W BOX="352 83 400 109" STYLE_REF="9">hour</W>
			<Q BOX="405 83 467 110" STYLE_REF="9" QID="1">broug</Q>
			<q BOX="466 85 488 110" STYLE_REF="14" QID="1">ht</q>
			<QW QID="1">brought</QW>
			<W BOX="494 85 519 110" STYLE_REF="14">its</W>
			<W BOX="525 85 567 110" STYLE_REF="14">own</W>
			<W BOX="574 86 667 111" STYLE_REF="14" NS="y">irritation</W>
			<W BOX="667 86 674 111" STYLE_REF="14">.</W>
			<W BOX="688 87 707 112" STYLE_REF="14">It</W>
			<W BOX="715 87 775 113" STYLE_REF="14">seems</W>
			<L BOX="58 105 774 136"/>
			<W BOX="58 105 100 132" STYLE_REF="9">that</W>
			<W BOX="112 105 146 132" STYLE_REF="9">she</W>
			<Q BOX="157 105 170 132" STYLE_REF="9" QID="2">h</Q>
			<Q BOX="171 107 181 132" STYLE_REF="14" QID="2">a</Q>
			<q BOX="181 105 193 132" STYLE_REF="9" QID="2">d</q>
			<QW QID="2">had</QW>
			<Q BOX="204 106 216 133" STYLE_REF="9" QID="3">c</Q>
			<Q BOX="215 107 227 133" STYLE_REF="14" QID="3">o</Q>
			<q BOX="226 106 257 133" STYLE_REF="9" QID="3">me</q>
			<QW QID="3">come</QW>
			<W BOX="266 106 286 133" STYLE_REF="9">to</W>
			<W BOX="296 106 328 133" STYLE_REF="9">the</W>
			<Q BOX="341 106 377 133" STYLE_REF="9" QID="4">con</Q>
			<Q BOX="378 107 389 133" STYLE_REF="14" QID="4">c</Q>
			<q BOX="388 107 448 134" STYLE_REF="9" QID="4">lusion</q>
			<QW QID="4">conclusion</QW>
			<W BOX="461 108 502 135" STYLE_REF="9">that</W>
			<Q BOX="513 110 523 135" STYLE_REF="14" QID="5">s</Q>
			<q BOX="521 109 546 135" STYLE_REF="9" QID="5">he</q>
			<QW QID="5">she</QW>
			<Q BOX="559 109 595 136" STYLE_REF="9" QID="6">oug</Q>
			<q BOX="595 111 618 136" STYLE_REF="14" QID="6">ht</q>
			<QW QID="6">ought</QW>
			<W BOX="629 111 649 136" STYLE_REF="14">to</W>
			<W BOX="660 111 711 136" STYLE_REF="14">wear</W>
			<Q BOX="724 111 754 136" STYLE_REF="14" QID="7">wh</Q>
			<q BOX="755 111 774 136" STYLE_REF="14" QID="7">at</q>
			<QW QID="7">what</QW>
		</Primitive>
		<Primitive BOX="24 130 829 184" ID="Ar0300001" SEQ_NO="1" TOC_ENTRY_ID="35" DEPTH_LEVEL="1">
			<L BOX="57 130 774 162"/>
			<W BOX="57 130 97 156" STYLE_REF="14">was</W>
			<Q BOX="111 130 213 156" STYLE_REF="14" QID="8">technicall</Q>
			<q BOX="212 131 225 158" STYLE_REF="9" QID="8">y</q>
			<QW QID="8">technically</QW>
			<W BOX="237 130 309 157" STYLE_REF="9">termed</W>
			<W BOX="322 131 333 156" STYLE_REF="14">a</W>
			<W BOX="347 133 363 158" STYLE_REF="14" NS="y">"</W>
			<Q BOX="363 133 377 158" STYLE_REF="14" QID="9">p</Q>
			<Q BOX="377 131 385 157" STYLE_REF="9" QID="9">l</Q>
			<Q BOX="384 132 396 157" STYLE_REF="14" QID="9">a</Q>
			<q BOX="395 131 415 157" STYLE_REF="9" QID="9">in</q>
			<QW QID="9">plain</QW>
			<W BOX="429 131 481 158" STYLE_REF="9" NS="y">dress</W>
			<W BOX="483 133 489 158" STYLE_REF="14" NS="y">,</W>
			<W BOX="489 132 499 158" STYLE_REF="14">"</W>
			<Q BOX="513 134 536 159" STYLE_REF="14" QID="10">be</Q>
			<q BOX="537 134 592 159" STYLE_REF="14" QID="10">cause</q>
			<QW QID="10">because</QW>
			<Q BOX="606 135 620 160" STYLE_REF="14" QID="11">"</Q>
			<q BOX="620 135 640 160" STYLE_REF="14" QID="11">it</q>
			<QW QID="11">"it</QW>
			<W BOX="652 135 668 160" STYLE_REF="14">is</W>
			<W BOX="682 135 716 160" STYLE_REF="14">not</W>
			<Q BOX="728 135 759 160" STYLE_REF="14" QID="12">onl</Q>
			<q BOX="760 137 774 162" STYLE_REF="14" QID="12">y</q>
			<QW QID="12">only</QW>
			<L BOX="56 154 774 184"/>
			<W BOX="56 154 90 179" STYLE_REF="14">the</W>
			<W BOX="102 154 163 179" STYLE_REF="14">talent</W>
			<W BOX="174 154 192 180" STYLE_REF="14">of</W>
			<Q BOX="206 154 251 180" STYLE_REF="14" QID="13">mon</Q>
			<q BOX="251 155 274 180" STYLE_REF="14" NS="y" QID="13">ey</q>
			<QW QID="13">money</QW>
			<W BOX="274 155 280 180" STYLE_REF="14">,</W>
			<W BOX="294 154 328 181" STYLE_REF="9">but</W>
			<W BOX="341 154 359 181" STYLE_REF="9">of</W>
			<W BOX="373 154 419 181" STYLE_REF="9" NS="y">time</W>
			<W BOX="419 156 424 181" STYLE_REF="14">,</W>
			<W BOX="433 155 498 182" STYLE_REF="9">which</W>
			<W BOX="509 156 525 183" STYLE_REF="9">is</W>
			<Q BOX="539 156 582 183" STYLE_REF="9" QID="14">thro</Q>
			<Q BOX="582 157 599 182" STYLE_REF="14" QID="14">w</Q>
			<q BOX="600 157 613 183" STYLE_REF="9" QID="14">n</q>
			<QW QID="14">thrown</QW>
			<W BOX="626 157 679 184" STYLE_REF="9">away</W>
			<W BOX="692 159 719 184" STYLE_REF="14">by</W>
			<Q BOX="730 159 741 184" STYLE_REF="14" QID="15">c</Q>
			<Q BOX="741 159 766 184" STYLE_REF="14" QID="15">on</Q>
			<Q BOX="766 159 774 184" STYLE_REF="14" QID="15">-</Q>
		</Primitive>
		<Primitive BOX="24 177 829 231" ID="Ar0300002" SEQ_NO="2" TOC_ENTRY_ID="35" DEPTH_LEVEL="1">
			<L BOX="56 177 765 207"/>
			<q BOX="56 177 133 202" STYLE_REF="14" QID="15">formity</q>
			<QW QID="15">conformity</QW>
			<W BOX="140 178 158 203" STYLE_REF="14">to</W>
			<W BOX="167 178 200 203" STYLE_REF="14">the</W>
			<W BOX="204 178 265 203" STYLE_REF="14" NS="y">world</W>
			<W BOX="265 179 270 204" STYLE_REF="14">,</W>
			<Q BOX="276 178 345 203" STYLE_REF="14" QID="16">entang</Q>
			<q BOX="345 177 386 204" STYLE_REF="9" QID="16">ling</q>
			<QW QID="16">entangling</QW>
			<W BOX="394 178 416 205" STYLE_REF="9">us</W>
			<W BOX="424 178 444 205" STYLE_REF="9">in</W>
			<W BOX="453 178 464 205" STYLE_REF="9">a</W>
			<Q BOX="472 179 530 205" STYLE_REF="9" QID="17">thous</Q>
			<Q BOX="528 181 540 206" STYLE_REF="14" QID="17">a</Q>
			<q BOX="538 180 565 207" STYLE_REF="9" QID="17">nd</q>
			<QW QID="17">thousand</QW>
			<Q BOX="573 180 613 207" STYLE_REF="9" QID="18">littl</Q>
			<q BOX="613 181 623 206" STYLE_REF="14" QID="18">e</q>
			<QW QID="18">little</QW>
			<Q BOX="632 180 669 207" STYLE_REF="9" QID="19">eng</Q>
			<Q BOX="669 182 680 207" STYLE_REF="14" QID="19">a</Q>
			<q BOX="680 181 765 207" STYLE_REF="9" QID="19">gements</q>
			<QW QID="19">engagements</QW>
			<L BOX="767 184 774 209"/>
			<W BOX="767 184 774 209" STYLE_REF="14">,</W>
			<L BOX="55 200 771 231"/>
			<W BOX="55 201 120 226" STYLE_REF="14">which</W>
			<W BOX="132 201 143 226" STYLE_REF="14">a</W>
			<Q BOX="157 201 201 226" STYLE_REF="14" QID="20">dres</Q>
			<q BOX="201 201 210 227" STYLE_REF="14" QID="20">s</q>
			<QW QID="20">dress</QW>
			<Q BOX="224 201 292 227" STYLE_REF="14" QID="21">entirel</Q>
			<q BOX="292 200 305 228" STYLE_REF="5" QID="21">y</q>
			<QW QID="21">entirely</QW>
			<Q BOX="318 200 332 228" STYLE_REF="5" QID="22">p</Q>
			<Q BOX="332 202 351 227" STYLE_REF="14" QID="22">la</Q>
			<q BOX="351 202 371 227" STYLE_REF="14" QID="22">in</q>
			<QW QID="22">plain</QW>
			<W BOX="384 202 426 227" STYLE_REF="14">cuts</W>
			<Q BOX="439 203 508 228" STYLE_REF="14" QID="23">throug</Q>
			<q BOX="507 204 520 229" STYLE_REF="14" QID="23">h</q>
			<QW QID="23">through</QW>
			<W BOX="533 204 553 229" STYLE_REF="14">at</W>
			<W BOX="566 204 613 229" STYLE_REF="14" NS="y">once</W>
			<W BOX="613 204 619 229" STYLE_REF="14" NS="y">.</W>
			<W BOX="621 204 631 229" STYLE_REF="14">"</W>
			<W BOX="657 206 691 231" STYLE_REF="14">We</W>
			<Q BOX="703 206 714 231" STYLE_REF="14" QID="24">c</Q>
			<q BOX="714 206 771 231" STYLE_REF="14" QID="24">annot</q>
			<QW QID="24">cannot</QW>
		</Primitive>
		<Primitive BOX="24 223 829 278" ID="Ar0300003" SEQ_NO="3" TOC_ENTRY_ID="35" DEPTH_LEVEL="1">
			<L BOX="55 223 772 255"/>
			<Q BOX="55 223 90 250" STYLE_REF="9" QID="25">refr</Q>
			<Q BOX="92 224 104 249" STYLE_REF="14" QID="25">a</Q>
			<q BOX="103 223 124 250" STYLE_REF="9" QID="25">in</q>
			<QW QID="25">refrain</QW>
			<Q BOX="136 223 144 250" STYLE_REF="9" QID="26">f</Q>
			<Q BOX="146 224 153 249" STYLE_REF="14" QID="26">r</Q>
			<q BOX="154 224 184 250" STYLE_REF="9" QID="26">om</q>
			<QW QID="26">from</QW>
			<Q BOX="196 225 210 252" STYLE_REF="9" QID="27">g</Q>
			<q BOX="209 224 263 250" STYLE_REF="9" QID="27">iving</q>
			<QW QID="27">giving</QW>
			<W BOX="274 225 309 251" STYLE_REF="9">our</W>
			<Q BOX="321 225 376 251" STYLE_REF="9" QID="28">reade</Q>
			<Q BOX="376 226 386 251" STYLE_REF="14" QID="28">r</Q>
			<q BOX="386 225 395 251" STYLE_REF="9" QID="28">s</q>
			<QW QID="28">readers</QW>
			<W BOX="408 225 441 251" STYLE_REF="9">the</W>
			<W BOX="454 226 514 253" STYLE_REF="9">entire</W>
			<W BOX="527 227 579 254" STYLE_REF="9">story</W>
			<W BOX="592 228 610 254" STYLE_REF="9">of</W>
			<W BOX="624 228 658 254" STYLE_REF="9">her</W>
			<Q BOX="671 228 707 255" STYLE_REF="9" QID="29">dep</Q>
			<Q BOX="708 229 719 254" STYLE_REF="14" QID="29">a</Q>
			<Q BOX="719 228 737 255" STYLE_REF="9" QID="29">rt</Q>
			<Q BOX="737 229 750 254" STYLE_REF="14" QID="29">u</Q>
			<q BOX="751 229 772 255" STYLE_REF="9" QID="29">re</q>
			<QW QID="29">departure</QW>
			<L BOX="54 248 769 278"/>
			<Q BOX="54 248 62 273" STYLE_REF="14" QID="30">f</Q>
			<q BOX="62 248 101 273" STYLE_REF="14" QID="30">rom</q>
			<QW QID="30">from</QW>
			<W BOX="114 248 168 273" STYLE_REF="14" NS="y">home</W>
			<W BOX="169 249 174 274" STYLE_REF="14">.</W>
			<W BOX="200 249 217 274" STYLE_REF="14">It</W>
			<W BOX="227 249 244 274" STYLE_REF="14">is</W>
			<W BOX="254 249 302 274" STYLE_REF="14">very</W>
			<W BOX="310 249 402 274" STYLE_REF="14" NS="y">touching</W>
			<W BOX="407 250 412 275" STYLE_REF="14">;</W>
			<W BOX="426 250 442 275" STYLE_REF="14">it</W>
			<W BOX="453 251 471 276" STYLE_REF="14">is</W>
			<W BOX="482 251 533 276" STYLE_REF="14">what</W>
			<W BOX="546 252 596 277" STYLE_REF="14">must</W>
			<Q BOX="608 252 620 277" STYLE_REF="14" QID="31">h</Q>
			<q BOX="623 252 657 277" STYLE_REF="14" QID="31">ave</q>
			<QW QID="31">have</QW>
			<W BOX="669 253 769 278" STYLE_REF="14">happened</W>
		</Primitive>
		<Primitive BOX="24 272 829 325" ID="Ar0300004" SEQ_NO="4" TOC_ENTRY_ID="35" DEPTH_LEVEL="1">
			<L BOX="53 272 769 302"/>
			<W BOX="53 272 97 297" STYLE_REF="14">over</W>
			<W BOX="111 272 146 297" STYLE_REF="14">and</W>
			<W BOX="158 272 203 297" STYLE_REF="14">over</W>
			<Q BOX="215 273 239 298" STYLE_REF="14" QID="32">ag</Q>
			<q BOX="239 273 270 298" STYLE_REF="14" QID="32">ain</q>
			<QW QID="32">again</QW>
			<W BOX="281 273 302 298" STYLE_REF="14">in</W>
			<W BOX="313 273 346 298" STYLE_REF="14">the</W>
			<W BOX="358 274 413 299" STYLE_REF="14">times</W>
			<W BOX="425 274 443 299" STYLE_REF="14">of</W>
			<W BOX="456 274 490 299" STYLE_REF="14">the</W>
			<Q BOX="501 275 539 300" STYLE_REF="14" QID="33">earl</Q>
			<q BOX="540 275 553 301" STYLE_REF="9" QID="33">y</q>
			<QW QID="33">early</QW>
			<W BOX="566 275 636 301" STYLE_REF="9" NS="y">church</W>
			<W BOX="637 277 642 302" STYLE_REF="14">,</W>
			<Q BOX="655 277 666 302" STYLE_REF="14" QID="34">a</Q>
			<q BOX="665 275 692 302" STYLE_REF="9" QID="34">nd</q>
			<QW QID="34">and</QW>
			<W BOX="705 275 723 302" STYLE_REF="9">of</W>
			<W BOX="736 275 769 302" STYLE_REF="9">the</W>
			<L BOX="52 292 767 325"/>
			<Q BOX="52 292 97 320" STYLE_REF="5" QID="35">Eng</Q>
			<q BOX="96 295 133 320" STYLE_REF="14" QID="35">lish</q>
			<QW QID="35">English</QW>
			<Q BOX="146 295 220 320" STYLE_REF="14" QID="36">Reform</Q>
			<q BOX="221 296 272 321" STYLE_REF="14" NS="y" QID="36">ation</q>
			<QW QID="36">Reformation</QW>
			<W BOX="274 297 279 322" STYLE_REF="14">,</W>
			<W BOX="293 296 330 321" STYLE_REF="14">and</W>
			<W BOX="344 296 363 321" STYLE_REF="14">at</W>
			<W BOX="378 297 402 322" STYLE_REF="14">all</W>
			<W BOX="419 298 475 323" STYLE_REF="14">times</W>
			<W BOX="491 298 508 323" STYLE_REF="14">of</W>
			<Q BOX="524 298 559 323" STYLE_REF="14" QID="37">reli</Q>
			<Q BOX="561 300 574 325" STYLE_REF="14" QID="37">g</Q>
			<q BOX="573 298 614 324" STYLE_REF="9" QID="37">ious</q>
			<QW QID="37">religious</QW>
			<Q BOX="631 299 641 324" STYLE_REF="14" QID="38">r</Q>
			<q BOX="641 298 703 325" STYLE_REF="9" NS="y" QID="38">evival</q>
			<QW QID="38">revival</QW>
			<W BOX="708 300 713 325" STYLE_REF="14">;</W>
			<W BOX="731 300 767 325" STYLE_REF="14">and</W>
		</Primitive>
		<Primitive BOX="24 319 829 368" ID="Ar0300005" SEQ_NO="5" TOC_ENTRY_ID="35" DEPTH_LEVEL="1">
			<L BOX="52 319 768 351"/>
			<W BOX="52 319 152 344" STYLE_REF="14">according</W>
			<W BOX="159 320 180 345" STYLE_REF="14">to</W>
			<W BOX="187 320 238 345" STYLE_REF="14">their</W>
			<W BOX="249 320 292 345" STYLE_REF="14">own</W>
			<W BOX="303 320 358 345" STYLE_REF="14">belief</W>
			<W BOX="372 320 418 345" STYLE_REF="14">they</W>
			<Q BOX="425 321 434 346" STYLE_REF="14" QID="39">"</Q>
			<q BOX="434 321 465 346" STYLE_REF="14" QID="39">will</q>
			<QW QID="39">"will</QW>
			<W BOX="475 322 587 348" STYLE_REF="14">sympathise</W>
			<W BOX="596 323 645 348" STYLE_REF="14">with</W>
			<W BOX="652 323 685 348" STYLE_REF="14">the</W>
			<Q BOX="693 323 739 348" STYLE_REF="14" QID="40">wort</Q>
			<Q BOX="741 324 752 349" STYLE_REF="14" QID="40">h</Q>
			<q BOX="754 326 768 351" STYLE_REF="14" QID="40">y</q>
			<QW QID="40">worthy</QW>
			<L BOX="51 343 397 368"/>
			<Q BOX="51 343 75 368" STYLE_REF="14" QID="41">pa</Q>
			<q BOX="76 343 128 368" STYLE_REF="14" QID="41">rents</q>
			<QW QID="41">parents</QW>
			<W BOX="136 343 157 368" STYLE_REF="14">or</W>
			<W BOX="165 343 199 368" STYLE_REF="14">the</W>
			<W BOX="207 343 329 368" STYLE_REF="14">enthusiastic</W>
			<W BOX="337 343 390 368" STYLE_REF="14" NS="y">child</W>
			<W BOX="390 343 397 368" STYLE_REF="14">.</W>
		</Primitive>
		<Primitive BOX="24 368 829 451" ID="Ar0300006" SEQ_NO="6" TOC_ENTRY_ID="35" DEPTH_LEVEL="1">
			<L BOX="50 373 769 454"/>
			<W BOX="50 410 142 435" STYLE_REF="14">entreating</W>
			<W BOX="50 429 73 454" STYLE_REF="14">for</W>
			<W BOX="51 391 103 416" STYLE_REF="14">father</W>
			<W BOX="74 373 84 399" STYLE_REF="14">"</W>
			<W BOX="90 373 116 399" STYLE_REF="14">As</W>
			<W BOX="115 391 211 416" STYLE_REF="14">concerning</W>
			<W BOX="125 373 163 399" STYLE_REF="14">soon</W>
			<W BOX="148 410 183 435" STYLE_REF="14">him</W>
			<W BOX="169 429 187 454" STYLE_REF="14">to</W>
			<W BOX="173 373 192 399" STYLE_REF="14">as</W>
			<W BOX="191 411 208 436" STYLE_REF="14">to</W>
			<W BOX="199 429 219 454" STYLE_REF="14">be</W>
			<W BOX="202 373 211 399" STYLE_REF="14">1</W>
			<W BOX="215 411 254 436" STYLE_REF="14">hear</W>
			<W BOX="220 373 254 399" STYLE_REF="14">saw</W>
			<W BOX="220 392 266 417" STYLE_REF="14">dress</W>
			<W BOX="230 429 322 454" STYLE_REF="14">conformed</W>
			<W BOX="262 411 303 436" STYLE_REF="14">with</W>
			<W BOX="265 373 295 399" STYLE_REF="14">my</W>
			<W BOX="266 393 271 418" STYLE_REF="14">,</W>
			<W BOX="284 392 302 418" STYLE_REF="14">as</W>
			<W BOX="303 373 341 399" STYLE_REF="14">way</W>
			<W BOX="311 411 337 436" STYLE_REF="14">me</W>
			<W BOX="311 392 320 418" STYLE_REF="14">I</W>
			<W BOX="330 392 361 418" STYLE_REF="14">had</W>
			<W BOX="334 429 352 454" STYLE_REF="14">to</W>
			<W BOX="346 411 395 436" STYLE_REF="14">while</W>
			<W BOX="351 373 400 399" STYLE_REF="14">clearl</W>
			<W BOX="364 429 393 454" STYLE_REF="14">the</W>
			<W BOX="374 393 414 418" STYLE_REF="14">done</W>
			<W BOX="400 375 412 400" STYLE_REF="14">y</W>
			<W BOX="401 411 409 436" STYLE_REF="14">I</W>
			<W BOX="412 375 418 400" STYLE_REF="14">,</W>
			<W BOX="417 412 500 437" STYLE_REF="14">endeavou</W>
			<W BOX="425 393 478 418" STYLE_REF="14">before</W>
			<W BOX="426 375 435 400" STYLE_REF="14">I</W>
			<W BOX="442 375 493 400" STYLE_REF="14">ventu</W>
			<W BOX="490 394 529 419" STYLE_REF="14">with</W>
			<W BOX="494 376 520 401" STYLE_REF="14">red</W>
			<Q BOX="501 412 517 438" STYLE_REF="14" QID="42">re</Q>
			<q BOX="518 413 527 438" STYLE_REF="14" QID="42">d</q>
			<QW QID="42">red</QW>
			<W BOX="533 376 551 401" STYLE_REF="14">to</W>
			<W BOX="539 413 557 438" STYLE_REF="14">to</W>
			<W BOX="543 395 596 420" STYLE_REF="14">regard</W>
			<W BOX="564 377 603 402" STYLE_REF="14">open</W>
			<W BOX="568 413 612 438" STYLE_REF="14">show</W>
			<W BOX="606 395 625 420" STYLE_REF="14">to</W>
			<W BOX="614 377 643 402" STYLE_REF="14">my</W>
			<W BOX="620 414 654 439" STYLE_REF="14">him</W>
			<W BOX="634 395 689 420" STYLE_REF="14">public</W>
			<W BOX="653 377 700 402" STYLE_REF="14">mind</W>
			<W BOX="662 414 691 440" STYLE_REF="14">my</W>
			<W BOX="699 414 754 440" STYLE_REF="14">reason</W>
			<W BOX="701 397 713 422" STYLE_REF="14">p</W>
			<W BOX="710 377 727 402" STYLE_REF="14">to</W>
			<W BOX="713 396 755 422" STYLE_REF="14">laces</W>
			<W BOX="736 378 763 403" STYLE_REF="24">my</W>
			<W BOX="756 416 766 441" STYLE_REF="14">s</W>
			<W BOX="761 397 769 422" STYLE_REF="14">;</W>
		</Primitive>
		<Primitive BOX="24 439 829 507" ID="Ar0300007" SEQ_NO="7" TOC_ENTRY_ID="35" DEPTH_LEVEL="1">
			<L BOX="85 429 763 458"/>
			<W BOX="85 429 158 454" STYLE_REF="14">refusing</W>
			<Q BOX="404 430 478 455" STYLE_REF="14" QID="43">customs</Q>
			<Q BOX="491 432 554 457" STYLE_REF="14" QID="43">fashion</Q>
			<Q BOX="554 432 564 457" STYLE_REF="14" QID="43">s</Q>
			<q BOX="579 433 611 458" STYLE_REF="14" QID="43">and</q>
			<QW QID="43">customsfashionsand</QW>
			<W BOX="625 433 696 458" STYLE_REF="14">maxims</W>
			<W BOX="706 433 723 458" STYLE_REF="14">of</W>
			<W BOX="735 433 763 458" STYLE_REF="14">the</W>
			<L BOX="50 432 762 478"/>
			<W BOX="50 447 101 472" STYLE_REF="14" NS="y">world</W>
			<W BOX="101 447 107 472" STYLE_REF="14">.</W>
			<W BOX="129 447 155 472" STYLE_REF="14">He</W>
			<W BOX="167 447 218 473" STYLE_REF="14">heard</W>
			<W BOX="229 448 256 473" STYLE_REF="14">me</W>
			<W BOX="262 448 304 473" STYLE_REF="14">with</W>
			<W BOX="314 449 357 474" STYLE_REF="14">great</W>
			<W BOX="369 449 442 474" STYLE_REF="14" NS="y">patience</W>
			<W BOX="447 450 452 475" STYLE_REF="14">;</W>
			<W BOX="464 450 496 475" STYLE_REF="14">and</W>
			<W BOX="478 432 483 457" STYLE_REF="14">,</W>
			<W BOX="506 450 523 475" STYLE_REF="14">as</W>
			<W BOX="532 450 540 475" STYLE_REF="14">I</W>
			<W BOX="551 451 597 476" STYLE_REF="14">loved</W>
			<W BOX="563 433 568 458" STYLE_REF="14">,</W>
			<W BOX="611 451 646 476" STYLE_REF="14">him</W>
			<Q BOX="660 451 722 476" STYLE_REF="14" QID="44">tenderl</Q>
			<q BOX="722 453 734 478" STYLE_REF="14" NS="y" QID="44">y</q>
			<QW QID="44">tenderly</QW>
			<W BOX="734 453 739 478" STYLE_REF="14">,</W>
			<W BOX="749 453 762 478" STYLE_REF="14">it</W>
			<L BOX="48 466 764 515"/>
			<W BOX="48 484 60 510" STYLE_REF="14">p</W>
			<W BOX="49 466 94 491" STYLE_REF="14">came</W>
			<W BOX="60 484 107 509" STYLE_REF="14">lexed</W>
			<W BOX="101 466 141 491" STYLE_REF="14">very</W>
			<W BOX="116 484 135 510" STYLE_REF="14">to</W>
			<W BOX="144 485 193 510" STYLE_REF="14">know</W>
			<W BOX="148 466 187 491" STYLE_REF="14">near</W>
			<W BOX="199 466 225 491" STYLE_REF="14">me</W>
			<W BOX="200 485 236 510" STYLE_REF="14">how</W>
			<W BOX="238 466 256 491" STYLE_REF="14">to</W>
			<W BOX="244 485 268 510" STYLE_REF="14">far</W>
			<W BOX="268 466 326 491" STYLE_REF="14">oppose</W>
			<W BOX="280 485 298 510" STYLE_REF="14">to</W>
			<W BOX="309 485 379 510" STYLE_REF="14">conform</W>
			<W BOX="338 466 374 491" STYLE_REF="14" NS="y">him</W>
			<W BOX="374 466 379 491" STYLE_REF="14">.</W>
			<W BOX="396 486 429 512" STYLE_REF="14">and</W>
			<Q BOX="401 468 420 493" STYLE_REF="14" QID="45">M</Q>
			<q BOX="420 468 432 493" STYLE_REF="14" QID="45">y</q>
			<QW QID="45">My</QW>
			<W BOX="439 486 477 512" STYLE_REF="14">how</W>
			<W BOX="442 468 488 493" STYLE_REF="14">trials</W>
			<W BOX="485 486 508 512" STYLE_REF="14">far</W>
			<W BOX="501 469 581 494" STYLE_REF="14">increased</W>
			<W BOX="519 487 537 512" STYLE_REF="14">to</W>
			<W BOX="545 488 592 513" STYLE_REF="14" NS="y">resist</W>
			<W BOX="592 488 597 513" STYLE_REF="14">.</W>
			<W BOX="594 469 626 494" STYLE_REF="14">dail</W>
			<W BOX="620 488 630 513" STYLE_REF="14">1</W>
			<W BOX="627 470 640 495" STYLE_REF="14">y</W>
			<W BOX="638 488 689 514" STYLE_REF="14">feared</W>
			<W BOX="640 470 646 495" STYLE_REF="14">.</W>
			<W BOX="666 470 675 495" STYLE_REF="14">I</W>
			<W BOX="683 470 717 495" STYLE_REF="14">was</W>
			<W BOX="705 490 726 515" STYLE_REF="14">on</W>
			<W BOX="726 471 755 496" STYLE_REF="14">per</W>
			<W BOX="733 490 762 515" STYLE_REF="14">the</W>
			<Q BOX="756 471 764 496" STYLE_REF="14" QID="46">-</Q>
		</Primitive>
		<Primitive BOX="24 495 829 569" ID="Ar0300008" SEQ_NO="8" TOC_ENTRY_ID="35" DEPTH_LEVEL="1">
			<L BOX="48 487 761 533"/>
			<q BOX="48 503 79 528" STYLE_REF="14" QID="46">one</q>
			<QW QID="46">one</QW>
			<Q BOX="86 503 118 528" STYLE_REF="14" QID="47">han</Q>
			<q BOX="120 503 130 528" STYLE_REF="14" NS="y" QID="47">d</q>
			<QW QID="47">hand</QW>
			<W BOX="131 504 136 529" STYLE_REF="14">,</W>
			<Q BOX="144 503 215 528" STYLE_REF="14" QID="48">disobedi</Q>
			<q BOX="216 503 254 528" STYLE_REF="14" QID="48">ence</q>
			<QW QID="48">disobedience</QW>
			<W BOX="262 503 280 528" STYLE_REF="14">to</W>
			<W BOX="287 503 317 528" STYLE_REF="14">my</W>
			<Q BOX="323 504 361 530" STYLE_REF="14" QID="49">pare</Q>
			<Q BOX="362 504 371 530" STYLE_REF="14" QID="49">n</Q>
			<q BOX="373 504 388 530" STYLE_REF="14" QID="49">ts</q>
			<QW QID="49">parents</QW>
			<W BOX="381 487 386 512" STYLE_REF="14">,</W>
			<W BOX="394 504 399 530" STYLE_REF="14">;</W>
			<W BOX="410 504 442 530" STYLE_REF="14">and</W>
			<W BOX="449 504 470 530" STYLE_REF="14">on</W>
			<W BOX="479 506 506 531" STYLE_REF="14">the</W>
			<Q BOX="514 506 561 531" STYLE_REF="14" QID="50">other</Q>
			<q BOX="574 507 685 532" STYLE_REF="14" QID="50">disobedience</q>
			<QW QID="50">otherdisobedience</QW>
			<W BOX="692 489 697 514" STYLE_REF="14">,</W>
			<W BOX="693 508 710 533" STYLE_REF="14">to</W>
			<W BOX="718 508 755 533" STYLE_REF="14" NS="y">God</W>
			<W BOX="756 508 761 533" STYLE_REF="14">.</W>
			<L BOX="47 508 762 570"/>
			<W BOX="47 540 112 565" STYLE_REF="14">require</W>
			<W BOX="70 522 80 547" STYLE_REF="14">"</W>
			<W BOX="85 522 121 547" STYLE_REF="14">One</W>
			<W BOX="122 541 137 566" STYLE_REF="14">of</W>
			<W BOX="132 522 164 547" STYLE_REF="14">day</W>
			<W BOX="175 522 205 547" STYLE_REF="14">my</W>
			<W BOX="198 541 234 566" STYLE_REF="14">that</W>
			<W BOX="216 522 269 547" STYLE_REF="14">father</W>
			<Q BOX="246 541 261 566" STYLE_REF="14" QID="51">is</Q>
			<q BOX="278 541 315 566" STYLE_REF="14" QID="51">that</q>
			<QW QID="51">isthat</QW>
			<W BOX="281 522 315 547" STYLE_REF="14">said</W>
			<W BOX="327 522 343 547" STYLE_REF="14">to</W>
			<W BOX="354 523 380 548" STYLE_REF="14">me</W>
			<W BOX="365 541 398 566" STYLE_REF="14">will</W>
			<W BOX="381 524 385 549" STYLE_REF="14">,</W>
			<W BOX="398 525 402 550" STYLE_REF="14">'</W>
			<W BOX="408 542 457 567" STYLE_REF="14">never</W>
			<W BOX="408 524 460 549" STYLE_REF="14">There</W>
			<W BOX="468 524 483 549" STYLE_REF="14">is</W>
			<W BOX="493 524 503 549" STYLE_REF="14">a</W>
			<W BOX="513 525 600 550" STYLE_REF="14">particular</W>
			<W BOX="546 543 618 569" STYLE_REF="14">occasion</W>
			<W BOX="561 508 566 533" STYLE_REF="14">,</W>
			<W BOX="609 525 680 551" STYLE_REF="14">promise</W>
			<W BOX="635 545 687 570" STYLE_REF="14">either</W>
			<W BOX="686 527 739 552" STYLE_REF="14">which</W>
			<W BOX="751 527 762 552" STYLE_REF="14">I</W>
		</Primitive>
		<Primitive BOX="24 557 829 608" ID="Ar0300009" SEQ_NO="9" TOC_ENTRY_ID="35" DEPTH_LEVEL="1">
			<L BOX="46 541 761 590"/>
			<W BOX="46 559 125 584" STYLE_REF="14" NS="y">hereafter</W>
			<W BOX="127 560 131 585" STYLE_REF="14">,</W>
			<W BOX="146 560 216 585" STYLE_REF="14">attempt</W>
			<W BOX="148 541 181 566" STYLE_REF="14" NS="y">you</W>
			<W BOX="182 541 187 566" STYLE_REF="14">,</W>
			<W BOX="230 560 248 585" STYLE_REF="14">to</W>
			<W BOX="260 542 265 567" STYLE_REF="14">,</W>
			<W BOX="262 560 311 585" STYLE_REF="14">make</W>
			<W BOX="323 541 357 566" STYLE_REF="14">you</W>
			<W BOX="324 560 366 585" STYLE_REF="14">your</W>
			<W BOX="380 560 453 585" STYLE_REF="14">brothers</W>
			<W BOX="458 543 463 568" STYLE_REF="14">,</W>
			<W BOX="466 562 510 587" STYLE_REF="14">what</W>
			<W BOX="474 543 494 569" STYLE_REF="14">on</W>
			<W BOX="504 543 536 569" STYLE_REF="14">any</W>
			<W BOX="524 562 558 587" STYLE_REF="14">you</W>
			<W BOX="569 562 600 587" STYLE_REF="14">call</W>
			<W BOX="613 562 623 587" STYLE_REF="14">a</W>
			<W BOX="619 545 624 570" STYLE_REF="14">,</W>
			<W BOX="626 556 631 581" STYLE_REF="14">*</W>
			<W BOX="636 564 719 589" STYLE_REF="14">Christian</W>
			<W BOX="698 545 734 570" STYLE_REF="14">now</W>
			<W BOX="719 564 725 589" STYLE_REF="14" NS="y">.</W>
			<W BOX="724 563 729 590" STYLE_REF="9" NS="y">'</W>
			<S S_TYPE="SUP">
				<W BOX="742 545 759 571" STYLE_REF="14">or</W>
			</S>
			<W BOX="750 563 761 590" STYLE_REF="9">I</W>
			<L BOX="46 578 758 608"/>
			<W BOX="46 578 129 603" STYLE_REF="14">answered</W>
			<W BOX="136 578 144 603" STYLE_REF="14" NS="y">(</W>
			<W BOX="144 578 210 603" STYLE_REF="14">looking</W>
			<W BOX="218 578 235 603" STYLE_REF="14">to</W>
			<W BOX="243 578 272 603" STYLE_REF="14">the</W>
			<W BOX="279 578 323 604" STYLE_REF="14" NS="y">Lord</W>
			<W BOX="323 578 331 604" STYLE_REF="14" NS="y">)</W>
			<W BOX="345 579 350 604" STYLE_REF="14">'</W>
			<W BOX="356 579 365 604" STYLE_REF="14">I</W>
			<Q BOX="373 579 422 604" STYLE_REF="14" QID="52">think</Q>
			<Q BOX="436 580 458 605" STYLE_REF="14" QID="52">sir</Q>
			<q BOX="472 580 481 606" STYLE_REF="14" QID="52">I</q>
			<QW QID="52">thinksirI</QW>
			<W BOX="488 580 524 606" STYLE_REF="14">dare</W>
			<W BOX="533 580 562 606" STYLE_REF="14">not</W>
			<W BOX="631 582 637 607" STYLE_REF="14">t</W>
			<W BOX="645 582 662 607" STYLE_REF="14">to</W>
			<W BOX="669 582 709 607" STYLE_REF="14" NS="y">that</W>
			<W BOX="709 582 716 607" STYLE_REF="14">/</W>
			<W BOX="732 582 758 608" STYLE_REF="14">He</W>
		</Primitive>
		<Primitive BOX="24 596 829 645" ID="Ar0300010" SEQ_NO="10" TOC_ENTRY_ID="35" DEPTH_LEVEL="1">
			<L BOX="46 578 752 627"/>
			<Q BOX="46 596 75 621" STYLE_REF="14" QID="53">rep</Q>
			<q BOX="75 596 107 621" STYLE_REF="14" NS="y" QID="53">lied</q>
			<QW QID="53">replied</QW>
			<W BOX="108 597 113 622" STYLE_REF="14">,</W>
			<W BOX="122 598 126 623" STYLE_REF="14">'</W>
			<W BOX="133 597 178 622" STYLE_REF="14">Then</W>
			<W BOX="187 597 219 622" STYLE_REF="14">you</W>
			<W BOX="227 597 269 622" STYLE_REF="14">force</W>
			<W BOX="277 597 305 622" STYLE_REF="14">me</W>
			<W BOX="312 597 329 622" STYLE_REF="14">to</W>
			<W BOX="331 578 336 604" STYLE_REF="14">,</W>
			<W BOX="335 598 366 623" STYLE_REF="14">put</W>
			<W BOX="374 598 405 623" STYLE_REF="14">you</W>
			<W BOX="414 598 443 623" STYLE_REF="14">out</W>
			<W BOX="423 580 428 605" STYLE_REF="14">,</W>
			<W BOX="451 599 467 624" STYLE_REF="14">of</W>
			<W BOX="459 581 463 606" STYLE_REF="14">,</W>
			<W BOX="475 599 506 624" STYLE_REF="24">my</W>
			<W BOX="511 599 563 624" STYLE_REF="14" NS="y">house</W>
			<W BOX="564 599 569 624" STYLE_REF="14" NS="y">.</W>
			<W BOX="569 600 573 625" STYLE_REF="14">'</W>
			<W BOX="570 581 627 606" STYLE_REF="14">consen</W>
			<W BOX="595 600 603 625" STYLE_REF="14">I</W>
			<Q BOX="610 600 694 625" STYLE_REF="14" QID="54">answered</Q>
			<q BOX="709 602 713 627" STYLE_REF="14" QID="54">'</q>
			<QW QID="54">answered'</QW>
			<Q BOX="718 602 734 627" STYLE_REF="14" QID="55">Y</Q>
			<q BOX="734 601 752 626" STYLE_REF="14" QID="55">es</q>
			<QW QID="55">Yes</QW>
			<L BOX="46 602 759 645"/>
			<Q BOX="46 615 68 640" STYLE_REF="14" QID="56">sir</Q>
			<q BOX="81 615 167 641" STYLE_REF="14" QID="56">according</q>
			<QW QID="56">siraccording</QW>
			<W BOX="178 615 196 641" STYLE_REF="14">to</W>
			<W BOX="262 615 313 641" STYLE_REF="14">views</W>
			<W BOX="322 615 337 641" STYLE_REF="14">of</W>
			<Q BOX="350 616 406 641" STYLE_REF="14" QID="57">things</Q>
			<q BOX="421 617 430 642" STYLE_REF="14" QID="57">I</q>
			<QW QID="57">thingsI</QW>
			<Q BOX="440 617 532 642" STYLE_REF="14" QID="58">acknowled</Q>
			<Q BOX="562 619 579 644" STYLE_REF="14" QID="58">it</Q>
			<q BOX="596 619 629 644" STYLE_REF="14" QID="58">and</q>
			<QW QID="58">acknowleditand</QW>
			<W BOX="640 619 652 644" STYLE_REF="14">if</W>
			<W BOX="661 619 670 644" STYLE_REF="14">I</W>
			<W BOX="695 602 700 627" STYLE_REF="14">,</W>
			<W BOX="726 620 757 645" STYLE_REF="14">but</W>
			<W BOX="752 602 759 627" STYLE_REF="14">,</W>
		</Primitive>
		<Primitive BOX="24 633 829 675" ID="Ar0300011" SEQ_NO="11" TOC_ENTRY_ID="35" DEPTH_LEVEL="1">
			<L BOX="45 615 756 663"/>
			<W BOX="45 633 88 658" STYLE_REF="14">have</W>
			<W BOX="68 616 73 641" STYLE_REF="14">,</W>
			<W BOX="94 634 136 659" STYLE_REF="14">your</W>
			<W BOX="143 634 220 659" STYLE_REF="14">approval</W>
			<W BOX="208 615 250 641" STYLE_REF="14">your</W>
			<W BOX="228 634 249 659" STYLE_REF="14">no</W>
			<W BOX="257 634 333 659" STYLE_REF="14">situation</W>
			<W BOX="342 635 377 660" STYLE_REF="14">will</W>
			<W BOX="384 635 404 660" STYLE_REF="14">be</W>
			<W BOX="406 617 411 642" STYLE_REF="14">,</W>
			<W BOX="411 635 518 661" STYLE_REF="14" NS="y">disagreeable</W>
			<W BOX="518 635 524 661" STYLE_REF="14" NS="y">.</W>
			<W BOX="525 636 529 661" STYLE_REF="14">'</W>
			<W BOX="533 619 553 644" STYLE_REF="14">ge</W>
			<W BOX="551 637 577 662" STYLE_REF="14">He</W>
			<W BOX="579 619 585 644" STYLE_REF="14">;</W>
			<W BOX="583 637 642 662" STYLE_REF="14" NS="y">replied</W>
			<W BOX="660 637 665 662" STYLE_REF="14">*</W>
			<W BOX="671 638 694 663" STYLE_REF="14">Th</W>
			<W BOX="679 620 719 645" STYLE_REF="14">may</W>
			<W BOX="697 638 722 663" STYLE_REF="14">ere</W>
			<W BOX="730 638 756 663" STYLE_REF="14">are</W>
			<L BOX="44 639 757 682"/>
			<W BOX="44 652 96 677" STYLE_REF="14">many</W>
			<W BOX="103 652 161 677" STYLE_REF="14">things</W>
			<W BOX="173 653 190 678" STYLE_REF="14">in</W>
			<W BOX="201 653 243 678" STYLE_REF="14">your</W>
			<W BOX="253 653 318 678" STYLE_REF="14">present</W>
			<W BOX="330 653 408 678" STYLE_REF="14">situation</W>
			<W BOX="416 654 468 679" STYLE_REF="14">which</W>
			<W BOX="481 655 525 680" STYLE_REF="14">must</W>
			<Q BOX="535 655 556 680" STYLE_REF="14" QID="59">be</Q>
			<q BOX="569 656 577 681" STYLE_REF="14" QID="59">I</q>
			<QW QID="59">beI</QW>
			<Q BOX="585 656 603 681" STYLE_REF="14" QID="60">sh</Q>
			<q BOX="604 656 643 681" STYLE_REF="14" QID="60">ould</q>
			<QW QID="60">should</QW>
			<W BOX="645 639 650 664" STYLE_REF="14">,</W>
			<Q BOX="654 656 700 681" STYLE_REF="14" QID="61">think</Q>
			<q BOX="717 657 757 682" STYLE_REF="14" QID="61">very</q>
			<QW QID="61">thinkvery</QW>
		</Primitive>
		<Primitive BOX="24 663 829 720" ID="Ar0300012" SEQ_NO="12" TOC_ENTRY_ID="35" DEPTH_LEVEL="1">
			<L BOX="43 657 754 720"/>
			<W BOX="43 690 64 715" STYLE_REF="14">he</W>
			<W BOX="44 671 173 696" STYLE_REF="14">uncomfortable</W>
			<W BOX="71 690 152 715" STYLE_REF="14">approved</W>
			<W BOX="163 690 179 715" STYLE_REF="14">of</W>
			<W BOX="173 671 179 696" STYLE_REF="14" NS="y">.</W>
			<W BOX="179 672 183 697" STYLE_REF="14">'</W>
			<W BOX="189 690 218 715" STYLE_REF="14">my</W>
			<W BOX="207 672 246 697" STYLE_REF="14">This</W>
			<W BOX="229 690 300 715" STYLE_REF="14">removal</W>
			<W BOX="254 672 263 697" STYLE_REF="14">I</W>
			<W BOX="270 672 364 697" STYLE_REF="14">acknowled</W>
			<W BOX="314 691 322 716" STYLE_REF="14">I</W>
			<W BOX="330 691 384 716" STYLE_REF="14">would</W>
			<W BOX="364 672 394 698" STYLE_REF="14">ged</W>
			<W BOX="393 691 431 716" STYLE_REF="14">take</W>
			<W BOX="395 673 400 698" STYLE_REF="14">,</W>
			<W BOX="408 673 439 698" STYLE_REF="14">and</W>
			<W BOX="438 692 447 717" STYLE_REF="14">a</W>
			<W BOX="447 673 499 698" STYLE_REF="14">added</W>
			<Q BOX="454 692 481 717" STYLE_REF="14" QID="62">lod</Q>
			<q BOX="493 692 520 717" STYLE_REF="14" QID="62">ing</q>
			<QW QID="62">loding</QW>
			<W BOX="501 675 505 700" STYLE_REF="14">,</W>
			<W BOX="510 674 545 699" STYLE_REF="14">that</W>
			<W BOX="528 693 579 718" STYLE_REF="14">which</W>
			<W BOX="546 674 551 700" STYLE_REF="14">,</W>
			<W BOX="556 657 561 682" STYLE_REF="14">,</W>
			<W BOX="561 676 565 701" STYLE_REF="14">'</W>
			<W BOX="571 675 585 700" STYLE_REF="14">If</W>
			<W BOX="587 693 596 718" STYLE_REF="14">I</W>
			<W BOX="594 675 615 700" STYLE_REF="14">he</W>
			<W BOX="604 693 653 718" STYLE_REF="14">heard</W>
			<W BOX="623 674 676 699" STYLE_REF="14">would</W>
			<W BOX="662 693 678 718" STYLE_REF="14">of</W>
			<W BOX="677 674 682 699" STYLE_REF="14">,</W>
			<W BOX="687 676 718 701" STYLE_REF="14">but</W>
			<W BOX="689 693 705 718" STYLE_REF="14">at</W>
			<W BOX="702 658 707 683" STYLE_REF="14">,</W>
			<W BOX="714 695 749 720" STYLE_REF="14">Mrs</W>
			<W BOX="726 676 754 701" STYLE_REF="14">say</W>
		</Primitive>
		<Primitive BOX="24 708 829 750" ID="Ar0300013" SEQ_NO="13" TOC_ENTRY_ID="35" DEPTH_LEVEL="1">
			<L BOX="44 691 755 738"/>
			<W BOX="44 708 87 733" STYLE_REF="14" NS="y">Gold</W>
			<W BOX="87 708 91 733" STYLE_REF="14" NS="y">'</W>
			<W BOX="90 709 100 734" STYLE_REF="14" NS="y">s</W>
			<W BOX="99 709 104 734" STYLE_REF="14">,</W>
			<W BOX="117 709 134 734" STYLE_REF="14">in</W>
			<W BOX="146 709 214 734" STYLE_REF="14">Hoxton</W>
			<W BOX="227 709 288 734" STYLE_REF="14">Square</W>
			<W BOX="294 709 299 735" STYLE_REF="14">;</W>
			<W BOX="301 691 306 716" STYLE_REF="14">,</W>
			<W BOX="310 709 339 735" STYLE_REF="14">but</W>
			<Q BOX="352 709 369 735" STYLE_REF="14" QID="63">th</Q>
			<q BOX="371 709 388 735" STYLE_REF="14" QID="63">at</q>
			<QW QID="63">that</QW>
			<W BOX="399 709 420 735" STYLE_REF="14">no</W>
			<W BOX="430 711 508 736" STYLE_REF="14">suffering</W>
			<W BOX="482 693 494 718" STYLE_REF="14">g</W>
			<W BOX="519 711 565 736" STYLE_REF="14">could</W>
			<W BOX="578 712 638 737" STYLE_REF="14">incline</W>
			<W BOX="646 712 672 737" STYLE_REF="14">me</W>
			<W BOX="682 712 701 737" STYLE_REF="14">to</W>
			<Q BOX="709 713 743 738" STYLE_REF="14" QID="64">leav</Q>
			<q BOX="745 713 755 738" STYLE_REF="14" QID="64">e</q>
			<QW QID="64">leave</QW>
			<W BOX="749 695 755 720" STYLE_REF="14">.</W>
			<L BOX="42 727 752 757"/>
			<W BOX="42 727 77 752" STYLE_REF="14" NS="y">him</W>
			<W BOX="79 727 84 753" STYLE_REF="14">,</W>
			<W BOX="92 727 150 752" STYLE_REF="14">except</W>
			<Q BOX="157 727 168 752" STYLE_REF="14" QID="65">b</Q>
			<q BOX="168 728 180 753" STYLE_REF="14" QID="65">y</q>
			<QW QID="65">by</QW>
			<W BOX="187 727 215 753" STYLE_REF="14">his</W>
			<W BOX="225 727 256 753" STYLE_REF="14">free</W>
			<W BOX="269 727 336 753" STYLE_REF="14" NS="y">consent</W>
			<W BOX="337 727 342 753" STYLE_REF="14" NS="y">.</W>
			<W BOX="343 729 347 754" STYLE_REF="14">'</W>
			<W BOX="369 729 395 754" STYLE_REF="14">He</W>
			<Q BOX="401 729 429 754" STYLE_REF="14" QID="66">rep</Q>
			<q BOX="430 729 461 754" STYLE_REF="14" NS="y" QID="66">lied</q>
			<QW QID="66">replied</QW>
			<W BOX="463 730 468 755" STYLE_REF="14">,</W>
			<W BOX="476 729 515 755" STYLE_REF="14">with</W>
			<W BOX="527 729 572 755" STYLE_REF="14">some</W>
			<Q BOX="582 731 652 756" STYLE_REF="14" QID="67">emotion</Q>
			<Q BOX="671 732 677 757" STYLE_REF="14" QID="67">'</Q>
			<q BOX="677 732 688 757" STYLE_REF="14" QID="67">I</q>
			<QW QID="67">emotion'I</QW>
			<W BOX="697 732 717 757" STYLE_REF="14">do</W>
			<W BOX="724 732 752 757" STYLE_REF="14">not</W>
		</Primitive>
		<Primitive BOX="24 738 829 831" ID="Ar0300014" SEQ_NO="14" TOC_ENTRY_ID="35" DEPTH_LEVEL="1">
			<L BOX="43 732 753 775"/>
			<W BOX="43 745 91 770" STYLE_REF="14">know</W>
			<W BOX="98 746 136 771" STYLE_REF="14">that</W>
			<W BOX="143 746 176 771" STYLE_REF="14">you</W>
			<W BOX="184 746 226 771" STYLE_REF="14">have</W>
			<W BOX="234 746 271 771" STYLE_REF="14">ever</W>
			<Q BOX="279 746 337 771" STYLE_REF="14" QID="68">disobli</Q>
			<q BOX="338 747 367 772" STYLE_REF="14" QID="68">ged</q>
			<QW QID="68">disobliged</QW>
			<W BOX="374 747 399 772" STYLE_REF="14">me</W>
			<Q BOX="405 747 464 772" STYLE_REF="14" QID="69">wilfull</Q>
			<q BOX="465 748 477 773" STYLE_REF="14" QID="69">y</q>
			<QW QID="69">wilfully</QW>
			<W BOX="482 748 498 773" STYLE_REF="14">in</W>
			<W BOX="507 748 546 773" STYLE_REF="14">your</W>
			<W BOX="555 748 583 774" STYLE_REF="14" NS="y">life</W>
			<W BOX="584 749 588 774" STYLE_REF="14">,</W>
			<W BOX="596 749 627 774" STYLE_REF="14">but</W>
			<W BOX="635 749 661 774" STYLE_REF="14">onl</W>
			<W BOX="654 732 659 757" STYLE_REF="14">,</W>
			<W BOX="663 750 673 775" STYLE_REF="14">y</W>
			<W BOX="681 750 699 775" STYLE_REF="14">in</W>
			<W BOX="708 750 753 775" STYLE_REF="14">these</W>
			<L BOX="40 764 753 831"/>
			<W BOX="40 802 89 827" STYLE_REF="14">when</W>
			<W BOX="41 783 70 808" STYLE_REF="14">not</W>
			<W BOX="42 764 102 789" STYLE_REF="14">fancies</W>
			<W BOX="82 783 113 808" STYLE_REF="14">but</W>
			<W BOX="89 802 96 827" STYLE_REF="14">)</W>
			<W BOX="109 764 114 789" STYLE_REF="14">;</W>
			<W BOX="110 802 120 827" STYLE_REF="14">I</W>
			<W BOX="125 764 156 789" STYLE_REF="14">and</W>
			<W BOX="125 802 154 827" STYLE_REF="14">jud</W>
			<W BOX="125 783 187 808" STYLE_REF="14">discern</W>
			<W BOX="155 802 186 827" STYLE_REF="14">ged</W>
			<W BOX="163 764 194 789" STYLE_REF="14">my</W>
			<W BOX="191 802 205 827" STYLE_REF="14">it</W>
			<W BOX="196 783 206 808" STYLE_REF="14">a</W>
			<W BOX="200 765 261 790" STYLE_REF="14">childre</W>
			<W BOX="212 802 255 827" STYLE_REF="14">most</W>
			<W BOX="216 783 304 809" STYLE_REF="14">separation</W>
			<W BOX="262 765 272 790" STYLE_REF="14">n</W>
			<W BOX="263 802 332 827" STYLE_REF="14">prudent</W>
			<W BOX="280 765 323 790" STYLE_REF="14">shall</W>
			<W BOX="313 784 368 809" STYLE_REF="14">would</W>
			<W BOX="330 765 392 790" STYLE_REF="14">always</W>
			<W BOX="340 802 357 827" STYLE_REF="14">to</W>
			<W BOX="364 802 402 827" STYLE_REF="14">take</W>
			<W BOX="379 784 417 809" STYLE_REF="14">take</W>
			<W BOX="397 765 440 790" STYLE_REF="14">have</W>
			<W BOX="409 803 437 828" STYLE_REF="14">the</W>
			<Q BOX="430 785 441 810" STYLE_REF="14" QID="70">p</Q>
			<q BOX="441 785 475 810" STYLE_REF="14" QID="70">lace</q>
			<QW QID="70">place</QW>
			<W BOX="445 803 470 829" STYLE_REF="14">lod</W>
			<W BOX="447 766 456 792" STYLE_REF="14">a</W>
			<W BOX="463 766 511 792" STYLE_REF="14">home</W>
			<W BOX="484 804 518 829" STYLE_REF="14">ings</W>
			<W BOX="489 786 497 811" STYLE_REF="14" NS="y">(</W>
			<W BOX="497 786 546 811" STYLE_REF="14">thoug</W>
			<W BOX="518 766 535 792" STYLE_REF="14">in</W>
			<W BOX="532 804 551 829" STYLE_REF="14">th</W>
			<W BOX="542 767 571 792" STYLE_REF="14">my</W>
			<W BOX="546 786 559 811" STYLE_REF="14">h</W>
			<W BOX="552 804 569 829" STYLE_REF="14">at</W>
			<W BOX="569 786 577 811" STYLE_REF="14">I</W>
			<W BOX="579 768 630 793" STYLE_REF="14">house</W>
			<W BOX="581 805 598 830" STYLE_REF="14">in</W>
			<W BOX="588 786 635 811" STYLE_REF="14">knew</W>
			<W BOX="606 805 642 830" STYLE_REF="14">case</W>
			<W BOX="630 768 636 793" STYLE_REF="14" NS="y">.</W>
			<W BOX="636 768 640 793" STYLE_REF="14">'</W>
			<W BOX="645 787 674 812" STYLE_REF="14">not</W>
			<W BOX="649 805 658 830" STYLE_REF="14">I</W>
			<W BOX="656 768 681 793" STYLE_REF="14">As</W>
			<W BOX="666 806 724 831" STYLE_REF="14">should</W>
			<W BOX="687 787 724 812" STYLE_REF="14">how</W>
			<W BOX="688 768 698 793" STYLE_REF="14">I</W>
			<W BOX="706 768 752 794" STYLE_REF="14">could</W>
			<W BOX="733 806 753 831" STYLE_REF="14">be</W>
			<W BOX="735 787 752 813" STYLE_REF="14">or</W>
		</Primitive>
		<Primitive BOX="24 820 829 878" ID="Ar0300015" SEQ_NO="15" TOC_ENTRY_ID="35" DEPTH_LEVEL="1">
			<L BOX="40 802 751 849"/>
			<W BOX="40 820 102 845" STYLE_REF="14">sudden</W>
			<W BOX="96 802 102 827" STYLE_REF="14">,</W>
			<Q BOX="103 820 109 845" STYLE_REF="14" QID="71">l</Q>
			<q BOX="110 820 121 845" STYLE_REF="14" QID="71">y</q>
			<QW QID="71">ly</QW>
			<W BOX="132 820 208 845" STYLE_REF="14" NS="y">removed</W>
			<W BOX="209 821 214 846" STYLE_REF="14">,</W>
			<W BOX="222 820 231 845" STYLE_REF="14">I</W>
			<Q BOX="239 820 262 845" STYLE_REF="14" QID="72">mi</Q>
			<q BOX="263 821 292 846" STYLE_REF="14" QID="72">ght</q>
			<QW QID="72">might</QW>
			<W BOX="303 821 344 846" STYLE_REF="14">have</W>
			<W BOX="355 821 365 846" STYLE_REF="14">a</W>
			<Q BOX="376 821 413 846" STYLE_REF="14" QID="73">hom</Q>
			<q BOX="415 821 423 846" STYLE_REF="14" QID="73">e</q>
			<QW QID="73">home</QW>
			<W BOX="434 821 452 846" STYLE_REF="14">to</W>
			<W BOX="462 823 483 848" STYLE_REF="14">go</W>
			<W BOX="472 805 484 830" STYLE_REF="14">g</W>
			<W BOX="494 823 512 848" STYLE_REF="14" NS="y">to</W>
			<W BOX="514 823 520 848" STYLE_REF="14">;</W>
			<W BOX="519 805 524 830" STYLE_REF="14">,</W>
			<W BOX="530 823 584 848" STYLE_REF="14">which</W>
			<W BOX="570 805 574 831" STYLE_REF="14">,</W>
			<W BOX="591 823 599 848" STYLE_REF="14">I</W>
			<Q BOX="609 824 676 849" STYLE_REF="14" QID="74">preferre</Q>
			<q BOX="677 824 687 849" STYLE_REF="14" QID="74">d</q>
			<QW QID="74">preferred</QW>
			<W BOX="697 824 714 849" STYLE_REF="14">to</W>
			<W BOX="724 824 751 849" STYLE_REF="14">the</W>
			<L BOX="39 839 751 886"/>
			<W BOX="39 857 76 882" STYLE_REF="14">read</W>
			<W BOX="40 839 88 864" STYLE_REF="14">going</W>
			<W BOX="97 858 182 883" STYLE_REF="14">whenever</W>
			<W BOX="100 839 136 864" STYLE_REF="14">into</W>
			<W BOX="147 839 179 864" STYLE_REF="14">any</W>
			<W BOX="189 858 198 883" STYLE_REF="14">I</W>
			<W BOX="193 839 243 864" STYLE_REF="14">friend</W>
			<Q BOX="206 858 229 883" STYLE_REF="14" QID="75">mi</Q>
			<q BOX="239 858 259 883" STYLE_REF="14" QID="75">ht</q>
			<QW QID="75">miht</QW>
			<W BOX="246 839 253 864" STYLE_REF="14" NS="y">'</W>
			<W BOX="251 840 259 865" STYLE_REF="14">s</W>
			<W BOX="267 858 302 883" STYLE_REF="14">wan</W>
			<W BOX="270 840 320 865" STYLE_REF="14">house</W>
			<W BOX="304 858 311 883" STYLE_REF="14">t</W>
			<W BOX="318 859 346 884" STYLE_REF="14">her</W>
			<W BOX="331 840 349 865" STYLE_REF="14">as</W>
			<W BOX="346 859 352 884" STYLE_REF="14">.</W>
			<W BOX="359 840 368 865" STYLE_REF="14">a</W>
			<W BOX="370 859 379 884" STYLE_REF="14">I</W>
			<W BOX="378 840 435 866" STYLE_REF="14">visitor</W>
			<Q BOX="387 859 402 884" STYLE_REF="14" QID="76">in</Q>
			<q BOX="405 859 465 884" STYLE_REF="14" QID="76">formed</q>
			<QW QID="76">informed</QW>
			<W BOX="435 840 440 866" STYLE_REF="14">.</W>
			<W BOX="461 841 470 866" STYLE_REF="14">I</W>
			<W BOX="480 841 514 866" STYLE_REF="14">also</W>
			<W BOX="510 860 573 885" STYLE_REF="14">mother</W>
			<Q BOX="523 842 559 867" STYLE_REF="14" QID="77">hire</Q>
			<q BOX="559 842 568 867" STYLE_REF="14" QID="77">d</q>
			<QW QID="77">hired</QW>
			<W BOX="579 842 589 867" STYLE_REF="14">a</W>
			<W BOX="586 861 595 886" STYLE_REF="14">a</W>
			<W BOX="599 842 644 867" STYLE_REF="14">sober</W>
			<W BOX="603 861 648 886" STYLE_REF="14">short</W>
			<W BOX="656 861 696 886" STYLE_REF="14">time</W>
			<Q BOX="657 843 667 868" STYLE_REF="14" QID="78">g</Q>
			<q BOX="667 843 687 868" STYLE_REF="14" NS="y" QID="78">irl</q>
			<QW QID="78">girl</QW>
			<W BOX="689 844 694 869" STYLE_REF="14">,</W>
			<W BOX="703 861 742 886" STYLE_REF="14">after</W>
			<W BOX="704 843 722 868" STYLE_REF="14">to</W>
			<W BOX="731 843 751 868" STYLE_REF="14">be</W>
			<L BOX="77 858 506 885"/>
			<W BOX="77 858 89 883" STYLE_REF="14">y</W>
			<W BOX="229 858 240 884" STYLE_REF="14">g</W>
			<W BOX="474 860 506 885" STYLE_REF="14">rny</W>
		</Primitive>
		<Primitive BOX="24 866 829 924" ID="Ar0300016" SEQ_NO="16" TOC_ENTRY_ID="35" DEPTH_LEVEL="1">
			<L BOX="38 861 753 940"/>
			<W BOX="38 895 69 920" STYLE_REF="14">one</W>
			<W BOX="39 876 55 901" STYLE_REF="14">of</W>
			<W BOX="63 876 91 901" STYLE_REF="14">the</W>
			<W BOX="80 895 104 920" STYLE_REF="14">for</W>
			<W BOX="98 876 134 901" STYLE_REF="14">step</W>
			<W BOX="116 894 146 921" STYLE_REF="9">my</W>
			<W BOX="135 876 143 901" STYLE_REF="14">s</W>
			<W BOX="148 914 223 939" STYLE_REF="14">however</W>
			<W BOX="150 876 159 901" STYLE_REF="14">I</W>
			<W BOX="156 895 188 920" STYLE_REF="14">mai</W>
			<W BOX="166 876 199 901" STYLE_REF="14">had</W>
			<W BOX="189 895 200 920" STYLE_REF="14">d</W>
			<W BOX="206 895 211 920" STYLE_REF="14">;</W>
			<W BOX="208 876 258 901" STYLE_REF="14">taken</W>
			<W BOX="222 895 253 920" STYLE_REF="14">and</W>
			<W BOX="242 914 305 939" STYLE_REF="14">seemed</W>
			<W BOX="258 876 263 901" STYLE_REF="14">.</W>
			<W BOX="269 896 346 921" STYLE_REF="14">appeared</W>
			<W BOX="285 877 318 902" STYLE_REF="14">She</W>
			<W BOX="318 914 333 939" STYLE_REF="14">to</W>
			<W BOX="325 877 365 902" STYLE_REF="14">gave</W>
			<W BOX="343 915 382 940" STYLE_REF="14">hold</W>
			<W BOX="363 896 380 921" STYLE_REF="14">to</W>
			<W BOX="374 877 400 902" STYLE_REF="14">me</W>
			<W BOX="394 896 461 921" STYLE_REF="14">convers</W>
			<W BOX="411 877 444 903" STYLE_REF="14">two</W>
			<W BOX="452 879 492 904" STYLE_REF="14">beds</W>
			<W BOX="462 897 471 923" STYLE_REF="14">e</W>
			<W BOX="481 897 502 923" STYLE_REF="14">on</W>
			<W BOX="492 880 497 905" STYLE_REF="14">,</W>
			<W BOX="505 879 535 904" STYLE_REF="14">one</W>
			<W BOX="513 897 526 923" STYLE_REF="14">it</W>
			<W BOX="540 897 557 923" STYLE_REF="14">in</W>
			<W BOX="542 879 565 904" STYLE_REF="14">for</W>
			<W BOX="569 897 578 923" STYLE_REF="14">a</W>
			<W BOX="574 861 579 886" STYLE_REF="14">,</W>
			<W BOX="574 880 635 905" STYLE_REF="14">myself</W>
			<W BOX="589 899 626 924" STYLE_REF="14">way</W>
			<W BOX="636 881 640 906" STYLE_REF="14">,</W>
			<W BOX="638 899 654 924" STYLE_REF="14">of</W>
			<W BOX="648 880 680 905" STYLE_REF="14">and</W>
			<W BOX="666 899 740 924" STYLE_REF="14">approval</W>
			<W BOX="688 880 698 905" STYLE_REF="14">a</W>
			<W BOX="706 880 749 905" STYLE_REF="14">little</W>
			<W BOX="744 899 753 924" STYLE_REF="14">.</W>
			<W BOX="745 863 752 888" STYLE_REF="14">,</W>
		</Primitive>
		<Primitive BOX="24 914 829 999" ID="Ar0300017" SEQ_NO="17" TOC_ENTRY_ID="35" DEPTH_LEVEL="1">
			<L BOX="37 914 749 957"/>
			<W BOX="37 932 65 957" STYLE_REF="14">the</W>
			<W BOX="38 914 76 939" STYLE_REF="14">Som</W>
			<W BOX="73 932 119 957" STYLE_REF="14">point</W>
			<Q BOX="77 914 86 939" STYLE_REF="14" QID="79">e</Q>
			<q BOX="86 914 134 939" STYLE_REF="14" QID="79">thing</q>
			<QW QID="79">ething</QW>
			<W BOX="120 932 126 957" STYLE_REF="14">.</W>
			<W BOX="134 914 140 939" STYLE_REF="14">,</W>
			<W BOX="223 915 228 940" STYLE_REF="14">,</W>
			<W BOX="391 915 411 940" STYLE_REF="14" NS="y">us</W>
			<W BOX="412 916 416 941" STYLE_REF="14">,</W>
			<W BOX="426 916 447 941" STYLE_REF="14">on</W>
			<W BOX="460 916 500 941" STYLE_REF="14">both</W>
			<W BOX="512 916 555 941" STYLE_REF="14" NS="y">sides</W>
			<W BOX="555 917 560 942" STYLE_REF="14">,</W>
			<W BOX="569 917 608 942" STYLE_REF="14">from</W>
			<Q BOX="622 917 669 942" STYLE_REF="14" QID="80">bring</Q>
			<q BOX="669 918 697 943" STYLE_REF="14" QID="80">ing</q>
			<QW QID="80">bringing</QW>
			<W BOX="706 918 719 943" STYLE_REF="14">it</W>
			<W BOX="731 918 749 943" STYLE_REF="14">to</W>
			<L BOX="54 949 747 999"/>
			<W BOX="54 949 57 974" STYLE_REF="14" NS="y">.</W>
			<W BOX="60 952 69 977" STYLE_REF="14">"</W>
			<W BOX="76 951 107 976" STYLE_REF="14">For</W>
			<W BOX="99 970 155 995" STYLE_REF="14">tender</W>
			<W BOX="116 951 145 976" STYLE_REF="14">the</W>
			<W BOX="151 951 191 976" STYLE_REF="14">next</W>
			<W BOX="169 970 201 995" STYLE_REF="14">and</W>
			<W BOX="199 951 233 976" STYLE_REF="14">two</W>
			<W BOX="213 970 269 995" STYLE_REF="14">painfu</W>
			<W BOX="242 951 300 976" STYLE_REF="14">month</W>
			<W BOX="271 970 276 995" STYLE_REF="14">l</W>
			<W BOX="291 970 357 995" STYLE_REF="14">feelings</W>
			<W BOX="302 951 310 976" STYLE_REF="14">s</W>
			<W BOX="318 951 326 976" STYLE_REF="14">I</W>
			<W BOX="334 952 403 977" STYLE_REF="14">suffered</W>
			<W BOX="357 970 362 995" STYLE_REF="14">.</W>
			<W BOX="385 971 420 996" STYLE_REF="14">One</W>
			<W BOX="413 952 464 977" STYLE_REF="14">much</W>
			<W BOX="431 971 463 996" STYLE_REF="14">day</W>
			<W BOX="470 954 474 979" STYLE_REF="14">:</W>
			<W BOX="486 954 514 979" STYLE_REF="14">my</W>
			<W BOX="508 972 571 997" STYLE_REF="14">mother</W>
			<W BOX="522 954 568 979" STYLE_REF="14">mind</W>
			<W BOX="576 954 611 979" STYLE_REF="14">was</W>
			<W BOX="583 972 619 997" STYLE_REF="14">sent</W>
			<W BOX="617 955 699 980" STYLE_REF="14">exercised</W>
			<W BOX="630 972 657 997" STYLE_REF="14">me</W>
			<W BOX="663 973 707 999" STYLE_REF="14">word</W>
			<W BOX="707 955 747 980" STYLE_REF="14">with</W>
		</Primitive>
		<Primitive BOX="24 987 829 1055" ID="Ar0300018" SEQ_NO="18" TOC_ENTRY_ID="35" DEPTH_LEVEL="1">
			<L BOX="36 970 747 1000"/>
			<W BOX="36 970 87 995" STYLE_REF="14">many</W>
			<W BOX="471 971 501 998" STYLE_REF="9">my</W>
			<W BOX="708 975 713 1000" STYLE_REF="14">,</W>
			<W BOX="726 975 726 1000" STYLE_REF="24">'</W>
			<W BOX="737 975 747 1000" STYLE_REF="14">I</W>
			<L BOX="36 987 748 1055"/>
			<W BOX="36 1026 48 1051" STYLE_REF="14">si</W>
			<W BOX="36 1007 58 1032" STYLE_REF="14">sai</W>
			<W BOX="36 987 74 1014" STYLE_REF="9">mus</W>
			<W BOX="51 1026 93 1051" STYLE_REF="14">tting</W>
			<W BOX="60 1007 69 1032" STYLE_REF="14">d</W>
			<W BOX="74 988 81 1013" STYLE_REF="14">t</W>
			<W BOX="77 1007 147 1032" STYLE_REF="14">nothing</W>
			<W BOX="88 989 108 1014" STYLE_REF="14">go</W>
			<W BOX="106 1026 124 1051" STYLE_REF="14">in</W>
			<W BOX="114 988 151 1013" STYLE_REF="14">hom</W>
			<W BOX="137 1026 165 1051" STYLE_REF="14">iny</W>
			<W BOX="153 988 162 1013" STYLE_REF="14">e</W>
			<W BOX="155 1007 175 1032" STYLE_REF="14">on</W>
			<W BOX="169 988 187 1013" STYLE_REF="14">to</W>
			<W BOX="178 1026 222 1051" STYLE_REF="14">room</W>
			<W BOX="183 1007 212 1032" STYLE_REF="14">the</W>
			<W BOX="194 988 223 1013" STYLE_REF="14">my</W>
			<W BOX="220 1007 282 1032" STYLE_REF="14">subject</W>
			<W BOX="231 988 257 1013" STYLE_REF="14">lod</W>
			<W BOX="242 1026 250 1051" STYLE_REF="14">I</W>
			<W BOX="259 989 269 1015" STYLE_REF="14">g</W>
			<W BOX="263 1026 334 1051" STYLE_REF="14">received</W>
			<W BOX="269 989 306 1014" STYLE_REF="14">ings</W>
			<W BOX="288 1008 292 1033" STYLE_REF="14">;</W>
			<W BOX="303 1008 335 1033" STYLE_REF="14">and</W>
			<W BOX="316 989 351 1014" STYLE_REF="14">that</W>
			<W BOX="343 1008 351 1033" STYLE_REF="14">I</W>
			<W BOX="349 1027 397 1052" STYLE_REF="14">again</W>
			<W BOX="359 1008 407 1033" STYLE_REF="14">could</W>
			<Q BOX="365 989 381 1015" STYLE_REF="14" QID="81">ni</Q>
			<q BOX="383 990 413 1015" STYLE_REF="14" QID="81">ght</q>
			<QW QID="81">night</QW>
			<W BOX="412 1027 441 1052" STYLE_REF="14">the</W>
			<W BOX="413 990 419 1015" STYLE_REF="14">.</W>
			<W BOX="414 1008 443 1033" STYLE_REF="14">not</W>
			<W BOX="420 990 424 1015" STYLE_REF="14">'</W>
			<W BOX="447 990 455 1015" STYLE_REF="14">I</W>
			<W BOX="451 1009 482 1034" STYLE_REF="14">beg</W>
			<W BOX="456 1027 501 1052" STYLE_REF="14">same</W>
			<W BOX="464 990 508 1015" STYLE_REF="14">went</W>
			<W BOX="482 1009 497 1034" STYLE_REF="14">in</W>
			<W BOX="507 1009 519 1034" STYLE_REF="14">it</W>
			<W BOX="514 990 561 1015" STYLE_REF="14">down</W>
			<W BOX="520 1010 524 1035" STYLE_REF="14">.</W>
			<W BOX="542 1010 576 1035" STYLE_REF="14">The</W>
			<W BOX="572 991 589 1016" STYLE_REF="14">to</W>
			<W BOX="583 1010 614 1035" STYLE_REF="14">nex</W>
			<W BOX="598 992 654 1017" STYLE_REF="14">dinner</W>
			<W BOX="612 1029 677 1054" STYLE_REF="14">During</W>
			<W BOX="615 1010 623 1035" STYLE_REF="14">t</W>
			<W BOX="631 1010 663 1035" STYLE_REF="14">day</W>
			<W BOX="656 993 660 1018" STYLE_REF="14">,</W>
			<W BOX="663 1011 668 1036" STYLE_REF="14">,</W>
			<W BOX="669 992 699 1017" STYLE_REF="14">but</W>
			<W BOX="673 1011 691 1036" STYLE_REF="14">as</W>
			<W BOX="689 1030 746 1055" STYLE_REF="14">dinner</W>
			<W BOX="698 1011 707 1036" STYLE_REF="14">I</W>
			<W BOX="707 992 748 1017" STYLE_REF="14">they</W>
			<W BOX="713 1011 747 1036" STYLE_REF="14">was</W>
		</Primitive>
		<Primitive BOX="24 1044 829 1111" ID="Ar0300019" SEQ_NO="19" TOC_ENTRY_ID="35" DEPTH_LEVEL="1">
			<L BOX="34 1026 745 1073"/>
			<W BOX="34 1044 109 1069" STYLE_REF="14" NS="y">however</W>
			<W BOX="110 1045 115 1071" STYLE_REF="14">,</W>
			<W BOX="123 1045 192 1070" STYLE_REF="14" NS="y">nothing</W>
			<W BOX="194 1044 199 1069" STYLE_REF="14" NS="y">'</W>
			<W BOX="200 1045 234 1070" STYLE_REF="14">was</W>
			<W BOX="224 1026 229 1052" STYLE_REF="14">,</W>
			<W BOX="243 1045 304 1070" STYLE_REF="14">spoken</W>
			<W BOX="316 1045 336 1070" STYLE_REF="14">on</W>
			<W BOX="348 1045 376 1070" STYLE_REF="14">the</W>
			<W BOX="386 1046 449 1071" STYLE_REF="14" NS="y">subject</W>
			<W BOX="450 1046 455 1071" STYLE_REF="14">.</W>
			<W BOX="477 1047 530 1072" STYLE_REF="14">When</W>
			<W BOX="514 1028 587 1053" STYLE_REF="14">message</W>
			<W BOX="538 1047 552 1072" STYLE_REF="14">it</W>
			<W BOX="559 1047 592 1072" STYLE_REF="14">was</W>
			<W BOX="587 1028 592 1053" STYLE_REF="14">.</W>
			<W BOX="598 1048 636 1073" STYLE_REF="14">over</W>
			<W BOX="643 1048 652 1073" STYLE_REF="14">I</W>
			<Q BOX="660 1048 693 1073" STYLE_REF="14" QID="82">kne</Q>
			<q BOX="694 1048 708 1073" STYLE_REF="14" QID="82">w</q>
			<QW QID="82">knew</QW>
			<W BOX="716 1048 745 1073" STYLE_REF="14">not</W>
			<L BOX="34 1063 744 1111"/>
			<W BOX="34 1082 114 1107" STYLE_REF="14">anything</W>
			<W BOX="36 1063 78 1088" STYLE_REF="14">what</W>
			<W BOX="86 1063 103 1088" STYLE_REF="14">to</W>
			<W BOX="111 1063 133 1088" STYLE_REF="14">do</W>
			<W BOX="122 1082 139 1107" STYLE_REF="14">to</W>
			<W BOX="134 1063 139 1088" STYLE_REF="14">.</W>
			<W BOX="146 1082 172 1107" STYLE_REF="14">me</W>
			<W BOX="156 1063 164 1088" STYLE_REF="14">I</W>
			<W BOX="172 1063 207 1088" STYLE_REF="14">was</W>
			<W BOX="187 1082 196 1107" STYLE_REF="14">I</W>
			<W BOX="204 1082 262 1107" STYLE_REF="14">cannot</W>
			<W BOX="213 1063 263 1088" STYLE_REF="14">much</W>
			<W BOX="271 1063 358 1088" STYLE_REF="14">distressed</W>
			<W BOX="273 1082 293 1107" STYLE_REF="14">go</W>
			<W BOX="300 1082 305 1107" STYLE_REF="14">;</W>
			<W BOX="316 1082 347 1107" STYLE_REF="14">and</W>
			<W BOX="358 1063 363 1088" STYLE_REF="14">,</W>
			<W BOX="358 1082 371 1107" STYLE_REF="14">if</W>
			<W BOX="380 1064 389 1089" STYLE_REF="14">I</W>
			<W BOX="382 1082 421 1107" STYLE_REF="14">they</W>
			<W BOX="397 1064 468 1089" STYLE_REF="14">thought</W>
			<Q BOX="429 1084 448 1109" STYLE_REF="14" QID="83">sh</Q>
			<q BOX="449 1084 488 1109" STYLE_REF="14" QID="83">ould</q>
			<QW QID="83">should</QW>
			<W BOX="468 1066 473 1091" STYLE_REF="14">,</W>
			<W BOX="482 1065 494 1090" STYLE_REF="14">if</W>
			<W BOX="499 1084 527 1109" STYLE_REF="14">not</W>
			<Q BOX="501 1065 517 1090" STYLE_REF="14" QID="84">th</Q>
			<q BOX="520 1065 539 1091" STYLE_REF="14" QID="84">ey</q>
			<QW QID="84">they</QW>
			<W BOX="538 1084 589 1109" STYLE_REF="14">invite</W>
			<W BOX="546 1066 567 1091" STYLE_REF="14">go</W>
			<W BOX="574 1066 601 1091" STYLE_REF="14">out</W>
			<W BOX="600 1085 627 1110" STYLE_REF="14">me</W>
			<W BOX="608 1066 678 1091" STYLE_REF="14">without</W>
			<W BOX="634 1085 653 1110" STYLE_REF="14">to</W>
			<W BOX="687 1067 715 1092" STYLE_REF="14">say</W>
			<W BOX="712 1086 743 1111" STYLE_REF="14">and</W>
			<W BOX="717 1067 744 1092" STYLE_REF="14">ing</W>
		</Primitive>
		<Primitive BOX="24 1100 829 1142" ID="Ar0300020" SEQ_NO="20" TOC_ENTRY_ID="35" DEPTH_LEVEL="1">
			<L BOX="33 1082 743 1149"/>
			<W BOX="33 1119 91 1144" STYLE_REF="14">sorrow</W>
			<W BOX="34 1100 60 1126" STYLE_REF="14">see</W>
			<W BOX="71 1100 118 1126" STYLE_REF="14">them</W>
			<Q BOX="97 1119 108 1144" STYLE_REF="14" QID="85">b</Q>
			<q BOX="108 1120 120 1145" STYLE_REF="14" QID="85">y</q>
			<QW QID="85">by</QW>
			<W BOX="128 1120 152 1145" STYLE_REF="14">thi</W>
			<W BOX="130 1100 165 1126" STYLE_REF="14">agai</W>
			<W BOX="153 1120 161 1145" STYLE_REF="14">s</W>
			<W BOX="166 1100 177 1126" STYLE_REF="14">n</W>
			<W BOX="169 1120 247 1145" STYLE_REF="14">suspense</W>
			<W BOX="173 1082 178 1107" STYLE_REF="14">,</W>
			<W BOX="178 1101 183 1126" STYLE_REF="14">,</W>
			<W BOX="197 1101 234 1126" STYLE_REF="14">how</W>
			<W BOX="246 1101 289 1126" STYLE_REF="14">shall</W>
			<W BOX="247 1120 253 1145" STYLE_REF="14">.</W>
			<W BOX="274 1120 314 1145" STYLE_REF="14">Just</W>
			<W BOX="300 1101 309 1126" STYLE_REF="14">I</W>
			<W BOX="319 1101 356 1126" STYLE_REF="14">bear</W>
			<W BOX="326 1120 343 1145" STYLE_REF="14">as</W>
			<W BOX="353 1120 393 1145" STYLE_REF="14">they</W>
			<W BOX="369 1101 382 1126" STYLE_REF="14">it</W>
			<W BOX="389 1101 397 1126" STYLE_REF="14">?</W>
			<W BOX="401 1120 443 1145" STYLE_REF="14">were</W>
			<Q BOX="419 1101 436 1126" STYLE_REF="24" QID="86">M</Q>
			<q BOX="439 1102 449 1127" STYLE_REF="24" QID="86">y</q>
			<QW QID="86">My</QW>
			<W BOX="452 1121 500 1146" STYLE_REF="14">going</W>
			<W BOX="463 1102 508 1127" STYLE_REF="14">mind</W>
			<W BOX="507 1121 535 1146" STYLE_REF="14">out</W>
			<W BOX="520 1103 554 1128" STYLE_REF="14">was</W>
			<W BOX="548 1122 577 1147" STYLE_REF="14">my</W>
			<W BOX="566 1103 630 1128" STYLE_REF="14">pressed</W>
			<W BOX="586 1122 650 1147" STYLE_REF="14">mother</W>
			<W BOX="643 1104 689 1129" STYLE_REF="14">down</W>
			<W BOX="660 1086 695 1111" STYLE_REF="14">com</W>
			<W BOX="664 1122 698 1147" STYLE_REF="14">said</W>
			<W BOX="696 1086 705 1111" STYLE_REF="14">e</W>
			<W BOX="703 1104 742 1129" STYLE_REF="14">with</W>
			<W BOX="717 1117 722 1141" STYLE_REF="7">6</W>
			<W BOX="728 1122 743 1149" STYLE_REF="9">Tf</W>
		</Primitive>
		<Primitive BOX="24 1130 829 1185" ID="Ar0300021" SEQ_NO="21" TOC_ENTRY_ID="35" DEPTH_LEVEL="1">
			<L BOX="21 1122 743 1185"/>
			<W BOX="21 1147 45 1172" STYLE_REF="14">�</W>
			<W BOX="32 1156 58 1181" STYLE_REF="14">lod</W>
			<W BOX="32 1138 64 1163" STYLE_REF="14">you</W>
			<W BOX="58 1157 98 1182" STYLE_REF="14">ging</W>
			<W BOX="72 1138 106 1163" STYLE_REF="14">will</W>
			<W BOX="98 1157 104 1182" STYLE_REF="14" NS="y">.</W>
			<W BOX="104 1157 109 1182" STYLE_REF="14">'</W>
			<W BOX="107 1139 112 1164" STYLE_REF="14">,</W>
			<W BOX="120 1138 148 1163" STYLE_REF="14">the</W>
			<W BOX="131 1157 161 1182" STYLE_REF="14">My</W>
			<W BOX="156 1138 182 1163" STYLE_REF="14">coa</W>
			<W BOX="169 1156 222 1181" STYLE_REF="14">father</W>
			<W BOX="184 1138 204 1163" STYLE_REF="14" NS="y">ch</W>
			<W BOX="207 1139 212 1164" STYLE_REF="14">,</W>
			<W BOX="223 1138 271 1163" STYLE_REF="14">when</W>
			<W BOX="229 1156 279 1181" STYLE_REF="14" NS="y">added</W>
			<W BOX="282 1157 287 1183" STYLE_REF="14">,</W>
			<W BOX="282 1138 295 1163" STYLE_REF="14" NS="y">it</W>
			<S S_TYPE="SUB">
				<W BOX="299 1152 304 1175" STYLE_REF="7">c</W>
			</S>
			<W BOX="306 1138 335 1163" STYLE_REF="14">has</W>
			<W BOX="309 1157 347 1182" STYLE_REF="14">And</W>
			<W BOX="346 1138 371 1163" STYLE_REF="14">set</W>
			<W BOX="354 1157 380 1182" STYLE_REF="14">we</W>
			<W BOX="382 1138 402 1163" STYLE_REF="14">us</W>
			<W BOX="387 1157 429 1182" STYLE_REF="14">shall</W>
			<W BOX="409 1139 455 1164" STYLE_REF="14">down</W>
			<W BOX="436 1158 456 1183" STYLE_REF="14">be</W>
			<W BOX="458 1140 463 1165" STYLE_REF="14">,</W>
			<W BOX="464 1158 475 1183" STYLE_REF="14">g</W>
			<W BOX="474 1140 511 1165" STYLE_REF="14">may</W>
			<W BOX="474 1158 501 1183" STYLE_REF="14">lad</W>
			<W BOX="510 1158 528 1183" STYLE_REF="14">to</W>
			<W BOX="523 1141 569 1166" STYLE_REF="14">carry</W>
			<W BOX="536 1122 541 1147" STYLE_REF="14">,</W>
			<W BOX="538 1159 564 1184" STYLE_REF="14">see</W>
			<W BOX="571 1159 604 1185" STYLE_REF="14">you</W>
			<W BOX="576 1141 609 1166" STYLE_REF="14">you</W>
			<W BOX="611 1159 629 1184" STYLE_REF="14">to</W>
			<W BOX="620 1141 669 1166" STYLE_REF="14">home</W>
			<W BOX="636 1160 694 1185" STYLE_REF="14">dinner</W>
			<W BOX="677 1141 694 1166" STYLE_REF="14">to</W>
			<W BOX="699 1123 704 1148" STYLE_REF="14">,</W>
			<W BOX="701 1141 734 1167" STYLE_REF="14">you</W>
			<W BOX="702 1160 742 1185" STYLE_REF="14">next</W>
			<W BOX="735 1141 743 1167" STYLE_REF="14">r</W>
		</Primitive>
		<Primitive BOX="24 1185 829 1219" ID="Ar0300022" SEQ_NO="22" TOC_ENTRY_ID="35" DEPTH_LEVEL="1">
			<L BOX="32 1175 741 1204"/>
			<Q BOX="32 1175 57 1200" STYLE_REF="14" QID="87">Tu</Q>
			<q BOX="58 1176 109 1201" STYLE_REF="14" NS="y" QID="87">esday</q>
			<QW QID="87">Tuesday</QW>
			<W BOX="109 1176 115 1201" STYLE_REF="14" NS="y">.</W>
			<W BOX="115 1176 119 1201" STYLE_REF="14">'</W>
			<W BOX="147 1176 188 1201" STYLE_REF="14">This</W>
			<W BOX="200 1176 234 1201" STYLE_REF="14">was</W>
			<W BOX="248 1176 292 1201" STYLE_REF="14">some</W>
			<W BOX="307 1176 351 1201" STYLE_REF="14" NS="y">relief</W>
			<W BOX="352 1177 356 1202" STYLE_REF="14">.</W>
			<W BOX="382 1177 392 1202" STYLE_REF="14">I</W>
			<W BOX="404 1177 487 1202" STYLE_REF="14">remained</W>
			<W BOX="502 1177 551 1202" STYLE_REF="14" NS="y">silent</W>
			<W BOX="551 1177 557 1202" STYLE_REF="14">.</W>
			<W BOX="579 1178 633 1203" STYLE_REF="14">When</W>
			<W BOX="649 1178 677 1203" STYLE_REF="14">the</W>
			<W BOX="692 1178 741 1204" STYLE_REF="14">coach</W>
		</Primitive>
	</Content>
	<TOC_Entries><TOC_Entry TOC_ENTRY_ID="64" TITLE="Considerable interest having been expres..." ENTITY_ID_REF="Ar03000" PAGE_NO="30" PAGE_LABEL="30" PRIM_ID_REF="Ar0300000" IS_IC="true"/></TOC_Entries></XMD-entity>
