<?xml version="1.0" encoding="windows-1252" standalone="no"?>
<XMD-entity REPOSITORY_FORMAT="1.0" PRXML_VER="2.0" ENTITY_TYPE="Article" DOC_UID="EWJ_01/03/1858" DOC_VER="1" FIRST_TOC_ENTRY_ID="37" DEPTH_LEVEL="1" INDEX_IN_DOC="71" PAGE_NO="30" ID="Ar03001" BOX="24 12 829 82" LANGUAGE="English" SNP="Ar03001S.png" SNP_WIDTH="806" SNP_HEIGHT="70" LOGICAL_NAME="true">
	<Meta NAME="30 MISS BOSAtf-QUET." DESCRIPTION="" SUBTYPE="" BASE_HREF="EWJ/1858/03/01" SOURCE_TYPE="TIFF" PUBLICATION="EWJ" SECTION="None" ISSUE_DATE="01/03/1858" WORDCNT="4" RELEASE_NO="041-EWJ-1858-03-01-001-SINGLE" PAGE_ID="" PAGE_TYPE="Single" PAGE_WIDTH="842" PAGE_HEIGHT="1244" DEFAULT_IMG_EXT="png" PDF_DESTINATION_MAPPED="OLV0_Entity_0030_0002" IMAGES_RESOLUTION="86" XMD_VER="2.6.238.8" PAGE_LABEL="30"/>
	<Link SOURCE="041-EWJ-1858-03-01-001-SINGLE.PDF" FIRST_ID="Ar00200" LAST_ID="Ar07201" NEXT_ID="" PREV_ID="Ar03000" TOC_ID="d:/Olive/Repository/EWJ/1858/03/01/TOC.xml"/>
	<DataFiles>
		<Files TYPE="DOC_PDF" PRESENT="1"/>
		<Files TYPE="PAGE_PDF" PRESENT="0"/>
		<Files TYPE="DOC_IMG" PRESENT="0"/>
		<Files TYPE="PAGE_IMG" PRESENT="0"/>
		<Files TYPE="PAGE_VIEW_IMG" PRESENT="1"/>
		<Files TYPE="PAGE_PREVIEW_IMG" PRESENT="1"/>
		<Files TYPE="PRIMITIVE_IMG" PRESENT="1"/>
		<Files TYPE="SNIPPET_IMG" PRESENT="1"/>
	</DataFiles>
	<Content>
		<Primitive BOX="24 12 829 82" ID="Ar0300100" SEQ_NO="0" TOC_ENTRY_ID="37" DEPTH_LEVEL="1">
			<L BOX="62 39 515 65"/>
			<W BOX="62 39 88 64" STYLE_REF="14">30</W>
			<Q BOX="324 39 350 64" STYLE_REF="14" QID="1">MI</Q>
			<q BOX="351 40 372 65" STYLE_REF="14" QID="1">SS</q>
			<QW QID="1">MISS</QW>
			<Q BOX="386 40 450 65" STYLE_REF="14" QID="2" M="5 * 6 * ">BOSAtf</Q>
			<Q BOX="451 40 458 65" STYLE_REF="14" LH="y" QID="2" M="1 * ">-</Q>
			<q BOX="458 40 510 65" STYLE_REF="14" NS="y" QID="2">QUET</q>
			<QW QID="2">_BOSAtf-QUET</QW>
			<W BOX="510 40 515 65" STYLE_REF="14">.</W>
		</Primitive>
	</Content>
	<TOC_Entries><TOC_Entry TOC_ENTRY_ID="65" TITLE="30 MISS BOSAtf-QUET." ENTITY_ID_REF="Ar03001" PAGE_NO="30" PAGE_LABEL="30" PRIM_ID_REF="Ar0300100" IS_IC="true"/></TOC_Entries></XMD-entity>
