<?xml version="1.0" encoding="windows-1252" standalone="no"?>
<XMD-PAGE REPOSITORY_FORMAT="1.0" PRXML_VER="2.0">
	<Meta ISSUE_DATE="01/03/1858" RELEASE_NO="041-EWJ-1858-03-01-001-SINGLE" PAGE_NO="30" NAME="" PAGE_LABEL="30" PAGE_TYPE="Single" PUBLISHER="Olive" PUBLICATION="EWJ" SOURCE_TYPE="TIFF" SOURCE_RESOLUTION="72" IMAGES_RESOLUTION="86" PAGE_THUMBNAIL_RESOLUTION="86" PAGE_PREVIEW_RESOLUTION="15" DEFAULT_IMG_EXT="png" IMG_EXT="png" PREVIEW_IMG_EXT="png" XMD_VER="2.6.238.8" PROFILE_ID="D:\pdfs\EWJ\XMD_EWJ.ini" SECTION="None" PAGE_WIDTH="842" PAGE_HEIGHT="1244" PAGES_NUMBER="72" BASE_HREF="EWJ/1858/03/01" PDF_DESTINATION_MAPPED="OLV0_Page_0030">
		<Resolutions>
			<Resolution DEFAULT="true">86</Resolution>
		</Resolutions>
	</Meta>
	<Link SOURCE="041-EWJ-1858-03-01-001-SINGLE.PDF" NEXT_SECTION="" PREV_SECTION="1"/>
	<DataFiles>
		<Files TYPE="DOC_PDF" PRESENT="1"/>
		<Files TYPE="PAGE_PDF" PRESENT="0"/>
		<Files TYPE="DOC_IMG" PRESENT="0"/>
		<Files TYPE="PAGE_IMG" PRESENT="0"/>
		<Files TYPE="PAGE_VIEW_IMG" PRESENT="1"/>
		<Files TYPE="PAGE_PREVIEW_IMG" PRESENT="1"/>
		<Files TYPE="PRIMITIVE_IMG" PRESENT="1"/>
		<Files TYPE="SNIPPET_IMG" PRESENT="1"/>
	</DataFiles>
	<Entity ENTITY_TYPE="Article" FIRST_TOC_ENTRY_ID="35" INDEX_IN_DOC="63" DEPTH_LEVEL="1" ID="Ar03000" SIZE="XLarge" BOX="24 82 829 1219" NEXT_SECTION="" PREV_SECTION="1" CONTINUATION_TO="Ar03100" CONTINUATION_FROM="Ar02900" FIRST_CHUNK="Ar02801" IMAGES_RESOLUTION="86" LOGICAL_NAME="true">
		<Name>Considerable interest having been expres...</Name>
		<Primitive ID="Ar0300000" BOX="24 82 829 136" ELEMENT_TYPE="Content" SEQ_NO="0" TOC_ENTRY_ID="35" DEPTH_LEVEL="1"/>
		<Primitive ID="Ar0300001" BOX="24 130 829 184" ELEMENT_TYPE="Content" SEQ_NO="1" TOC_ENTRY_ID="35" DEPTH_LEVEL="1"/>
		<Primitive ID="Ar0300002" BOX="24 177 829 231" ELEMENT_TYPE="Content" SEQ_NO="2" TOC_ENTRY_ID="35" DEPTH_LEVEL="1"/>
		<Primitive ID="Ar0300003" BOX="24 223 829 278" ELEMENT_TYPE="Content" SEQ_NO="3" TOC_ENTRY_ID="35" DEPTH_LEVEL="1"/>
		<Primitive ID="Ar0300004" BOX="24 272 829 325" ELEMENT_TYPE="Content" SEQ_NO="4" TOC_ENTRY_ID="35" DEPTH_LEVEL="1"/>
		<Primitive ID="Ar0300005" BOX="24 319 829 368" ELEMENT_TYPE="Content" SEQ_NO="5" TOC_ENTRY_ID="35" DEPTH_LEVEL="1"/>
		<Primitive ID="Ar0300006" BOX="24 368 829 451" ELEMENT_TYPE="Content" SEQ_NO="6" TOC_ENTRY_ID="35" DEPTH_LEVEL="1"/>
		<Primitive ID="Ar0300007" BOX="24 439 829 507" ELEMENT_TYPE="Content" SEQ_NO="7" TOC_ENTRY_ID="35" DEPTH_LEVEL="1"/>
		<Primitive ID="Ar0300008" BOX="24 495 829 569" ELEMENT_TYPE="Content" SEQ_NO="8" TOC_ENTRY_ID="35" DEPTH_LEVEL="1"/>
		<Primitive ID="Ar0300009" BOX="24 557 829 608" ELEMENT_TYPE="Content" SEQ_NO="9" TOC_ENTRY_ID="35" DEPTH_LEVEL="1"/>
		<Primitive ID="Ar0300010" BOX="24 596 829 645" ELEMENT_TYPE="Content" SEQ_NO="10" TOC_ENTRY_ID="35" DEPTH_LEVEL="1"/>
		<Primitive ID="Ar0300011" BOX="24 633 829 675" ELEMENT_TYPE="Content" SEQ_NO="11" TOC_ENTRY_ID="35" DEPTH_LEVEL="1"/>
		<Primitive ID="Ar0300012" BOX="24 663 829 720" ELEMENT_TYPE="Content" SEQ_NO="12" TOC_ENTRY_ID="35" DEPTH_LEVEL="1"/>
		<Primitive ID="Ar0300013" BOX="24 708 829 750" ELEMENT_TYPE="Content" SEQ_NO="13" TOC_ENTRY_ID="35" DEPTH_LEVEL="1"/>
		<Primitive ID="Ar0300014" BOX="24 738 829 831" ELEMENT_TYPE="Content" SEQ_NO="14" TOC_ENTRY_ID="35" DEPTH_LEVEL="1"/>
		<Primitive ID="Ar0300015" BOX="24 820 829 878" ELEMENT_TYPE="Content" SEQ_NO="15" TOC_ENTRY_ID="35" DEPTH_LEVEL="1"/>
		<Primitive ID="Ar0300016" BOX="24 866 829 924" ELEMENT_TYPE="Content" SEQ_NO="16" TOC_ENTRY_ID="35" DEPTH_LEVEL="1"/>
		<Primitive ID="Ar0300017" BOX="24 914 829 999" ELEMENT_TYPE="Content" SEQ_NO="17" TOC_ENTRY_ID="35" DEPTH_LEVEL="1"/>
		<Primitive ID="Ar0300018" BOX="24 987 829 1055" ELEMENT_TYPE="Content" SEQ_NO="18" TOC_ENTRY_ID="35" DEPTH_LEVEL="1"/>
		<Primitive ID="Ar0300019" BOX="24 1044 829 1111" ELEMENT_TYPE="Content" SEQ_NO="19" TOC_ENTRY_ID="35" DEPTH_LEVEL="1"/>
		<Primitive ID="Ar0300020" BOX="24 1100 829 1142" ELEMENT_TYPE="Content" SEQ_NO="20" TOC_ENTRY_ID="35" DEPTH_LEVEL="1"/>
		<Primitive ID="Ar0300021" BOX="24 1130 829 1185" ELEMENT_TYPE="Content" SEQ_NO="21" TOC_ENTRY_ID="35" DEPTH_LEVEL="1"/>
		<Primitive ID="Ar0300022" BOX="24 1185 829 1219" ELEMENT_TYPE="Content" SEQ_NO="22" TOC_ENTRY_ID="35" DEPTH_LEVEL="1"/>
	</Entity>
	<Entity ENTITY_TYPE="Article" FIRST_TOC_ENTRY_ID="37" INDEX_IN_DOC="71" DEPTH_LEVEL="1" ID="Ar03001" SIZE="Small" BOX="24 12 829 82" NEXT_SECTION="" PREV_SECTION="1" IMAGES_RESOLUTION="86" LOGICAL_NAME="true">
		<Name>30 MISS BOSAtf-QUET.</Name>
		<Primitive ID="Ar0300100" BOX="24 12 829 82" ELEMENT_TYPE="Content" SEQ_NO="0" TOC_ENTRY_ID="37" DEPTH_LEVEL="1"/>
	</Entity>
</XMD-PAGE>
