<?xml version="1.0" encoding="windows-1252" standalone="no"?>
<XMD-entity REPOSITORY_FORMAT="1.0" PRXML_VER="2.0" ENTITY_TYPE="Article" DOC_UID="EWJ_01/03/1858" DOC_VER="1" FIRST_TOC_ENTRY_ID="24" DEPTH_LEVEL="1" INDEX_IN_DOC="50" PAGE_NO="19" ID="Ar01901" BOX="24 12 829 70" LANGUAGE="English" SNP="Ar01901S.png" SNP_WIDTH="806" SNP_HEIGHT="58" LOGICAL_NAME="true">
	<Meta NAME="A HOUSE OF MERCY. 19" DESCRIPTION="" SUBTYPE="" BASE_HREF="EWJ/1858/03/01" SOURCE_TYPE="TIFF" PUBLICATION="EWJ" SECTION="None" ISSUE_DATE="01/03/1858" WORDCNT="6" RELEASE_NO="041-EWJ-1858-03-01-001-SINGLE" PAGE_ID="" PAGE_TYPE="Single" PAGE_WIDTH="842" PAGE_HEIGHT="1244" DEFAULT_IMG_EXT="png" PDF_DESTINATION_MAPPED="OLV0_Entity_0019_0002" IMAGES_RESOLUTION="86" XMD_VER="2.6.238.8" PAGE_LABEL="19"/>
	<Link SOURCE="041-EWJ-1858-03-01-001-SINGLE.PDF" FIRST_ID="Ar00200" LAST_ID="Ar07201" NEXT_ID="" PREV_ID="Ar01900" TOC_ID="d:/Olive/Repository/EWJ/1858/03/01/TOC.xml"/>
	<DataFiles>
		<Files TYPE="DOC_PDF" PRESENT="1"/>
		<Files TYPE="PAGE_PDF" PRESENT="0"/>
		<Files TYPE="DOC_IMG" PRESENT="0"/>
		<Files TYPE="PAGE_IMG" PRESENT="0"/>
		<Files TYPE="PAGE_VIEW_IMG" PRESENT="1"/>
		<Files TYPE="PAGE_PREVIEW_IMG" PRESENT="1"/>
		<Files TYPE="PRIMITIVE_IMG" PRESENT="1"/>
		<Files TYPE="SNIPPET_IMG" PRESENT="1"/>
	</DataFiles>
	<Content>
		<Primitive BOX="24 12 829 70" ID="Ar0190100" SEQ_NO="0" TOC_ENTRY_ID="24" DEPTH_LEVEL="1">
			<L BOX="301 32 772 56"/>
			<W BOX="301 33 315 56" STYLE_REF="7">A</W>
			<Q BOX="330 33 386 56" STYLE_REF="7" QID="1">HOUS</Q>
			<q BOX="386 33 400 56" STYLE_REF="7" QID="1">E</q>
			<QW QID="1">HOUSE</QW>
			<W BOX="414 33 441 56" STYLE_REF="7">OF</W>
			<W BOX="455 33 526 56" STYLE_REF="7" NS="y">MERCY</W>
			<W BOX="526 33 531 56" STYLE_REF="7">.</W>
			<W BOX="745 32 772 56" STYLE_REF="7">19</W>
		</Primitive>
	</Content>
	<TOC_Entries><TOC_Entry TOC_ENTRY_ID="42" TITLE="A HOUSE OF MERCY. 19" ENTITY_ID_REF="Ar01901" PAGE_NO="19" PAGE_LABEL="19" PRIM_ID_REF="Ar0190100" IS_IC="true"/></TOC_Entries></XMD-entity>
