<?xml version="1.0" encoding="windows-1252" standalone="no"?>
<XMD-PAGE REPOSITORY_FORMAT="1.0" PRXML_VER="2.0">
	<Meta ISSUE_DATE="01/03/1858" RELEASE_NO="041-EWJ-1858-03-01-001-SINGLE" PAGE_NO="19" NAME="" PAGE_LABEL="19" PAGE_TYPE="Single" PUBLISHER="Olive" PUBLICATION="EWJ" SOURCE_TYPE="TIFF" SOURCE_RESOLUTION="72" IMAGES_RESOLUTION="86" PAGE_THUMBNAIL_RESOLUTION="86" PAGE_PREVIEW_RESOLUTION="15" DEFAULT_IMG_EXT="png" IMG_EXT="png" PREVIEW_IMG_EXT="png" XMD_VER="2.6.238.8" PROFILE_ID="D:\pdfs\EWJ\XMD_EWJ.ini" SECTION="None" PAGE_WIDTH="842" PAGE_HEIGHT="1244" PAGES_NUMBER="72" BASE_HREF="EWJ/1858/03/01" PDF_DESTINATION_MAPPED="OLV0_Page_0019">
		<Resolutions>
			<Resolution DEFAULT="true">86</Resolution>
		</Resolutions>
	</Meta>
	<Link SOURCE="041-EWJ-1858-03-01-001-SINGLE.PDF" NEXT_SECTION="" PREV_SECTION="1"/>
	<DataFiles>
		<Files TYPE="DOC_PDF" PRESENT="1"/>
		<Files TYPE="PAGE_PDF" PRESENT="0"/>
		<Files TYPE="DOC_IMG" PRESENT="0"/>
		<Files TYPE="PAGE_IMG" PRESENT="0"/>
		<Files TYPE="PAGE_VIEW_IMG" PRESENT="1"/>
		<Files TYPE="PAGE_PREVIEW_IMG" PRESENT="1"/>
		<Files TYPE="PRIMITIVE_IMG" PRESENT="1"/>
		<Files TYPE="SNIPPET_IMG" PRESENT="1"/>
	</DataFiles>
	<Entity ENTITY_TYPE="Article" FIRST_TOC_ENTRY_ID="18" INDEX_IN_DOC="36" DEPTH_LEVEL="1" ID="Ar01900" SIZE="XLarge" BOX="24 70 829 1219" NEXT_SECTION="" PREV_SECTION="1" CONTINUATION_TO="Ar02001" CONTINUATION_FROM="Ar01800" FIRST_CHUNK="Ar01303" IMAGES_RESOLUTION="86" LOGICAL_NAME="true">
		<Name>. at A few This High days institution ga...</Name>
		<Primitive ID="Ar0190000" BOX="24 70 829 127" ELEMENT_TYPE="Content" SEQ_NO="0" TOC_ENTRY_ID="18" DEPTH_LEVEL="1"/>
		<Primitive ID="Ar0190001" BOX="24 121 829 175" ELEMENT_TYPE="Content" SEQ_NO="1" TOC_ENTRY_ID="18" DEPTH_LEVEL="1"/>
		<Primitive ID="Ar0190002" BOX="24 169 829 221" ELEMENT_TYPE="Content" SEQ_NO="2" TOC_ENTRY_ID="18" DEPTH_LEVEL="1"/>
		<Primitive ID="Ar0190003" BOX="24 214 829 268" ELEMENT_TYPE="Content" SEQ_NO="3" TOC_ENTRY_ID="18" DEPTH_LEVEL="1"/>
		<Primitive ID="Ar0190004" BOX="24 262 829 316" ELEMENT_TYPE="Content" SEQ_NO="4" TOC_ENTRY_ID="18" DEPTH_LEVEL="1"/>
		<Primitive ID="Ar0190005" BOX="24 309 829 362" ELEMENT_TYPE="Content" SEQ_NO="5" TOC_ENTRY_ID="18" DEPTH_LEVEL="1"/>
		<Primitive ID="Ar0190006" BOX="24 357 829 409" ELEMENT_TYPE="Content" SEQ_NO="6" TOC_ENTRY_ID="18" DEPTH_LEVEL="1"/>
		<Primitive ID="Ar0190007" BOX="24 404 829 457" ELEMENT_TYPE="Content" SEQ_NO="7" TOC_ENTRY_ID="18" DEPTH_LEVEL="1"/>
		<Primitive ID="Ar0190008" BOX="24 451 829 504" ELEMENT_TYPE="Content" SEQ_NO="8" TOC_ENTRY_ID="18" DEPTH_LEVEL="1"/>
		<Primitive ID="Ar0190009" BOX="24 498 829 551" ELEMENT_TYPE="Content" SEQ_NO="9" TOC_ENTRY_ID="18" DEPTH_LEVEL="1"/>
		<Primitive ID="Ar0190010" BOX="24 545 829 599" ELEMENT_TYPE="Content" SEQ_NO="10" TOC_ENTRY_ID="18" DEPTH_LEVEL="1"/>
		<Primitive ID="Ar0190011" BOX="24 593 829 646" ELEMENT_TYPE="Content" SEQ_NO="11" TOC_ENTRY_ID="18" DEPTH_LEVEL="1"/>
		<Primitive ID="Ar0190012" BOX="24 641 829 694" ELEMENT_TYPE="Content" SEQ_NO="12" TOC_ENTRY_ID="18" DEPTH_LEVEL="1"/>
		<Primitive ID="Ar0190013" BOX="24 688 829 741" ELEMENT_TYPE="Content" SEQ_NO="13" TOC_ENTRY_ID="18" DEPTH_LEVEL="1"/>
		<Primitive ID="Ar0190014" BOX="24 735 829 787" ELEMENT_TYPE="Content" SEQ_NO="14" TOC_ENTRY_ID="18" DEPTH_LEVEL="1"/>
		<Primitive ID="Ar0190015" BOX="24 782 829 834" ELEMENT_TYPE="Content" SEQ_NO="15" TOC_ENTRY_ID="18" DEPTH_LEVEL="1"/>
		<Primitive ID="Ar0190016" BOX="24 829 829 882" ELEMENT_TYPE="Content" SEQ_NO="16" TOC_ENTRY_ID="18" DEPTH_LEVEL="1"/>
		<Primitive ID="Ar0190017" BOX="24 876 829 929" ELEMENT_TYPE="Content" SEQ_NO="17" TOC_ENTRY_ID="18" DEPTH_LEVEL="1"/>
		<Primitive ID="Ar0190018" BOX="24 924 829 978" ELEMENT_TYPE="Content" SEQ_NO="18" TOC_ENTRY_ID="18" DEPTH_LEVEL="1"/>
		<Primitive ID="Ar0190019" BOX="24 972 829 1024" ELEMENT_TYPE="Content" SEQ_NO="19" TOC_ENTRY_ID="18" DEPTH_LEVEL="1"/>
		<Primitive ID="Ar0190020" BOX="24 1015 829 1070" ELEMENT_TYPE="Content" SEQ_NO="20" TOC_ENTRY_ID="18" DEPTH_LEVEL="1"/>
		<Primitive ID="Ar0190021" BOX="24 1065 829 1118" ELEMENT_TYPE="Content" SEQ_NO="21" TOC_ENTRY_ID="18" DEPTH_LEVEL="1"/>
		<Primitive ID="Ar0190022" BOX="24 1111 829 1165" ELEMENT_TYPE="Content" SEQ_NO="22" TOC_ENTRY_ID="18" DEPTH_LEVEL="1"/>
		<Primitive ID="Ar0190023" BOX="24 1158 829 1188" ELEMENT_TYPE="Content" SEQ_NO="23" TOC_ENTRY_ID="18" DEPTH_LEVEL="1"/>
		<Primitive ID="Ar0190024" BOX="24 1188 829 1219" ELEMENT_TYPE="Content" SEQ_NO="24" TOC_ENTRY_ID="18" DEPTH_LEVEL="1"/>
	</Entity>
	<Entity ENTITY_TYPE="Article" FIRST_TOC_ENTRY_ID="24" INDEX_IN_DOC="50" DEPTH_LEVEL="1" ID="Ar01901" SIZE="Small" BOX="24 12 829 70" NEXT_SECTION="" PREV_SECTION="1" IMAGES_RESOLUTION="86" LOGICAL_NAME="true">
		<Name>A HOUSE OF MERCY. 19</Name>
		<Primitive ID="Ar0190100" BOX="24 12 829 70" ELEMENT_TYPE="Content" SEQ_NO="0" TOC_ENTRY_ID="24" DEPTH_LEVEL="1"/>
	</Entity>
</XMD-PAGE>