<?xml version="1.0" encoding="windows-1252" standalone="no"?>
<XMD-entity REPOSITORY_FORMAT="1.0" PRXML_VER="2.0" ENTITY_TYPE="Article" DOC_UID="EWJ_01/03/1858" DOC_VER="1" FIRST_TOC_ENTRY_ID="80" DEPTH_LEVEL="1" INDEX_IN_DOC="144" PAGE_NO="64" ID="Ar06401" BOX="24 12 829 83" LANGUAGE="English" SNP="Ar06401S.png" SNP_WIDTH="806" SNP_HEIGHT="71" LOGICAL_NAME="true">
	<Meta NAME="64 NOTICES OP BOOKS." DESCRIPTION="" SUBTYPE="" BASE_HREF="EWJ/1858/03/01" SOURCE_TYPE="TIFF" PUBLICATION="EWJ" SECTION="None" ISSUE_DATE="01/03/1858" WORDCNT="5" RELEASE_NO="041-EWJ-1858-03-01-001-SINGLE" PAGE_ID="" PAGE_TYPE="Single" PAGE_WIDTH="842" PAGE_HEIGHT="1244" DEFAULT_IMG_EXT="png" PDF_DESTINATION_MAPPED="OLV0_Entity_0064_0002" IMAGES_RESOLUTION="86" XMD_VER="2.6.238.8" PAGE_LABEL="64"/>
	<Link SOURCE="041-EWJ-1858-03-01-001-SINGLE.PDF" FIRST_ID="Ar00200" LAST_ID="Ar07201" NEXT_ID="" PREV_ID="Ar06400" TOC_ID="d:/Olive/Repository/EWJ/1858/03/01/TOC.xml"/>
	<DataFiles>
		<Files TYPE="DOC_PDF" PRESENT="1"/>
		<Files TYPE="PAGE_PDF" PRESENT="0"/>
		<Files TYPE="DOC_IMG" PRESENT="0"/>
		<Files TYPE="PAGE_IMG" PRESENT="0"/>
		<Files TYPE="PAGE_VIEW_IMG" PRESENT="1"/>
		<Files TYPE="PAGE_PREVIEW_IMG" PRESENT="1"/>
		<Files TYPE="PRIMITIVE_IMG" PRESENT="1"/>
		<Files TYPE="SNIPPET_IMG" PRESENT="1"/>
	</DataFiles>
	<Content>
		<Primitive BOX="24 12 829 83" ID="Ar0640100" SEQ_NO="0" TOC_ENTRY_ID="80" DEPTH_LEVEL="1">
			<L BOX="94 43 553 75"/>
			<W BOX="94 47 120 75" STYLE_REF="5">64</W>
			<W BOX="338 44 427 72" STYLE_REF="5">NOTICES</W>
			<W BOX="440 43 466 72" STYLE_REF="5">OP</W>
			<W BOX="480 43 548 71" STYLE_REF="5" NS="y">BOOKS</W>
			<W BOX="548 43 553 71" STYLE_REF="5">.</W>
		</Primitive>
	</Content>
	<TOC_Entries><TOC_Entry TOC_ENTRY_ID="141" TITLE="64 NOTICES OP BOOKS." ENTITY_ID_REF="Ar06401" PAGE_NO="64" PAGE_LABEL="64" PRIM_ID_REF="Ar0640100" IS_IC="true"/></TOC_Entries></XMD-entity>
