<?xml version="1.0" encoding="windows-1252" standalone="no"?>
<XMD-entity REPOSITORY_FORMAT="1.0" PRXML_VER="2.0" ENTITY_TYPE="Article" FIRST_TOC_ENTRY_ID="79" DEPTH_LEVEL="1" INDEX_IN_DOC="140" PAGE_NO="64" ID="Ar06400" BOX="24 83 829 1219" LANGUAGE="English" CONTINUATION_TO="Ar06500" CONTINUATION_FROM="Ar06302" LOGICAL_NAME="true">
	<Meta NAME="2.�Year After Year. By the Author of * P..." DESCRIPTION="" SUBTYPE="" BASE_HREF="EWJ/1858/03/01" SOURCE_TYPE="TIFF" PUBLICATION="EWJ" SECTION="None" ISSUE_DATE="01/03/1858" WORDCNT="787" RELEASE_NO="041-EWJ-1858-03-01-001-SINGLE" PAGE_ID="" PAGE_TYPE="Single" PAGE_WIDTH="842" PAGE_HEIGHT="1244" DEFAULT_IMG_EXT="png" PDF_DESTINATION_MAPPED="OLV0_Entity_0064_0001" IMAGES_RESOLUTION="86" XMD_VER="2.6.238.8" PAGE_LABEL="64"/>
	<Link SOURCE="041-EWJ-1858-03-01-001-SINGLE.PDF" FIRST_ID="Ar00200" LAST_ID="Ar07201" NEXT_ID="Ar06401" PREV_ID="" TOC_ID="d:/Olive/Repository/EWJ/1858/03/01/TOC.xml"/>
	<DataFiles>
		<Files TYPE="DOC_PDF" PRESENT="1"/>
		<Files TYPE="PAGE_PDF" PRESENT="0"/>
		<Files TYPE="DOC_IMG" PRESENT="0"/>
		<Files TYPE="PAGE_IMG" PRESENT="0"/>
		<Files TYPE="PAGE_VIEW_IMG" PRESENT="1"/>
		<Files TYPE="PAGE_PREVIEW_IMG" PRESENT="1"/>
		<Files TYPE="PRIMITIVE_IMG" PRESENT="1"/>
		<Files TYPE="SNIPPET_IMG" PRESENT="1"/>
	</DataFiles>
	<Content>
		<Primitive BOX="24 83 829 157" ID="Ar0640000" SEQ_NO="0" TOC_ENTRY_ID="79" DEPTH_LEVEL="1">
			<L BOX="92 83 795 166"/>
			<W BOX="92 91 145 119" STYLE_REF="5">ment</W>
			<W BOX="93 138 130 166" STYLE_REF="5">and</W>
			<Q BOX="93 114 132 143" STYLE_REF="5" QID="1">Jud</Q>
			<q BOX="132 114 169 142" STYLE_REF="5" QID="1">ged</q>
			<QW QID="1">Judged</QW>
			<W BOX="138 136 239 164" STYLE_REF="5">sentiment</W>
			<W BOX="149 91 157 119" STYLE_REF="5">?</W>
			<W BOX="173 90 213 118" STYLE_REF="5">Jud</W>
			<Q BOX="176 113 190 142" STYLE_REF="5" QID="2">b</Q>
			<q BOX="189 113 203 142" STYLE_REF="5" QID="2">y</q>
			<QW QID="2">by</QW>
			<W BOX="210 112 260 140" STYLE_REF="5">itself</W>
			<W BOX="213 89 248 118" STYLE_REF="5">ged</W>
			<W BOX="253 135 312 163" STYLE_REF="5">while</W>
			<W BOX="257 89 270 118" STYLE_REF="5">b</W>
			<W BOX="262 112 267 140" STYLE_REF="5">,</W>
			<W BOX="269 89 283 117" STYLE_REF="5">y</W>
			<W BOX="275 111 290 139" STYLE_REF="5">it</W>
			<W BOX="289 88 335 116" STYLE_REF="5">Paul</W>
			<W BOX="298 111 314 139" STYLE_REF="5">is</W>
			<W BOX="318 134 339 162" STYLE_REF="5">in</W>
			<W BOX="323 111 411 139" STYLE_REF="5">defective</W>
			<W BOX="344 88 414 116" STYLE_REF="5">Ferroll</W>
			<Q BOX="350 134 381 162" STYLE_REF="5" QID="3">sty</Q>
			<q BOX="381 133 400 162" STYLE_REF="5" QID="3">le</q>
			<QW QID="3">style</QW>
			<W BOX="406 133 421 162" STYLE_REF="5">it</W>
			<W BOX="417 88 422 116" STYLE_REF="5">,</W>
			<W BOX="423 111 443 139" STYLE_REF="5">in</W>
			<W BOX="430 87 445 115" STYLE_REF="5">it</W>
			<W BOX="431 133 447 162" STYLE_REF="5">is</W>
			<W BOX="450 111 463 139" STYLE_REF="5">p</W>
			<W BOX="455 133 512 161" STYLE_REF="5">wholl</W>
			<W BOX="457 87 498 115" STYLE_REF="5">will</W>
			<W BOX="462 110 489 138" STYLE_REF="5">lot</W>
			<W BOX="500 109 537 138" STYLE_REF="5">and</W>
			<W BOX="510 87 543 115" STYLE_REF="5">not</W>
			<W BOX="512 134 526 162" STYLE_REF="5">y</W>
			<W BOX="533 135 608 160" STYLE_REF="14">wantin</W>
			<W BOX="545 109 665 137" STYLE_REF="5">exaggerated</W>
			<W BOX="555 86 608 114" STYLE_REF="5">stand</W>
			<W BOX="603 132 617 161" STYLE_REF="5">g</W>
			<W BOX="620 85 646 114" STYLE_REF="5">its</W>
			<W BOX="624 131 643 159" STYLE_REF="5">in</W>
			<W BOX="652 131 704 159" STYLE_REF="5">those</W>
			<W BOX="653 84 727 113" STYLE_REF="5">ground</W>
			<W BOX="672 107 692 136" STYLE_REF="5">in</W>
			<W BOX="701 107 795 135" STYLE_REF="5">character</W>
			<W BOX="713 130 793 158" STYLE_REF="5">striking</W>
			<W BOX="733 84 752 113" STYLE_REF="5">at</W>
			<W BOX="761 83 787 111" STYLE_REF="5" NS="y">all</W>
			<W BOX="787 83 795 111" STYLE_REF="5">.</W>
		</Primitive>
		<Primitive BOX="24 145 829 226" ID="Ar0640001" SEQ_NO="1" TOC_ENTRY_ID="79" DEPTH_LEVEL="1">
			<L BOX="93 136 796 236"/>
			<W BOX="93 208 110 236" STYLE_REF="5">of</W>
			<W BOX="93 161 128 189" STYLE_REF="5">and</W>
			<W BOX="117 183 174 212" STYLE_REF="5">What</W>
			<W BOX="118 207 152 235" STYLE_REF="5">the</W>
			<W BOX="134 161 162 189" STYLE_REF="5">ori</W>
			<W BOX="159 206 209 235" STYLE_REF="5">same</W>
			<Q BOX="162 160 176 188" STYLE_REF="5" QID="4">g</Q>
			<q BOX="175 159 213 188" STYLE_REF="5" QID="4">inal</q>
			<QW QID="4">ginal</QW>
			<W BOX="185 183 235 211" STYLE_REF="5">story</W>
			<W BOX="215 205 274 234" STYLE_REF="5">father</W>
			<W BOX="219 158 301 186" STYLE_REF="5">qualities</W>
			<W BOX="240 136 245 164" STYLE_REF="5">,</W>
			<W BOX="247 181 300 210" STYLE_REF="5">there</W>
			<W BOX="289 205 322 233" STYLE_REF="5">but</W>
			<W BOX="309 157 372 186" STYLE_REF="5">which</W>
			<W BOX="313 181 332 210" STYLE_REF="5">is</W>
			<W BOX="330 205 344 233" STYLE_REF="5">b</W>
			<W BOX="330 181 336 209" STYLE_REF="5">,</W>
			<W BOX="348 181 419 209" STYLE_REF="5">centres</W>
			<W BOX="364 203 445 232" STYLE_REF="5">different</W>
			<W BOX="374 157 395 185" STYLE_REF="5">so</W>
			<W BOX="401 157 492 185" STYLE_REF="5">eminentl</W>
			<W BOX="428 180 488 209" STYLE_REF="5">round</W>
			<W BOX="461 203 546 232" STYLE_REF="5">mothers</W>
			<W BOX="490 157 504 185" STYLE_REF="5">y</W>
			<W BOX="496 179 507 208" STYLE_REF="5">a</W>
			<W BOX="509 156 630 184" STYLE_REF="5">characterize</W>
			<W BOX="515 179 590 207" STYLE_REF="5">brother</W>
			<W BOX="544 202 550 231" STYLE_REF="5">,</W>
			<W BOX="559 202 607 231" STYLE_REF="5">Gray</W>
			<W BOX="598 178 635 207" STYLE_REF="5">and</W>
			<W BOX="617 202 674 230" STYLE_REF="5">being</W>
			<W BOX="639 155 663 183" STYLE_REF="5">its</W>
			<W BOX="641 178 695 206" STYLE_REF="5">sister</W>
			<W BOX="671 154 789 182" STYLE_REF="5">predecessor</W>
			<W BOX="685 201 720 229" STYLE_REF="5">the</W>
			<W BOX="697 177 702 206" STYLE_REF="5">,</W>
			<W BOX="709 177 795 205" STYLE_REF="5">children</W>
			<Q BOX="731 200 763 229" STYLE_REF="5" QID="5">leg</Q>
			<Q BOX="763 200 786 228" STYLE_REF="5" QID="5">iti</Q>
			<q BOX="786 200 796 228" STYLE_REF="5" LH="y" QID="5">-</q>
			<QW QID="5">legiti-</QW>
			<W BOX="789 154 796 182" STYLE_REF="5">.</W>
			<L BOX="343 205 357 233"/>
			<W BOX="343 205 357 233" STYLE_REF="5">y</W>
		</Primitive>
		<Primitive BOX="24 214 829 298" ID="Ar0640002" SEQ_NO="2" TOC_ENTRY_ID="79" DEPTH_LEVEL="1">
			<L BOX="91 205 795 259"/>
			<W BOX="91 231 141 259" STYLE_REF="5">mate</W>
			<W BOX="147 229 234 258" STYLE_REF="5" NS="y">offspring</W>
			<W BOX="238 229 242 258" STYLE_REF="5">,</W>
			<W BOX="251 228 355 256" STYLE_REF="5">Katherine</W>
			<W BOX="276 205 281 233" STYLE_REF="5">,</W>
			<W BOX="360 227 393 255" STYLE_REF="5">the</W>
			<Q BOX="400 227 447 255" STYLE_REF="5" QID="6">illeg</Q>
			<q BOX="446 227 518 255" STYLE_REF="5" NS="y" QID="6">itimate</q>
			<QW QID="6">illegitimate</QW>
			<W BOX="519 227 523 255" STYLE_REF="5">.</W>
			<W BOX="544 225 584 253" STYLE_REF="5">The</W>
			<W BOX="592 225 639 253" STYLE_REF="5">book</W>
			<W BOX="645 224 702 253" STYLE_REF="5">opens</W>
			<W BOX="706 224 754 252" STYLE_REF="5">with</W>
			<W BOX="761 223 795 251" STYLE_REF="5">the</W>
			<L BOX="92 247 794 302"/>
			<W BOX="92 254 145 282" STYLE_REF="5">death</W>
			<W BOX="155 254 174 282" STYLE_REF="5">of</W>
			<W BOX="179 253 213 281" STYLE_REF="5">the</W>
			<W BOX="219 252 276 280" STYLE_REF="5">father</W>
			<W BOX="288 251 343 279" STYLE_REF="5">when</W>
			<W BOX="356 251 404 279" STYLE_REF="5">Gray</W>
			<W BOX="389 274 467 302" STYLE_REF="5">solemnl</W>
			<W BOX="418 250 435 278" STYLE_REF="5">is</W>
			<W BOX="448 250 502 278" STYLE_REF="5">about</W>
			<W BOX="488 272 594 300" STYLE_REF="5">constitutes</W>
			<W BOX="516 249 583 277" STYLE_REF="5">twelve</W>
			<W BOX="596 249 650 277" STYLE_REF="5">years</W>
			<W BOX="607 271 680 299" STYLE_REF="5">himself</W>
			<W BOX="658 248 675 276" STYLE_REF="5">of</W>
			<W BOX="683 247 720 275" STYLE_REF="5">age</W>
			<W BOX="688 270 746 299" STYLE_REF="5">father</W>
			<W BOX="724 247 729 275" STYLE_REF="5">;</W>
			<W BOX="742 247 794 275" STYLE_REF="5">upon</W>
			<W BOX="756 270 793 298" STYLE_REF="5">and</W>
		</Primitive>
		<Primitive BOX="24 286 829 351" ID="Ar0640003" SEQ_NO="3" TOC_ENTRY_ID="79" DEPTH_LEVEL="1">
			<L BOX="91 273 796 329"/>
			<W BOX="91 277 155 306" STYLE_REF="5">which</W>
			<W BOX="91 301 164 329" STYLE_REF="5">mother</W>
			<W BOX="154 278 160 307" STYLE_REF="5">,</W>
			<W BOX="166 277 200 305" STYLE_REF="5">the</W>
			<W BOX="176 300 198 328" STYLE_REF="5">as</W>
			<W BOX="204 299 248 327" STYLE_REF="5">well</W>
			<W BOX="207 275 272 304" STYLE_REF="5">young</W>
			<W BOX="256 299 276 327" STYLE_REF="5">as</W>
			<W BOX="277 274 379 303" STYLE_REF="5">gentleman</W>
			<W BOX="283 298 359 326" STYLE_REF="5">brother</W>
			<W BOX="367 297 387 325" STYLE_REF="5">to</W>
			<W BOX="393 297 424 325" STYLE_REF="5">his</W>
			<W BOX="431 296 495 325" STYLE_REF="5">young</W>
			<W BOX="466 273 480 301" STYLE_REF="5">y</W>
			<W BOX="509 296 563 324" STYLE_REF="5" NS="y">sister</W>
			<W BOX="564 295 569 323" STYLE_REF="5">,</W>
			<W BOX="577 294 621 323" STYLE_REF="5">who</W>
			<W BOX="632 294 698 323" STYLE_REF="5">repays</W>
			<W BOX="712 293 743 321" STYLE_REF="5">his</W>
			<Q BOX="754 293 786 321" STYLE_REF="5" QID="7">chi</Q>
			<Q BOX="786 293 796 321" STYLE_REF="5" QID="7">-</Q>
			<L BOX="90 316 795 351"/>
			<Q BOX="90 326 155 351" STYLE_REF="14" QID="7">valrou</Q>
			<q BOX="156 326 165 351" STYLE_REF="14" QID="7">s</q>
			<QW QID="7">chivalrous</QW>
			<Q BOX="173 325 185 350" STYLE_REF="14" QID="8">a</Q>
			<Q BOX="184 322 197 351" STYLE_REF="5" QID="8">ff</Q>
			<Q BOX="197 325 220 350" STYLE_REF="14" QID="8">ec</Q>
			<Q BOX="219 322 227 351" STYLE_REF="5" QID="8">t</Q>
			<q BOX="227 324 258 349" STYLE_REF="14" QID="8">ion</q>
			<QW QID="8">affection</QW>
			<W BOX="267 324 302 349" STYLE_REF="14">and</W>
			<W BOX="310 320 412 349" STYLE_REF="5">protection</W>
			<W BOX="421 320 468 348" STYLE_REF="5">with</W>
			<W BOX="476 319 509 347" STYLE_REF="5">the</W>
			<W BOX="517 318 601 347" STYLE_REF="5">devotion</W>
			<W BOX="615 318 632 346" STYLE_REF="5">of</W>
			<W BOX="641 316 674 345" STYLE_REF="5">her</W>
			<W BOX="682 316 743 345" STYLE_REF="5">whole</W>
			<W BOX="751 316 786 344" STYLE_REF="5" NS="y">life</W>
			<W BOX="787 316 795 344" STYLE_REF="5">.</W>
			<L BOX="664 340 713 368"/>
			<W BOX="664 340 713 368" STYLE_REF="5">back</W>
		</Primitive>
		<Primitive BOX="24 339 829 421" ID="Ar0640004" SEQ_NO="4" TOC_ENTRY_ID="79" DEPTH_LEVEL="1">
			<L BOX="90 339 793 375"/>
			<W BOX="90 347 108 375" STYLE_REF="5">A</W>
			<W BOX="115 346 205 375" STYLE_REF="5">guardian</W>
			<W BOX="214 345 266 373" STYLE_REF="5">there</W>
			<W BOX="281 345 297 373" STYLE_REF="5">is</W>
			<W BOX="311 344 354 372" STYLE_REF="5">who</W>
			<Q BOX="366 344 378 372" STYLE_REF="5" QID="9">fi</Q>
			<Q BOX="379 344 393 372" STYLE_REF="5" QID="9">g</Q>
			<q BOX="392 346 435 371" STYLE_REF="14" QID="9">ures</q>
			<QW QID="9">figures</QW>
			<Q BOX="448 345 502 370" STYLE_REF="14" QID="10">occas</Q>
			<Q BOX="501 342 509 370" STYLE_REF="5" QID="10">i</Q>
			<Q BOX="508 344 544 370" STYLE_REF="14" QID="10">ona</Q>
			<Q BOX="543 342 552 370" STYLE_REF="5" QID="10">l</Q>
			<Q BOX="551 344 560 369" STYLE_REF="14" QID="10">l</Q>
			<q BOX="559 342 572 370" STYLE_REF="5" QID="10">y</q>
			<QW QID="10">occasionally</QW>
			<W BOX="585 341 605 369" STYLE_REF="5">in</W>
			<W BOX="620 341 652 369" STYLE_REF="5">the</W>
			<W BOX="713 340 785 368" STYLE_REF="5" NS="y">ground</W>
			<W BOX="787 339 793 367" STYLE_REF="5">,</W>
			<L BOX="90 363 792 422"/>
			<W BOX="90 394 123 422" STYLE_REF="5">the</W>
			<W BOX="90 371 124 399" STYLE_REF="5">but</W>
			<W BOX="132 370 166 398" STYLE_REF="5">the</W>
			<W BOX="173 369 237 397" STYLE_REF="5">young</W>
			<W BOX="242 369 290 397" STYLE_REF="5">peop</W>
			<W BOX="279 392 312 420" STYLE_REF="5">can</W>
			<W BOX="289 367 308 395" STYLE_REF="5">le</W>
			<W BOX="315 367 346 395" STYLE_REF="5">are</W>
			<W BOX="325 390 371 418" STYLE_REF="5">well</W>
			<W BOX="354 367 385 395" STYLE_REF="5">left</W>
			<W BOX="376 390 400 418" STYLE_REF="5">be</W>
			<W BOX="396 366 460 395" STYLE_REF="5">pretty</W>
			<Q BOX="407 390 458 418" STYLE_REF="5" QID="11">imag</Q>
			<q BOX="457 389 501 417" STYLE_REF="5" QID="11">ined</q>
			<QW QID="11">imagined</QW>
			<W BOX="466 366 524 394" STYLE_REF="5">much</W>
			<W BOX="501 389 507 417" STYLE_REF="5">.</W>
			<W BOX="530 365 551 393" STYLE_REF="5">to</W>
			<W BOX="532 388 581 416" STYLE_REF="5">Gray</W>
			<W BOX="558 364 605 393" STYLE_REF="5">their</W>
			<W BOX="589 387 654 416" STYLE_REF="5">quickl</W>
			<W BOX="615 364 657 392" STYLE_REF="5">own</W>
			<W BOX="654 387 667 415" STYLE_REF="5">y</W>
			<W BOX="665 363 740 391" STYLE_REF="5">devices</W>
			<Q BOX="675 389 700 414" STYLE_REF="14" QID="12">ou</Q>
			<Q BOX="700 386 709 414" STYLE_REF="5" QID="12">t</Q>
			<Q BOX="708 388 730 413" STYLE_REF="14" QID="12">ru</Q>
			<q BOX="730 386 743 414" STYLE_REF="5" QID="12">n</q>
			<QW QID="12">outrun</QW>
			<W BOX="741 363 746 391" STYLE_REF="5" NS="y">,</W>
			<S S_TYPE="SUB">
				<W BOX="743 388 753 413" STYLE_REF="14">s</W>
			</S>
			<W BOX="754 365 792 390" STYLE_REF="14">and</W>
			<W BOX="760 388 792 413" STYLE_REF="14">his</W>
		</Primitive>
		<Primitive BOX="24 410 829 459" ID="Ar0640005" SEQ_NO="5" TOC_ENTRY_ID="79" DEPTH_LEVEL="1">
			<L BOX="89 392 794 468"/>
			<W BOX="89 442 132 468" STYLE_REF="14">men</W>
			<W BOX="90 419 171 444" STYLE_REF="14">allowan</W>
			<W BOX="130 392 266 421" STYLE_REF="5">consequences</W>
			<Q BOX="132 440 140 468" STYLE_REF="5" QID="13">t</Q>
			<Q BOX="154 439 168 467" STYLE_REF="5" QID="13">b</Q>
			<q BOX="168 442 180 467" STYLE_REF="14" QID="13">e</q>
			<QW QID="13">tbe</QW>
			<W BOX="170 416 181 444" STYLE_REF="5">c</W>
			<W BOX="178 439 187 467" STYLE_REF="5" NS="y">t</W>
			<S S_TYPE="SUP">
				<W BOX="180 418 193 444" STYLE_REF="14">e</W>
			</S>
			<W BOX="187 441 230 466" STYLE_REF="14">akes</W>
			<W BOX="193 416 197 444" STYLE_REF="5">,</W>
			<W BOX="206 415 247 443" STYLE_REF="5">gets</W>
			<Q BOX="238 438 252 467" STYLE_REF="5" QID="14">h</Q>
			<q BOX="251 441 305 466" STYLE_REF="14" QID="14">imsel</q>
			<QW QID="14">himsel</QW>
			<W BOX="255 415 293 443" STYLE_REF="5">into</W>
			<W BOX="303 414 347 442" STYLE_REF="5">debt</W>
			<Q BOX="304 438 312 466" STYLE_REF="5" QID="15">f</Q>
			<q BOX="326 437 344 465" STYLE_REF="5" QID="15">of</q>
			<QW QID="15">fof</QW>
			<W BOX="352 437 383 465" STYLE_REF="5">his</W>
			<W BOX="354 414 376 442" STYLE_REF="5">to</W>
			<W BOX="385 414 396 442" STYLE_REF="5">a</W>
			<W BOX="395 436 437 464" STYLE_REF="5">own</W>
			<W BOX="407 413 465 441" STYLE_REF="5">friend</W>
			<W BOX="449 436 500 464" STYLE_REF="5">accor</W>
			<W BOX="469 412 475 441" STYLE_REF="5">,</W>
			<W BOX="482 415 518 440" STYLE_REF="14">and</W>
			<W BOX="501 434 513 463" STYLE_REF="5">d</W>
			<W BOX="521 411 526 440" STYLE_REF="5">,</W>
			<W BOX="522 434 558 463" STYLE_REF="5">and</W>
			<Q BOX="533 411 552 439" STYLE_REF="5" QID="16">w</Q>
			<q BOX="551 411 589 439" STYLE_REF="5" QID="16">hen</q>
			<QW QID="16">when</QW>
			<W BOX="567 434 590 463" STYLE_REF="5">on</W>
			<W BOX="598 410 673 438" STYLE_REF="5">pressed</W>
			<W BOX="604 433 635 461" STYLE_REF="5">his</W>
			<Q BOX="648 433 676 461" STYLE_REF="5" QID="17">sol</Q>
			<q BOX="675 433 686 461" STYLE_REF="5" QID="17">e</q>
			<QW QID="17">sole</QW>
			<W BOX="684 410 712 438" STYLE_REF="5">for</W>
			<W BOX="698 432 782 460" STYLE_REF="5">responsi</W>
			<W BOX="726 409 785 437" STYLE_REF="5">repay</W>
			<W BOX="782 432 791 460" STYLE_REF="5" LH="y">-</W>
			<W BOX="785 409 794 437" STYLE_REF="5" LH="y">-</W>
		</Primitive>
		<Primitive BOX="24 447 829 514" ID="Ar0640006" SEQ_NO="6" TOC_ENTRY_ID="79" DEPTH_LEVEL="1">
			<L BOX="89 437 791 515"/>
			<W BOX="89 463 146 491" STYLE_REF="5">bility</W>
			<W BOX="117 487 150 515" STYLE_REF="5">onl</W>
			<W BOX="141 440 147 468" STYLE_REF="5">,</W>
			<W BOX="147 463 154 491" STYLE_REF="5">,</W>
			<W BOX="160 462 181 490" STYLE_REF="5">to</W>
			<W BOX="171 486 203 514" STYLE_REF="5">too</W>
			<W BOX="188 462 199 490" STYLE_REF="5">a</W>
			<W BOX="207 461 275 489" STYLE_REF="5">money</W>
			<W BOX="223 484 253 513" STYLE_REF="5">lad</W>
			<W BOX="262 484 281 513" STYLE_REF="5">to</W>
			<Q BOX="275 461 284 489" STYLE_REF="5" LH="y" QID="18">-</Q>
			<q BOX="284 461 347 489" STYLE_REF="5" QID="18">lender</q>
			<QW QID="18">-lender</QW>
			<W BOX="289 484 320 513" STYLE_REF="5">get</W>
			<W BOX="313 437 318 466" STYLE_REF="5">,</W>
			<W BOX="328 483 361 511" STYLE_REF="5">the</W>
			<W BOX="354 460 375 488" STYLE_REF="5">in</W>
			<W BOX="382 460 415 488" STYLE_REF="5">the</W>
			<W BOX="422 459 454 488" STYLE_REF="5">nei</W>
			<W BOX="439 482 496 510" STYLE_REF="5">baron</W>
			<Q BOX="454 459 467 488" STYLE_REF="5" QID="19">g</Q>
			<q BOX="466 458 575 486" STYLE_REF="5" QID="19">hbourhood</q>
			<QW QID="19">ghbourhood</QW>
			<W BOX="497 481 516 509" STYLE_REF="5">et</W>
			<W BOX="524 481 569 509" STYLE_REF="5">thus</W>
			<W BOX="574 480 612 508" STYLE_REF="5">into</W>
			<W BOX="576 457 581 486" STYLE_REF="5">,</W>
			<W BOX="589 457 632 485" STYLE_REF="5">who</W>
			<W BOX="621 479 652 508" STYLE_REF="5">his</W>
			<W BOX="643 457 660 485" STYLE_REF="5">is</W>
			<W BOX="658 478 740 506" STYLE_REF="5">clutches</W>
			<W BOX="671 455 791 483" STYLE_REF="5">represented</W>
			<W BOX="740 478 747 506" STYLE_REF="5">.</W>
		</Primitive>
		<Primitive BOX="24 502 829 560" ID="Ar0640007" SEQ_NO="7" TOC_ENTRY_ID="79" DEPTH_LEVEL="1">
			<L BOX="89 483 432 516"/>
			<W BOX="89 487 109 516" STYLE_REF="5">as</W>
			<W BOX="150 486 164 515" STYLE_REF="5">y</W>
			<Q BOX="211 486 225 514" STYLE_REF="5" QID="20">g</Q>
			<q BOX="368 483 432 511" STYLE_REF="5" QID="20">young</q>
			<QW QID="20">gyoung</QW>
			<L BOX="88 501 791 561"/>
			<W BOX="88 532 196 561" STYLE_REF="5">precocious</W>
			<W BOX="112 509 140 537" STYLE_REF="5">At</W>
			<W BOX="144 509 178 537" STYLE_REF="5">the</W>
			<W BOX="184 508 231 536" STYLE_REF="5">time</W>
			<W BOX="207 531 253 559" STYLE_REF="5">hero</W>
			<W BOX="238 508 256 536" STYLE_REF="5">of</W>
			<W BOX="260 531 277 559" STYLE_REF="5">is</W>
			<W BOX="264 507 302 535" STYLE_REF="5">this</W>
			<W BOX="284 530 343 559" STYLE_REF="5">under</W>
			<W BOX="309 507 364 535" STYLE_REF="5">event</W>
			<W BOX="350 529 433 557" STYLE_REF="5">fourteen</W>
			<W BOX="365 506 371 534" STYLE_REF="5">,</W>
			<W BOX="376 506 440 534" STYLE_REF="5">which</W>
			<W BOX="440 528 446 556" STYLE_REF="5">!</W>
			<W BOX="445 506 459 534" STYLE_REF="5">g</W>
			<W BOX="457 528 497 556" STYLE_REF="5">The</W>
			<W BOX="457 505 497 533" STYLE_REF="5">ives</W>
			<W BOX="506 504 567 532" STYLE_REF="5">colour</W>
			<W BOX="509 527 579 555" STYLE_REF="5">success</W>
			<W BOX="572 503 592 532" STYLE_REF="5">to</W>
			<W BOX="589 527 607 555" STYLE_REF="5">of</W>
			<W BOX="596 503 622 532" STYLE_REF="5">all</W>
			<W BOX="616 526 653 554" STYLE_REF="5">this</W>
			<W BOX="626 502 667 530" STYLE_REF="5">that</W>
			<W BOX="660 526 698 554" STYLE_REF="5">first</W>
			<W BOX="671 502 743 530" STYLE_REF="5">follows</W>
			<W BOX="710 525 745 553" STYLE_REF="5">app</W>
			<W BOX="745 501 750 529" STYLE_REF="5">,</W>
			<W BOX="745 525 782 553" STYLE_REF="5">lica</W>
			<W BOX="756 501 791 529" STYLE_REF="5">our</W>
			<W BOX="782 525 791 553" STYLE_REF="5" LH="y">-</W>
			<L BOX="621 548 782 577"/>
			<W BOX="621 549 628 577" STYLE_REF="5">f</W>
			<W BOX="720 548 739 576" STYLE_REF="5">to</W>
			<W BOX="747 548 782 576" STYLE_REF="5">sub</W>
		</Primitive>
		<Primitive BOX="24 548 829 607" ID="Ar0640008" SEQ_NO="8" TOC_ENTRY_ID="79" DEPTH_LEVEL="1">
			<L BOX="88 548 791 608"/>
			<W BOX="88 579 165 608" STYLE_REF="5">sequent</W>
			<W BOX="88 556 128 585" STYLE_REF="5">tion</W>
			<W BOX="136 556 157 585" STYLE_REF="5">to</W>
			<W BOX="164 555 197 584" STYLE_REF="5">the</W>
			<W BOX="174 578 220 607" STYLE_REF="5">ones</W>
			<W BOX="202 554 293 583" STYLE_REF="5">generous</W>
			<W BOX="219 578 225 606" STYLE_REF="5">,</W>
			<W BOX="232 578 270 606" STYLE_REF="5">till</W>
			<W BOX="271 577 321 605" STYLE_REF="5">Gray</W>
			<W BOX="301 553 331 581" STYLE_REF="5">Mr</W>
			<W BOX="321 577 327 605" STYLE_REF="5">,</W>
			<W BOX="331 553 338 581" STYLE_REF="5">.</W>
			<W BOX="336 576 399 604" STYLE_REF="5">whose</W>
			<W BOX="346 553 395 581" STYLE_REF="5" NS="y">Carn</W>
			<W BOX="396 552 401 581" STYLE_REF="5">,</W>
			<W BOX="406 575 444 603" STYLE_REF="5">maj</W>
			<Q BOX="409 552 419 580" STYLE_REF="5" QID="21">l</Q>
			<q BOX="417 555 461 580" STYLE_REF="14" QID="21">eads</q>
			<QW QID="21">leads</QW>
			<W BOX="444 575 491 603" STYLE_REF="5">ority</W>
			<W BOX="462 552 468 580" STYLE_REF="5">,</W>
			<W BOX="476 554 496 579" STYLE_REF="14">as</W>
			<W BOX="506 574 549 602" STYLE_REF="5">does</W>
			<W BOX="507 554 518 579" STYLE_REF="14">a</W>
			<Q BOX="530 552 561 577" STYLE_REF="14" QID="22">ma</Q>
			<q BOX="560 550 576 578" STYLE_REF="5" QID="22">tt</q>
			<QW QID="22">matt</QW>
			<W BOX="562 573 596 601" STYLE_REF="5">not</W>
			<W BOX="576 552 595 577" STYLE_REF="14">er</W>
			<W BOX="606 573 651 601" STYLE_REF="5">take</W>
			<Q BOX="611 552 622 577" STYLE_REF="14" QID="23">o</Q>
			<Q BOX="641 549 652 577" STYLE_REF="5" QID="23">c</Q>
			<q BOX="651 551 705 576" STYLE_REF="14" QID="23">ourse</q>
			<QW QID="23">ocourse</QW>
			<Q BOX="661 573 674 601" STYLE_REF="5" QID="24">p</Q>
			<q BOX="673 572 714 600" STYLE_REF="5" QID="24">lace</q>
			<QW QID="24">place</QW>
			<W BOX="706 548 712 576" STYLE_REF="5">,</W>
			<W BOX="728 571 759 599" STYLE_REF="5">till</W>
			<W BOX="765 571 790 599" STYLE_REF="5">he</W>
			<W BOX="782 548 791 576" STYLE_REF="5" LH="y">-</W>
			<L BOX="636 594 789 624"/>
			<W BOX="636 595 656 624" STYLE_REF="5">to</W>
			<W BOX="663 595 747 623" STYLE_REF="5">consider</W>
			<W BOX="755 594 789 622" STYLE_REF="5">the</W>
		</Primitive>
		<Primitive BOX="24 595 829 654" ID="Ar0640009" SEQ_NO="9" TOC_ENTRY_ID="79" DEPTH_LEVEL="1">
			<L BOX="87 596 788 654"/>
			<W BOX="87 603 121 631" STYLE_REF="5">has</W>
			<W BOX="88 625 223 654" STYLE_REF="5">accumulating</W>
			<W BOX="129 602 211 630" STYLE_REF="5">attained</W>
			<W BOX="220 601 253 629" STYLE_REF="5">the</W>
			<W BOX="231 623 328 651" STYLE_REF="5">liabilities</W>
			<W BOX="261 600 296 628" STYLE_REF="5">age</W>
			<W BOX="303 600 321 628" STYLE_REF="5">of</W>
			<W BOX="329 599 388 627" STYLE_REF="5">twent</W>
			<W BOX="329 623 335 651" STYLE_REF="5">,</W>
			<W BOX="343 622 379 650" STYLE_REF="5">and</W>
			<W BOX="387 599 399 627" STYLE_REF="5">y</W>
			<W BOX="387 621 497 649" STYLE_REF="5">determines</W>
			<Q BOX="399 599 407 627" STYLE_REF="5" LH="y" QID="25">-</Q>
			<q BOX="407 599 449 627" STYLE_REF="5" NS="y" QID="25">four</q>
			<QW QID="25">-four</QW>
			<W BOX="450 598 455 626" STYLE_REF="5">,</W>
			<Q BOX="462 598 500 626" STYLE_REF="5" QID="26">beg</Q>
			<q BOX="499 597 530 625" STYLE_REF="5" QID="26">ins</q>
			<QW QID="26">begins</QW>
			<W BOX="509 621 530 649" STYLE_REF="5">to</W>
			<W BOX="537 596 614 625" STYLE_REF="5">seriousl</W>
			<W BOX="545 619 630 648" STYLE_REF="5">retrench</W>
			<W BOX="615 596 629 624" STYLE_REF="5">y</W>
			<W BOX="642 619 685 647" STYLE_REF="5">after</W>
			<W BOX="696 619 707 647" STYLE_REF="5">a</W>
			<W BOX="715 617 788 646" STYLE_REF="5">fashion</W>
		</Primitive>
		<Primitive BOX="24 649 829 765" ID="Ar0640010" SEQ_NO="10" TOC_ENTRY_ID="79" DEPTH_LEVEL="1">
			<L BOX="87 649 203 678"/>
			<W BOX="87 650 105 678" STYLE_REF="5">of</W>
			<W BOX="113 649 145 677" STYLE_REF="5">his</W>
			<W BOX="152 649 196 677" STYLE_REF="5" NS="y">own</W>
			<W BOX="196 649 203 677" STYLE_REF="5">.</W>
			<L BOX="86 667 788 758"/>
			<W BOX="86 716 99 739" STYLE_REF="7">ri</W>
			<W BOX="87 730 114 758" STYLE_REF="5">the</W>
			<W BOX="87 694 110 722" STYLE_REF="5">for</W>
			<W BOX="101 712 111 740" STYLE_REF="5">g</W>
			<W BOX="109 674 135 703" STYLE_REF="5">He</W>
			<W BOX="110 711 129 740" STYLE_REF="5">ht</W>
			<W BOX="118 693 172 721" STYLE_REF="5">whom</W>
			<W BOX="121 730 157 758" STYLE_REF="5">rich</W>
			<W BOX="137 711 155 740" STYLE_REF="5">to</W>
			<W BOX="146 674 180 703" STYLE_REF="5">said</W>
			<W BOX="162 711 183 739" STYLE_REF="5">do</W>
			<W BOX="162 729 200 757" STYLE_REF="5">man</W>
			<W BOX="183 693 203 721" STYLE_REF="5">he</W>
			<W BOX="183 711 188 739" STYLE_REF="5">.</W>
			<W BOX="191 673 228 701" STYLE_REF="5">that</W>
			<W BOX="201 730 210 758" STYLE_REF="5" NS="y">'</W>
			<W BOX="207 729 215 757" STYLE_REF="5">s</W>
			<W BOX="210 711 237 739" STYLE_REF="5">He</W>
			<W BOX="211 692 238 720" STYLE_REF="5">did</W>
			<W BOX="223 728 262 756" STYLE_REF="5">park</W>
			<W BOX="235 673 279 701" STYLE_REF="5">upon</W>
			<W BOX="247 710 297 738" STYLE_REF="5">thoug</W>
			<W BOX="248 691 276 720" STYLE_REF="5">not</W>
			<W BOX="268 728 301 756" STYLE_REF="5">was</W>
			<W BOX="284 691 319 719" STYLE_REF="5">care</W>
			<W BOX="288 672 319 700" STYLE_REF="5">due</W>
			<W BOX="297 708 315 737" STYLE_REF="5">ht</W>
			<W BOX="307 727 329 755" STYLE_REF="5">for</W>
			<W BOX="319 690 324 718" STYLE_REF="5">,</W>
			<W BOX="326 708 362 737" STYLE_REF="5">that</W>
			<W BOX="328 671 443 699" STYLE_REF="5">consideration</W>
			<W BOX="332 689 410 718" STYLE_REF="5">benefited</W>
			<W BOX="337 726 373 754" STYLE_REF="5">him</W>
			<W BOX="369 707 413 735" STYLE_REF="5">what</W>
			<W BOX="380 725 416 754" STYLE_REF="5">who</W>
			<W BOX="421 689 443 717" STYLE_REF="5">by</W>
			<W BOX="423 725 480 754" STYLE_REF="5">looked</W>
			<W BOX="424 707 469 735" STYLE_REF="5">Izaac</W>
			<W BOX="453 689 479 717" STYLE_REF="5">his</W>
			<W BOX="453 670 467 698" STYLE_REF="5">it</W>
			<W BOX="475 706 542 734" STYLE_REF="5">Walton</W>
			<W BOX="476 670 509 698" STYLE_REF="5">had</W>
			<W BOX="487 725 504 754" STYLE_REF="5">at</W>
			<W BOX="489 687 552 716" STYLE_REF="5">fortune</W>
			<W BOX="511 724 526 753" STYLE_REF="5">it</W>
			<W BOX="519 668 592 697" STYLE_REF="5">appeared</W>
			<W BOX="526 725 530 753" STYLE_REF="5">,</W>
			<W BOX="537 724 564 752" STYLE_REF="5">his</W>
			<W BOX="553 706 576 734" STYLE_REF="5">sai</W>
			<W BOX="564 687 607 715" STYLE_REF="5">more</W>
			<W BOX="568 724 618 752" STYLE_REF="5">house</W>
			<W BOX="576 705 586 733" STYLE_REF="5">d</W>
			<W BOX="593 705 627 733" STYLE_REF="5">was</W>
			<W BOX="606 668 624 697" STYLE_REF="5">to</W>
			<W BOX="618 687 635 715" STYLE_REF="5">th</W>
			<W BOX="625 723 648 752" STYLE_REF="5">for</W>
			<W BOX="633 705 671 733" STYLE_REF="5">very</W>
			<W BOX="634 668 668 697" STYLE_REF="5">him</W>
			<W BOX="637 686 657 714" STYLE_REF="5">an</W>
			<W BOX="656 723 683 751" STYLE_REF="5">the</W>
			<W BOX="668 686 707 714" STYLE_REF="5">they</W>
			<W BOX="679 667 716 696" STYLE_REF="5">that</W>
			<W BOX="681 704 718 732" STYLE_REF="5">true</W>
			<W BOX="690 723 745 751" STYLE_REF="5">guests</W>
			<W BOX="715 690 746 713" STYLE_REF="7">had</W>
			<W BOX="719 705 724 733" STYLE_REF="5">,</W>
			<W BOX="726 667 767 696" STYLE_REF="5">peop</W>
			<W BOX="736 707 745 735" STYLE_REF="5">"</W>
			<W BOX="750 723 787 751" STYLE_REF="5">who</W>
			<W BOX="750 704 786 733" STYLE_REF="5">that</W>
			<W BOX="754 690 788 713" STYLE_REF="7">any</W>
			<W BOX="767 671 783 695" STYLE_REF="7" NS="y">le</W>
			<W BOX="782 669 788 697" STYLE_REF="5">,</W>
		</Primitive>
		<Primitive BOX="24 753 829 811" ID="Ar0640011" SEQ_NO="11" TOC_ENTRY_ID="79" DEPTH_LEVEL="1">
			<L BOX="86 744 787 797"/>
			<W BOX="86 749 119 777" STYLE_REF="5">had</W>
			<W BOX="109 769 120 797" STYLE_REF="5">"</W>
			<W BOX="125 766 160 795" STYLE_REF="5">Wh</W>
			<W BOX="126 747 148 776" STYLE_REF="5">no</W>
			<W BOX="154 747 218 776" STYLE_REF="5">trouble</W>
			<W BOX="183 769 221 793" STYLE_REF="7">now</W>
			<W BOX="225 747 242 775" STYLE_REF="5">or</W>
			<W BOX="231 764 254 793" STYLE_REF="5">for</W>
			<W BOX="250 746 317 774" STYLE_REF="5">expense</W>
			<W BOX="262 764 333 792" STYLE_REF="5">instance</W>
			<W BOX="324 745 356 774" STYLE_REF="5">and</W>
			<W BOX="332 763 337 791" STYLE_REF="5">,</W>
			<W BOX="342 762 433 790" STYLE_REF="5">Katherine</W>
			<Q BOX="363 744 408 772" STYLE_REF="5" QID="27">enjoy</Q>
			<q BOX="410 744 430 772" STYLE_REF="5" QID="27">ed</q>
			<QW QID="27">enjoyed</QW>
			<W BOX="432 762 439 791" STYLE_REF="5">,</W>
			<W BOX="437 744 451 772" STYLE_REF="5">it</W>
			<W BOX="438 763 447 792" STYLE_REF="5">"</W>
			<W BOX="451 744 458 772" STYLE_REF="5">.</W>
			<W BOX="453 765 486 789" STYLE_REF="7">said</W>
			<W BOX="457 745 471 773" STYLE_REF="5">"</W>
			<W BOX="492 765 515 788" STYLE_REF="7" NS="y">he</W>
			<W BOX="513 761 519 789" STYLE_REF="5">,</W>
			<W BOX="527 763 537 791" STYLE_REF="5">"</W>
			<Q BOX="543 764 573 787" STYLE_REF="7" QID="28">don</Q>
			<Q BOX="575 761 580 789" STYLE_REF="5" QID="28">'</Q>
			<q BOX="578 761 586 789" STYLE_REF="5" QID="28">t</q>
			<QW QID="28">don't</QW>
			<W BOX="594 760 627 788" STYLE_REF="5" NS="y">you</W>
			<W BOX="627 759 633 788" STYLE_REF="5">,</W>
			<W BOX="637 763 668 786" STYLE_REF="7">and</W>
			<Q BOX="675 763 707 786" STYLE_REF="7" QID="29">don</Q>
			<Q BOX="708 759 713 788" STYLE_REF="5" QID="29">'</Q>
			<q BOX="711 759 719 788" STYLE_REF="5" QID="29">t</q>
			<QW QID="29">don't</QW>
			<W BOX="727 759 736 787" STYLE_REF="5">I</W>
			<W BOX="743 759 787 787" STYLE_REF="5">sleep</W>
			<L BOX="86 765 788 813"/>
			<W BOX="86 785 103 813" STYLE_REF="5">in</W>
			<W BOX="111 785 144 813" STYLE_REF="5">two</W>
			<W BOX="150 784 165 812" STYLE_REF="5">of</W>
			<W BOX="160 766 172 794" STYLE_REF="5" NS="y">y</W>
			<W BOX="172 766 177 794" STYLE_REF="5">,</W>
			<W BOX="174 784 201 812" STYLE_REF="5">the</W>
			<W BOX="209 783 279 811" STYLE_REF="5">smallest</W>
			<W BOX="220 765 226 794" STYLE_REF="5">,</W>
			<W BOX="329 781 337 809" STYLE_REF="5">s</W>
			<W BOX="343 781 361 809" STYLE_REF="5">in</W>
			<W BOX="369 781 396 809" STYLE_REF="5">the</W>
			<Q BOX="403 780 453 809" STYLE_REF="5" QID="30">house</Q>
			<q BOX="465 779 501 808" STYLE_REF="5" QID="30">that</q>
			<QW QID="30">housethat</QW>
			<W BOX="508 779 536 808" STYLE_REF="5">the</W>
			<W BOX="543 778 595 807" STYLE_REF="5">others</W>
			<W BOX="602 778 638 806" STYLE_REF="5">may</W>
			<W BOX="647 781 666 805" STYLE_REF="7">be</W>
			<W BOX="674 781 702 805" STYLE_REF="7">the</W>
			<W BOX="709 781 788 805" STYLE_REF="7">company</W>
		</Primitive>
		<Primitive BOX="24 799 829 839" ID="Ar0640012" SEQ_NO="12" TOC_ENTRY_ID="79" DEPTH_LEVEL="1">
			<L BOX="86 780 786 849"/>
			<W BOX="86 826 129 849" STYLE_REF="7">buck</W>
			<W BOX="87 804 139 832" STYLE_REF="5" NS="y">rooms</W>
			<S S_TYPE="SUB">
				<W BOX="140 826 154 849" STYLE_REF="7">is</W>
			</S>
			<W BOX="145 804 149 832" STYLE_REF="5">;</W>
			<W BOX="160 802 192 830" STYLE_REF="5">and</W>
			<W BOX="166 824 204 848" STYLE_REF="7">finer</W>
			<W BOX="199 802 227 830" STYLE_REF="5">the</W>
			<W BOX="218 824 258 847" STYLE_REF="7">than</W>
			<W BOX="233 801 290 829" STYLE_REF="5">garden</W>
			<W BOX="270 823 296 846" STYLE_REF="7">the</W>
			<W BOX="285 782 329 811" STYLE_REF="5">room</W>
			<W BOX="299 800 329 829" STYLE_REF="5">and</W>
			<W BOX="307 822 339 846" STYLE_REF="7">rest</W>
			<W BOX="339 800 368 828" STYLE_REF="5">the</W>
			<W BOX="356 818 374 846" STYLE_REF="5">th</W>
			<Q BOX="378 799 415 827" STYLE_REF="5" QID="31">deer</Q>
			<Q BOX="415 799 422 827" STYLE_REF="5" LH="y" QID="31">-</Q>
			<q BOX="421 799 459 827" STYLE_REF="5" QID="31">park</q>
			<QW QID="31">deer-park</QW>
			<Q BOX="447 818 451 846" STYLE_REF="5" QID="32">'</Q>
			<q BOX="452 818 481 846" STYLE_REF="5" QID="32">Oh</q>
			<QW QID="32">'Oh</QW>
			<W BOX="453 780 458 809" STYLE_REF="5">,</W>
			<W BOX="461 799 466 827" STYLE_REF="5">,</W>
			<W BOX="474 801 500 825" STYLE_REF="7">wh</W>
			<W BOX="498 819 532 843" STYLE_REF="7">don</W>
			<W BOX="500 797 513 826" STYLE_REF="5" NS="y">y</W>
			<W BOX="513 797 519 826" STYLE_REF="5">,</W>
			<W BOX="525 797 558 826" STYLE_REF="5">you</W>
			<W BOX="532 817 539 845" STYLE_REF="5" NS="y">'</W>
			<W BOX="536 815 544 844" STYLE_REF="5">t</W>
			<W BOX="553 815 578 844" STYLE_REF="5">eat</W>
			<W BOX="565 797 585 825" STYLE_REF="5">kn</W>
			<W BOX="585 815 599 843" STYLE_REF="5">it</W>
			<W BOX="587 796 613 825" STYLE_REF="5">ow</W>
			<W BOX="609 815 626 843" STYLE_REF="5">to</W>
			<W BOX="613 797 617 825" STYLE_REF="5">,</W>
			<W BOX="626 815 633 843" STYLE_REF="5" LH="y" NS="y">-</W>
			<S S_TYPE="SUP">
				<W BOX="627 800 640 823" STYLE_REF="7">if</W>
			</S>
			<W BOX="633 815 665 843" STYLE_REF="5">day</W>
			<W BOX="648 800 683 823" STYLE_REF="7">ever</W>
			<W BOX="665 815 670 843" STYLE_REF="5">,</W>
			<W BOX="680 816 705 842" STYLE_REF="14">sir</W>
			<W BOX="691 800 700 823" STYLE_REF="7">a</W>
			<W BOX="703 815 708 843" STYLE_REF="5" NS="y">,</W>
			<S S_TYPE="SUP">
				<W BOX="708 800 719 823" STYLE_REF="7">p</W>
			</S>
			<W BOX="718 818 785 842" STYLE_REF="7">because</W>
			<W BOX="719 800 744 823" STYLE_REF="7">ine</W>
			<W BOX="750 800 768 823" STYLE_REF="7">or</W>
			<W BOX="776 800 786 823" STYLE_REF="7">a</W>
			<L BOX="375 817 433 846"/>
			<W BOX="375 817 394 846" STYLE_REF="5">ey</W>
			<W BOX="404 817 433 845" STYLE_REF="5">say</W>
		</Primitive>
		<Primitive BOX="24 827 829 884" ID="Ar0640013" SEQ_NO="13" TOC_ENTRY_ID="79" DEPTH_LEVEL="1">
			<L BOX="86 817 785 885"/>
			<W BOX="86 844 131 867" STYLE_REF="7">there</W>
			<W BOX="125 861 158 885" STYLE_REF="7">and</W>
			<W BOX="131 841 138 869" STYLE_REF="5" NS="y">'</W>
			<W BOX="136 840 144 869" STYLE_REF="5">s</W>
			<Q BOX="151 839 179 867" STYLE_REF="5" QID="33">onl</Q>
			<q BOX="178 838 190 867" STYLE_REF="5" QID="33">y</q>
			<QW QID="33">only</QW>
			<W BOX="197 838 230 867" STYLE_REF="5">you</W>
			<W BOX="237 838 268 867" STYLE_REF="5">and</W>
			<W BOX="238 856 269 884" STYLE_REF="5">and</W>
			<W BOX="275 837 316 866" STYLE_REF="5">Miss</W>
			<W BOX="276 856 314 884" STYLE_REF="5">then</W>
			<W BOX="322 854 346 883" STYLE_REF="5">we</W>
			<W BOX="322 836 411 864" STYLE_REF="5">Katherine</W>
			<W BOX="339 819 344 847" STYLE_REF="5">,</W>
			<W BOX="353 854 394 883" STYLE_REF="5">shall</W>
			<W BOX="402 854 427 883" STYLE_REF="5">see</W>
			<W BOX="411 836 418 864" STYLE_REF="5" NS="y">.</W>
			<W BOX="415 837 420 865" STYLE_REF="5">'</W>
			<W BOX="433 817 438 845" STYLE_REF="5">,</W>
			<W BOX="434 853 446 882" STYLE_REF="5" NS="y">if</W>
			<S S_TYPE="SUP">
				<W BOX="437 839 477 862" STYLE_REF="7">Now</W>
			</S>
			<W BOX="454 853 478 882" STYLE_REF="5">we</W>
			<W BOX="478 835 483 863" STYLE_REF="5">,</W>
			<W BOX="483 853 524 881" STYLE_REF="5">have</W>
			<W BOX="484 817 488 845" STYLE_REF="5">,</W>
			<Q BOX="490 834 498 862" STYLE_REF="5" QID="34">I</Q>
			<Q BOX="498 834 502 862" STYLE_REF="5" QID="34">'</Q>
			<q BOX="502 834 516 862" STYLE_REF="5" QID="34">ll</q>
			<QW QID="34">I'll</QW>
			<W BOX="524 834 554 862" STYLE_REF="5">not</W>
			<W BOX="530 852 558 880" STYLE_REF="5">not</W>
			<W BOX="559 833 600 861" STYLE_REF="5">treat</W>
			<W BOX="577 854 610 879" STYLE_REF="14">lent</W>
			<W BOX="606 833 636 861" STYLE_REF="5">the</W>
			<W BOX="610 851 621 879" STYLE_REF="5">y</W>
			<W BOX="629 851 644 879" STYLE_REF="5">of</W>
			<W BOX="640 833 690 861" STYLE_REF="5">world</W>
			<W BOX="652 851 712 879" STYLE_REF="5">money</W>
			<W BOX="695 832 700 861" STYLE_REF="5">;</W>
			<W BOX="711 832 721 861" STYLE_REF="5">I</W>
			<W BOX="712 851 717 879" STYLE_REF="5" NS="y">.</W>
			<W BOX="717 852 731 881" STYLE_REF="5">"</W>
			<Q BOX="720 833 725 861" STYLE_REF="5" QID="35">'</Q>
			<q BOX="724 833 737 861" STYLE_REF="5" QID="35">ll</q>
			<QW QID="35">'ll</QW>
			<W BOX="744 833 785 861" STYLE_REF="5">treat</W>
		</Primitive>
		<Primitive BOX="24 872 829 913" ID="Ar0640014" SEQ_NO="14" TOC_ENTRY_ID="79" DEPTH_LEVEL="1">
			<L BOX="85 852 784 924"/>
			<W BOX="85 895 140 924" STYLE_REF="5">article</W>
			<W BOX="85 863 118 886" STYLE_REF="7">you</W>
			<W BOX="107 879 141 904" STYLE_REF="14">The</W>
			<W BOX="149 895 164 923" STYLE_REF="5">of</W>
			<W BOX="151 878 225 903" STYLE_REF="14">practical</W>
			<W BOX="165 861 224 884" STYLE_REF="7" NS="y">myself</W>
			<W BOX="225 857 230 885" STYLE_REF="5">,</W>
			<W BOX="234 874 269 903" STYLE_REF="5">part</W>
			<W BOX="253 893 306 921" STYLE_REF="5">which</W>
			<W BOX="281 874 296 903" STYLE_REF="5">of</W>
			<W BOX="308 873 340 901" STYLE_REF="5">this</W>
			<W BOX="351 873 430 901" STYLE_REF="5">discourse</W>
			<W BOX="374 894 469 918" STYLE_REF="7">calculation</W>
			<W BOX="438 872 470 900" STYLE_REF="5">was</W>
			<W BOX="478 871 513 899" STYLE_REF="5">that</W>
			<W BOX="481 889 502 917" STYLE_REF="5">he</W>
			<W BOX="509 889 559 917" STYLE_REF="5">found</W>
			<W BOX="524 870 545 898" STYLE_REF="5">he</W>
			<W BOX="556 870 609 898" STYLE_REF="5">meant</W>
			<W BOX="566 852 577 880" STYLE_REF="5">p</W>
			<W BOX="567 888 599 916" STYLE_REF="5">was</W>
			<W BOX="606 888 652 916" STYLE_REF="5">spent</W>
			<W BOX="620 870 637 898" STYLE_REF="5">to</W>
			<W BOX="647 869 725 898" STYLE_REF="5">renounce</W>
			<W BOX="659 888 675 916" STYLE_REF="5">to</W>
			<Q BOX="683 888 722 916" STYLE_REF="5" QID="36">mak</Q>
			<q BOX="723 888 731 916" STYLE_REF="5" QID="36">e</q>
			<QW QID="36">make</QW>
			<W BOX="736 869 784 898" STYLE_REF="5">every</W>
			<W BOX="738 888 783 916" STYLE_REF="5">other</W>
			<L BOX="320 890 474 919"/>
			<W BOX="320 895 363 919" STYLE_REF="7">upon</W>
			<W BOX="470 890 474 918" STYLE_REF="5">,</W>
		</Primitive>
		<Primitive BOX="24 901 829 989" ID="Ar0640015" SEQ_NO="15" TOC_ENTRY_ID="79" DEPTH_LEVEL="1">
			<L BOX="84 893 784 994"/>
			<W BOX="84 936 131 959" STYLE_REF="7">mode</W>
			<W BOX="84 918 126 941" STYLE_REF="7">peop</W>
			<W BOX="85 950 164 978" STYLE_REF="5">anything</W>
			<W BOX="125 913 140 941" STYLE_REF="5" NS="y">le</W>
			<S S_TYPE="SUB">
				<W BOX="144 935 160 959" STYLE_REF="7">of</W>
			</S>
			<W BOX="151 913 198 941" STYLE_REF="5">posse</W>
			<W BOX="164 950 170 978" STYLE_REF="5">,</W>
			<W BOX="172 934 242 957" STYLE_REF="7">proceedi</W>
			<W BOX="177 894 245 922" STYLE_REF="5">expense</W>
			<W BOX="182 952 191 980" STYLE_REF="5">"</W>
			<W BOX="196 949 220 977" STYLE_REF="5">Oh</W>
			<W BOX="197 913 215 941" STYLE_REF="5">ss</W>
			<W BOX="222 949 227 977" STYLE_REF="5">,</W>
			<W BOX="225 911 250 940" STYLE_REF="5">his</W>
			<W BOX="237 948 267 976" STYLE_REF="5">but</W>
			<W BOX="243 934 265 957" STYLE_REF="7">ng</W>
			<W BOX="260 911 323 939" STYLE_REF="5">fortune</W>
			<W BOX="270 934 275 957" STYLE_REF="7">;</W>
			<W BOX="273 966 312 994" STYLE_REF="5">with</W>
			<W BOX="278 947 325 976" STYLE_REF="5">every</W>
			<W BOX="284 929 314 957" STYLE_REF="5">but</W>
			<W BOX="306 893 311 921" STYLE_REF="5">,</W>
			<W BOX="320 965 414 993" STYLE_REF="5">admiration</W>
			<W BOX="325 929 346 957" STYLE_REF="5">he</W>
			<W BOX="326 951 356 974" STYLE_REF="7">bod</W>
			<W BOX="333 910 394 938" STYLE_REF="5">instead</W>
			<W BOX="356 928 432 956" STYLE_REF="5">intended</W>
			<W BOX="356 946 368 975" STYLE_REF="5">y</W>
			<W BOX="378 950 414 973" STYLE_REF="7">does</W>
			<W BOX="405 909 421 937" STYLE_REF="5">of</W>
			<W BOX="425 964 460 992" STYLE_REF="5">that</W>
			<W BOX="426 949 443 973" STYLE_REF="7">so</W>
			<W BOX="431 909 496 937" STYLE_REF="5">himself</W>
			<W BOX="441 927 488 955" STYLE_REF="5">never</W>
			<W BOX="451 949 455 972" STYLE_REF="7">;</W>
			<W BOX="466 949 486 972" STYLE_REF="7">oh</W>
			<W BOX="467 964 487 992" STYLE_REF="5">he</W>
			<W BOX="487 945 492 973" STYLE_REF="5">,</W>
			<W BOX="495 926 514 954" STYLE_REF="5">to</W>
			<W BOX="496 909 502 937" STYLE_REF="5">.</W>
			<W BOX="504 944 534 972" STYLE_REF="5">but</W>
			<W BOX="520 925 574 954" STYLE_REF="5">accept</W>
			<W BOX="522 907 549 935" STYLE_REF="5">He</W>
			<W BOX="536 962 580 990" STYLE_REF="5">quite</W>
			<W BOX="547 943 590 972" STYLE_REF="5">what</W>
			<W BOX="559 906 605 935" STYLE_REF="5">knew</W>
			<W BOX="585 925 603 954" STYLE_REF="5">as</W>
			<W BOX="590 961 602 990" STYLE_REF="5">ri</W>
			<W BOX="602 942 636 971" STYLE_REF="5">will</W>
			<W BOX="611 906 624 935" STYLE_REF="5">it</W>
			<W BOX="613 924 622 952" STYLE_REF="5">a</W>
			<W BOX="614 961 636 989" STYLE_REF="5">ht</W>
			<W BOX="632 906 665 934" STYLE_REF="5">was</W>
			<W BOX="632 924 686 952" STYLE_REF="5">reason</W>
			<W BOX="647 942 674 971" STYLE_REF="5">the</W>
			<W BOX="655 961 676 989" STYLE_REF="5">for</W>
			<W BOX="675 906 705 934" STYLE_REF="5">not</W>
			<W BOX="686 942 712 971" STYLE_REF="5">nei</W>
			<W BOX="690 961 738 989" STYLE_REF="5">being</W>
			<W BOX="699 924 723 952" STYLE_REF="5">for</W>
			<W BOX="713 942 725 971" STYLE_REF="5">g</W>
			<W BOX="716 906 725 934" STYLE_REF="5">a</W>
			<W BOX="724 943 783 971" STYLE_REF="5">hbours</W>
			<W BOX="735 924 784 952" STYLE_REF="5">doing</W>
			<W BOX="735 906 784 934" STYLE_REF="5">usual</W>
			<W BOX="748 961 782 990" STYLE_REF="5">still</W>
		</Primitive>
		<Primitive BOX="24 977 829 1063" ID="Ar0640016" SEQ_NO="16" TOC_ENTRY_ID="79" DEPTH_LEVEL="1">
			<L BOX="84 961 782 1014"/>
			<W BOX="84 969 112 997" STYLE_REF="5" NS="y">say</W>
			<W BOX="118 968 126 997" STYLE_REF="5" NS="y">?</W>
			<W BOX="129 970 140 998" STYLE_REF="5">"</W>
			<W BOX="162 967 170 996" STYLE_REF="5">I</W>
			<W BOX="166 986 207 1014" STYLE_REF="5">than</W>
			<W BOX="181 967 223 996" STYLE_REF="5">cried</W>
			<W BOX="216 985 237 1014" STYLE_REF="5">he</W>
			<W BOX="234 967 261 995" STYLE_REF="5">out</W>
			<W BOX="249 985 294 1013" STYLE_REF="5">these</W>
			<Q BOX="302 983 338 1012" STYLE_REF="5" QID="37">well</Q>
			<Q BOX="338 983 345 1012" STYLE_REF="5" LH="y" QID="37">-</Q>
			<q BOX="345 983 408 1012" STYLE_REF="5" QID="37">ordered</q>
			<QW QID="37">well-ordered</QW>
			<W BOX="416 982 469 1011" STYLE_REF="5">words</W>
			<W BOX="483 983 501 1008" STYLE_REF="14">in</W>
			<W BOX="495 962 529 991" STYLE_REF="5">was</W>
			<W BOX="512 983 542 1008" STYLE_REF="14">the</W>
			<Q BOX="551 983 577 1008" STYLE_REF="14" QID="38">firs</Q>
			<q BOX="579 982 586 1007" STYLE_REF="14" QID="38">t</q>
			<QW QID="38">first</QW>
			<W BOX="596 982 607 1007" STYLE_REF="14">p</W>
			<W BOX="604 961 614 989" STYLE_REF="5">g</W>
			<W BOX="607 983 641 1007" STYLE_REF="7">lace</W>
			<W BOX="636 961 643 989" STYLE_REF="5">;</W>
			<W BOX="641 980 645 1008" STYLE_REF="5">,</W>
			<W BOX="653 979 725 1007" STYLE_REF="5">sounded</W>
			<W BOX="678 961 683 990" STYLE_REF="5">,</W>
			<W BOX="732 979 749 1007" STYLE_REF="5">to</W>
			<W BOX="756 979 782 1007" STYLE_REF="5">me</W>
			<L BOX="83 981 785 1068"/>
			<W BOX="83 1005 148 1033" STYLE_REF="5">perfectl</W>
			<W BOX="83 1027 100 1051" STYLE_REF="7">th</W>
			<W BOX="84 986 155 1015" STYLE_REF="5">younger</W>
			<W BOX="102 1027 161 1051" STYLE_REF="7">erefore</W>
			<W BOX="149 1004 161 1032" STYLE_REF="5">y</W>
			<W BOX="161 1023 167 1052" STYLE_REF="5">,</W>
			<W BOX="165 1003 257 1032" STYLE_REF="5">reasonable</W>
			<W BOX="174 1022 194 1050" STYLE_REF="5">he</W>
			<W BOX="201 1022 229 1050" STYLE_REF="5">got</W>
			<W BOX="238 985 242 1013" STYLE_REF="5">,</W>
			<W BOX="239 1040 274 1068" STYLE_REF="5">lans</W>
			<W BOX="240 1021 261 1049" STYLE_REF="5">no</W>
			<W BOX="262 1003 267 1031" STYLE_REF="5">;</W>
			<W BOX="272 1021 310 1049" STYLE_REF="5">good</W>
			<W BOX="276 1003 308 1031" STYLE_REF="5">and</W>
			<W BOX="315 1002 333 1030" STYLE_REF="5">in</W>
			<W BOX="320 1020 384 1048" STYLE_REF="5">counsel</W>
			<W BOX="339 1002 368 1030" STYLE_REF="5">the</W>
			<W BOX="374 1002 414 1030" STYLE_REF="5">next</W>
			<W BOX="395 1020 437 1048" STYLE_REF="5">from</W>
			<W BOX="414 1002 419 1030" STYLE_REF="5">,</W>
			<W BOX="425 1000 505 1028" STYLE_REF="5">whatever</W>
			<W BOX="448 1019 474 1047" STYLE_REF="5">me</W>
			<W BOX="469 981 473 1009" STYLE_REF="5">,</W>
			<W BOX="474 1019 479 1048" STYLE_REF="5">,</W>
			<W BOX="487 1021 518 1045" STYLE_REF="7">and</W>
			<W BOX="511 999 555 1027" STYLE_REF="5">Gray</W>
			<W BOX="520 1018 525 1046" STYLE_REF="5">,</W>
			<W BOX="533 1017 600 1045" STYLE_REF="5">without</W>
			<W BOX="563 998 590 1026" STYLE_REF="5">did</W>
			<W BOX="597 998 605 1026" STYLE_REF="5">I</W>
			<W BOX="608 1016 695 1045" STYLE_REF="5">opposition</W>
			<Q BOX="614 998 664 1026" STYLE_REF="5" QID="39">thoug</Q>
			<q BOX="663 998 682 1026" STYLE_REF="5" QID="39">ht</q>
			<QW QID="39">thought</QW>
			<W BOX="687 998 726 1026" STYLE_REF="5">well</W>
			<W BOX="698 1016 704 1045" STYLE_REF="5">,</W>
			<W BOX="711 1019 755 1044" STYLE_REF="14">went</W>
			<W BOX="732 998 773 1026" STYLE_REF="5">done</W>
			<W BOX="761 1019 783 1044" STYLE_REF="14">on</W>
			<W BOX="778 998 785 1026" STYLE_REF="5">;</W>
		</Primitive>
		<Primitive BOX="24 1051 829 1113" ID="Ar0640017" SEQ_NO="17" TOC_ENTRY_ID="79" DEPTH_LEVEL="1">
			<L BOX="82 1040 280 1070"/>
			<W BOX="82 1045 99 1070" STYLE_REF="14">to</W>
			<W BOX="107 1045 133 1070" STYLE_REF="14">lay</W>
			<W BOX="140 1045 187 1068" STYLE_REF="7">down</W>
			<W BOX="195 1044 222 1068" STYLE_REF="7">his</W>
			<W BOX="228 1044 239 1068" STYLE_REF="7" NS="y">p</W>
			<W BOX="274 1040 280 1068" STYLE_REF="5">.</W>
			<L BOX="106 1062 782 1098"/>
			<W BOX="106 1070 151 1098" STYLE_REF="5">This</W>
			<W BOX="160 1069 251 1097" STYLE_REF="5">eccentric</W>
			<W BOX="259 1068 312 1096" STYLE_REF="5">mode</W>
			<W BOX="320 1067 337 1095" STYLE_REF="5">of</W>
			<W BOX="346 1066 482 1094" STYLE_REF="5">retrenchment</W>
			<W BOX="493 1064 512 1092" STYLE_REF="5">of</W>
			<W BOX="522 1064 585 1092" STYLE_REF="5">course</W>
			<W BOX="595 1063 706 1092" STYLE_REF="5">scandalises</W>
			<W BOX="715 1063 765 1091" STYLE_REF="5" NS="y">Gray</W>
			<W BOX="767 1062 774 1090" STYLE_REF="5" NS="y">'</W>
			<W BOX="772 1063 782 1091" STYLE_REF="5">s</W>
			<L BOX="82 1086 782 1122"/>
			<W BOX="82 1094 122 1122" STYLE_REF="5">rich</W>
			<Q BOX="130 1094 162 1122" STYLE_REF="5" QID="40">nei</Q>
			<Q BOX="174 1093 243 1121" STYLE_REF="5" QID="40">hbours</Q>
			<q BOX="258 1092 290 1120" STYLE_REF="5" QID="40">but</q>
			<QW QID="40">neihboursbut</QW>
			<W BOX="299 1091 323 1119" STYLE_REF="5">he</W>
			<W BOX="333 1090 440 1118" STYLE_REF="5" NS="y">perseveres</W>
			<W BOX="446 1090 451 1118" STYLE_REF="5">;</W>
			<W BOX="463 1088 539 1116" STYLE_REF="5">atoning</W>
			<W BOX="549 1087 576 1116" STYLE_REF="5">for</W>
			<W BOX="587 1087 617 1116" STYLE_REF="5">his</W>
			<W BOX="628 1087 676 1115" STYLE_REF="5">want</W>
			<W BOX="689 1086 708 1114" STYLE_REF="5">of</W>
			<Q BOX="720 1086 767 1114" STYLE_REF="5" QID="41">hosp</Q>
			<Q BOX="767 1086 773 1114" STYLE_REF="5" QID="41">i</Q>
			<Q BOX="773 1086 782 1114" STYLE_REF="5" QID="41">-</Q>
		</Primitive>
		<Primitive BOX="24 1101 829 1192" ID="Ar0640018" SEQ_NO="18" TOC_ENTRY_ID="79" DEPTH_LEVEL="1">
			<L BOX="80 1092 781 1192"/>
			<q BOX="80 1164 134 1192" STYLE_REF="5" QID="41">party</q>
			<QW QID="41">hospiparty</QW>
			<W BOX="80 1141 127 1169" STYLE_REF="5">riors</W>
			<W BOX="81 1117 136 1146" STYLE_REF="5">tality</W>
			<W BOX="128 1141 133 1169" STYLE_REF="5">.</W>
			<W BOX="144 1117 164 1146" STYLE_REF="5">to</W>
			<W BOX="147 1164 165 1192" STYLE_REF="5">of</W>
			<W BOX="158 1140 235 1168" STYLE_REF="5">Matters</W>
			<W BOX="162 1094 175 1122" STYLE_REF="5">g</W>
			<W BOX="171 1116 201 1144" STYLE_REF="5">his</W>
			<W BOX="180 1162 209 1191" STYLE_REF="5">his</W>
			<W BOX="210 1116 274 1144" STYLE_REF="5">equals</W>
			<W BOX="223 1162 295 1190" STYLE_REF="5">tenants</W>
			<W BOX="244 1092 249 1121" STYLE_REF="5">,</W>
			<W BOX="248 1139 290 1167" STYLE_REF="5">thus</W>
			<Q BOX="283 1115 296 1144" STYLE_REF="5" QID="42">b</Q>
			<q BOX="295 1115 308 1144" STYLE_REF="5" QID="42">y</q>
			<QW QID="42">by</QW>
			<W BOX="302 1138 380 1166" STYLE_REF="5">proceed</W>
			<W BOX="309 1161 344 1190" STYLE_REF="5">and</W>
			<W BOX="315 1114 346 1142" STYLE_REF="5">his</W>
			<W BOX="356 1113 447 1142" STYLE_REF="5">kindness</W>
			<W BOX="359 1160 471 1188" STYLE_REF="5">dependants</W>
			<W BOX="381 1138 387 1166" STYLE_REF="5">,</W>
			<W BOX="395 1137 431 1165" STYLE_REF="5">and</W>
			<W BOX="443 1136 492 1164" STYLE_REF="5">Gray</W>
			<W BOX="457 1113 492 1142" STYLE_REF="5">and</W>
			<W BOX="473 1159 478 1188" STYLE_REF="5">,</W>
			<W BOX="491 1159 546 1187" STYLE_REF="5">when</W>
			<W BOX="502 1135 519 1163" STYLE_REF="5">is</W>
			<W BOX="506 1111 640 1140" STYLE_REF="5">consideration</W>
			<W BOX="527 1134 651 1162" STYLE_REF="5">entertaining</W>
			<W BOX="560 1159 570 1187" STYLE_REF="5">a</W>
			<W BOX="583 1157 613 1185" STYLE_REF="5" NS="y">Mr</W>
			<W BOX="613 1157 619 1185" STYLE_REF="5">.</W>
			<W BOX="633 1157 692 1185" STYLE_REF="5">Carey</W>
			<W BOX="652 1110 679 1138" STYLE_REF="5">for</W>
			<W BOX="659 1134 669 1162" STYLE_REF="5">a</W>
			<W BOX="678 1133 781 1161" STYLE_REF="5">Christinas</W>
			<W BOX="692 1157 698 1185" STYLE_REF="5">,</W>
			<W BOX="692 1110 723 1138" STYLE_REF="5">his</W>
			<W BOX="711 1157 733 1185" STYLE_REF="5">an</W>
			<W BOX="735 1110 772 1138" STYLE_REF="5">infe</W>
			<W BOX="748 1157 778 1185" STYLE_REF="5">old</W>
			<Q BOX="775 1111 781 1139" STYLE_REF="5" QID="43">-</Q>
		</Primitive>
		<Primitive BOX="24 1192 829 1219" ID="Ar0640019" SEQ_NO="19" TOC_ENTRY_ID="79" DEPTH_LEVEL="1">
			<L BOX="290 1195 296 1204"/>
			<q BOX="290 1195 294 1204" STYLE_REF="39" NS="y" QID="43">s</q>
			<QW QID="43">s</QW>
			<W BOX="294 1195 296 1204" STYLE_REF="39">.</W>
		</Primitive>
	</Content>
	<TOC_Entries><TOC_Entry TOC_ENTRY_ID="140" TITLE="2.�Year After Year. By the Author of * P..." ENTITY_ID_REF="Ar06400" PAGE_NO="64" PAGE_LABEL="64" PRIM_ID_REF="Ar0640000" IS_IC="true"/></TOC_Entries></XMD-entity>
