<?xml version="1.0" encoding="windows-1252" standalone="no"?>
<XMD-PAGE REPOSITORY_FORMAT="1.0" PRXML_VER="2.0">
	<Meta ISSUE_DATE="01/03/1858" RELEASE_NO="041-EWJ-1858-03-01-001-SINGLE" PAGE_NO="64" NAME="" PAGE_LABEL="64" PAGE_TYPE="Single" PUBLISHER="Olive" PUBLICATION="EWJ" SOURCE_TYPE="TIFF" SOURCE_RESOLUTION="72" IMAGES_RESOLUTION="86" PAGE_THUMBNAIL_RESOLUTION="86" PAGE_PREVIEW_RESOLUTION="15" DEFAULT_IMG_EXT="png" IMG_EXT="png" PREVIEW_IMG_EXT="png" XMD_VER="2.6.238.8" PROFILE_ID="D:\pdfs\EWJ\XMD_EWJ.ini" SECTION="None" PAGE_WIDTH="842" PAGE_HEIGHT="1244" PAGES_NUMBER="72" BASE_HREF="EWJ/1858/03/01" PDF_DESTINATION_MAPPED="OLV0_Page_0064">
		<Resolutions>
			<Resolution DEFAULT="true">86</Resolution>
		</Resolutions>
	</Meta>
	<Link SOURCE="041-EWJ-1858-03-01-001-SINGLE.PDF" NEXT_SECTION="" PREV_SECTION="1"/>
	<DataFiles>
		<Files TYPE="DOC_PDF" PRESENT="1"/>
		<Files TYPE="PAGE_PDF" PRESENT="0"/>
		<Files TYPE="DOC_IMG" PRESENT="0"/>
		<Files TYPE="PAGE_IMG" PRESENT="0"/>
		<Files TYPE="PAGE_VIEW_IMG" PRESENT="1"/>
		<Files TYPE="PAGE_PREVIEW_IMG" PRESENT="1"/>
		<Files TYPE="PRIMITIVE_IMG" PRESENT="1"/>
		<Files TYPE="SNIPPET_IMG" PRESENT="1"/>
	</DataFiles>
	<Entity ENTITY_TYPE="Article" FIRST_TOC_ENTRY_ID="79" INDEX_IN_DOC="140" DEPTH_LEVEL="1" ID="Ar06400" SIZE="XLarge" BOX="24 83 829 1219" NEXT_SECTION="" PREV_SECTION="1" CONTINUATION_TO="Ar06500" CONTINUATION_FROM="Ar06302" FIRST_CHUNK="Ar06302" IMAGES_RESOLUTION="86" LOGICAL_NAME="true">
		<Name>2.�Year After Year. By the Author of * P...</Name>
		<Primitive ID="Ar0640000" BOX="24 83 829 157" ELEMENT_TYPE="Content" SEQ_NO="0" TOC_ENTRY_ID="79" DEPTH_LEVEL="1"/>
		<Primitive ID="Ar0640001" BOX="24 145 829 226" ELEMENT_TYPE="Content" SEQ_NO="1" TOC_ENTRY_ID="79" DEPTH_LEVEL="1"/>
		<Primitive ID="Ar0640002" BOX="24 214 829 298" ELEMENT_TYPE="Content" SEQ_NO="2" TOC_ENTRY_ID="79" DEPTH_LEVEL="1"/>
		<Primitive ID="Ar0640003" BOX="24 286 829 351" ELEMENT_TYPE="Content" SEQ_NO="3" TOC_ENTRY_ID="79" DEPTH_LEVEL="1"/>
		<Primitive ID="Ar0640004" BOX="24 339 829 421" ELEMENT_TYPE="Content" SEQ_NO="4" TOC_ENTRY_ID="79" DEPTH_LEVEL="1"/>
		<Primitive ID="Ar0640005" BOX="24 410 829 459" ELEMENT_TYPE="Content" SEQ_NO="5" TOC_ENTRY_ID="79" DEPTH_LEVEL="1"/>
		<Primitive ID="Ar0640006" BOX="24 447 829 514" ELEMENT_TYPE="Content" SEQ_NO="6" TOC_ENTRY_ID="79" DEPTH_LEVEL="1"/>
		<Primitive ID="Ar0640007" BOX="24 502 829 560" ELEMENT_TYPE="Content" SEQ_NO="7" TOC_ENTRY_ID="79" DEPTH_LEVEL="1"/>
		<Primitive ID="Ar0640008" BOX="24 548 829 607" ELEMENT_TYPE="Content" SEQ_NO="8" TOC_ENTRY_ID="79" DEPTH_LEVEL="1"/>
		<Primitive ID="Ar0640009" BOX="24 595 829 654" ELEMENT_TYPE="Content" SEQ_NO="9" TOC_ENTRY_ID="79" DEPTH_LEVEL="1"/>
		<Primitive ID="Ar0640010" BOX="24 649 829 765" ELEMENT_TYPE="Content" SEQ_NO="10" TOC_ENTRY_ID="79" DEPTH_LEVEL="1"/>
		<Primitive ID="Ar0640011" BOX="24 753 829 811" ELEMENT_TYPE="Content" SEQ_NO="11" TOC_ENTRY_ID="79" DEPTH_LEVEL="1"/>
		<Primitive ID="Ar0640012" BOX="24 799 829 839" ELEMENT_TYPE="Content" SEQ_NO="12" TOC_ENTRY_ID="79" DEPTH_LEVEL="1"/>
		<Primitive ID="Ar0640013" BOX="24 827 829 884" ELEMENT_TYPE="Content" SEQ_NO="13" TOC_ENTRY_ID="79" DEPTH_LEVEL="1"/>
		<Primitive ID="Ar0640014" BOX="24 872 829 913" ELEMENT_TYPE="Content" SEQ_NO="14" TOC_ENTRY_ID="79" DEPTH_LEVEL="1"/>
		<Primitive ID="Ar0640015" BOX="24 901 829 989" ELEMENT_TYPE="Content" SEQ_NO="15" TOC_ENTRY_ID="79" DEPTH_LEVEL="1"/>
		<Primitive ID="Ar0640016" BOX="24 977 829 1063" ELEMENT_TYPE="Content" SEQ_NO="16" TOC_ENTRY_ID="79" DEPTH_LEVEL="1"/>
		<Primitive ID="Ar0640017" BOX="24 1051 829 1113" ELEMENT_TYPE="Content" SEQ_NO="17" TOC_ENTRY_ID="79" DEPTH_LEVEL="1"/>
		<Primitive ID="Ar0640018" BOX="24 1101 829 1192" ELEMENT_TYPE="Content" SEQ_NO="18" TOC_ENTRY_ID="79" DEPTH_LEVEL="1"/>
		<Primitive ID="Ar0640019" BOX="24 1192 829 1219" ELEMENT_TYPE="Content" SEQ_NO="19" TOC_ENTRY_ID="79" DEPTH_LEVEL="1"/>
	</Entity>
	<Entity ENTITY_TYPE="Article" FIRST_TOC_ENTRY_ID="80" INDEX_IN_DOC="144" DEPTH_LEVEL="1" ID="Ar06401" SIZE="Small" BOX="24 12 829 83" NEXT_SECTION="" PREV_SECTION="1" IMAGES_RESOLUTION="86" LOGICAL_NAME="true">
		<Name>64 NOTICES OP BOOKS.</Name>
		<Primitive ID="Ar0640100" BOX="24 12 829 83" ELEMENT_TYPE="Content" SEQ_NO="0" TOC_ENTRY_ID="80" DEPTH_LEVEL="1"/>
	</Entity>
</XMD-PAGE>