<?xml version="1.0" encoding="windows-1252" standalone="no"?>
<XMD-entity REPOSITORY_FORMAT="1.0" PRXML_VER="2.0" ENTITY_TYPE="Article" DOC_UID="EWJ_01/04/1858" DOC_VER="1" FIRST_TOC_ENTRY_ID="53" DEPTH_LEVEL="1" INDEX_IN_DOC="95" PAGE_NO="44" ID="Ar04401" BOX="24 12 811 87" LANGUAGE="English" SNP="Ar04401S.png" SNP_WIDTH="788" SNP_HEIGHT="75" LOGICAL_NAME="true">
	<Meta NAME="116 MY GEE AT AUNT POI/LY'S ELOPEMENT." DESCRIPTION="" SUBTYPE="" BASE_HREF="EWJ/1858/04/01" SOURCE_TYPE="TIFF" PUBLICATION="EWJ" SECTION="None" ISSUE_DATE="01/04/1858" WORDCNT="12" RELEASE_NO="041-EWJ-1858-04-01-001-SINGLE" PAGE_ID="" PAGE_TYPE="Single" PAGE_WIDTH="823" PAGE_HEIGHT="1239" DEFAULT_IMG_EXT="png" PDF_DESTINATION_MAPPED="OLV0_Entity_0044_0002" IMAGES_RESOLUTION="86" XMD_VER="2.6.238.8" PAGE_LABEL="116"/>
	<Link SOURCE="041-EWJ-1858-04-01-001-SINGLE.PDF" FIRST_ID="Ar00200" LAST_ID="Ar07201" NEXT_ID="" PREV_ID="Ar04400" TOC_ID="d:/Olive/Repository/EWJ/1858/04/01/TOC.xml"/>
	<DataFiles>
		<Files TYPE="DOC_PDF" PRESENT="1"/>
		<Files TYPE="PAGE_PDF" PRESENT="0"/>
		<Files TYPE="DOC_IMG" PRESENT="0"/>
		<Files TYPE="PAGE_IMG" PRESENT="0"/>
		<Files TYPE="PAGE_VIEW_IMG" PRESENT="1"/>
		<Files TYPE="PAGE_PREVIEW_IMG" PRESENT="1"/>
		<Files TYPE="PRIMITIVE_IMG" PRESENT="1"/>
		<Files TYPE="SNIPPET_IMG" PRESENT="1"/>
	</DataFiles>
	<Content>
		<Primitive BOX="24 12 811 87" ID="Ar0440100" SEQ_NO="0" TOC_ENTRY_ID="53" DEPTH_LEVEL="1">
			<L BOX="67 49 636 75"/>
			<W BOX="67 51 95 75" STYLE_REF="7">116</W>
			<W BOX="207 51 237 75" STYLE_REF="7">MY</W>
			<W BOX="251 52 292 75" STYLE_REF="7">GEE</W>
			<W BOX="293 52 321 75" STYLE_REF="7">AT</W>
			<Q BOX="334 52 377 75" STYLE_REF="7" QID="1">AUN</Q>
			<q BOX="378 52 390 75" STYLE_REF="7" QID="1">T</q>
			<QW QID="1">AUNT</QW>
			<W BOX="404 52 438 75" STYLE_REF="7" NS="y">POI</W>
			<W BOX="438 52 443 75" STYLE_REF="7" NS="y">/</W>
			<W BOX="443 52 471 75" STYLE_REF="7" NS="y">LY</W>
			<W BOX="472 49 481 73" STYLE_REF="7" NS="y">'</W>
			<W BOX="478 51 489 75" STYLE_REF="7">S</W>
			<W BOX="501 51 629 74" STYLE_REF="7" NS="y">ELOPEMENT</W>
			<W BOX="631 51 636 74" STYLE_REF="7">.</W>
		</Primitive>
	</Content>
	<TOC_Entries><TOC_Entry TOC_ENTRY_ID="94" TITLE="116 MY GEE AT AUNT POI/LY'S ELOPEMENT." ENTITY_ID_REF="Ar04401" PAGE_NO="44" PAGE_LABEL="116" PRIM_ID_REF="Ar0440100" IS_IC="true"/></TOC_Entries></XMD-entity>
