<?xml version="1.0" encoding="windows-1252" standalone="no"?>
<XMD-entity REPOSITORY_FORMAT="1.0" PRXML_VER="2.0" ENTITY_TYPE="Article" FIRST_TOC_ENTRY_ID="79" DEPTH_LEVEL="1" INDEX_IN_DOC="143" PAGE_NO="67" ID="Ar06700" BOX="24 66 829 581" LANGUAGE="English" CONTINUATION_FROM="Ar06600" LOGICAL_NAME="true">
	<Meta NAME="2.�Year After Year. By the Author of * P..." DESCRIPTION="" SUBTYPE="" BASE_HREF="EWJ/1858/03/01" SOURCE_TYPE="TIFF" PUBLICATION="EWJ" SECTION="None" ISSUE_DATE="01/03/1858" WORDCNT="263" RELEASE_NO="041-EWJ-1858-03-01-001-SINGLE" PAGE_ID="" PAGE_TYPE="Single" PAGE_WIDTH="842" PAGE_HEIGHT="1244" DEFAULT_IMG_EXT="png" PDF_DESTINATION_MAPPED="OLV0_Entity_0067_0001" IMAGES_RESOLUTION="86" XMD_VER="2.6.238.8" PAGE_LABEL="67"/>
	<Link SOURCE="041-EWJ-1858-03-01-001-SINGLE.PDF" FIRST_ID="Ar00200" LAST_ID="Ar07201" NEXT_ID="Ar06701" PREV_ID="" TOC_ID="d:/Olive/Repository/EWJ/1858/03/01/TOC.xml"/>
	<DataFiles>
		<Files TYPE="DOC_PDF" PRESENT="1"/>
		<Files TYPE="PAGE_PDF" PRESENT="0"/>
		<Files TYPE="DOC_IMG" PRESENT="0"/>
		<Files TYPE="PAGE_IMG" PRESENT="0"/>
		<Files TYPE="PAGE_VIEW_IMG" PRESENT="1"/>
		<Files TYPE="PAGE_PREVIEW_IMG" PRESENT="1"/>
		<Files TYPE="PRIMITIVE_IMG" PRESENT="1"/>
		<Files TYPE="SNIPPET_IMG" PRESENT="1"/>
	</DataFiles>
	<Content>
		<Primitive BOX="24 66 829 169" ID="Ar0670000" SEQ_NO="0" TOC_ENTRY_ID="79" DEPTH_LEVEL="1">
			<L BOX="49 66 757 99"/>
			<W BOX="49 72 124 99" STYLE_REF="9" NS="y">gerated</W>
			<W BOX="126 72 132 98" STYLE_REF="9">,</W>
			<Q BOX="145 71 180 98" STYLE_REF="9" QID="1">dev</Q>
			<q BOX="181 70 274 97" STYLE_REF="9" QID="1">elopment</q>
			<QW QID="1">development</QW>
			<W BOX="288 69 308 96" STYLE_REF="9">of</W>
			<W BOX="320 69 408 96" STYLE_REF="9">fraternal</W>
			<W BOX="425 68 510 95" STYLE_REF="9" NS="y">affection</W>
			<W BOX="514 68 519 94" STYLE_REF="9">,</W>
			<W BOX="533 67 554 94" STYLE_REF="9">so</W>
			<W BOX="566 67 600 94" STYLE_REF="9">the</W>
			<W BOX="607 67 643 93" STYLE_REF="9">last</W>
			<W BOX="651 67 693 93" STYLE_REF="9">part</W>
			<W BOX="700 66 757 93" STYLE_REF="9">turns</W>
			<L BOX="47 90 758 169"/>
			<W BOX="47 118 131 145" STYLE_REF="9">peached</W>
			<W BOX="48 96 115 122" STYLE_REF="9">entirel</W>
			<W BOX="48 142 127 169" STYLE_REF="9">claimed</W>
			<W BOX="115 96 129 123" STYLE_REF="9">y</W>
			<W BOX="133 95 184 121" STYLE_REF="9">upon</W>
			<W BOX="136 118 149 145" STYLE_REF="9">b</W>
			<W BOX="142 141 166 167" STYLE_REF="9">on</W>
			<W BOX="148 119 161 146" STYLE_REF="9">y</W>
			<W BOX="166 117 199 144" STYLE_REF="9">the</W>
			<W BOX="173 141 207 167" STYLE_REF="9">the</W>
			<W BOX="188 93 292 120" STYLE_REF="9">Katherine</W>
			<W BOX="204 116 274 143" STYLE_REF="9">refusal</W>
			<W BOX="214 139 286 166" STYLE_REF="9">ground</W>
			<W BOX="278 116 295 143" STYLE_REF="9">of</W>
			<W BOX="292 92 300 119" STYLE_REF="9">'</W>
			<W BOX="296 139 314 166" STYLE_REF="9">of</W>
			<W BOX="298 92 307 119" STYLE_REF="9">s</W>
			<W BOX="304 116 338 143" STYLE_REF="9">the</W>
			<W BOX="313 92 401 119" STYLE_REF="9">devotion</W>
			<W BOX="323 139 406 166" STYLE_REF="9">insanity</W>
			<W BOX="343 116 418 143" STYLE_REF="9">various</W>
			<W BOX="406 92 427 118" STYLE_REF="9">to</W>
			<W BOX="414 139 450 165" STYLE_REF="9">and</W>
			<W BOX="424 115 444 142" STYLE_REF="9">in</W>
			<W BOX="431 92 466 118" STYLE_REF="9">the</W>
			<W BOX="446 115 524 142" STYLE_REF="9">surance</W>
			<W BOX="460 138 556 164" STYLE_REF="9">concealed</W>
			<W BOX="473 91 556 118" STYLE_REF="9">memory</W>
			<W BOX="532 114 589 140" STYLE_REF="9">offices</W>
			<W BOX="562 90 580 117" STYLE_REF="9">of</W>
			<Q BOX="566 138 580 165" STYLE_REF="9" QID="2">p</Q>
			<q BOX="580 137 593 163" STYLE_REF="9" QID="2">h</q>
			<QW QID="2">ph</QW>
			<W BOX="589 90 623 117" STYLE_REF="9">her</W>
			<W BOX="593 136 654 163" STYLE_REF="9">ysical</W>
			<W BOX="598 114 618 140" STYLE_REF="9">to</W>
			<W BOX="625 114 661 140" STYLE_REF="9">pay</W>
			<W BOX="630 90 706 117" STYLE_REF="9">brother</W>
			<W BOX="661 136 751 163" STYLE_REF="9">ailments</W>
			<W BOX="667 113 699 139" STYLE_REF="9">the</W>
			<W BOX="705 113 745 139" STYLE_REF="9">sum</W>
			<W BOX="707 90 713 116" STYLE_REF="9">,</W>
			<W BOX="721 90 748 116" STYLE_REF="9">im</W>
			<W BOX="747 113 758 139" STYLE_REF="9">s</W>
			<W BOX="748 90 756 116" STYLE_REF="9" LH="y">-</W>
			<W BOX="751 136 757 163" STYLE_REF="9">.</W>
		</Primitive>
		<Primitive BOX="24 160 829 262" ID="Ar0670001" SEQ_NO="1" TOC_ENTRY_ID="79" DEPTH_LEVEL="1">
			<L BOX="48 141 757 192"/>
			<W BOX="48 165 71 192" STYLE_REF="9">Of</W>
			<W BOX="84 165 137 191" STYLE_REF="9">cours</W>
			<W BOX="128 141 133 168" STYLE_REF="9">,</W>
			<W BOX="139 165 150 191" STYLE_REF="9" NS="y">e</W>
			<W BOX="150 164 155 191" STYLE_REF="9">,</W>
			<W BOX="168 164 201 191" STYLE_REF="9">the</W>
			<Q BOX="217 164 241 191" STYLE_REF="9" QID="3">ep</Q>
			<q BOX="241 163 292 190" STYLE_REF="9" QID="3">isode</q>
			<QW QID="3">episode</QW>
			<W BOX="306 163 324 190" STYLE_REF="9">of</W>
			<W BOX="337 163 369 190" STYLE_REF="9">the</W>
			<Q BOX="383 163 396 190" STYLE_REF="9" QID="4">g</Q>
			<Q BOX="396 162 404 189" STYLE_REF="9" QID="4">i</Q>
			<q BOX="403 162 440 189" STYLE_REF="9" QID="4">psy</q>
			<QW QID="4">gipsy</QW>
			<W BOX="453 162 489 189" STYLE_REF="9">and</W>
			<W BOX="502 161 535 188" STYLE_REF="9">the</W>
			<Q BOX="548 160 601 187" STYLE_REF="9" QID="5">slaug</Q>
			<q BOX="601 160 665 186" STYLE_REF="9" QID="5">htered</q>
			<QW QID="5">slaughtered</QW>
			<W BOX="681 160 757 186" STYLE_REF="9">donkey</W>
			<L BOX="47 183 756 262"/>
			<W BOX="47 235 103 262" STYLE_REF="9">offices</W>
			<W BOX="47 189 63 215" STYLE_REF="9">is</W>
			<W BOX="47 211 167 238" STYLE_REF="9">eccentricity</W>
			<W BOX="71 189 130 215" STYLE_REF="9">broug</W>
			<W BOX="115 235 135 262" STYLE_REF="9">to</W>
			<W BOX="130 187 151 214" STYLE_REF="9">ht</W>
			<W BOX="143 234 188 261" STYLE_REF="9">send</W>
			<W BOX="162 187 182 214" STYLE_REF="9">in</W>
			<W BOX="167 211 173 238" STYLE_REF="9">,</W>
			<W BOX="186 210 206 237" STYLE_REF="9">to</W>
			<W BOX="193 187 282 213" STYLE_REF="9">evidence</W>
			<W BOX="197 234 231 261" STYLE_REF="9">the</W>
			<W BOX="219 210 253 237" STYLE_REF="9">use</W>
			<W BOX="237 234 278 261" STYLE_REF="9">case</W>
			<W BOX="266 210 276 237" STYLE_REF="9">a</W>
			<W BOX="284 187 289 213" STYLE_REF="9">,</W>
			<W BOX="286 233 306 260" STYLE_REF="9">to</W>
			<W BOX="290 210 336 237" STYLE_REF="9">mild</W>
			<W BOX="299 186 336 213" STYLE_REF="9">and</W>
			<W BOX="314 233 357 260" STYLE_REF="9">trial</W>
			<W BOX="349 209 402 236" STYLE_REF="9">word</W>
			<W BOX="350 185 405 212" STYLE_REF="9">there</W>
			<W BOX="358 233 363 260" STYLE_REF="9">.</W>
			<W BOX="388 232 437 259" STYLE_REF="9">How</W>
			<W BOX="403 210 408 236" STYLE_REF="9">,</W>
			<W BOX="416 208 481 235" STYLE_REF="9">which</W>
			<W BOX="417 185 448 212" STYLE_REF="9">are</W>
			<W BOX="445 231 548 258" STYLE_REF="9">Katherine</W>
			<W BOX="462 185 495 212" STYLE_REF="9">not</W>
			<W BOX="492 207 595 234" STYLE_REF="9">encourage</W>
			<W BOX="503 184 589 210" STYLE_REF="9">wanting</W>
			<W BOX="562 230 624 257" STYLE_REF="9">comes</W>
			<W BOX="596 183 647 209" STYLE_REF="9">other</W>
			<W BOX="609 206 643 233" STYLE_REF="9">the</W>
			<W BOX="635 230 656 257" STYLE_REF="9">to</W>
			<W BOX="656 206 755 233" STYLE_REF="9">combined</W>
			<W BOX="660 183 723 209" STYLE_REF="9">proofs</W>
			<W BOX="668 229 747 256" STYLE_REF="9">London</W>
			<W BOX="737 183 755 209" STYLE_REF="9">of</W>
			<W BOX="749 229 756 256" STYLE_REF="9">,</W>
		</Primitive>
		<Primitive BOX="24 252 829 302" ID="Ar0670002" SEQ_NO="2" TOC_ENTRY_ID="79" DEPTH_LEVEL="1">
			<L BOX="46 252 756 285"/>
			<W BOX="46 258 93 285" STYLE_REF="9">lives</W>
			<W BOX="107 258 126 285" STYLE_REF="9">in</W>
			<W BOX="140 258 150 285" STYLE_REF="9">a</W>
			<W BOX="161 257 215 284" STYLE_REF="9">mean</W>
			<Q BOX="229 257 261 284" STYLE_REF="9" QID="6">lod</Q>
			<Q BOX="261 258 275 285" STYLE_REF="9" QID="6">g</Q>
			<q BOX="273 257 308 283" STYLE_REF="9" NS="y" QID="6">ing</q>
			<QW QID="6">lodging</QW>
			<W BOX="309 257 314 283" STYLE_REF="9">,</W>
			<Q BOX="327 257 362 284" STYLE_REF="9" QID="7">app</Q>
			<q BOX="363 256 397 283" STYLE_REF="9" QID="7">lies</q>
			<QW QID="7">applies</QW>
			<Q BOX="412 255 508 282" STYLE_REF="9" QID="8">personall</Q>
			<q BOX="506 256 520 282" STYLE_REF="9" QID="8">y</q>
			<QW QID="8">personally</QW>
			<W BOX="527 254 548 281" STYLE_REF="9">to</W>
			<W BOX="560 253 644 280" STYLE_REF="9">Director</W>
			<W BOX="659 253 705 280" STYLE_REF="9">after</W>
			<Q BOX="719 252 747 279" STYLE_REF="9" QID="9">Di</Q>
			<Q BOX="747 252 756 279" STYLE_REF="9" QID="9">-</Q>
			<L BOX="45 276 752 309"/>
			<Q BOX="45 282 106 309" STYLE_REF="9" QID="9">rector</Q>
			<q BOX="121 281 203 308" STYLE_REF="9" QID="9">meeting</q>
			<QW QID="9">Directormeeting</QW>
			<W BOX="211 280 258 307" STYLE_REF="9">with</W>
			<W BOX="265 280 276 307" STYLE_REF="9">a</W>
			<W BOX="287 280 347 307" STYLE_REF="9">rebuff</W>
			<W BOX="359 279 405 306" STYLE_REF="9">here</W>
			<W BOX="414 279 450 306" STYLE_REF="9">and</W>
			<W BOX="458 279 482 306" STYLE_REF="9">an</W>
			<Q BOX="489 277 614 304" STYLE_REF="9" QID="10">impertinenc</Q>
			<q BOX="615 277 626 304" STYLE_REF="9" QID="10">e</q>
			<QW QID="10">impertinence</QW>
			<W BOX="632 277 687 303" STYLE_REF="9" NS="y">there</W>
			<W BOX="687 277 692 304" STYLE_REF="9">,</W>
			<W BOX="702 276 752 303" STYLE_REF="9">often</W>
		</Primitive>
		<Primitive BOX="24 290 829 370" ID="Ar0670003" SEQ_NO="3" TOC_ENTRY_ID="79" DEPTH_LEVEL="1">
			<L BOX="44 283 755 332"/>
			<W BOX="44 306 110 332" STYLE_REF="9">failing</W>
			<W BOX="108 283 113 309" STYLE_REF="9">,</W>
			<W BOX="123 304 157 331" STYLE_REF="9">but</W>
			<W BOX="168 304 228 331" STYLE_REF="9">never</W>
			<W BOX="234 304 352 330" STYLE_REF="9" NS="y">discouraged</W>
			<W BOX="360 304 365 330" STYLE_REF="9">;</W>
			<W BOX="378 303 423 329" STYLE_REF="9" NS="y">how</W>
			<W BOX="423 303 428 330" STYLE_REF="9">,</W>
			<W BOX="436 302 499 329" STYLE_REF="9">strong</W>
			<W BOX="515 301 535 327" STYLE_REF="9">in</W>
			<W BOX="547 301 590 327" STYLE_REF="9">love</W>
			<W BOX="603 300 639 327" STYLE_REF="9">and</W>
			<W BOX="651 300 700 327" STYLE_REF="9" NS="y">faith</W>
			<W BOX="701 301 706 327" STYLE_REF="9">,</W>
			<W BOX="720 300 755 326" STYLE_REF="9">she</W>
			<L BOX="45 323 754 374"/>
			<W BOX="45 329 127 355" STYLE_REF="9" NS="y">conjures</W>
			<W BOX="130 329 136 356" STYLE_REF="9">,</W>
			<W BOX="145 328 236 354" STYLE_REF="9" NS="y">wheedles</W>
			<W BOX="238 328 243 354" STYLE_REF="9">,</W>
			<W BOX="252 327 287 354" STYLE_REF="9">and</W>
			<W BOX="301 326 365 353" STYLE_REF="9">coaxes</W>
			<W BOX="379 326 452 352" STYLE_REF="9">invalid</W>
			<W BOX="464 325 499 352" STYLE_REF="9">and</W>
			<W BOX="512 324 553 351" STYLE_REF="9">half</W>
			<W BOX="549 347 657 374" STYLE_REF="9">threatened</W>
			<Q BOX="553 324 562 351" STYLE_REF="9" LH="y" QID="11">-</Q>
			<q BOX="562 324 619 351" STYLE_REF="9" QID="11">crazy</q>
			<QW QID="11">-crazy</QW>
			<W BOX="621 324 721 350" STYLE_REF="9">witnesses</W>
			<W BOX="732 323 754 350" STYLE_REF="9">to</W>
		</Primitive>
		<Primitive BOX="24 358 829 426" ID="Ar0670004" SEQ_NO="4" TOC_ENTRY_ID="79" DEPTH_LEVEL="1">
			<L BOX="43 347 753 402"/>
			<W BOX="43 375 63 402" STYLE_REF="9">to</W>
			<Q BOX="43 353 58 380" STYLE_REF="9" QID="12">g</Q>
			<q BOX="57 352 88 379" STYLE_REF="9" QID="12">ive</q>
			<QW QID="12">give</QW>
			<W BOX="76 375 143 402" STYLE_REF="9">herself</W>
			<W BOX="96 352 184 379" STYLE_REF="9">evidence</W>
			<W BOX="153 375 189 402" STYLE_REF="9">wei</W>
			<W BOX="193 351 213 377" STYLE_REF="9">in</W>
			<W BOX="201 374 225 401" STYLE_REF="9">hs</W>
			<W BOX="220 351 286 377" STYLE_REF="9">favour</W>
			<W BOX="235 374 316 401" STYLE_REF="9">nothing</W>
			<W BOX="294 351 312 377" STYLE_REF="9">of</W>
			<W BOX="320 350 353 376" STYLE_REF="9">her</W>
			<W BOX="329 373 348 399" STYLE_REF="9">in</W>
			<W BOX="358 373 392 399" STYLE_REF="9">the</W>
			<W BOX="361 349 437 376" STYLE_REF="9">brother</W>
			<W BOX="404 373 480 399" STYLE_REF="9">balance</W>
			<W BOX="443 349 448 376" STYLE_REF="9">;</W>
			<W BOX="457 349 500 375" STYLE_REF="9">how</W>
			<W BOX="488 371 560 398" STYLE_REF="9">against</W>
			<W BOX="506 348 540 375" STYLE_REF="9">the</W>
			<W BOX="569 370 603 397" STYLE_REF="9">her</W>
			<W BOX="614 370 694 397" STYLE_REF="9">idolized</W>
			<W BOX="672 347 753 373" STYLE_REF="9">poverty</W>
			<Q BOX="709 370 743 397" STYLE_REF="9" QID="13">bro</Q>
			<Q BOX="743 370 752 397" STYLE_REF="9" QID="13">-</Q>
			<L BOX="43 376 751 426"/>
			<q BOX="43 399 85 426" STYLE_REF="9" NS="y" QID="13">ther</q>
			<QW QID="13">brother</QW>
			<W BOX="87 398 93 425" STYLE_REF="9" NS="y">'</W>
			<W BOX="92 398 101 425" STYLE_REF="9">s</W>
			<W BOX="114 398 198 425" STYLE_REF="9">memory</W>
			<W BOX="188 376 203 403" STYLE_REF="9">g</W>
			<W BOX="209 397 245 424" STYLE_REF="9">and</W>
			<W BOX="259 397 306 423" STYLE_REF="9">good</W>
			<W BOX="320 396 374 423" STYLE_REF="9" NS="y">name</W>
			<W BOX="379 396 385 423" STYLE_REF="9">;</W>
			<W BOX="398 396 441 422" STYLE_REF="9" NS="y">how</W>
			<W BOX="442 396 447 423" STYLE_REF="9">,</W>
			<Q BOX="462 395 513 422" STYLE_REF="9" QID="14">finall</Q>
			<q BOX="515 395 529 422" STYLE_REF="9" NS="y" QID="14">y</q>
			<QW QID="14">finally</QW>
			<W BOX="529 395 535 422" STYLE_REF="9">,</W>
			<W BOX="549 394 583 420" STYLE_REF="9">she</W>
			<W BOX="596 394 632 420" STYLE_REF="9">and</W>
			<W BOX="647 393 682 420" STYLE_REF="9">her</W>
			<W BOX="696 393 751 420" STYLE_REF="9">cause</W>
		</Primitive>
		<Primitive BOX="24 419 829 464" ID="Ar0670005" SEQ_NO="5" TOC_ENTRY_ID="79" DEPTH_LEVEL="1">
			<L BOX="42 419 752 472"/>
			<W BOX="42 422 114 449" STYLE_REF="9">prevail</W>
			<W BOX="67 445 85 472" STYLE_REF="9">It</W>
			<W BOX="94 445 110 472" STYLE_REF="9">is</W>
			<W BOX="116 422 122 449" STYLE_REF="9">,</W>
			<W BOX="118 445 129 472" STYLE_REF="9">a</W>
			<W BOX="130 421 163 448" STYLE_REF="9">the</W>
			<W BOX="170 421 235 447" STYLE_REF="9">reader</W>
			<W BOX="232 444 259 470" STYLE_REF="9">lot</W>
			<W BOX="243 420 293 447" STYLE_REF="9">must</W>
			<W BOX="268 444 292 470" STYLE_REF="9">on</W>
			<W BOX="298 420 348 446" STYLE_REF="9">learn</W>
			<W BOX="300 444 362 470" STYLE_REF="9">which</W>
			<W BOX="357 419 385 446" STYLE_REF="9">for</W>
			<W BOX="375 443 395 469" STYLE_REF="9">to</W>
			<W BOX="395 419 470 445" STYLE_REF="9">himself</W>
			<W BOX="407 443 459 469" STYLE_REF="9">hang</W>
			<W BOX="470 419 477 445" STYLE_REF="9">.</W>
			<W BOX="471 441 528 468" STYLE_REF="9">much</W>
			<W BOX="538 441 555 468" STYLE_REF="9">of</W>
			<W BOX="567 440 644 467" STYLE_REF="9">interest</W>
			<W BOX="652 440 672 466" STYLE_REF="9">or</W>
			<Q BOX="681 439 743 466" STYLE_REF="9" QID="15">excite</Q>
			<Q BOX="743 439 752 466" STYLE_REF="9" QID="15">-</Q>
			<L BOX="137 445 211 472"/>
			<q BOX="137 445 211 472" STYLE_REF="9" QID="15">meagre</q>
			<QW QID="15">excitemeagre</QW>
		</Primitive>
		<Primitive BOX="24 452 829 519" ID="Ar0670006" SEQ_NO="6" TOC_ENTRY_ID="79" DEPTH_LEVEL="1">
			<L BOX="42 445 751 496"/>
			<W BOX="42 469 94 496" STYLE_REF="9" NS="y">ment</W>
			<W BOX="95 469 100 496" STYLE_REF="9">,</W>
			<W BOX="108 468 145 495" STYLE_REF="9">and</W>
			<W BOX="152 468 168 495" STYLE_REF="9" NS="y">if</W>
			<W BOX="168 468 173 495" STYLE_REF="9">,</W>
			<W BOX="182 468 203 494" STYLE_REF="9">in</W>
			<W BOX="216 468 267 494" STYLE_REF="9">some</W>
			<W BOX="219 445 232 472" STYLE_REF="9">p</W>
			<W BOX="277 467 361 493" STYLE_REF="9" NS="y">respects</W>
			<W BOX="362 467 367 493" STYLE_REF="9">,</W>
			<W BOX="381 460 387 485" STYLE_REF="14">6</W>
			<W BOX="392 465 441 492" STYLE_REF="9">Year</W>
			<W BOX="450 465 494 492" STYLE_REF="9">after</W>
			<Q BOX="504 464 554 491" STYLE_REF="9" QID="16">Year</Q>
			<q BOX="554 463 559 490" STYLE_REF="9" QID="16">'</q>
			<QW QID="16">Year'</QW>
			<W BOX="568 463 593 490" STYLE_REF="9">be</W>
			<Q BOX="607 463 695 490" STYLE_REF="9" QID="17">unworth</Q>
			<q BOX="694 464 708 490" STYLE_REF="9" QID="17">y</q>
			<QW QID="17">unworthy</QW>
			<W BOX="716 462 751 489" STYLE_REF="9">the</W>
			<L BOX="41 486 751 519"/>
			<W BOX="41 492 148 519" STYLE_REF="9">reputation</W>
			<W BOX="160 492 177 519" STYLE_REF="9">of</W>
			<W BOX="191 492 225 519" STYLE_REF="9">the</W>
			<W BOX="236 491 318 517" STYLE_REF="9">talented</W>
			<W BOX="332 490 399 516" STYLE_REF="9">author</W>
			<W BOX="409 490 426 516" STYLE_REF="9">of</W>
			<W BOX="443 490 447 516" STYLE_REF="9">'</W>
			<W BOX="453 489 500 515" STYLE_REF="9">Paul</W>
			<W BOX="511 488 586 514" STYLE_REF="9" NS="y">Ferroll</W>
			<W BOX="587 487 594 514" STYLE_REF="9" NS="y">,</W>
			<W BOX="593 486 598 513" STYLE_REF="9">'</W>
			<W BOX="607 486 631 513" STYLE_REF="9">no</W>
			<W BOX="642 486 694 513" STYLE_REF="9">little</W>
			<W BOX="703 486 751 513" STYLE_REF="9">skill</W>
		</Primitive>
		<Primitive BOX="24 519 829 581" ID="Ar0670007" SEQ_NO="7" TOC_ENTRY_ID="79" DEPTH_LEVEL="1">
			<L BOX="41 510 687 543"/>
			<W BOX="41 517 77 543" STYLE_REF="9">and</W>
			<W BOX="87 516 159 542" STYLE_REF="9">address</W>
			<W BOX="168 515 199 542" STYLE_REF="9">are</W>
			<W BOX="209 514 309 541" STYLE_REF="9">evidenced</W>
			<W BOX="319 514 339 541" STYLE_REF="9">in</W>
			<Q BOX="347 513 369 540" STYLE_REF="9" QID="18">re</Q>
			<q BOX="368 513 449 540" STYLE_REF="9" QID="18">ndering</q>
			<QW QID="18">rendering</QW>
			<W BOX="458 512 504 539" STYLE_REF="9">such</W>
			<W BOX="512 511 523 538" STYLE_REF="9">a</W>
			<W BOX="531 511 581 538" STYLE_REF="9">book</W>
			<W BOX="589 510 675 537" STYLE_REF="9" NS="y">readable</W>
			<W BOX="679 510 687 537" STYLE_REF="9">.</W>
		</Primitive>
	</Content>
	<TOC_Entries><TOC_Entry TOC_ENTRY_ID="146" TITLE="2.�Year After Year. By the Author of * P..." ENTITY_ID_REF="Ar06700" PAGE_NO="67" PAGE_LABEL="67" PRIM_ID_REF="Ar0670000" IS_IC="true"/></TOC_Entries></XMD-entity>
