<?xml version="1.0" encoding="windows-1252" standalone="no"?>
<XMD-PAGE REPOSITORY_FORMAT="1.0" PRXML_VER="2.0">
	<Meta ISSUE_DATE="01/03/1858" RELEASE_NO="041-EWJ-1858-03-01-001-SINGLE" PAGE_NO="67" NAME="" PAGE_LABEL="67" PAGE_TYPE="Single" PUBLISHER="Olive" PUBLICATION="EWJ" SOURCE_TYPE="TIFF" SOURCE_RESOLUTION="72" IMAGES_RESOLUTION="86" PAGE_THUMBNAIL_RESOLUTION="86" PAGE_PREVIEW_RESOLUTION="15" DEFAULT_IMG_EXT="png" IMG_EXT="png" PREVIEW_IMG_EXT="png" XMD_VER="2.6.238.8" PROFILE_ID="D:\pdfs\EWJ\XMD_EWJ.ini" SECTION="None" PAGE_WIDTH="842" PAGE_HEIGHT="1244" PAGES_NUMBER="72" BASE_HREF="EWJ/1858/03/01" PDF_DESTINATION_MAPPED="OLV0_Page_0067">
		<Resolutions>
			<Resolution DEFAULT="true">86</Resolution>
		</Resolutions>
	</Meta>
	<Link SOURCE="041-EWJ-1858-03-01-001-SINGLE.PDF" NEXT_SECTION="" PREV_SECTION="1"/>
	<DataFiles>
		<Files TYPE="DOC_PDF" PRESENT="1"/>
		<Files TYPE="PAGE_PDF" PRESENT="0"/>
		<Files TYPE="DOC_IMG" PRESENT="0"/>
		<Files TYPE="PAGE_IMG" PRESENT="0"/>
		<Files TYPE="PAGE_VIEW_IMG" PRESENT="1"/>
		<Files TYPE="PAGE_PREVIEW_IMG" PRESENT="1"/>
		<Files TYPE="PRIMITIVE_IMG" PRESENT="1"/>
		<Files TYPE="SNIPPET_IMG" PRESENT="1"/>
	</DataFiles>
	<Entity ENTITY_TYPE="Article" FIRST_TOC_ENTRY_ID="79" INDEX_IN_DOC="143" DEPTH_LEVEL="1" ID="Ar06700" SIZE="XLarge" BOX="24 66 829 581" NEXT_SECTION="" PREV_SECTION="1" CONTINUATION_FROM="Ar06600" FIRST_CHUNK="Ar06302" IMAGES_RESOLUTION="86" LOGICAL_NAME="true">
		<Name>2.�Year After Year. By the Author of * P...</Name>
		<Primitive ID="Ar0670000" BOX="24 66 829 169" ELEMENT_TYPE="Content" SEQ_NO="0" TOC_ENTRY_ID="79" DEPTH_LEVEL="1"/>
		<Primitive ID="Ar0670001" BOX="24 160 829 262" ELEMENT_TYPE="Content" SEQ_NO="1" TOC_ENTRY_ID="79" DEPTH_LEVEL="1"/>
		<Primitive ID="Ar0670002" BOX="24 252 829 302" ELEMENT_TYPE="Content" SEQ_NO="2" TOC_ENTRY_ID="79" DEPTH_LEVEL="1"/>
		<Primitive ID="Ar0670003" BOX="24 290 829 370" ELEMENT_TYPE="Content" SEQ_NO="3" TOC_ENTRY_ID="79" DEPTH_LEVEL="1"/>
		<Primitive ID="Ar0670004" BOX="24 358 829 426" ELEMENT_TYPE="Content" SEQ_NO="4" TOC_ENTRY_ID="79" DEPTH_LEVEL="1"/>
		<Primitive ID="Ar0670005" BOX="24 419 829 464" ELEMENT_TYPE="Content" SEQ_NO="5" TOC_ENTRY_ID="79" DEPTH_LEVEL="1"/>
		<Primitive ID="Ar0670006" BOX="24 452 829 519" ELEMENT_TYPE="Content" SEQ_NO="6" TOC_ENTRY_ID="79" DEPTH_LEVEL="1"/>
		<Primitive ID="Ar0670007" BOX="24 519 829 581" ELEMENT_TYPE="Content" SEQ_NO="7" TOC_ENTRY_ID="79" DEPTH_LEVEL="1"/>
	</Entity>
	<Entity ENTITY_TYPE="Article" FIRST_TOC_ENTRY_ID="83" INDEX_IN_DOC="147" DEPTH_LEVEL="1" ID="Ar06701" SIZE="Small" BOX="24 12 829 66" NEXT_SECTION="" PREV_SECTION="1" IMAGES_RESOLUTION="86" LOGICAL_NAME="true">
		<Name>NOTICES OF BOOKS. 67</Name>
		<Primitive ID="Ar0670100" BOX="24 12 829 66" ELEMENT_TYPE="Content" SEQ_NO="0" TOC_ENTRY_ID="83" DEPTH_LEVEL="1"/>
	</Entity>
	<Entity ENTITY_TYPE="Article" FIRST_TOC_ENTRY_ID="84" INDEX_IN_DOC="148" DEPTH_LEVEL="1" ID="Ar06702" SIZE="XLarge" BOX="24 581 829 1219" NEXT_SECTION="" PREV_SECTION="1" CONTINUATION_TO="Ar06803" IMAGES_RESOLUTION="86" LOGICAL_NAME="true">
		<Name>3.�The Morals of May Fair. Hurst, Blacke...</Name>
		<Primitive ID="Ar0670200" BOX="24 581 829 649" ELEMENT_TYPE="Content" SEQ_NO="0" TOC_ENTRY_ID="84" DEPTH_LEVEL="1"/>
		<Primitive ID="Ar0670201" BOX="24 649 829 711" ELEMENT_TYPE="Content" SEQ_NO="1" TOC_ENTRY_ID="84" DEPTH_LEVEL="1"/>
		<Primitive ID="Ar0670202" BOX="24 699 829 759" ELEMENT_TYPE="Content" SEQ_NO="2" TOC_ENTRY_ID="84" DEPTH_LEVEL="1"/>
		<Primitive ID="Ar0670203" BOX="24 747 829 805" ELEMENT_TYPE="Content" SEQ_NO="3" TOC_ENTRY_ID="84" DEPTH_LEVEL="1"/>
		<Primitive ID="Ar0670204" BOX="24 794 829 876" ELEMENT_TYPE="Content" SEQ_NO="4" TOC_ENTRY_ID="84" DEPTH_LEVEL="1"/>
		<Primitive ID="Ar0670205" BOX="24 865 829 930" ELEMENT_TYPE="Content" SEQ_NO="5" TOC_ENTRY_ID="84" DEPTH_LEVEL="1"/>
		<Primitive ID="Ar0670206" BOX="24 918 829 960" ELEMENT_TYPE="Content" SEQ_NO="6" TOC_ENTRY_ID="84" DEPTH_LEVEL="1"/>
		<Primitive ID="Ar0670207" BOX="24 948 829 1039" ELEMENT_TYPE="Content" SEQ_NO="7" TOC_ENTRY_ID="84" DEPTH_LEVEL="1"/>
		<Primitive ID="Ar0670208" BOX="24 1027 829 1096" ELEMENT_TYPE="Content" SEQ_NO="8" TOC_ENTRY_ID="84" DEPTH_LEVEL="1"/>
		<Primitive ID="Ar0670209" BOX="24 1084 829 1132" ELEMENT_TYPE="Content" SEQ_NO="9" TOC_ENTRY_ID="84" DEPTH_LEVEL="1"/>
		<Primitive ID="Ar0670210" BOX="24 1120 829 1179" ELEMENT_TYPE="Content" SEQ_NO="10" TOC_ENTRY_ID="84" DEPTH_LEVEL="1"/>
		<Primitive ID="Ar0670211" BOX="24 1179 829 1219" ELEMENT_TYPE="Content" SEQ_NO="11" TOC_ENTRY_ID="84" DEPTH_LEVEL="1"/>
	</Entity>
</XMD-PAGE>