<?xml version="1.0" encoding="windows-1252" standalone="no"?>
<XMD-entity REPOSITORY_FORMAT="1.0" PRXML_VER="2.0" ENTITY_TYPE="Article" DOC_UID="EWJ_01/03/1858" DOC_VER="1" FIRST_TOC_ENTRY_ID="13" DEPTH_LEVEL="1" INDEX_IN_DOC="25" PAGE_NO="10" ID="Ar01001" BOX="24 12 829 88" LANGUAGE="English" SNP="Ar01001S.png" SNP_WIDTH="806" SNP_HEIGHT="76" LOGICAL_NAME="true">
	<Meta NAME="10 THE PROFESSION OF THE TEACHER." DESCRIPTION="" SUBTYPE="" BASE_HREF="EWJ/1858/03/01" SOURCE_TYPE="TIFF" PUBLICATION="EWJ" SECTION="None" ISSUE_DATE="01/03/1858" WORDCNT="7" RELEASE_NO="041-EWJ-1858-03-01-001-SINGLE" PAGE_ID="" PAGE_TYPE="Single" PAGE_WIDTH="842" PAGE_HEIGHT="1244" DEFAULT_IMG_EXT="png" PDF_DESTINATION_MAPPED="OLV0_Entity_0010_0002" IMAGES_RESOLUTION="86" XMD_VER="2.6.238.8" PAGE_LABEL="10"/>
	<Link SOURCE="041-EWJ-1858-03-01-001-SINGLE.PDF" FIRST_ID="Ar00200" LAST_ID="Ar07201" NEXT_ID="" PREV_ID="Ar01000" TOC_ID="d:/Olive/Repository/EWJ/1858/03/01/TOC.xml"/>
	<DataFiles>
		<Files TYPE="DOC_PDF" PRESENT="1"/>
		<Files TYPE="PAGE_PDF" PRESENT="0"/>
		<Files TYPE="DOC_IMG" PRESENT="0"/>
		<Files TYPE="PAGE_IMG" PRESENT="0"/>
		<Files TYPE="PAGE_VIEW_IMG" PRESENT="1"/>
		<Files TYPE="PAGE_PREVIEW_IMG" PRESENT="1"/>
		<Files TYPE="PRIMITIVE_IMG" PRESENT="1"/>
		<Files TYPE="SNIPPET_IMG" PRESENT="1"/>
	</DataFiles>
	<Content>
		<Primitive BOX="24 12 829 88" ID="Ar0100100" SEQ_NO="0" TOC_ENTRY_ID="13" DEPTH_LEVEL="1">
			<L BOX="92 44 655 79"/>
			<W BOX="92 45 118 79" STYLE_REF="13">10</W>
			<W BOX="248 45 290 79" STYLE_REF="13">THE</W>
			<W BOX="307 45 430 79" STYLE_REF="13">PROFESSION</W>
			<W BOX="450 45 475 79" STYLE_REF="13">OF</W>
			<W BOX="490 45 532 79" STYLE_REF="13">THE</W>
			<W BOX="548 44 639 78" STYLE_REF="13" NS="y">TEACHER</W>
			<W BOX="639 44 655 78" STYLE_REF="13">.</W>
		</Primitive>
	</Content>
	<TOC_Entries><TOC_Entry TOC_ENTRY_ID="22" TITLE="10 THE PROFESSION OF THE TEACHER." ENTITY_ID_REF="Ar01001" PAGE_NO="10" PAGE_LABEL="10" PRIM_ID_REF="Ar0100100" IS_IC="true"/></TOC_Entries></XMD-entity>
