<?xml version="1.0" encoding="windows-1252" standalone="no"?>
<XMD-entity REPOSITORY_FORMAT="1.0" PRXML_VER="2.0" ENTITY_TYPE="Article" FIRST_TOC_ENTRY_ID="4" DEPTH_LEVEL="1" INDEX_IN_DOC="13" PAGE_NO="10" ID="Ar01000" BOX="24 88 829 1219" LANGUAGE="English" CONTINUATION_TO="Ar01100" CONTINUATION_FROM="Ar00900" LOGICAL_NAME="true">
	<Meta NAME="The Annual Reports of the Governesses' B..." DESCRIPTION="" SUBTYPE="" BASE_HREF="EWJ/1858/03/01" SOURCE_TYPE="TIFF" PUBLICATION="EWJ" SECTION="None" ISSUE_DATE="01/03/1858" WORDCNT="572" RELEASE_NO="041-EWJ-1858-03-01-001-SINGLE" PAGE_ID="" PAGE_TYPE="Single" PAGE_WIDTH="842" PAGE_HEIGHT="1244" DEFAULT_IMG_EXT="png" PDF_DESTINATION_MAPPED="OLV0_Entity_0010_0001" IMAGES_RESOLUTION="86" XMD_VER="2.6.238.8" PAGE_LABEL="10"/>
	<Link SOURCE="041-EWJ-1858-03-01-001-SINGLE.PDF" FIRST_ID="Ar00200" LAST_ID="Ar07201" NEXT_ID="Ar01001" PREV_ID="" TOC_ID="d:/Olive/Repository/EWJ/1858/03/01/TOC.xml"/>
	<DataFiles>
		<Files TYPE="DOC_PDF" PRESENT="1"/>
		<Files TYPE="PAGE_PDF" PRESENT="0"/>
		<Files TYPE="DOC_IMG" PRESENT="0"/>
		<Files TYPE="PAGE_IMG" PRESENT="0"/>
		<Files TYPE="PAGE_VIEW_IMG" PRESENT="1"/>
		<Files TYPE="PAGE_PREVIEW_IMG" PRESENT="1"/>
		<Files TYPE="PRIMITIVE_IMG" PRESENT="1"/>
		<Files TYPE="SNIPPET_IMG" PRESENT="1"/>
	</DataFiles>
	<Content>
		<Primitive BOX="24 88 829 140" ID="Ar0100000" SEQ_NO="0" TOC_ENTRY_ID="4" DEPTH_LEVEL="1">
			<L BOX="90 86 805 117"/>
			<W BOX="90 88 156 117" STYLE_REF="5">labour</W>
			<W BOX="169 88 187 117" STYLE_REF="5">of</W>
			<W BOX="197 88 237 117" STYLE_REF="5">this</W>
			<Q BOX="245 88 290 117" STYLE_REF="5" QID="1">Ang</Q>
			<Q BOX="289 89 308 117" STYLE_REF="5" QID="1">lo</Q>
			<Q BOX="308 89 316 117" STYLE_REF="5" LH="y" QID="1">-</Q>
			<q BOX="316 89 376 117" STYLE_REF="5" QID="1">Saxon</q>
			<QW QID="1">Anglo-Saxon</QW>
			<W BOX="389 89 432 117" STYLE_REF="5">race</W>
			<Q BOX="446 89 465 117" STYLE_REF="5" QID="2">di</Q>
			<q BOX="466 89 528 117" STYLE_REF="5" NS="y" QID="2">rected</q>
			<QW QID="2">directed</QW>
			<W BOX="530 88 535 117" STYLE_REF="5">,</W>
			<W BOX="550 88 587 116" STYLE_REF="5">and</W>
			<W BOX="601 88 645 116" STYLE_REF="5">how</W>
			<W BOX="652 87 669 115" STYLE_REF="5">is</W>
			<W BOX="682 87 716 115" STYLE_REF="5">the</W>
			<Q BOX="729 87 795 115" STYLE_REF="5" QID="3">curren</Q>
			<q BOX="797 86 805 115" STYLE_REF="5" QID="3">t</q>
			<QW QID="3">current</QW>
			<L BOX="90 112 434 140"/>
			<W BOX="90 112 110 140" STYLE_REF="5">to</W>
			<W BOX="118 112 142 140" STYLE_REF="5">be</W>
			<W BOX="150 112 218 140" STYLE_REF="5">turned</W>
			<W BOX="227 112 269 140" STYLE_REF="5">into</W>
			<W BOX="276 112 320 140" STYLE_REF="5">new</W>
			<W BOX="328 112 419 140" STYLE_REF="5">channels</W>
			<W BOX="425 112 434 140" STYLE_REF="5">?</W>
		</Primitive>
		<Primitive BOX="24 133 829 187" ID="Ar0100001" SEQ_NO="1" TOC_ENTRY_ID="4" DEPTH_LEVEL="1">
			<L BOX="115 133 807 163"/>
			<W BOX="115 135 142 163" STYLE_REF="5">To</W>
			<W BOX="155 135 189 163" STYLE_REF="5">the</W>
			<W BOX="198 135 237 163" STYLE_REF="5">first</W>
			<W BOX="253 135 339 163" STYLE_REF="5">question</W>
			<W BOX="349 135 379 163" STYLE_REF="5">we</W>
			<W BOX="391 135 426 163" STYLE_REF="5">can</W>
			<W BOX="440 135 471 163" STYLE_REF="5">see</W>
			<W BOX="482 135 515 163" STYLE_REF="5">but</W>
			<W BOX="529 135 565 163" STYLE_REF="5">one</W>
			<W BOX="578 134 660 163" STYLE_REF="5" NS="y">solution</W>
			<W BOX="660 134 666 163" STYLE_REF="5">.</W>
			<W BOX="692 134 757 162" STYLE_REF="5">Every</W>
			<W BOX="765 133 807 161" STYLE_REF="5">race</W>
			<L BOX="89 152 819 187"/>
			<W BOX="89 159 123 187" STYLE_REF="5">has</W>
			<W BOX="137 159 163 187" STYLE_REF="5">its</W>
			<W BOX="175 159 257 187" STYLE_REF="6">specialite</W>
			<W BOX="271 159 290 187" STYLE_REF="5">of</W>
			<W BOX="304 159 388 187" STYLE_REF="5">function</W>
			<W BOX="404 159 425 187" STYLE_REF="5">in</W>
			<W BOX="439 159 474 187" STYLE_REF="5">the</W>
			<W BOX="486 159 538 187" STYLE_REF="5">great</W>
			<W BOX="552 159 594 187" STYLE_REF="5">sum</W>
			<W BOX="606 158 652 186" STYLE_REF="5">total</W>
			<W BOX="666 158 685 186" STYLE_REF="5">of</W>
			<Q BOX="699 156 787 185" STYLE_REF="5" QID="4">humanit</Q>
			<q BOX="787 157 801 185" STYLE_REF="5" NS="y" QID="4">y</q>
			<QW QID="4">humanity</QW>
			<W BOX="801 157 807 185" STYLE_REF="5">.</W>
			<S S_TYPE="BUL">
				<W BOX="816 152 819 180" STYLE_REF="5">�</W>
			</S>
		</Primitive>
		<Primitive BOX="24 180 829 234" ID="Ar0100002" SEQ_NO="2" TOC_ENTRY_ID="4" DEPTH_LEVEL="1">
			<L BOX="89 180 807 210"/>
			<W BOX="89 182 153 210" STYLE_REF="5">While</W>
			<W BOX="160 182 193 210" STYLE_REF="5">the</W>
			<Q BOX="201 182 267 210" STYLE_REF="5" QID="5">Hindo</Q>
			<q BOX="267 182 278 210" STYLE_REF="5" QID="5">o</q>
			<QW QID="5">Hindoo</QW>
			<W BOX="286 182 344 210" STYLE_REF="5">pecks</W>
			<W BOX="352 182 391 210" STYLE_REF="5" NS="y">rice</W>
			<W BOX="392 182 397 210" STYLE_REF="5">,</W>
			<W BOX="407 182 469 210" STYLE_REF="5" NS="y">sleeps</W>
			<W BOX="470 182 475 210" STYLE_REF="5">,</W>
			<W BOX="486 181 551 210" STYLE_REF="5" NS="y">bathes</W>
			<W BOX="553 182 558 210" STYLE_REF="5">,</W>
			<Q BOX="567 181 579 210" STYLE_REF="5" QID="6">fi</Q>
			<Q BOX="581 182 594 210" STYLE_REF="5" QID="6">g</Q>
			<q BOX="593 181 626 209" STYLE_REF="5" NS="y" QID="6">hts</q>
			<QW QID="6">fights</QW>
			<W BOX="627 181 632 209" STYLE_REF="5">,</W>
			<W BOX="642 180 678 209" STYLE_REF="5">and</W>
			<W BOX="691 180 807 208" STYLE_REF="5">embroiders</W>
			<L BOX="89 204 807 234"/>
			<W BOX="89 206 139 234" STYLE_REF="5">coats</W>
			<W BOX="152 206 170 234" STYLE_REF="5">of</W>
			<W BOX="178 206 237 234" STYLE_REF="5">many</W>
			<W BOX="244 206 318 234" STYLE_REF="5" NS="y">colours</W>
			<W BOX="319 206 324 234" STYLE_REF="5">,</W>
			<W BOX="337 205 374 233" STYLE_REF="5">and</W>
			<W BOX="382 205 416 233" STYLE_REF="5">the</W>
			<W BOX="423 205 568 233" STYLE_REF="5">Mohammedan</W>
			<W BOX="576 204 628 232" STYLE_REF="5">Arab</W>
			<W BOX="636 204 668 232" STYLE_REF="5">sits</W>
			<Q BOX="679 204 730 232" STYLE_REF="5" QID="7">cross</Q>
			<Q BOX="730 204 738 232" STYLE_REF="5" LH="y" QID="7">-</Q>
			<q BOX="738 204 807 232" STYLE_REF="5" QID="7">legged</q>
			<QW QID="7">cross-legged</QW>
		</Primitive>
		<Primitive BOX="24 227 829 281" ID="Ar0100003" SEQ_NO="3" TOC_ENTRY_ID="4" DEPTH_LEVEL="1">
			<L BOX="89 227 807 258"/>
			<W BOX="89 229 109 257" STYLE_REF="5">in</W>
			<W BOX="120 229 154 257" STYLE_REF="5">the</W>
			<W BOX="169 229 204 257" STYLE_REF="5">sun</W>
			<W BOX="218 229 254 257" STYLE_REF="5">and</W>
			<Q BOX="267 230 281 258" STYLE_REF="5" QID="8">p</Q>
			<q BOX="281 229 322 257" STYLE_REF="5" QID="8">lays</q>
			<QW QID="8">plays</QW>
			<W BOX="335 229 410 257" STYLE_REF="5">endless</W>
			<W BOX="424 229 489 257" STYLE_REF="5">games</W>
			<W BOX="501 229 519 257" STYLE_REF="5">of</W>
			<Q BOX="533 229 581 257" STYLE_REF="5" QID="9">back</Q>
			<q BOX="581 227 669 256" STYLE_REF="5" NS="y" QID="9">gammon</q>
			<QW QID="9">backgammon</QW>
			<W BOX="670 228 676 256" STYLE_REF="5">,</W>
			<W BOX="687 227 719 255" STYLE_REF="5">the</W>
			<Q BOX="734 227 779 255" STYLE_REF="5" QID="10">Ang</Q>
			<Q BOX="778 227 798 255" STYLE_REF="5" QID="10">lo</Q>
			<Q BOX="798 227 807 255" STYLE_REF="5" LH="y" QID="10">-</Q>
			<L BOX="89 250 804 281"/>
			<q BOX="89 252 149 280" STYLE_REF="5" QID="10">Saxon</q>
			<QW QID="10">Anglo-Saxon</QW>
			<W BOX="163 252 206 280" STYLE_REF="5">man</W>
			<Q BOX="220 252 240 280" STYLE_REF="5" QID="11">di</Q>
			<q BOX="240 252 262 281" STYLE_REF="5" QID="11">gs</q>
			<QW QID="11">digs</QW>
			<W BOX="275 252 312 281" STYLE_REF="5">and</W>
			<Q BOX="329 253 342 281" STYLE_REF="5" QID="12">p</Q>
			<Q BOX="343 252 388 281" STYLE_REF="5" QID="12">loug</Q>
			<Q BOX="387 252 410 281" STYLE_REF="5" QID="12">hs</Q>
			<Q BOX="430 252 453 281" STYLE_REF="5" QID="12">sp</Q>
			<q BOX="453 252 484 280" STYLE_REF="5" QID="12">ins</q>
			<QW QID="12">ploughsspins</QW>
			<W BOX="496 252 533 280" STYLE_REF="5">and</W>
			<Q BOX="545 252 619 280" STYLE_REF="5" QID="13">weaves</Q>
			<q BOX="640 250 690 279" STYLE_REF="5" QID="13">buys</q>
			<QW QID="13">weavesbuys</QW>
			<W BOX="701 250 738 279" STYLE_REF="5">and</W>
			<W BOX="752 250 797 278" STYLE_REF="5" NS="y">sells</W>
			<W BOX="797 250 804 278" STYLE_REF="5">.</W>
		</Primitive>
		<Primitive BOX="24 273 829 327" ID="Ar0100004" SEQ_NO="4" TOC_ENTRY_ID="4" DEPTH_LEVEL="1">
			<L BOX="88 251 805 304"/>
			<W BOX="88 275 119 304" STYLE_REF="5">He</W>
			<W BOX="126 275 144 304" STYLE_REF="5">is</W>
			<W BOX="152 275 163 304" STYLE_REF="5">a</W>
			<Q BOX="171 275 224 304" STYLE_REF="5" QID="14">sturd</Q>
			<q BOX="224 276 238 304" STYLE_REF="5" QID="14">y</q>
			<QW QID="14">sturdy</QW>
			<W BOX="247 276 328 304" STYLE_REF="5">sensible</W>
			<W BOX="337 276 399 304" STYLE_REF="5" NS="y">fellow</W>
			<W BOX="402 275 407 304" STYLE_REF="5">,</W>
			<W BOX="411 253 416 281" STYLE_REF="5">,</W>
			<W BOX="416 275 450 303" STYLE_REF="5">has</W>
			<W BOX="460 275 471 303" STYLE_REF="5">a</W>
			<W BOX="484 275 550 303" STYLE_REF="5">square</W>
			<W BOX="560 275 646 303" STYLE_REF="5">forehead</W>
			<W BOX="619 251 624 279" STYLE_REF="5">,</W>
			<W BOX="661 274 696 302" STYLE_REF="5">and</W>
			<W BOX="709 274 732 302" STYLE_REF="5">an</W>
			<Q BOX="742 273 792 302" STYLE_REF="5" QID="15">activ</Q>
			<q BOX="793 273 805 302" STYLE_REF="5" QID="15">e</q>
			<QW QID="15">active</QW>
			<L BOX="87 297 804 327"/>
			<Q BOX="87 299 124 327" STYLE_REF="5" QID="16">bod</Q>
			<q BOX="124 299 139 327" STYLE_REF="5" NS="y" QID="16">y</q>
			<QW QID="16">body</QW>
			<W BOX="142 299 150 327" STYLE_REF="5">;</W>
			<W BOX="164 299 189 327" STYLE_REF="5">he</W>
			<W BOX="202 299 237 327" STYLE_REF="5">can</W>
			<W BOX="251 299 341 327" STYLE_REF="5">calculate</W>
			<W BOX="356 299 401 327" STYLE_REF="5" NS="y">well</W>
			<W BOX="402 299 407 327" STYLE_REF="5">,</W>
			<W BOX="420 299 457 327" STYLE_REF="5">and</W>
			<Q BOX="473 299 536 327" STYLE_REF="5" QID="17">usuall</Q>
			<q BOX="535 299 549 327" STYLE_REF="5" QID="17">y</q>
			<QW QID="17">usually</QW>
			<W BOX="560 298 626 326" STYLE_REF="5">knows</W>
			<W BOX="640 297 684 326" STYLE_REF="5">how</W>
			<W BOX="697 297 717 325" STYLE_REF="5">to</W>
			<W BOX="729 297 770 325" STYLE_REF="5">buy</W>
			<W BOX="783 297 804 325" STYLE_REF="5">in</W>
		</Primitive>
		<Primitive BOX="24 320 829 374" ID="Ar0100005" SEQ_NO="5" TOC_ENTRY_ID="4" DEPTH_LEVEL="1">
			<L BOX="87 320 804 350"/>
			<W BOX="87 322 121 350" STYLE_REF="5">the</W>
			<W BOX="136 322 223 350" STYLE_REF="5">cheapest</W>
			<W BOX="241 322 277 350" STYLE_REF="5">and</W>
			<W BOX="294 322 327 350" STYLE_REF="5">sell</W>
			<W BOX="345 322 365 350" STYLE_REF="5">in</W>
			<W BOX="380 322 413 350" STYLE_REF="5">the</W>
			<W BOX="430 322 502 350" STYLE_REF="5">dearest</W>
			<W BOX="518 322 591 350" STYLE_REF="5" NS="y">market</W>
			<W BOX="591 322 598 350" STYLE_REF="5">.</W>
			<W BOX="622 320 638 349" STYLE_REF="5">If</W>
			<W BOX="652 320 677 349" STYLE_REF="5">he</W>
			<W BOX="693 320 717 349" STYLE_REF="5">be</W>
			<W BOX="729 320 804 348" STYLE_REF="5">neither</W>
			<L BOX="87 344 803 374"/>
			<W BOX="87 345 162 374" STYLE_REF="5">literary</W>
			<W BOX="173 345 207 374" STYLE_REF="5">nor</W>
			<W BOX="221 345 295 374" STYLE_REF="5" NS="y">artistic</W>
			<W BOX="297 346 302 374" STYLE_REF="5">,</W>
			<W BOX="318 345 354 373" STYLE_REF="5">and</W>
			<Q BOX="367 345 460 373" STYLE_REF="5" QID="18">nationall</Q>
			<q BOX="459 346 473 374" STYLE_REF="5" QID="18">y</q>
			<QW QID="18">nationally</QW>
			<W BOX="486 345 510 373" STYLE_REF="5">he</W>
			<W BOX="523 345 540 373" STYLE_REF="5">is</W>
			<Q BOX="554 345 604 373" STYLE_REF="5" QID="19">surel</Q>
			<q BOX="603 344 618 373" STYLE_REF="5" QID="19">y</q>
			<QW QID="19">surely</QW>
			<W BOX="630 344 706 372" STYLE_REF="5">neither</W>
			<W BOX="718 344 752 372" STYLE_REF="5">the</W>
			<W BOX="767 344 803 372" STYLE_REF="5">one</W>
		</Primitive>
		<Primitive BOX="24 367 829 423" ID="Ar0100006" SEQ_NO="6" TOC_ENTRY_ID="4" DEPTH_LEVEL="1">
			<L BOX="87 367 803 397"/>
			<W BOX="87 368 121 397" STYLE_REF="5">nor</W>
			<W BOX="130 368 164 397" STYLE_REF="5">the</W>
			<W BOX="169 368 223 397" STYLE_REF="5" NS="y">other</W>
			<W BOX="224 369 230 397" STYLE_REF="5">,</W>
			<W BOX="235 368 266 397" STYLE_REF="5" NS="y">Mr</W>
			<W BOX="266 368 272 397" STYLE_REF="5">.</W>
			<W BOX="278 368 322 397" STYLE_REF="5">Bull</W>
			<W BOX="331 368 365 397" STYLE_REF="5">has</W>
			<W BOX="372 368 397 397" STYLE_REF="5">an</W>
			<Q BOX="405 368 496 397" STYLE_REF="5" QID="20">unusuall</Q>
			<q BOX="494 369 508 397" STYLE_REF="5" QID="20">y</q>
			<QW QID="20">unusually</QW>
			<W BOX="512 368 548 396" STYLE_REF="5">fair</W>
			<W BOX="557 368 611 396" STYLE_REF="5">share</W>
			<W BOX="620 368 638 396" STYLE_REF="5">of</W>
			<W BOX="647 368 700 396" STYLE_REF="5">what</W>
			<W BOX="707 368 723 396" STYLE_REF="5">is</W>
			<W BOX="730 367 803 396" STYLE_REF="5">termed</W>
			<L BOX="89 391 801 423"/>
			<W BOX="89 394 105 423" STYLE_REF="5" NS="y">"</W>
			<W BOX="106 393 154 421" STYLE_REF="5">good</W>
			<W BOX="167 392 251 421" STYLE_REF="5">common</W>
			<W BOX="265 392 320 421" STYLE_REF="5" NS="y">sense</W>
			<W BOX="320 392 326 421" STYLE_REF="5" NS="y">.</W>
			<W BOX="327 392 337 420" STYLE_REF="5">"</W>
			<W BOX="367 392 408 420" STYLE_REF="5">Has</W>
			<W BOX="421 392 463 420" STYLE_REF="5" NS="y">Mrs</W>
			<W BOX="464 392 468 420" STYLE_REF="5">.</W>
			<W BOX="482 392 525 420" STYLE_REF="5">Bull</W>
			<W BOX="538 392 564 420" STYLE_REF="5">no</W>
			<W BOX="576 392 668 420" STYLE_REF="5">feminine</W>
			<W BOX="682 391 801 419" STYLE_REF="5">counterpart</W>
		</Primitive>
		<Primitive BOX="24 414 829 470" ID="Ar0100007" SEQ_NO="7" TOC_ENTRY_ID="4" DEPTH_LEVEL="1">
			<L BOX="87 414 802 444"/>
			<W BOX="87 415 107 444" STYLE_REF="5">to</W>
			<W BOX="120 415 173 444" STYLE_REF="5">these</W>
			<W BOX="187 415 224 444" STYLE_REF="5">fine</W>
			<W BOX="240 415 320 444" STYLE_REF="5">sterling</W>
			<W BOX="334 415 423 444" STYLE_REF="5">qualities</W>
			<W BOX="430 415 438 444" STYLE_REF="5">?</W>
			<W BOX="463 415 497 444" STYLE_REF="5">We</W>
			<W BOX="512 415 568 444" STYLE_REF="5">think</W>
			<W BOX="583 415 618 444" STYLE_REF="5">she</W>
			<W BOX="630 415 665 444" STYLE_REF="5" NS="y">has</W>
			<W BOX="666 415 670 444" STYLE_REF="5">.</W>
			<W BOX="697 414 737 442" STYLE_REF="5" NS="y">Mrs</W>
			<W BOX="737 414 743 442" STYLE_REF="5">.</W>
			<W BOX="756 414 802 442" STYLE_REF="5">Bull</W>
			<L BOX="86 437 802 470"/>
			<W BOX="86 439 104 467" STYLE_REF="5">is</W>
			<W BOX="112 439 164 467" STYLE_REF="5">what</W>
			<W BOX="176 439 192 467" STYLE_REF="5">is</W>
			<Q BOX="206 439 269 467" STYLE_REF="5" QID="21">usuall</Q>
			<q BOX="268 439 282 468" STYLE_REF="5" QID="21">y</q>
			<QW QID="21">usually</QW>
			<W BOX="291 439 362 467" STYLE_REF="5">termed</W>
			<W BOX="373 439 384 467" STYLE_REF="5">a</W>
			<W BOX="399 441 416 470" STYLE_REF="5" NS="y">"</W>
			<Q BOX="417 439 499 467" STYLE_REF="5" QID="22">motherl</Q>
			<q BOX="499 440 512 468" STYLE_REF="5" QID="22">y</q>
			<QW QID="22">motherly</QW>
			<Q BOX="520 439 557 467" STYLE_REF="5" QID="23">bod</Q>
			<Q BOX="557 439 571 467" STYLE_REF="5" QID="23">y</Q>
			<q BOX="578 439 588 467" STYLE_REF="5" QID="23">"</q>
			<QW QID="23">body"</QW>
			<W BOX="598 438 635 466" STYLE_REF="5">and</W>
			<W BOX="647 438 681 466" STYLE_REF="5">not</W>
			<Q BOX="695 438 727 466" STYLE_REF="5" QID="24">onl</Q>
			<q BOX="726 438 740 467" STYLE_REF="5" QID="24">y</q>
			<QW QID="24">only</QW>
			<W BOX="748 437 802 466" STYLE_REF="5">looks</W>
		</Primitive>
		<Primitive BOX="24 461 829 514" ID="Ar0100008" SEQ_NO="8" TOC_ENTRY_ID="4" DEPTH_LEVEL="1">
			<L BOX="571 439 577 467"/>
			<W BOX="571 439 577 467" STYLE_REF="5">,</W>
			<L BOX="86 461 802 490"/>
			<W BOX="86 462 130 490" STYLE_REF="5">after</W>
			<W BOX="146 462 180 490" STYLE_REF="5">the</W>
			<Q BOX="191 462 231 490" STYLE_REF="5" QID="25">chil</Q>
			<q BOX="232 462 278 490" STYLE_REF="5" NS="y" QID="25">dren</q>
			<QW QID="25">children</QW>
			<W BOX="280 462 285 490" STYLE_REF="5">,</W>
			<W BOX="294 462 328 490" STYLE_REF="5">but</W>
			<W BOX="343 461 386 489" STYLE_REF="6">after</W>
			<W BOX="403 462 437 490" STYLE_REF="5">the</W>
			<W BOX="450 462 550 490" STYLE_REF="5">storeroom</W>
			<W BOX="568 462 599 490" STYLE_REF="5" NS="y">too</W>
			<W BOX="599 462 605 490" STYLE_REF="5">.</W>
			<W BOX="631 462 667 490" STYLE_REF="5">She</W>
			<Q BOX="681 461 717 489" STYLE_REF="5" QID="26">wei</Q>
			<Q BOX="717 462 731 490" STYLE_REF="5" QID="26">g</Q>
			<q BOX="730 461 754 489" STYLE_REF="5" QID="26">hs</q>
			<QW QID="26">weighs</QW>
			<W BOX="769 461 802 489" STYLE_REF="5">the</W>
			<L BOX="86 484 802 514"/>
			<W BOX="86 486 152 514" STYLE_REF="5">cheese</W>
			<W BOX="164 486 200 514" STYLE_REF="5">and</W>
			<W BOX="214 486 275 514" STYLE_REF="5" NS="y">bacon</W>
			<W BOX="276 485 282 513" STYLE_REF="5">,</W>
			<W BOX="292 485 328 513" STYLE_REF="5">and</W>
			<W BOX="341 485 400 513" STYLE_REF="5">metes</W>
			<W BOX="413 485 447 513" STYLE_REF="5">out</W>
			<W BOX="460 485 493 513" STYLE_REF="5">the</W>
			<W BOX="504 485 572 513" STYLE_REF="5" NS="y">flannel</W>
			<W BOX="575 485 580 513" STYLE_REF="5">.</W>
			<W BOX="605 485 643 513" STYLE_REF="5">She</W>
			<W BOX="650 485 704 513" STYLE_REF="5">looks</W>
			<W BOX="712 484 758 512" STYLE_REF="5">after</W>
			<W BOX="768 484 802 512" STYLE_REF="5">the</W>
		</Primitive>
		<Primitive BOX="24 508 829 561" ID="Ar0100009" SEQ_NO="9" TOC_ENTRY_ID="4" DEPTH_LEVEL="1">
			<L BOX="86 508 801 537"/>
			<Q BOX="86 509 156 537" STYLE_REF="5" QID="27">farmer</Q>
			<Q BOX="156 509 163 537" STYLE_REF="5" QID="27">'</Q>
			<q BOX="160 509 170 537" STYLE_REF="5" QID="27">s</q>
			<QW QID="27">farmer's</QW>
			<W BOX="182 509 225 537" STYLE_REF="5" NS="y">men</W>
			<W BOX="227 509 232 537" STYLE_REF="5">,</W>
			<W BOX="247 508 284 537" STYLE_REF="5">and</W>
			<W BOX="297 508 366 537" STYLE_REF="5">flatters</W>
			<W BOX="379 508 413 537" STYLE_REF="5">her</W>
			<Q BOX="424 508 449 537" STYLE_REF="5" QID="28">hu</Q>
			<Q BOX="451 508 511 537" STYLE_REF="5" QID="28">sband</Q>
			<Q BOX="511 508 516 537" STYLE_REF="5" QID="28">'</Q>
			<q BOX="515 508 525 537" STYLE_REF="5" QID="28">s</q>
			<QW QID="28">husband's</QW>
			<W BOX="536 508 638 537" STYLE_REF="5">customers</W>
			<W BOX="646 508 695 536" STYLE_REF="5">with</W>
			<W BOX="707 508 718 536" STYLE_REF="5">a</W>
			<W BOX="730 508 801 536" STYLE_REF="5">certain</W>
			<L BOX="86 531 803 561"/>
			<W BOX="86 532 152 560" STYLE_REF="5">honest</W>
			<W BOX="160 532 255 560" STYLE_REF="5">frankness</W>
			<W BOX="263 532 328 560" STYLE_REF="5">which</W>
			<W BOX="335 532 352 560" STYLE_REF="5">is</W>
			<Q BOX="360 532 397 560" STYLE_REF="5" QID="29">deli</Q>
			<Q BOX="398 532 412 561" STYLE_REF="5" QID="29">g</Q>
			<Q BOX="411 532 452 560" STYLE_REF="5" QID="29">htfu</Q>
			<q BOX="454 532 461 560" STYLE_REF="5" QID="29">l</q>
			<QW QID="29">delightful</QW>
			<W BOX="470 532 490 560" STYLE_REF="5">to</W>
			<W BOX="497 532 566 560" STYLE_REF="5" NS="y">behold</W>
			<W BOX="566 532 572 560" STYLE_REF="5">.</W>
			<W BOX="588 532 611 560" STYLE_REF="5">In</W>
			<W BOX="621 532 657 560" STYLE_REF="5" NS="y">fine</W>
			<W BOX="660 531 665 559" STYLE_REF="5">,</W>
			<W BOX="672 531 705 559" STYLE_REF="5">the</W>
			<Q BOX="713 531 757 559" STYLE_REF="5" QID="30">Eng</Q>
			<Q BOX="756 531 794 559" STYLE_REF="5" QID="30">lish</Q>
			<Q BOX="794 531 803 559" STYLE_REF="5" QID="30">-</Q>
		</Primitive>
		<Primitive BOX="24 554 829 607" ID="Ar0100010" SEQ_NO="10" TOC_ENTRY_ID="4" DEPTH_LEVEL="1">
			<L BOX="86 554 801 584"/>
			<q BOX="86 555 159 584" STYLE_REF="5" QID="30">woman</q>
			<QW QID="30">Englishwoman</QW>
			<W BOX="175 555 195 584" STYLE_REF="5">in</W>
			<W BOX="208 555 288 583" STYLE_REF="5">country</W>
			<W BOX="302 555 386 583" STYLE_REF="5" NS="y">districts</W>
			<W BOX="388 555 393 584" STYLE_REF="5">,</W>
			<W BOX="407 555 472 583" STYLE_REF="5">where</W>
			<W BOX="484 555 540 583" STYLE_REF="5">many</W>
			<W BOX="555 555 617 583" STYLE_REF="5">duties</W>
			<W BOX="630 555 655 583" STYLE_REF="5">lie</W>
			<Q BOX="669 555 713 583" STYLE_REF="5" QID="31">read</Q>
			<q BOX="713 555 726 583" STYLE_REF="5" QID="31">y</q>
			<QW QID="31">ready</QW>
			<W BOX="735 554 755 582" STYLE_REF="5">to</W>
			<W BOX="766 554 801 582" STYLE_REF="5">her</W>
			<L BOX="86 577 800 607"/>
			<Q BOX="86 579 135 607" STYLE_REF="5" QID="32">hand</Q>
			<q BOX="158 578 195 607" STYLE_REF="5" QID="32">and</q>
			<QW QID="32">handand</QW>
			<W BOX="204 578 268 607" STYLE_REF="5">where</W>
			<W BOX="275 578 308 607" STYLE_REF="5">the</W>
			<W BOX="321 578 383 607" STYLE_REF="5">mania</W>
			<W BOX="395 578 424 607" STYLE_REF="5">for</W>
			<W BOX="437 578 498 607" STYLE_REF="5">rising</W>
			<W BOX="510 578 531 606" STYLE_REF="5">in</W>
			<W BOX="545 578 576 606" STYLE_REF="5">life</W>
			<W BOX="590 578 626 606" STYLE_REF="5">has</W>
			<W BOX="639 578 673 606" STYLE_REF="5">not</W>
			<W BOX="686 578 755 606" STYLE_REF="5">turned</W>
			<W BOX="767 577 800 606" STYLE_REF="5">the</W>
		</Primitive>
		<Primitive BOX="24 601 829 654" ID="Ar0100011" SEQ_NO="11" TOC_ENTRY_ID="4" DEPTH_LEVEL="1">
			<L BOX="138 579 143 607"/>
			<W BOX="138 579 143 607" STYLE_REF="5">,</W>
			<L BOX="86 601 802 631"/>
			<W BOX="86 602 126 631" STYLE_REF="5">best</W>
			<W BOX="138 602 214 630" STYLE_REF="5">parlour</W>
			<W BOX="227 602 268 630" STYLE_REF="5">into</W>
			<W BOX="276 602 287 630" STYLE_REF="5">a</W>
			<W BOX="296 602 373 630" STYLE_REF="5" NS="y">boudoir</W>
			<W BOX="376 602 380 630" STYLE_REF="5">,</W>
			<W BOX="394 602 431 630" STYLE_REF="5">and</W>
			<W BOX="442 602 476 630" STYLE_REF="5">the</W>
			<W BOX="488 602 544 630" STYLE_REF="5">fiddle</W>
			<W BOX="558 602 599 630" STYLE_REF="5">into</W>
			<W BOX="607 602 619 630" STYLE_REF="5">a</W>
			<W BOX="631 602 696 630" STYLE_REF="5">cornet</W>
			<W BOX="708 602 717 630" STYLE_REF="5">a</W>
			<Q BOX="729 602 743 630" STYLE_REF="5" QID="33">p</Q>
			<q BOX="743 601 793 629" STYLE_REF="5" NS="y" QID="33">iston</q>
			<QW QID="33">piston</QW>
			<W BOX="795 601 802 629" STYLE_REF="5">,</W>
			<L BOX="85 625 802 654"/>
			<W BOX="85 626 189 654" STYLE_REF="5">represents</W>
			<W BOX="204 626 241 654" STYLE_REF="5">the</W>
			<W BOX="250 625 341 653" STYLE_REF="5">feminine</W>
			<W BOX="353 625 393 653" STYLE_REF="5">side</W>
			<W BOX="407 625 425 653" STYLE_REF="5">of</W>
			<W BOX="438 625 472 653" STYLE_REF="5">the</W>
			<W BOX="484 625 533 653" STYLE_REF="5">same</W>
			<W BOX="543 625 605 653" STYLE_REF="5">active</W>
			<W BOX="617 625 654 653" STYLE_REF="5">and</W>
			<W BOX="667 625 746 653" STYLE_REF="5">sterling</W>
			<Q BOX="758 625 793 653" STYLE_REF="5" QID="34">cha</Q>
			<Q BOX="793 625 802 653" STYLE_REF="5" QID="34">-</Q>
		</Primitive>
		<Primitive BOX="24 648 829 701" ID="Ar0100012" SEQ_NO="12" TOC_ENTRY_ID="4" DEPTH_LEVEL="1">
			<L BOX="86 648 803 678"/>
			<q BOX="86 649 146 678" STYLE_REF="5" QID="34">racter</q>
			<QW QID="34">character</QW>
			<W BOX="155 649 218 677" STYLE_REF="5">which</W>
			<W BOX="230 649 248 677" STYLE_REF="5">is</W>
			<W BOX="261 649 353 677" STYLE_REF="5">supposed</W>
			<W BOX="365 649 384 677" STYLE_REF="5">to</W>
			<W BOX="394 649 448 677" STYLE_REF="5">mark</W>
			<W BOX="463 649 494 677" STYLE_REF="6">the</W>
			<Q BOX="505 649 549 677" STYLE_REF="5" QID="35">Eng</Q>
			<q BOX="549 648 631 677" STYLE_REF="5" NS="y" QID="35">lishman</q>
			<QW QID="35">Englishman</QW>
			<W BOX="636 648 641 677" STYLE_REF="5">;</W>
			<W BOX="650 648 728 677" STYLE_REF="5">witness</W>
			<W BOX="738 648 749 677" STYLE_REF="5">a</W>
			<W BOX="758 648 803 676" STYLE_REF="5">host</W>
			<L BOX="86 671 801 701"/>
			<W BOX="86 673 104 701" STYLE_REF="5">of</W>
			<W BOX="117 673 196 701" STYLE_REF="5">popular</W>
			<Q BOX="209 672 266 701" STYLE_REF="5" QID="36">songs</Q>
			<Q BOX="285 672 333 701" STYLE_REF="5" QID="36">tales</Q>
			<q BOX="350 672 387 701" STYLE_REF="5" QID="36">and</q>
			<QW QID="36">songstalesand</QW>
			<Q BOX="398 672 410 701" STYLE_REF="5" QID="37">c</Q>
			<q BOX="409 672 511 701" STYLE_REF="5" NS="y" QID="37">aricatures</q>
			<QW QID="37">caricatures</QW>
			<W BOX="511 672 517 701" STYLE_REF="5">.</W>
			<Q BOX="543 672 586 701" STYLE_REF="5" QID="38">Nay</Q>
			<q BOX="601 671 658 700" STYLE_REF="5" QID="38">when</q>
			<QW QID="38">Naywhen</QW>
			<W BOX="668 671 736 700" STYLE_REF="5">Punch</W>
			<W BOX="747 671 801 700" STYLE_REF="5">takes</W>
		</Primitive>
		<Primitive BOX="24 695 829 748" ID="Ar0100013" SEQ_NO="13" TOC_ENTRY_ID="4" DEPTH_LEVEL="1">
			<L BOX="267 672 592 701"/>
			<W BOX="267 672 272 701" STYLE_REF="5">,</W>
			<W BOX="333 673 339 701" STYLE_REF="5">,</W>
			<W BOX="587 672 592 701" STYLE_REF="5">,</W>
			<L BOX="86 695 800 724"/>
			<W BOX="86 696 119 724" STYLE_REF="5">our</W>
			<W BOX="132 696 218 724" STYLE_REF="5">gracious</W>
			<W BOX="228 696 294 724" STYLE_REF="5">Queen</W>
			<W BOX="307 696 327 724" STYLE_REF="5">as</W>
			<W BOX="341 696 374 724" STYLE_REF="5">the</W>
			<Q BOX="388 696 424 724" STYLE_REF="5" QID="39">typ</Q>
			<q BOX="423 696 460 724" STYLE_REF="5" QID="39">ical</q>
			<QW QID="39">typical</QW>
			<Q BOX="472 696 504 724" STYLE_REF="5" QID="40">lad</Q>
			<q BOX="504 696 517 724" STYLE_REF="5" QID="40">y</q>
			<QW QID="40">lady</QW>
			<W BOX="529 696 548 724" STYLE_REF="5">of</W>
			<W BOX="562 696 595 724" STYLE_REF="5">the</W>
			<W BOX="610 695 690 724" STYLE_REF="5" NS="y">country</W>
			<W BOX="690 695 697 724" STYLE_REF="5">,</W>
			<W BOX="710 695 762 723" STYLE_REF="5">what</W>
			<W BOX="776 695 800 723" STYLE_REF="5">an</W>
			<L BOX="85 718 801 748"/>
			<Q BOX="85 719 211 748" STYLE_REF="5" QID="41">indescribabl</Q>
			<q BOX="213 719 224 748" STYLE_REF="5" QID="41">e</q>
			<QW QID="41">indescribable</QW>
			<W BOX="238 719 266 748" STYLE_REF="5">air</W>
			<W BOX="282 719 300 748" STYLE_REF="5">of</W>
			<W BOX="315 719 429 748" STYLE_REF="5">wholesome</W>
			<W BOX="442 719 520 748" STYLE_REF="5">activity</W>
			<W BOX="536 719 561 747" STYLE_REF="5">he</W>
			<W BOX="574 719 720 747" STYLE_REF="5">communicates</W>
			<W BOX="735 718 756 746" STYLE_REF="5">to</W>
			<W BOX="767 718 801 746" STYLE_REF="5">the</W>
		</Primitive>
		<Primitive BOX="24 741 829 795" ID="Ar0100014" SEQ_NO="14" TOC_ENTRY_ID="4" DEPTH_LEVEL="1">
			<L BOX="85 741 801 773"/>
			<Q BOX="85 744 99 773" STYLE_REF="5" QID="42">p</Q>
			<q BOX="99 743 159 771" STYLE_REF="5" NS="y" QID="42">icture</q>
			<QW QID="42">picture</QW>
			<W BOX="161 743 166 771" STYLE_REF="5">,</W>
			<W BOX="182 743 290 771" STYLE_REF="5">reminding</W>
			<W BOX="303 743 338 771" STYLE_REF="5">one</W>
			<W BOX="351 743 369 771" STYLE_REF="5">of</W>
			<W BOX="384 743 472 771" STYLE_REF="5" NS="y">Solomon</W>
			<W BOX="472 743 480 771" STYLE_REF="5" NS="y">'</W>
			<W BOX="478 743 487 771" STYLE_REF="5">s</W>
			<W BOX="503 743 550 771" STYLE_REF="5">good</W>
			<W BOX="564 743 638 771" STYLE_REF="5" NS="y">woman</W>
			<W BOX="644 743 649 771" STYLE_REF="5">!</W>
			<Q BOX="674 742 726 771" STYLE_REF="5" QID="43">Surel</Q>
			<q BOX="728 742 742 770" STYLE_REF="5" QID="43">y</q>
			<QW QID="43">Surely</QW>
			<W BOX="755 741 801 770" STYLE_REF="5">then</W>
			<L BOX="85 765 802 795"/>
			<W BOX="85 767 118 795" STYLE_REF="5">the</W>
			<Q BOX="131 767 182 795" STYLE_REF="5" QID="44">daug</Q>
			<q BOX="181 766 234 795" STYLE_REF="5" QID="44">hters</q>
			<QW QID="44">daughters</QW>
			<W BOX="246 766 264 795" STYLE_REF="5">of</W>
			<W BOX="279 766 314 795" STYLE_REF="5">our</W>
			<W BOX="327 766 438 795" STYLE_REF="5">flourishing</W>
			<Q BOX="452 766 492 795" STYLE_REF="5" QID="45">trad</Q>
			<q BOX="495 766 557 795" STYLE_REF="5" NS="y" QID="45">esmen</q>
			<QW QID="45">tradesmen</QW>
			<W BOX="558 766 564 794" STYLE_REF="5">,</W>
			<W BOX="577 766 612 794" STYLE_REF="5">our</W>
			<W BOX="626 766 681 794" STYLE_REF="5">small</W>
			<W BOX="694 765 802 793" STYLE_REF="5">merchants</W>
		</Primitive>
		<Primitive BOX="24 788 829 842" ID="Ar0100015" SEQ_NO="15" TOC_ENTRY_ID="4" DEPTH_LEVEL="1">
			<L BOX="85 788 801 818"/>
			<W BOX="85 789 121 818" STYLE_REF="5">and</W>
			<W BOX="129 789 278 818" STYLE_REF="5" NS="y">manufacturers</W>
			<W BOX="278 789 283 818" STYLE_REF="5">,</W>
			<W BOX="292 789 335 818" STYLE_REF="5">who</W>
			<W BOX="343 789 415 818" STYLE_REF="5">remain</W>
			<Q BOX="424 789 469 818" STYLE_REF="5" QID="46">sing</Q>
			<q BOX="468 789 487 818" STYLE_REF="5" QID="46">le</q>
			<QW QID="46">single</QW>
			<W BOX="495 789 522 818" STYLE_REF="5">for</W>
			<W BOX="531 789 541 818" STYLE_REF="5">a</W>
			<W BOX="550 789 587 818" STYLE_REF="5" NS="y">few</W>
			<W BOX="588 790 592 818" STYLE_REF="5">,</W>
			<W BOX="602 789 623 817" STYLE_REF="5">or</W>
			<W BOX="631 789 683 817" STYLE_REF="5">more</W>
			<W BOX="691 789 738 817" STYLE_REF="5">than</W>
			<W BOX="746 789 757 817" STYLE_REF="5">a</W>
			<W BOX="763 788 801 816" STYLE_REF="5">few</W>
			<L BOX="85 811 801 842"/>
			<Q BOX="85 814 140 842" STYLE_REF="5" QID="47">years</Q>
			<q BOX="155 813 199 842" STYLE_REF="5" QID="47">may</q>
			<QW QID="47">yearsmay</QW>
			<W BOX="207 813 246 841" STYLE_REF="5">find</W>
			<W BOX="262 813 314 841" STYLE_REF="5">some</W>
			<Q BOX="327 813 411 841" STYLE_REF="5" QID="48">occupati</Q>
			<q BOX="413 813 437 841" STYLE_REF="5" QID="48">on</q>
			<QW QID="48">occupation</QW>
			<W BOX="450 813 502 841" STYLE_REF="5">more</W>
			<Q BOX="511 813 575 841" STYLE_REF="5" QID="49">health</Q>
			<Q BOX="576 814 590 842" STYLE_REF="5" QID="49">y</Q>
			<q BOX="605 813 656 841" STYLE_REF="5" QID="49">more</q>
			<QW QID="49">healthymore</QW>
			<W BOX="665 812 749 840" STYLE_REF="5" NS="y">exciting</W>
			<W BOX="749 812 756 840" STYLE_REF="5">,</W>
			<W BOX="764 811 801 840" STYLE_REF="5">and</W>
		</Primitive>
		<Primitive BOX="24 835 829 889" ID="Ar0100016" SEQ_NO="16" TOC_ENTRY_ID="4" DEPTH_LEVEL="1">
			<L BOX="140 814 597 842"/>
			<W BOX="140 814 146 842" STYLE_REF="5">,</W>
			<W BOX="590 814 597 842" STYLE_REF="5">,</W>
			<L BOX="85 835 801 865"/>
			<W BOX="85 837 136 865" STYLE_REF="5">more</W>
			<W BOX="147 837 243 865" STYLE_REF="5">profitable</W>
			<W BOX="258 837 304 865" STYLE_REF="5">than</W>
			<W BOX="315 837 348 865" STYLE_REF="5">the</W>
			<W BOX="361 837 420 865" STYLE_REF="5">under</W>
			<W BOX="433 837 492 865" STYLE_REF="5">ranks</W>
			<W BOX="504 837 521 865" STYLE_REF="5">of</W>
			<W BOX="534 836 670 865" STYLE_REF="5" NS="y">governessing</W>
			<W BOX="670 836 676 865" STYLE_REF="5">.</W>
			<W BOX="701 836 717 864" STYLE_REF="5">If</W>
			<W BOX="727 835 801 864" STYLE_REF="5">women</W>
			<L BOX="85 859 800 889"/>
			<W BOX="85 860 105 889" STYLE_REF="5">so</W>
			<W BOX="114 860 195 889" STYLE_REF="5">situated</W>
			<W BOX="204 860 259 888" STYLE_REF="5">could</W>
			<W BOX="268 860 320 888" STYLE_REF="5">more</W>
			<Q BOX="330 860 424 888" STYLE_REF="5" QID="50">frequentl</Q>
			<q BOX="425 860 439 888" STYLE_REF="5" QID="50">y</q>
			<QW QID="50">frequently</QW>
			<W BOX="447 860 501 888" STYLE_REF="5">assist</W>
			<W BOX="515 860 566 888" STYLE_REF="5">their</W>
			<W BOX="579 860 648 888" STYLE_REF="5">fathers</W>
			<W BOX="663 859 700 887" STYLE_REF="5">and</W>
			<W BOX="714 859 800 887" STYLE_REF="5">brothers</W>
		</Primitive>
		<Primitive BOX="24 882 829 936" ID="Ar0100017" SEQ_NO="17" TOC_ENTRY_ID="4" DEPTH_LEVEL="1">
			<L BOX="85 882 799 912"/>
			<W BOX="85 884 106 912" STYLE_REF="5">as</W>
			<W BOX="121 883 243 912" STYLE_REF="5">accountants</W>
			<W BOX="259 883 280 912" STYLE_REF="5">or</W>
			<W BOX="295 883 356 912" STYLE_REF="5" NS="y">clerks</W>
			<W BOX="357 884 363 912" STYLE_REF="5">,</W>
			<W BOX="378 884 398 912" STYLE_REF="5">or</W>
			<W BOX="413 884 477 912" STYLE_REF="5">would</W>
			<W BOX="493 884 546 912" STYLE_REF="5">enter</W>
			<Q BOX="562 884 627 912" STYLE_REF="5" QID="51">bravel</Q>
			<q BOX="628 884 641 912" STYLE_REF="5" QID="51">y</q>
			<QW QID="51">bravely</QW>
			<W BOX="654 883 695 911" STYLE_REF="5">into</W>
			<W BOX="711 883 736 911" STYLE_REF="5">all</W>
			<W BOX="753 882 799 910" STYLE_REF="5">such</W>
			<L BOX="86 905 802 936"/>
			<Q BOX="86 908 146 936" STYLE_REF="5" QID="52">descri</Q>
			<q BOX="146 907 210 935" STYLE_REF="5" QID="52">ptions</q>
			<QW QID="52">descriptions</QW>
			<W BOX="225 907 243 935" STYLE_REF="5">of</W>
			<W BOX="260 907 332 935" STYLE_REF="6">business</W>
			<W BOX="349 907 370 935" STYLE_REF="5">as</W>
			<W BOX="385 907 417 935" STYLE_REF="5">are</W>
			<W BOX="434 907 482 935" STYLE_REF="5">even</W>
			<W BOX="497 907 540 935" STYLE_REF="5">now</W>
			<W BOX="553 907 601 935" STYLE_REF="5">open</W>
			<W BOX="615 907 634 935" STYLE_REF="5">to</W>
			<W BOX="648 907 699 935" STYLE_REF="5">their</W>
			<W BOX="711 906 744 934" STYLE_REF="5" NS="y">sex</W>
			<W BOX="746 906 751 934" STYLE_REF="5">,</W>
			<Q BOX="763 905 793 934" STYLE_REF="5" QID="53">cul</Q>
			<Q BOX="793 905 802 934" STYLE_REF="5" QID="53">-</Q>
		</Primitive>
		<Primitive BOX="24 929 829 982" ID="Ar0100018" SEQ_NO="18" TOC_ENTRY_ID="4" DEPTH_LEVEL="1">
			<L BOX="84 929 801 959"/>
			<q BOX="84 931 171 959" STYLE_REF="5" QID="53">tivating</q>
			<QW QID="53">cultivating</QW>
			<W BOX="181 931 236 959" STYLE_REF="5">those</W>
			<W BOX="248 930 322 958" STYLE_REF="5">virtues</W>
			<W BOX="334 930 352 958" STYLE_REF="5">of</W>
			<W BOX="367 930 421 958" STYLE_REF="5" NS="y">order</W>
			<W BOX="423 930 428 958" STYLE_REF="5">,</W>
			<W BOX="443 930 534 959" STYLE_REF="5" NS="y">economy</W>
			<W BOX="536 930 541 959" STYLE_REF="5">,</W>
			<W BOX="554 930 590 959" STYLE_REF="5">and</W>
			<Q BOX="604 930 677 958" STYLE_REF="5" QID="54">punctu</Q>
			<Q BOX="678 930 697 958" STYLE_REF="5" QID="54">al</Q>
			<q BOX="697 930 724 958" STYLE_REF="5" QID="54">ity</q>
			<QW QID="54">punctuality</QW>
			<W BOX="736 929 801 957" STYLE_REF="5">which</W>
			<L BOX="84 952 799 982"/>
			<W BOX="84 954 171 982" STYLE_REF="5">business</W>
			<W BOX="186 954 276 982" STYLE_REF="5" NS="y">demands</W>
			<W BOX="278 953 283 982" STYLE_REF="5">,</W>
			<W BOX="295 954 341 982" STYLE_REF="5">they</W>
			<W BOX="352 954 414 982" STYLE_REF="5">would</W>
			<W BOX="429 954 468 982" STYLE_REF="5">find</W>
			<W BOX="483 954 598 982" STYLE_REF="5">themselves</W>
			<W BOX="611 954 639 982" STYLE_REF="5">far</W>
			<W BOX="654 954 706 982" STYLE_REF="5">more</W>
			<Q BOX="720 954 771 982" STYLE_REF="5" QID="55">happ</Q>
			<Q BOX="771 952 786 981" STYLE_REF="5" QID="55">il</Q>
			<q BOX="786 953 799 981" STYLE_REF="5" QID="55">y</q>
			<QW QID="55">happily</QW>
		</Primitive>
		<Primitive BOX="24 976 829 1029" ID="Ar0100019" SEQ_NO="19" TOC_ENTRY_ID="4" DEPTH_LEVEL="1">
			<L BOX="84 976 801 1006"/>
			<W BOX="84 978 121 1006" STYLE_REF="5">and</W>
			<Q BOX="142 977 250 1006" STYLE_REF="5" QID="56">successfull</Q>
			<q BOX="253 977 266 1005" STYLE_REF="5" QID="56">y</q>
			<QW QID="56">successfully</QW>
			<Q BOX="281 977 353 1005" STYLE_REF="5" QID="57">engage</Q>
			<q BOX="353 977 365 1005" STYLE_REF="5" QID="57">d</q>
			<QW QID="57">engaged</QW>
			<W BOX="381 977 428 1005" STYLE_REF="5">than</W>
			<W BOX="443 977 470 1005" STYLE_REF="5">by</W>
			<Q BOX="488 977 505 1005" STYLE_REF="5" QID="58">ri</Q>
			<Q BOX="505 978 518 1006" STYLE_REF="5" QID="58">g</Q>
			<Q BOX="518 977 546 1006" STYLE_REF="5" QID="58">idl</Q>
			<q BOX="546 977 559 1005" STYLE_REF="5" QID="58">y</q>
			<QW QID="58">rigidly</QW>
			<W BOX="575 977 670 1005" STYLE_REF="5">confining</W>
			<W BOX="686 976 801 1005" STYLE_REF="5">themselves</W>
			<L BOX="84 1000 801 1029"/>
			<W BOX="84 1001 105 1029" STYLE_REF="5">to</W>
			<W BOX="113 1001 164 1029" STYLE_REF="5">what</W>
			<W BOX="172 1001 217 1029" STYLE_REF="5">they</W>
			<W BOX="226 1001 280 1029" STYLE_REF="5">deem</W>
			<W BOX="289 1001 322 1029" STYLE_REF="5">the</W>
			<W BOX="329 1001 435 1029" STYLE_REF="5">gentilities</W>
			<W BOX="448 1001 467 1029" STYLE_REF="5">of</W>
			<W BOX="480 1001 553 1029" STYLE_REF="5">private</W>
			<W BOX="562 1001 595 1029" STYLE_REF="5" NS="y">life</W>
			<W BOX="596 1001 601 1029" STYLE_REF="5">,</W>
			<W BOX="610 1001 646 1029" STYLE_REF="5">and</W>
			<W BOX="658 1001 727 1029" STYLE_REF="5">selling</W>
			<Q BOX="739 1000 792 1029" STYLE_REF="5" QID="59">them</Q>
			<Q BOX="792 1000 801 1029" STYLE_REF="5" QID="59">-</Q>
		</Primitive>
		<Primitive BOX="24 1023 829 1077" ID="Ar0100020" SEQ_NO="20" TOC_ENTRY_ID="4" DEPTH_LEVEL="1">
			<L BOX="84 1023 801 1053"/>
			<q BOX="84 1025 144 1053" STYLE_REF="5" QID="59">selves</q>
			<QW QID="59">themselves</QW>
			<W BOX="152 1025 173 1053" STYLE_REF="5">to</W>
			<W BOX="180 1025 191 1053" STYLE_REF="5">a</W>
			<Q BOX="198 1024 253 1052" STYLE_REF="5" QID="60">famil</Q>
			<q BOX="252 1025 266 1053" STYLE_REF="5" QID="60">y</q>
			<QW QID="60">family</QW>
			<W BOX="274 1024 309 1053" STYLE_REF="5">but</W>
			<Q BOX="321 1024 360 1053" STYLE_REF="5" QID="61">littl</Q>
			<q BOX="361 1024 372 1053" STYLE_REF="5" QID="61">e</q>
			<QW QID="61">little</QW>
			<W BOX="384 1024 443 1053" STYLE_REF="5">above</W>
			<W BOX="456 1024 506 1053" STYLE_REF="5">their</W>
			<W BOX="514 1024 557 1053" STYLE_REF="5">own</W>
			<Q BOX="566 1024 610 1053" STYLE_REF="5" QID="62">stati</Q>
			<q BOX="611 1024 635 1053" STYLE_REF="5" QID="62">on</q>
			<QW QID="62">station</QW>
			<W BOX="644 1024 672 1053" STYLE_REF="5">for</W>
			<W BOX="682 1024 707 1053" STYLE_REF="5" NS="y">25</W>
			<W BOX="707 1024 713 1053" STYLE_REF="5" NS="y">/</W>
			<W BOX="713 1024 719 1053" STYLE_REF="5">.</W>
			<W BOX="728 1024 739 1053" STYLE_REF="5">a</W>
			<W BOX="748 1023 794 1051" STYLE_REF="5" NS="y">year</W>
			<W BOX="794 1023 801 1051" STYLE_REF="5">.</W>
			<L BOX="84 1047 799 1077"/>
			<W BOX="84 1048 127 1076" STYLE_REF="5">And</W>
			<Q BOX="136 1048 171 1076" STYLE_REF="5" QID="63">thu</Q>
			<q BOX="172 1048 182 1076" STYLE_REF="5" QID="63">s</q>
			<QW QID="63">thus</QW>
			<W BOX="189 1048 222 1076" STYLE_REF="5">the</W>
			<Q BOX="230 1048 250 1076" STYLE_REF="5" QID="64">hi</Q>
			<Q BOX="251 1049 265 1077" STYLE_REF="5" QID="64">g</Q>
			<q BOX="264 1048 298 1076" STYLE_REF="5" QID="64">her</q>
			<QW QID="64">higher</QW>
			<W BOX="306 1048 354 1076" STYLE_REF="5">class</W>
			<W BOX="362 1048 380 1076" STYLE_REF="5">of</W>
			<W BOX="388 1048 512 1076" STYLE_REF="5" NS="y">governesses</W>
			<W BOX="513 1048 517 1076" STYLE_REF="5">,</W>
			<W BOX="525 1048 569 1076" STYLE_REF="5">who</W>
			<W BOX="576 1048 607 1076" STYLE_REF="5">are</W>
			<Q BOX="615 1048 650 1076" STYLE_REF="5" QID="65">full</Q>
			<q BOX="651 1048 665 1076" STYLE_REF="5" QID="65">y</q>
			<QW QID="65">fully</QW>
			<W BOX="673 1047 763 1076" STYLE_REF="5">educated</W>
			<W BOX="773 1047 799 1076" STYLE_REF="5">up</W>
		</Primitive>
		<Primitive BOX="24 1071 829 1124" ID="Ar0100021" SEQ_NO="21" TOC_ENTRY_ID="4" DEPTH_LEVEL="1">
			<L BOX="83 1071 800 1100"/>
			<W BOX="83 1072 104 1100" STYLE_REF="5">to</W>
			<W BOX="112 1072 144 1100" STYLE_REF="5">the</W>
			<Q BOX="152 1072 280 1100" STYLE_REF="5" QID="66">requirement</Q>
			<q BOX="281 1072 290 1100" STYLE_REF="5" QID="66">s</q>
			<QW QID="66">requirements</QW>
			<W BOX="303 1072 321 1100" STYLE_REF="5">of</W>
			<W BOX="335 1072 346 1100" STYLE_REF="5">a</W>
			<Q BOX="360 1072 381 1100" STYLE_REF="5" QID="67">hi</Q>
			<Q BOX="381 1072 394 1100" STYLE_REF="5" QID="67">g</Q>
			<q BOX="393 1071 427 1100" STYLE_REF="5" QID="67">her</q>
			<QW QID="67">higher</QW>
			<W BOX="441 1071 498 1100" STYLE_REF="5">social</W>
			<W BOX="511 1071 561 1100" STYLE_REF="5" NS="y">scale</W>
			<W BOX="561 1072 566 1100" STYLE_REF="5">,</W>
			<W BOX="574 1071 638 1099" STYLE_REF="5">would</W>
			<W BOX="646 1071 697 1099" STYLE_REF="5">meet</W>
			<W BOX="704 1071 753 1099" STYLE_REF="5">with</W>
			<W BOX="765 1071 800 1099" STYLE_REF="5">but</W>
			<L BOX="83 1095 505 1124"/>
			<W BOX="83 1095 134 1123" STYLE_REF="5">little</W>
			<W BOX="142 1095 264 1123" STYLE_REF="5">competition</W>
			<W BOX="273 1095 309 1123" STYLE_REF="5">and</W>
			<W BOX="318 1095 368 1123" STYLE_REF="5">more</W>
			<W BOX="377 1095 452 1123" STYLE_REF="5">assured</W>
			<W BOX="462 1095 499 1124" STYLE_REF="5" NS="y">pay</W>
			<W BOX="499 1095 505 1124" STYLE_REF="5">.</W>
		</Primitive>
		<Primitive BOX="24 1119 829 1171" ID="Ar0100022" SEQ_NO="22" TOC_ENTRY_ID="4" DEPTH_LEVEL="1">
			<L BOX="109 1119 798 1148"/>
			<W BOX="109 1120 149 1148" STYLE_REF="5">The</W>
			<W BOX="162 1120 200 1148" STYLE_REF="5" NS="y">arts</W>
			<W BOX="201 1120 206 1148" STYLE_REF="5">,</W>
			<W BOX="215 1119 314 1147" STYLE_REF="5" NS="y">literature</W>
			<W BOX="315 1120 320 1148" STYLE_REF="5">,</W>
			<W BOX="329 1119 366 1147" STYLE_REF="5">and</W>
			<W BOX="380 1119 450 1147" STYLE_REF="5">tuition</W>
			<Q BOX="463 1119 490 1147" STYLE_REF="5" QID="68">mi</Q>
			<Q BOX="490 1120 503 1148" STYLE_REF="5" QID="68">g</Q>
			<q BOX="502 1119 523 1147" STYLE_REF="5" QID="68">ht</q>
			<QW QID="68">might</QW>
			<W BOX="536 1119 561 1147" STYLE_REF="5">be</W>
			<Q BOX="573 1119 619 1147" STYLE_REF="5" QID="69">safel</Q>
			<q BOX="620 1120 632 1148" STYLE_REF="5" QID="69">y</q>
			<QW QID="69">safely</QW>
			<W BOX="641 1119 674 1147" STYLE_REF="5">left</W>
			<W BOX="688 1119 708 1147" STYLE_REF="5">to</W>
			<W BOX="719 1119 798 1147" STYLE_REF="5">provide</W>
			<L BOX="83 1142 797 1171"/>
			<W BOX="83 1143 111 1171" STYLE_REF="5">for</W>
			<W BOX="129 1143 163 1171" STYLE_REF="5">the</W>
			<W BOX="178 1143 281 1171" STYLE_REF="5">livelihood</W>
			<W BOX="298 1143 316 1171" STYLE_REF="5">of</W>
			<W BOX="333 1143 382 1171" STYLE_REF="6">clever</W>
			<W BOX="395 1143 469 1171" STYLE_REF="5" NS="y">women</W>
			<W BOX="471 1143 475 1171" STYLE_REF="5">,</W>
			<W BOX="489 1142 503 1170" STYLE_REF="5">if</W>
			<W BOX="520 1142 585 1170" STYLE_REF="6">sensible</W>
			<W BOX="597 1142 671 1170" STYLE_REF="5">women</W>
			<W BOX="685 1142 749 1170" STYLE_REF="5">would</W>
			<W BOX="762 1142 797 1170" STYLE_REF="5">but</W>
		</Primitive>
		<Primitive BOX="24 1171 829 1219" ID="Ar0100023" SEQ_NO="23" TOC_ENTRY_ID="4" DEPTH_LEVEL="1">
			<L BOX="82 1163 804 1195"/>
			<W BOX="82 1167 127 1195" STYLE_REF="5">turn</W>
			<W BOX="142 1167 192 1195" STYLE_REF="5">their</W>
			<W BOX="205 1167 259 1195" STYLE_REF="5">sense</W>
			<W BOX="276 1167 297 1195" STYLE_REF="5">to</W>
			<W BOX="312 1167 337 1195" STYLE_REF="5">its</W>
			<W BOX="351 1167 407 1195" STYLE_REF="5">many</W>
			<Q BOX="421 1167 453 1195" STYLE_REF="5" QID="70">leg</Q>
			<Q BOX="453 1166 474 1194" STYLE_REF="5" QID="70">iti</Q>
			<Q BOX="476 1166 494 1194" STYLE_REF="5" QID="70">m</Q>
			<q BOX="496 1166 525 1194" STYLE_REF="5" QID="70">ate</q>
			<QW QID="70">legitimate</QW>
			<Q BOX="538 1167 559 1195" STYLE_REF="5" QID="71">sp</Q>
			<q BOX="560 1166 616 1194" STYLE_REF="5" QID="71">heres</q>
			<QW QID="71">spheres</QW>
			<W BOX="629 1166 647 1194" STYLE_REF="5">of</W>
			<W BOX="663 1166 726 1194" STYLE_REF="5" NS="y">action</W>
			<W BOX="726 1166 732 1194" STYLE_REF="5">.</W>
			<W BOX="758 1166 796 1194" STYLE_REF="5">But</W>
			<W BOX="800 1163 804 1191" STYLE_REF="5">,</W>
		</Primitive>
	</Content>
	<TOC_Entries><TOC_Entry TOC_ENTRY_ID="21" TITLE="The Annual Reports of the Governesses' B..." ENTITY_ID_REF="Ar01000" PAGE_NO="10" PAGE_LABEL="10" PRIM_ID_REF="Ar0100000" IS_IC="true"/></TOC_Entries></XMD-entity>
