<?xml version="1.0" encoding="windows-1252" standalone="no"?>
<XMD-entity REPOSITORY_FORMAT="1.0" PRXML_VER="2.0" ENTITY_TYPE="Article" DOC_UID="EWJ_01/03/1858" DOC_VER="1" FIRST_TOC_ENTRY_ID="19" DEPTH_LEVEL="1" INDEX_IN_DOC="45" PAGE_NO="14" ID="Ar01401" BOX="24 12 829 71" LANGUAGE="English" SNP="Ar01401S.png" SNP_WIDTH="806" SNP_HEIGHT="59" LOGICAL_NAME="true">
	<Meta NAME="14 A HOUSE OF MERCY." DESCRIPTION="" SUBTYPE="" BASE_HREF="EWJ/1858/03/01" SOURCE_TYPE="TIFF" PUBLICATION="EWJ" SECTION="None" ISSUE_DATE="01/03/1858" WORDCNT="6" RELEASE_NO="041-EWJ-1858-03-01-001-SINGLE" PAGE_ID="" PAGE_TYPE="Single" PAGE_WIDTH="842" PAGE_HEIGHT="1244" DEFAULT_IMG_EXT="png" PDF_DESTINATION_MAPPED="OLV0_Entity_0014_0002" IMAGES_RESOLUTION="86" XMD_VER="2.6.238.8" PAGE_LABEL="14"/>
	<Link SOURCE="041-EWJ-1858-03-01-001-SINGLE.PDF" FIRST_ID="Ar00200" LAST_ID="Ar07201" NEXT_ID="" PREV_ID="Ar01400" TOC_ID="d:/Olive/Repository/EWJ/1858/03/01/TOC.xml"/>
	<DataFiles>
		<Files TYPE="DOC_PDF" PRESENT="1"/>
		<Files TYPE="PAGE_PDF" PRESENT="0"/>
		<Files TYPE="DOC_IMG" PRESENT="0"/>
		<Files TYPE="PAGE_IMG" PRESENT="0"/>
		<Files TYPE="PAGE_VIEW_IMG" PRESENT="1"/>
		<Files TYPE="PAGE_PREVIEW_IMG" PRESENT="1"/>
		<Files TYPE="PRIMITIVE_IMG" PRESENT="1"/>
		<Files TYPE="SNIPPET_IMG" PRESENT="1"/>
	</DataFiles>
	<Content>
		<Primitive BOX="24 12 829 71" ID="Ar0140100" SEQ_NO="0" TOC_ENTRY_ID="19" DEPTH_LEVEL="1">
			<L BOX="87 34 559 61"/>
			<W BOX="87 34 111 61" STYLE_REF="9">14</W>
			<W BOX="327 34 342 61" STYLE_REF="9">A</W>
			<Q BOX="355 34 412 61" STYLE_REF="9" QID="1">HOUS</Q>
			<q BOX="413 34 426 61" STYLE_REF="9" QID="1">E</q>
			<QW QID="1">HOUSE</QW>
			<W BOX="439 34 466 61" STYLE_REF="9">OF</W>
			<W BOX="480 34 554 61" STYLE_REF="9" NS="y">MERCY</W>
			<W BOX="554 34 559 61" STYLE_REF="9">.</W>
		</Primitive>
	</Content>
	<TOC_Entries><TOC_Entry TOC_ENTRY_ID="32" TITLE="14 A HOUSE OF MERCY." ENTITY_ID_REF="Ar01401" PAGE_NO="14" PAGE_LABEL="14" PRIM_ID_REF="Ar0140100" IS_IC="true"/></TOC_Entries></XMD-entity>
