<?xml version="1.0" encoding="windows-1252" standalone="no"?>
<XMD-entity REPOSITORY_FORMAT="1.0" PRXML_VER="2.0" ENTITY_TYPE="Article" FIRST_TOC_ENTRY_ID="18" DEPTH_LEVEL="1" INDEX_IN_DOC="31" PAGE_NO="14" ID="Ar01400" BOX="24 71 829 1219" LANGUAGE="English" CONTINUATION_TO="Ar01500" CONTINUATION_FROM="Ar01303" LOGICAL_NAME="true">
	<Meta NAME=". at A few This High days institution ga..." DESCRIPTION="" SUBTYPE="" BASE_HREF="EWJ/1858/03/01" SOURCE_TYPE="TIFF" PUBLICATION="EWJ" SECTION="None" ISSUE_DATE="01/03/1858" WORDCNT="550" RELEASE_NO="041-EWJ-1858-03-01-001-SINGLE" PAGE_ID="" PAGE_TYPE="Single" PAGE_WIDTH="842" PAGE_HEIGHT="1244" DEFAULT_IMG_EXT="png" PDF_DESTINATION_MAPPED="OLV0_Entity_0014_0001" IMAGES_RESOLUTION="86" XMD_VER="2.6.238.8" PAGE_LABEL="14"/>
	<Link SOURCE="041-EWJ-1858-03-01-001-SINGLE.PDF" FIRST_ID="Ar00200" LAST_ID="Ar07201" NEXT_ID="Ar01401" PREV_ID="" TOC_ID="d:/Olive/Repository/EWJ/1858/03/01/TOC.xml"/>
	<DataFiles>
		<Files TYPE="DOC_PDF" PRESENT="1"/>
		<Files TYPE="PAGE_PDF" PRESENT="0"/>
		<Files TYPE="DOC_IMG" PRESENT="0"/>
		<Files TYPE="PAGE_IMG" PRESENT="0"/>
		<Files TYPE="PAGE_VIEW_IMG" PRESENT="1"/>
		<Files TYPE="PAGE_PREVIEW_IMG" PRESENT="1"/>
		<Files TYPE="PRIMITIVE_IMG" PRESENT="1"/>
		<Files TYPE="SNIPPET_IMG" PRESENT="1"/>
	</DataFiles>
	<Content>
		<Primitive BOX="24 71 829 130" ID="Ar0140000" SEQ_NO="0" TOC_ENTRY_ID="18" DEPTH_LEVEL="1">
			<L BOX="84 77 802 107"/>
			<W BOX="84 79 140 107" STYLE_REF="5">doors</W>
			<W BOX="148 79 186 107" STYLE_REF="5">and</W>
			<Q BOX="196 79 267 107" STYLE_REF="5" QID="1">mantel</Q>
			<Q BOX="267 79 275 107" STYLE_REF="5" LH="y" QID="1">-</Q>
			<Q BOX="275 79 289 107" STYLE_REF="5" QID="1">p</Q>
			<q BOX="288 78 328 106" STYLE_REF="5" NS="y" QID="1">iece</q>
			<QW QID="1">mantel-piece</QW>
			<W BOX="333 78 338 106" STYLE_REF="5">;</W>
			<W BOX="351 78 390 106" STYLE_REF="5">and</W>
			<W BOX="403 78 455 106" STYLE_REF="5">upon</W>
			<W BOX="463 78 497 106" STYLE_REF="5">the</W>
			<Q BOX="508 78 579 106" STYLE_REF="5" QID="2">mantel</Q>
			<Q BOX="579 78 588 106" STYLE_REF="5" LH="y" QID="2">-</Q>
			<Q BOX="588 78 601 106" STYLE_REF="5" QID="2">p</Q>
			<q BOX="601 77 640 106" STYLE_REF="5" QID="2">iece</q>
			<QW QID="2">mantel-piece</QW>
			<W BOX="652 77 718 106" STYLE_REF="5">stands</W>
			<W BOX="726 77 737 106" STYLE_REF="5">a</W>
			<W BOX="746 77 802 106" STYLE_REF="5">small</W>
			<L BOX="84 102 228 130"/>
			<Q BOX="84 102 104 130" STYLE_REF="5" QID="3">w</Q>
			<q BOX="103 102 161 130" STYLE_REF="5" QID="3">ooden</q>
			<QW QID="3">wooden</QW>
			<W BOX="170 102 221 130" STYLE_REF="5" NS="y">cross</W>
			<W BOX="221 102 228 130" STYLE_REF="5">.</W>
		</Primitive>
		<Primitive BOX="24 124 829 177" ID="Ar0140001" SEQ_NO="1" TOC_ENTRY_ID="18" DEPTH_LEVEL="1">
			<L BOX="109 124 801 154"/>
			<W BOX="109 126 143 154" STYLE_REF="5">We</W>
			<W BOX="151 126 203 154" STYLE_REF="5">were</W>
			<W BOX="211 126 250 154" STYLE_REF="5">first</W>
			<W BOX="264 126 322 154" STYLE_REF="5">taken</W>
			<W BOX="334 125 376 153" STYLE_REF="5">into</W>
			<W BOX="384 125 418 153" STYLE_REF="5">the</W>
			<W BOX="429 124 510 153" STYLE_REF="5" NS="y">laundry</W>
			<W BOX="510 124 517 153" STYLE_REF="5">,</W>
			<Q BOX="526 124 535 152" STYLE_REF="5" QID="4">"</Q>
			<q BOX="533 124 587 152" STYLE_REF="5" QID="4">which</q>
			<QW QID="4">"which</QW>
			<W BOX="602 124 645 152" STYLE_REF="5">now</W>
			<Q BOX="653 124 712 152" STYLE_REF="5" QID="5">occup</Q>
			<q BOX="713 124 742 152" STYLE_REF="5" QID="5">ies</q>
			<QW QID="5">occupies</QW>
			<W BOX="750 124 801 152" STYLE_REF="5">what</W>
			<L BOX="83 146 801 177"/>
			<W BOX="83 146 88 174" STYLE_REF="5" NS="y">�</W>
			<W BOX="84 146 121 174" STYLE_REF="5">was</W>
			<Q BOX="138 149 216 177" STYLE_REF="5" QID="6">formerl</Q>
			<q BOX="216 149 229 177" STYLE_REF="5" QID="6">y</q>
			<QW QID="6">formerly</QW>
			<W BOX="243 149 312 177" STYLE_REF="5" NS="y">stables</W>
			<W BOX="312 149 318 177" STYLE_REF="5">.</W>
			<W BOX="344 148 385 176" STYLE_REF="5">The</W>
			<W BOX="402 148 510 176" STYLE_REF="5">institution</W>
			<W BOX="527 147 544 176" STYLE_REF="5">is</W>
			<W BOX="560 147 581 176" STYLE_REF="5">in</W>
			<W BOX="597 148 640 176" STYLE_REF="5">part</W>
			<W BOX="655 148 757 176" STYLE_REF="5">supported</W>
			<Q BOX="774 148 787 176" STYLE_REF="5" QID="7">b</Q>
			<q BOX="787 148 801 176" STYLE_REF="5" QID="7">y</q>
			<QW QID="7">by</QW>
		</Primitive>
		<Primitive BOX="24 171 829 224" ID="Ar0140002" SEQ_NO="2" TOC_ENTRY_ID="18" DEPTH_LEVEL="1">
			<L BOX="82 171 799 201"/>
			<Q BOX="82 172 162 201" STYLE_REF="5" QID="8">laundry</Q>
			<Q BOX="162 172 170 201" STYLE_REF="5" LH="y" QID="8">-</Q>
			<q BOX="169 172 223 201" STYLE_REF="5" NS="y" QID="8">work</q>
			<QW QID="8">laundry-work</QW>
			<W BOX="226 172 231 201" STYLE_REF="5">,</W>
			<W BOX="240 172 276 200" STYLE_REF="5">and</W>
			<W BOX="289 172 358 200" STYLE_REF="5">during</W>
			<W BOX="371 172 405 200" STYLE_REF="5">the</W>
			<W BOX="419 171 498 200" STYLE_REF="5">London</W>
			<W BOX="506 171 571 199" STYLE_REF="5">season</W>
			<W BOX="580 171 591 199" STYLE_REF="5">a</W>
			<W BOX="600 171 651 199" STYLE_REF="5">great</W>
			<W BOX="663 171 703 199" STYLE_REF="5">deal</W>
			<W BOX="712 171 731 199" STYLE_REF="5">of</W>
			<W BOX="745 171 799 199" STYLE_REF="5">linen</W>
			<L BOX="82 195 800 224"/>
			<W BOX="82 195 100 224" STYLE_REF="5">is</W>
			<W BOX="109 195 150 224" STYLE_REF="5">sent</W>
			<W BOX="159 195 206 224" STYLE_REF="5">from</W>
			<W BOX="218 195 252 224" STYLE_REF="5">the</W>
			<W BOX="259 195 312 224" STYLE_REF="5">West</W>
			<W BOX="321 195 363 224" STYLE_REF="5">End</W>
			<W BOX="374 195 393 224" STYLE_REF="5">to</W>
			<W BOX="405 195 428 224" STYLE_REF="5">be</W>
			<W BOX="438 195 471 223" STYLE_REF="5">got</W>
			<W BOX="483 195 509 223" STYLE_REF="5">up</W>
			<Q BOX="518 195 532 223" STYLE_REF="5" QID="9">b</Q>
			<q BOX="532 195 545 223" STYLE_REF="5" QID="9">y</q>
			<QW QID="9">by</QW>
			<W BOX="554 195 588 223" STYLE_REF="5">the</W>
			<Q BOX="600 195 613 223" STYLE_REF="5" QID="10">g</Q>
			<q BOX="613 195 647 223" STYLE_REF="5" NS="y" QID="10">irls</q>
			<QW QID="10">girls</QW>
			<W BOX="647 195 653 223" STYLE_REF="5">.</W>
			<W BOX="678 195 731 223" STYLE_REF="5">They</W>
			<W BOX="741 195 792 223" STYLE_REF="5" NS="y">were</W>
			<W BOX="793 195 800 223" STYLE_REF="5">,</W>
		</Primitive>
		<Primitive BOX="24 218 829 275" ID="Ar0140003" SEQ_NO="3" TOC_ENTRY_ID="18" DEPTH_LEVEL="1">
			<L BOX="81 218 797 247"/>
			<Q BOX="81 219 95 247" STYLE_REF="5" QID="11">h</Q>
			<q BOX="96 221 169 247" STYLE_REF="14" NS="y" QID="11">owever</q>
			<QW QID="11">however</QW>
			<W BOX="171 218 176 247" STYLE_REF="5">,</W>
			<W BOX="184 219 234 247" STYLE_REF="5">busy</W>
			<W BOX="242 219 328 247" STYLE_REF="5">washing</W>
			<W BOX="340 219 377 247" STYLE_REF="5">and</W>
			<W BOX="390 218 466 246" STYLE_REF="5">ironing</W>
			<W BOX="480 218 531 246" STYLE_REF="5">their</W>
			<W BOX="544 218 587 246" STYLE_REF="5">own</W>
			<W BOX="597 218 666 246" STYLE_REF="5">clothes</W>
			<Q BOX="680 218 713 246" STYLE_REF="5" QID="12">onl</Q>
			<q BOX="712 218 726 246" STYLE_REF="5" NS="y" QID="12">y</q>
			<QW QID="12">only</QW>
			<W BOX="726 218 733 246" STYLE_REF="5">,</W>
			<Q BOX="741 220 758 245" STYLE_REF="14" QID="13">w</Q>
			<Q BOX="759 218 772 246" STYLE_REF="5" QID="13">h</Q>
			<q BOX="773 220 797 245" STYLE_REF="14" QID="13">en</q>
			<QW QID="13">when</QW>
			<L BOX="81 235 824 276"/>
			<W BOX="81 242 111 270" STYLE_REF="5">we</W>
			<W BOX="118 242 186 270" STYLE_REF="5">visited</W>
			<W BOX="195 242 229 270" STYLE_REF="5">the</W>
			<W BOX="237 242 318 270" STYLE_REF="5" NS="y">laundry</W>
			<W BOX="318 242 325 270" STYLE_REF="5">.</W>
			<W BOX="349 242 381 270" STYLE_REF="5" M="1 * ">_No</W>
			<W BOX="387 242 472 270" STYLE_REF="5">washing</W>
			<W BOX="479 241 496 269" STYLE_REF="5">is</W>
			<W BOX="504 241 589 269" STYLE_REF="5">received</W>
			<W BOX="599 241 619 269" STYLE_REF="5">in</W>
			<W BOX="627 241 660 269" STYLE_REF="5">the</W>
			<W BOX="666 241 746 269" STYLE_REF="5">Peniten</W>
			<W BOX="753 247 773 276" STYLE_REF="5" NS="y">tJ</W>
			<W BOX="771 247 787 276" STYLE_REF="5" NS="y" M="1 * ">_^</W>
			<W BOX="786 247 796 276" STYLE_REF="5">f</W>
			<W BOX="794 240 805 268" STYLE_REF="5" NS="y" M="1 * ">_^</W>
			<W BOX="806 240 814 268" STYLE_REF="5">-</W>
			<W BOX="818 235 824 263" STYLE_REF="5">~</W>
		</Primitive>
		<Primitive BOX="24 263 829 318" ID="Ar0140004" SEQ_NO="4" TOC_ENTRY_ID="18" DEPTH_LEVEL="1">
			<L BOX="747 247 753 276"/>
			<W BOX="747 247 753 276" STYLE_REF="5">.</W>
			<L BOX="80 263 756 296"/>
			<W BOX="80 266 127 294" STYLE_REF="5">from</W>
			<W BOX="136 266 170 294" STYLE_REF="5">the</W>
			<W BOX="177 266 285 294" STYLE_REF="5">immediate</W>
			<Q BOX="292 266 325 294" STYLE_REF="5" QID="14">nei</Q>
			<Q BOX="325 266 339 295" STYLE_REF="5" QID="14">g</Q>
			<q BOX="337 265 448 293" STYLE_REF="5" NS="y" QID="14">hbourhood</q>
			<QW QID="14">neighbourhood</QW>
			<W BOX="448 265 454 293" STYLE_REF="5">.</W>
			<W BOX="706 263 709 291" STYLE_REF="5">.</W>
			<W BOX="714 267 729 296" STYLE_REF="6" M="1 * ">_*</W>
			<Q BOX="714 266 717 295" STYLE_REF="6" QID="15">'</Q>
			<Q BOX="724 267 737 296" STYLE_REF="6" QID="15">?</Q>
			<Q BOX="734 267 747 296" STYLE_REF="6" QID="15">?</Q>
			<q BOX="742 265 756 294" STYLE_REF="6" QID="15" M="1 * ">^</q>
			<QW QID="15">_'??^</QW>
			<L BOX="105 288 797 318"/>
			<W BOX="105 290 164 318" STYLE_REF="5">Many</W>
			<W BOX="175 289 264 317" STYLE_REF="5">scientific</W>
			<Q BOX="282 289 318 317" STYLE_REF="5" QID="16">app</Q>
			<q BOX="318 288 390 317" STYLE_REF="5" QID="16">liances</q>
			<QW QID="16">appliances</QW>
			<W BOX="404 288 452 317" STYLE_REF="5">have</W>
			<W BOX="464 288 513 317" STYLE_REF="5">been</W>
			<W BOX="526 288 636 316" STYLE_REF="5">introduced</W>
			<W BOX="652 288 692 316" STYLE_REF="5">into</W>
			<W BOX="706 288 739 316" STYLE_REF="5">the</W>
			<Q BOX="750 288 788 316" STYLE_REF="5" QID="17">esta</Q>
			<Q BOX="788 288 797 316" STYLE_REF="5" QID="17">-</Q>
		</Primitive>
		<Primitive BOX="24 311 829 364" ID="Ar0140005" SEQ_NO="5" TOC_ENTRY_ID="18" DEPTH_LEVEL="1">
			<L BOX="80 311 795 341"/>
			<q BOX="80 313 184 341" STYLE_REF="5" QID="17">blishment</q>
			<QW QID="17">establishment</QW>
			<W BOX="196 313 223 341" STYLE_REF="5">for</W>
			<Q BOX="237 312 319 340" STYLE_REF="5" QID="18">lessenin</Q>
			<q BOX="321 312 333 340" STYLE_REF="5" QID="18">g</q>
			<QW QID="18">lessening</QW>
			<W BOX="346 312 380 340" STYLE_REF="5">the</W>
			<W BOX="392 312 458 340" STYLE_REF="5">labour</W>
			<W BOX="472 311 491 340" STYLE_REF="5">of</W>
			<W BOX="505 311 591 339" STYLE_REF="5">washing</W>
			<W BOX="603 311 640 339" STYLE_REF="5">and</W>
			<Q BOX="653 311 715 339" STYLE_REF="5" QID="19">wring</Q>
			<q BOX="715 311 749 339" STYLE_REF="5" QID="19">ing</q>
			<QW QID="19">wringing</QW>
			<W BOX="761 311 795 339" STYLE_REF="5">the</W>
			<L BOX="79 335 796 364"/>
			<W BOX="79 336 151 364" STYLE_REF="5" NS="y">clothes</W>
			<W BOX="151 336 157 364" STYLE_REF="5">.</W>
			<W BOX="182 336 193 364" STYLE_REF="5">I</W>
			<W BOX="205 336 295 364" STYLE_REF="5">observed</W>
			<W BOX="309 336 330 364" STYLE_REF="5">to</W>
			<W BOX="342 336 377 364" STYLE_REF="5">the</W>
			<Q BOX="385 335 441 363" STYLE_REF="5" QID="20">Ward</Q>
			<q BOX="442 335 466 363" STYLE_REF="5" QID="20">en</q>
			<QW QID="20">Warden</QW>
			<W BOX="479 335 521 363" STYLE_REF="5">that</W>
			<W BOX="535 335 545 363" STYLE_REF="5">I</W>
			<W BOX="558 335 613 363" STYLE_REF="5">could</W>
			<W BOX="626 335 659 363" STYLE_REF="5">not</W>
			<W BOX="671 335 727 363" STYLE_REF="5">avoid</W>
			<Q BOX="742 335 787 363" STYLE_REF="5" QID="21">ques</Q>
			<Q BOX="787 335 796 363" STYLE_REF="5" QID="21">-</Q>
		</Primitive>
		<Primitive BOX="24 358 829 412" ID="Ar0140006" SEQ_NO="6" TOC_ENTRY_ID="18" DEPTH_LEVEL="1">
			<L BOX="78 358 793 387"/>
			<q BOX="78 359 154 387" STYLE_REF="5" QID="21">tioning</q>
			<QW QID="21">questioning</QW>
			<W BOX="161 359 248 387" STYLE_REF="5">whether</W>
			<Q BOX="262 359 291 387" STYLE_REF="5" QID="22">thi</Q>
			<q BOX="292 359 301 387" STYLE_REF="5" QID="22">s</q>
			<QW QID="22">this</QW>
			<Q BOX="314 359 322 387" STYLE_REF="5" QID="23">"</Q>
			<q BOX="322 359 363 387" STYLE_REF="5" QID="23">were</q>
			<QW QID="23">"were</QW>
			<W BOX="377 359 401 387" STYLE_REF="5">an</W>
			<W BOX="416 358 511 386" STYLE_REF="5">advisable</W>
			<W BOX="525 358 656 386" STYLE_REF="5">arrangement</W>
			<W BOX="669 358 689 386" STYLE_REF="5">as</W>
			<W BOX="702 358 793 386" STYLE_REF="5">regarded</W>
			<L BOX="77 382 794 412"/>
			<W BOX="77 383 112 411" STYLE_REF="5">the</W>
			<Q BOX="124 383 198 411" STYLE_REF="5" QID="24">educati</Q>
			<q BOX="199 383 223 411" STYLE_REF="5" QID="24">on</q>
			<QW QID="24">education</QW>
			<W BOX="236 383 254 412" STYLE_REF="5">of</W>
			<W BOX="269 383 303 411" STYLE_REF="5">the</W>
			<Q BOX="315 383 329 411" STYLE_REF="5" QID="25">g</Q>
			<Q BOX="328 382 362 410" STYLE_REF="5" QID="25">irls</Q>
			<q BOX="376 382 404 410" STYLE_REF="5" QID="25">for</q>
			<QW QID="25">girlsfor</QW>
			<W BOX="417 382 437 410" STYLE_REF="5">in</W>
			<W BOX="450 382 474 410" STYLE_REF="5">an</W>
			<W BOX="488 382 577 410" STYLE_REF="5">ordinary</W>
			<W BOX="585 382 629 410" STYLE_REF="5">way</W>
			<W BOX="640 382 746 410" STYLE_REF="5">househqld</W>
			<W BOX="757 382 794 410" STYLE_REF="5">and</W>
		</Primitive>
		<Primitive BOX="24 405 829 458" ID="Ar0140007" SEQ_NO="7" TOC_ENTRY_ID="18" DEPTH_LEVEL="1">
			<L BOX="362 382 367 411"/>
			<W BOX="362 382 367 411" STYLE_REF="5">,</W>
			<L BOX="78 405 794 434"/>
			<W BOX="78 406 168 434" STYLE_REF="5">domestic</W>
			<W BOX="176 406 243 434" STYLE_REF="5">labour</W>
			<W BOX="256 406 290 434" STYLE_REF="5">has</W>
			<W BOX="302 406 351 434" STYLE_REF="5">none</W>
			<W BOX="365 406 383 434" STYLE_REF="5">of</W>
			<W BOX="396 406 450 434" STYLE_REF="5">these</W>
			<W BOX="461 405 502 433" STYLE_REF="5" NS="y">aids</W>
			<W BOX="502 405 508 433" STYLE_REF="5">.</W>
			<W BOX="534 405 580 433" STYLE_REF="5">Two</W>
			<W BOX="592 405 685 433" STYLE_REF="5">instances</W>
			<W BOX="694 405 731 433" STYLE_REF="5">had</W>
			<Q BOX="740 405 781 433" STYLE_REF="5" QID="26">com</Q>
			<q BOX="782 405 794 433" STYLE_REF="5" QID="26">e</q>
			<QW QID="26">come</QW>
			<L BOX="77 428 793 458"/>
			<W BOX="77 429 137 458" STYLE_REF="5">under</W>
			<W BOX="146 429 180 458" STYLE_REF="5">our</W>
			<W BOX="193 429 236 458" STYLE_REF="5">own</W>
			<W BOX="244 429 363 458" STYLE_REF="5" NS="y">observation</W>
			<W BOX="365 429 370 457" STYLE_REF="5">,</W>
			<W BOX="379 429 397 457" STYLE_REF="5">of</W>
			<Q BOX="411 429 425 458" STYLE_REF="5" QID="27">g</Q>
			<q BOX="424 428 458 457" STYLE_REF="5" QID="27">irls</q>
			<QW QID="27">girls</QW>
			<W BOX="471 428 559 457" STYLE_REF="5">educated</W>
			<W BOX="569 428 589 457" STYLE_REF="5">in</W>
			<W BOX="597 428 662 457" STYLE_REF="5">public</W>
			<W BOX="673 428 793 457" STYLE_REF="5">institutions</W>
		</Primitive>
		<Primitive BOX="24 451 829 504" ID="Ar0140008" SEQ_NO="8" TOC_ENTRY_ID="18" DEPTH_LEVEL="1">
			<L BOX="76 451 792 481"/>
			<W BOX="76 451 81 479" STYLE_REF="5" NS="y">�</W>
			<W BOX="78 451 137 479" STYLE_REF="5">where</W>
			<W BOX="148 453 214 481" STYLE_REF="5">labour</W>
			<W BOX="222 453 260 481" STYLE_REF="5">had</W>
			<W BOX="269 453 289 481" STYLE_REF="5">in</W>
			<W BOX="298 453 308 481" STYLE_REF="5">a</W>
			<W BOX="317 453 388 481" STYLE_REF="5">similar</W>
			<Q BOX="397 453 416 481" STYLE_REF="5" QID="28">m</Q>
			<q BOX="417 452 474 480" STYLE_REF="5" QID="28">anner</q>
			<QW QID="28">manner</QW>
			<W BOX="481 452 528 480" STYLE_REF="5">been</W>
			<Q BOX="537 452 553 480" STYLE_REF="5" QID="29">li</Q>
			<Q BOX="552 452 566 481" STYLE_REF="5" QID="29">g</Q>
			<q BOX="566 452 635 480" STYLE_REF="5" NS="y" QID="29">htened</q>
			<QW QID="29">lightened</QW>
			<W BOX="636 451 641 480" STYLE_REF="5">,</W>
			<Q BOX="647 452 716 480" STYLE_REF="5" QID="30">refusin</Q>
			<q BOX="718 452 732 480" STYLE_REF="5" QID="30">g</q>
			<QW QID="30">refusing</QW>
			<W BOX="736 452 792 480" STYLE_REF="5">when</W>
			<L BOX="75 475 791 504"/>
			<W BOX="75 476 96 504" STYLE_REF="5">in</W>
			<W BOX="105 476 177 504" STYLE_REF="5">service</W>
			<W BOX="185 476 205 504" STYLE_REF="5">to</W>
			<W BOX="212 476 293 504" STYLE_REF="5">perform</W>
			<W BOX="305 476 391 504" STYLE_REF="5">common</W>
			<W BOX="399 476 436 504" STYLE_REF="5">and</W>
			<W BOX="444 475 544 504" STYLE_REF="5">necessary</W>
			<W BOX="552 475 641 504" STYLE_REF="5">domestic</W>
			<W BOX="649 475 703 504" STYLE_REF="5">work</W>
			<W BOX="711 475 791 504" STYLE_REF="5">because</W>
		</Primitive>
		<Primitive BOX="24 498 829 551" ID="Ar0140009" SEQ_NO="9" TOC_ENTRY_ID="18" DEPTH_LEVEL="1">
			<L BOX="75 498 648 530"/>
			<W BOX="75 500 90 528" STYLE_REF="5">it</W>
			<W BOX="98 500 136 528" STYLE_REF="5">had</W>
			<W BOX="145 500 204 528" STYLE_REF="5">never</W>
			<W BOX="212 500 260 528" STYLE_REF="5">been</W>
			<W BOX="269 500 356 528" STYLE_REF="5">required</W>
			<W BOX="366 500 384 528" STYLE_REF="5">of</W>
			<W BOX="393 500 445 528" STYLE_REF="5">them</W>
			<W BOX="454 502 465 530" STYLE_REF="5">"</W>
			<W BOX="473 498 494 527" STYLE_REF="5">in</W>
			<W BOX="502 498 552 527" STYLE_REF="5">their</W>
			<W BOX="561 498 625 527" STYLE_REF="5" NS="y">school</W>
			<W BOX="627 498 635 527" STYLE_REF="5" NS="y">.</W>
			<W BOX="632 498 648 527" STYLE_REF="5">"</W>
			<L BOX="99 522 793 551"/>
			<W BOX="99 523 140 551" STYLE_REF="5">The</W>
			<W BOX="146 523 227 551" STYLE_REF="5">Warden</W>
			<Q BOX="234 523 268 551" STYLE_REF="5" QID="31">rep</Q>
			<q BOX="268 523 306 551" STYLE_REF="5" QID="31">lied</q>
			<QW QID="31">replied</QW>
			<W BOX="315 523 357 551" STYLE_REF="5">that</W>
			<W BOX="364 523 385 551" STYLE_REF="5">in</W>
			<W BOX="394 523 427 551" STYLE_REF="5">the</W>
			<W BOX="433 523 475 551" STYLE_REF="5">case</W>
			<W BOX="482 522 499 551" STYLE_REF="5">of</W>
			<W BOX="508 522 547 550" STYLE_REF="5">this</W>
			<W BOX="553 522 654 550" STYLE_REF="5">particular</W>
			<W BOX="661 522 709 550" STYLE_REF="5">class</W>
			<W BOX="716 522 734 550" STYLE_REF="5">of</W>
			<Q BOX="744 523 758 551" STYLE_REF="5" QID="32">g</Q>
			<Q BOX="757 522 780 550" STYLE_REF="5" QID="32">irl</Q>
			<q BOX="782 522 793 550" STYLE_REF="5" QID="32">s</q>
			<QW QID="32">girls</QW>
		</Primitive>
		<Primitive BOX="24 545 829 598" ID="Ar0140010" SEQ_NO="10" TOC_ENTRY_ID="18" DEPTH_LEVEL="1">
			<L BOX="74 545 792 575"/>
			<W BOX="74 546 128 574" STYLE_REF="5">these</W>
			<W BOX="136 546 227 574" STYLE_REF="5">scientific</W>
			<Q BOX="242 547 266 575" STYLE_REF="5" QID="33" M="2 * 3 * ">ajD</Q>
			<Q BOX="266 547 279 575" STYLE_REF="5" QID="33">p</Q>
			<q BOX="279 546 349 574" STYLE_REF="5" QID="33">liances</q>
			<QW QID="33">_ajDpliances</QW>
			<W BOX="358 546 409 574" STYLE_REF="5">were</W>
			<W BOX="417 546 427 574" STYLE_REF="5">a</W>
			<W BOX="435 546 488 574" STYLE_REF="5">great</W>
			<W BOX="502 545 552 574" STYLE_REF="5" NS="y">boon</W>
			<W BOX="552 545 558 574" STYLE_REF="5">.</W>
			<W BOX="584 545 624 574" STYLE_REF="5">The</W>
			<Q BOX="636 545 650 574" STYLE_REF="5" QID="34">g</Q>
			<q BOX="649 545 682 574" STYLE_REF="5" QID="34">irls</q>
			<QW QID="34">girls</QW>
			<W BOX="694 545 726 574" STYLE_REF="5">are</W>
			<Q BOX="735 545 783 574" STYLE_REF="5" QID="35">gene</Q>
			<Q BOX="783 545 792 574" STYLE_REF="5" QID="35">-</Q>
			<L BOX="74 569 790 598"/>
			<Q BOX="74 570 110 598" STYLE_REF="5" QID="35">rall</Q>
			<q BOX="110 570 124 598" STYLE_REF="5" QID="35">y</q>
			<QW QID="35">generally</QW>
			<Q BOX="132 570 145 598" STYLE_REF="5" QID="36">p</Q>
			<q BOX="144 569 197 598" STYLE_REF="5" QID="36">laced</q>
			<QW QID="36">placed</QW>
			<W BOX="211 569 231 598" STYLE_REF="5">in</W>
			<W BOX="245 569 276 598" STYLE_REF="5">the</W>
			<W BOX="285 569 366 598" STYLE_REF="5">laundry</W>
			<W BOX="374 569 395 598" STYLE_REF="5">as</W>
			<W BOX="409 569 452 598" STYLE_REF="5">soon</W>
			<W BOX="466 569 486 598" STYLE_REF="5">as</W>
			<W BOX="496 569 543 598" STYLE_REF="5">they</W>
			<W BOX="550 569 599 597" STYLE_REF="5">have</W>
			<W BOX="607 569 674 597" STYLE_REF="5">passed</W>
			<W BOX="682 569 716 597" STYLE_REF="5">out</W>
			<W BOX="724 569 743 597" STYLE_REF="5">of</W>
			<W BOX="757 569 790 597" STYLE_REF="5">the</W>
		</Primitive>
		<Primitive BOX="24 593 829 645" ID="Ar0140011" SEQ_NO="11" TOC_ENTRY_ID="18" DEPTH_LEVEL="1">
			<L BOX="73 593 789 622"/>
			<W BOX="73 593 169 621" STYLE_REF="5">noviciate</W>
			<W BOX="177 593 226 621" STYLE_REF="5" NS="y">class</W>
			<W BOX="228 593 233 622" STYLE_REF="5">,</W>
			<W BOX="241 593 275 621" STYLE_REF="5">the</W>
			<W BOX="282 593 347 621" STYLE_REF="5">labour</W>
			<W BOX="356 593 414 621" STYLE_REF="5">being</W>
			<Q BOX="427 593 476 621" STYLE_REF="5" QID="37">simp</Q>
			<q BOX="475 593 493 621" STYLE_REF="5" QID="37">le</q>
			<QW QID="37">simple</QW>
			<W BOX="502 593 538 621" STYLE_REF="5">and</W>
			<W BOX="547 593 592 621" STYLE_REF="5" NS="y">easy</W>
			<W BOX="592 593 598 621" STYLE_REF="5">,</W>
			<W BOX="607 593 651 621" STYLE_REF="5">thus</W>
			<Q BOX="658 593 673 621" STYLE_REF="5" QID="38">li</Q>
			<Q BOX="673 593 686 621" STYLE_REF="5" QID="38">g</Q>
			<q BOX="685 593 755 621" STYLE_REF="5" QID="38">htened</q>
			<QW QID="38">lightened</QW>
			<Q BOX="763 593 776 621" STYLE_REF="5" QID="39">b</Q>
			<q BOX="775 593 789 622" STYLE_REF="5" QID="39">y</q>
			<QW QID="39">by</QW>
			<L BOX="73 615 789 645"/>
			<W BOX="73 616 127 644" STYLE_REF="5">these</W>
			<W BOX="134 616 251 644" STYLE_REF="5">mechanical</W>
			<W BOX="260 616 301 644" STYLE_REF="5" NS="y">aids</W>
			<W BOX="302 616 307 645" STYLE_REF="5">,</W>
			<W BOX="316 615 353 644" STYLE_REF="5">and</W>
			<W BOX="364 615 390 644" STYLE_REF="5">no</W>
			<W BOX="402 615 467 644" STYLE_REF="5">longer</W>
			<W BOX="476 615 509 644" STYLE_REF="5">too</W>
			<W BOX="520 615 583 644" STYLE_REF="5">heavy</W>
			<W BOX="591 615 619 644" STYLE_REF="5">for</W>
			<W BOX="628 615 678 644" STYLE_REF="5">their</W>
			<Q BOX="689 615 766 644" STYLE_REF="5" QID="40">general</Q>
			<Q BOX="767 615 775 644" STYLE_REF="5" QID="40">l</Q>
			<q BOX="775 616 789 645" STYLE_REF="5" QID="40">y</q>
			<QW QID="40">generally</QW>
		</Primitive>
		<Primitive BOX="24 639 829 691" ID="Ar0140012" SEQ_NO="12" TOC_ENTRY_ID="18" DEPTH_LEVEL="1">
			<L BOX="72 639 789 667"/>
			<W BOX="72 639 135 667" STYLE_REF="5">feeble</W>
			<W BOX="147 639 214 667" STYLE_REF="5" NS="y">frames</W>
			<W BOX="217 639 222 667" STYLE_REF="5">.</W>
			<W BOX="247 639 288 667" STYLE_REF="5">The</W>
			<W BOX="301 639 363 667" STYLE_REF="5">whole</W>
			<W BOX="375 639 443 667" STYLE_REF="5">course</W>
			<W BOX="456 639 474 667" STYLE_REF="5">of</W>
			<W BOX="489 639 539 667" STYLE_REF="5">their</W>
			<W BOX="552 639 641 667" STYLE_REF="5">previous</W>
			<W BOX="653 639 702 667" STYLE_REF="5">lives</W>
			<Q BOX="716 639 774 667" STYLE_REF="5" QID="41">havin</Q>
			<q BOX="775 639 789 667" STYLE_REF="5" QID="41">g</q>
			<QW QID="41">having</QW>
			<L BOX="72 662 788 691"/>
			<W BOX="72 663 165 691" STYLE_REF="5">rendered</W>
			<W BOX="179 663 213 691" STYLE_REF="5">the</W>
			<W BOX="229 662 326 691" STYLE_REF="5">penitents</W>
			<W BOX="339 662 394 691" STYLE_REF="5" NS="y">weak</W>
			<W BOX="395 662 400 691" STYLE_REF="5">,</W>
			<W BOX="414 662 449 690" STYLE_REF="5">and</W>
			<Q BOX="468 662 525 690" STYLE_REF="5" QID="42">utterl</Q>
			<q BOX="525 663 539 691" STYLE_REF="5" QID="42">y</q>
			<QW QID="42">utterly</QW>
			<W BOX="553 662 651 691" STYLE_REF="5">incapable</W>
			<W BOX="668 662 686 690" STYLE_REF="5">of</W>
			<W BOX="703 662 788 690" STYLE_REF="5">exertion</W>
		</Primitive>
		<Primitive BOX="24 686 829 738" ID="Ar0140013" SEQ_NO="13" TOC_ENTRY_ID="18" DEPTH_LEVEL="1">
			<L BOX="71 686 788 715"/>
			<W BOX="71 687 170 715" STYLE_REF="5">requiring</W>
			<W BOX="184 687 195 715" STYLE_REF="5">a</W>
			<W BOX="208 686 335 714" STYLE_REF="5">considerable</W>
			<W BOX="349 686 427 714" STYLE_REF="5">amount</W>
			<W BOX="437 686 455 714" STYLE_REF="5">of</W>
			<W BOX="467 686 563 714" STYLE_REF="5">muscular</W>
			<W BOX="574 686 638 714" STYLE_REF="5" NS="y">power</W>
			<W BOX="639 686 644 714" STYLE_REF="5">,</W>
			<W BOX="652 686 668 714" STYLE_REF="5">it</W>
			<W BOX="679 686 696 714" STYLE_REF="5">is</W>
			<Q BOX="708 686 740 714" STYLE_REF="5" QID="43">onl</Q>
			<q BOX="740 687 753 715" STYLE_REF="5" QID="43">y</q>
			<QW QID="43">only</QW>
			<Q BOX="761 686 774 714" STYLE_REF="5" QID="44">b</Q>
			<q BOX="774 687 788 715" STYLE_REF="5" QID="44">y</q>
			<QW QID="44">by</QW>
			<L BOX="70 709 788 738"/>
			<W BOX="70 710 169 738" STYLE_REF="5">judicious</W>
			<W BOX="180 710 322 738" STYLE_REF="5">arrangements</W>
			<Q BOX="337 710 357 738" STYLE_REF="5" QID="45">th</Q>
			<q BOX="359 710 378 738" STYLE_REF="5" QID="45">at</q>
			<QW QID="45">that</QW>
			<Q BOX="396 710 416 738" STYLE_REF="5" QID="46">th</Q>
			<q BOX="418 710 441 738" STYLE_REF="5" QID="46">ey</q>
			<QW QID="46">they</QW>
			<W BOX="456 710 491 738" STYLE_REF="5">can</W>
			<W BOX="506 710 529 738" STYLE_REF="5">be</W>
			<Q BOX="543 710 629 738" STYLE_REF="5" QID="47">graduall</Q>
			<q BOX="629 710 642 738" STYLE_REF="5" QID="47">y</q>
			<QW QID="47">gradually</QW>
			<W BOX="655 709 691 737" STYLE_REF="5">and</W>
			<W BOX="706 709 788 737" STYLE_REF="5">without</W>
		</Primitive>
		<Primitive BOX="24 733 829 785" ID="Ar0140014" SEQ_NO="14" TOC_ENTRY_ID="18" DEPTH_LEVEL="1">
			<L BOX="71 733 558 762"/>
			<W BOX="71 734 142 762" STYLE_REF="5">danger</W>
			<W BOX="150 734 170 762" STYLE_REF="5">to</W>
			<W BOX="178 733 245 762" STYLE_REF="5">health</W>
			<W BOX="253 733 339 761" STYLE_REF="5">initiated</W>
			<W BOX="349 733 390 761" STYLE_REF="5">into</W>
			<W BOX="399 733 489 761" STYLE_REF="5">domestic</W>
			<Q BOX="497 733 506 761" STYLE_REF="5" QID="48">"</Q>
			<q BOX="506 733 552 761" STYLE_REF="5" NS="y" QID="48">work</q>
			<QW QID="48">"work</QW>
			<W BOX="552 733 558 761" STYLE_REF="5">.</W>
			<L BOX="97 755 787 785"/>
			<W BOX="97 757 159 785" STYLE_REF="5">There</W>
			<W BOX="173 757 224 785" STYLE_REF="5">were</W>
			<W BOX="234 757 291 785" STYLE_REF="5">about</W>
			<W BOX="299 757 333 785" STYLE_REF="5">ten</W>
			<Q BOX="347 757 360 785" STYLE_REF="5" QID="49">g</Q>
			<q BOX="361 756 395 785" STYLE_REF="5" QID="49">irls</q>
			<QW QID="49">girls</QW>
			<Q BOX="411 756 469 785" STYLE_REF="5" QID="50">occup</Q>
			<q BOX="469 756 500 784" STYLE_REF="5" QID="50">ied</q>
			<QW QID="50">occupied</QW>
			<W BOX="515 756 536 784" STYLE_REF="5">in</W>
			<W BOX="550 756 583 784" STYLE_REF="5">the</W>
			<W BOX="596 756 677 784" STYLE_REF="5">laundry</W>
			<Q BOX="689 755 697 783" STYLE_REF="5" LH="y" QID="51">-</Q>
			<q BOX="696 755 746 783" STYLE_REF="5" QID="51">when</q>
			<QW QID="51">-when</QW>
			<W BOX="758 756 787 784" STYLE_REF="5">we</W>
		</Primitive>
		<Primitive BOX="24 781 829 832" ID="Ar0140015" SEQ_NO="15" TOC_ENTRY_ID="18" DEPTH_LEVEL="1">
			<L BOX="71 781 154 809"/>
			<W BOX="71 781 147 809" STYLE_REF="5" NS="y">entered</W>
			<W BOX="147 781 154 809" STYLE_REF="5">.</W>
			<L BOX="94 803 785 832"/>
			<W BOX="94 804 128 832" STYLE_REF="5">All</W>
			<W BOX="132 804 182 832" STYLE_REF="5">were</W>
			<Q BOX="190 804 269 832" STYLE_REF="5" QID="52">perfectl</Q>
			<q BOX="269 804 283 832" STYLE_REF="5" QID="52">y</q>
			<QW QID="52">perfectly</QW>
			<W BOX="288 804 344 832" STYLE_REF="5" NS="y">silent</W>
			<W BOX="347 804 352 832" STYLE_REF="5">,</W>
			<W BOX="359 803 398 832" STYLE_REF="5">this</W>
			<W BOX="406 803 464 832" STYLE_REF="5">being</W>
			<W BOX="470 803 506 832" STYLE_REF="5">one</W>
			<W BOX="514 803 532 832" STYLE_REF="5">of</W>
			<W BOX="542 803 593 832" STYLE_REF="5">their</W>
			<W BOX="601 803 648 831" STYLE_REF="6">silent</W>
			<W BOX="654 803 701 831" STYLE_REF="6" NS="y">hours</W>
			<W BOX="703 803 711 831" STYLE_REF="6">.</W>
			<W BOX="730 803 785 831" STYLE_REF="5">Some</W>
		</Primitive>
		<Primitive BOX="24 826 829 879" ID="Ar0140016" SEQ_NO="16" TOC_ENTRY_ID="18" DEPTH_LEVEL="1">
			<L BOX="69 826 785 856"/>
			<W BOX="69 828 119 856" STYLE_REF="5">were</W>
			<W BOX="128 828 203 856" STYLE_REF="5">dressed</W>
			<W BOX="213 828 233 856" STYLE_REF="5">in</W>
			<Q BOX="242 828 255 856" STYLE_REF="5" QID="53">p</Q>
			<q BOX="255 828 283 856" STYLE_REF="5" QID="53">ale</q>
			<QW QID="53">pale</QW>
			<W BOX="292 828 339 856" STYLE_REF="5" NS="y">grey</W>
			<W BOX="339 828 346 856" STYLE_REF="5">,</W>
			<W BOX="354 827 391 855" STYLE_REF="5">and</W>
			<W BOX="400 827 462 855" STYLE_REF="5">others</W>
			<W BOX="468 827 489 855" STYLE_REF="5">in</W>
			<Q BOX="498 827 529 855" STYLE_REF="5" QID="54">pal</Q>
			<q BOX="530 827 541 855" STYLE_REF="5" QID="54">e</q>
			<QW QID="54">pale</QW>
			<W BOX="550 827 595 855" STYLE_REF="5">blue</W>
			<Q BOX="601 827 614 855" STYLE_REF="5" QID="55">g</Q>
			<Q BOX="613 826 647 855" STYLE_REF="5" QID="55">ing</Q>
			<q BOX="647 826 690 854" STYLE_REF="5" QID="55">ham</q>
			<QW QID="55">gingham</QW>
			<W BOX="698 826 771 854" STYLE_REF="5">dresses</W>
			<W BOX="778 826 785 854" STYLE_REF="5">;</W>
			<L BOX="69 850 785 879"/>
			<W BOX="69 851 153 879" STYLE_REF="5">checked</W>
			<Q BOX="165 851 203 879" STYLE_REF="5" QID="56">han</Q>
			<q BOX="204 851 310 879" STYLE_REF="5" NS="y" QID="56">dkerchiefs</q>
			<QW QID="56">handkerchiefs</QW>
			<W BOX="311 850 316 879" STYLE_REF="5">,</W>
			<W BOX="326 851 363 879" STYLE_REF="5">and</W>
			<W BOX="372 851 428 879" STYLE_REF="5">small</W>
			<W BOX="435 851 494 879" STYLE_REF="5">white</W>
			<W BOX="502 851 546 879" STYLE_REF="5" NS="y">caps</W>
			<W BOX="546 851 552 879" STYLE_REF="5">.</W>
			<W BOX="578 850 655 878" STYLE_REF="5">Beyond</W>
			<W BOX="662 850 695 878" STYLE_REF="5">the</W>
			<W BOX="703 850 785 878" STYLE_REF="5">laundry</W>
		</Primitive>
		<Primitive BOX="24 873 829 926" ID="Ar0140017" SEQ_NO="17" TOC_ENTRY_ID="18" DEPTH_LEVEL="1">
			<L BOX="69 873 785 903"/>
			<W BOX="69 875 109 903" STYLE_REF="5">was</W>
			<W BOX="120 875 154 903" STYLE_REF="5">the</W>
			<Q BOX="162 875 198 903" STYLE_REF="5" QID="57">dry</Q>
			<Q BOX="198 874 232 902" STYLE_REF="5" QID="57">ing</Q>
			<Q BOX="232 874 241 902" STYLE_REF="5" LH="y" QID="57">-</Q>
			<q BOX="241 874 315 902" STYLE_REF="5" NS="y" QID="57">ground</q>
			<QW QID="57">drying-ground</QW>
			<W BOX="316 874 321 902" STYLE_REF="5">,</W>
			<W BOX="329 874 350 902" STYLE_REF="5">in</W>
			<Q BOX="357 873 366 901" STYLE_REF="5" LH="y" QID="58">-</Q>
			<q BOX="364 873 421 901" STYLE_REF="5" QID="58">which</q>
			<QW QID="58">-which</QW>
			<W BOX="430 874 460 902" STYLE_REF="5">we</W>
			<W BOX="467 874 542 902" STYLE_REF="5">noticed</W>
			<W BOX="551 874 585 902" STYLE_REF="5">the</W>
			<W BOX="596 873 687 901" STYLE_REF="5">scientific</W>
			<Q BOX="697 873 776 901" STYLE_REF="5" QID="59">arrange</Q>
			<Q BOX="776 873 785 901" STYLE_REF="5" QID="59">-</Q>
			<L BOX="68 897 785 926"/>
			<q BOX="68 898 121 926" STYLE_REF="5" QID="59">ment</q>
			<QW QID="59">arrangement</QW>
			<W BOX="129 898 147 926" STYLE_REF="5">of</W>
			<W BOX="156 898 189 926" STYLE_REF="5">the</W>
			<W BOX="197 898 247 926" STYLE_REF="5">lines</W>
			<W BOX="255 898 282 926" STYLE_REF="5">for</W>
			<Q BOX="293 898 327 926" STYLE_REF="5" QID="60">dry</Q>
			<q BOX="328 898 362 926" STYLE_REF="5" QID="60">ing</q>
			<QW QID="60">drying</QW>
			<W BOX="369 898 404 926" STYLE_REF="5">the</W>
			<W BOX="411 898 463 926" STYLE_REF="5" NS="y">linen</W>
			<W BOX="466 898 471 926" STYLE_REF="5">,</W>
			<W BOX="480 897 505 925" STYLE_REF="5">all</W>
			<W BOX="514 897 548 925" STYLE_REF="5">the</W>
			<W BOX="556 897 605 925" STYLE_REF="5">lines</W>
			<W BOX="613 897 708 925" STYLE_REF="5">radiating</W>
			<W BOX="716 897 763 925" STYLE_REF="5">from</W>
			<W BOX="773 897 785 925" STYLE_REF="5">a</W>
		</Primitive>
		<Primitive BOX="24 920 829 974" ID="Ar0140018" SEQ_NO="18" TOC_ENTRY_ID="18" DEPTH_LEVEL="1">
			<L BOX="67 920 783 950"/>
			<W BOX="67 922 114 950" STYLE_REF="5">pole</W>
			<W BOX="124 921 145 950" STYLE_REF="5">in</W>
			<W BOX="158 921 192 950" STYLE_REF="5">the</W>
			<W BOX="208 921 272 950" STYLE_REF="5" NS="y">centre</W>
			<W BOX="272 921 278 950" STYLE_REF="5">.</W>
			<W BOX="304 921 323 950" STYLE_REF="5">It</W>
			<W BOX="338 921 354 950" STYLE_REF="5">is</W>
			<W BOX="367 921 379 950" STYLE_REF="5">a</W>
			<Q BOX="391 921 405 950" STYLE_REF="5" QID="61">p</Q>
			<q BOX="405 921 435 950" STYLE_REF="5" QID="61">ity</q>
			<QW QID="61">pity</QW>
			<W BOX="446 921 487 950" STYLE_REF="5">that</W>
			<W BOX="499 921 537 950" STYLE_REF="5">this</W>
			<Q BOX="552 921 565 950" STYLE_REF="5" QID="62">p</Q>
			<q BOX="564 920 595 949" STYLE_REF="5" QID="62">lan</q>
			<QW QID="62">plan</QW>
			<W BOX="609 920 627 949" STYLE_REF="5">is</W>
			<W BOX="638 920 673 949" STYLE_REF="5">not</W>
			<Q BOX="684 920 771 948" STYLE_REF="5" QID="63">generall</Q>
			<q BOX="769 921 783 949" STYLE_REF="5" QID="63">y</q>
			<QW QID="63">generally</QW>
			<L BOX="67 944 762 974"/>
			<Q BOX="67 945 116 974" STYLE_REF="5" QID="64">adop</Q>
			<q BOX="116 945 148 973" STYLE_REF="5" NS="y" QID="64">ted</q>
			<QW QID="64">adopted</QW>
			<W BOX="150 945 155 973" STYLE_REF="5">,</W>
			<W BOX="164 945 184 973" STYLE_REF="5">as</W>
			<Q BOX="192 945 227 973" STYLE_REF="5" QID="65">thu</Q>
			<q BOX="228 945 237 973" STYLE_REF="5" QID="65">s</q>
			<QW QID="65">thus</QW>
			<W BOX="245 945 277 973" STYLE_REF="5">the</W>
			<W BOX="285 945 337 973" STYLE_REF="5">wind</W>
			<W BOX="344 945 361 973" STYLE_REF="5">is</W>
			<Q BOX="369 945 419 973" STYLE_REF="5" QID="66">caug</Q>
			<q BOX="418 945 439 973" STYLE_REF="5" QID="66">ht</q>
			<QW QID="66">caught</QW>
			<W BOX="447 945 494 973" STYLE_REF="5">from</W>
			<W BOX="503 945 600 973" STYLE_REF="5">whatever</W>
			<W BOX="608 944 660 972" STYLE_REF="5">point</W>
			<W BOX="668 944 683 972" STYLE_REF="5">it</W>
			<W BOX="692 944 753 972" STYLE_REF="5" NS="y">blows</W>
			<W BOX="754 944 762 972" STYLE_REF="5">.</W>
		</Primitive>
		<Primitive BOX="24 967 829 1021" ID="Ar0140019" SEQ_NO="19" TOC_ENTRY_ID="18" DEPTH_LEVEL="1">
			<L BOX="91 967 782 997"/>
			<W BOX="91 968 153 997" STYLE_REF="5">There</W>
			<W BOX="162 968 179 997" STYLE_REF="5">is</W>
			<W BOX="187 968 346 997" STYLE_REF="5">accommodation</W>
			<W BOX="359 968 379 997" STYLE_REF="5">in</W>
			<W BOX="391 968 430 997" STYLE_REF="5">this</W>
			<W BOX="443 968 587 997" STYLE_REF="5" NS="y">establishment</W>
			<W BOX="588 968 593 996" STYLE_REF="5">,</W>
			<W BOX="601 967 622 996" STYLE_REF="5">as</W>
			<W BOX="629 967 639 996" STYLE_REF="5">I</W>
			<W BOX="648 967 696 996" STYLE_REF="5">have</W>
			<Q BOX="704 967 768 996" STYLE_REF="5" QID="67">alread</Q>
			<q BOX="769 968 782 996" STYLE_REF="5" QID="67">y</q>
			<QW QID="67">already</QW>
			<L BOX="66 991 782 1021"/>
			<Q BOX="66 992 93 1020" STYLE_REF="5" QID="68">sai</Q>
			<Q BOX="94 992 107 1020" STYLE_REF="5" QID="68">d</Q>
			<q BOX="122 992 150 1020" STYLE_REF="5" QID="68">for</q>
			<QW QID="68">saidfor</QW>
			<Q BOX="159 992 178 1020" STYLE_REF="5" QID="69">ei</Q>
			<Q BOX="177 993 191 1021" STYLE_REF="5" QID="69">g</Q>
			<q BOX="190 992 226 1020" STYLE_REF="5" QID="69">hty</q>
			<QW QID="69">eighty</QW>
			<Q BOX="233 992 247 1020" STYLE_REF="5" QID="70">g</Q>
			<q BOX="247 992 281 1020" STYLE_REF="5" NS="y" QID="70">irls</q>
			<QW QID="70">girls</QW>
			<W BOX="281 992 286 1020" STYLE_REF="5">,</W>
			<W BOX="295 992 332 1020" STYLE_REF="5">and</W>
			<W BOX="340 992 394 1020" STYLE_REF="5">there</W>
			<W BOX="404 992 435 1020" STYLE_REF="5">are</W>
			<W BOX="447 992 532 1020" STYLE_REF="5">constant</W>
			<Q BOX="545 992 582 1020" STYLE_REF="5" QID="71">app</Q>
			<q BOX="582 991 668 1019" STYLE_REF="5" QID="71">lications</q>
			<QW QID="71">applications</QW>
			<W BOX="676 991 704 1019" STYLE_REF="5">for</W>
			<Q BOX="714 991 774 1019" STYLE_REF="5" QID="72">admis</Q>
			<Q BOX="774 991 782 1019" STYLE_REF="5" LH="y" QID="72">-</Q>
		</Primitive>
		<Primitive BOX="24 1014 829 1067" ID="Ar0140020" SEQ_NO="20" TOC_ENTRY_ID="18" DEPTH_LEVEL="1">
			<L BOX="108 992 114 1020"/>
			<q BOX="108 992 114 1020" STYLE_REF="5" QID="72">,</q>
			<QW QID="72">admis-,</QW>
			<L BOX="66 1014 780 1044"/>
			<W BOX="66 1016 106 1044" STYLE_REF="5">sion</W>
			<W BOX="116 1016 157 1044" STYLE_REF="5">into</W>
			<W BOX="167 1016 183 1044" STYLE_REF="5">it</W>
			<W BOX="191 1016 237 1044" STYLE_REF="5">from</W>
			<W BOX="247 1016 321 1044" STYLE_REF="5">refuges</W>
			<W BOX="331 1016 351 1044" STYLE_REF="5">in</W>
			<W BOX="360 1016 438 1044" STYLE_REF="5">London</W>
			<W BOX="446 1016 483 1044" STYLE_REF="5">and</W>
			<W BOX="492 1015 544 1044" STYLE_REF="5">other</W>
			<Q BOX="556 1015 570 1044" STYLE_REF="5" QID="73">p</Q>
			<q BOX="570 1014 621 1043" STYLE_REF="5" QID="73">laces</q>
			<QW QID="73">places</QW>
			<W BOX="628 1014 633 1043" STYLE_REF="5">;</W>
			<W BOX="646 1014 679 1043" STYLE_REF="5">but</W>
			<Q BOX="688 1014 767 1043" STYLE_REF="5" QID="74">althoug</Q>
			<q BOX="767 1014 780 1042" STYLE_REF="5" QID="74">h</q>
			<QW QID="74">although</QW>
			<L BOX="65 1038 781 1067"/>
			<W BOX="65 1039 99 1067" STYLE_REF="5">the</W>
			<W BOX="110 1039 167 1067" STYLE_REF="5">funds</W>
			<W BOX="175 1039 239 1067" STYLE_REF="5">would</W>
			<W BOX="252 1039 309 1067" STYLE_REF="5">allow</W>
			<W BOX="321 1039 338 1067" STYLE_REF="5">of</W>
			<W BOX="352 1039 405 1067" STYLE_REF="5">more</W>
			<Q BOX="417 1039 430 1067" STYLE_REF="5" QID="75">g</Q>
			<Q BOX="429 1039 455 1067" STYLE_REF="5" QID="75">irl</Q>
			<q BOX="454 1039 463 1067" STYLE_REF="5" QID="75">s</q>
			<QW QID="75">girls</QW>
			<Q BOX="476 1039 497 1067" STYLE_REF="5" QID="76">th</Q>
			<q BOX="498 1039 522 1067" STYLE_REF="5" QID="76">an</q>
			<QW QID="76">than</QW>
			<W BOX="534 1039 586 1067" STYLE_REF="5" NS="y">forty</W>
			<W BOX="588 1039 593 1067" STYLE_REF="5">,</W>
			<W BOX="601 1038 634 1066" STYLE_REF="5">the</W>
			<W BOX="645 1038 727 1066" STYLE_REF="5">number</W>
			<W BOX="737 1038 781 1066" STYLE_REF="5">now</W>
		</Primitive>
		<Primitive BOX="24 1061 829 1115" ID="Ar0140021" SEQ_NO="21" TOC_ENTRY_ID="18" DEPTH_LEVEL="1">
			<L BOX="64 1061 780 1115"/>
			<W BOX="64 1086 161 1115" STYLE_REF="5">penitents</W>
			<Q BOX="65 1062 73 1091" STYLE_REF="5" LH="y" QID="77">-</Q>
			<q BOX="72 1062 134 1091" STYLE_REF="5" QID="77">within</q>
			<QW QID="77">-within</QW>
			<W BOX="150 1063 175 1091" STYLE_REF="5">its</W>
			<W BOX="169 1086 193 1115" STYLE_REF="5">on</W>
			<W BOX="191 1063 250 1091" STYLE_REF="5">walls</W>
			<W BOX="202 1086 281 1114" STYLE_REF="5">account</W>
			<W BOX="247 1063 252 1091" STYLE_REF="5">,</W>
			<W BOX="269 1062 302 1091" STYLE_REF="5">the</W>
			<W BOX="290 1086 308 1114" STYLE_REF="5">of</W>
			<W BOX="317 1062 399 1091" STYLE_REF="5">Warden</W>
			<W BOX="322 1086 354 1114" STYLE_REF="5">the</W>
			<W BOX="362 1086 418 1114" STYLE_REF="5">small</W>
			<W BOX="417 1062 433 1091" STYLE_REF="5">is</W>
			<W BOX="429 1086 509 1114" STYLE_REF="5">number</W>
			<W BOX="450 1062 523 1090" STYLE_REF="5">deterre</W>
			<W BOX="518 1086 536 1114" STYLE_REF="5">of</W>
			<W BOX="524 1062 537 1090" STYLE_REF="5">d</W>
			<W BOX="551 1079 557 1107" STYLE_REF="5">6</W>
			<W BOX="553 1062 600 1090" STYLE_REF="5">from</W>
			<W BOX="557 1079 560 1107" STYLE_REF="5">i</W>
			<W BOX="569 1086 635 1114" STYLE_REF="5">Sisters</W>
			<W BOX="617 1062 714 1090" STYLE_REF="5">receiving</W>
			<W BOX="643 1085 653 1113" STYLE_REF="5">"</W>
			<W BOX="661 1085 681 1113" STYLE_REF="5">in</W>
			<W BOX="690 1085 724 1113" STYLE_REF="5">the</W>
			<W BOX="729 1061 779 1089" STYLE_REF="5">fresh</W>
			<Q BOX="732 1085 771 1113" STYLE_REF="5" QID="78">esta</Q>
			<Q BOX="771 1085 780 1113" STYLE_REF="5" QID="78">-</Q>
		</Primitive>
		<Primitive BOX="24 1110 829 1165" ID="Ar0140022" SEQ_NO="22" TOC_ENTRY_ID="18" DEPTH_LEVEL="1">
			<L BOX="64 1110 780 1139"/>
			<q BOX="64 1111 167 1139" STYLE_REF="5" NS="y" QID="78">blishment</q>
			<QW QID="78">establishment</QW>
			<W BOX="167 1111 174 1139" STYLE_REF="5">.</W>
			<W BOX="198 1111 231 1139" STYLE_REF="5">All</W>
			<W BOX="243 1111 275 1139" STYLE_REF="5">the</W>
			<Q BOX="288 1111 307 1139" STYLE_REF="5" QID="79">in</Q>
			<q BOX="309 1111 402 1139" STYLE_REF="5" QID="79">struction</q>
			<QW QID="79">instruction</QW>
			<W BOX="410 1111 431 1139" STYLE_REF="5">in</W>
			<Q BOX="442 1110 522 1139" STYLE_REF="5" QID="80">domesti</Q>
			<q BOX="523 1110 534 1138" STYLE_REF="5" QID="80">c</q>
			<QW QID="80">domestic</QW>
			<W BOX="546 1110 624 1138" STYLE_REF="5" NS="y">matters</W>
			<W BOX="625 1110 630 1138" STYLE_REF="5">,</W>
			<W BOX="638 1110 675 1138" STYLE_REF="5">and</W>
			<W BOX="683 1110 717 1138" STYLE_REF="5">the</W>
			<Q BOX="728 1110 772 1138" STYLE_REF="5" QID="81">over</Q>
			<Q BOX="772 1110 780 1138" STYLE_REF="5" QID="81">-</Q>
			<L BOX="63 1133 782 1165"/>
			<Q BOX="63 1135 79 1163" STYLE_REF="5" QID="81">si</Q>
			<Q BOX="80 1135 94 1164" STYLE_REF="5" QID="81">g</Q>
			<q BOX="93 1135 115 1163" STYLE_REF="5" QID="81">ht</q>
			<QW QID="81">oversight</QW>
			<W BOX="124 1135 141 1163" STYLE_REF="5">of</W>
			<W BOX="154 1135 187 1163" STYLE_REF="5">the</W>
			<Q BOX="196 1135 209 1163" STYLE_REF="5" QID="82">g</Q>
			<q BOX="209 1135 243 1163" STYLE_REF="5" QID="82">irls</q>
			<QW QID="82">girls</QW>
			<W BOX="251 1135 288 1163" STYLE_REF="5">day</W>
			<W BOX="296 1135 333 1163" STYLE_REF="5">and</W>
			<Q BOX="341 1135 362 1163" STYLE_REF="5" QID="83">ni</Q>
			<Q BOX="362 1135 375 1164" STYLE_REF="5" QID="83">g</Q>
			<q BOX="375 1135 397 1163" STYLE_REF="5" NS="y" QID="83">ht</q>
			<QW QID="83">night</QW>
			<W BOX="398 1134 403 1163" STYLE_REF="5">,</W>
			<W BOX="411 1135 428 1163" STYLE_REF="5">is</W>
			<W BOX="437 1135 519 1163" STYLE_REF="5">confided</W>
			<W BOX="536 1135 556 1163" STYLE_REF="5">to</W>
			<W BOX="570 1137 581 1165" STYLE_REF="5">"</W>
			<W BOX="588 1134 655 1162" STYLE_REF="5">Sisters</W>
			<W BOX="665 1133 683 1162" STYLE_REF="5">of</W>
			<W BOX="695 1133 762 1162" STYLE_REF="5" NS="y">Mercy</W>
			<W BOX="768 1133 782 1162" STYLE_REF="5">"</W>
		</Primitive>
		<Primitive BOX="24 1165 829 1219" ID="Ar0140023" SEQ_NO="23" TOC_ENTRY_ID="18" DEPTH_LEVEL="1">
			<L BOX="62 1158 776 1187"/>
			<W BOX="62 1158 106 1187" STYLE_REF="5">who</W>
			<W BOX="115 1158 175 1187" STYLE_REF="5">reside</W>
			<W BOX="186 1158 206 1187" STYLE_REF="5">in</W>
			<W BOX="218 1158 251 1187" STYLE_REF="5">the</W>
			<W BOX="260 1158 322 1187" STYLE_REF="5" NS="y">Home</W>
			<W BOX="322 1158 329 1187" STYLE_REF="5">.</W>
			<W BOX="353 1158 379 1187" STYLE_REF="5">At</W>
			<W BOX="388 1158 420 1187" STYLE_REF="5">the</W>
			<W BOX="428 1158 503 1186" STYLE_REF="5">present</W>
			<W BOX="517 1158 564 1186" STYLE_REF="5">time</W>
			<W BOX="576 1158 629 1186" STYLE_REF="5">there</W>
			<W BOX="637 1158 669 1186" STYLE_REF="5">are</W>
			<W BOX="680 1158 714 1186" STYLE_REF="5">but</W>
			<W BOX="723 1158 776 1186" STYLE_REF="5">three</W>
		</Primitive>
	</Content>
	<TOC_Entries><TOC_Entry TOC_ENTRY_ID="31" TITLE=". at A few This High days institution ga..." ENTITY_ID_REF="Ar01400" PAGE_NO="14" PAGE_LABEL="14" PRIM_ID_REF="Ar0140000" IS_IC="true"/></TOC_Entries></XMD-entity>
