<?xml version="1.0" encoding="windows-1252" standalone="no"?>
<XMD-entity REPOSITORY_FORMAT="1.0" PRXML_VER="2.0" ENTITY_TYPE="Article" FIRST_TOC_ENTRY_ID="76" DEPTH_LEVEL="1" INDEX_IN_DOC="128" PAGE_NO="59" ID="Ar05900" BOX="10 76 811 291" LANGUAGE="English" CONTINUATION_FROM="Ar05802" LOGICAL_NAME="true">
	<Meta NAME="4.�TJie National Magazine. January, Febr..." DESCRIPTION="" SUBTYPE="" BASE_HREF="EWJ/1858/04/01" SOURCE_TYPE="TIFF" PUBLICATION="EWJ" SECTION="None" ISSUE_DATE="01/04/1858" WORDCNT="103" RELEASE_NO="041-EWJ-1858-04-01-001-SINGLE" PAGE_ID="" PAGE_TYPE="Single" PAGE_WIDTH="823" PAGE_HEIGHT="1239" DEFAULT_IMG_EXT="png" PDF_DESTINATION_MAPPED="OLV0_Entity_0059_0001" IMAGES_RESOLUTION="86" XMD_VER="2.6.238.8" PAGE_LABEL="131"/>
	<Link SOURCE="041-EWJ-1858-04-01-001-SINGLE.PDF" FIRST_ID="Ar00200" LAST_ID="Ar07201" NEXT_ID="Ar05901" PREV_ID="" TOC_ID="d:/Olive/Repository/EWJ/1858/04/01/TOC.xml"/>
	<DataFiles>
		<Files TYPE="DOC_PDF" PRESENT="1"/>
		<Files TYPE="PAGE_PDF" PRESENT="0"/>
		<Files TYPE="DOC_IMG" PRESENT="0"/>
		<Files TYPE="PAGE_IMG" PRESENT="0"/>
		<Files TYPE="PAGE_VIEW_IMG" PRESENT="1"/>
		<Files TYPE="PAGE_PREVIEW_IMG" PRESENT="1"/>
		<Files TYPE="PRIMITIVE_IMG" PRESENT="1"/>
		<Files TYPE="SNIPPET_IMG" PRESENT="1"/>
	</DataFiles>
	<Content>
		<Primitive BOX="10 76 811 134" ID="Ar0590000" SEQ_NO="0" TOC_ENTRY_ID="76" DEPTH_LEVEL="1">
			<L BOX="35 82 740 110"/>
			<W BOX="35 82 69 109" STYLE_REF="1">has</W>
			<W BOX="77 82 88 109" STYLE_REF="1">a</W>
			<W BOX="97 82 162 109" STYLE_REF="1" NS="y">quaint</W>
			<W BOX="164 82 168 109" STYLE_REF="1">,</W>
			<Q BOX="177 82 215 109" STYLE_REF="1" QID="1">half</Q>
			<Q BOX="215 82 223 109" STYLE_REF="1" LH="y" QID="1">-</Q>
			<q BOX="223 82 284 109" STYLE_REF="1" NS="y" QID="1">comic</q>
			<QW QID="1">half-comic</QW>
			<W BOX="284 83 290 110" STYLE_REF="1">,</W>
			<Q BOX="298 83 337 109" STYLE_REF="1" QID="2">half</Q>
			<Q BOX="337 83 345 109" STYLE_REF="1" LH="y" QID="2">-</Q>
			<Q BOX="345 83 386 109" STYLE_REF="1" QID="2">trag</Q>
			<q BOX="386 82 404 109" STYLE_REF="1" QID="2">ic</q>
			<QW QID="2">half-tragic</QW>
			<W BOX="412 82 440 109" STYLE_REF="1">air</W>
			<W BOX="448 82 510 109" STYLE_REF="1">which</W>
			<W BOX="518 82 601 109" STYLE_REF="1">reminds</W>
			<W BOX="608 82 643 109" STYLE_REF="1">one</W>
			<W BOX="652 82 669 109" STYLE_REF="1">of</W>
			<W BOX="678 82 731 109" STYLE_REF="1" NS="y">Hood</W>
			<W BOX="734 83 740 109" STYLE_REF="1">,</W>
			<L BOX="35 106 740 134"/>
			<W BOX="35 106 71 133" STYLE_REF="1">and</W>
			<W BOX="80 106 144 133" STYLE_REF="1">which</W>
			<W BOX="152 106 192 133" STYLE_REF="1">will</W>
			<W BOX="200 106 247 133" STYLE_REF="1">even</W>
			<W BOX="256 106 311 133" STYLE_REF="1">stand</W>
			<W BOX="319 106 392 133" STYLE_REF="1">against</W>
			<W BOX="402 106 447 133" STYLE_REF="1">such</W>
			<W BOX="455 106 466 133" STYLE_REF="1">a</W>
			<W BOX="475 106 591 133" STYLE_REF="1" NS="y">comparison</W>
			<W BOX="591 106 597 133" STYLE_REF="1">.</W>
			<W BOX="623 107 628 134" STYLE_REF="1">'</W>
			<W BOX="634 106 674 132" STYLE_REF="1">The</W>
			<W BOX="683 106 740 132" STYLE_REF="1">Court</W>
		</Primitive>
		<Primitive BOX="10 128 811 180" ID="Ar0590001" SEQ_NO="1" TOC_ENTRY_ID="76" DEPTH_LEVEL="1">
			<L BOX="35 128 742 156"/>
			<W BOX="35 129 131 156" STYLE_REF="1" NS="y">Historian</W>
			<W BOX="134 129 140 156" STYLE_REF="1" NS="y">,</W>
			<W BOX="140 128 144 155" STYLE_REF="1">'</W>
			<Q BOX="153 129 166 156" STYLE_REF="1" QID="3">b</Q>
			<q BOX="166 129 178 156" STYLE_REF="1" QID="3">y</q>
			<QW QID="3">by</QW>
			<W BOX="184 129 217 156" STYLE_REF="1">the</W>
			<W BOX="224 129 272 156" STYLE_REF="1">same</W>
			<W BOX="280 129 346 156" STYLE_REF="1" NS="y">author</W>
			<W BOX="347 129 352 156" STYLE_REF="1">,</W>
			<W BOX="361 129 378 156" STYLE_REF="1">is</W>
			<W BOX="387 129 407 156" STYLE_REF="1">in</W>
			<W BOX="415 129 426 156" STYLE_REF="1">a</W>
			<W BOX="434 129 517 156" STYLE_REF="1">different</W>
			<Q BOX="529 129 547 156" STYLE_REF="1" QID="4">st</Q>
			<Q BOX="546 130 560 156" STYLE_REF="1" QID="4">y</Q>
			<q BOX="560 129 580 156" STYLE_REF="1" NS="y" QID="4">le</q>
			<QW QID="4">style</QW>
			<W BOX="580 129 585 156" STYLE_REF="1">,</W>
			<Q BOX="592 129 654 156" STYLE_REF="1" QID="5">equall</Q>
			<q BOX="654 129 667 156" STYLE_REF="1" QID="5">y</q>
			<QW QID="5">equally</QW>
			<W BOX="672 129 735 155" STYLE_REF="1" NS="y">clever</W>
			<W BOX="735 129 742 155" STYLE_REF="1">.</W>
			<L BOX="34 152 743 180"/>
			<W BOX="34 152 72 179" STYLE_REF="1">But</W>
			<W BOX="81 152 111 179" STYLE_REF="1">we</W>
			<W BOX="118 152 168 179" STYLE_REF="1">must</W>
			<W BOX="176 152 227 179" STYLE_REF="1">cease</W>
			<W BOX="236 153 257 179" STYLE_REF="1">to</W>
			<W BOX="264 153 310 180" STYLE_REF="1">turn</W>
			<W BOX="318 153 363 180" STYLE_REF="1">over</W>
			<W BOX="372 153 429 180" STYLE_REF="1" NS="y">pages</W>
			<W BOX="430 153 435 180" STYLE_REF="1">,</W>
			<W BOX="443 153 508 179" STYLE_REF="1" NS="y">where</W>
			<W BOX="508 153 514 179" STYLE_REF="1">,</W>
			<W BOX="528 152 596 179" STYLE_REF="1">among</W>
			<W BOX="604 152 677 179" STYLE_REF="1">articles</W>
			<W BOX="686 152 734 179" STYLE_REF="1" NS="y">good</W>
			<W BOX="735 152 743 179" STYLE_REF="1">,</W>
		</Primitive>
		<Primitive BOX="10 175 811 227" ID="Ar0590002" SEQ_NO="2" TOC_ENTRY_ID="76" DEPTH_LEVEL="1">
			<L BOX="34 175 741 204"/>
			<W BOX="34 176 70 203" STYLE_REF="1" NS="y">bad</W>
			<W BOX="71 176 76 202" STYLE_REF="1">,</W>
			<W BOX="86 176 122 203" STYLE_REF="1">and</W>
			<W BOX="131 176 235 203" STYLE_REF="1" NS="y">indifferent</W>
			<W BOX="239 177 244 204" STYLE_REF="1">,</W>
			<W BOX="253 176 306 203" STYLE_REF="1">there</W>
			<W BOX="315 176 344 203" STYLE_REF="1">are</W>
			<W BOX="353 176 373 203" STYLE_REF="1">so</W>
			<W BOX="381 176 438 203" STYLE_REF="1">many</W>
			<W BOX="445 176 463 203" STYLE_REF="1">of</W>
			<W BOX="472 176 505 203" STYLE_REF="1">the</W>
			<W BOX="512 176 581 203" STYLE_REF="1" NS="y">former</W>
			<W BOX="582 176 587 203" STYLE_REF="1">,</W>
			<W BOX="596 175 637 202" STYLE_REF="1">that</W>
			<W BOX="645 175 660 202" STYLE_REF="1">it</W>
			<W BOX="669 175 709 202" STYLE_REF="1">will</W>
			<W BOX="717 175 741 202" STYLE_REF="1">be</W>
			<L BOX="34 200 741 227"/>
			<W BOX="34 200 106 227" STYLE_REF="1">shorter</W>
			<W BOX="119 200 139 227" STYLE_REF="1">to</W>
			<W BOX="153 200 184 227" STYLE_REF="1">say</W>
			<W BOX="200 200 219 227" STYLE_REF="1">at</W>
			<W BOX="232 200 278 227" STYLE_REF="1">once</W>
			<W BOX="293 200 334 227" STYLE_REF="1">that</W>
			<W BOX="346 200 380 227" STYLE_REF="1">the</W>
			<W BOX="393 200 487 227" STYLE_REF="1">moderate</W>
			<W BOX="501 200 543 227" STYLE_REF="1">sum</W>
			<W BOX="559 200 578 227" STYLE_REF="1">of</W>
			<W BOX="594 200 685 227" STYLE_REF="1">tenpence</W>
			<W BOX="697 200 741 227" STYLE_REF="1">may</W>
		</Primitive>
		<Primitive BOX="10 223 811 252" ID="Ar0590003" SEQ_NO="3" TOC_ENTRY_ID="76" DEPTH_LEVEL="1">
			<L BOX="32 223 739 252"/>
			<W BOX="32 224 55 251" STYLE_REF="1">be</W>
			<W BOX="63 224 111 251" STYLE_REF="1">very</W>
			<Q BOX="118 224 203 251" STYLE_REF="1" QID="6">profitabl</Q>
			<q BOX="205 225 219 252" STYLE_REF="1" QID="6">y</q>
			<QW QID="6">profitably</QW>
			<W BOX="227 224 312 251" STYLE_REF="1" NS="y">invested</W>
			<W BOX="315 225 319 251" STYLE_REF="1">,</W>
			<W BOX="332 224 368 251" STYLE_REF="1">and</W>
			<W BOX="381 224 391 251" STYLE_REF="1">a</W>
			<Q BOX="402 224 437 250" STYLE_REF="1" QID="7">jud</Q>
			<q BOX="436 224 500 251" STYLE_REF="1" QID="7">gment</q>
			<QW QID="7">judgment</QW>
			<W BOX="513 224 586 251" STYLE_REF="1">formed</W>
			<Q BOX="597 224 611 251" STYLE_REF="2" QID="8">h</Q>
			<q BOX="610 224 623 251" STYLE_REF="2" QID="8">y</q>
			<QW QID="8">hy</QW>
			<W BOX="633 224 665 251" STYLE_REF="1">the</W>
			<W BOX="675 223 739 250" STYLE_REF="1">reader</W>
		</Primitive>
		<Primitive BOX="10 252 811 291" ID="Ar0590004" SEQ_NO="4" TOC_ENTRY_ID="76" DEPTH_LEVEL="1">
			<L BOX="33 248 151 275"/>
			<W BOX="33 248 60 275" STYLE_REF="1">for</W>
			<W BOX="69 248 145 275" STYLE_REF="1" NS="y">himself</W>
			<W BOX="145 248 151 275" STYLE_REF="1">.</W>
		</Primitive>
	</Content>
	<TOC_Entries><TOC_Entry TOC_ENTRY_ID="128" TITLE="4.�TJie National Magazine. January, Febr..." ENTITY_ID_REF="Ar05900" PAGE_NO="59" PAGE_LABEL="131" PRIM_ID_REF="Ar0590000" IS_IC="true"/></TOC_Entries></XMD-entity>
