<?xml version="1.0" encoding="windows-1252" standalone="no"?>
<XMD-entity REPOSITORY_FORMAT="1.0" PRXML_VER="2.0" ENTITY_TYPE="Article" DOC_UID="EWJ_01/04/1858" DOC_VER="1" FIRST_TOC_ENTRY_ID="77" DEPTH_LEVEL="1" INDEX_IN_DOC="129" PAGE_NO="59" ID="Ar05902" BOX="10 12 811 76" LANGUAGE="English" SNP="Ar05902S.png" SNP_WIDTH="802" SNP_HEIGHT="64" LOGICAL_NAME="true">
	<Meta NAME="NOTICES OF BOOKS. - 131" DESCRIPTION="" SUBTYPE="" BASE_HREF="EWJ/1858/04/01" SOURCE_TYPE="TIFF" PUBLICATION="EWJ" SECTION="None" ISSUE_DATE="01/04/1858" WORDCNT="6" RELEASE_NO="041-EWJ-1858-04-01-001-SINGLE" PAGE_ID="" PAGE_TYPE="Single" PAGE_WIDTH="823" PAGE_HEIGHT="1239" DEFAULT_IMG_EXT="png" PDF_DESTINATION_MAPPED="OLV0_Entity_0059_0003" IMAGES_RESOLUTION="86" XMD_VER="2.6.238.8" PAGE_LABEL="131"/>
	<Link SOURCE="041-EWJ-1858-04-01-001-SINGLE.PDF" FIRST_ID="Ar00200" LAST_ID="Ar07201" NEXT_ID="" PREV_ID="Ar05901" TOC_ID="d:/Olive/Repository/EWJ/1858/04/01/TOC.xml"/>
	<DataFiles>
		<Files TYPE="DOC_PDF" PRESENT="1"/>
		<Files TYPE="PAGE_PDF" PRESENT="0"/>
		<Files TYPE="DOC_IMG" PRESENT="0"/>
		<Files TYPE="PAGE_IMG" PRESENT="0"/>
		<Files TYPE="PAGE_VIEW_IMG" PRESENT="1"/>
		<Files TYPE="PAGE_PREVIEW_IMG" PRESENT="1"/>
		<Files TYPE="PRIMITIVE_IMG" PRESENT="1"/>
		<Files TYPE="SNIPPET_IMG" PRESENT="1"/>
	</DataFiles>
	<Content>
		<Primitive BOX="10 12 811 76" ID="Ar0590200" SEQ_NO="0" TOC_ENTRY_ID="77" DEPTH_LEVEL="1">
			<L BOX="280 30 743 69"/>
			<W BOX="280 39 371 66" STYLE_REF="1" M="1 * ">_NOTICES</W>
			<W BOX="384 39 411 66" STYLE_REF="1">OF</W>
			<W BOX="424 39 493 66" STYLE_REF="1" NS="y">BOOKS</W>
			<W BOX="493 39 498 66" STYLE_REF="1">.</W>
			<W BOX="661 30 666 66" STYLE_REF="19">-</W>
			<W BOX="701 33 743 69" STYLE_REF="19">131</W>
		</Primitive>
	</Content>
	<TOC_Entries><TOC_Entry TOC_ENTRY_ID="130" TITLE="NOTICES OF BOOKS. - 131" ENTITY_ID_REF="Ar05902" PAGE_NO="59" PAGE_LABEL="131" PRIM_ID_REF="Ar0590200" IS_IC="true"/></TOC_Entries></XMD-entity>
