<?xml version="1.0" encoding="windows-1252" standalone="no"?>
<XMD-PAGE REPOSITORY_FORMAT="1.0" PRXML_VER="2.0">
	<Meta ISSUE_DATE="01/04/1858" RELEASE_NO="041-EWJ-1858-04-01-001-SINGLE" PAGE_NO="59" NAME="" PAGE_LABEL="131" PAGE_TYPE="Single" PUBLISHER="Olive" PUBLICATION="EWJ" SOURCE_TYPE="TIFF" SOURCE_RESOLUTION="72" IMAGES_RESOLUTION="86" PAGE_THUMBNAIL_RESOLUTION="86" PAGE_PREVIEW_RESOLUTION="15" DEFAULT_IMG_EXT="png" IMG_EXT="png" PREVIEW_IMG_EXT="png" XMD_VER="2.6.238.8" PROFILE_ID="D:\pdfs\EWJ\XMD_EWJ.ini" SECTION="None" PAGE_WIDTH="823" PAGE_HEIGHT="1239" PAGES_NUMBER="72" BASE_HREF="EWJ/1858/04/01" PDF_DESTINATION_MAPPED="OLV0_Page_0059">
		<Resolutions>
			<Resolution DEFAULT="true">86</Resolution>
		</Resolutions>
	</Meta>
	<Link SOURCE="041-EWJ-1858-04-01-001-SINGLE.PDF" NEXT_SECTION="" PREV_SECTION="1"/>
	<DataFiles>
		<Files TYPE="DOC_PDF" PRESENT="1"/>
		<Files TYPE="PAGE_PDF" PRESENT="0"/>
		<Files TYPE="DOC_IMG" PRESENT="0"/>
		<Files TYPE="PAGE_IMG" PRESENT="0"/>
		<Files TYPE="PAGE_VIEW_IMG" PRESENT="1"/>
		<Files TYPE="PAGE_PREVIEW_IMG" PRESENT="1"/>
		<Files TYPE="PRIMITIVE_IMG" PRESENT="1"/>
		<Files TYPE="SNIPPET_IMG" PRESENT="1"/>
	</DataFiles>
	<Entity ENTITY_TYPE="Article" FIRST_TOC_ENTRY_ID="76" INDEX_IN_DOC="128" DEPTH_LEVEL="1" ID="Ar05900" SIZE="Large" BOX="10 76 811 291" NEXT_SECTION="" PREV_SECTION="1" CONTINUATION_FROM="Ar05802" FIRST_CHUNK="Ar05802" IMAGES_RESOLUTION="86" LOGICAL_NAME="true">
		<Name>4.�TJie National Magazine. January, Febr...</Name>
		<Primitive ID="Ar0590000" BOX="10 76 811 134" ELEMENT_TYPE="Content" SEQ_NO="0" TOC_ENTRY_ID="76" DEPTH_LEVEL="1"/>
		<Primitive ID="Ar0590001" BOX="10 128 811 180" ELEMENT_TYPE="Content" SEQ_NO="1" TOC_ENTRY_ID="76" DEPTH_LEVEL="1"/>
		<Primitive ID="Ar0590002" BOX="10 175 811 227" ELEMENT_TYPE="Content" SEQ_NO="2" TOC_ENTRY_ID="76" DEPTH_LEVEL="1"/>
		<Primitive ID="Ar0590003" BOX="10 223 811 252" ELEMENT_TYPE="Content" SEQ_NO="3" TOC_ENTRY_ID="76" DEPTH_LEVEL="1"/>
		<Primitive ID="Ar0590004" BOX="10 252 811 291" ELEMENT_TYPE="Content" SEQ_NO="4" TOC_ENTRY_ID="76" DEPTH_LEVEL="1"/>
	</Entity>
	<Entity ENTITY_TYPE="Article" FIRST_TOC_ENTRY_ID="78" INDEX_IN_DOC="130" DEPTH_LEVEL="1" ID="Ar05901" SIZE="XLarge" BOX="10 291 811 1215" NEXT_SECTION="" PREV_SECTION="1" CONTINUATION_TO="Ar06000" IMAGES_RESOLUTION="86" LOGICAL_NAME="true">
		<Name>FOREIGN MTERATURE.</Name>
		<Primitive ID="Ar0590100" BOX="10 291 811 352" ELEMENT_TYPE="Content" SEQ_NO="0" TOC_ENTRY_ID="78" DEPTH_LEVEL="1"/>
		<Primitive ID="Ar0590101" BOX="10 352 811 414" ELEMENT_TYPE="Content" SEQ_NO="1" TOC_ENTRY_ID="78" DEPTH_LEVEL="1"/>
		<Primitive ID="Ar0590102" BOX="10 406 811 468" ELEMENT_TYPE="Content" SEQ_NO="2" TOC_ENTRY_ID="78" DEPTH_LEVEL="1"/>
		<Primitive ID="Ar0590103" BOX="10 463 811 514" ELEMENT_TYPE="Content" SEQ_NO="3" TOC_ENTRY_ID="78" DEPTH_LEVEL="1"/>
		<Primitive ID="Ar0590104" BOX="10 510 811 562" ELEMENT_TYPE="Content" SEQ_NO="4" TOC_ENTRY_ID="78" DEPTH_LEVEL="1"/>
		<Primitive ID="Ar0590105" BOX="10 556 811 608" ELEMENT_TYPE="Content" SEQ_NO="5" TOC_ENTRY_ID="78" DEPTH_LEVEL="1"/>
		<Primitive ID="Ar0590106" BOX="10 604 811 655" ELEMENT_TYPE="Content" SEQ_NO="6" TOC_ENTRY_ID="78" DEPTH_LEVEL="1"/>
		<Primitive ID="Ar0590107" BOX="10 651 811 702" ELEMENT_TYPE="Content" SEQ_NO="7" TOC_ENTRY_ID="78" DEPTH_LEVEL="1"/>
		<Primitive ID="Ar0590108" BOX="10 698 811 750" ELEMENT_TYPE="Content" SEQ_NO="8" TOC_ENTRY_ID="78" DEPTH_LEVEL="1"/>
		<Primitive ID="Ar0590109" BOX="10 745 811 797" ELEMENT_TYPE="Content" SEQ_NO="9" TOC_ENTRY_ID="78" DEPTH_LEVEL="1"/>
		<Primitive ID="Ar0590110" BOX="10 791 811 844" ELEMENT_TYPE="Content" SEQ_NO="10" TOC_ENTRY_ID="78" DEPTH_LEVEL="1"/>
		<Primitive ID="Ar0590111" BOX="10 839 811 891" ELEMENT_TYPE="Content" SEQ_NO="11" TOC_ENTRY_ID="78" DEPTH_LEVEL="1"/>
		<Primitive ID="Ar0590112" BOX="10 885 811 939" ELEMENT_TYPE="Content" SEQ_NO="12" TOC_ENTRY_ID="78" DEPTH_LEVEL="1"/>
		<Primitive ID="Ar0590113" BOX="10 932 811 985" ELEMENT_TYPE="Content" SEQ_NO="13" TOC_ENTRY_ID="78" DEPTH_LEVEL="1"/>
		<Primitive ID="Ar0590114" BOX="10 979 811 1032" ELEMENT_TYPE="Content" SEQ_NO="14" TOC_ENTRY_ID="78" DEPTH_LEVEL="1"/>
		<Primitive ID="Ar0590115" BOX="10 1025 811 1079" ELEMENT_TYPE="Content" SEQ_NO="15" TOC_ENTRY_ID="78" DEPTH_LEVEL="1"/>
		<Primitive ID="Ar0590116" BOX="10 1071 811 1150" ELEMENT_TYPE="Content" SEQ_NO="16" TOC_ENTRY_ID="78" DEPTH_LEVEL="1"/>
		<Primitive ID="Ar0590117" BOX="10 1138 811 1171" ELEMENT_TYPE="Content" SEQ_NO="17" TOC_ENTRY_ID="78" DEPTH_LEVEL="1"/>
		<Primitive ID="Ar0590118" BOX="10 1171 811 1215" ELEMENT_TYPE="Content" SEQ_NO="18" TOC_ENTRY_ID="78" DEPTH_LEVEL="1"/>
	</Entity>
	<Entity ENTITY_TYPE="Article" FIRST_TOC_ENTRY_ID="77" INDEX_IN_DOC="129" DEPTH_LEVEL="1" ID="Ar05902" SIZE="Small" BOX="10 12 811 76" NEXT_SECTION="" PREV_SECTION="1" IMAGES_RESOLUTION="86" LOGICAL_NAME="true">
		<Name>NOTICES OF BOOKS. - 131</Name>
		<Primitive ID="Ar0590200" BOX="10 12 811 76" ELEMENT_TYPE="Content" SEQ_NO="0" TOC_ENTRY_ID="77" DEPTH_LEVEL="1"/>
	</Entity>
</XMD-PAGE>