<?xml version="1.0" encoding="windows-1252" standalone="no"?>
<XMD-entity REPOSITORY_FORMAT="1.0" PRXML_VER="2.0" ENTITY_TYPE="Article" FIRST_TOC_ENTRY_ID="35" DEPTH_LEVEL="1" INDEX_IN_DOC="67" PAGE_NO="34" ID="Ar03400" BOX="24 83 829 1219" LANGUAGE="English" CONTINUATION_TO="Ar03500" CONTINUATION_FROM="Ar03300" LOGICAL_NAME="true">
	<Meta NAME="Considerable interest having been expres..." DESCRIPTION="" SUBTYPE="" BASE_HREF="EWJ/1858/03/01" SOURCE_TYPE="TIFF" PUBLICATION="EWJ" SECTION="None" ISSUE_DATE="01/03/1858" WORDCNT="862" RELEASE_NO="041-EWJ-1858-03-01-001-SINGLE" PAGE_ID="" PAGE_TYPE="Single" PAGE_WIDTH="842" PAGE_HEIGHT="1244" DEFAULT_IMG_EXT="png" PDF_DESTINATION_MAPPED="OLV0_Entity_0034_0001" IMAGES_RESOLUTION="86" XMD_VER="2.6.238.8" PAGE_LABEL="34"/>
	<Link SOURCE="041-EWJ-1858-03-01-001-SINGLE.PDF" FIRST_ID="Ar00200" LAST_ID="Ar07201" NEXT_ID="Ar03401" PREV_ID="" TOC_ID="d:/Olive/Repository/EWJ/1858/03/01/TOC.xml"/>
	<DataFiles>
		<Files TYPE="DOC_PDF" PRESENT="1"/>
		<Files TYPE="PAGE_PDF" PRESENT="0"/>
		<Files TYPE="DOC_IMG" PRESENT="0"/>
		<Files TYPE="PAGE_IMG" PRESENT="0"/>
		<Files TYPE="PAGE_VIEW_IMG" PRESENT="1"/>
		<Files TYPE="PAGE_PREVIEW_IMG" PRESENT="1"/>
		<Files TYPE="PRIMITIVE_IMG" PRESENT="1"/>
		<Files TYPE="SNIPPET_IMG" PRESENT="1"/>
	</DataFiles>
	<Content>
		<Primitive BOX="24 83 829 139" ID="Ar0340000" SEQ_NO="0" TOC_ENTRY_ID="35" DEPTH_LEVEL="1">
			<L BOX="95 88 780 117"/>
			<W BOX="95 88 135 116" STYLE_REF="5">Tlie</W>
			<W BOX="144 88 182 116" STYLE_REF="5">rest</W>
			<W BOX="190 88 208 116" STYLE_REF="5">of</W>
			<W BOX="217 88 249 116" STYLE_REF="5">the</W>
			<W BOX="257 88 309 116" STYLE_REF="5" NS="y">story</W>
			<W BOX="309 88 316 116" STYLE_REF="5">,</W>
			<W BOX="324 88 453 116" STYLE_REF="5">coincidences</W>
			<W BOX="462 88 498 116" STYLE_REF="5">and</W>
			<W BOX="506 88 532 116" STYLE_REF="5" NS="y">all</W>
			<W BOX="533 88 538 116" STYLE_REF="5">,</W>
			<W BOX="549 88 601 117" STYLE_REF="5">must</W>
			<W BOX="612 88 698 117" STYLE_REF="5">likewise</W>
			<W BOX="707 89 732 117" STYLE_REF="5">be</W>
			<W BOX="740 89 780 117" STYLE_REF="5">told</W>
			<L BOX="70 111 292 139"/>
			<W BOX="70 111 91 139" STYLE_REF="5">in</W>
			<W BOX="100 111 134 139" STYLE_REF="5">her</W>
			<W BOX="142 111 183 139" STYLE_REF="5">own</W>
			<W BOX="192 111 255 139" STYLE_REF="5">words</W>
			<W BOX="262 111 268 139" STYLE_REF="5" NS="y">:</W>
			<W BOX="268 111 292 139" STYLE_REF="5" LH="y">�</W>
		</Primitive>
		<Primitive BOX="24 139 829 202" ID="Ar0340001" SEQ_NO="1" TOC_ENTRY_ID="35" DEPTH_LEVEL="1">
			<L BOX="68 139 780 184" P="S"/>
			<W BOX="68 157 159 182" STYLE_REF="14">fourteenth</W>
			<W BOX="92 141 106 166" STYLE_REF="14" NS="y">"</W>
			<W BOX="108 139 143 164" STYLE_REF="14">The</W>
			<W BOX="152 139 163 164" STYLE_REF="14">7</W>
			<W BOX="159 157 164 182" STYLE_REF="14">,</W>
			<W BOX="163 139 180 164" STYLE_REF="14">th</W>
			<W BOX="170 158 208 183" STYLE_REF="14">year</W>
			<W BOX="188 139 204 164" STYLE_REF="14">of</W>
			<W BOX="211 139 256 164" STYLE_REF="14">June</W>
			<W BOX="216 158 233 183" STYLE_REF="14">in</W>
			<W BOX="241 158 329 183" STYLE_REF="14">Yorkshire</W>
			<W BOX="257 140 261 165" STYLE_REF="14">,</W>
			<W BOX="270 139 313 164" STYLE_REF="14" NS="y">1781</W>
			<W BOX="313 140 318 165" STYLE_REF="14">,</W>
			<W BOX="325 140 343 165" STYLE_REF="14">as</W>
			<W BOX="329 158 335 183" STYLE_REF="14">.</W>
			<W BOX="351 140 360 165" STYLE_REF="14">I</W>
			<W BOX="357 158 382 183" STYLE_REF="14">On</W>
			<W BOX="364 140 418 165" STYLE_REF="14">before</W>
			<W BOX="395 158 432 183" STYLE_REF="14">that</W>
			<W BOX="425 140 492 165" STYLE_REF="14">observe</W>
			<W BOX="444 158 476 183" STYLE_REF="14">day</W>
			<W BOX="488 158 497 183" STYLE_REF="14">I</W>
			<W BOX="493 140 503 165" STYLE_REF="14" NS="y">d</W>
			<W BOX="504 140 509 165" STYLE_REF="14">,</W>
			<W BOX="507 158 545 183" STYLE_REF="14">took</W>
			<W BOX="517 140 550 165" STYLE_REF="14">was</W>
			<W BOX="554 158 563 183" STYLE_REF="14">a</W>
			<W BOX="560 140 589 165" STYLE_REF="14">the</W>
			<W BOX="573 159 661 184" STYLE_REF="14">particular</W>
			<W BOX="599 140 632 165" STYLE_REF="14">day</W>
			<W BOX="642 140 678 165" STYLE_REF="14">that</W>
			<W BOX="671 159 713 184" STYLE_REF="14">view</W>
			<W BOX="689 140 739 165" STYLE_REF="14">began</W>
			<W BOX="724 159 739 184" STYLE_REF="14">of</W>
			<W BOX="750 159 780 184" STYLE_REF="14">my</W>
			<W BOX="751 140 780 165" STYLE_REF="14">my</W>
			<L BOX="69 176 781 202"/>
			<W BOX="69 176 123 201" STYLE_REF="14">whole</W>
			<W BOX="130 176 210 201" STYLE_REF="14" NS="y">situation</W>
			<W BOX="210 176 215 201" STYLE_REF="14">,</W>
			<W BOX="223 176 255 201" STYLE_REF="14">and</W>
			<W BOX="263 176 296 201" STYLE_REF="14">saw</W>
			<W BOX="303 176 393 201" STYLE_REF="14">difficulties</W>
			<W BOX="403 176 421 201" STYLE_REF="14">as</W>
			<W BOX="429 176 523 201" STYLE_REF="14">mountains</W>
			<W BOX="532 176 564 201" STYLE_REF="14">rise</W>
			<W BOX="574 177 595 202" STYLE_REF="14">all</W>
			<W BOX="605 177 667 202" STYLE_REF="14">around</W>
			<W BOX="677 177 704 202" STYLE_REF="14" NS="y">me</W>
			<W BOX="704 177 710 202" STYLE_REF="14">.</W>
			<W BOX="729 177 775 202" STYLE_REF="14" NS="y">Faith</W>
			<W BOX="775 177 781 202" STYLE_REF="14" M="1 * ">_,</W>
		</Primitive>
		<Primitive BOX="24 195 829 275" ID="Ar0340002" SEQ_NO="2" TOC_ENTRY_ID="35" DEPTH_LEVEL="1">
			<L BOX="68 195 778 240"/>
			<W BOX="68 213 124 238" STYLE_REF="14">season</W>
			<W BOX="69 195 103 220" STYLE_REF="14">was</W>
			<W BOX="110 195 150 220" STYLE_REF="14">hard</W>
			<W BOX="132 213 166 238" STYLE_REF="14">was</W>
			<W BOX="157 195 187 220" STYLE_REF="14">put</W>
			<W BOX="175 213 220 238" STYLE_REF="14">come</W>
			<W BOX="196 195 213 220" STYLE_REF="14">to</W>
			<W BOX="223 195 237 220" STYLE_REF="14">it</W>
			<W BOX="226 213 230 238" STYLE_REF="14">;</W>
			<W BOX="237 195 244 220" STYLE_REF="14">.</W>
			<W BOX="241 213 270 238" STYLE_REF="14">yet</W>
			<W BOX="266 195 300 220" STYLE_REF="14">The</W>
			<W BOX="277 213 305 238" STYLE_REF="14">the</W>
			<W BOX="312 195 382 220" STYLE_REF="14">promise</W>
			<W BOX="312 213 372 238" STYLE_REF="14">waters</W>
			<W BOX="376 213 418 238" STYLE_REF="14">were</W>
			<W BOX="391 195 455 220" STYLE_REF="14">seemed</W>
			<W BOX="425 213 481 238" STYLE_REF="14">deeper</W>
			<W BOX="466 195 484 220" STYLE_REF="14">to</W>
			<W BOX="489 213 528 238" STYLE_REF="14">than</W>
			<W BOX="496 195 544 220" STYLE_REF="14">stand</W>
			<W BOX="536 213 574 238" STYLE_REF="14">ever</W>
			<W BOX="555 195 592 220" STYLE_REF="14">sure</W>
			<W BOX="575 213 580 238" STYLE_REF="14">.</W>
			<W BOX="592 196 597 221" STYLE_REF="14">,</W>
			<W BOX="601 214 610 239" STYLE_REF="14">I</W>
			<W BOX="610 196 642 221" STYLE_REF="14">and</W>
			<W BOX="617 214 668 239" STYLE_REF="14">thoug</W>
			<W BOX="652 196 661 221" STYLE_REF="14">I</W>
			<W BOX="667 214 686 239" STYLE_REF="14">ht</W>
			<W BOX="670 196 721 221" STYLE_REF="14">thoug</W>
			<W BOX="693 214 727 239" STYLE_REF="14">also</W>
			<W BOX="721 195 739 221" STYLE_REF="14">ht</W>
			<W BOX="727 215 732 240" STYLE_REF="14">,</W>
			<W BOX="740 214 778 239" STYLE_REF="14">how</W>
			<W BOX="749 195 778 221" STYLE_REF="14">the</W>
			<L BOX="67 227 777 276"/>
			<W BOX="67 231 109 256" STYLE_REF="14">shall</W>
			<W BOX="67 250 110 275" STYLE_REF="14">shall</W>
			<W BOX="117 231 125 256" STYLE_REF="14">I</W>
			<W BOX="117 250 138 275" STYLE_REF="14">be</W>
			<W BOX="133 231 170 256" STYLE_REF="14">now</W>
			<W BOX="144 250 176 275" STYLE_REF="14">thy</W>
			<W BOX="176 231 215 256" STYLE_REF="14">hold</W>
			<W BOX="182 250 247 275" STYLE_REF="14">defence</W>
			<W BOX="227 231 258 256" STYLE_REF="14">fast</W>
			<W BOX="261 250 292 275" STYLE_REF="14">and</W>
			<W BOX="271 231 307 256" STYLE_REF="14">that</W>
			<W BOX="300 250 341 275" STYLE_REF="14">thou</W>
			<W BOX="315 231 359 256" STYLE_REF="14">word</W>
			<W BOX="349 250 392 275" STYLE_REF="14">shalt</W>
			<W BOX="371 231 389 256" STYLE_REF="14">so</W>
			<W BOX="399 250 410 275" STYLE_REF="14">h</W>
			<W BOX="401 231 484 256" STYLE_REF="14">powerfull</W>
			<W BOX="458 250 505 275" STYLE_REF="14">lenty</W>
			<W BOX="486 232 498 257" STYLE_REF="14">y</W>
			<W BOX="505 232 516 257" STYLE_REF="14">g</W>
			<W BOX="512 250 527 275" STYLE_REF="14">of</W>
			<W BOX="516 232 553 257" STYLE_REF="14">iven</W>
			<W BOX="535 250 583 275" STYLE_REF="14">silver</W>
			<W BOX="565 232 582 257" STYLE_REF="14">to</W>
			<W BOX="593 232 621 257" STYLE_REF="14">me</W>
			<W BOX="597 251 605 276" STYLE_REF="14">?</W>
			<W BOX="620 234 625 259" STYLE_REF="14" NS="y">,</W>
			<S S_TYPE="SUP">
				<W BOX="638 227 642 251" STYLE_REF="18">c</W>
			</S>
			<W BOX="648 232 681 258" STYLE_REF="14">The</W>
			<Q BOX="689 232 704 258" STYLE_REF="14" QID="1">A</Q>
			<Q BOX="706 232 735 258" STYLE_REF="14" QID="1">lmi</Q>
			<Q BOX="735 233 746 258" STYLE_REF="14" QID="1">g</Q>
			<q BOX="745 233 777 258" STYLE_REF="14" QID="1">hty</q>
			<QW QID="1">Almighty</QW>
		</Primitive>
		<Primitive BOX="24 263 829 306" ID="Ar0340003" SEQ_NO="3" TOC_ENTRY_ID="35" DEPTH_LEVEL="1">
			<L BOX="249 250 592 276"/>
			<W BOX="249 250 253 276" STYLE_REF="14">,</W>
			<W BOX="411 250 441 275" STYLE_REF="14">ave</W>
			<Q BOX="447 251 459 276" STYLE_REF="14" QID="2">p</Q>
			<q BOX="588 251 592 276" STYLE_REF="14" QID="2">'</q>
			<QW QID="2">p'</QW>
			<L BOX="67 263 778 313"/>
			<W BOX="67 287 79 312" STYLE_REF="14" NS="y">8</W>
			<W BOX="79 287 98 312" STYLE_REF="14">th</W>
			<W BOX="90 269 100 295" STYLE_REF="14">"</W>
			<W BOX="105 268 129 293" STYLE_REF="14">At</W>
			<W BOX="110 287 119 312" STYLE_REF="14">I</W>
			<W BOX="125 287 198 312" STYLE_REF="14">received</W>
			<W BOX="136 268 192 293" STYLE_REF="14" NS="y">length</W>
			<S S_TYPE="SUP">
				<W BOX="200 263 205 286" STYLE_REF="18">c</W>
			</S>
			<W BOX="206 287 215 312" STYLE_REF="14">a</W>
			<W BOX="210 268 239 293" STYLE_REF="14">the</W>
			<W BOX="222 287 269 312" STYLE_REF="14">letter</W>
			<W BOX="246 268 293 293" STYLE_REF="14">cloud</W>
			<W BOX="277 287 317 312" STYLE_REF="14">from</W>
			<W BOX="298 268 343 293" STYLE_REF="14">arose</W>
			<W BOX="325 287 352 312" STYLE_REF="14">Mr</W>
			<W BOX="350 269 367 294" STYLE_REF="14">as</W>
			<W BOX="352 287 358 312" STYLE_REF="14">.</W>
			<W BOX="362 287 437 312" STYLE_REF="14">Fletcher</W>
			<W BOX="374 269 384 294" STYLE_REF="14">a</W>
			<W BOX="391 269 430 294" STYLE_REF="14" NS="y">man</W>
			<W BOX="431 268 437 293" STYLE_REF="14" NS="y">'</W>
			<W BOX="435 269 443 294" STYLE_REF="14">s</W>
			<W BOX="448 287 466 313" STYLE_REF="14">in</W>
			<W BOX="449 269 492 294" STYLE_REF="14">hand</W>
			<W BOX="473 287 526 313" STYLE_REF="14">which</W>
			<W BOX="492 269 497 294" STYLE_REF="14" NS="y">.</W>
			<W BOX="497 269 501 294" STYLE_REF="14">'</W>
			<W BOX="518 269 552 294" STYLE_REF="14">The</W>
			<W BOX="529 287 550 313" STYLE_REF="14">he</W>
			<W BOX="558 287 591 313" STYLE_REF="14">told</W>
			<W BOX="560 269 599 294" STYLE_REF="14">very</W>
			<W BOX="596 287 623 313" STYLE_REF="14">me</W>
			<W BOX="606 270 646 295" STYLE_REF="14">next</W>
			<W BOX="636 288 678 313" STYLE_REF="14">That</W>
			<W BOX="653 270 685 295" STYLE_REF="14" NS="y">day</W>
			<W BOX="685 270 690 295" STYLE_REF="14">,</W>
			<W BOX="686 288 707 313" STYLE_REF="14">he</W>
			<W BOX="697 270 742 295" STYLE_REF="14">June</W>
			<W BOX="714 288 745 313" STYLE_REF="14">had</W>
			<W BOX="749 270 778 295" STYLE_REF="14">the</W>
			<W BOX="753 288 777 313" STYLE_REF="14">for</W>
		</Primitive>
		<Primitive BOX="24 294 829 369" ID="Ar0340004" SEQ_NO="4" TOC_ENTRY_ID="35" DEPTH_LEVEL="1">
			<L BOX="67 287 777 332"/>
			<W BOX="67 305 119 330" STYLE_REF="14">twent</W>
			<W BOX="99 287 104 312" STYLE_REF="14">,</W>
			<Q BOX="118 305 129 330" STYLE_REF="14" QID="3">y</Q>
			<Q BOX="129 305 137 330" STYLE_REF="14" LH="y" QID="3">-</Q>
			<q BOX="137 305 171 330" STYLE_REF="14" QID="3">five</q>
			<QW QID="3">y-five</QW>
			<W BOX="176 305 223 330" STYLE_REF="14">years</W>
			<W BOX="229 305 279 330" STYLE_REF="14">found</W>
			<W BOX="287 305 296 330" STYLE_REF="14">a</W>
			<W BOX="303 305 357 330" STYLE_REF="14">regard</W>
			<W BOX="362 305 385 330" STYLE_REF="14">for</W>
			<W BOX="393 305 421 330" STYLE_REF="14" NS="y">me</W>
			<W BOX="421 307 426 332" STYLE_REF="14">,</W>
			<W BOX="431 306 484 331" STYLE_REF="14">which</W>
			<W BOX="437 289 442 314" STYLE_REF="14">,</W>
			<W BOX="490 306 523 331" STYLE_REF="14">was</W>
			<W BOX="529 306 564 331" STYLE_REF="14">still</W>
			<W BOX="571 306 589 331" STYLE_REF="14">as</W>
			<W BOX="596 306 657 331" STYLE_REF="14">sincere</W>
			<W BOX="623 289 628 314" STYLE_REF="14">,</W>
			<W BOX="662 306 680 332" STYLE_REF="14">as</W>
			<Q BOX="687 306 716 332" STYLE_REF="14" QID="4">eve</Q>
			<q BOX="716 306 723 332" STYLE_REF="14" QID="4">r</q>
			<QW QID="4">ever</QW>
			<W BOX="728 306 733 332" STYLE_REF="14">;</W>
			<W BOX="744 306 777 332" STYLE_REF="14">and</W>
			<L BOX="66 323 777 369"/>
			<W BOX="66 342 142 367" STYLE_REF="14">returned</W>
			<Q BOX="67 324 85 349" STYLE_REF="14" QID="5">th</Q>
			<Q BOX="87 324 119 349" STYLE_REF="14" QID="5">oug</Q>
			<q BOX="119 323 130 348" STYLE_REF="14" QID="5">h</q>
			<QW QID="5">though</QW>
			<W BOX="141 323 155 348" STYLE_REF="14">it</W>
			<W BOX="152 342 192 367" STYLE_REF="14">from</W>
			<Q BOX="166 323 190 348" STYLE_REF="14" QID="6">mi</Q>
			<q BOX="190 324 220 349" STYLE_REF="14" QID="6">ght</q>
			<QW QID="6">might</QW>
			<W BOX="204 342 261 367" STYLE_REF="14">abroad</W>
			<W BOX="227 324 285 349" STYLE_REF="14">appear</W>
			<W BOX="264 343 269 368" STYLE_REF="14">,</W>
			<W BOX="277 343 308 368" STYLE_REF="14">and</W>
			<W BOX="293 324 323 349" STYLE_REF="14">odd</W>
			<W BOX="316 343 360 368" STYLE_REF="14">more</W>
			<W BOX="330 324 352 349" STYLE_REF="14">he</W>
			<W BOX="358 324 417 349" STYLE_REF="14">should</W>
			<W BOX="367 343 385 368" STYLE_REF="14">so</W>
			<W BOX="392 343 463 368" STYLE_REF="14">without</W>
			<W BOX="427 324 474 349" STYLE_REF="14">write</W>
			<W BOX="470 343 523 368" STYLE_REF="14">seeing</W>
			<W BOX="481 324 501 349" STYLE_REF="14">on</W>
			<W BOX="509 324 548 349" STYLE_REF="14">such</W>
			<W BOX="529 343 556 368" STYLE_REF="14">me</W>
			<W BOX="558 325 568 350" STYLE_REF="14">a</W>
			<W BOX="563 343 599 368" STYLE_REF="14">first</W>
			<W BOX="579 325 615 350" STYLE_REF="14">subj</W>
			<W BOX="599 344 604 369" STYLE_REF="14">,</W>
			<W BOX="612 343 633 368" STYLE_REF="14">he</W>
			<W BOX="616 325 640 350" STYLE_REF="14">ect</W>
			<W BOX="644 343 691 368" STYLE_REF="14">could</W>
			<W BOX="647 325 695 350" STYLE_REF="14">when</W>
			<W BOX="699 343 726 368" STYLE_REF="14">onl</W>
			<W BOX="701 325 731 350" STYLE_REF="14">but</W>
			<W BOX="726 343 738 368" STYLE_REF="14">y</W>
			<W BOX="740 325 777 350" STYLE_REF="14">just</W>
			<W BOX="745 343 776 368" STYLE_REF="14">say</W>
		</Primitive>
		<Primitive BOX="24 360 829 442" ID="Ar0340005" SEQ_NO="5" TOC_ENTRY_ID="35" DEPTH_LEVEL="1">
			<L BOX="66 360 776 404"/>
			<W BOX="66 360 104 385" STYLE_REF="14">that</W>
			<W BOX="67 379 165 404" STYLE_REF="14">Providence</W>
			<W BOX="113 360 140 385" STYLE_REF="14" NS="y">his</W>
			<W BOX="141 361 143 386" STYLE_REF="14">.</W>
			<W BOX="146 361 192 386" STYLE_REF="14">mind</W>
			<W BOX="165 379 171 404" STYLE_REF="14">.</W>
			<W BOX="199 361 234 386" STYLE_REF="14">was</W>
			<W BOX="241 361 259 386" STYLE_REF="14">so</W>
			<Q BOX="266 361 321 386" STYLE_REF="14" QID="7">strong</Q>
			<Q BOX="322 361 329 386" STYLE_REF="14" QID="7">l</Q>
			<q BOX="328 361 340 387" STYLE_REF="14" QID="7">y</q>
			<QW QID="7">strongly</QW>
			<W BOX="348 361 404 386" STYLE_REF="14">drawn</W>
			<W BOX="411 361 429 386" STYLE_REF="14">to</W>
			<W BOX="436 361 456 386" STYLE_REF="14">do</W>
			<W BOX="463 361 477 386" STYLE_REF="14" NS="y">it</W>
			<W BOX="478 362 483 387" STYLE_REF="14">,</W>
			<W BOX="491 361 512 387" STYLE_REF="14">he</W>
			<W BOX="519 361 590 387" STYLE_REF="14">believed</W>
			<W BOX="597 361 611 387" STYLE_REF="14">it</W>
			<W BOX="619 361 637 387" STYLE_REF="14">to</W>
			<W BOX="644 361 664 387" STYLE_REF="14">be</W>
			<W BOX="671 361 700 387" STYLE_REF="14">the</W>
			<W BOX="706 361 751 387" STYLE_REF="14">order</W>
			<W BOX="759 361 776 387" STYLE_REF="14">of</W>
			<L BOX="65 397 776 442"/>
			<W BOX="65 415 132 440" STYLE_REF="14">uniting</W>
			<W BOX="89 398 99 424" STYLE_REF="14">"</W>
			<W BOX="105 397 125 422" STYLE_REF="14">In</W>
			<W BOX="137 416 160 441" STYLE_REF="14" LH="y">�</W>
			<W BOX="138 397 203 422" STYLE_REF="14">reading</W>
			<W BOX="160 416 171 441" STYLE_REF="14" NS="y">1</W>
			<W BOX="171 416 176 441" STYLE_REF="14">.</W>
			<W BOX="187 416 223 441" STYLE_REF="14">The</W>
			<W BOX="214 397 249 422" STYLE_REF="14">this</W>
			<W BOX="230 416 286 441" STYLE_REF="14">season</W>
			<W BOX="258 397 305 422" STYLE_REF="14">letter</W>
			<W BOX="294 416 307 441" STYLE_REF="14">it</W>
			<W BOX="312 397 322 422" STYLE_REF="14">I</W>
			<W BOX="314 416 360 441" STYLE_REF="14">came</W>
			<W BOX="329 397 362 422" STYLE_REF="14">was</W>
			<W BOX="367 416 386 441" STYLE_REF="14">in</W>
			<W BOX="374 397 403 422" STYLE_REF="14">mu</W>
			<W BOX="386 416 392 441" STYLE_REF="14">.</W>
			<W BOX="404 397 425 422" STYLE_REF="14">ch</W>
			<W BOX="413 416 426 441" STYLE_REF="14" NS="y">2</W>
			<W BOX="427 416 432 441" STYLE_REF="14">.</W>
			<W BOX="438 398 493 424" STYLE_REF="14">struck</W>
			<W BOX="441 416 473 442" STYLE_REF="14">His</W>
			<W BOX="480 416 546 442" STYLE_REF="14">writing</W>
			<W BOX="494 398 498 424" STYLE_REF="14">.</W>
			<W BOX="521 398 542 424" STYLE_REF="14">So</W>
			<W BOX="552 416 573 442" STYLE_REF="14">on</W>
			<W BOX="554 398 607 424" STYLE_REF="14">many</W>
			<W BOX="581 416 610 442" STYLE_REF="14">the</W>
			<W BOX="619 398 742 424" STYLE_REF="14">circumstances</W>
			<Q BOX="620 416 630 442" STYLE_REF="14" QID="8">s</Q>
			<q BOX="628 416 682 442" STYLE_REF="14" QID="8">ubject</q>
			<QW QID="8">subject</QW>
			<W BOX="689 417 742 442" STYLE_REF="14">before</W>
			<W BOX="750 417 775 442" STYLE_REF="14">we</W>
			<W BOX="752 398 776 424" STYLE_REF="14">all</W>
		</Primitive>
		<Primitive BOX="24 434 829 497" ID="Ar0340006" SEQ_NO="6" TOC_ENTRY_ID="35" DEPTH_LEVEL="1">
			<L BOX="65 415 775 461"/>
			<W BOX="65 434 99 459" STYLE_REF="14">had</W>
			<W BOX="109 434 144 459" STYLE_REF="14">met</W>
			<W BOX="132 415 138 440" STYLE_REF="14">,</W>
			<W BOX="144 435 149 460" STYLE_REF="14">,</W>
			<W BOX="156 434 195 459" STYLE_REF="14">after</W>
			<W BOX="204 434 226 459" STYLE_REF="14">an</W>
			<W BOX="233 434 300 459" STYLE_REF="14">absence</W>
			<W BOX="310 434 326 459" STYLE_REF="14">of</W>
			<W BOX="338 434 392 459" STYLE_REF="14">fifteen</W>
			<W BOX="404 434 452 459" STYLE_REF="14" NS="y">years</W>
			<W BOX="457 434 461 459" STYLE_REF="14">;</W>
			<W BOX="472 434 503 459" STYLE_REF="14">and</W>
			<W BOX="510 435 581 460" STYLE_REF="14">without</W>
			<W BOX="589 435 616 461" STYLE_REF="14">his</W>
			<W BOX="625 435 687 461" STYLE_REF="14">having</W>
			<W BOX="693 435 722 461" STYLE_REF="14">the</W>
			<W BOX="732 435 775 461" STYLE_REF="14">most</W>
			<L BOX="65 452 775 497"/>
			<W BOX="65 470 109 495" STYLE_REF="14">That</W>
			<W BOX="65 452 128 477" STYLE_REF="14">distant</W>
			<W BOX="120 470 144 495" STYLE_REF="14">for</W>
			<W BOX="140 452 179 477" STYLE_REF="14">susp</W>
			<W BOX="155 470 216 495" STYLE_REF="14">twenty</W>
			<W BOX="179 452 221 477" STYLE_REF="14">icion</W>
			<Q BOX="216 470 224 495" STYLE_REF="14" LH="y" QID="9">-</Q>
			<q BOX="224 470 259 495" STYLE_REF="14" QID="9">five</q>
			<QW QID="9">-five</QW>
			<W BOX="233 453 249 478" STYLE_REF="14">of</W>
			<W BOX="260 453 289 478" STYLE_REF="14">my</W>
			<W BOX="269 470 316 495" STYLE_REF="14">years</W>
			<W BOX="296 453 342 478" STYLE_REF="14">mind</W>
			<W BOX="326 470 348 495" STYLE_REF="14">he</W>
			<W BOX="353 453 401 478" STYLE_REF="14">being</W>
			<W BOX="358 470 391 495" STYLE_REF="14">had</W>
			<W BOX="402 471 435 496" STYLE_REF="14">had</W>
			<W BOX="408 453 479 478" STYLE_REF="14">inclined</W>
			<W BOX="445 471 475 496" STYLE_REF="14">the</W>
			<W BOX="485 471 535 496" STYLE_REF="14">thoug</W>
			<W BOX="486 453 555 478" STYLE_REF="14">towards</W>
			<W BOX="535 472 554 497" STYLE_REF="14" NS="y">ht</W>
			<W BOX="554 472 561 497" STYLE_REF="14">.</W>
			<W BOX="562 453 577 478" STYLE_REF="14" NS="y">it</W>
			<W BOX="577 453 584 478" STYLE_REF="14">.</W>
			<W BOX="582 472 612 497" STYLE_REF="14">All</W>
			<W BOX="605 452 617 477" STYLE_REF="14" NS="y">3</W>
			<W BOX="616 452 621 477" STYLE_REF="14">,</W>
			<W BOX="624 472 669 497" STYLE_REF="14">these</W>
			<W BOX="632 454 663 479" STYLE_REF="14">His</W>
			<W BOX="668 454 769 479" STYLE_REF="14">mentioning</W>
			<Q BOX="679 472 719 497" STYLE_REF="14" QID="10">parti</Q>
			<Q BOX="721 472 747 497" STYLE_REF="14" QID="10">cul</Q>
			<q BOX="748 472 774 497" STYLE_REF="14" QID="10">ars</q>
			<QW QID="10">particulars</QW>
			<W BOX="769 454 775 479" STYLE_REF="14">,</W>
		</Primitive>
		<Primitive BOX="24 489 829 571" ID="Ar0340007" SEQ_NO="7" TOC_ENTRY_ID="35" DEPTH_LEVEL="1">
			<L BOX="63 489 775 535"/>
			<W BOX="63 507 96 532" STYLE_REF="14">and</W>
			<W BOX="63 489 145 514" STYLE_REF="14">answered</W>
			<W BOX="104 507 136 532" STYLE_REF="14">safe</W>
			<W BOX="144 507 200 532" STYLE_REF="14">return</W>
			<W BOX="153 489 170 514" STYLE_REF="14">to</W>
			<W BOX="177 489 206 514" STYLE_REF="14">the</W>
			<W BOX="201 508 206 533" STYLE_REF="14">,</W>
			<W BOX="212 489 258 514" STYLE_REF="14">mark</W>
			<W BOX="213 507 231 532" STYLE_REF="14">so</W>
			<Q BOX="238 507 250 532" STYLE_REF="14" QID="11">p</Q>
			<q BOX="249 507 302 532" STYLE_REF="14" QID="11">lainly</q>
			<QW QID="11">plainly</QW>
			<W BOX="259 489 267 514" STYLE_REF="14">s</W>
			<Q BOX="274 489 301 514" STYLE_REF="14" QID="12">wh</Q>
			<Q BOX="301 489 307 514" STYLE_REF="14" QID="12">i</Q>
			<q BOX="308 489 328 514" STYLE_REF="14" QID="12">ch</q>
			<QW QID="12">which</QW>
			<W BOX="308 507 374 532" STYLE_REF="14">pointed</W>
			<W BOX="335 489 344 514" STYLE_REF="14">I</W>
			<W BOX="351 489 383 514" STYLE_REF="14">had</W>
			<W BOX="382 507 410 532" STYLE_REF="14">out</W>
			<W BOX="390 489 423 514" STYLE_REF="14">laid</W>
			<W BOX="418 507 446 532" STYLE_REF="14">the</W>
			<W BOX="431 489 480 514" STYLE_REF="14">down</W>
			<W BOX="454 507 497 532" STYLE_REF="14">hand</W>
			<W BOX="480 489 486 514" STYLE_REF="14">.</W>
			<W BOX="504 489 535 514" STYLE_REF="14">His</W>
			<W BOX="504 508 520 533" STYLE_REF="14">of</W>
			<W BOX="528 508 626 533" STYLE_REF="14">Providence</W>
			<W BOX="542 490 644 515" STYLE_REF="14">unexpected</W>
			<W BOX="626 510 631 535" STYLE_REF="14">,</W>
			<W BOX="639 509 656 534" STYLE_REF="14">th</W>
			<W BOX="651 490 726 516" STYLE_REF="14">recovery</W>
			<W BOX="658 509 674 534" STYLE_REF="14">at</W>
			<W BOX="682 509 703 534" STYLE_REF="14">all</W>
			<W BOX="710 509 773 534" STYLE_REF="14">ground</W>
			<W BOX="733 491 768 516" STYLE_REF="14" NS="y">also</W>
			<W BOX="768 492 775 517" STYLE_REF="14">,</W>
			<L BOX="57 525 776 571"/>
			<W BOX="57 525 64 550" STYLE_REF="14">'</W>
			<W BOX="61 544 95 569" STYLE_REF="14">fear</W>
			<W BOX="63 526 79 551" STYLE_REF="14">of</W>
			<W BOX="90 526 175 551" STYLE_REF="14">reasoning</W>
			<W BOX="102 544 183 569" STYLE_REF="14">possessed</W>
			<W BOX="187 526 251 551" STYLE_REF="14">against</W>
			<W BOX="191 544 221 569" STYLE_REF="14">my</W>
			<W BOX="228 544 274 569" STYLE_REF="14">mind</W>
			<W BOX="261 526 275 551" STYLE_REF="14">it</W>
			<W BOX="275 545 280 570" STYLE_REF="14">,</W>
			<W BOX="286 526 349 551" STYLE_REF="14">seemed</W>
			<W BOX="288 544 318 569" STYLE_REF="14">lest</W>
			<W BOX="326 544 334 569" STYLE_REF="14">I</W>
			<W BOX="342 544 400 569" STYLE_REF="14">should</W>
			<W BOX="361 526 438 551" STYLE_REF="14">removed</W>
			<W BOX="407 544 445 569" STYLE_REF="14">take</W>
			<W BOX="438 526 444 551" STYLE_REF="14">.</W>
			<W BOX="452 545 484 570" STYLE_REF="14">any</W>
			<W BOX="465 526 497 551" STYLE_REF="14">Yet</W>
			<W BOX="492 545 528 570" STYLE_REF="14">step</W>
			<W BOX="498 527 503 552" STYLE_REF="14">,</W>
			<W BOX="510 527 531 552" STYLE_REF="14">on</W>
			<W BOX="538 545 566 570" STYLE_REF="14">out</W>
			<W BOX="538 527 567 552" STYLE_REF="14">the</W>
			<W BOX="574 527 602 552" STYLE_REF="14">oth</W>
			<W BOX="578 545 593 570" STYLE_REF="14">of</W>
			<W BOX="604 527 620 552" STYLE_REF="14">er</W>
			<W BOX="605 545 633 570" STYLE_REF="14">the</W>
			<W BOX="628 527 671 552" STYLE_REF="14">hand</W>
			<W BOX="643 545 687 570" STYLE_REF="14">order</W>
			<W BOX="672 528 677 553" STYLE_REF="14">,</W>
			<W BOX="687 528 696 553" STYLE_REF="14">a</W>
			<W BOX="698 546 714 571" STYLE_REF="14">of</W>
			<W BOX="708 528 773 553" STYLE_REF="14">strange</W>
			<W BOX="725 546 760 571" STYLE_REF="14" NS="y">God</W>
			<W BOX="766 546 776 571" STYLE_REF="14">:</W>
		</Primitive>
		<Primitive BOX="24 563 829 645" ID="Ar0340008" SEQ_NO="8" TOC_ENTRY_ID="35" DEPTH_LEVEL="1">
			<L BOX="61 563 772 606"/>
			<W BOX="61 581 121 606" STYLE_REF="14">should</W>
			<W BOX="61 563 91 588" STYLE_REF="14">nor</W>
			<W BOX="99 563 133 588" STYLE_REF="14">was</W>
			<W BOX="126 581 155 606" STYLE_REF="14">not</W>
			<W BOX="140 563 189 588" STYLE_REF="14">Satan</W>
			<W BOX="162 581 203 606" STYLE_REF="14">have</W>
			<W BOX="196 563 270 588" STYLE_REF="14">wanting</W>
			<W BOX="210 581 284 606" STYLE_REF="14">strength</W>
			<W BOX="277 563 294 588" STYLE_REF="14">to</W>
			<W BOX="290 581 308 606" STYLE_REF="14">to</W>
			<W BOX="301 563 346 588" STYLE_REF="14">repre</W>
			<W BOX="315 581 352 606" STYLE_REF="14">stan</W>
			<W BOX="347 563 356 588" STYLE_REF="14">s</W>
			<W BOX="353 581 362 606" STYLE_REF="14">d</W>
			<W BOX="355 563 383 588" STYLE_REF="14">ent</W>
			<W BOX="370 581 388 606" STYLE_REF="14" NS="y">in</W>
			<W BOX="388 581 394 606" STYLE_REF="14">.</W>
			<W BOX="390 563 435 588" STYLE_REF="14">great</W>
			<W BOX="443 563 488 588" STYLE_REF="14">trials</W>
			<W BOX="495 563 548 588" STYLE_REF="14">before</W>
			<W BOX="557 564 585 589" STYLE_REF="14" NS="y">me</W>
			<W BOX="585 565 590 590" STYLE_REF="14">,</W>
			<W BOX="596 564 650 589" STYLE_REF="14">which</W>
			<W BOX="656 564 677 589" STYLE_REF="14">he</W>
			<W BOX="683 564 717 589" STYLE_REF="14">told</W>
			<W BOX="725 564 751 589" STYLE_REF="14">me</W>
			<W BOX="762 565 772 590" STYLE_REF="14">I</W>
			<L BOX="60 599 770 645"/>
			<W BOX="60 618 95 643" STYLE_REF="14">cam</W>
			<W BOX="84 601 94 626" STYLE_REF="14">"</W>
			<W BOX="97 618 106 643" STYLE_REF="14">e</W>
			<W BOX="100 599 131 624" STYLE_REF="14">We</W>
			<W BOX="116 618 134 643" STYLE_REF="14">to</W>
			<W BOX="142 599 254 624" STYLE_REF="14">corresponded</W>
			<W BOX="146 618 191 643" STYLE_REF="14">Cross</W>
			<Q BOX="203 618 242 643" STYLE_REF="14" QID="13">Hall</Q>
			<q BOX="255 618 287 643" STYLE_REF="14" QID="13">and</q>
			<QW QID="13">Halland</QW>
			<W BOX="263 599 304 624" STYLE_REF="14">with</W>
			<W BOX="298 618 347 643" STYLE_REF="14">abode</W>
			<W BOX="311 599 388 624" STYLE_REF="14">openness</W>
			<W BOX="359 618 404 643" STYLE_REF="14">there</W>
			<W BOX="396 599 429 624" STYLE_REF="14">and</W>
			<W BOX="415 618 424 643" STYLE_REF="14">a</W>
			<W BOX="435 618 492 643" STYLE_REF="14">month</W>
			<W BOX="440 599 508 624" STYLE_REF="14">freedom</W>
			<W BOX="509 619 595 644" STYLE_REF="14">preaching</W>
			<W BOX="517 599 543 624" STYLE_REF="14">till</W>
			<W BOX="551 600 617 625" STYLE_REF="14">August</W>
			<W BOX="604 619 622 644" STYLE_REF="14">in</W>
			<W BOX="624 601 652 626" STYLE_REF="14">the</W>
			<W BOX="634 619 704 645" STYLE_REF="14">different</W>
			<W BOX="660 601 670 626" STYLE_REF="14" NS="y">1</W>
			<W BOX="670 601 685 626" STYLE_REF="14" NS="y">st</W>
			<W BOX="685 602 690 627" STYLE_REF="14">,</W>
			<W BOX="695 601 742 626" STYLE_REF="14">when</W>
			<W BOX="728 620 770 645" STYLE_REF="14">laces</W>
			<W BOX="749 601 770 626" STYLE_REF="14">he</W>
		</Primitive>
		<Primitive BOX="24 636 829 712" ID="Ar0340009" SEQ_NO="9" TOC_ENTRY_ID="35" DEPTH_LEVEL="1">
			<L BOX="60 619 770 663"/>
			<Q BOX="60 636 82 661" STYLE_REF="14" QID="14">wi</Q>
			<q BOX="83 636 101 661" STYLE_REF="14" QID="14">th</q>
			<QW QID="14">with</QW>
			<W BOX="108 636 158 661" STYLE_REF="14">much</W>
			<W BOX="165 636 219 661" STYLE_REF="14" NS="y">power</W>
			<W BOX="224 636 228 661" STYLE_REF="14">;</W>
			<W BOX="239 636 271 661" STYLE_REF="14">and</W>
			<W BOX="243 619 248 644" STYLE_REF="14">,</W>
			<W BOX="278 636 338 661" STYLE_REF="14">having</W>
			<W BOX="345 636 405 661" STYLE_REF="14">opened</W>
			<W BOX="413 636 442 661" STYLE_REF="14">our</W>
			<W BOX="450 636 504 661" STYLE_REF="14">hearts</W>
			<W BOX="493 619 497 644" STYLE_REF="14">,</W>
			<W BOX="515 637 533 662" STYLE_REF="14">to</W>
			<W BOX="542 637 581 662" STYLE_REF="14">each</W>
			<Q BOX="592 637 638 662" STYLE_REF="14" QID="15">other</Q>
			<q BOX="651 638 690 663" STYLE_REF="14" QID="15">both</q>
			<QW QID="15">otherboth</QW>
			<W BOX="698 638 719 663" STYLE_REF="14">on</W>
			<W BOX="717 620 728 645" STYLE_REF="14">p</W>
			<Q BOX="726 638 761 663" STYLE_REF="14" QID="16">tem</Q>
			<Q BOX="762 638 770 663" STYLE_REF="14" QID="16">-</Q>
			<L BOX="59 638 768 682"/>
			<q BOX="59 654 113 680" STYLE_REF="14" QID="16">porals</q>
			<QW QID="16">temporals</QW>
			<W BOX="124 654 155 680" STYLE_REF="14">and</W>
			<Q BOX="167 654 186 680" STYLE_REF="14" QID="17">sp</Q>
			<Q BOX="186 654 205 679" STYLE_REF="14" QID="17">iri</Q>
			<q BOX="207 654 249 679" STYLE_REF="14" NS="y" QID="17">tuals</q>
			<QW QID="17">spirituals</QW>
			<W BOX="249 656 254 681" STYLE_REF="14">,</W>
			<W BOX="263 655 289 680" STYLE_REF="14">we</W>
			<W BOX="298 655 370 680" STYLE_REF="14">believed</W>
			<W BOX="378 655 392 680" STYLE_REF="14">it</W>
			<W BOX="400 655 417 680" STYLE_REF="14">to</W>
			<W BOX="424 656 444 681" STYLE_REF="14">be</W>
			<W BOX="452 656 479 681" STYLE_REF="14">the</W>
			<W BOX="486 656 530 681" STYLE_REF="14">order</W>
			<W BOX="538 656 554 681" STYLE_REF="14">of</W>
			<W BOX="564 656 599 681" STYLE_REF="14">Gfod</W>
			<W BOX="607 656 632 681" STYLE_REF="14">we</W>
			<W BOX="639 638 644 663" STYLE_REF="14">,</W>
			<W BOX="639 657 696 682" STYLE_REF="14">should</W>
			<W BOX="703 657 768 682" STYLE_REF="14">become</W>
			<L BOX="60 673 440 710"/>
			<W BOX="60 673 90 698" STYLE_REF="14">one</W>
			<W BOX="81 684 91 710" STYLE_REF="14">Ci</W>
			<W BOX="91 673 96 698" STYLE_REF="14">,</W>
			<W BOX="104 673 152 698" STYLE_REF="14">when</W>
			<W BOX="159 673 179 698" STYLE_REF="14">he</W>
			<W BOX="187 673 245 698" STYLE_REF="14">should</W>
			<W BOX="252 673 300 698" STYLE_REF="14">make</W>
			<W BOX="307 673 335 698" STYLE_REF="14">our</W>
			<W BOX="343 673 380 698" STYLE_REF="14">way</W>
			<Q BOX="387 674 398 699" STYLE_REF="14" QID="18">p</Q>
			<q BOX="398 674 434 699" STYLE_REF="14" NS="y" QID="18">lain</q>
			<QW QID="18">plain</QW>
			<W BOX="434 674 440 699" STYLE_REF="14">.</W>
		</Primitive>
		<Primitive BOX="24 700 829 774" ID="Ar0340010" SEQ_NO="10" TOC_ENTRY_ID="35" DEPTH_LEVEL="1">
			<L BOX="58 691 768 737"/>
			<W BOX="58 710 112 735" STYLE_REF="14">where</W>
			<W BOX="97 691 124 716" STYLE_REF="14">He</W>
			<W BOX="119 710 127 735" STYLE_REF="14">I</W>
			<W BOX="130 691 168 716" STYLE_REF="14">then</W>
			<W BOX="135 710 178 735" STYLE_REF="14">lived</W>
			<W BOX="175 691 250 716" STYLE_REF="14">returned</W>
			<W BOX="184 710 189 735" STYLE_REF="14">;</W>
			<W BOX="200 710 224 735" STYLE_REF="14">for</W>
			<W BOX="231 710 256 735" STYLE_REF="14">we</W>
			<W BOX="258 691 275 716" STYLE_REF="14">to</W>
			<W BOX="263 710 310 735" STYLE_REF="14">could</W>
			<W BOX="282 691 309 716" STYLE_REF="14">his</W>
			<W BOX="315 691 368 716" STYLE_REF="14">parish</W>
			<W BOX="317 710 346 735" STYLE_REF="14">not</W>
			<W BOX="353 710 402 735" STYLE_REF="14">think</W>
			<W BOX="369 693 374 718" STYLE_REF="14">,</W>
			<W BOX="382 692 391 717" STYLE_REF="14">a</W>
			<W BOX="399 692 435 717" STYLE_REF="14">hun</W>
			<W BOX="413 710 429 735" STYLE_REF="14">of</W>
			<W BOX="436 692 445 717" STYLE_REF="14">d</W>
			<W BOX="441 710 498 735" STYLE_REF="14">taking</W>
			<Q BOX="447 692 463 717" STYLE_REF="14" QID="19">re</Q>
			<q BOX="464 692 474 717" STYLE_REF="14" QID="19">d</q>
			<QW QID="19">red</QW>
			<W BOX="481 692 512 717" STYLE_REF="14">and</W>
			<W BOX="509 710 536 735" STYLE_REF="14">the</W>
			<W BOX="520 692 580 717" STYLE_REF="14">twelve</W>
			<W BOX="546 711 582 736" STYLE_REF="14">step</W>
			<W BOX="586 693 634 718" STYLE_REF="14">miles</W>
			<W BOX="592 711 619 736" STYLE_REF="14">till</W>
			<W BOX="630 711 657 737" STYLE_REF="14">my</W>
			<W BOX="641 693 680 718" STYLE_REF="14">from</W>
			<Q BOX="665 712 675 737" STYLE_REF="14" QID="20">a</Q>
			<q BOX="675 712 719 737" STYLE_REF="14" QID="20">ffairs</q>
			<QW QID="20">affairs</QW>
			<W BOX="688 693 716 718" STYLE_REF="14">the</W>
			<W BOX="723 695 734 720" STYLE_REF="14">p</W>
			<W BOX="725 712 767 737" STYLE_REF="14">were</W>
			<W BOX="734 694 768 719" STYLE_REF="14">lace</W>
			<L BOX="57 729 766 774"/>
			<W BOX="57 729 102 754" STYLE_REF="14">more</W>
			<W BOX="57 746 84 772" STYLE_REF="14">bis</W>
			<W BOX="91 746 136 772" STYLE_REF="14">hand</W>
			<W BOX="109 729 169 754" STYLE_REF="14">clearly</W>
			<W BOX="144 746 181 772" STYLE_REF="14">who</W>
			<W BOX="176 729 235 754" STYLE_REF="14">settled</W>
			<W BOX="188 748 192 773" STYLE_REF="14">'</W>
			<W BOX="198 747 235 772" STYLE_REF="14">does</W>
			<W BOX="235 729 240 754" STYLE_REF="14">.</W>
			<W BOX="243 747 287 772" STYLE_REF="14">what</W>
			<W BOX="263 729 284 754" STYLE_REF="14">So</W>
			<W BOX="291 729 316 754" STYLE_REF="14">we</W>
			<W BOX="294 747 315 772" STYLE_REF="14">he</W>
			<W BOX="322 729 360 754" STYLE_REF="14">took</W>
			<W BOX="323 747 358 772" STYLE_REF="14">will</W>
			<W BOX="364 747 406 772" STYLE_REF="14">with</W>
			<W BOX="368 729 397 754" STYLE_REF="14">our</W>
			<W BOX="407 729 453 754" STYLE_REF="14">leave</W>
			<W BOX="413 747 440 772" STYLE_REF="14">his</W>
			<W BOX="445 748 482 773" STYLE_REF="14">own</W>
			<W BOX="462 729 477 754" STYLE_REF="14">of</W>
			<W BOX="484 748 491 773" STYLE_REF="14">.</W>
			<W BOX="488 729 526 754" STYLE_REF="14">each</W>
			<W BOX="489 748 497 774" STYLE_REF="14">'</W>
			<W BOX="534 729 578 754" STYLE_REF="14" NS="y">other</W>
			<W BOX="579 730 584 755" STYLE_REF="14">,</W>
			<W BOX="592 730 695 755" STYLE_REF="14">committing</W>
			<W BOX="702 731 724 756" STYLE_REF="14">all</W>
			<W BOX="730 731 766 756" STYLE_REF="14">into</W>
		</Primitive>
		<Primitive BOX="24 765 829 829" ID="Ar0340011" SEQ_NO="11" TOC_ENTRY_ID="35" DEPTH_LEVEL="1">
			<L BOX="56 765 766 811"/>
			<W BOX="56 783 116 809" STYLE_REF="14">opened</W>
			<W BOX="79 766 88 792" STYLE_REF="14">"</W>
			<W BOX="95 765 116 790" STYLE_REF="14">In</W>
			<W BOX="124 783 176 808" STYLE_REF="14">either</W>
			<Q BOX="128 765 169 790" STYLE_REF="14" QID="21">abou</Q>
			<q BOX="171 765 178 790" STYLE_REF="14" QID="21">t</q>
			<QW QID="21">about</QW>
			<W BOX="183 783 206 808" STYLE_REF="14">for</W>
			<W BOX="185 765 216 790" STYLE_REF="14">five</W>
			<W BOX="215 783 295 809" STYLE_REF="14">disposing</W>
			<W BOX="228 765 281 790" STYLE_REF="14">weeks</W>
			<W BOX="287 765 308 790" STYLE_REF="14">he</W>
			<W BOX="303 784 318 809" STYLE_REF="14">of</W>
			<W BOX="318 765 354 790" STYLE_REF="14">retu</W>
			<W BOX="327 784 355 809" STYLE_REF="14">the</W>
			<W BOX="355 765 393 790" STYLE_REF="14">rned</W>
			<W BOX="362 784 402 809" STYLE_REF="14">farm</W>
			<W BOX="400 765 404 790" STYLE_REF="14">;</W>
			<W BOX="404 785 409 810" STYLE_REF="14">,</W>
			<W BOX="415 765 445 790" STYLE_REF="14">but</W>
			<W BOX="417 784 434 809" STYLE_REF="14">or</W>
			<W BOX="442 784 458 809" STYLE_REF="14">of</W>
			<W BOX="458 765 491 790" STYLE_REF="14">still</W>
			<W BOX="466 784 493 809" STYLE_REF="14">the</W>
			<W BOX="499 766 522 791" STYLE_REF="14">all</W>
			<W BOX="500 784 539 809" STYLE_REF="14">fami</W>
			<W BOX="533 766 596 791" STYLE_REF="14">seemed</W>
			<Q BOX="541 784 547 809" STYLE_REF="14" QID="22">l</Q>
			<q BOX="546 785 559 810" STYLE_REF="14" NS="y" QID="22">y</q>
			<QW QID="22">ly</QW>
			<W BOX="559 785 565 810" STYLE_REF="14">.</W>
			<W BOX="586 785 684 810" STYLE_REF="14">Conversing</W>
			<W BOX="607 766 646 791" STYLE_REF="14">shut</W>
			<W BOX="658 766 681 792" STYLE_REF="14" NS="y">up</W>
			<W BOX="684 766 690 792" STYLE_REF="14">;</W>
			<W BOX="694 785 723 811" STYLE_REF="14">one</W>
			<W BOX="701 768 721 793" STYLE_REF="14">no</W>
			<W BOX="729 768 766 793" STYLE_REF="14">way</W>
			<W BOX="733 786 765 811" STYLE_REF="14">day</W>
			<L BOX="55 801 765 829"/>
			<W BOX="55 801 97 827" STYLE_REF="14">with</W>
			<W BOX="104 801 140 827" STYLE_REF="14" NS="y">Mrs</W>
			<W BOX="140 801 146 827" STYLE_REF="14">.</W>
			<Q BOX="154 801 194 827" STYLE_REF="14" QID="23">Clap</Q>
			<q BOX="193 801 231 827" STYLE_REF="14" NS="y" QID="23">ham</q>
			<QW QID="23">Clapham</QW>
			<W BOX="232 802 237 827" STYLE_REF="14">,</W>
			<W BOX="243 802 258 827" STYLE_REF="14">of</W>
			<W BOX="266 802 317 827" STYLE_REF="14" NS="y">Leeds</W>
			<W BOX="317 803 322 828" STYLE_REF="14">,</W>
			<W BOX="329 802 359 827" STYLE_REF="14">she</W>
			<W BOX="365 802 399 827" STYLE_REF="14" NS="y">said</W>
			<W BOX="400 803 405 828" STYLE_REF="14">,</W>
			<W BOX="415 803 419 829" STYLE_REF="14">'</W>
			<W BOX="424 803 474 828" STYLE_REF="14">What</W>
			<W BOX="482 803 502 828" STYLE_REF="14">do</W>
			<W BOX="509 803 542 828" STYLE_REF="14">you</W>
			<W BOX="549 803 591 828" STYLE_REF="14">stick</W>
			<W BOX="599 803 616 828" STYLE_REF="14">at</W>
			<W BOX="620 804 628 829" STYLE_REF="24">?</W>
			<W BOX="645 804 678 829" STYLE_REF="14">The</W>
			<W BOX="686 804 727 829" STYLE_REF="14">Lord</W>
			<W BOX="734 804 765 829" STYLE_REF="14">has</W>
		</Primitive>
		<Primitive BOX="24 820 829 887" ID="Ar0340012" SEQ_NO="12" TOC_ENTRY_ID="35" DEPTH_LEVEL="1">
			<L BOX="54 820 764 887"/>
			<W BOX="54 857 83 882" STYLE_REF="14">the</W>
			<W BOX="55 838 89 864" STYLE_REF="14">you</W>
			<W BOX="55 820 96 845" STYLE_REF="14">done</W>
			<W BOX="90 857 127 882" STYLE_REF="14">step</W>
			<W BOX="100 838 121 864" STYLE_REF="14">do</W>
			<W BOX="104 820 122 845" STYLE_REF="14">so</W>
			<W BOX="129 820 179 845" STYLE_REF="14">much</W>
			<W BOX="131 838 160 863" STYLE_REF="14">not</W>
			<W BOX="134 856 152 881" STYLE_REF="14">in</W>
			<W BOX="160 856 200 881" STYLE_REF="14">faith</W>
			<W BOX="171 838 232 863" STYLE_REF="14">believe</W>
			<W BOX="185 820 203 845" STYLE_REF="14">to</W>
			<W BOX="201 858 206 883" STYLE_REF="14">,</W>
			<W BOX="210 820 219 845" STYLE_REF="14">c</W>
			<W BOX="214 857 255 882" STYLE_REF="14">your</W>
			<W BOX="219 820 287 845" STYLE_REF="14">onvince</W>
			<W BOX="233 838 238 864" STYLE_REF="14">,</W>
			<W BOX="245 839 277 864" STYLE_REF="14">and</W>
			<W BOX="261 857 301 882" STYLE_REF="14">way</W>
			<W BOX="288 839 328 864" STYLE_REF="14">obey</W>
			<W BOX="293 820 326 845" STYLE_REF="14">you</W>
			<W BOX="302 857 357 882" STYLE_REF="14">would</W>
			<W BOX="334 820 370 845" STYLE_REF="14">that</W>
			<W BOX="335 839 362 864" STYLE_REF="14">his</W>
			<W BOX="364 858 384 883" STYLE_REF="14">be</W>
			<W BOX="372 839 418 864" STYLE_REF="14">order</W>
			<W BOX="378 820 412 845" STYLE_REF="14">this</W>
			<W BOX="391 858 439 883" STYLE_REF="14">made</W>
			<W BOX="418 820 432 845" STYLE_REF="14">is</W>
			<W BOX="423 839 431 864" STYLE_REF="14">?</W>
			<W BOX="440 820 457 845" STYLE_REF="14">to</W>
			<W BOX="445 858 457 883" STYLE_REF="14">p</W>
			<W BOX="452 839 461 864" STYLE_REF="14">I</W>
			<W BOX="456 858 479 883" STYLE_REF="14">lai</W>
			<W BOX="464 821 484 846" STYLE_REF="14">be</W>
			<W BOX="469 839 502 864" STYLE_REF="14">veri</W>
			<W BOX="479 858 489 883" STYLE_REF="14">n</W>
			<W BOX="490 822 532 847" STYLE_REF="14">your</W>
			<W BOX="497 858 552 883" STYLE_REF="14">directl</W>
			<Q BOX="504 839 510 864" STYLE_REF="14" QID="24">l</Q>
			<q BOX="510 840 522 865" STYLE_REF="14" QID="24">y</q>
			<QW QID="24">ly</QW>
			<W BOX="529 840 590 865" STYLE_REF="14">believe</W>
			<W BOX="539 822 638 847" STYLE_REF="14">deliverance</W>
			<W BOX="553 859 565 884" STYLE_REF="14" NS="y">y</W>
			<W BOX="565 859 572 884" STYLE_REF="14" NS="y">.</W>
			<W BOX="572 857 577 887" STYLE_REF="1">'</W>
			<W BOX="582 857 594 887" STYLE_REF="1" NS="y">"</W>
			<S S_TYPE="SUP">
				<W BOX="591 841 596 866" STYLE_REF="14">,</W>
			</S>
			<W BOX="604 840 617 865" STYLE_REF="14">if</W>
			<W BOX="624 841 658 866" STYLE_REF="14">you</W>
			<W BOX="639 823 644 848" STYLE_REF="14">,</W>
			<W BOX="649 822 685 847" STYLE_REF="14">how</W>
			<W BOX="665 841 718 866" STYLE_REF="14">would</W>
			<W BOX="689 822 704 847" STYLE_REF="14">is</W>
			<W BOX="709 822 722 847" STYLE_REF="14">it</W>
			<W BOX="726 841 764 866" STYLE_REF="14">take</W>
			<W BOX="728 822 764 847" STYLE_REF="14">that</W>
		</Primitive>
		<Primitive BOX="24 883 829 939" ID="Ar0340013" SEQ_NO="13" TOC_ENTRY_ID="35" DEPTH_LEVEL="1">
			<L BOX="79 883 764 915" P="S"/>
			<W BOX="79 884 104 912" STYLE_REF="5" NS="y">So</W>
			<W BOX="105 883 110 912" STYLE_REF="5">,</W>
			<W BOX="119 884 164 912" STYLE_REF="5">after</W>
			<W BOX="177 884 187 912" STYLE_REF="5">a</W>
			<W BOX="198 884 235 912" STYLE_REF="5">few</W>
			<W BOX="243 884 294 912" STYLE_REF="5">more</W>
			<W BOX="303 885 346 913" STYLE_REF="5">pros</W>
			<W BOX="355 885 393 913" STYLE_REF="5">and</W>
			<W BOX="402 885 447 913" STYLE_REF="5" NS="y">cons</W>
			<W BOX="449 885 454 913" STYLE_REF="5">,</W>
			<W BOX="462 885 509 914" STYLE_REF="5">Miss</W>
			<W BOX="520 885 627 914" STYLE_REF="5">Bosanquet</W>
			<W BOX="638 886 718 914" STYLE_REF="5">married</W>
			<W BOX="730 887 764 915" STYLE_REF="5">the</W>
			<L BOX="52 902 770 939"/>
			<W BOX="52 907 101 935" STYLE_REF="5">good</W>
			<W BOX="115 907 159 935" STYLE_REF="5">man</W>
			<W BOX="167 907 229 935" STYLE_REF="5">whom</W>
			<W BOX="242 907 276 936" STYLE_REF="5">she</W>
			<W BOX="288 907 325 936" STYLE_REF="5">had</W>
			<W BOX="338 907 393 936" STYLE_REF="5" NS="y">loved</W>
			<W BOX="395 908 400 937" STYLE_REF="5">,</W>
			<W BOX="410 909 446 937" STYLE_REF="5">and</W>
			<W BOX="455 909 497 937" STYLE_REF="5">who</W>
			<W BOX="505 909 542 937" STYLE_REF="5">had</W>
			<W BOX="553 909 610 937" STYLE_REF="5">loved</W>
			<W BOX="621 909 654 937" STYLE_REF="5" NS="y">her</W>
			<W BOX="656 909 661 937" STYLE_REF="5">,</W>
			<W BOX="672 909 717 938" STYLE_REF="5">from</W>
			<W BOX="728 911 762 939" STYLE_REF="5">her</W>
			<W BOX="764 902 770 930" STYLE_REF="5">*</W>
		</Primitive>
		<Primitive BOX="24 929 829 985" ID="Ar0340014" SEQ_NO="14" TOC_ENTRY_ID="35" DEPTH_LEVEL="1">
			<L BOX="53 929 762 962"/>
			<W BOX="53 929 109 957" STYLE_REF="5" NS="y">youth</W>
			<W BOX="110 929 116 957" STYLE_REF="5">,</W>
			<W BOX="126 930 214 958" STYLE_REF="5" NS="y">upwards</W>
			<W BOX="220 930 225 958" STYLE_REF="5">;</W>
			<W BOX="239 930 275 958" STYLE_REF="5">and</W>
			<W BOX="287 933 303 961" STYLE_REF="5" NS="y">"</W>
			<W BOX="305 931 328 959" STYLE_REF="5">on</W>
			<W BOX="336 931 420 959" STYLE_REF="5">Monday</W>
			<W BOX="428 931 461 959" STYLE_REF="5">the</W>
			<W BOX="469 931 494 959" STYLE_REF="5" NS="y">12</W>
			<W BOX="494 931 513 959" STYLE_REF="5">th</W>
			<W BOX="526 931 544 959" STYLE_REF="5">of</W>
			<W BOX="557 932 664 960" STYLE_REF="5" NS="y">November</W>
			<W BOX="665 933 670 961" STYLE_REF="5">,</W>
			<Q BOX="679 935 714 960" STYLE_REF="14" QID="25">178</Q>
			<q BOX="716 933 730 961" STYLE_REF="5" NS="y" QID="25">1</q>
			<QW QID="25">1781</QW>
			<W BOX="727 934 732 962" STYLE_REF="5">,</W>
			<W BOX="741 934 762 962" STYLE_REF="5">in</W>
			<L BOX="52 953 762 985"/>
			<W BOX="52 953 121 981" STYLE_REF="5">Batley</W>
			<W BOX="128 953 202 981" STYLE_REF="5" NS="y">Church</W>
			<W BOX="203 953 208 982" STYLE_REF="5">,</W>
			<W BOX="215 954 245 982" STYLE_REF="5">we</W>
			<W BOX="253 954 366 982" STYLE_REF="5">covenanted</W>
			<W BOX="376 955 396 983" STYLE_REF="5">in</W>
			<W BOX="405 955 439 983" STYLE_REF="5">the</W>
			<Q BOX="446 955 489 983" STYLE_REF="5" QID="26">nam</Q>
			<q BOX="490 955 500 983" STYLE_REF="5" QID="26">e</q>
			<QW QID="26">name</QW>
			<W BOX="509 955 526 983" STYLE_REF="5">of</W>
			<W BOX="534 955 567 983" STYLE_REF="5">the</W>
			<Q BOX="573 955 644 984" STYLE_REF="5" QID="27">Father</Q>
			<q BOX="657 956 693 985" STYLE_REF="5" QID="27">and</q>
			<QW QID="27">Fatherand</QW>
			<W BOX="702 956 720 985" STYLE_REF="5">of</W>
			<W BOX="729 957 762 985" STYLE_REF="5">the</W>
		</Primitive>
		<Primitive BOX="24 976 829 1029" ID="Ar0340015" SEQ_NO="15" TOC_ENTRY_ID="35" DEPTH_LEVEL="1">
			<L BOX="51 956 761 1008"/>
			<W BOX="51 977 89 1005" STYLE_REF="5" NS="y">Son</W>
			<W BOX="90 976 95 1004" STYLE_REF="5">,</W>
			<W BOX="103 976 140 1005" STYLE_REF="5">and</W>
			<W BOX="154 976 171 1005" STYLE_REF="5">of</W>
			<W BOX="182 976 215 1005" STYLE_REF="5">the</W>
			<Q BOX="226 976 264 1005" STYLE_REF="5" QID="28">Hol</Q>
			<q BOX="265 977 278 1006" STYLE_REF="5" QID="28">y</q>
			<QW QID="28">Holy</QW>
			<W BOX="287 977 346 1006" STYLE_REF="5" NS="y">Ghost</W>
			<W BOX="348 978 353 1006" STYLE_REF="5">,</W>
			<W BOX="362 978 381 1006" STYLE_REF="5">to</W>
			<W BOX="391 980 396 1008" STYLE_REF="5">'</W>
			<W BOX="401 978 446 1006" STYLE_REF="5">bear</W>
			<W BOX="454 978 499 1006" STYLE_REF="5">each</W>
			<W BOX="513 978 564 1006" STYLE_REF="5" NS="y">other</W>
			<W BOX="566 978 573 1007" STYLE_REF="5" NS="y">'</W>
			<W BOX="570 979 580 1007" STYLE_REF="5">s</W>
			<W BOX="593 980 679 1008" STYLE_REF="5">burdens</W>
			<W BOX="645 956 650 984" STYLE_REF="5">,</W>
			<W BOX="679 980 686 1008" STYLE_REF="5">/</W>
			<W BOX="695 980 731 1008" STYLE_REF="5">and</W>
			<W BOX="741 980 761 1008" STYLE_REF="5">to</W>
			<L BOX="51 1000 283 1029"/>
			<W BOX="51 1000 130 1029" STYLE_REF="5">become</W>
			<W BOX="137 1000 172 1028" STYLE_REF="5">one</W>
			<W BOX="180 1000 209 1028" STYLE_REF="5">for</W>
			<W BOX="218 1000 261 1028" STYLE_REF="5" NS="y">ever</W>
			<W BOX="261 1000 268 1028" STYLE_REF="5" NS="y">.</W>
			<W BOX="269 1000 283 1029" STYLE_REF="5">"</W>
		</Primitive>
		<Primitive BOX="24 1023 829 1079" ID="Ar0340016" SEQ_NO="16" TOC_ENTRY_ID="35" DEPTH_LEVEL="1">
			<L BOX="75 1023 760 1055"/>
			<W BOX="75 1023 113 1052" STYLE_REF="5">For</W>
			<W BOX="130 1023 183 1052" STYLE_REF="5">three</W>
			<W BOX="198 1023 254 1052" STYLE_REF="5">years</W>
			<W BOX="270 1023 306 1052" STYLE_REF="5">and</W>
			<W BOX="323 1023 333 1052" STYLE_REF="5">a</W>
			<W BOX="349 1024 388 1053" STYLE_REF="5">half</W>
			<W BOX="406 1025 437 1053" STYLE_REF="5">we</W>
			<W BOX="452 1025 494 1053" STYLE_REF="5">now</W>
			<W BOX="511 1025 554 1053" STYLE_REF="5">read</W>
			<W BOX="570 1025 591 1053" STYLE_REF="5">in</W>
			<W BOX="608 1026 643 1054" STYLE_REF="5">her</W>
			<W BOX="658 1026 710 1055" STYLE_REF="5">diary</W>
			<W BOX="727 1027 760 1055" STYLE_REF="5">the</W>
			<L BOX="49 1047 761 1079"/>
			<W BOX="49 1047 99 1075" STYLE_REF="5">most</W>
			<Q BOX="109 1047 143 1075" STYLE_REF="5" QID="29">joy</Q>
			<q BOX="143 1047 170 1075" STYLE_REF="5" QID="29">ful</q>
			<QW QID="29">joyful</QW>
			<W BOX="187 1047 295 1075" STYLE_REF="5">utterances</W>
			<W BOX="310 1048 328 1076" STYLE_REF="5">of</W>
			<W BOX="345 1048 426 1076" STYLE_REF="5">married</W>
			<Q BOX="443 1049 492 1077" STYLE_REF="5" QID="30">happ</Q>
			<q BOX="493 1049 543 1077" STYLE_REF="5" NS="y" QID="30">iness</q>
			<QW QID="30">happiness</QW>
			<W BOX="543 1049 549 1077" STYLE_REF="5">.</W>
			<W BOX="574 1050 627 1078" STYLE_REF="5">John</W>
			<W BOX="640 1050 724 1078" STYLE_REF="5">William</W>
			<W BOX="737 1051 761 1079" STYLE_REF="5">do</W>
		</Primitive>
		<Primitive BOX="24 1070 829 1125" ID="Ar0340017" SEQ_NO="17" TOC_ENTRY_ID="35" DEPTH_LEVEL="1">
			<L BOX="48 1070 757 1102"/>
			<W BOX="48 1070 67 1098" STYLE_REF="5">la</W>
			<W BOX="83 1070 175 1098" STYLE_REF="5" NS="y">Flechere</W>
			<W BOX="176 1070 181 1098" STYLE_REF="5">,</W>
			<W BOX="199 1070 263 1098" STYLE_REF="5">whose</W>
			<Q BOX="277 1071 323 1099" STYLE_REF="5" QID="31">forei</Q>
			<q BOX="325 1072 351 1100" STYLE_REF="5" QID="31">gn</q>
			<QW QID="31">foreign</QW>
			<W BOX="370 1072 422 1100" STYLE_REF="5">birth</W>
			<W BOX="439 1072 479 1100" STYLE_REF="5">was</W>
			<W BOX="496 1072 562 1100" STYLE_REF="5">almost</W>
			<W BOX="581 1073 690 1101" STYLE_REF="5">obliterated</W>
			<W BOX="710 1073 757 1102" STYLE_REF="5">from</W>
			<L BOX="48 1093 750 1125"/>
			<W BOX="48 1093 133 1121" STYLE_REF="5">memory</W>
			<Q BOX="141 1093 154 1121" STYLE_REF="5" QID="32">b</Q>
			<q BOX="153 1094 167 1122" STYLE_REF="5" QID="32">y</q>
			<QW QID="32">by</QW>
			<W BOX="175 1093 205 1122" STYLE_REF="5">his</W>
			<W BOX="212 1093 257 1122" STYLE_REF="5">long</W>
			<W BOX="266 1094 302 1123" STYLE_REF="5">and</W>
			<W BOX="310 1094 392 1123" STYLE_REF="5">arduous</W>
			<W BOX="403 1095 484 1124" STYLE_REF="5">services</W>
			<W BOX="496 1095 517 1124" STYLE_REF="5">in</W>
			<W BOX="527 1095 560 1124" STYLE_REF="5">the</W>
			<Q BOX="571 1096 614 1124" STYLE_REF="5" QID="33">Eng</Q>
			<q BOX="614 1097 652 1125" STYLE_REF="5" QID="33">lish</q>
			<QW QID="33">English</QW>
			<W BOX="663 1097 750 1125" STYLE_REF="5">ministry</W>
		</Primitive>
		<Primitive BOX="24 1116 829 1163" ID="Ar0340018" SEQ_NO="18" TOC_ENTRY_ID="35" DEPTH_LEVEL="1">
			<L BOX="47 1097 758 1151"/>
			<W BOX="47 1116 86 1145" STYLE_REF="5">was</W>
			<W BOX="91 1116 101 1145" STYLE_REF="5">a</W>
			<Q BOX="109 1116 163 1145" STYLE_REF="5" QID="34">nativ</Q>
			<q BOX="163 1116 173 1145" STYLE_REF="5" QID="34">e</q>
			<QW QID="34">native</QW>
			<W BOX="179 1116 197 1145" STYLE_REF="5">of</W>
			<Q BOX="205 1116 223 1145" STYLE_REF="5" QID="35">N</Q>
			<q BOX="224 1117 262 1145" STYLE_REF="5" NS="y" QID="35">yon</q>
			<QW QID="35">Nyon</QW>
			<W BOX="264 1118 268 1146" STYLE_REF="5">,</W>
			<W BOX="274 1118 293 1146" STYLE_REF="5">in</W>
			<Q BOX="302 1118 385 1146" STYLE_REF="5" QID="36">Switzerl</Q>
			<q BOX="387 1119 423 1147" STYLE_REF="5" NS="y" QID="36">and</q>
			<QW QID="36">Switzerland</QW>
			<W BOX="423 1119 429 1147" STYLE_REF="5">.</W>
			<W BOX="450 1119 486 1147" STYLE_REF="5">His</W>
			<W BOX="492 1119 551 1147" STYLE_REF="5">father</W>
			<W BOX="558 1120 597 1148" STYLE_REF="5">was</W>
			<W BOX="603 1120 621 1148" STYLE_REF="5">of</W>
			<W BOX="630 1120 676 1148" STYLE_REF="5">good</W>
			<Q BOX="684 1120 737 1148" STYLE_REF="5" QID="37">famil</Q>
			<q BOX="737 1118 750 1151" STYLE_REF="3" NS="y" QID="37">y</q>
			<QW QID="37">family</QW>
			<W BOX="751 1118 758 1151" STYLE_REF="3" NS="y">,</W>
			<S S_TYPE="SUP">
				<W BOX="752 1097 758 1125" STYLE_REF="5">,</W>
			</S>
			<L BOX="46 1140 741 1172"/>
			<W BOX="46 1140 83 1168" STYLE_REF="5">and</W>
			<W BOX="91 1140 129 1168" STYLE_REF="5">had</W>
			<W BOX="140 1140 188 1168" STYLE_REF="5">been</W>
			<W BOX="196 1140 220 1168" STYLE_REF="5">an</W>
			<W BOX="229 1140 289 1168" STYLE_REF="5">officer</W>
			<W BOX="298 1140 319 1168" STYLE_REF="5">in</W>
			<W BOX="332 1142 365 1170" STYLE_REF="5">the</W>
			<Q BOX="373 1142 420 1170" STYLE_REF="5" QID="38">Fren</Q>
			<q BOX="423 1143 446 1171" STYLE_REF="5" QID="38">ch</q>
			<QW QID="38">French</QW>
			<W BOX="456 1143 510 1171" STYLE_REF="5" NS="y">army</W>
			<W BOX="510 1143 516 1171" STYLE_REF="5">.</W>
			<W BOX="531 1143 569 1171" STYLE_REF="5">His</W>
			<W BOX="579 1143 616 1171" STYLE_REF="5" NS="y">son</W>
			<W BOX="618 1143 623 1171" STYLE_REF="5" NS="y">.</W>
			<W BOX="624 1143 662 1171" STYLE_REF="5">also</W>
			<W BOX="673 1143 693 1171" STYLE_REF="5">in</W>
			<W BOX="704 1143 741 1172" STYLE_REF="5">earl</W>
		</Primitive>
		<Primitive BOX="24 1163 829 1219" ID="Ar0340019" SEQ_NO="19" TOC_ENTRY_ID="35" DEPTH_LEVEL="1">
			<L BOX="45 1144 757 1195"/>
			<W BOX="45 1164 107 1192" STYLE_REF="5">youth</W>
			<W BOX="115 1164 193 1192" STYLE_REF="5">adopted</W>
			<W BOX="202 1164 235 1192" STYLE_REF="5">the</W>
			<W BOX="243 1165 345 1193" STYLE_REF="5">profession</W>
			<W BOX="355 1165 373 1193" STYLE_REF="5">of</W>
			<W BOX="381 1165 431 1194" STYLE_REF="5" NS="y">arms</W>
			<W BOX="436 1167 442 1195" STYLE_REF="5">;</W>
			<W BOX="456 1167 489 1195" STYLE_REF="5">but</W>
			<W BOX="503 1167 577 1195" STYLE_REF="5">coming</W>
			<W BOX="587 1167 607 1195" STYLE_REF="5">to</W>
			<Q BOX="617 1167 661 1195" STYLE_REF="5" QID="39">Eng</Q>
			<q BOX="660 1167 702 1195" STYLE_REF="5" QID="39">land</q>
			<QW QID="39">England</QW>
			<W BOX="714 1167 736 1195" STYLE_REF="5">on</W>
			<W BOX="742 1144 755 1173" STYLE_REF="5">y</W>
			<W BOX="742 1167 747 1195" STYLE_REF="5" NS="y">/</W>
			<W BOX="748 1167 757 1195" STYLE_REF="5">a</W>
		</Primitive>
	</Content>
	<TOC_Entries><TOC_Entry TOC_ENTRY_ID="72" TITLE="Considerable interest having been expres..." ENTITY_ID_REF="Ar03400" PAGE_NO="34" PAGE_LABEL="34" PRIM_ID_REF="Ar0340000" IS_IC="true"/></TOC_Entries></XMD-entity>
