<?xml version="1.0" encoding="windows-1252" standalone="no"?>
<XMD-entity REPOSITORY_FORMAT="1.0" PRXML_VER="2.0" ENTITY_TYPE="Article" DOC_UID="EWJ_01/03/1858" DOC_VER="1" FIRST_TOC_ENTRY_ID="41" DEPTH_LEVEL="1" INDEX_IN_DOC="75" PAGE_NO="34" ID="Ar03401" BOX="24 12 829 83" LANGUAGE="English" SNP="Ar03401S.png" SNP_WIDTH="806" SNP_HEIGHT="71" LOGICAL_NAME="true">
	<Meta NAME="34 MISS BOSANQUET." DESCRIPTION="" SUBTYPE="" BASE_HREF="EWJ/1858/03/01" SOURCE_TYPE="TIFF" PUBLICATION="EWJ" SECTION="None" ISSUE_DATE="01/03/1858" WORDCNT="4" RELEASE_NO="041-EWJ-1858-03-01-001-SINGLE" PAGE_ID="" PAGE_TYPE="Single" PAGE_WIDTH="842" PAGE_HEIGHT="1244" DEFAULT_IMG_EXT="png" PDF_DESTINATION_MAPPED="OLV0_Entity_0034_0002" IMAGES_RESOLUTION="86" XMD_VER="2.6.238.8" PAGE_LABEL="34"/>
	<Link SOURCE="041-EWJ-1858-03-01-001-SINGLE.PDF" FIRST_ID="Ar00200" LAST_ID="Ar07201" NEXT_ID="" PREV_ID="Ar03400" TOC_ID="d:/Olive/Repository/EWJ/1858/03/01/TOC.xml"/>
	<DataFiles>
		<Files TYPE="DOC_PDF" PRESENT="1"/>
		<Files TYPE="PAGE_PDF" PRESENT="0"/>
		<Files TYPE="DOC_IMG" PRESENT="0"/>
		<Files TYPE="PAGE_IMG" PRESENT="0"/>
		<Files TYPE="PAGE_VIEW_IMG" PRESENT="1"/>
		<Files TYPE="PAGE_PREVIEW_IMG" PRESENT="1"/>
		<Files TYPE="PRIMITIVE_IMG" PRESENT="1"/>
		<Files TYPE="SNIPPET_IMG" PRESENT="1"/>
	</DataFiles>
	<Content>
		<Primitive BOX="24 12 829 83" ID="Ar0340100" SEQ_NO="0" TOC_ENTRY_ID="41" DEPTH_LEVEL="1">
			<L BOX="71 46 524 71"/>
			<W BOX="71 46 97 71" STYLE_REF="14">34</W>
			<W BOX="331 46 380 71" STYLE_REF="14">MISS</W>
			<Q BOX="393 46 433 71" STYLE_REF="14" QID="1">BOS</Q>
			<q BOX="432 46 517 71" STYLE_REF="14" NS="y" QID="1">ANQUET</q>
			<QW QID="1">BOSANQUET</QW>
			<W BOX="519 46 524 71" STYLE_REF="14">.</W>
		</Primitive>
	</Content>
	<TOC_Entries><TOC_Entry TOC_ENTRY_ID="73" TITLE="34 MISS BOSANQUET." ENTITY_ID_REF="Ar03401" PAGE_NO="34" PAGE_LABEL="34" PRIM_ID_REF="Ar0340100" IS_IC="true"/></TOC_Entries></XMD-entity>
