<?xml version="1.0" encoding="windows-1252" standalone="no"?>
<XMD-entity REPOSITORY_FORMAT="1.0" PRXML_VER="2.0" ENTITY_TYPE="Article" FIRST_TOC_ENTRY_ID="35" DEPTH_LEVEL="1" INDEX_IN_DOC="64" PAGE_NO="31" ID="Ar03100" BOX="24 101 829 1219" LANGUAGE="English" CONTINUATION_TO="Ar03200" CONTINUATION_FROM="Ar03000" LOGICAL_NAME="true">
	<Meta NAME="Considerable interest having been expres..." DESCRIPTION="" SUBTYPE="" BASE_HREF="EWJ/1858/03/01" SOURCE_TYPE="TIFF" PUBLICATION="EWJ" SECTION="None" ISSUE_DATE="01/03/1858" WORDCNT="791" RELEASE_NO="041-EWJ-1858-03-01-001-SINGLE" PAGE_ID="" PAGE_TYPE="Single" PAGE_WIDTH="842" PAGE_HEIGHT="1244" DEFAULT_IMG_EXT="png" PDF_DESTINATION_MAPPED="OLV0_Entity_0031_0001" IMAGES_RESOLUTION="86" XMD_VER="2.6.238.8" PAGE_LABEL="31"/>
	<Link SOURCE="041-EWJ-1858-03-01-001-SINGLE.PDF" FIRST_ID="Ar00200" LAST_ID="Ar07201" NEXT_ID="Ar03101" PREV_ID="" TOC_ID="d:/Olive/Repository/EWJ/1858/03/01/TOC.xml"/>
	<DataFiles>
		<Files TYPE="DOC_PDF" PRESENT="1"/>
		<Files TYPE="PAGE_PDF" PRESENT="0"/>
		<Files TYPE="DOC_IMG" PRESENT="0"/>
		<Files TYPE="PAGE_IMG" PRESENT="0"/>
		<Files TYPE="PAGE_VIEW_IMG" PRESENT="1"/>
		<Files TYPE="PAGE_PREVIEW_IMG" PRESENT="1"/>
		<Files TYPE="PRIMITIVE_IMG" PRESENT="1"/>
		<Files TYPE="SNIPPET_IMG" PRESENT="1"/>
	</DataFiles>
	<Content>
		<Primitive BOX="24 101 829 165" ID="Ar0310000" SEQ_NO="0" TOC_ENTRY_ID="35" DEPTH_LEVEL="1">
			<L BOX="69 101 756 147"/>
			<W BOX="69 106 93 128" STYLE_REF="27">ret</W>
			<W BOX="70 121 113 146" STYLE_REF="14">leave</W>
			<Q BOX="93 103 104 129" STYLE_REF="14" QID="1">u</Q>
			<q BOX="105 106 131 128" STYLE_REF="27" QID="1">rne</q>
			<QW QID="1">urne</QW>
			<W BOX="120 121 135 146" STYLE_REF="14">of</W>
			<W BOX="131 103 142 129" STYLE_REF="14" NS="y">d</W>
			<W BOX="142 104 147 129" STYLE_REF="14">,</W>
			<W BOX="142 122 180 147" STYLE_REF="14">each</W>
			<W BOX="154 103 163 129" STYLE_REF="14">I</W>
			<W BOX="170 103 222 129" STYLE_REF="14">ordere</W>
			<W BOX="188 122 202 147" STYLE_REF="14">of</W>
			<W BOX="210 122 237 147" STYLE_REF="14">the</W>
			<W BOX="223 103 232 129" STYLE_REF="14">d</W>
			<W BOX="239 103 269 129" STYLE_REF="14">my</W>
			<W BOX="244 121 296 146" STYLE_REF="14">servan</W>
			<W BOX="274 103 324 129" STYLE_REF="14">trunk</W>
			<Q BOX="300 121 315 146" STYLE_REF="14" QID="2">ts</Q>
			<q BOX="327 123 344 145" STYLE_REF="27" QID="2">as</q>
			<QW QID="2">tsas</QW>
			<W BOX="330 103 364 129" STYLE_REF="14">into</W>
			<W BOX="351 123 379 145" STYLE_REF="27">the</W>
			<W BOX="370 103 388 129" STYLE_REF="14" NS="y">it</W>
			<W BOX="388 103 396 129" STYLE_REF="14">;</W>
			<W BOX="398 123 442 145" STYLE_REF="27">stood</W>
			<W BOX="405 103 436 129" STYLE_REF="14">and</W>
			<W BOX="443 103 498 128" STYLE_REF="14">strugg</W>
			<W BOX="450 122 467 144" STYLE_REF="27">in</W>
			<W BOX="474 122 483 144" STYLE_REF="27">a</W>
			<W BOX="490 122 522 144" STYLE_REF="27">row</W>
			<W BOX="497 102 532 127" STYLE_REF="14" NS="y">ling</W>
			<S S_TYPE="SUB">
				<W BOX="529 122 546 144" STYLE_REF="27">in</W>
			</S>
			<W BOX="539 101 576 126" STYLE_REF="14">with</W>
			<Q BOX="553 120 560 145" STYLE_REF="14" QID="3">t</Q>
			<q BOX="561 122 595 144" STYLE_REF="27" QID="3">ears</q>
			<QW QID="3">tears</QW>
			<W BOX="576 101 581 126" STYLE_REF="14">,</W>
			<W BOX="585 102 643 127" STYLE_REF="14">myself</W>
			<W BOX="604 122 621 144" STYLE_REF="27">in</W>
			<W BOX="629 122 645 144" STYLE_REF="27">m</W>
			<W BOX="644 103 649 128" STYLE_REF="14">,</W>
			<W BOX="655 101 694 127" STYLE_REF="14">took</W>
			<W BOX="665 122 688 144" STYLE_REF="27">wa</W>
			<W BOX="700 101 710 127" STYLE_REF="14" NS="y">a</W>
			<S S_TYPE="SUB">
				<W BOX="705 122 726 144" STYLE_REF="27">ou</W>
			</S>
			<W BOX="717 101 756 127" STYLE_REF="14">kind</W>
			<W BOX="727 119 734 144" STYLE_REF="14">t</W>
			<W BOX="740 122 756 144" STYLE_REF="27">of</W>
			<L BOX="316 119 699 146"/>
			<W BOX="316 121 320 146" STYLE_REF="14">,</W>
			<W BOX="379 121 391 146" STYLE_REF="14">y</W>
			<W BOX="595 120 600 146" STYLE_REF="14">,</W>
			<W BOX="646 119 657 144" STYLE_REF="14">y</W>
			<W BOX="688 119 699 144" STYLE_REF="14">y</W>
			<L BOX="69 138 689 181"/>
			<W BOX="69 140 97 165" STYLE_REF="14">the</W>
			<W BOX="103 140 152 165" STYLE_REF="14" NS="y">house</W>
			<W BOX="152 140 157 165" STYLE_REF="14">.</W>
			<W BOX="179 140 233 165" STYLE_REF="14">About</W>
			<Q BOX="240 140 255 165" STYLE_REF="14" QID="4">ei</Q>
			<Q BOX="255 140 265 165" STYLE_REF="14" QID="4">g</Q>
			<q BOX="264 140 282 164" STYLE_REF="7" QID="4">ht</q>
			<QW QID="4">eight</QW>
			<W BOX="290 140 299 164" STYLE_REF="7" NS="y">o</W>
			<W BOX="299 140 306 165" STYLE_REF="14" NS="y">'</W>
			<Q BOX="304 141 319 163" STYLE_REF="27" QID="5">cl</Q>
			<Q BOX="318 139 328 164" STYLE_REF="14" QID="5">o</Q>
			<q BOX="328 141 346 163" STYLE_REF="27" QID="5">ck</q>
			<QW QID="5">clock</QW>
			<W BOX="354 139 362 164" STYLE_REF="14">I</W>
			<W BOX="369 141 434 163" STYLE_REF="27">reached</W>
			<W BOX="442 141 470 163" STYLE_REF="27">my</W>
			<Q BOX="477 138 502 163" STYLE_REF="14" QID="6">lod</Q>
			<Q BOX="503 138 513 164" STYLE_REF="14" QID="6">g</Q>
			<q BOX="513 138 542 163" STYLE_REF="14" QID="6">ing</q>
			<QW QID="6">lodging</QW>
			<W BOX="533 156 563 181" STYLE_REF="14">had</W>
			<W BOX="542 138 547 163" STYLE_REF="14">.</W>
			<Q BOX="569 156 613 181" STYLE_REF="14" QID="7">neith</Q>
			<q BOX="635 155 689 180" STYLE_REF="14" QID="7">candle</q>
			<QW QID="7">neithcandle</QW>
		</Primitive>
		<Primitive BOX="24 155 829 236" ID="Ar0310001" SEQ_NO="1" TOC_ENTRY_ID="35" DEPTH_LEVEL="1">
			<L BOX="70 156 758 200"/>
			<W BOX="70 175 172 200" STYLE_REF="14">convenience</W>
			<W BOX="92 159 101 184" STYLE_REF="14">"</W>
			<W BOX="107 157 122 182" STYLE_REF="14">It</W>
			<Q BOX="126 160 169 182" STYLE_REF="27" QID="8">consi</Q>
			<q BOX="170 160 179 182" STYLE_REF="27" QID="8">s</q>
			<QW QID="8">consis</QW>
			<W BOX="172 175 177 200" STYLE_REF="14">.</W>
			<Q BOX="178 157 185 182" STYLE_REF="14" QID="9">t</Q>
			<Q BOX="185 160 194 182" STYLE_REF="27" QID="9">e</Q>
			<q BOX="193 157 203 182" STYLE_REF="14" QID="9">d</q>
			<QW QID="9">ted</QW>
			<W BOX="198 175 232 200" STYLE_REF="14">The</W>
			<W BOX="207 160 222 182" STYLE_REF="27">of</W>
			<Q BOX="230 157 237 182" STYLE_REF="14" QID="10">t</Q>
			<q BOX="239 160 262 182" STYLE_REF="27" QID="10">wo</q>
			<QW QID="10">two</QW>
			<W BOX="243 175 282 200" STYLE_REF="14">peop</W>
			<W BOX="268 160 320 182" STYLE_REF="27">rooms</W>
			<W BOX="282 177 297 199" STYLE_REF="27">le</W>
			<W BOX="307 177 323 199" STYLE_REF="27">of</W>
			<W BOX="320 157 325 183" STYLE_REF="14">,</W>
			<W BOX="332 157 349 182" STYLE_REF="14">as</W>
			<Q BOX="333 175 341 200" STYLE_REF="14" QID="11">t</Q>
			<q BOX="341 177 360 199" STYLE_REF="27" QID="11">he</q>
			<QW QID="11">the</QW>
			<W BOX="355 157 376 182" STYLE_REF="14" NS="y">ye</W>
			<S S_TYPE="SUB">
				<W BOX="372 177 383 199" STYLE_REF="27">h</W>
			</S>
			<W BOX="376 157 383 182" STYLE_REF="14">t</W>
			<W BOX="384 175 394 200" STYLE_REF="14">o</W>
			<W BOX="388 157 411 182" STYLE_REF="14">un</W>
			<W BOX="394 177 422 199" STYLE_REF="27">use</W>
			<W BOX="412 156 490 181" STYLE_REF="14">furnished</W>
			<W BOX="431 175 436 200" STYLE_REF="14">I</W>
			<Q BOX="445 175 455 200" STYLE_REF="14" QID="12">h</Q>
			<q BOX="456 177 474 199" STYLE_REF="27" QID="12">ad</q>
			<QW QID="12">had</QW>
			<W BOX="482 176 529 198" STYLE_REF="27">never</W>
			<W BOX="490 156 495 181" STYLE_REF="14">.</W>
			<W BOX="517 156 526 181" STYLE_REF="14" NS="y">I</W>
			<S S_TYPE="SUB">
				<Q BOX="540 176 557 198" STYLE_REF="27" QID="13">se</Q>
			</S>
			<Q BOX="557 173 566 199" STYLE_REF="14" QID="13">e</Q>
			<q BOX="565 176 576 198" STYLE_REF="27" QID="13">n</q>
			<QW QID="13">seen</QW>
			<W BOX="586 176 636 198" STYLE_REF="27">before</W>
			<W BOX="614 156 629 181" STYLE_REF="14">er</W>
			<W BOX="637 173 642 199" STYLE_REF="14">,</W>
			<Q BOX="650 173 677 198" STYLE_REF="14" QID="14">onl</Q>
			<q BOX="676 173 688 198" STYLE_REF="14" QID="14">y</q>
			<QW QID="14">only</QW>
			<W BOX="689 156 694 181" STYLE_REF="14">,</W>
			<W BOX="695 173 703 198" STYLE_REF="14" NS="y">I</W>
			<S S_TYPE="SUP">
				<W BOX="700 157 718 179" STYLE_REF="27">or</W>
			</S>
			<W BOX="712 175 757 197" STYLE_REF="27">knew</W>
			<W BOX="726 157 758 179" STYLE_REF="27">any</W>
			<L BOX="69 191 758 236"/>
			<W BOX="69 211 99 236" STYLE_REF="14">and</W>
			<W BOX="69 193 114 218" STYLE_REF="14">them</W>
			<W BOX="107 211 133 236" STYLE_REF="14">the</W>
			<Q BOX="120 193 131 218" STYLE_REF="14" QID="15">b</Q>
			<q BOX="130 193 141 218" STYLE_REF="14" QID="15">y</q>
			<QW QID="15">by</QW>
			<W BOX="137 211 206 236" STYLE_REF="14">window</W>
			<W BOX="148 193 226 218" STYLE_REF="14">character</W>
			<Q BOX="206 211 213 236" STYLE_REF="14" LH="y" QID="16">-</Q>
			<q BOX="213 211 247 236" STYLE_REF="14" QID="16">seat</q>
			<QW QID="16">-seat</QW>
			<W BOX="234 193 250 218" STYLE_REF="14">to</W>
			<W BOX="253 211 306 236" STYLE_REF="14">served</W>
			<W BOX="257 193 276 218" STYLE_REF="14">be</W>
			<W BOX="285 193 328 218" STYLE_REF="14">sober</W>
			<W BOX="312 211 337 236" STYLE_REF="14">me</W>
			<W BOX="339 193 404 218" STYLE_REF="14">persons</W>
			<W BOX="343 211 360 236" STYLE_REF="14">as</W>
			<W BOX="367 211 376 236" STYLE_REF="14">a</W>
			<W BOX="384 211 426 236" STYLE_REF="14">chair</W>
			<W BOX="404 193 409 218" STYLE_REF="14">.</W>
			<W BOX="426 211 432 236" STYLE_REF="14">.</W>
			<W BOX="430 192 438 217" STYLE_REF="14">I</W>
			<W BOX="446 194 481 216" STYLE_REF="27">borr</W>
			<W BOX="456 210 504 235" STYLE_REF="14">When</W>
			<Q BOX="482 192 492 217" STYLE_REF="14" QID="17">o</Q>
			<q BOX="491 194 523 216" STYLE_REF="27" QID="17">wed</q>
			<QW QID="17">owed</QW>
			<W BOX="514 209 576 234" STYLE_REF="14">bolting</W>
			<W BOX="531 194 540 216" STYLE_REF="27">a</W>
			<Q BOX="547 192 554 217" STYLE_REF="14" QID="18">t</Q>
			<q BOX="555 193 590 215" STYLE_REF="27" QID="18">able</q>
			<QW QID="18">table</QW>
			<W BOX="582 209 610 234" STYLE_REF="14" NS="y">my</W>
			<S S_TYPE="SUP">
				<W BOX="601 193 631 215" STYLE_REF="27">and</W>
			</S>
			<Q BOX="618 209 628 234" STYLE_REF="14" QID="19">d</Q>
			<q BOX="629 211 655 233" STYLE_REF="27" QID="19">oor</q>
			<QW QID="19">door</QW>
			<W BOX="639 193 648 215" STYLE_REF="27">a</W>
			<W BOX="655 193 750 215" STYLE_REF="27">candlestick</W>
			<W BOX="668 208 676 234" STYLE_REF="14">I</W>
			<Q BOX="683 208 694 234" STYLE_REF="14" QID="20">b</Q>
			<q BOX="694 211 732 233" STYLE_REF="27" QID="20">egan</q>
			<QW QID="20">began</QW>
			<W BOX="741 211 757 233" STYLE_REF="27">to</W>
			<W BOX="751 191 758 216" STYLE_REF="14">,</W>
		</Primitive>
		<Primitive BOX="24 229 829 307" ID="Ar0310002" SEQ_NO="2" TOC_ENTRY_ID="35" DEPTH_LEVEL="1">
			<L BOX="69 210 757 273"/>
			<W BOX="69 229 114 254" STYLE_REF="14">muse</W>
			<W BOX="90 248 100 273" STYLE_REF="14">"</W>
			<W BOX="106 246 138 271" STYLE_REF="14">The</W>
			<W BOX="121 229 140 254" STYLE_REF="14">on</W>
			<W BOX="145 246 232 271" STYLE_REF="14">prejudices</W>
			<W BOX="148 229 177 254" STYLE_REF="14">my</W>
			<W BOX="184 229 237 254" STYLE_REF="14">presen</W>
			<W BOX="236 246 252 271" STYLE_REF="14">of</W>
			<W BOX="238 229 246 254" STYLE_REF="14">t</W>
			<W BOX="253 229 329 254" STYLE_REF="14">situation</W>
			<W BOX="259 246 340 271" STYLE_REF="14">education</W>
			<W BOX="329 229 335 254" STYLE_REF="14">.</W>
			<W BOX="346 246 371 271" STYLE_REF="14">are</W>
			<W BOX="375 246 430 271" STYLE_REF="14" NS="y">strong</W>
			<W BOX="430 246 435 271" STYLE_REF="14">,</W>
			<Q BOX="440 248 509 270" STYLE_REF="27" QID="21">especiall</Q>
			<q BOX="510 246 521 271" STYLE_REF="14" QID="21">y</q>
			<QW QID="21">especially</QW>
			<W BOX="528 245 546 270" STYLE_REF="14">in</W>
			<W BOX="553 245 599 270" STYLE_REF="14">those</W>
			<W BOX="604 245 657 270" STYLE_REF="14">person</W>
			<W BOX="655 210 660 235" STYLE_REF="14">,</W>
			<W BOX="659 245 667 270" STYLE_REF="14">s</W>
			<W BOX="674 244 710 269" STYLE_REF="14">who</W>
			<W BOX="717 244 757 269" STYLE_REF="14">have</W>
			<L BOX="68 262 757 307"/>
			<W BOX="68 282 104 307" STYLE_REF="14">habi</W>
			<W BOX="68 264 108 289" STYLE_REF="14">been</W>
			<W BOX="105 282 154 307" STYLE_REF="14">tation</W>
			<W BOX="120 264 168 289" STYLE_REF="14">broug</W>
			<W BOX="165 282 226 307" STYLE_REF="14">seemed</W>
			<Q BOX="168 264 179 289" STYLE_REF="14" QID="22">h</Q>
			<q BOX="180 264 187 289" STYLE_REF="14" QID="22">t</q>
			<QW QID="22">ht</QW>
			<W BOX="199 264 221 289" STYLE_REF="14">up</W>
			<W BOX="231 264 282 289" STYLE_REF="14">rather</W>
			<W BOX="234 282 271 307" STYLE_REF="14">very</W>
			<W BOX="278 282 326 307" STYLE_REF="14">awful</W>
			<W BOX="294 264 310 289" STYLE_REF="14">in</W>
			<W BOX="323 264 339 289" STYLE_REF="14">hi</W>
			<W BOX="326 282 331 307" STYLE_REF="14">.</W>
			<Q BOX="340 265 349 290" STYLE_REF="14" QID="23">g</Q>
			<q BOX="349 264 359 289" STYLE_REF="14" QID="23">h</q>
			<QW QID="23">gh</QW>
			<W BOX="352 282 357 307" STYLE_REF="14">I</W>
			<W BOX="366 282 420 307" STYLE_REF="14">looked</W>
			<W BOX="373 264 401 289" STYLE_REF="14" NS="y">life</W>
			<W BOX="401 264 406 289" STYLE_REF="14">.</W>
			<W BOX="429 264 462 289" STYLE_REF="14">The</W>
			<W BOX="432 282 453 307" STYLE_REF="14">on</W>
			<W BOX="464 281 520 306" STYLE_REF="14">myself</W>
			<W BOX="475 263 522 288" STYLE_REF="14">being</W>
			<W BOX="532 280 550 306" STYLE_REF="14">as</W>
			<W BOX="532 262 605 288" STYLE_REF="14">removed</W>
			<W BOX="560 280 608 306" STYLE_REF="14">being</W>
			<W BOX="615 262 654 287" STYLE_REF="14">from</W>
			<W BOX="617 282 661 304" STYLE_REF="27">liable</W>
			<W BOX="666 262 675 287" STYLE_REF="14">a</W>
			<Q BOX="673 280 681 305" STYLE_REF="14" QID="24">t</Q>
			<q BOX="681 282 690 304" STYLE_REF="27" QID="24">o</q>
			<QW QID="24">to</QW>
			<W BOX="687 262 744 287" STYLE_REF="14">parent</W>
			<W BOX="700 282 709 304" STYLE_REF="27">a</W>
			<W BOX="718 282 756 304" STYLE_REF="27">deep</W>
			<W BOX="744 262 748 287" STYLE_REF="14" NS="y">'</W>
			<W BOX="748 262 757 287" STYLE_REF="14">s</W>
		</Primitive>
		<Primitive BOX="24 298 829 397" ID="Ar0310003" SEQ_NO="3" TOC_ENTRY_ID="35" DEPTH_LEVEL="1">
			<L BOX="68 298 755 343"/>
			<W BOX="68 318 103 343" STYLE_REF="14">that</W>
			<W BOX="68 302 140 324" STYLE_REF="27">reproach</W>
			<W BOX="109 318 161 343" STYLE_REF="14">loveth</W>
			<W BOX="142 301 146 326" STYLE_REF="14">,</W>
			<W BOX="154 300 173 325" STYLE_REF="14">an</W>
			<W BOX="168 318 218 343" STYLE_REF="14">father</W>
			<W BOX="175 300 185 325" STYLE_REF="14">d</W>
			<W BOX="196 300 271 325" STYLE_REF="14">trembled</W>
			<W BOX="225 318 241 343" STYLE_REF="14">or</W>
			<W BOX="247 318 307 343" STYLE_REF="14">mother</W>
			<W BOX="284 300 301 325" STYLE_REF="14">at</W>
			<W BOX="313 300 340 325" STYLE_REF="14">the</W>
			<W BOX="314 318 356 343" STYLE_REF="14">more</W>
			<W BOX="349 300 399 325" STYLE_REF="14">thoug</W>
			<W BOX="363 318 401 343" STYLE_REF="14">than</W>
			<W BOX="399 299 417 325" STYLE_REF="14">ht</W>
			<W BOX="409 318 435 343" STYLE_REF="14">me</W>
			<W BOX="417 299 423 325" STYLE_REF="14">.</W>
			<W BOX="441 318 456 343" STYLE_REF="14">is</W>
			<W BOX="443 299 475 325" STYLE_REF="14">But</W>
			<W BOX="462 317 489 342" STYLE_REF="14">not</W>
			<W BOX="487 299 494 325" STYLE_REF="14">I</W>
			<W BOX="496 317 547 342" STYLE_REF="14">worth</W>
			<W BOX="504 298 599 323" STYLE_REF="14">remembere</W>
			<W BOX="547 316 558 341" STYLE_REF="14">y</W>
			<W BOX="565 316 580 341" STYLE_REF="14">of</W>
			<W BOX="588 316 614 341" STYLE_REF="14">me</W>
			<W BOX="599 298 609 323" STYLE_REF="14">d</W>
			<W BOX="614 316 619 341" STYLE_REF="14" NS="y">.</W>
			<W BOX="620 317 626 342" STYLE_REF="14">'</W>
			<W BOX="620 298 655 323" STYLE_REF="14">that</W>
			<W BOX="661 298 703 323" STYLE_REF="14" NS="y">word</W>
			<W BOX="704 298 709 323" STYLE_REF="14">,</W>
			<W BOX="720 298 726 323" STYLE_REF="14">*</W>
			<W BOX="730 298 755 323" STYLE_REF="14">He</W>
			<L BOX="67 333 755 397"/>
			<W BOX="67 373 83 396" STYLE_REF="7">ni</W>
			<Q BOX="67 354 78 379" STYLE_REF="14" QID="25">b</Q>
			<q BOX="78 356 143 378" STYLE_REF="27" QID="25">orrowed</q>
			<QW QID="25">borrowed</QW>
			<W BOX="84 371 105 397" STYLE_REF="14">gh</W>
			<W BOX="90 337 100 363" STYLE_REF="14">"</W>
			<W BOX="105 371 112 397" STYLE_REF="14">t</W>
			<Q BOX="106 336 111 361" STYLE_REF="14" QID="26">J</Q>
			<q BOX="110 337 132 362" STYLE_REF="14" QID="26" M="2 * 3 * ">Vfy</q>
			<QW QID="26">_JVfy</QW>
			<W BOX="119 371 152 397" STYLE_REF="14">was</W>
			<W BOX="140 336 172 361" STYLE_REF="14">mai</W>
			<W BOX="156 356 165 378" STYLE_REF="27">a</W>
			<W BOX="173 336 183 361" STYLE_REF="14" NS="y">d</W>
			<S S_TYPE="SUB">
				<W BOX="178 356 207 378" STYLE_REF="27">few</W>
			</S>
			<W BOX="189 336 235 361" STYLE_REF="14">being</W>
			<W BOX="204 371 239 397" STYLE_REF="14">cold</W>
			<W BOX="214 356 268 378" STYLE_REF="27">things</W>
			<W BOX="242 336 277 361" STYLE_REF="14">now</W>
			<W BOX="265 371 302 397" STYLE_REF="14">And</W>
			<W BOX="280 356 294 378" STYLE_REF="27">of</W>
			<W BOX="284 336 328 361" STYLE_REF="14">come</W>
			<W BOX="307 354 313 379" STYLE_REF="14">t</W>
			<W BOX="313 371 348 397" STYLE_REF="14">now</W>
			<W BOX="314 356 333 378" STYLE_REF="27">he</W>
			<W BOX="328 336 333 361" STYLE_REF="14">,</W>
			<W BOX="339 354 346 379" STYLE_REF="14" NS="y">f</W>
			<S S_TYPE="SUP">
				<W BOX="340 338 369 360" STYLE_REF="27">and</W>
			</S>
			<W BOX="346 356 384 378" STYLE_REF="27">amil</W>
			<W BOX="377 338 425 360" STYLE_REF="27">havin</W>
			<W BOX="384 353 395 379" STYLE_REF="14">y</W>
			<W BOX="391 371 466 396" STYLE_REF="14">captivity</W>
			<W BOX="395 353 401 379" STYLE_REF="14">,</W>
			<Q BOX="408 355 417 377" STYLE_REF="27" QID="27">s</Q>
			<q BOX="416 353 426 378" STYLE_REF="14" QID="27">h</q>
			<QW QID="27">sh</QW>
			<W BOX="426 335 436 360" STYLE_REF="14" NS="y">g</W>
			<S S_TYPE="SUB">
				<W BOX="427 355 436 377" STYLE_REF="27">e</W>
			</S>
			<W BOX="443 337 454 359" STYLE_REF="27">li</W>
			<W BOX="446 355 503 377" STYLE_REF="27">begged</W>
			<Q BOX="455 335 465 360" STYLE_REF="14" QID="28">g</Q>
			<q BOX="464 337 475 359" STYLE_REF="27" QID="28">h</q>
			<QW QID="28">gh</QW>
			<W BOX="474 370 535 395" STYLE_REF="14">seemed</W>
			<Q BOX="476 334 482 359" STYLE_REF="14" QID="29">t</Q>
			<Q BOX="483 337 492 359" STYLE_REF="27" QID="29">e</Q>
			<q BOX="491 334 501 359" STYLE_REF="14" QID="29">d</q>
			<QW QID="29">ted</QW>
			<W BOX="508 337 517 359" STYLE_REF="27">a</W>
			<W BOX="515 355 541 376" STYLE_REF="27">me</W>
			<W BOX="525 337 552 359" STYLE_REF="27">fire</W>
			<W BOX="545 370 610 395" STYLE_REF="14">turning</W>
			<Q BOX="551 352 558 377" STYLE_REF="14" QID="30">t</Q>
			<q BOX="559 355 568 376" STYLE_REF="27" QID="30">o</q>
			<QW QID="30">to</QW>
			<W BOX="560 337 577 359" STYLE_REF="27">in</W>
			<W BOX="580 355 622 376" STYLE_REF="27">come</W>
			<W BOX="585 337 612 359" STYLE_REF="27">the</W>
			<W BOX="618 334 644 359" STYLE_REF="14">oth</W>
			<W BOX="633 354 649 376" STYLE_REF="27">in</W>
			<W BOX="646 336 661 358" STYLE_REF="27">er</W>
			<Q BOX="651 351 657 376" STYLE_REF="14" QID="31">t</Q>
			<q BOX="658 354 667 376" STYLE_REF="27" QID="31">o</q>
			<QW QID="31">to</QW>
			<W BOX="668 336 684 358" STYLE_REF="27">ro</W>
			<W BOX="673 354 687 376" STYLE_REF="27">it</W>
			<W BOX="676 370 749 395" STYLE_REF="14">moment</W>
			<W BOX="685 333 695 358" STYLE_REF="14">o</W>
			<W BOX="687 352 692 377" STYLE_REF="14" NS="y">,</W>
			<S S_TYPE="SUP">
				<W BOX="694 336 710 358" STYLE_REF="27">m</W>
			</S>
			<W BOX="699 354 717 376" STYLE_REF="27">as</W>
			<W BOX="712 334 717 359" STYLE_REF="14">,</W>
			<W BOX="725 333 754 358" STYLE_REF="14">and</W>
			<Q BOX="728 352 734 377" STYLE_REF="14" QID="32">t</Q>
			<q BOX="735 354 755 376" STYLE_REF="27" QID="32">he</q>
			<QW QID="32">the</QW>
			<W BOX="749 370 755 395" STYLE_REF="14">.</W>
		</Primitive>
		<Primitive BOX="24 387 829 450" ID="Ar0310004" SEQ_NO="4" TOC_ENTRY_ID="35" DEPTH_LEVEL="1">
			<L BOX="67 370 754 415"/>
			<W BOX="67 389 108 414" STYLE_REF="14">That</W>
			<W BOX="116 389 164 414" STYLE_REF="14">thoug</W>
			<W BOX="160 371 197 397" STYLE_REF="14">very</W>
			<W BOX="164 389 181 414" STYLE_REF="14" NS="y">ht</W>
			<W BOX="184 390 188 415" STYLE_REF="14">,</W>
			<W BOX="195 390 203 415" STYLE_REF="14">I</W>
			<W BOX="210 392 236 414" STYLE_REF="27">am</W>
			<W BOX="239 371 244 397" STYLE_REF="14">.</W>
			<Q BOX="243 392 292 414" STYLE_REF="27" QID="33">broug</Q>
			<q BOX="291 389 310 414" STYLE_REF="14" QID="33">ht</q>
			<QW QID="33">brought</QW>
			<Q BOX="317 389 337 414" STYLE_REF="14" QID="34">ou</Q>
			<q BOX="338 389 344 414" STYLE_REF="14" QID="34">t</q>
			<QW QID="34">out</QW>
			<W BOX="351 389 389 414" STYLE_REF="14">from</W>
			<W BOX="355 371 383 397" STYLE_REF="14">my</W>
			<W BOX="399 389 426 414" STYLE_REF="14">the</W>
			<W BOX="432 389 480 414" STYLE_REF="14">world</W>
			<W BOX="486 388 491 413" STYLE_REF="14">;</W>
			<W BOX="501 388 509 413" STYLE_REF="14">I</W>
			<W BOX="516 388 557 413" STYLE_REF="14">have</W>
			<W BOX="566 387 632 413" STYLE_REF="14">nothing</W>
			<W BOX="620 370 667 395" STYLE_REF="14">every</W>
			<W BOX="639 387 656 412" STYLE_REF="14">to</W>
			<W BOX="662 387 682 412" STYLE_REF="14">do</W>
			<W BOX="689 387 719 412" STYLE_REF="14">but</W>
			<W BOX="728 389 732 414" STYLE_REF="14">'</W>
			<W BOX="737 387 754 412" STYLE_REF="14">to</W>
			<L BOX="66 405 752 450"/>
			<W BOX="66 410 86 432" STYLE_REF="27">be</W>
			<W BOX="66 428 136 450" STYLE_REF="27">overflow</W>
			<Q BOX="93 410 122 432" STYLE_REF="27" QID="35">hol</Q>
			<q BOX="119 408 131 433" STYLE_REF="14" NS="y" QID="35">y</q>
			<QW QID="35">holy</QW>
			<W BOX="131 408 136 433" STYLE_REF="14">,</W>
			<W BOX="138 425 147 450" STYLE_REF="14" NS="y">e</W>
			<S S_TYPE="SUP">
				<W BOX="143 410 165 432" STYLE_REF="27">bo</W>
			</S>
			<W BOX="146 428 157 450" STYLE_REF="27">d</W>
			<W BOX="164 407 171 432" STYLE_REF="14" NS="y">t</W>
			<S S_TYPE="SUB">
				<W BOX="167 428 185 450" STYLE_REF="27">m</W>
			</S>
			<W BOX="171 410 182 432" STYLE_REF="27">h</W>
			<W BOX="188 410 206 432" STYLE_REF="27">in</W>
			<W BOX="202 425 238 450" STYLE_REF="14">hear</W>
			<W BOX="212 410 243 432" STYLE_REF="27">bod</W>
			<W BOX="239 425 246 450" STYLE_REF="14" NS="y">t</W>
			<S S_TYPE="SUP">
				<W BOX="242 410 254 432" STYLE_REF="27">y</W>
			</S>
			<W BOX="258 410 288 432" STYLE_REF="27">and</W>
			<W BOX="268 425 298 450" STYLE_REF="14" NS="y">and</W>
			<S S_TYPE="SUP">
				<W BOX="295 410 313 432" STYLE_REF="27">in</W>
			</S>
			<W BOX="307 425 344 450" STYLE_REF="14">such</W>
			<Q BOX="320 407 330 432" STYLE_REF="14" QID="36">s</Q>
			<Q BOX="328 410 338 432" STYLE_REF="27" QID="36">p</Q>
			<q BOX="338 409 356 431" STYLE_REF="27" QID="36">iri</q>
			<QW QID="36">spiri</QW>
			<W BOX="352 425 360 450" STYLE_REF="14">a</W>
			<W BOX="357 407 365 432" STYLE_REF="14" NS="y">t</W>
			<W BOX="366 407 371 432" STYLE_REF="14" NS="y">,</W>
			<W BOX="371 408 375 433" STYLE_REF="14">'</W>
			<W BOX="383 406 424 431" STYLE_REF="14">filled</W>
			<W BOX="387 424 414 449" STYLE_REF="14">irit</W>
			<W BOX="425 424 440 449" STYLE_REF="14">of</W>
			<W BOX="435 406 462 431" STYLE_REF="14">me</W>
			<W BOX="453 424 498 449" STYLE_REF="14">peace</W>
			<W BOX="467 406 506 431" STYLE_REF="14">with</W>
			<W BOX="505 423 535 448" STYLE_REF="14">and</W>
			<W BOX="513 405 609 430" STYLE_REF="14">consolation</W>
			<W BOX="547 423 610 448" STYLE_REF="14">content</W>
			<W BOX="609 405 614 430" STYLE_REF="14">.</W>
			<W BOX="618 423 676 448" STYLE_REF="14">poured</W>
			<Q BOX="636 405 650 430" STYLE_REF="14" QID="37">T</Q>
			<q BOX="650 407 752 429" STYLE_REF="27" QID="37">hankfulness</q>
			<QW QID="37">Thankfulness</QW>
			<W BOX="684 423 719 448" STYLE_REF="14">into</W>
			<W BOX="726 423 752 448" STYLE_REF="14">my</W>
		</Primitive>
		<Primitive BOX="24 442 829 497" ID="Ar0310005" SEQ_NO="5" TOC_ENTRY_ID="35" DEPTH_LEVEL="1">
			<L BOX="66 425 479 468"/>
			<W BOX="66 446 100 467" STYLE_REF="27" NS="y">soul</W>
			<W BOX="102 443 106 468" STYLE_REF="14">,</W>
			<W BOX="111 443 146 468" STYLE_REF="14">that</W>
			<W BOX="154 443 175 468" STYLE_REF="14">all</W>
			<W BOX="182 443 230 468" STYLE_REF="14">about</W>
			<W BOX="185 425 195 450" STYLE_REF="14">y</W>
			<W BOX="237 443 263 468" STYLE_REF="14">me</W>
			<W BOX="253 425 258 450" STYLE_REF="14">;</W>
			<W BOX="269 443 330 468" STYLE_REF="14">seemed</W>
			<W BOX="338 443 346 468" STYLE_REF="14">a</W>
			<W BOX="353 443 395 468" STYLE_REF="14">little</W>
			<W BOX="368 425 388 450" STYLE_REF="14">sp</W>
			<Q BOX="402 443 411 468" STYLE_REF="14" QID="38">h</Q>
			<q BOX="414 442 469 467" STYLE_REF="14" NS="y" QID="38">eaven</q>
			<QW QID="38">heaven</QW>
			<Q BOX="469 442 475 467" STYLE_REF="14" QID="39">/</Q>
			<q BOX="475 442 479 467" STYLE_REF="14" QID="39">'</q>
			<QW QID="39">/'</QW>
			<L BOX="88 469 753 497"/>
			<W BOX="88 472 142 497" STYLE_REF="14">Mary</W>
			<Q BOX="148 472 252 497" STYLE_REF="14" QID="40">Bosanquet</Q>
			<q BOX="266 472 336 497" STYLE_REF="14" QID="40">having</q>
			<QW QID="40">Bosanquethaving</QW>
			<W BOX="342 471 385 497" STYLE_REF="14">now</W>
			<W BOX="392 471 464 496" STYLE_REF="14">entered</W>
			<W BOX="475 470 499 495" STYLE_REF="14">on</W>
			<W BOX="509 470 543 495" STYLE_REF="14">her</W>
			<Q BOX="554 470 589 495" STYLE_REF="14" QID="41">cho</Q>
			<Q BOX="590 469 601 494" STYLE_REF="14" QID="41">s</Q>
			<q BOX="600 469 621 494" STYLE_REF="14" QID="41">en</q>
			<QW QID="41">chosen</QW>
			<W BOX="633 469 665 494" STYLE_REF="14" NS="y">life</W>
			<W BOX="667 469 672 494" STYLE_REF="14">,</W>
			<Q BOX="681 469 739 494" STYLE_REF="14" QID="42">shortl</Q>
			<q BOX="740 470 753 496" STYLE_REF="14" QID="42">y</q>
			<QW QID="42">shortly</QW>
		</Primitive>
		<Primitive BOX="24 492 829 544" ID="Ar0310006" SEQ_NO="6" TOC_ENTRY_ID="35" DEPTH_LEVEL="1">
			<L BOX="254 472 259 497"/>
			<W BOX="254 472 259 497" STYLE_REF="14">,</W>
			<L BOX="65 492 753 520"/>
			<W BOX="65 495 109 520" STYLE_REF="14">after</W>
			<W BOX="120 495 169 520" STYLE_REF="14">fixed</W>
			<W BOX="181 495 214 520" STYLE_REF="14">her</W>
			<W BOX="227 495 320 520" STYLE_REF="14">residence</W>
			<W BOX="331 495 348 520" STYLE_REF="14">at</W>
			<W BOX="363 494 487 519" STYLE_REF="14" NS="y">Leytonstone</W>
			<W BOX="488 492 492 518" STYLE_REF="14">,</W>
			<W BOX="503 492 522 517" STYLE_REF="14">in</W>
			<W BOX="536 492 546 517" STYLE_REF="14">a</W>
			<W BOX="560 492 617 517" STYLE_REF="14">house</W>
			<W BOX="630 492 646 517" STYLE_REF="14">of</W>
			<W BOX="659 492 692 517" STYLE_REF="14">her</W>
			<W BOX="703 492 745 517" STYLE_REF="14" NS="y">own</W>
			<W BOX="746 492 753 517" STYLE_REF="14">,</W>
			<L BOX="65 514 752 544"/>
			<W BOX="65 517 126 542" STYLE_REF="14">where</W>
			<W BOX="141 517 173 542" STYLE_REF="14">she</W>
			<W BOX="189 517 271 542" STYLE_REF="14">received</W>
			<W BOX="284 517 294 542" STYLE_REF="14">a</W>
			<Q BOX="307 519 320 544" STYLE_REF="14" QID="43">p</Q>
			<q BOX="320 517 359 542" STYLE_REF="14" QID="43">ious</q>
			<QW QID="43">pious</QW>
			<W BOX="372 516 430 542" STYLE_REF="14">friend</W>
			<W BOX="447 516 467 541" STYLE_REF="14">as</W>
			<W BOX="479 515 547 540" STYLE_REF="14" NS="y">inmate</W>
			<W BOX="547 515 553 540" STYLE_REF="14">.</W>
			<Q BOX="577 515 666 540" STYLE_REF="14" QID="44">Graduall</Q>
			<q BOX="666 515 679 540" STYLE_REF="14" QID="44">y</q>
			<QW QID="44">Gradually</QW>
			<W BOX="692 515 702 540" STYLE_REF="14">a</W>
			<Q BOX="716 514 746 539" STYLE_REF="14" QID="45">few</Q>
			<Q BOX="745 514 752 539" STYLE_REF="14" LH="y" QID="45">-</Q>
		</Primitive>
		<Primitive BOX="24 537 829 588" ID="Ar0310007" SEQ_NO="7" TOC_ENTRY_ID="35" DEPTH_LEVEL="1">
			<L BOX="63 537 752 565"/>
			<q BOX="63 540 173 565" STYLE_REF="14" QID="45">Methodists</q>
			<QW QID="45">few-Methodists</QW>
			<W BOX="179 540 264 565" STYLE_REF="14">gathered</W>
			<W BOX="273 540 327 565" STYLE_REF="14">about</W>
			<W BOX="334 540 384 565" STYLE_REF="14" NS="y">them</W>
			<W BOX="386 540 390 565" STYLE_REF="14">,</W>
			<W BOX="399 539 433 564" STYLE_REF="14">and</W>
			<W BOX="442 538 509 563" STYLE_REF="14">formed</W>
			<W BOX="519 538 530 563" STYLE_REF="14">a</W>
			<W BOX="539 538 610 563" STYLE_REF="14" NS="y">Society</W>
			<W BOX="611 538 616 563" STYLE_REF="14">,</W>
			<W BOX="624 537 680 562" STYLE_REF="14">while</W>
			<W BOX="691 537 711 562" STYLE_REF="14">in</W>
			<W BOX="721 537 752 562" STYLE_REF="14">the</W>
			<L BOX="64 560 752 588"/>
			<W BOX="64 563 104 588" STYLE_REF="14">care</W>
			<W BOX="113 563 129 588" STYLE_REF="14">of</W>
			<W BOX="138 563 224 588" STYLE_REF="14">destitute</W>
			<Q BOX="232 563 264 588" STYLE_REF="14" QID="46">orp</Q>
			<q BOX="264 562 309 588" STYLE_REF="14" QID="46">hans</q>
			<QW QID="46">orphans</QW>
			<W BOX="316 562 348 588" STYLE_REF="14">her</W>
			<W BOX="356 562 412 587" STYLE_REF="14">hours</W>
			<W BOX="421 561 470 586" STYLE_REF="14">were</W>
			<Q BOX="480 561 511 586" STYLE_REF="14" QID="47">full</Q>
			<q BOX="515 561 528 586" STYLE_REF="14" QID="47">y</q>
			<QW QID="47">fully</QW>
			<Q BOX="539 561 595 586" STYLE_REF="14" QID="48">occup</Q>
			<q BOX="596 560 626 585" STYLE_REF="14" NS="y" QID="48">ied</q>
			<QW QID="48">occupied</QW>
			<W BOX="626 560 632 585" STYLE_REF="14">.</W>
			<W BOX="656 560 712 585" STYLE_REF="14">From</W>
			<W BOX="720 560 752 585" STYLE_REF="14">the</W>
		</Primitive>
		<Primitive BOX="24 583 829 634" ID="Ar0310008" SEQ_NO="8" TOC_ENTRY_ID="35" DEPTH_LEVEL="1">
			<L BOX="63 583 751 610"/>
			<W BOX="63 585 108 610" STYLE_REF="14">time</W>
			<W BOX="115 585 147 610" STYLE_REF="14">she</W>
			<W BOX="154 585 194 610" STYLE_REF="14">was</W>
			<W BOX="200 585 297 610" STYLE_REF="14">seventeen</W>
			<W BOX="306 585 338 610" STYLE_REF="14">she</W>
			<W BOX="348 585 431 610" STYLE_REF="14">observes</W>
			<W BOX="443 584 483 609" STYLE_REF="14">that</W>
			<W BOX="493 584 502 609" STYLE_REF="14">"</W>
			<W BOX="510 583 559 608" STYLE_REF="14">some</W>
			<W BOX="570 583 664 608" STYLE_REF="14">drawings</W>
			<W BOX="672 583 751 608" STYLE_REF="14">towards</W>
			<L BOX="63 606 751 634"/>
			<W BOX="63 609 94 634" STYLE_REF="14">the</W>
			<W BOX="102 609 141 634" STYLE_REF="14">care</W>
			<W BOX="150 609 167 634" STYLE_REF="14">of</W>
			<W BOX="176 609 258 634" STYLE_REF="14">children</W>
			<W BOX="267 608 303 633" STYLE_REF="14">had</W>
			<W BOX="311 608 367 633" STYLE_REF="14">dwelt</W>
			<W BOX="375 607 398 632" STYLE_REF="14">on</W>
			<W BOX="407 607 439 632" STYLE_REF="14">my</W>
			<W BOX="445 607 496 632" STYLE_REF="14" NS="y">mind</W>
			<W BOX="498 606 503 631" STYLE_REF="14" NS="y">,</W>
			<W BOX="504 606 513 631" STYLE_REF="14">"</W>
			<W BOX="521 606 555 631" STYLE_REF="14">but</W>
			<W BOX="567 607 577 632" STYLE_REF="14">"</W>
			<W BOX="583 606 610 631" STYLE_REF="14">for</W>
			<W BOX="619 606 629 631" STYLE_REF="14">a</W>
			<W BOX="637 606 684 631" STYLE_REF="14">good</W>
			<W BOX="693 606 751 631" STYLE_REF="14">while</W>
		</Primitive>
		<Primitive BOX="24 627 829 679" ID="Ar0310009" SEQ_NO="9" TOC_ENTRY_ID="35" DEPTH_LEVEL="1">
			<L BOX="63 627 754 657"/>
			<W BOX="63 631 95 656" STYLE_REF="14">our</W>
			<Q BOX="109 631 160 656" STYLE_REF="14" QID="49">famil</Q>
			<q BOX="160 631 173 657" STYLE_REF="14" QID="49">y</q>
			<QW QID="49">family</QW>
			<W BOX="189 630 278 655" STYLE_REF="14">consisted</W>
			<W BOX="296 630 314 655" STYLE_REF="14">of</W>
			<W BOX="330 630 339 655" STYLE_REF="14">a</W>
			<W BOX="355 630 428 655" STYLE_REF="14" NS="y">servant</W>
			<W BOX="432 630 436 655" STYLE_REF="14">,</W>
			<W BOX="450 629 478 654" STYLE_REF="14">six</W>
			<Q BOX="492 629 524 654" STYLE_REF="14" QID="50">orp</Q>
			<q BOX="524 628 570 653" STYLE_REF="14" NS="y" QID="50">hans</q>
			<QW QID="50">orphans</QW>
			<W BOX="571 629 575 654" STYLE_REF="14">,</W>
			<W BOX="590 628 625 653" STYLE_REF="14">and</W>
			<W BOX="640 628 732 653" STYLE_REF="14" NS="y">ourselves</W>
			<W BOX="732 628 739 653" STYLE_REF="14" NS="y">.</W>
			<W BOX="740 627 754 652" STYLE_REF="14">"</W>
			<L BOX="62 651 751 679"/>
			<W BOX="62 653 99 679" STYLE_REF="14">But</W>
			<W BOX="109 653 128 679" STYLE_REF="14">as</W>
			<W BOX="141 653 174 679" STYLE_REF="14">her</W>
			<W BOX="184 653 241 679" STYLE_REF="14">friend</W>
			<W BOX="256 653 294 679" STYLE_REF="14" NS="y">Mrs</W>
			<W BOX="295 653 299 679" STYLE_REF="14">.</W>
			<Q BOX="311 653 327 679" STYLE_REF="14" QID="51">R</Q>
			<q BOX="327 653 363 678" STYLE_REF="14" QID="51">yan</q>
			<QW QID="51">Ryan</QW>
			<W BOX="377 652 416 677" STYLE_REF="14">was</W>
			<W BOX="429 652 451 677" STYLE_REF="14">an</W>
			<W BOX="466 651 535 676" STYLE_REF="14" NS="y">invalid</W>
			<W BOX="537 651 542 676" STYLE_REF="14">,</W>
			<W BOX="556 651 600 676" STYLE_REF="14">they</W>
			<Q BOX="612 651 692 676" STYLE_REF="14" QID="52">presentl</Q>
			<q BOX="693 651 707 676" STYLE_REF="14" QID="52">y</q>
			<QW QID="52">presently</QW>
			<Q BOX="719 651 742 676" STYLE_REF="14" QID="53">en</Q>
			<Q BOX="742 651 751 676" STYLE_REF="14" QID="53">-</Q>
		</Primitive>
		<Primitive BOX="24 673 829 724" ID="Ar0310010" SEQ_NO="10" TOC_ENTRY_ID="35" DEPTH_LEVEL="1">
			<L BOX="61 673 750 702"/>
			<q BOX="61 677 119 702" STYLE_REF="14" QID="53">gaged</q>
			<QW QID="53">engaged</QW>
			<W BOX="126 677 136 702" STYLE_REF="14">a</W>
			<W BOX="144 676 242 701" STYLE_REF="14">governess</W>
			<W BOX="250 676 277 701" STYLE_REF="14">for</W>
			<W BOX="285 676 318 701" STYLE_REF="14">the</W>
			<W BOX="325 675 406 700" STYLE_REF="14" NS="y">children</W>
			<W BOX="409 675 413 700" STYLE_REF="14">,</W>
			<W BOX="422 674 464 699" STYLE_REF="14">who</W>
			<W BOX="471 673 563 698" STYLE_REF="14">increased</W>
			<W BOX="572 673 592 698" STYLE_REF="14">in</W>
			<W BOX="600 673 677 698" STYLE_REF="14" NS="y">number</W>
			<W BOX="682 673 687 698" STYLE_REF="14">;</W>
			<W BOX="700 673 750 698" STYLE_REF="14">some</W>
			<L BOX="61 696 748 724"/>
			<W BOX="61 699 129 724" STYLE_REF="14">serious</W>
			<W BOX="134 699 204 724" STYLE_REF="14">women</W>
			<W BOX="211 698 259 724" STYLE_REF="14">were</W>
			<W BOX="263 698 320 724" STYLE_REF="14">added</W>
			<W BOX="327 698 345 724" STYLE_REF="14">to</W>
			<W BOX="350 698 382 723" STYLE_REF="14">the</W>
			<W BOX="388 697 487 722" STYLE_REF="14">household</W>
			<W BOX="494 696 498 721" STYLE_REF="14">:</W>
			<W BOX="505 696 607 721" STYLE_REF="14">altogether</W>
			<W BOX="613 696 658 721" STYLE_REF="14">they</W>
			<W BOX="663 696 748 721" STYLE_REF="14">received</W>
		</Primitive>
		<Primitive BOX="24 719 829 769" ID="Ar0310011" SEQ_NO="11" TOC_ENTRY_ID="35" DEPTH_LEVEL="1">
			<L BOX="60 719 748 747"/>
			<Q BOX="60 722 115 747" STYLE_REF="14" QID="54">thirty</Q>
			<Q BOX="115 722 123 747" STYLE_REF="14" LH="y" QID="54">-</Q>
			<q BOX="123 722 162 747" STYLE_REF="14" QID="54">five</q>
			<QW QID="54">thirty-five</QW>
			<Q BOX="170 722 206 747" STYLE_REF="14" QID="55">chil</Q>
			<q BOX="208 721 252 746" STYLE_REF="14" QID="55">dren</q>
			<QW QID="55">children</QW>
			<W BOX="259 721 294 746" STYLE_REF="14">and</W>
			<Q BOX="301 721 357 746" STYLE_REF="14" QID="56">thirty</Q>
			<Q BOX="357 721 366 746" STYLE_REF="14" LH="y" QID="56">-</Q>
			<q BOX="366 721 409 746" STYLE_REF="14" QID="56">four</q>
			<QW QID="56">thirty-four</QW>
			<W BOX="415 719 479 744" STYLE_REF="14">grown</W>
			<W BOX="485 719 560 744" STYLE_REF="14" NS="y">persons</W>
			<W BOX="562 719 566 744" STYLE_REF="14">,</W>
			<Q BOX="572 719 631 744" STYLE_REF="14" QID="57">thoug</Q>
			<q BOX="630 719 644 744" STYLE_REF="14" QID="57">h</q>
			<QW QID="57">though</QW>
			<W BOX="650 719 682 744" STYLE_REF="14">not</W>
			<W BOX="688 719 708 744" STYLE_REF="14">at</W>
			<W BOX="714 719 748 744" STYLE_REF="14">one</W>
			<L BOX="61 741 749 769"/>
			<W BOX="61 744 107 769" STYLE_REF="14" NS="y">time</W>
			<W BOX="107 744 113 769" STYLE_REF="14">.</W>
			<W BOX="136 744 176 769" STYLE_REF="14">The</W>
			<W BOX="184 744 233 769" STYLE_REF="14">elder</W>
			<W BOX="242 744 331 769" STYLE_REF="14">members</W>
			<W BOX="339 743 355 768" STYLE_REF="14">of</W>
			<W BOX="364 743 396 768" STYLE_REF="14">the</W>
			<Q BOX="404 742 454 767" STYLE_REF="14" QID="58">famil</Q>
			<q BOX="455 743 467 768" STYLE_REF="14" QID="58">y</q>
			<QW QID="58">family</QW>
			<W BOX="473 741 512 766" STYLE_REF="14">rose</W>
			<W BOX="520 741 603 766" STYLE_REF="14">between</W>
			<W BOX="611 741 651 766" STYLE_REF="14">four</W>
			<W BOX="659 741 695 766" STYLE_REF="14">and</W>
			<W BOX="705 743 717 768" STYLE_REF="24" NS="y" M="1 * ">_^</W>
			<W BOX="714 743 721 768" STYLE_REF="24" NS="y" M="1 * ">_.</W>
			<W BOX="719 743 742 768" STYLE_REF="24" NS="y">ve</W>
			<W BOX="743 742 749 767" STYLE_REF="24">,</W>
		</Primitive>
		<Primitive BOX="24 764 829 816" ID="Ar0310012" SEQ_NO="12" TOC_ENTRY_ID="35" DEPTH_LEVEL="1">
			<L BOX="60 764 748 792"/>
			<W BOX="60 767 95 792" STYLE_REF="14">and</W>
			<W BOX="104 767 127 792" STYLE_REF="14">all</W>
			<W BOX="136 767 250 792" STYLE_REF="14">breakfasted</W>
			<W BOX="259 767 278 792" STYLE_REF="14">at</W>
			<W BOX="286 766 340 791" STYLE_REF="14">seven</W>
			<W BOX="349 765 371 791" STYLE_REF="14">on</W>
			<W BOX="380 765 426 791" STYLE_REF="14">herb</W>
			<W BOX="434 764 463 789" STYLE_REF="14">tea</W>
			<W BOX="471 764 506 789" STYLE_REF="14">and</W>
			<W BOX="517 764 564 789" STYLE_REF="14">milk</W>
			<Q BOX="571 764 633 789" STYLE_REF="14" QID="59">porrid</Q>
			<q BOX="634 764 658 789" STYLE_REF="14" NS="y" QID="59">ge</q>
			<QW QID="59">porridge</QW>
			<W BOX="658 764 662 789" STYLE_REF="14">,</W>
			<W BOX="671 764 707 789" STYLE_REF="14">and</W>
			<W BOX="717 764 748 789" STYLE_REF="14">the</W>
			<L BOX="60 787 747 816"/>
			<W BOX="60 790 99 815" STYLE_REF="14">first</W>
			<W BOX="108 790 168 815" STYLE_REF="14">lesson</W>
			<W BOX="176 789 238 814" STYLE_REF="14">which</W>
			<W BOX="248 789 291 815" STYLE_REF="14">they</W>
			<W BOX="300 791 303 816" STYLE_REF="14">.</W>
			<W BOX="302 788 426 813" STYLE_REF="14">endeavoured</W>
			<W BOX="437 788 457 813" STYLE_REF="14">to</W>
			<W BOX="466 787 542 812" STYLE_REF="14">impress</W>
			<W BOX="553 787 576 812" STYLE_REF="14">on</W>
			<W BOX="587 787 619 812" STYLE_REF="14">the</W>
			<W BOX="630 787 693 812" STYLE_REF="14">young</W>
			<W BOX="703 787 747 812" STYLE_REF="14">ones</W>
		</Primitive>
		<Primitive BOX="24 809 829 862" ID="Ar0310013" SEQ_NO="13" TOC_ENTRY_ID="35" DEPTH_LEVEL="1">
			<L BOX="60 809 746 841"/>
			<W BOX="60 813 97 838" STYLE_REF="14" NS="y">was</W>
			<W BOX="98 813 103 839" STYLE_REF="14">,</W>
			<Q BOX="111 810 131 839" STYLE_REF="5" QID="60">th</Q>
			<Q BOX="132 813 143 838" STYLE_REF="14" QID="60">a</Q>
			<q BOX="143 810 151 839" STYLE_REF="5" QID="60">t</q>
			<QW QID="60">that</QW>
			<W BOX="160 813 171 841" STYLE_REF="5">"</W>
			<W BOX="178 812 200 837" STYLE_REF="14">an</W>
			<W BOX="208 812 247 837" STYLE_REF="14">idle</W>
			<W BOX="255 811 319 837" STYLE_REF="14">person</W>
			<W BOX="328 811 344 836" STYLE_REF="14">is</W>
			<W BOX="352 811 384 836" STYLE_REF="14">the</W>
			<W BOX="392 810 442 835" STYLE_REF="14" NS="y">devil</W>
			<W BOX="443 810 447 835" STYLE_REF="14" NS="y">'</W>
			<W BOX="447 810 456 835" STYLE_REF="14">s</W>
			<W BOX="462 809 537 834" STYLE_REF="14">cushion</W>
			<W BOX="547 809 570 834" STYLE_REF="14">on</W>
			<W BOX="579 809 640 834" STYLE_REF="14">which</W>
			<W BOX="646 809 670 834" STYLE_REF="14">he</W>
			<W BOX="675 809 722 834" STYLE_REF="14">rolls</W>
			<W BOX="727 809 746 834" STYLE_REF="14">at</W>
			<L BOX="52 832 747 862"/>
			<W BOX="52 836 54 862" STYLE_REF="9">.</W>
			<Q BOX="59 836 72 862" STYLE_REF="9" QID="61">p</Q>
			<q BOX="71 836 140 861" STYLE_REF="14" NS="y" QID="61">leasure</q>
			<QW QID="61">pleasure</QW>
			<W BOX="142 836 151 861" STYLE_REF="14" NS="y">.</W>
			<W BOX="149 835 159 860" STYLE_REF="14">"</W>
			<W BOX="183 835 200 860" STYLE_REF="14">It</W>
			<W BOX="211 835 249 860" STYLE_REF="14">was</W>
			<W BOX="258 835 279 860" STYLE_REF="14">an</W>
			<Q BOX="290 834 333 859" STYLE_REF="14" QID="62">indu</Q>
			<q BOX="335 834 386 859" STYLE_REF="14" QID="62">strial</q>
			<QW QID="62">industrial</QW>
			<W BOX="398 833 480 858" STYLE_REF="14">training</W>
			<W BOX="489 832 550 857" STYLE_REF="14" NS="y">school</W>
			<W BOX="553 832 558 858" STYLE_REF="14">,</W>
			<W BOX="569 832 589 857" STYLE_REF="14">as</W>
			<W BOX="600 832 640 857" STYLE_REF="14">four</W>
			<W BOX="652 832 671 857" STYLE_REF="14">or</W>
			<W BOX="682 832 695 857" STYLE_REF="24" NS="y" M="1 * ">_^</W>
			<W BOX="694 832 720 857" STYLE_REF="24" M="1 * ">_ve</W>
			<W BOX="728 832 747 858" STYLE_REF="14">of</W>
		</Primitive>
		<Primitive BOX="24 855 829 907" ID="Ar0310014" SEQ_NO="14" TOC_ENTRY_ID="35" DEPTH_LEVEL="1">
			<L BOX="59 855 746 884"/>
			<Q BOX="59 857 80 884" STYLE_REF="9" QID="63">th</Q>
			<q BOX="81 859 91 884" STYLE_REF="14" QID="63">e</q>
			<QW QID="63">the</QW>
			<Q BOX="99 857 119 884" STYLE_REF="9" QID="64">bi</Q>
			<q BOX="119 859 163 884" STYLE_REF="14" QID="64">gger</q>
			<QW QID="64">bigger</QW>
			<Q BOX="171 858 184 883" STYLE_REF="14" QID="65">g</Q>
			<Q BOX="184 857 207 882" STYLE_REF="14" QID="65">irl</Q>
			<q BOX="208 857 216 882" STYLE_REF="14" QID="65">s</q>
			<QW QID="65">girls</QW>
			<W BOX="225 857 273 882" STYLE_REF="14">were</W>
			<W BOX="281 857 325 882" STYLE_REF="14">each</W>
			<W BOX="337 856 388 881" STYLE_REF="14">week</W>
			<W BOX="399 856 443 881" STYLE_REF="14">kept</W>
			<W BOX="456 855 486 880" STYLE_REF="14">out</W>
			<W BOX="499 855 515 880" STYLE_REF="14">of</W>
			<W BOX="529 855 560 880" STYLE_REF="14">the</W>
			<W BOX="571 855 637 880" STYLE_REF="14">classes</W>
			<Q BOX="647 855 659 880" STYLE_REF="14" QID="66">b</Q>
			<q BOX="659 855 672 880" STYLE_REF="14" QID="66">y</q>
			<QW QID="66">by</QW>
			<Q BOX="685 855 728 880" STYLE_REF="14" QID="67">turn</Q>
			<q BOX="729 855 740 880" STYLE_REF="14" NS="y" QID="67">s</q>
			<QW QID="67">turns</QW>
			<W BOX="739 856 746 881" STYLE_REF="14">,</W>
			<L BOX="59 876 745 907"/>
			<W BOX="59 882 94 907" STYLE_REF="14">and</W>
			<Q BOX="107 882 149 907" STYLE_REF="14" QID="68">emp</Q>
			<q BOX="148 881 202 906" STYLE_REF="14" QID="68">loyed</q>
			<QW QID="68">employed</QW>
			<W BOX="217 880 237 905" STYLE_REF="14">in</W>
			<W BOX="253 880 359 905" STYLE_REF="14" NS="y">housework</W>
			<W BOX="361 879 366 904" STYLE_REF="14">,</W>
			<W BOX="384 878 461 904" STYLE_REF="14" NS="y">cooking</W>
			<W BOX="461 878 467 904" STYLE_REF="14">,</W>
			<W BOX="483 878 511 903" STYLE_REF="14" NS="y">etc</W>
			<Q BOX="511 878 517 903" STYLE_REF="14" QID="69">.</Q>
			<q BOX="517 878 523 903" STYLE_REF="14" QID="69">,</q>
			<QW QID="69">.,</QW>
			<Q BOX="538 876 558 903" STYLE_REF="9" QID="70">th</Q>
			<Q BOX="559 877 569 902" STYLE_REF="14" QID="70">a</Q>
			<q BOX="570 876 577 903" STYLE_REF="9" QID="70">t</q>
			<QW QID="70">that</QW>
			<Q BOX="591 876 611 903" STYLE_REF="9" QID="71">th</Q>
			<Q BOX="611 877 622 902" STYLE_REF="14" QID="71">e</Q>
			<q BOX="621 876 635 903" STYLE_REF="9" QID="71">y</q>
			<QW QID="71">they</QW>
			<Q BOX="647 877 664 902" STYLE_REF="14" QID="72">m</Q>
			<Q BOX="666 876 671 903" STYLE_REF="9" QID="72">i</Q>
			<Q BOX="672 878 686 903" STYLE_REF="14" QID="72">g</Q>
			<q BOX="685 876 706 903" STYLE_REF="9" QID="72">ht</q>
			<QW QID="72">might</QW>
			<Q BOX="721 876 734 903" STYLE_REF="9" QID="73">b</Q>
			<q BOX="735 877 745 902" STYLE_REF="14" QID="73">e</q>
			<QW QID="73">be</QW>
		</Primitive>
		<Primitive BOX="24 900 829 951" ID="Ar0310015" SEQ_NO="15" TOC_ENTRY_ID="35" DEPTH_LEVEL="1">
			<L BOX="58 900 744 929"/>
			<W BOX="58 904 171 929" STYLE_REF="14">accustomed</W>
			<W BOX="179 903 198 928" STYLE_REF="14">to</W>
			<W BOX="207 903 263 928" STYLE_REF="14">every</W>
			<W BOX="271 903 308 928" STYLE_REF="14">sort</W>
			<W BOX="317 902 334 928" STYLE_REF="14">of</W>
			<W BOX="342 902 427 927" STYLE_REF="14" NS="y">business</W>
			<W BOX="427 902 432 927" STYLE_REF="14">,</W>
			<W BOX="443 901 478 926" STYLE_REF="14">and</W>
			<W BOX="488 901 540 926" STYLE_REF="14">there</W>
			<W BOX="550 900 588 925" STYLE_REF="14">was</W>
			<W BOX="599 900 662 925" STYLE_REF="14">labour</W>
			<Q BOX="670 900 731 925" STYLE_REF="14" QID="74">enoug</Q>
			<q BOX="731 900 744 925" STYLE_REF="14" QID="74">h</q>
			<QW QID="74">enough</QW>
			<L BOX="57 922 743 951"/>
			<W BOX="57 926 76 951" STYLE_REF="14">in</W>
			<W BOX="85 926 105 951" STYLE_REF="14">so</W>
			<W BOX="113 926 163 951" STYLE_REF="14">large</W>
			<W BOX="171 926 181 951" STYLE_REF="14">a</W>
			<Q BOX="190 925 241 950" STYLE_REF="14" QID="75">famil</Q>
			<q BOX="242 925 255 950" STYLE_REF="14" NS="y" QID="75">y</q>
			<QW QID="75">family</QW>
			<W BOX="255 925 261 950" STYLE_REF="14">.</W>
			<W BOX="285 925 318 950" STYLE_REF="14">We</W>
			<W BOX="327 924 374 949" STYLE_REF="14">wish</W>
			<W BOX="384 924 412 949" STYLE_REF="14">we</W>
			<W BOX="423 923 459 949" STYLE_REF="14">had</W>
			<W BOX="470 923 522 948" STYLE_REF="14">space</W>
			<W BOX="532 923 551 948" STYLE_REF="14">to</W>
			<Q BOX="562 923 574 948" STYLE_REF="14" QID="76">g</Q>
			<q BOX="574 922 603 947" STYLE_REF="14" QID="76">ive</q>
			<QW QID="76">give</QW>
			<W BOX="611 922 643 947" STYLE_REF="14">the</W>
			<W BOX="650 922 716 947" STYLE_REF="14">details</W>
			<W BOX="725 922 743 947" STYLE_REF="14">of</W>
		</Primitive>
		<Primitive BOX="24 944 829 997" ID="Ar0310016" SEQ_NO="16" TOC_ENTRY_ID="35" DEPTH_LEVEL="1">
			<L BOX="57 944 744 974"/>
			<Q BOX="57 949 84 974" STYLE_REF="14" QID="77">thi</Q>
			<q BOX="85 949 94 974" STYLE_REF="14" QID="77">s</q>
			<QW QID="77">this</QW>
			<Q BOX="102 949 133 974" STYLE_REF="14" QID="78">life</Q>
			<q BOX="152 948 187 973" STYLE_REF="14" QID="78">and</q>
			<QW QID="78">lifeand</QW>
			<W BOX="198 948 217 973" STYLE_REF="14">to</W>
			<W BOX="227 948 276 973" STYLE_REF="14">show</W>
			<W BOX="288 947 321 973" STYLE_REF="14">the</W>
			<Q BOX="331 948 376 973" STYLE_REF="14" QID="79">perp</Q>
			<Q BOX="377 947 387 972" STYLE_REF="14" QID="79">e</Q>
			<q BOX="387 947 427 972" STYLE_REF="14" QID="79">tual</q>
			<QW QID="79">perpetual</QW>
			<W BOX="437 946 487 971" STYLE_REF="14" NS="y">work</W>
			<W BOX="491 944 492 969" STYLE_REF="14">,</W>
			<W BOX="499 945 560 970" STYLE_REF="14">which</W>
			<W BOX="569 945 600 970" STYLE_REF="14">fell</W>
			<W BOX="614 945 634 970" STYLE_REF="14">to</W>
			<W BOX="643 945 674 970" STYLE_REF="14">the</W>
			<W BOX="685 945 712 970" STYLE_REF="14">lot</W>
			<W BOX="726 945 744 970" STYLE_REF="14">of</W>
			<L BOX="57 950 743 997"/>
			<W BOX="57 972 103 997" STYLE_REF="14">Miss</W>
			<W BOX="115 971 218 996" STYLE_REF="14">Bosanquet</W>
			<W BOX="136 950 141 975" STYLE_REF="14">,</W>
			<W BOX="218 971 224 996" STYLE_REF="14">.</W>
			<W BOX="254 971 272 996" STYLE_REF="14">It</W>
			<Q BOX="285 970 365 995" STYLE_REF="14" QID="80">naturall</Q>
			<q BOX="365 971 378 996" STYLE_REF="14" QID="80">y</q>
			<QW QID="80">naturally</QW>
			<Q BOX="391 968 399 995" STYLE_REF="9" QID="81">f</Q>
			<Q BOX="399 969 410 995" STYLE_REF="14" QID="81">o</Q>
			<Q BOX="410 968 425 995" STYLE_REF="9" QID="81">ll</Q>
			<Q BOX="425 969 437 995" STYLE_REF="14" QID="81">o</Q>
			<q BOX="437 967 476 994" STYLE_REF="9" NS="y" QID="81">wed</q>
			<QW QID="81">followed</QW>
			<W BOX="478 969 483 994" STYLE_REF="14">,</W>
			<W BOX="496 968 540 993" STYLE_REF="14">from</W>
			<W BOX="555 968 587 993" STYLE_REF="14">the</W>
			<W BOX="603 968 654 993" STYLE_REF="14">early</W>
			<Q BOX="670 968 707 993" STYLE_REF="14" QID="82">neg</Q>
			<Q BOX="706 966 715 993" STYLE_REF="9" QID="82">l</Q>
			<Q BOX="715 968 726 993" STYLE_REF="14" QID="82">e</Q>
			<q BOX="725 966 743 993" STYLE_REF="9" QID="82">ct</q>
			<QW QID="82">neglect</QW>
		</Primitive>
		<Primitive BOX="24 990 829 1042" ID="Ar0310017" SEQ_NO="17" TOC_ENTRY_ID="35" DEPTH_LEVEL="1">
			<L BOX="57 990 741 1019"/>
			<W BOX="57 994 118 1019" STYLE_REF="14">which</W>
			<W BOX="125 994 157 1019" STYLE_REF="14">the</W>
			<Q BOX="165 994 197 1019" STYLE_REF="14" QID="83">orp</Q>
			<Q BOX="197 993 233 1018" STYLE_REF="14" QID="83">han</Q>
			<q BOX="234 993 243 1018" STYLE_REF="14" QID="83">s</q>
			<QW QID="83">orphans</QW>
			<W BOX="251 993 285 1018" STYLE_REF="14">had</W>
			<W BOX="294 993 367 1018" STYLE_REF="14" NS="y">suffered</W>
			<W BOX="373 992 377 1017" STYLE_REF="14">,</W>
			<Q BOX="383 991 404 1017" STYLE_REF="9" QID="84">th</Q>
			<Q BOX="405 992 415 1017" STYLE_REF="14" QID="84">a</Q>
			<q BOX="415 991 423 1017" STYLE_REF="9" QID="84">t</q>
			<QW QID="84">that</QW>
			<Q BOX="428 991 449 1017" STYLE_REF="9" QID="85">th</Q>
			<Q BOX="450 992 461 1017" STYLE_REF="14" QID="85">e</Q>
			<q BOX="460 991 473 1017" STYLE_REF="9" QID="85">y</q>
			<QW QID="85">they</QW>
			<W BOX="480 990 515 1016" STYLE_REF="14">had</W>
			<W BOX="524 990 558 1016" STYLE_REF="14">bad</W>
			<W BOX="567 990 629 1015" STYLE_REF="14" NS="y">health</W>
			<W BOX="631 990 636 1016" STYLE_REF="14">,</W>
			<W BOX="643 990 677 1015" STYLE_REF="14">and</W>
			<Q BOX="686 990 703 1015" STYLE_REF="14" QID="86">m</Q>
			<q BOX="706 990 741 1016" STYLE_REF="14" QID="86">any</q>
			<QW QID="86">many</QW>
			<L BOX="56 1013 741 1042"/>
			<W BOX="56 1017 72 1042" STYLE_REF="14">of</W>
			<W BOX="81 1017 112 1042" STYLE_REF="14">the</W>
			<W BOX="119 1016 182 1041" STYLE_REF="14">grown</W>
			<Q BOX="191 1016 238 1041" STYLE_REF="14" QID="87">peop</Q>
			<q BOX="237 1016 256 1041" STYLE_REF="14" QID="87">le</q>
			<QW QID="87">people</QW>
			<W BOX="264 1016 312 1041" STYLE_REF="14">were</W>
			<W BOX="319 1016 356 1041" STYLE_REF="14">also</W>
			<Q BOX="364 1015 411 1040" STYLE_REF="14" QID="88">sickl</Q>
			<q BOX="411 1015 425 1040" STYLE_REF="14" NS="y" QID="88">y</q>
			<QW QID="88">sickly</QW>
			<W BOX="425 1015 432 1040" STYLE_REF="14">,</W>
			<W BOX="438 1014 465 1039" STYLE_REF="14">for</W>
			<W BOX="473 1014 492 1039" STYLE_REF="14">to</W>
			<W BOX="500 1013 534 1038" STYLE_REF="14">her</W>
			<W BOX="540 1013 599 1038" STYLE_REF="14">warm</W>
			<W BOX="604 1013 655 1038" STYLE_REF="14">heart</W>
			<W BOX="663 1013 741 1038" STYLE_REF="14">poverty</W>
		</Primitive>
		<Primitive BOX="24 1035 829 1087" ID="Ar0310018" SEQ_NO="18" TOC_ENTRY_ID="35" DEPTH_LEVEL="1">
			<L BOX="55 1035 742 1064"/>
			<W BOX="55 1039 90 1064" STYLE_REF="14">and</W>
			<W BOX="98 1039 119 1064" STYLE_REF="14">ill</W>
			<W BOX="127 1039 192 1064" STYLE_REF="14">health</W>
			<W BOX="196 1038 244 1064" STYLE_REF="14">were</W>
			<W BOX="250 1038 260 1064" STYLE_REF="14">a</W>
			<W BOX="266 1038 348 1064" STYLE_REF="14" NS="y">passport</W>
			<W BOX="354 1038 358 1064" STYLE_REF="14">;</W>
			<W BOX="368 1038 401 1063" STYLE_REF="14">but</W>
			<W BOX="408 1037 440 1062" STYLE_REF="14">she</W>
			<Q BOX="446 1036 501 1061" STYLE_REF="14" QID="89">quietl</Q>
			<q BOX="503 1036 516 1061" STYLE_REF="14" QID="89">y</q>
			<QW QID="89">quietly</QW>
			<W BOX="524 1035 608 1060" STYLE_REF="14">observes</W>
			<W BOX="616 1035 656 1060" STYLE_REF="14">that</W>
			<W BOX="665 1037 675 1062" STYLE_REF="14">"</W>
			<W BOX="681 1035 701 1060" STYLE_REF="14">in</W>
			<W BOX="710 1035 742 1060" STYLE_REF="14">the</W>
			<L BOX="56 1057 742 1087"/>
			<W BOX="56 1062 90 1087" STYLE_REF="14">end</W>
			<W BOX="99 1062 124 1087" STYLE_REF="14">all</W>
			<W BOX="132 1061 228 1086" STYLE_REF="14">recovered</W>
			<W BOX="234 1060 276 1085" STYLE_REF="14">who</W>
			<W BOX="282 1060 331 1085" STYLE_REF="14">came</W>
			<W BOX="339 1060 358 1085" STYLE_REF="14">in</W>
			<W BOX="367 1060 425 1085" STYLE_REF="14" NS="y">infirm</W>
			<W BOX="430 1059 438 1084" STYLE_REF="14" NS="y">.</W>
			<W BOX="437 1058 446 1083" STYLE_REF="14">"</W>
			<W BOX="462 1058 497 1083" STYLE_REF="14">She</W>
			<W BOX="503 1058 545 1083" STYLE_REF="14">says</W>
			<W BOX="552 1058 592 1083" STYLE_REF="14">that</W>
			<W BOX="596 1057 634 1083" STYLE_REF="14" NS="y">Mrs</W>
			<W BOX="635 1057 639 1083" STYLE_REF="14">.</W>
			<Q BOX="645 1057 661 1083" STYLE_REF="14" QID="90">R</Q>
			<q BOX="661 1058 698 1083" STYLE_REF="14" QID="90">yan</q>
			<QW QID="90">Ryan</QW>
			<W BOX="702 1058 742 1083" STYLE_REF="14">was</W>
		</Primitive>
		<Primitive BOX="24 1080 829 1134" ID="Ar0310019" SEQ_NO="19" TOC_ENTRY_ID="35" DEPTH_LEVEL="1">
			<L BOX="54 1080 740 1110"/>
			<Q BOX="54 1084 62 1110" STYLE_REF="9" QID="91">t</Q>
			<q BOX="63 1085 73 1110" STYLE_REF="14" QID="91">o</q>
			<QW QID="91">to</QW>
			<W BOX="81 1084 115 1110" STYLE_REF="9">her</W>
			<Q BOX="122 1085 134 1110" STYLE_REF="14" QID="92">a</Q>
			<q BOX="133 1084 142 1110" STYLE_REF="9" QID="92">s</q>
			<QW QID="92">as</QW>
			<W BOX="150 1085 161 1110" STYLE_REF="14">a</W>
			<Q BOX="168 1082 231 1109" STYLE_REF="9" QID="93">mothe</Q>
			<q BOX="230 1083 240 1108" STYLE_REF="14" NS="y" QID="93">r</q>
			<QW QID="93">mother</QW>
			<W BOX="240 1084 245 1109" STYLE_REF="14">,</W>
			<Q BOX="253 1083 282 1108" STYLE_REF="14" QID="94">hel</Q>
			<Q BOX="283 1084 296 1109" STYLE_REF="14" QID="94">p</Q>
			<q BOX="296 1083 329 1108" STYLE_REF="14" QID="94">ing</q>
			<QW QID="94">helping</QW>
			<W BOX="336 1083 368 1108" STYLE_REF="14" NS="y">her</W>
			<W BOX="369 1083 374 1108" STYLE_REF="14">,</W>
			<Q BOX="381 1081 389 1108" STYLE_REF="9" QID="95">i</Q>
			<q BOX="388 1082 401 1107" STYLE_REF="14" QID="95">n</q>
			<QW QID="95">in</QW>
			<Q BOX="409 1081 431 1108" STYLE_REF="9" QID="96">sp</Q>
			<q BOX="431 1081 457 1106" STYLE_REF="14" QID="96">ite</q>
			<QW QID="96">spite</QW>
			<W BOX="464 1081 482 1106" STYLE_REF="14">of</W>
			<W BOX="490 1080 570 1105" STYLE_REF="14" NS="y">siokness</W>
			<W BOX="573 1080 577 1105" STYLE_REF="14">,</W>
			<W BOX="585 1080 605 1105" STYLE_REF="14">to</W>
			<W BOX="613 1080 663 1105" STYLE_REF="14">carry</W>
			<W BOX="672 1081 706 1106" STYLE_REF="14">out</W>
			<W BOX="714 1081 740 1106" STYLE_REF="14">all</W>
			<L BOX="54 1100 738 1133"/>
			<W BOX="54 1108 87 1133" STYLE_REF="14">her</W>
			<Q BOX="108 1107 147 1132" STYLE_REF="14" QID="97">lans</Q>
			<Q BOX="153 1107 182 1132" STYLE_REF="14" LH="y" QID="97">;�</Q>
			<q BOX="181 1107 215 1132" STYLE_REF="14" QID="97">and</q>
			<QW QID="97">lans;�and</QW>
			<W BOX="230 1106 253 1131" STYLE_REF="14">an</W>
			<Q BOX="266 1105 321 1130" STYLE_REF="14" QID="98">uncle</Q>
			<Q BOX="340 1103 357 1130" STYLE_REF="9" QID="98">w</Q>
			<Q BOX="358 1105 367 1130" STYLE_REF="14" QID="98">r</Q>
			<Q BOX="368 1103 390 1130" STYLE_REF="9" QID="98">iti</Q>
			<Q BOX="390 1105 403 1130" STYLE_REF="14" QID="98">n</Q>
			<q BOX="403 1103 416 1130" STYLE_REF="9" QID="98">g</q>
			<QW QID="98">unclewriting</QW>
			<W BOX="428 1104 447 1129" STYLE_REF="14">to</W>
			<W BOX="458 1103 490 1129" STYLE_REF="14" NS="y">her</W>
			<W BOX="492 1103 497 1129" STYLE_REF="14">,</W>
			<W BOX="507 1103 517 1131" STYLE_REF="5">"</W>
			<Q BOX="523 1100 543 1128" STYLE_REF="5" QID="99">M</Q>
			<q BOX="544 1104 555 1129" STYLE_REF="14" QID="99">y</q>
			<QW QID="99">My</QW>
			<Q BOX="569 1101 581 1128" STYLE_REF="9" QID="100">d</Q>
			<Q BOX="582 1102 603 1127" STYLE_REF="14" QID="100">ea</Q>
			<q BOX="603 1101 612 1128" STYLE_REF="9" QID="100">r</q>
			<QW QID="100">dear</QW>
			<W BOX="625 1101 674 1128" STYLE_REF="9" NS="y">child</W>
			<W BOX="676 1103 681 1128" STYLE_REF="14">,</W>
			<Q BOX="693 1103 711 1128" STYLE_REF="14" QID="101">w</Q>
			<q BOX="711 1102 738 1129" STYLE_REF="9" QID="101">ith</q>
			<QW QID="101">with</QW>
		</Primitive>
		<Primitive BOX="24 1125 829 1157" ID="Ar0310020" SEQ_NO="20" TOC_ENTRY_ID="35" DEPTH_LEVEL="1">
			<L BOX="95 1105 326 1134"/>
			<W BOX="95 1109 108 1134" STYLE_REF="14">p</W>
			<W BOX="322 1105 326 1130" STYLE_REF="14">,</W>
			<L BOX="54 1125 739 1157"/>
			<W BOX="54 1130 108 1155" STYLE_REF="14">much</W>
			<Q BOX="115 1132 128 1157" STYLE_REF="14" QID="102">p</Q>
			<Q BOX="127 1128 166 1155" STYLE_REF="9" QID="102">leas</Q>
			<Q BOX="166 1129 187 1154" STYLE_REF="14" QID="102">ur</Q>
			<q BOX="189 1127 198 1154" STYLE_REF="9" QID="102">e</q>
			<QW QID="102">pleasure</QW>
			<W BOX="207 1127 217 1154" STYLE_REF="9">I</W>
			<Q BOX="225 1127 260 1154" STYLE_REF="9" QID="103">hav</Q>
			<q BOX="262 1127 271 1154" STYLE_REF="9" QID="103">e</q>
			<QW QID="103">have</QW>
			<Q BOX="279 1126 303 1153" STYLE_REF="9" QID="104">he</Q>
			<Q BOX="303 1127 323 1153" STYLE_REF="14" QID="104">ar</Q>
			<q BOX="324 1126 335 1153" STYLE_REF="9" QID="104">d</q>
			<QW QID="104">heard</QW>
			<Q BOX="346 1127 357 1153" STYLE_REF="14" QID="105">o</Q>
			<q BOX="357 1126 363 1153" STYLE_REF="9" QID="105">f</q>
			<QW QID="105">of</QW>
			<W BOX="376 1126 424 1151" STYLE_REF="14">your</W>
			<Q BOX="433 1126 519 1151" STYLE_REF="14" QID="106">charitabl</Q>
			<q BOX="522 1125 532 1150" STYLE_REF="14" QID="106">e</q>
			<QW QID="106">charitable</QW>
			<W BOX="540 1125 664 1150" STYLE_REF="14" NS="y">undertaking</W>
			<W BOX="664 1125 670 1150" STYLE_REF="14">,</W>
			<Q BOX="677 1125 716 1152" STYLE_REF="9" QID="107">whi</Q>
			<Q BOX="716 1126 727 1151" STYLE_REF="14" QID="107">c</Q>
			<q BOX="726 1125 739 1152" STYLE_REF="9" QID="107">h</q>
			<QW QID="107">which</QW>
		</Primitive>
		<Primitive BOX="24 1157 829 1219" ID="Ar0310021" SEQ_NO="21" TOC_ENTRY_ID="35" DEPTH_LEVEL="1">
			<L BOX="54 1147 740 1179"/>
			<W BOX="54 1153 63 1178" STYLE_REF="14">I</W>
			<W BOX="71 1153 117 1179" STYLE_REF="14">pray</W>
			<W BOX="122 1152 161 1178" STYLE_REF="9">God</W>
			<W BOX="170 1152 189 1178" STYLE_REF="9">to</W>
			<W BOX="197 1151 247 1177" STYLE_REF="9">bless</W>
			<Q BOX="255 1151 265 1177" STYLE_REF="9" QID="108">a</Q>
			<Q BOX="265 1150 276 1175" STYLE_REF="14" QID="108">n</Q>
			<q BOX="277 1149 289 1176" STYLE_REF="9" QID="108">d</q>
			<QW QID="108">and</QW>
			<Q BOX="298 1150 349 1175" STYLE_REF="14" QID="109">succe</Q>
			<q BOX="351 1149 373 1176" STYLE_REF="9" NS="y" QID="109">ed</q>
			<QW QID="109">succeed</QW>
			<W BOX="375 1150 382 1175" STYLE_REF="14" NS="y">,</W>
			<W BOX="382 1149 391 1174" STYLE_REF="14">"</W>
			<W BOX="397 1149 437 1174" STYLE_REF="14">sent</W>
			<W BOX="445 1149 478 1174" STYLE_REF="14">her</W>
			<W BOX="487 1148 509 1174" STYLE_REF="14">an</W>
			<Q BOX="516 1148 527 1174" STYLE_REF="24" QID="110">a</Q>
			<q BOX="528 1147 578 1174" STYLE_REF="9" QID="110">nnual</q>
			<QW QID="110">annual</QW>
			<Q BOX="582 1150 596 1175" STYLE_REF="14" QID="111">g</Q>
			<q BOX="595 1148 614 1174" STYLE_REF="14" QID="111">ift</q>
			<QW QID="111">gift</QW>
			<W BOX="623 1148 641 1174" STYLE_REF="14">of</W>
			<W BOX="649 1148 686 1174" STYLE_REF="14">two</W>
			<Q BOX="691 1149 731 1174" STYLE_REF="14" QID="112">hun</Q>
			<q BOX="731 1149 740 1174" STYLE_REF="14" LH="y" QID="112">-</q>
			<QW QID="112">hun-</QW>
		</Primitive>
	</Content>
	<TOC_Entries><TOC_Entry TOC_ENTRY_ID="66" TITLE="Considerable interest having been expres..." ENTITY_ID_REF="Ar03100" PAGE_NO="31" PAGE_LABEL="31" PRIM_ID_REF="Ar0310000" IS_IC="true"/></TOC_Entries></XMD-entity>
