<?xml version="1.0" encoding="windows-1252" standalone="no"?>
<XMD-entity REPOSITORY_FORMAT="1.0" PRXML_VER="2.0" ENTITY_TYPE="Article" DOC_UID="EWJ_01/03/1858" DOC_VER="1" FIRST_TOC_ENTRY_ID="38" DEPTH_LEVEL="1" INDEX_IN_DOC="72" PAGE_NO="31" ID="Ar03101" BOX="24 12 829 101" LANGUAGE="English" SNP="Ar03101S.png" SNP_WIDTH="806" SNP_HEIGHT="89" LOGICAL_NAME="true">
	<Meta NAME="MISS BOSAETQTJET. 31" DESCRIPTION="" SUBTYPE="" BASE_HREF="EWJ/1858/03/01" SOURCE_TYPE="TIFF" PUBLICATION="EWJ" SECTION="None" ISSUE_DATE="01/03/1858" WORDCNT="3" RELEASE_NO="041-EWJ-1858-03-01-001-SINGLE" PAGE_ID="" PAGE_TYPE="Single" PAGE_WIDTH="842" PAGE_HEIGHT="1244" DEFAULT_IMG_EXT="png" PDF_DESTINATION_MAPPED="OLV0_Entity_0031_0002" IMAGES_RESOLUTION="86" XMD_VER="2.6.238.8" PAGE_LABEL="31"/>
	<Link SOURCE="041-EWJ-1858-03-01-001-SINGLE.PDF" FIRST_ID="Ar00200" LAST_ID="Ar07201" NEXT_ID="" PREV_ID="Ar03100" TOC_ID="d:/Olive/Repository/EWJ/1858/03/01/TOC.xml"/>
	<DataFiles>
		<Files TYPE="DOC_PDF" PRESENT="1"/>
		<Files TYPE="PAGE_PDF" PRESENT="0"/>
		<Files TYPE="DOC_IMG" PRESENT="0"/>
		<Files TYPE="PAGE_IMG" PRESENT="0"/>
		<Files TYPE="PAGE_VIEW_IMG" PRESENT="1"/>
		<Files TYPE="PAGE_PREVIEW_IMG" PRESENT="1"/>
		<Files TYPE="PRIMITIVE_IMG" PRESENT="1"/>
		<Files TYPE="SNIPPET_IMG" PRESENT="1"/>
	</DataFiles>
	<Content>
		<Primitive BOX="24 12 829 101" ID="Ar0310100" SEQ_NO="0" TOC_ENTRY_ID="38" DEPTH_LEVEL="1">
			<L BOX="321 61 757 87"/>
			<W BOX="321 62 368 87" STYLE_REF="14">MISS</W>
			<W BOX="381 61 502 87" STYLE_REF="14" NS="y" M="5 * 6 * ">_BOSAETQTJET</W>
			<W BOX="502 61 506 87" STYLE_REF="14">.</W>
			<W BOX="730 61 757 87" STYLE_REF="14">31</W>
		</Primitive>
	</Content>
	<TOC_Entries><TOC_Entry TOC_ENTRY_ID="67" TITLE="MISS BOSAETQTJET. 31" ENTITY_ID_REF="Ar03101" PAGE_NO="31" PAGE_LABEL="31" PRIM_ID_REF="Ar0310100" IS_IC="true"/></TOC_Entries></XMD-entity>
