<?xml version="1.0" encoding="windows-1252" standalone="no"?>
<XMD-entity REPOSITORY_FORMAT="1.0" PRXML_VER="2.0" ENTITY_TYPE="Article" DOC_UID="EWJ_01/04/1858" DOC_VER="1" FIRST_TOC_ENTRY_ID="70" DEPTH_LEVEL="1" INDEX_IN_DOC="121" PAGE_NO="55" ID="Ar05501" BOX="24 12 811 94" LANGUAGE="English" SNP="Ar05501S.png" SNP_WIDTH="788" SNP_HEIGHT="83" LOGICAL_NAME="true">
	<Meta NAME="NOTICES OF BOOKS. 127" DESCRIPTION="" SUBTYPE="" BASE_HREF="EWJ/1858/04/01" SOURCE_TYPE="TIFF" PUBLICATION="EWJ" SECTION="None" ISSUE_DATE="01/04/1858" WORDCNT="5" RELEASE_NO="041-EWJ-1858-04-01-001-SINGLE" PAGE_ID="" PAGE_TYPE="Single" PAGE_WIDTH="823" PAGE_HEIGHT="1239" DEFAULT_IMG_EXT="png" PDF_DESTINATION_MAPPED="OLV0_Entity_0055_0002" IMAGES_RESOLUTION="86" XMD_VER="2.6.238.8" PAGE_LABEL="127"/>
	<Link SOURCE="041-EWJ-1858-04-01-001-SINGLE.PDF" FIRST_ID="Ar00200" LAST_ID="Ar07201" NEXT_ID="" PREV_ID="Ar05500" TOC_ID="d:/Olive/Repository/EWJ/1858/04/01/TOC.xml"/>
	<DataFiles>
		<Files TYPE="DOC_PDF" PRESENT="1"/>
		<Files TYPE="PAGE_PDF" PRESENT="0"/>
		<Files TYPE="DOC_IMG" PRESENT="0"/>
		<Files TYPE="PAGE_IMG" PRESENT="0"/>
		<Files TYPE="PAGE_VIEW_IMG" PRESENT="1"/>
		<Files TYPE="PAGE_PREVIEW_IMG" PRESENT="1"/>
		<Files TYPE="PRIMITIVE_IMG" PRESENT="1"/>
		<Files TYPE="SNIPPET_IMG" PRESENT="1"/>
	</DataFiles>
	<Content>
		<Primitive BOX="24 12 811 94" ID="Ar0550100" SEQ_NO="0" TOC_ENTRY_ID="70" DEPTH_LEVEL="1">
			<L BOX="318 66 768 93"/>
			<W BOX="318 67 405 92" STYLE_REF="10">NOTICES</W>
			<W BOX="418 67 444 92" STYLE_REF="10">OF</W>
			<W BOX="458 66 524 91" STYLE_REF="10" NS="y">BOOKS</W>
			<W BOX="524 66 529 91" STYLE_REF="10">.</W>
			<W BOX="730 68 768 93" STYLE_REF="10">127</W>
		</Primitive>
	</Content>
	<TOC_Entries><TOC_Entry TOC_ENTRY_ID="120" TITLE="NOTICES OF BOOKS. 127" ENTITY_ID_REF="Ar05501" PAGE_NO="55" PAGE_LABEL="127" PRIM_ID_REF="Ar0550100" IS_IC="true"/></TOC_Entries></XMD-entity>
