<?xml version="1.0" encoding="windows-1252" standalone="no"?>
<XMD-PAGE REPOSITORY_FORMAT="1.0" PRXML_VER="2.0">
	<Meta ISSUE_DATE="01/04/1858" RELEASE_NO="041-EWJ-1858-04-01-001-SINGLE" PAGE_NO="55" NAME="" PAGE_LABEL="127" PAGE_TYPE="Single" PUBLISHER="Olive" PUBLICATION="EWJ" SOURCE_TYPE="TIFF" SOURCE_RESOLUTION="72" IMAGES_RESOLUTION="86" PAGE_THUMBNAIL_RESOLUTION="86" PAGE_PREVIEW_RESOLUTION="15" DEFAULT_IMG_EXT="png" IMG_EXT="png" PREVIEW_IMG_EXT="png" XMD_VER="2.6.238.8" PROFILE_ID="D:\pdfs\EWJ\XMD_EWJ.ini" SECTION="None" PAGE_WIDTH="823" PAGE_HEIGHT="1239" PAGES_NUMBER="72" BASE_HREF="EWJ/1858/04/01" PDF_DESTINATION_MAPPED="OLV0_Page_0055">
		<Resolutions>
			<Resolution DEFAULT="true">86</Resolution>
		</Resolutions>
	</Meta>
	<Link SOURCE="041-EWJ-1858-04-01-001-SINGLE.PDF" NEXT_SECTION="" PREV_SECTION="1"/>
	<DataFiles>
		<Files TYPE="DOC_PDF" PRESENT="1"/>
		<Files TYPE="PAGE_PDF" PRESENT="0"/>
		<Files TYPE="DOC_IMG" PRESENT="0"/>
		<Files TYPE="PAGE_IMG" PRESENT="0"/>
		<Files TYPE="PAGE_VIEW_IMG" PRESENT="1"/>
		<Files TYPE="PAGE_PREVIEW_IMG" PRESENT="1"/>
		<Files TYPE="PRIMITIVE_IMG" PRESENT="1"/>
		<Files TYPE="SNIPPET_IMG" PRESENT="1"/>
	</DataFiles>
	<Entity ENTITY_TYPE="Article" FIRST_TOC_ENTRY_ID="67" INDEX_IN_DOC="117" DEPTH_LEVEL="1" ID="Ar05500" SIZE="XLarge" BOX="24 94 811 1214" NEXT_SECTION="" PREV_SECTION="1" CONTINUATION_TO="Ar05600" CONTINUATION_FROM="Ar05400" FIRST_CHUNK="Ar05202" IMAGES_RESOLUTION="86" LOGICAL_NAME="true">
		<Name>--- - 1.�Tlwrndale; or B the lackwood Co...</Name>
		<Primitive ID="Ar0550000" BOX="24 94 811 187" ELEMENT_TYPE="Content" SEQ_NO="0" TOC_ENTRY_ID="67" DEPTH_LEVEL="1"/>
		<Primitive ID="Ar0550001" BOX="24 178 811 241" ELEMENT_TYPE="Content" SEQ_NO="1" TOC_ENTRY_ID="67" DEPTH_LEVEL="1"/>
		<Primitive ID="Ar0550002" BOX="24 232 811 306" ELEMENT_TYPE="Content" SEQ_NO="2" TOC_ENTRY_ID="67" DEPTH_LEVEL="1"/>
		<Primitive ID="Ar0550003" BOX="24 294 811 343" ELEMENT_TYPE="Content" SEQ_NO="3" TOC_ENTRY_ID="67" DEPTH_LEVEL="1"/>
		<Primitive ID="Ar0550004" BOX="24 331 811 403" ELEMENT_TYPE="Content" SEQ_NO="4" TOC_ENTRY_ID="67" DEPTH_LEVEL="1"/>
		<Primitive ID="Ar0550005" BOX="24 394 811 456" ELEMENT_TYPE="Content" SEQ_NO="5" TOC_ENTRY_ID="67" DEPTH_LEVEL="1"/>
		<Primitive ID="Ar0550006" BOX="24 448 811 540" ELEMENT_TYPE="Content" SEQ_NO="6" TOC_ENTRY_ID="67" DEPTH_LEVEL="1"/>
		<Primitive ID="Ar0550007" BOX="24 529 811 601" ELEMENT_TYPE="Content" SEQ_NO="7" TOC_ENTRY_ID="67" DEPTH_LEVEL="1"/>
		<Primitive ID="Ar0550008" BOX="24 592 811 672" ELEMENT_TYPE="Content" SEQ_NO="8" TOC_ENTRY_ID="67" DEPTH_LEVEL="1"/>
		<Primitive ID="Ar0550009" BOX="24 667 811 717" ELEMENT_TYPE="Content" SEQ_NO="9" TOC_ENTRY_ID="67" DEPTH_LEVEL="1"/>
		<Primitive ID="Ar0550010" BOX="24 716 811 778" ELEMENT_TYPE="Content" SEQ_NO="10" TOC_ENTRY_ID="67" DEPTH_LEVEL="1"/>
		<Primitive ID="Ar0550011" BOX="24 770 811 833" ELEMENT_TYPE="Content" SEQ_NO="11" TOC_ENTRY_ID="67" DEPTH_LEVEL="1"/>
		<Primitive ID="Ar0550012" BOX="24 825 811 886" ELEMENT_TYPE="Content" SEQ_NO="12" TOC_ENTRY_ID="67" DEPTH_LEVEL="1"/>
		<Primitive ID="Ar0550013" BOX="24 879 811 959" ELEMENT_TYPE="Content" SEQ_NO="13" TOC_ENTRY_ID="67" DEPTH_LEVEL="1"/>
		<Primitive ID="Ar0550014" BOX="24 951 811 1007" ELEMENT_TYPE="Content" SEQ_NO="14" TOC_ENTRY_ID="67" DEPTH_LEVEL="1"/>
		<Primitive ID="Ar0550015" BOX="24 1000 811 1052" ELEMENT_TYPE="Content" SEQ_NO="15" TOC_ENTRY_ID="67" DEPTH_LEVEL="1"/>
		<Primitive ID="Ar0550016" BOX="24 1047 811 1097" ELEMENT_TYPE="Content" SEQ_NO="16" TOC_ENTRY_ID="67" DEPTH_LEVEL="1"/>
		<Primitive ID="Ar0550017" BOX="24 1085 811 1144" ELEMENT_TYPE="Content" SEQ_NO="17" TOC_ENTRY_ID="67" DEPTH_LEVEL="1"/>
		<Primitive ID="Ar0550018" BOX="24 1136 811 1166" ELEMENT_TYPE="Content" SEQ_NO="18" TOC_ENTRY_ID="67" DEPTH_LEVEL="1"/>
		<Primitive ID="Ar0550019" BOX="24 1166 811 1214" ELEMENT_TYPE="Content" SEQ_NO="19" TOC_ENTRY_ID="67" DEPTH_LEVEL="1"/>
	</Entity>
	<Entity ENTITY_TYPE="Article" FIRST_TOC_ENTRY_ID="70" INDEX_IN_DOC="121" DEPTH_LEVEL="1" ID="Ar05501" SIZE="Small" BOX="24 12 811 94" NEXT_SECTION="" PREV_SECTION="1" IMAGES_RESOLUTION="86" LOGICAL_NAME="true">
		<Name>NOTICES OF BOOKS. 127</Name>
		<Primitive ID="Ar0550100" BOX="24 12 811 94" ELEMENT_TYPE="Content" SEQ_NO="0" TOC_ENTRY_ID="70" DEPTH_LEVEL="1"/>
	</Entity>
</XMD-PAGE>