<?xml version="1.0" encoding="windows-1252" standalone="no"?>
<XMD-entity REPOSITORY_FORMAT="1.0" PRXML_VER="2.0" ENTITY_TYPE="Article" DOC_UID="EWJ_01/03/1858" DOC_VER="1" FIRST_TOC_ENTRY_ID="55" DEPTH_LEVEL="1" INDEX_IN_DOC="109" PAGE_NO="46" ID="Ar04601" BOX="24 12 829 100" LANGUAGE="English" SNP="Ar04601S.png" SNP_WIDTH="806" SNP_HEIGHT="88" LOGICAL_NAME="true">
	<Meta NAME="46 BRADSHXW THE BETRAYER." DESCRIPTION="" SUBTYPE="" BASE_HREF="EWJ/1858/03/01" SOURCE_TYPE="TIFF" PUBLICATION="EWJ" SECTION="None" ISSUE_DATE="01/03/1858" WORDCNT="5" RELEASE_NO="041-EWJ-1858-03-01-001-SINGLE" PAGE_ID="" PAGE_TYPE="Single" PAGE_WIDTH="842" PAGE_HEIGHT="1244" DEFAULT_IMG_EXT="png" PDF_DESTINATION_MAPPED="OLV0_Entity_0046_0002" IMAGES_RESOLUTION="86" XMD_VER="2.6.238.8" PAGE_LABEL="46"/>
	<Link SOURCE="041-EWJ-1858-03-01-001-SINGLE.PDF" FIRST_ID="Ar00200" LAST_ID="Ar07201" NEXT_ID="" PREV_ID="Ar04600" TOC_ID="d:/Olive/Repository/EWJ/1858/03/01/TOC.xml"/>
	<DataFiles>
		<Files TYPE="DOC_PDF" PRESENT="1"/>
		<Files TYPE="PAGE_PDF" PRESENT="0"/>
		<Files TYPE="DOC_IMG" PRESENT="0"/>
		<Files TYPE="PAGE_IMG" PRESENT="0"/>
		<Files TYPE="PAGE_VIEW_IMG" PRESENT="1"/>
		<Files TYPE="PAGE_PREVIEW_IMG" PRESENT="1"/>
		<Files TYPE="PRIMITIVE_IMG" PRESENT="1"/>
		<Files TYPE="SNIPPET_IMG" PRESENT="1"/>
	</DataFiles>
	<Content>
		<Primitive BOX="24 12 829 100" ID="Ar0460100" SEQ_NO="0" TOC_ENTRY_ID="55" DEPTH_LEVEL="1">
			<L BOX="95 66 602 106"/>
			<W BOX="95 68 119 106" STYLE_REF="15">46</W>
			<W BOX="296 66 410 105" STYLE_REF="15" M="3 * 7 * ">_BRADSHXW</W>
			<W BOX="424 66 466 105" STYLE_REF="15">THE</W>
			<W BOX="481 66 586 104" STYLE_REF="15" NS="y">BETRAYER</W>
			<W BOX="586 66 602 104" STYLE_REF="15">.</W>
		</Primitive>
	</Content>
	<TOC_Entries><TOC_Entry TOC_ENTRY_ID="99" TITLE="46 BRADSHXW THE BETRAYER." ENTITY_ID_REF="Ar04601" PAGE_NO="46" PAGE_LABEL="46" PRIM_ID_REF="Ar0460100" IS_IC="true"/></TOC_Entries></XMD-entity>
