<?xml version="1.0" encoding="windows-1252" standalone="no"?>
<XMD-entity REPOSITORY_FORMAT="1.0" PRXML_VER="2.0" ENTITY_TYPE="Article" DOC_UID="EWJ_01/03/1858" DOC_VER="1" FIRST_TOC_ENTRY_ID="46" DEPTH_LEVEL="1" INDEX_IN_DOC="100" PAGE_NO="37" ID="Ar03700" BOX="34 29 803 83" LANGUAGE="English" SNP="Ar03700S.png" SNP_WIDTH="770" SNP_HEIGHT="54" LOGICAL_NAME="true">
	<Meta NAME="BRADSHAW THE BETRAYER. 37" DESCRIPTION="" SUBTYPE="" BASE_HREF="EWJ/1858/03/01" SOURCE_TYPE="TIFF" PUBLICATION="EWJ" SECTION="None" ISSUE_DATE="01/03/1858" WORDCNT="5" RELEASE_NO="041-EWJ-1858-03-01-001-SINGLE" PAGE_ID="" PAGE_TYPE="Single" PAGE_WIDTH="841" PAGE_HEIGHT="1244" DEFAULT_IMG_EXT="png" PDF_DESTINATION_MAPPED="OLV0_Entity_0037_0001" IMAGES_RESOLUTION="86" XMD_VER="2.6.238.8" PAGE_LABEL="37"/>
	<Link SOURCE="041-EWJ-1858-03-01-001-SINGLE.PDF" FIRST_ID="Ar00200" LAST_ID="Ar07201" NEXT_ID="Ar03701" PREV_ID="" TOC_ID="d:/Olive/Repository/EWJ/1858/03/01/TOC.xml"/>
	<DataFiles>
		<Files TYPE="DOC_PDF" PRESENT="1"/>
		<Files TYPE="PAGE_PDF" PRESENT="0"/>
		<Files TYPE="DOC_IMG" PRESENT="0"/>
		<Files TYPE="PAGE_IMG" PRESENT="0"/>
		<Files TYPE="PAGE_VIEW_IMG" PRESENT="1"/>
		<Files TYPE="PAGE_PREVIEW_IMG" PRESENT="1"/>
		<Files TYPE="PRIMITIVE_IMG" PRESENT="1"/>
		<Files TYPE="SNIPPET_IMG" PRESENT="1"/>
	</DataFiles>
	<Content>
		<Primitive BOX="34 29 803 83" ID="Ar0370000" SEQ_NO="0" TOC_ENTRY_ID="46" DEPTH_LEVEL="1">
			<L BOX="280 44 781 78"/>
			<W BOX="280 44 383 78" STYLE_REF="13">BRADSHAW</W>
			<W BOX="409 44 450 78" STYLE_REF="13">THE</W>
			<W BOX="465 44 564 78" STYLE_REF="13" NS="y">BETRAYER</W>
			<W BOX="564 44 577 78" STYLE_REF="13">.</W>
			<W BOX="749 44 781 78" STYLE_REF="13">37</W>
		</Primitive>
	</Content>
	<TOC_Entries><TOC_Entry TOC_ENTRY_ID="80" TITLE="BRADSHAW THE BETRAYER. 37" ENTITY_ID_REF="Ar03700" PAGE_NO="37" PAGE_LABEL="37" PRIM_ID_REF="Ar0370000" IS_IC="true"/></TOC_Entries></XMD-entity>
