<?xml version="1.0" encoding="windows-1252" standalone="no"?>
<XMD-entity REPOSITORY_FORMAT="1.0" PRXML_VER="2.0" ENTITY_TYPE="Article" FIRST_TOC_ENTRY_ID="45" DEPTH_LEVEL="1" INDEX_IN_DOC="80" PAGE_NO="37" ID="Ar03701" BOX="34 83 803 1210" LANGUAGE="English" CONTINUATION_TO="Ar03800" CONTINUATION_FROM="Ar03603" LOGICAL_NAME="true">
	<Meta NAME=".+. &quot; Oh Doricles ! your praises are too..." DESCRIPTION="" SUBTYPE="" BASE_HREF="EWJ/1858/03/01" SOURCE_TYPE="TIFF" PUBLICATION="EWJ" SECTION="None" ISSUE_DATE="01/03/1858" WORDCNT="543" RELEASE_NO="041-EWJ-1858-03-01-001-SINGLE" PAGE_ID="" PAGE_TYPE="Single" PAGE_WIDTH="841" PAGE_HEIGHT="1244" DEFAULT_IMG_EXT="png" PDF_DESTINATION_MAPPED="OLV0_Entity_0037_0002" IMAGES_RESOLUTION="86" XMD_VER="2.6.238.8" PAGE_LABEL="37"/>
	<Link SOURCE="041-EWJ-1858-03-01-001-SINGLE.PDF" FIRST_ID="Ar00200" LAST_ID="Ar07201" NEXT_ID="" PREV_ID="Ar03700" TOC_ID="d:/Olive/Repository/EWJ/1858/03/01/TOC.xml"/>
	<DataFiles>
		<Files TYPE="DOC_PDF" PRESENT="1"/>
		<Files TYPE="PAGE_PDF" PRESENT="0"/>
		<Files TYPE="DOC_IMG" PRESENT="0"/>
		<Files TYPE="PAGE_IMG" PRESENT="0"/>
		<Files TYPE="PAGE_VIEW_IMG" PRESENT="1"/>
		<Files TYPE="PAGE_PREVIEW_IMG" PRESENT="1"/>
		<Files TYPE="PRIMITIVE_IMG" PRESENT="1"/>
		<Files TYPE="SNIPPET_IMG" PRESENT="1"/>
	</DataFiles>
	<Content>
		<Primitive BOX="34 83 803 139" ID="Ar0370100" SEQ_NO="0" TOC_ENTRY_ID="45" DEPTH_LEVEL="1">
			<L BOX="81 80 774 115"/>
			<W BOX="81 85 142 115" STYLE_REF="1">dream</W>
			<W BOX="156 85 172 115" STYLE_REF="1">is</W>
			<W BOX="185 85 228 114" STYLE_REF="1" NS="y">over</W>
			<W BOX="228 85 235 114" STYLE_REF="1" NS="y">.</W>
			<W BOX="236 80 239 110" STYLE_REF="1">'</W>
			<W BOX="264 84 356 114" STYLE_REF="1">Faithless</W>
			<W BOX="371 84 470 114" STYLE_REF="1" NS="y">Bradshaw</W>
			<W BOX="475 84 481 114" STYLE_REF="1">!</W>
			<W BOX="498 84 522 114" STYLE_REF="1">an</W>
			<W BOX="538 83 631 113" STYLE_REF="1">impartial</W>
			<W BOX="646 83 709 113" STYLE_REF="1">public</W>
			<W BOX="726 83 774 113" STYLE_REF="1">shall</W>
			<L BOX="81 108 297 139"/>
			<Q BOX="81 109 114 139" STYLE_REF="1" QID="1">dec</Q>
			<q BOX="114 109 145 139" STYLE_REF="1" QID="1">ide</q>
			<QW QID="1">decide</QW>
			<W BOX="153 109 184 139" STYLE_REF="1">our</W>
			<W BOX="193 108 290 138" STYLE_REF="1" NS="y">grievance</W>
			<W BOX="290 108 297 138" STYLE_REF="1">.</W>
		</Primitive>
		<Primitive BOX="34 130 803 186" ID="Ar0370101" SEQ_NO="1" TOC_ENTRY_ID="45" DEPTH_LEVEL="1">
			<L BOX="104 130 773 161"/>
			<W BOX="104 132 122 161" STYLE_REF="1">It</W>
			<W BOX="130 132 168 161" STYLE_REF="1">was</W>
			<W BOX="174 132 259 161" STYLE_REF="1">between</W>
			<W BOX="266 132 307 161" STYLE_REF="1">four</W>
			<W BOX="315 132 351 161" STYLE_REF="1">and</W>
			<W BOX="359 131 386 161" STYLE_REF="1">six</W>
			<W BOX="395 131 449 161" STYLE_REF="1">years</W>
			<W BOX="460 131 495 161" STYLE_REF="1" NS="y">ago</W>
			<W BOX="495 131 501 161" STYLE_REF="1">.</W>
			<W BOX="526 130 536 160" STYLE_REF="1">I</W>
			<W BOX="544 130 580 160" STYLE_REF="1">had</W>
			<W BOX="589 130 635 160" STYLE_REF="1">been</W>
			<W BOX="644 130 669 160" STYLE_REF="1">all</W>
			<W BOX="677 130 733 160" STYLE_REF="1">about</W>
			<W BOX="741 130 773 160" STYLE_REF="1">the</W>
			<L BOX="79 153 776 186"/>
			<Q BOX="79 156 96 186" STYLE_REF="1" QID="2">P</Q>
			<Q BOX="107 159 169 184" STYLE_REF="14" QID="2">renees</Q>
			<q BOX="183 155 219 184" STYLE_REF="1" QID="2">and</q>
			<QW QID="2">Preneesand</QW>
			<W BOX="232 155 243 184" STYLE_REF="1">a</W>
			<W BOX="255 155 305 184" STYLE_REF="1">little</W>
			<W BOX="311 155 356 184" STYLE_REF="1">way</W>
			<W BOX="359 155 400 185" STYLE_REF="1">into</W>
			<Q BOX="411 155 427 185" STYLE_REF="1" QID="3">S</Q>
			<Q BOX="424 155 437 185" STYLE_REF="1" QID="3">p</Q>
			<Q BOX="437 158 468 183" STYLE_REF="14" QID="3">ain</Q>
			<q BOX="483 154 520 184" STYLE_REF="1" QID="3">and</q>
			<QW QID="3">Spainand</QW>
			<W BOX="527 153 567 183" STYLE_REF="1">was</W>
			<W BOX="574 153 619 183" STYLE_REF="1">now</W>
			<Q BOX="622 153 669 183" STYLE_REF="1" QID="4">jogg</Q>
			<q BOX="668 156 700 183" STYLE_REF="30" QID="4">ing</q>
			<QW QID="4">jogging</QW>
			<Q BOX="712 153 767 183" STYLE_REF="1" QID="5">home</Q>
			<Q BOX="767 153 776 183" STYLE_REF="1" QID="5">-</Q>
		</Primitive>
		<Primitive BOX="34 177 803 232" ID="Ar0370102" SEQ_NO="2" TOC_ENTRY_ID="45" DEPTH_LEVEL="1">
			<L BOX="94 154 474 186"/>
			<q BOX="94 156 108 186" STYLE_REF="1" NS="y" QID="5">y</q>
			<QW QID="5">homey</QW>
			<W BOX="170 155 176 185" STYLE_REF="1">,</W>
			<W BOX="469 154 474 184" STYLE_REF="1">,</W>
			<L BOX="80 177 773 209"/>
			<W BOX="80 183 129 208" STYLE_REF="14">ward</W>
			<Q BOX="143 179 156 209" STYLE_REF="1" QID="6">b</Q>
			<q BOX="156 178 168 208" STYLE_REF="1" QID="6">y</q>
			<QW QID="6">by</QW>
			<W BOX="181 178 224 208" STYLE_REF="1">easy</W>
			<W BOX="238 178 298 208" STYLE_REF="1">stages</W>
			<Q BOX="311 178 379 208" STYLE_REF="1" QID="7">throug</Q>
			<q BOX="379 178 391 208" STYLE_REF="1" QID="7">h</q>
			<QW QID="7">through</QW>
			<W BOX="408 178 440 208" STYLE_REF="1">the</W>
			<W BOX="452 178 507 208" STYLE_REF="1">north</W>
			<W BOX="524 177 541 207" STYLE_REF="1">of</W>
			<W BOX="557 177 628 207" STYLE_REF="1" NS="y">France</W>
			<W BOX="628 177 634 207" STYLE_REF="1">.</W>
			<W BOX="664 177 773 207" STYLE_REF="1">Travelling</W>
			<L BOX="79 200 772 232"/>
			<Q BOX="79 202 147 232" STYLE_REF="1" QID="8">alterna</Q>
			<Q BOX="148 202 174 232" STYLE_REF="1" QID="8">tel</Q>
			<q BOX="174 202 186 232" STYLE_REF="1" QID="8">y</q>
			<QW QID="8">alternately</QW>
			<Q BOX="194 202 207 231" STYLE_REF="1" QID="9">b</Q>
			<q BOX="206 202 219 231" STYLE_REF="1" QID="9">y</q>
			<QW QID="9">by</QW>
			<W BOX="227 202 262 231" STYLE_REF="1">rail</W>
			<W BOX="274 202 310 231" STYLE_REF="1">and</W>
			<Q BOX="322 202 355 231" STYLE_REF="1" QID="10">dili</Q>
			<q BOX="356 204 413 231" STYLE_REF="30" NS="y" QID="10">gence</q>
			<QW QID="10">diligence</QW>
			<W BOX="413 202 418 232" STYLE_REF="1">,</W>
			<Q BOX="426 201 450 231" STYLE_REF="1" QID="11">an</Q>
			<q BOX="450 201 462 231" STYLE_REF="1" QID="11">d</q>
			<QW QID="11">and</QW>
			<Q BOX="471 201 579 231" STYLE_REF="1" QID="12">occasionall</Q>
			<q BOX="579 203 594 230" STYLE_REF="30" QID="12">y</q>
			<QW QID="12">occasionally</QW>
			<Q BOX="600 203 621 230" STYLE_REF="30" QID="13">se</Q>
			<Q BOX="621 200 629 230" STYLE_REF="1" QID="13">t</Q>
			<q BOX="629 203 677 230" STYLE_REF="30" QID="13">tling</q>
			<QW QID="13">settling</QW>
			<W BOX="685 204 739 229" STYLE_REF="14">down</W>
			<Q BOX="751 200 759 230" STYLE_REF="1" QID="14">i</Q>
			<q BOX="759 204 772 229" STYLE_REF="14" QID="14">n</q>
			<QW QID="14">in</QW>
		</Primitive>
		<Primitive BOX="34 223 803 279" ID="Ar0370103" SEQ_NO="3" TOC_ENTRY_ID="45" DEPTH_LEVEL="1">
			<L BOX="79 223 774 255"/>
			<W BOX="79 225 128 255" STYLE_REF="1">some</W>
			<W BOX="136 225 188 255" STYLE_REF="1">large</W>
			<W BOX="198 225 247 255" STYLE_REF="1">town</W>
			<W BOX="259 225 286 255" STYLE_REF="1">for</W>
			<W BOX="298 225 331 255" STYLE_REF="1">the</W>
			<W BOX="347 225 391 255" STYLE_REF="1">sake</W>
			<W BOX="404 225 421 255" STYLE_REF="1">of</W>
			<Q BOX="436 225 471 255" STYLE_REF="1" QID="15">exp</Q>
			<q BOX="471 224 535 254" STYLE_REF="1" QID="15">loring</q>
			<QW QID="15">exploring</QW>
			<W BOX="545 224 578 254" STYLE_REF="1">the</W>
			<Q BOX="590 224 621 254" STYLE_REF="1" QID="16">nei</Q>
			<Q BOX="622 224 635 254" STYLE_REF="1" QID="16">g</Q>
			<Q BOX="634 226 685 253" STYLE_REF="30" QID="16">hbou</Q>
			<q BOX="684 226 743 253" STYLE_REF="30" NS="y" QID="16">rhood</q>
			<QW QID="16">neighbourhood</QW>
			<W BOX="743 223 748 253" STYLE_REF="1">,</W>
			<W BOX="762 224 774 254" STYLE_REF="1">I</W>
			<L BOX="79 247 772 279"/>
			<W BOX="79 249 129 278" STYLE_REF="1">came</W>
			<W BOX="141 249 176 278" STYLE_REF="1">one</W>
			<Q BOX="187 249 210 278" STYLE_REF="1" QID="17">da</Q>
			<q BOX="211 249 224 278" STYLE_REF="1" QID="17">y</q>
			<QW QID="17">day</QW>
			<W BOX="232 249 252 278" STYLE_REF="1">to</W>
			<W BOX="262 249 295 278" STYLE_REF="1">the</W>
			<Q BOX="304 249 331 278" STYLE_REF="1" QID="18">cit</Q>
			<q BOX="331 252 344 279" STYLE_REF="30" QID="18">y</q>
			<QW QID="18">city</QW>
			<W BOX="351 251 369 278" STYLE_REF="30">of</W>
			<Q BOX="377 248 392 278" STYLE_REF="1" QID="19">A</Q>
			<Q BOX="394 251 408 278" STYLE_REF="30" QID="19">b</Q>
			<Q BOX="406 248 418 278" STYLE_REF="1" QID="19">b</Q>
			<q BOX="414 251 474 278" STYLE_REF="30" QID="19">il</q>
			<QW QID="19">Abbil</QW>
			<Q BOX="419 251 442 278" STYLE_REF="30" QID="20">ev</Q>
			<Q BOX="456 248 465 278" STYLE_REF="1" QID="20">l</Q>
			<q BOX="464 251 476 278" STYLE_REF="30" NS="y" QID="20">e</q>
			<QW QID="20">evle</QW>
			<W BOX="476 248 481 278" STYLE_REF="1">,</W>
			<W BOX="489 248 525 278" STYLE_REF="1">and</W>
			<W BOX="533 248 577 278" STYLE_REF="1">took</W>
			<W BOX="585 248 611 278" STYLE_REF="1">up</W>
			<W BOX="619 247 648 277" STYLE_REF="1">my</W>
			<W BOX="658 247 742 277" STYLE_REF="1">quarters</W>
			<W BOX="753 247 772 277" STYLE_REF="1">at</W>
		</Primitive>
		<Primitive BOX="34 272 803 328" ID="Ar0370104" SEQ_NO="4" TOC_ENTRY_ID="45" DEPTH_LEVEL="1">
			<L BOX="78 272 311 302"/>
			<Q BOX="78 272 87 302" STYLE_REF="1" QID="21">t</Q>
			<q BOX="86 274 111 301" STYLE_REF="30" QID="21">he</q>
			<QW QID="21">the</QW>
			<Q BOX="118 274 145 301" STYLE_REF="30" QID="22">ho</Q>
			<Q BOX="142 272 150 302" STYLE_REF="1" QID="22">t</Q>
			<q BOX="150 274 168 301" STYLE_REF="30" QID="22">el</q>
			<QW QID="22">hotel</QW>
			<W BOX="179 272 216 302" STYLE_REF="2">Tete</W>
			<W BOX="221 272 240 302" STYLE_REF="2">de</W>
			<W BOX="248 272 306 302" STYLE_REF="2" NS="y">Boeuf</W>
			<W BOX="304 272 311 302" STYLE_REF="2" M="1 * ">_.</W>
			<L BOX="103 294 772 328"/>
			<W BOX="103 298 114 328" STYLE_REF="1" M="1 * ">_"</W>
			<W BOX="119 295 171 325" STYLE_REF="1">Mine</W>
			<Q BOX="184 295 217 325" STYLE_REF="1" QID="23">inn</Q>
			<q BOX="223 295 233 325" STYLE_REF="1" QID="23">"</q>
			<QW QID="23">inn"</QW>
			<W BOX="245 295 284 325" STYLE_REF="1">was</W>
			<Q BOX="296 295 306 325" STYLE_REF="1" QID="24">s</Q>
			<q BOX="304 295 379 325" STYLE_REF="1" QID="24">pacious</q>
			<QW QID="24">spacious</QW>
			<W BOX="391 295 428 325" STYLE_REF="1">and</W>
			<Q BOX="440 295 454 325" STYLE_REF="1" QID="25">g</Q>
			<Q BOX="452 294 502 324" STYLE_REF="1" QID="25">loom</Q>
			<q BOX="501 294 517 324" STYLE_REF="1" NS="y" QID="25">y</q>
			<QW QID="25">gloomy</QW>
			<W BOX="517 294 525 324" STYLE_REF="1">;</W>
			<W BOX="538 294 570 324" STYLE_REF="1">my</W>
			<Q BOX="579 294 614 324" STYLE_REF="1" QID="26">bed</Q>
			<Q BOX="614 294 622 324" STYLE_REF="1" LH="y" QID="26">-</Q>
			<q BOX="622 294 672 324" STYLE_REF="1" QID="26">room</q>
			<QW QID="26">bed-room</QW>
			<Q BOX="686 294 731 324" STYLE_REF="1" QID="27">spac</Q>
			<q BOX="730 294 772 324" STYLE_REF="1" QID="27">ious</q>
			<QW QID="27">spacious</QW>
		</Primitive>
		<Primitive BOX="34 318 803 372" ID="Ar0370105" SEQ_NO="5" TOC_ENTRY_ID="45" DEPTH_LEVEL="1">
			<L BOX="78 318 772 349"/>
			<W BOX="78 322 114 349" STYLE_REF="30">and</W>
			<Q BOX="121 319 134 349" STYLE_REF="1" QID="28">g</Q>
			<Q BOX="133 319 181 349" STYLE_REF="1" QID="28">loom</Q>
			<q BOX="182 319 197 349" STYLE_REF="1" NS="y" QID="28">y</q>
			<QW QID="28">gloomy</QW>
			<W BOX="197 319 205 349" STYLE_REF="1">;</W>
			<W BOX="217 319 250 349" STYLE_REF="1">my</W>
			<W BOX="256 321 293 348" STYLE_REF="30">bed</W>
			<W BOX="300 321 312 348" STYLE_REF="30">a</W>
			<Q BOX="319 321 341 348" STYLE_REF="30" QID="29">ca</Q>
			<Q BOX="340 319 348 349" STYLE_REF="1" QID="29">t</Q>
			<Q BOX="348 321 378 348" STYLE_REF="30" QID="29">afa</Q>
			<Q BOX="376 319 384 349" STYLE_REF="1" QID="29">l</Q>
			<q BOX="384 319 420 348" STYLE_REF="1" QID="29">que</q>
			<QW QID="29">catafalque</QW>
			<W BOX="428 319 473 348" STYLE_REF="1">with</W>
			<Q BOX="482 318 523 348" STYLE_REF="1" QID="30">dust</Q>
			<q BOX="524 318 537 348" STYLE_REF="1" QID="30">y</q>
			<QW QID="30">dusty</QW>
			<W BOX="544 318 607 348" STYLE_REF="1">amber</W>
			<Q BOX="617 318 627 348" STYLE_REF="1" QID="31">s</Q>
			<q BOX="626 318 664 348" STYLE_REF="1" QID="31">atin</q>
			<QW QID="31">satin</QW>
			<Q BOX="673 318 723 348" STYLE_REF="1" QID="32">hang</Q>
			<q BOX="723 318 765 348" STYLE_REF="1" NS="y" QID="32">ings</q>
			<QW QID="32">hangings</QW>
			<W BOX="765 318 772 348" STYLE_REF="1">.</W>
			<L BOX="78 341 771 372"/>
			<W BOX="78 342 138 372" STYLE_REF="1">There</W>
			<W BOX="147 342 196 372" STYLE_REF="1">were</W>
			<W BOX="208 342 261 372" STYLE_REF="1">faded</W>
			<W BOX="275 342 340 372" STYLE_REF="1">frescos</W>
			<W BOX="355 342 379 372" STYLE_REF="1">on</W>
			<W BOX="391 342 416 372" STYLE_REF="1">all</W>
			<W BOX="429 342 461 372" STYLE_REF="1">the</W>
			<W BOX="472 342 526 372" STYLE_REF="1" NS="y">walls</W>
			<W BOX="526 342 532 372" STYLE_REF="1">.</W>
			<W BOX="554 341 614 371" STYLE_REF="1">There</W>
			<W BOX="622 341 661 371" STYLE_REF="1">was</W>
			<W BOX="668 341 678 371" STYLE_REF="1">a</W>
			<W BOX="687 341 740 371" STYLE_REF="1">smell</W>
			<W BOX="752 341 771 371" STYLE_REF="1">of</W>
		</Primitive>
		<Primitive BOX="34 365 803 419" ID="Ar0370106" SEQ_NO="6" TOC_ENTRY_ID="45" DEPTH_LEVEL="1">
			<L BOX="78 365 773 395"/>
			<Q BOX="78 366 119 395" STYLE_REF="1" QID="33">dam</Q>
			<q BOX="119 366 132 395" STYLE_REF="1" QID="33">p</q>
			<QW QID="33">damp</QW>
			<W BOX="145 366 196 395" STYLE_REF="1">earth</W>
			<W BOX="208 366 228 395" STYLE_REF="1">in</W>
			<W BOX="241 366 265 395" STYLE_REF="1">all</W>
			<W BOX="278 366 310 395" STYLE_REF="1">the</W>
			<W BOX="321 366 405 395" STYLE_REF="1" NS="y">passages</W>
			<W BOX="405 366 411 395" STYLE_REF="1">.</W>
			<W BOX="436 365 553 395" STYLE_REF="1">Everything</W>
			<W BOX="559 365 597 395" STYLE_REF="1">was</W>
			<W BOX="605 365 668 395" STYLE_REF="1" NS="y">dismal</W>
			<W BOX="671 365 675 395" STYLE_REF="1">.</W>
			<Q BOX="700 365 764 395" STYLE_REF="1" QID="34">Every</Q>
			<Q BOX="764 365 773 395" STYLE_REF="1" QID="34">-</Q>
			<L BOX="76 388 771 419"/>
			<q BOX="76 390 135 419" STYLE_REF="1" QID="34">thing</q>
			<QW QID="34">Everything</QW>
			<W BOX="142 390 181 419" STYLE_REF="1">was</W>
			<Q BOX="192 390 248 419" STYLE_REF="1" QID="35">decay</Q>
			<q BOX="249 389 282 419" STYLE_REF="1" NS="y" QID="35">ing</q>
			<QW QID="35">decaying</QW>
			<W BOX="282 389 289 419" STYLE_REF="1">.</W>
			<W BOX="311 389 351 419" STYLE_REF="1">The</W>
			<W BOX="359 389 405 419" STYLE_REF="1">very</W>
			<W BOX="412 389 479 419" STYLE_REF="1">waiter</W>
			<W BOX="484 389 550 419" STYLE_REF="1">looked</W>
			<W BOX="558 388 604 418" STYLE_REF="1">grey</W>
			<W BOX="612 388 647 418" STYLE_REF="1">and</W>
			<Q BOX="658 388 723 418" STYLE_REF="1" QID="36">mould</Q>
			<q BOX="722 388 735 418" STYLE_REF="1" NS="y" QID="36">y</q>
			<QW QID="36">mouldy</QW>
			<W BOX="735 388 742 418" STYLE_REF="1">,</W>
			<W BOX="750 392 771 418" STYLE_REF="14">as</W>
		</Primitive>
		<Primitive BOX="34 411 803 466" ID="Ar0370107" SEQ_NO="7" TOC_ENTRY_ID="45" DEPTH_LEVEL="1">
			<L BOX="77 411 771 443"/>
			<W BOX="77 413 91 443" STYLE_REF="1">if</W>
			<W BOX="103 413 127 443" STYLE_REF="1">he</W>
			<W BOX="139 412 175 442" STYLE_REF="1">had</W>
			<W BOX="186 412 233 442" STYLE_REF="1">been</W>
			<W BOX="240 412 277 442" STYLE_REF="1">laid</W>
			<W BOX="286 412 336 442" STYLE_REF="1">aside</W>
			<W BOX="345 412 456 442" STYLE_REF="1">somewhere</W>
			<W BOX="467 412 504 442" STYLE_REF="1">and</W>
			<W BOX="513 412 602 442" STYLE_REF="1">forgotten</W>
			<W BOX="611 411 642 441" STYLE_REF="1">till</W>
			<W BOX="649 411 682 441" STYLE_REF="1">the</W>
			<W BOX="689 411 771 441" STYLE_REF="1">moment</W>
			<L BOX="77 436 213 466"/>
			<W BOX="77 436 94 466" STYLE_REF="1">of</W>
			<W BOX="103 436 134 466" STYLE_REF="1">my</W>
			<W BOX="141 436 206 466" STYLE_REF="1" NS="y">arrival</W>
			<W BOX="206 436 213 466" STYLE_REF="1">.</W>
		</Primitive>
		<Primitive BOX="34 458 803 513" ID="Ar0370108" SEQ_NO="8" TOC_ENTRY_ID="45" DEPTH_LEVEL="1">
			<L BOX="100 458 769 489"/>
			<W BOX="100 460 111 489" STYLE_REF="1">I</W>
			<W BOX="123 460 151 489" STYLE_REF="1">sat</W>
			<W BOX="165 460 218 489" STYLE_REF="1">down</W>
			<W BOX="229 460 279 489" STYLE_REF="1">amid</W>
			<W BOX="291 460 324 489" STYLE_REF="1">my</W>
			<W BOX="335 459 414 489" STYLE_REF="1" NS="y">luggage</W>
			<W BOX="415 459 420 489" STYLE_REF="1">,</W>
			<Q BOX="432 459 456 489" STYLE_REF="1" QID="37">an</Q>
			<q BOX="456 459 467 489" STYLE_REF="1" QID="37">d</q>
			<QW QID="37">and</QW>
			<Q BOX="480 459 496 489" STYLE_REF="1" QID="38">si</Q>
			<Q BOX="497 459 511 489" STYLE_REF="1" QID="38">g</Q>
			<Q BOX="510 458 534 488" STYLE_REF="1" QID="38">he</Q>
			<q BOX="534 458 546 488" STYLE_REF="1" NS="y" QID="38">d</q>
			<QW QID="38">sighed</QW>
			<W BOX="546 458 552 488" STYLE_REF="1">.</W>
			<W BOX="576 458 616 488" STYLE_REF="1">The</W>
			<W BOX="628 458 693 488" STYLE_REF="1">waiter</W>
			<Q BOX="705 458 721 488" STYLE_REF="1" QID="39">si</Q>
			<Q BOX="721 459 734 489" STYLE_REF="1" QID="39">g</Q>
			<q BOX="733 458 769 488" STYLE_REF="1" QID="39">hed</q>
			<QW QID="39">sighed</QW>
			<L BOX="76 483 166 513"/>
			<Q BOX="76 483 132 513" STYLE_REF="1" QID="40">likew</Q>
			<q BOX="132 483 159 513" STYLE_REF="1" NS="y" QID="40">ise</q>
			<QW QID="40">likewise</QW>
			<W BOX="159 483 166 513" STYLE_REF="1">.</W>
		</Primitive>
		<Primitive BOX="34 505 803 560" ID="Ar0370109" SEQ_NO="9" TOC_ENTRY_ID="45" DEPTH_LEVEL="1">
			<L BOX="100 505 710 539"/>
			<W BOX="100 509 111 539" STYLE_REF="1">"</W>
			<Q BOX="116 507 159 536" STYLE_REF="1" QID="41">Any</Q>
			<q BOX="159 506 215 536" STYLE_REF="1" QID="41">thing</q>
			<QW QID="41">Anything</QW>
			<W BOX="220 506 240 536" STYLE_REF="1">to</W>
			<W BOX="247 506 271 536" STYLE_REF="1">be</W>
			<W BOX="279 506 322 536" STYLE_REF="1">seen</W>
			<W BOX="330 506 350 536" STYLE_REF="1">in</W>
			<W BOX="358 506 396 536" STYLE_REF="1">this</W>
			<W BOX="403 506 454 536" STYLE_REF="1">town</W>
			<W BOX="458 506 470 536" STYLE_REF="1" NS="y">?</W>
			<W BOX="470 506 480 536" STYLE_REF="1">"</W>
			<W BOX="485 506 496 536" STYLE_REF="1">I</W>
			<W BOX="504 505 560 535" STYLE_REF="1">asked</W>
			<Q BOX="567 505 682 535" STYLE_REF="1" QID="42">desponding</Q>
			<Q BOX="682 505 692 535" STYLE_REF="1" QID="42">l</Q>
			<q BOX="690 505 703 535" STYLE_REF="1" NS="y" QID="42">y</q>
			<QW QID="42">despondingly</QW>
			<W BOX="703 505 710 535" STYLE_REF="1">.</W>
			<L BOX="100 529 703 560"/>
			<W BOX="100 530 140 560" STYLE_REF="1">The</W>
			<W BOX="147 530 212 560" STYLE_REF="1">waiter</W>
			<W BOX="220 530 292 559" STYLE_REF="1">stroked</W>
			<W BOX="300 529 332 559" STYLE_REF="1">his</W>
			<W BOX="339 529 383 559" STYLE_REF="1" NS="y">chin</W>
			<W BOX="384 529 389 559" STYLE_REF="1">,</W>
			<Q BOX="398 529 422 559" STYLE_REF="1" QID="43">an</Q>
			<q BOX="422 529 433 559" STYLE_REF="1" QID="43">d</q>
			<QW QID="43">and</QW>
			<W BOX="442 529 489 559" STYLE_REF="1">eyed</W>
			<W BOX="497 529 528 559" STYLE_REF="1">me</W>
			<Q BOX="536 529 620 559" STYLE_REF="1" QID="44">contemp</Q>
			<Q BOX="619 529 638 558" STYLE_REF="1" QID="44">la</Q>
			<Q BOX="636 529 682 558" STYLE_REF="1" QID="44">tivel</Q>
			<q BOX="682 529 696 559" STYLE_REF="1" NS="y" QID="44">y</q>
			<QW QID="44">contemplatively</QW>
			<W BOX="696 529 703 559" STYLE_REF="1">.</W>
		</Primitive>
		<Primitive BOX="34 552 803 610" ID="Ar0370110" SEQ_NO="10" TOC_ENTRY_ID="45" DEPTH_LEVEL="1">
			<L BOX="100 552 374 586"/>
			<W BOX="100 556 111 586" STYLE_REF="1">"</W>
			<W BOX="118 553 157 583" STYLE_REF="1">The</W>
			<W BOX="165 553 262 583" STYLE_REF="1" NS="y">Cathedral</W>
			<W BOX="263 552 268 582" STYLE_REF="1">,</W>
			<Q BOX="276 553 298 583" STYLE_REF="1" QID="45">M</Q>
			<Q BOX="298 553 302 583" STYLE_REF="1" QID="45">'</Q>
			<q BOX="302 553 352 583" STYLE_REF="1" NS="y" QID="45">sieur</q>
			<QW QID="45">M'sieur</QW>
			<W BOX="352 553 359 583" STYLE_REF="1" NS="y">.</W>
			<W BOX="359 553 374 583" STYLE_REF="1">"</W>
			<L BOX="100 576 411 610"/>
			<W BOX="100 580 111 610" STYLE_REF="1">"</W>
			<Q BOX="117 577 134 607" STYLE_REF="1" QID="46">N</Q>
			<q BOX="135 579 196 606" STYLE_REF="30" QID="46">othing</q>
			<QW QID="46">Nothing</QW>
			<W BOX="207 577 240 606" STYLE_REF="1">but</W>
			<W BOX="249 576 280 606" STYLE_REF="1">the</W>
			<W BOX="288 576 384 606" STYLE_REF="1">Cathedral</W>
			<Q BOX="390 576 400 606" STYLE_REF="1" QID="47">?</Q>
			<q BOX="400 576 411 606" STYLE_REF="1" QID="47">"</q>
			<QW QID="47">?"</QW>
		</Primitive>
		<Primitive BOX="34 600 803 657" ID="Ar0370111" SEQ_NO="11" TOC_ENTRY_ID="45" DEPTH_LEVEL="1">
			<L BOX="100 600 316 633"/>
			<W BOX="100 603 111 633" STYLE_REF="1">"</W>
			<W BOX="119 601 158 630" STYLE_REF="1">The</W>
			<W BOX="167 601 205 630" STYLE_REF="1" NS="y">city</W>
			<W BOX="205 601 211 630" STYLE_REF="1">,</W>
			<W BOX="220 600 242 630" STYLE_REF="1" NS="y">M</W>
			<W BOX="242 600 246 630" STYLE_REF="1" NS="y">'</W>
			<Q BOX="246 600 257 630" STYLE_REF="1" QID="48">s</Q>
			<q BOX="255 600 295 630" STYLE_REF="1" NS="y" QID="48">ieur</q>
			<QW QID="48">sieur</QW>
			<W BOX="295 600 302 630" STYLE_REF="1" NS="y">.</W>
			<W BOX="302 600 316 630" STYLE_REF="1">"</W>
			<L BOX="99 623 735 657"/>
			<W BOX="99 627 110 657" STYLE_REF="1">"</W>
			<Q BOX="116 624 145 654" STYLE_REF="1" QID="49">Oh</Q>
			<q BOX="153 624 163 654" STYLE_REF="1" QID="49">"</q>
			<QW QID="49">Oh"</QW>
			<W BOX="171 626 210 653" STYLE_REF="30">said</W>
			<Q BOX="218 624 230 654" STYLE_REF="1" QID="50">I</Q>
			<q BOX="245 626 256 656" STYLE_REF="1" QID="50">"</q>
			<QW QID="50">I"</QW>
			<W BOX="263 623 295 653" STYLE_REF="1">the</W>
			<W BOX="303 623 400 653" STYLE_REF="1">Cathedral</W>
			<W BOX="408 623 443 653" STYLE_REF="1">and</W>
			<W BOX="452 623 483 653" STYLE_REF="1">the</W>
			<W BOX="491 623 530 653" STYLE_REF="1" NS="y">city</W>
			<W BOX="530 623 537 653" STYLE_REF="1">.</W>
			<Q BOX="560 623 604 653" STYLE_REF="1" QID="51">Any</Q>
			<q BOX="604 623 659 653" STYLE_REF="1" QID="51">thing</q>
			<QW QID="51">Anything</QW>
			<W BOX="666 623 705 653" STYLE_REF="1" NS="y">else</W>
			<W BOX="708 623 716 653" STYLE_REF="1">?</W>
			<W BOX="722 623 735 653" STYLE_REF="1">"</W>
		</Primitive>
		<Primitive BOX="34 646 803 701" ID="Ar0370112" SEQ_NO="12" TOC_ENTRY_ID="45" DEPTH_LEVEL="1">
			<L BOX="97 624 769 677"/>
			<W BOX="97 648 128 677" STYLE_REF="1">He</W>
			<W BOX="136 648 183 677" STYLE_REF="1">coug</W>
			<W BOX="146 624 154 654" STYLE_REF="1">,</W>
			<W BOX="182 649 220 677" STYLE_REF="30" NS="y">hed</W>
			<W BOX="220 648 225 677" STYLE_REF="1">,</W>
			<W BOX="230 624 235 654" STYLE_REF="1">,</W>
			<Q BOX="234 646 268 676" STYLE_REF="1" QID="52">dus</Q>
			<q BOX="268 646 299 676" STYLE_REF="1" QID="52">ted</q>
			<QW QID="52">dusted</QW>
			<W BOX="307 646 318 676" STYLE_REF="1">a</W>
			<W BOX="327 646 378 676" STYLE_REF="1" NS="y">chair</W>
			<W BOX="379 646 384 676" STYLE_REF="1">,</W>
			<W BOX="392 646 427 676" STYLE_REF="1">and</W>
			<Q BOX="439 646 472 676" STYLE_REF="1" QID="53">affe</Q>
			<Q BOX="475 646 485 676" STYLE_REF="1" QID="53">c</Q>
			<q BOX="485 646 514 676" STYLE_REF="1" QID="53">ted</q>
			<QW QID="53">affected</QW>
			<W BOX="529 646 561 676" STYLE_REF="1">not</W>
			<W BOX="574 646 594 676" STYLE_REF="1">to</W>
			<W BOX="606 646 651 676" STYLE_REF="1" NS="y">hear</W>
			<W BOX="651 646 657 676" STYLE_REF="1">.</W>
			<W BOX="682 646 693 676" STYLE_REF="1">T</W>
			<W BOX="699 646 769 676" STYLE_REF="1">always</W>
			<L BOX="74 669 769 701"/>
			<W BOX="74 671 129 701" STYLE_REF="1">know</W>
			<W BOX="136 671 186 701" STYLE_REF="1">what</W>
			<W BOX="193 670 234 700" STYLE_REF="1">that</W>
			<W BOX="241 670 279 700" STYLE_REF="1">sort</W>
			<W BOX="288 670 305 700" STYLE_REF="1">of</W>
			<W BOX="314 670 396 700" STYLE_REF="1">deafness</W>
			<W BOX="405 669 468 699" STYLE_REF="1" NS="y">means</W>
			<W BOX="468 669 474 699" STYLE_REF="1">.</W>
			<W BOX="498 669 508 699" STYLE_REF="1">I</W>
			<W BOX="516 669 546 699" STYLE_REF="1">am</W>
			<W BOX="553 669 563 699" STYLE_REF="1">a</W>
			<Q BOX="571 669 658 699" STYLE_REF="1" QID="54">traveller</Q>
			<q BOX="673 672 710 699" STYLE_REF="30" QID="54">and</q>
			<QW QID="54">travellerand</QW>
			<W BOX="722 672 769 699" STYLE_REF="30">used</W>
		</Primitive>
		<Primitive BOX="34 693 803 748" ID="Ar0370113" SEQ_NO="13" TOC_ENTRY_ID="45" DEPTH_LEVEL="1">
			<L BOX="659 670 664 700"/>
			<W BOX="659 670 664 700" STYLE_REF="1">,</W>
			<L BOX="73 693 390 724"/>
			<W BOX="73 694 93 724" STYLE_REF="1">to</W>
			<W BOX="101 694 116 724" STYLE_REF="1" NS="y">it</W>
			<W BOX="116 694 122 724" STYLE_REF="1">.</W>
			<W BOX="146 694 205 724" STYLE_REF="1">There</W>
			<W BOX="212 694 251 724" STYLE_REF="1">was</W>
			<W BOX="257 693 268 723" STYLE_REF="1">a</W>
			<W BOX="275 693 320 723" STYLE_REF="1">long</W>
			<W BOX="328 693 383 723" STYLE_REF="1" NS="y">pause</W>
			<W BOX="383 693 390 723" STYLE_REF="1">.</W>
			<L BOX="98 716 499 761"/>
			<W BOX="98 721 109 751" STYLE_REF="1">"</W>
			<Q BOX="114 717 161 747" STYLE_REF="1" QID="55">Whe</Q>
			<q BOX="162 717 174 747" STYLE_REF="1" QID="55">n</q>
			<QW QID="55">When</QW>
			<W BOX="182 717 215 747" STYLE_REF="1">can</W>
			<W BOX="193 733 197 761" STYLE_REF="5">J</W>
			<W BOX="224 717 234 747" STYLE_REF="1">I</W>
			<W BOX="242 717 285 747" STYLE_REF="1">dine</W>
			<W BOX="291 717 300 747" STYLE_REF="1" NS="y">?</W>
			<W BOX="300 717 309 747" STYLE_REF="1">"</W>
			<W BOX="318 717 327 747" STYLE_REF="1">I</W>
			<W BOX="336 716 420 746" STYLE_REF="1">inquired</W>
			<W BOX="430 716 449 746" STYLE_REF="1">at</W>
			<W BOX="457 716 493 746" STYLE_REF="1" NS="y">last</W>
			<W BOX="493 716 499 746" STYLE_REF="1">.</W>
		</Primitive>
		<Primitive BOX="34 736 803 795" ID="Ar0370114" SEQ_NO="14" TOC_ENTRY_ID="45" DEPTH_LEVEL="1">
			<L BOX="98 740 603 773"/>
			<W BOX="98 744 109 773" STYLE_REF="1">"</W>
			<Q BOX="116 741 172 771" STYLE_REF="1" QID="56" M="4 * ">Table</Q>
			<Q BOX="172 741 180 771" STYLE_REF="1" LH="y" QID="56">-</Q>
			<Q BOX="180 741 192 771" STYLE_REF="1" QID="56">d</Q>
			<q BOX="197 740 210 770" STYLE_REF="1" NS="y" QID="56">h</q>
			<QW QID="56">_Table-dh</QW>
			<W BOX="210 740 222 770" STYLE_REF="1" NS="y">6</W>
			<W BOX="222 740 240 770" STYLE_REF="1">te</W>
			<W BOX="248 740 266 770" STYLE_REF="1">at</W>
			<W BOX="274 740 302 770" STYLE_REF="1" NS="y">six</W>
			<W BOX="304 740 309 770" STYLE_REF="1">,</W>
			<W BOX="319 740 340 770" STYLE_REF="1" NS="y">M</W>
			<W BOX="340 740 345 770" STYLE_REF="1" NS="y">'</W>
			<Q BOX="345 744 355 769" STYLE_REF="14" QID="57">s</Q>
			<Q BOX="353 740 361 770" STYLE_REF="1" QID="57">i</Q>
			<q BOX="362 744 394 769" STYLE_REF="14" NS="y" QID="57">eur</q>
			<QW QID="57">sieur</QW>
			<W BOX="395 740 402 769" STYLE_REF="1" NS="y">,</W>
			<W BOX="402 740 412 770" STYLE_REF="1">"</W>
			<Q BOX="420 740 437 770" STYLE_REF="1" QID="58">si</Q>
			<Q BOX="437 740 449 770" STYLE_REF="1" QID="58">g</Q>
			<q BOX="448 740 484 770" STYLE_REF="1" QID="58">hed</q>
			<QW QID="58">sighed</QW>
			<W BOX="493 740 525 770" STYLE_REF="1">the</W>
			<W BOX="532 740 596 770" STYLE_REF="1" NS="y">waiter</W>
			<W BOX="596 740 603 770" STYLE_REF="1">.</W>
			<L BOX="97 763 768 795"/>
			<W BOX="97 765 107 795" STYLE_REF="1">I</W>
			<Q BOX="115 765 128 795" STYLE_REF="1" QID="59">g</Q>
			<q BOX="127 766 194 793" STYLE_REF="30" QID="59">lanced</q>
			<QW QID="59">glanced</QW>
			<Q BOX="199 766 211 793" STYLE_REF="30" QID="60">a</Q>
			<q BOX="210 764 217 794" STYLE_REF="1" QID="60">t</q>
			<QW QID="60">at</QW>
			<Q BOX="226 766 246 793" STYLE_REF="30" QID="61">m</Q>
			<q BOX="244 764 257 794" STYLE_REF="1" QID="61">y</q>
			<QW QID="61">my</QW>
			<Q BOX="265 766 294 793" STYLE_REF="30" QID="62">wa</Q>
			<Q BOX="294 764 302 794" STYLE_REF="1" QID="62">t</Q>
			<q BOX="302 766 327 793" STYLE_REF="30" NS="y" QID="62">ch</q>
			<QW QID="62">watch</QW>
			<W BOX="327 764 332 794" STYLE_REF="1">,</W>
			<W BOX="341 766 376 793" STYLE_REF="30">and</W>
			<W BOX="388 766 443 793" STYLE_REF="30">found</W>
			<Q BOX="458 763 466 793" STYLE_REF="1" QID="63">t</Q>
			<Q BOX="466 766 492 793" STYLE_REF="30" QID="63">ha</Q>
			<q BOX="490 763 499 793" STYLE_REF="1" QID="63">t</q>
			<QW QID="63">that</QW>
			<W BOX="505 766 534 793" STYLE_REF="30">i</W>
			<W BOX="518 763 527 793" STYLE_REF="1">t</W>
			<Q BOX="534 766 576 793" STYLE_REF="30" QID="64">wan</Q>
			<Q BOX="575 763 583 793" STYLE_REF="1" QID="64">t</Q>
			<q BOX="584 766 608 793" STYLE_REF="30" QID="64">ed</q>
			<QW QID="64">wanted</QW>
			<Q BOX="617 763 624 793" STYLE_REF="1" QID="65">t</Q>
			<q BOX="625 766 649 793" STYLE_REF="30" QID="65">en</q>
			<QW QID="65">ten</QW>
			<Q BOX="658 766 678 793" STYLE_REF="30" QID="66">m</Q>
			<Q BOX="676 763 684 793" STYLE_REF="1" QID="66">i</Q>
			<Q BOX="683 766 713 793" STYLE_REF="30" QID="66">nu</Q>
			<Q BOX="710 763 718 793" STYLE_REF="1" QID="66">t</Q>
			<q BOX="718 766 738 793" STYLE_REF="30" QID="66">es</q>
			<QW QID="66">minutes</QW>
			<Q BOX="747 763 755 793" STYLE_REF="1" QID="67">t</Q>
			<q BOX="756 766 768 793" STYLE_REF="30" QID="67">o</q>
			<QW QID="67">to</QW>
		</Primitive>
		<Primitive BOX="34 788 803 843" ID="Ar0370115" SEQ_NO="15" TOC_ENTRY_ID="45" DEPTH_LEVEL="1">
			<L BOX="73 788 122 818"/>
			<Q BOX="73 788 103 818" STYLE_REF="1" QID="68">fou</Q>
			<q BOX="105 788 114 818" STYLE_REF="1" NS="y" QID="68">r</q>
			<QW QID="68">four</QW>
			<W BOX="114 788 122 818" STYLE_REF="1">.</W>
			<L BOX="97 810 723 843"/>
			<W BOX="97 810 102 838" STYLE_REF="5" NS="y">*</W>
			<W BOX="102 810 108 838" STYLE_REF="5">c</W>
			<W BOX="115 811 143 841" STYLE_REF="2">Eh</W>
			<W BOX="150 811 191 841" STYLE_REF="2" NS="y">bien</W>
			<W BOX="191 811 200 841" STYLE_REF="2" NS="y">!</W>
			<W BOX="200 811 208 841" STYLE_REF="2">"</W>
			<Q BOX="219 811 247 841" STYLE_REF="1" QID="69">sai</Q>
			<q BOX="247 811 258 841" STYLE_REF="1" QID="69">d</q>
			<QW QID="69">said</QW>
			<Q BOX="267 811 278 841" STYLE_REF="1" QID="70">I</Q>
			<Q BOX="292 813 322 840" STYLE_REF="30" QID="70">res</Q>
			<Q BOX="321 811 329 841" STYLE_REF="1" QID="70">i</Q>
			<Q BOX="329 811 384 841" STYLE_REF="1" QID="70">gnedl</Q>
			<q BOX="384 811 398 841" STYLE_REF="1" NS="y" QID="70">y</q>
			<QW QID="70">Iresignedly</QW>
			<W BOX="398 811 405 841" STYLE_REF="1">.</W>
			<W BOX="429 813 440 843" STYLE_REF="1">"</W>
			<W BOX="447 811 457 841" STYLE_REF="1">I</W>
			<W BOX="465 811 506 841" STYLE_REF="1">wili</W>
			<W BOX="515 811 566 841" STYLE_REF="1">stroll</W>
			<W BOX="574 811 630 841" STYLE_REF="1">about</W>
			<W BOX="638 811 668 841" STYLE_REF="1">till</W>
			<W BOX="676 811 705 841" STYLE_REF="1" NS="y">six</W>
			<W BOX="706 812 715 842" STYLE_REF="1" NS="y">.</W>
			<Q BOX="712 810 721 840" STYLE_REF="1" QID="71">*</Q>
			<q BOX="720 810 723 840" STYLE_REF="1" QID="71">'</q>
			<QW QID="71">*'</QW>
		</Primitive>
		<Primitive BOX="34 834 803 888" ID="Ar0370116" SEQ_NO="16" TOC_ENTRY_ID="45" DEPTH_LEVEL="1">
			<L BOX="279 811 284 841"/>
			<W BOX="279 811 284 841" STYLE_REF="1">,</W>
			<L BOX="95 834 766 865"/>
			<Q BOX="95 836 131 865" STYLE_REF="1" QID="72">Wh</Q>
			<Q BOX="131 837 177 864" STYLE_REF="30" QID="72">ereu</Q>
			<Q BOX="174 835 187 864" STYLE_REF="1" QID="72">p</Q>
			<q BOX="187 837 211 864" STYLE_REF="30" QID="72">on</q>
			<QW QID="72">Whereupon</QW>
			<Q BOX="224 837 245 864" STYLE_REF="30" QID="73">m</Q>
			<q BOX="242 835 256 864" STYLE_REF="1" QID="73">y</q>
			<QW QID="73">my</QW>
			<Q BOX="268 837 337 864" STYLE_REF="30" QID="74">melanc</Q>
			<Q BOX="339 835 352 864" STYLE_REF="1" QID="74">h</Q>
			<Q BOX="353 837 372 864" STYLE_REF="30" QID="74">ol</Q>
			<q BOX="370 835 383 865" STYLE_REF="1" QID="74">y</q>
			<QW QID="74">melancholy</QW>
			<W BOX="395 837 453 864" STYLE_REF="30">friend</W>
			<Q BOX="468 834 481 864" STYLE_REF="1" QID="75">b</Q>
			<q BOX="482 837 535 864" STYLE_REF="30" QID="75">owed</q>
			<QW QID="75">bowed</QW>
			<W BOX="546 837 574 864" STYLE_REF="30">me</W>
			<W BOX="589 837 645 864" STYLE_REF="30">down</W>
			<Q BOX="655 834 672 864" STYLE_REF="1" QID="76">st</Q>
			<q BOX="673 837 712 864" STYLE_REF="30" NS="y" QID="76">airs</q>
			<QW QID="76">stairs</QW>
			<W BOX="710 835 716 865" STYLE_REF="1">,</W>
			<W BOX="730 835 766 865" STYLE_REF="1">and</W>
			<L BOX="71 858 263 888"/>
			<Q BOX="71 859 100 888" STYLE_REF="1" QID="77">int</Q>
			<q BOX="101 859 111 888" STYLE_REF="1" QID="77">o</q>
			<QW QID="77">into</QW>
			<W BOX="120 859 151 888" STYLE_REF="1">the</W>
			<Q BOX="159 859 209 888" STYLE_REF="1" QID="78">court</Q>
			<q BOX="210 858 256 888" STYLE_REF="1" NS="y" QID="78">yard</q>
			<QW QID="78">courtyard</QW>
			<W BOX="256 858 263 888" STYLE_REF="1">.</W>
		</Primitive>
		<Primitive BOX="34 881 803 935" ID="Ar0370117" SEQ_NO="17" TOC_ENTRY_ID="45" DEPTH_LEVEL="1">
			<L BOX="94 881 765 912"/>
			<W BOX="94 882 112 912" STYLE_REF="1">A</W>
			<W BOX="123 882 159 912" STYLE_REF="1">few</W>
			<W BOX="176 882 225 912" STYLE_REF="1">steps</W>
			<Q BOX="241 881 300 911" STYLE_REF="1" QID="79">broug</Q>
			<q BOX="299 881 321 911" STYLE_REF="1" QID="79">ht</q>
			<QW QID="79">brought</QW>
			<W BOX="336 881 365 911" STYLE_REF="1">me</W>
			<W BOX="380 881 399 911" STYLE_REF="1">to</W>
			<W BOX="415 881 447 911" STYLE_REF="1">the</W>
			<Q BOX="461 881 476 911" STYLE_REF="1" QID="80">C</Q>
			<q BOX="476 881 558 911" STYLE_REF="1" NS="y" QID="80">athedral</q>
			<QW QID="80">Cathedral</QW>
			<W BOX="560 881 564 911" STYLE_REF="1">.</W>
			<W BOX="589 881 607 911" STYLE_REF="1">It</W>
			<W BOX="620 881 658 911" STYLE_REF="1">was</W>
			<W BOX="670 881 717 911" STYLE_REF="1">grey</W>
			<W BOX="728 881 765 911" STYLE_REF="1">and</W>
			<L BOX="71 904 766 935"/>
			<W BOX="71 906 158 935" STYLE_REF="1" NS="y">shadowy</W>
			<W BOX="158 906 164 935" STYLE_REF="1">,</W>
			<W BOX="176 907 212 935" STYLE_REF="30">and</W>
			<Q BOX="224 907 256 935" STYLE_REF="30" QID="81">vas</Q>
			<q BOX="256 905 264 935" STYLE_REF="1" NS="y" QID="81">t</q>
			<QW QID="81">vast</QW>
			<W BOX="265 905 270 935" STYLE_REF="1">,</W>
			<W BOX="282 907 319 934" STYLE_REF="30">and</W>
			<W BOX="331 904 382 934" STYLE_REF="1">quite</W>
			<W BOX="393 904 436 934" STYLE_REF="1">bare</W>
			<W BOX="452 904 470 934" STYLE_REF="1">of</W>
			<W BOX="486 904 600 934" STYLE_REF="1" NS="y">decorations</W>
			<W BOX="600 904 606 934" STYLE_REF="1">.</W>
			<W BOX="631 904 689 934" STYLE_REF="1">There</W>
			<W BOX="704 904 743 934" STYLE_REF="1">was</W>
			<W BOX="754 904 766 934" STYLE_REF="1">a</W>
		</Primitive>
		<Primitive BOX="34 927 803 983" ID="Ar0370118" SEQ_NO="18" TOC_ENTRY_ID="45" DEPTH_LEVEL="1">
			<L BOX="69 927 765 959"/>
			<Q BOX="69 929 78 959" STYLE_REF="1" QID="82">t</Q>
			<Q BOX="78 931 89 958" STYLE_REF="30" QID="82">r</Q>
			<Q BOX="88 929 96 959" STYLE_REF="1" QID="82">i</Q>
			<Q BOX="95 931 120 958" STYLE_REF="30" QID="82">an</Q>
			<Q BOX="118 929 132 959" STYLE_REF="1" QID="82">g</Q>
			<Q BOX="131 931 145 958" STYLE_REF="30" QID="82">u</Q>
			<Q BOX="143 929 152 959" STYLE_REF="1" QID="82">l</Q>
			<q BOX="151 931 169 958" STYLE_REF="30" QID="82">ar</q>
			<QW QID="82">triangular</QW>
			<Q BOX="185 931 194 958" STYLE_REF="30" QID="83">s</Q>
			<Q BOX="194 929 201 959" STYLE_REF="1" QID="83">t</Q>
			<q BOX="202 931 240 958" STYLE_REF="30" QID="83">and</q>
			<QW QID="83">stand</QW>
			<Q BOX="252 931 263 958" STYLE_REF="30" QID="84">o</Q>
			<q BOX="262 927 269 957" STYLE_REF="1" QID="84">f</q>
			<QW QID="84">of</QW>
			<Q BOX="283 930 306 957" STYLE_REF="30" QID="85">vo</Q>
			<Q BOX="305 927 313 957" STYLE_REF="1" QID="85">t</Q>
			<q BOX="314 930 343 957" STYLE_REF="30" QID="85">ive</q>
			<QW QID="85">votive</QW>
			<Q BOX="357 927 366 957" STYLE_REF="1" QID="86">t</Q>
			<Q BOX="366 930 378 957" STYLE_REF="30" QID="86">a</Q>
			<Q BOX="376 927 389 957" STYLE_REF="1" QID="86">p</Q>
			<q BOX="390 930 418 957" STYLE_REF="30" QID="86">ers</q>
			<QW QID="86">tapers</QW>
			<Q BOX="431 930 453 957" STYLE_REF="30" QID="87">ni</Q>
			<Q BOX="452 930 514 957" STYLE_REF="30" QID="87">ckerin</Q>
			<q BOX="515 927 528 957" STYLE_REF="1" QID="87">g</q>
			<QW QID="87">nickering</QW>
			<W BOX="540 929 577 956" STYLE_REF="30">and</W>
			<W BOX="590 927 684 957" STYLE_REF="1">guttering</W>
			<W BOX="696 927 717 957" STYLE_REF="1">in</W>
			<Q BOX="730 927 741 957" STYLE_REF="1" QID="88">o</Q>
			<q BOX="740 928 750 958" STYLE_REF="1" NS="y" QID="88">n</q>
			<QW QID="88">on</QW>
			<W BOX="750 928 765 958" STYLE_REF="1">�</W>
			<L BOX="69 951 767 983"/>
			<Q BOX="69 953 133 983" STYLE_REF="1" QID="89">corner</Q>
			<Q BOX="148 955 177 982" STYLE_REF="30" QID="89">an</Q>
			<q BOX="172 952 184 982" STYLE_REF="1" QID="89">d</q>
			<QW QID="89">cornerand</QW>
			<W BOX="191 955 203 982" STYLE_REF="30">a</W>
			<Q BOX="209 954 245 982" STYLE_REF="30" QID="90">ver</Q>
			<q BOX="242 952 255 982" STYLE_REF="1" QID="90">y</q>
			<QW QID="90">very</QW>
			<Q BOX="264 954 276 981" STYLE_REF="30" QID="91">o</Q>
			<Q BOX="274 952 283 982" STYLE_REF="1" QID="91">l</Q>
			<q BOX="282 954 297 981" STYLE_REF="30" QID="91">d</q>
			<QW QID="91">old</QW>
			<W BOX="302 951 377 981" STYLE_REF="1">peasant</W>
			<W BOX="384 951 457 981" STYLE_REF="1">woman</W>
			<W BOX="463 951 486 981" STYLE_REF="1">on</W>
			<W BOX="493 951 527 981" STYLE_REF="1">her</W>
			<W BOX="536 951 592 980" STYLE_REF="1">knees</W>
			<W BOX="602 951 662 980" STYLE_REF="1">before</W>
			<W BOX="670 951 704 980" STYLE_REF="1">the</W>
			<W BOX="711 951 758 980" STYLE_REF="1" NS="y">altar</W>
			<W BOX="760 951 767 980" STYLE_REF="1">.</W>
		</Primitive>
		<Primitive BOX="34 974 803 1029" ID="Ar0370119" SEQ_NO="19" TOC_ENTRY_ID="45" DEPTH_LEVEL="1">
			<L BOX="69 952 765 1006"/>
			<W BOX="69 976 80 1006" STYLE_REF="1">I</W>
			<W BOX="88 976 116 1006" STYLE_REF="1">sat</W>
			<W BOX="127 976 181 1006" STYLE_REF="1">down</W>
			<W BOX="134 952 140 982" STYLE_REF="1">,</W>
			<W BOX="190 976 213 1006" STYLE_REF="1">on</W>
			<W BOX="224 976 234 1006" STYLE_REF="1">a</W>
			<W BOX="244 975 295 1005" STYLE_REF="1">stone</W>
			<W BOX="306 975 366 1005" STYLE_REF="1" NS="y">bench</W>
			<W BOX="367 975 372 1005" STYLE_REF="1">,</W>
			<Q BOX="380 977 406 1004" STYLE_REF="30" QID="92">an</Q>
			<q BOX="403 975 415 1005" STYLE_REF="1" QID="92">d</q>
			<QW QID="92">and</QW>
			<W BOX="425 977 450 1004" STYLE_REF="30">fell</W>
			<Q BOX="470 977 494 1004" STYLE_REF="30" QID="93">in</Q>
			<Q BOX="491 974 499 1004" STYLE_REF="1" QID="93">t</Q>
			<q BOX="500 977 511 1004" STYLE_REF="30" QID="93">o</q>
			<QW QID="93">into</QW>
			<W BOX="519 977 531 1004" STYLE_REF="30">a</W>
			<Q BOX="538 977 579 1004" STYLE_REF="30" QID="94">mus</Q>
			<Q BOX="577 974 584 1004" STYLE_REF="1" QID="94">i</Q>
			<Q BOX="585 977 602 1004" STYLE_REF="30" QID="94">n</Q>
			<q BOX="598 974 610 1004" STYLE_REF="1" QID="94">g</q>
			<QW QID="94">musing</QW>
			<Q BOX="622 977 632 1004" STYLE_REF="30" QID="95">c</Q>
			<Q BOX="633 974 643 1004" STYLE_REF="1" QID="95">o</Q>
			<Q BOX="642 977 660 1004" STYLE_REF="30" QID="95">n</Q>
			<Q BOX="656 974 663 1004" STYLE_REF="1" QID="95">t</Q>
			<Q BOX="665 977 695 1004" STYLE_REF="30" QID="95">em</Q>
			<Q BOX="693 975 706 1005" STYLE_REF="1" QID="95">p</Q>
			<q BOX="706 974 765 1004" STYLE_REF="1" QID="95">lation</q>
			<QW QID="95">contemplation</QW>
			<L BOX="69 997 764 1029"/>
			<W BOX="69 1000 86 1029" STYLE_REF="1">of</W>
			<W BOX="97 1000 130 1029" STYLE_REF="1">the</W>
			<W BOX="142 999 212 1029" STYLE_REF="1">stained</W>
			<Q BOX="224 999 238 1029" STYLE_REF="1" QID="96">g</Q>
			<Q BOX="237 998 245 1028" STYLE_REF="1" QID="96">l</Q>
			<q BOX="244 1001 273 1028" STYLE_REF="30" QID="96">ass</q>
			<QW QID="96">glass</QW>
			<Q BOX="286 1001 307 1028" STYLE_REF="30" QID="97">or</Q>
			<Q BOX="306 998 314 1028" STYLE_REF="1" QID="97">i</Q>
			<q BOX="314 1001 334 1028" STYLE_REF="30" NS="y" QID="97">el</q>
			<QW QID="97">oriel</QW>
			<W BOX="333 998 338 1028" STYLE_REF="1">,</W>
			<W BOX="346 1000 383 1027" STYLE_REF="30">and</W>
			<W BOX="394 1000 426 1027" STYLE_REF="30">the</W>
			<Q BOX="437 998 446 1028" STYLE_REF="1" QID="98">l</Q>
			<Q BOX="445 1000 471 1027" STYLE_REF="30" QID="98">on</Q>
			<q BOX="469 998 482 1028" STYLE_REF="1" QID="98">g</q>
			<QW QID="98">long</QW>
			<Q BOX="493 998 505 1028" STYLE_REF="1" QID="99">p</Q>
			<Q BOX="506 1000 536 1027" STYLE_REF="30" QID="99">ers</Q>
			<Q BOX="536 997 548 1027" STYLE_REF="1" QID="99">p</Q>
			<Q BOX="549 1000 569 1027" STYLE_REF="30" QID="99">ec</Q>
			<Q BOX="569 997 584 1027" STYLE_REF="1" QID="99">ti</Q>
			<q BOX="585 1000 608 1027" STYLE_REF="30" QID="99">ve</q>
			<QW QID="99">perspective</QW>
			<W BOX="617 1000 636 1027" STYLE_REF="30">of</W>
			<Q BOX="644 997 651 1027" STYLE_REF="1" QID="100">t</Q>
			<q BOX="651 1000 674 1027" STYLE_REF="30" QID="100">he</q>
			<QW QID="100">the</QW>
			<W BOX="679 1000 724 1027" STYLE_REF="30">il</W>
			<Q BOX="685 998 698 1028" STYLE_REF="1" QID="101">p</Q>
			<Q BOX="713 998 721 1027" STYLE_REF="1" QID="101">l</Q>
			<Q BOX="720 1000 751 1027" STYLE_REF="30" QID="101">are</Q>
			<q BOX="751 998 764 1027" STYLE_REF="1" QID="101">d</q>
			<QW QID="101">plared</QW>
		</Primitive>
		<Primitive BOX="34 1021 803 1076" ID="Ar0370120" SEQ_NO="20" TOC_ENTRY_ID="45" DEPTH_LEVEL="1">
			<L BOX="69 1021 765 1053"/>
			<W BOX="69 1023 123 1053" STYLE_REF="1" NS="y">aisles</W>
			<W BOX="123 1023 128 1053" STYLE_REF="1">.</W>
			<Q BOX="152 1023 234 1052" STYLE_REF="1" QID="102">Presentl</Q>
			<q BOX="234 1023 246 1053" STYLE_REF="1" QID="102">y</q>
			<QW QID="102">Presently</QW>
			<W BOX="256 1022 288 1052" STYLE_REF="1">the</W>
			<W BOX="295 1022 360 1052" STYLE_REF="1">verger</W>
			<W BOX="369 1022 419 1052" STYLE_REF="1">came</W>
			<W BOX="427 1022 458 1052" STYLE_REF="1">out</W>
			<W BOX="469 1022 487 1052" STYLE_REF="1">of</W>
			<W BOX="499 1021 531 1051" STYLE_REF="1">the</W>
			<Q BOX="538 1021 599 1051" STYLE_REF="1" QID="103">vestry</Q>
			<Q BOX="599 1021 607 1051" STYLE_REF="1" LH="y" QID="103">-</Q>
			<q BOX="606 1021 658 1051" STYLE_REF="1" NS="y" QID="103">room</q>
			<QW QID="103">vestry-room</QW>
			<W BOX="658 1021 664 1051" STYLE_REF="1">.</W>
			<W BOX="688 1021 719 1051" STYLE_REF="1">He</W>
			<W BOX="727 1021 765 1051" STYLE_REF="1">was</W>
			<L BOX="68 1044 765 1076"/>
			<W BOX="68 1047 79 1076" STYLE_REF="1">a</W>
			<W BOX="89 1047 140 1076" STYLE_REF="1" NS="y">short</W>
			<W BOX="141 1046 146 1076" STYLE_REF="1">,</W>
			<Q BOX="154 1046 167 1076" STYLE_REF="1" QID="104">p</Q>
			<q BOX="167 1046 218 1076" STYLE_REF="1" NS="y" QID="104">lump</q>
			<QW QID="104">plump</QW>
			<W BOX="218 1046 224 1076" STYLE_REF="1">,</W>
			<Q BOX="232 1045 338 1075" STYLE_REF="1" QID="105">inquisitive</Q>
			<Q BOX="338 1045 346 1075" STYLE_REF="1" LH="y" QID="105">-</Q>
			<q BOX="346 1045 423 1075" STYLE_REF="1" QID="105">looking</q>
			<QW QID="105">inquisitive-looking</QW>
			<W BOX="435 1045 477 1075" STYLE_REF="1" NS="y">man</W>
			<W BOX="478 1044 483 1074" STYLE_REF="1">,</W>
			<Q BOX="496 1047 523 1074" STYLE_REF="30" QID="106">wi</Q>
			<q BOX="522 1044 543 1074" STYLE_REF="1" QID="106">th</q>
			<QW QID="106">with</QW>
			<W BOX="553 1047 564 1074" STYLE_REF="30">a</W>
			<Q BOX="576 1044 585 1074" STYLE_REF="1" QID="107">l</Q>
			<Q BOX="585 1047 607 1074" STYLE_REF="30" QID="107">oo</Q>
			<Q BOX="607 1044 617 1074" STYLE_REF="1" QID="107">s</Q>
			<q BOX="616 1047 627 1074" STYLE_REF="30" QID="107">e</q>
			<QW QID="107">loose</QW>
			<W BOX="637 1047 687 1074" STYLE_REF="30">black</W>
			<Q BOX="700 1044 714 1074" STYLE_REF="1" QID="108">g</Q>
			<q BOX="714 1047 756 1074" STYLE_REF="30" NS="y" QID="108">own</q>
			<QW QID="108">gown</QW>
			<W BOX="757 1044 765 1074" STYLE_REF="1">,</W>
		</Primitive>
		<Primitive BOX="34 1067 803 1124" ID="Ar0370121" SEQ_NO="21" TOC_ENTRY_ID="45" DEPTH_LEVEL="1">
			<L BOX="69 1067 763 1100"/>
			<W BOX="69 1073 107 1100" STYLE_REF="30">and</W>
			<W BOX="115 1071 183 1098" STYLE_REF="30">slender</W>
			<Q BOX="197 1071 240 1098" STYLE_REF="30" QID="109">blac</Q>
			<q BOX="239 1069 252 1099" STYLE_REF="1" QID="109">k</q>
			<QW QID="109">black</QW>
			<Q BOX="261 1069 271 1099" STYLE_REF="1" QID="110">l</Q>
			<q BOX="270 1071 304 1098" STYLE_REF="30" NS="y" QID="110">egs</q>
			<QW QID="110">legs</QW>
			<W BOX="303 1069 308 1099" STYLE_REF="1">,</W>
			<Q BOX="319 1068 343 1098" STYLE_REF="1" QID="111">an</Q>
			<q BOX="344 1068 356 1098" STYLE_REF="1" QID="111">d</q>
			<QW QID="111">and</QW>
			<W BOX="366 1068 377 1098" STYLE_REF="1">a</W>
			<W BOX="386 1068 461 1098" STYLE_REF="1">pointed</W>
			<W BOX="474 1068 521 1097" STYLE_REF="1" NS="y">nose</W>
			<W BOX="521 1068 527 1097" STYLE_REF="1">.</W>
			<W BOX="550 1067 580 1097" STYLE_REF="1">He</W>
			<W BOX="590 1067 628 1097" STYLE_REF="1">laid</W>
			<W BOX="638 1067 668 1097" STYLE_REF="1">his</W>
			<W BOX="678 1067 726 1097" STYLE_REF="1">head</W>
			<W BOX="738 1067 763 1097" STYLE_REF="1">on</W>
			<L BOX="69 1091 762 1124"/>
			<W BOX="69 1095 104 1124" STYLE_REF="1">one</W>
			<Q BOX="112 1093 150 1123" STYLE_REF="1" QID="112">side</Q>
			<q BOX="165 1093 230 1122" STYLE_REF="1" QID="112">looked</q>
			<QW QID="112">sidelooked</QW>
			<W BOX="239 1093 258 1122" STYLE_REF="1">at</W>
			<W BOX="266 1093 296 1122" STYLE_REF="1">me</W>
			<Q BOX="303 1093 328 1122" STYLE_REF="1" QID="113">wi</Q>
			<q BOX="330 1093 349 1122" STYLE_REF="1" QID="113">th</q>
			<QW QID="113">with</QW>
			<W BOX="361 1093 395 1122" STYLE_REF="1">one</W>
			<Q BOX="404 1093 418 1122" STYLE_REF="1" QID="114">g</Q>
			<q BOX="417 1092 502 1122" STYLE_REF="1" QID="114">littering</q>
			<QW QID="114">glittering</QW>
			<Q BOX="513 1092 548 1122" STYLE_REF="1" QID="115">eye</Q>
			<q BOX="562 1091 598 1121" STYLE_REF="1" QID="115">and</q>
			<QW QID="115">eyeand</QW>
			<Q BOX="606 1091 619 1121" STYLE_REF="1" QID="116">p</Q>
			<q BOX="619 1091 672 1121" STYLE_REF="1" QID="116">icked</q>
			<QW QID="116">picked</QW>
			<W BOX="683 1091 713 1121" STYLE_REF="1">his</W>
			<W BOX="720 1091 762 1121" STYLE_REF="1">way</W>
		</Primitive>
		<Primitive BOX="34 1114 803 1170" ID="Ar0370122" SEQ_NO="22" TOC_ENTRY_ID="45" DEPTH_LEVEL="1">
			<L BOX="152 1092 553 1123"/>
			<W BOX="152 1093 157 1123" STYLE_REF="1">,</W>
			<W BOX="549 1092 553 1122" STYLE_REF="1">,</W>
			<L BOX="68 1114 763 1147"/>
			<Q BOX="68 1117 134 1147" STYLE_REF="1" QID="117">daintil</Q>
			<q BOX="134 1117 147 1147" STYLE_REF="1" QID="117">y</q>
			<QW QID="117">daintily</QW>
			<W BOX="155 1115 214 1145" STYLE_REF="1">across</W>
			<W BOX="222 1115 255 1145" STYLE_REF="1">the</W>
			<W BOX="263 1115 334 1145" STYLE_REF="1">church</W>
			<W BOX="341 1115 420 1145" STYLE_REF="1">towards</W>
			<W BOX="427 1115 487 1145" STYLE_REF="1">where</W>
			<W BOX="497 1114 506 1144" STYLE_REF="1">I</W>
			<W BOX="515 1114 553 1144" STYLE_REF="1">was</W>
			<W BOX="559 1114 625 1144" STYLE_REF="1" NS="y">sitting</W>
			<W BOX="625 1114 631 1144" STYLE_REF="1">.</W>
			<W BOX="654 1114 763 1144" STYLE_REF="1">Altogether</W>
			<L BOX="68 1137 336 1170"/>
			<W BOX="68 1141 92 1170" STYLE_REF="1">he</W>
			<W BOX="99 1141 137 1170" STYLE_REF="1">was</W>
			<W BOX="144 1140 188 1170" STYLE_REF="1">very</W>
			<W BOX="197 1139 235 1169" STYLE_REF="1">like</W>
			<W BOX="243 1139 253 1169" STYLE_REF="1">a</W>
			<W BOX="262 1139 318 1168" STYLE_REF="1" NS="y">raven</W>
			<W BOX="320 1138 325 1168" STYLE_REF="1">.</W>
			<W BOX="334 1137 336 1167" STYLE_REF="1">,</W>
		</Primitive>
		<Primitive BOX="34 1170 803 1210" ID="Ar0370123" SEQ_NO="23" TOC_ENTRY_ID="45" DEPTH_LEVEL="1">
			<L BOX="93 1162 763 1197"/>
			<W BOX="93 1167 104 1197" STYLE_REF="1">"</W>
			<W BOX="111 1164 185 1194" STYLE_REF="2" NS="y">Bonjour</W>
			<W BOX="185 1165 192 1195" STYLE_REF="2">,</W>
			<W BOX="198 1163 292 1193" STYLE_REF="1" NS="y">Monsieur</W>
			<W BOX="293 1164 300 1193" STYLE_REF="1" NS="y">,</W>
			<W BOX="299 1162 310 1192" STYLE_REF="1">"</W>
			<Q BOX="318 1162 346 1192" STYLE_REF="1" QID="118">sai</Q>
			<q BOX="346 1162 358 1192" STYLE_REF="1" QID="118">d</q>
			<QW QID="118">said</QW>
			<W BOX="366 1162 390 1192" STYLE_REF="1" NS="y">he</W>
			<W BOX="391 1162 396 1192" STYLE_REF="1">,</W>
			<W BOX="404 1162 451 1192" STYLE_REF="1">with</W>
			<W BOX="458 1162 513 1192" STYLE_REF="1">fluent</W>
			<W BOX="524 1162 625 1192" STYLE_REF="1" NS="y">politeness</W>
			<W BOX="626 1162 632 1192" STYLE_REF="1">,</W>
			<W BOX="639 1162 674 1191" STYLE_REF="1">and</W>
			<W BOX="683 1162 722 1191" STYLE_REF="1">just</W>
			<W BOX="730 1162 763 1191" STYLE_REF="1">the</W>
		</Primitive>
	</Content>
	<TOC_Entries><TOC_Entry TOC_ENTRY_ID="81" TITLE=".+. &quot; Oh Doricles ! your praises are too..." ENTITY_ID_REF="Ar03701" PAGE_NO="37" PAGE_LABEL="37" PRIM_ID_REF="Ar0370100" IS_IC="true"/></TOC_Entries></XMD-entity>
