<?xml version="1.0" encoding="windows-1252" standalone="no"?>
<XMD-entity REPOSITORY_FORMAT="1.0" PRXML_VER="2.0" ENTITY_TYPE="Article" DOC_UID="EWJ_01/04/1858" DOC_VER="1" FIRST_TOC_ENTRY_ID="31" DEPTH_LEVEL="1" INDEX_IN_DOC="57" PAGE_NO="26" ID="Ar02601" BOX="24 12 811 91" LANGUAGE="English" SNP="Ar02601S.png" SNP_WIDTH="788" SNP_HEIGHT="80" LOGICAL_NAME="true">
	<Meta NAME="98 ELIZABETH BXACKWEHL." DESCRIPTION="" SUBTYPE="" BASE_HREF="EWJ/1858/04/01" SOURCE_TYPE="TIFF" PUBLICATION="EWJ" SECTION="None" ISSUE_DATE="01/04/1858" WORDCNT="4" RELEASE_NO="041-EWJ-1858-04-01-001-SINGLE" PAGE_ID="" PAGE_TYPE="Single" PAGE_WIDTH="823" PAGE_HEIGHT="1239" DEFAULT_IMG_EXT="png" PDF_DESTINATION_MAPPED="OLV0_Entity_0026_0002" IMAGES_RESOLUTION="86" XMD_VER="2.6.238.8" PAGE_LABEL="98"/>
	<Link SOURCE="041-EWJ-1858-04-01-001-SINGLE.PDF" FIRST_ID="Ar00200" LAST_ID="Ar07201" NEXT_ID="" PREV_ID="Ar02600" TOC_ID="d:/Olive/Repository/EWJ/1858/04/01/TOC.xml"/>
	<DataFiles>
		<Files TYPE="DOC_PDF" PRESENT="1"/>
		<Files TYPE="PAGE_PDF" PRESENT="0"/>
		<Files TYPE="DOC_IMG" PRESENT="0"/>
		<Files TYPE="PAGE_IMG" PRESENT="0"/>
		<Files TYPE="PAGE_VIEW_IMG" PRESENT="1"/>
		<Files TYPE="PAGE_PREVIEW_IMG" PRESENT="1"/>
		<Files TYPE="PRIMITIVE_IMG" PRESENT="1"/>
		<Files TYPE="SNIPPET_IMG" PRESENT="1"/>
	</DataFiles>
	<Content>
		<Primitive BOX="24 12 811 91" ID="Ar0260100" SEQ_NO="0" TOC_ENTRY_ID="31" DEPTH_LEVEL="1">
			<L BOX="64 45 547 80"/>
			<W BOX="64 45 89 80" STYLE_REF="18">98</W>
			<W BOX="278 51 397 78" STYLE_REF="1">ELIZABETH</W>
			<Q BOX="412 50 515 77" STYLE_REF="1" QID="1">BXACKWE</Q>
			<q BOX="514 50 541 76" STYLE_REF="1" NS="y" QID="1">HL</q>
			<QW QID="1">BXACKWEHL</QW>
			<W BOX="541 50 547 76" STYLE_REF="1">.</W>
		</Primitive>
	</Content>
	<TOC_Entries><TOC_Entry TOC_ENTRY_ID="55" TITLE="98 ELIZABETH BXACKWEHL." ENTITY_ID_REF="Ar02601" PAGE_NO="26" PAGE_LABEL="98" PRIM_ID_REF="Ar0260100" IS_IC="true"/></TOC_Entries></XMD-entity>
