<?xml version="1.0" encoding="windows-1252" standalone="no"?>
<XMD-entity REPOSITORY_FORMAT="1.0" PRXML_VER="2.0" ENTITY_TYPE="Article" DOC_UID="EWJ_01/04/1858" DOC_VER="1" FIRST_TOC_ENTRY_ID="9" DEPTH_LEVEL="1" INDEX_IN_DOC="15" PAGE_NO="6" ID="Ar00601" BOX="24 12 811 86" LANGUAGE="English" SNP="Ar00601S.png" SNP_WIDTH="788" SNP_HEIGHT="75" LOGICAL_NAME="true">
	<Meta NAME="78 ' FLORENCE NIGHTINGALE AND THE ENGLIS..." DESCRIPTION="" SUBTYPE="" BASE_HREF="EWJ/1858/04/01" SOURCE_TYPE="TIFF" PUBLICATION="EWJ" SECTION="None" ISSUE_DATE="01/04/1858" WORDCNT="9" RELEASE_NO="041-EWJ-1858-04-01-001-SINGLE" PAGE_ID="" PAGE_TYPE="Single" PAGE_WIDTH="823" PAGE_HEIGHT="1239" DEFAULT_IMG_EXT="png" PDF_DESTINATION_MAPPED="OLV0_Entity_0006_0002" IMAGES_RESOLUTION="86" XMD_VER="2.6.238.8" PAGE_LABEL="78"/>
	<Link SOURCE="041-EWJ-1858-04-01-001-SINGLE.PDF" FIRST_ID="Ar00200" LAST_ID="Ar07201" NEXT_ID="" PREV_ID="Ar00600" TOC_ID="d:/Olive/Repository/EWJ/1858/04/01/TOC.xml"/>
	<DataFiles>
		<Files TYPE="DOC_PDF" PRESENT="1"/>
		<Files TYPE="PAGE_PDF" PRESENT="0"/>
		<Files TYPE="DOC_IMG" PRESENT="0"/>
		<Files TYPE="PAGE_IMG" PRESENT="0"/>
		<Files TYPE="PAGE_VIEW_IMG" PRESENT="1"/>
		<Files TYPE="PAGE_PREVIEW_IMG" PRESENT="1"/>
		<Files TYPE="PRIMITIVE_IMG" PRESENT="1"/>
		<Files TYPE="SNIPPET_IMG" PRESENT="1"/>
	</DataFiles>
	<Content>
		<Primitive BOX="24 12 811 86" ID="Ar0060100" SEQ_NO="0" TOC_ENTRY_ID="9" DEPTH_LEVEL="1">
			<L BOX="61 48 717 80"/>
			<W BOX="61 57 89 80" STYLE_REF="7">78</W>
			<W BOX="110 51 111 75" STYLE_REF="7">'</W>
			<W BOX="114 54 224 78" STYLE_REF="7">FLORENCE</W>
			<W BOX="236 53 385 76" STYLE_REF="7">NIGHTINGALE</W>
			<W BOX="398 50 441 74" STYLE_REF="7">AND</W>
			<W BOX="455 50 497 73" STYLE_REF="7">THE</W>
			<W BOX="513 49 604 72" STYLE_REF="7">ENGLISH</W>
			<W BOX="618 48 710 71" STYLE_REF="7" NS="y">SOLDIER</W>
			<W BOX="711 48 717 71" STYLE_REF="7">;</W>
		</Primitive>
	</Content>
	<TOC_Entries><TOC_Entry TOC_ENTRY_ID="14" TITLE="78 ' FLORENCE NIGHTINGALE AND THE ENGLIS..." ENTITY_ID_REF="Ar00601" PAGE_NO="6" PAGE_LABEL="78" PRIM_ID_REF="Ar0060100" IS_IC="true"/></TOC_Entries></XMD-entity>
