<?xml version="1.0" encoding="windows-1252" standalone="no"?>
<XMD-entity REPOSITORY_FORMAT="1.0" PRXML_VER="2.0" ENTITY_TYPE="Article" DOC_UID="EWJ_01/03/1858" DOC_VER="1" FIRST_TOC_ENTRY_ID="36" DEPTH_LEVEL="1" INDEX_IN_DOC="70" PAGE_NO="29" ID="Ar02901" BOX="24 12 829 80" LANGUAGE="English" SNP="Ar02901S.png" SNP_WIDTH="806" SNP_HEIGHT="68" LOGICAL_NAME="true">
	<Meta NAME="Miss bosanquet. 29" DESCRIPTION="" SUBTYPE="" BASE_HREF="EWJ/1858/03/01" SOURCE_TYPE="TIFF" PUBLICATION="EWJ" SECTION="None" ISSUE_DATE="01/03/1858" WORDCNT="3" RELEASE_NO="041-EWJ-1858-03-01-001-SINGLE" PAGE_ID="" PAGE_TYPE="Single" PAGE_WIDTH="842" PAGE_HEIGHT="1244" DEFAULT_IMG_EXT="png" PDF_DESTINATION_MAPPED="OLV0_Entity_0029_0002" IMAGES_RESOLUTION="86" XMD_VER="2.6.238.8" PAGE_LABEL="29"/>
	<Link SOURCE="041-EWJ-1858-03-01-001-SINGLE.PDF" FIRST_ID="Ar00200" LAST_ID="Ar07201" NEXT_ID="" PREV_ID="Ar02900" TOC_ID="d:/Olive/Repository/EWJ/1858/03/01/TOC.xml"/>
	<DataFiles>
		<Files TYPE="DOC_PDF" PRESENT="1"/>
		<Files TYPE="PAGE_PDF" PRESENT="0"/>
		<Files TYPE="DOC_IMG" PRESENT="0"/>
		<Files TYPE="PAGE_IMG" PRESENT="0"/>
		<Files TYPE="PAGE_VIEW_IMG" PRESENT="1"/>
		<Files TYPE="PAGE_PREVIEW_IMG" PRESENT="1"/>
		<Files TYPE="PRIMITIVE_IMG" PRESENT="1"/>
		<Files TYPE="SNIPPET_IMG" PRESENT="1"/>
	</DataFiles>
	<Content>
		<Primitive BOX="24 12 829 80" ID="Ar0290100" SEQ_NO="0" TOC_ENTRY_ID="36" DEPTH_LEVEL="1">
			<L BOX="307 48 772 75"/>
			<W BOX="307 48 356 75" STYLE_REF="9">Miss</W>
			<Q BOX="370 48 437 75" STYLE_REF="9" QID="1">bosan</Q>
			<q BOX="438 48 492 75" STYLE_REF="9" NS="y" QID="1">quet</q>
			<QW QID="1">bosanquet</QW>
			<W BOX="492 48 499 75" STYLE_REF="9">.</W>
			<W BOX="745 48 772 75" STYLE_REF="9">29</W>
		</Primitive>
	</Content>
	<TOC_Entries><TOC_Entry TOC_ENTRY_ID="63" TITLE="Miss bosanquet. 29" ENTITY_ID_REF="Ar02901" PAGE_NO="29" PAGE_LABEL="29" PRIM_ID_REF="Ar0290100" IS_IC="true"/></TOC_Entries></XMD-entity>
