<?xml version="1.0" encoding="windows-1252" standalone="no"?>
<XMD-PAGE REPOSITORY_FORMAT="1.0" PRXML_VER="2.0">
	<Meta ISSUE_DATE="01/03/1858" RELEASE_NO="041-EWJ-1858-03-01-001-SINGLE" PAGE_NO="29" NAME="" PAGE_LABEL="29" PAGE_TYPE="Single" PUBLISHER="Olive" PUBLICATION="EWJ" SOURCE_TYPE="TIFF" SOURCE_RESOLUTION="72" IMAGES_RESOLUTION="86" PAGE_THUMBNAIL_RESOLUTION="86" PAGE_PREVIEW_RESOLUTION="15" DEFAULT_IMG_EXT="png" IMG_EXT="png" PREVIEW_IMG_EXT="png" XMD_VER="2.6.238.8" PROFILE_ID="D:\pdfs\EWJ\XMD_EWJ.ini" SECTION="None" PAGE_WIDTH="842" PAGE_HEIGHT="1244" PAGES_NUMBER="72" BASE_HREF="EWJ/1858/03/01" PDF_DESTINATION_MAPPED="OLV0_Page_0029">
		<Resolutions>
			<Resolution DEFAULT="true">86</Resolution>
		</Resolutions>
	</Meta>
	<Link SOURCE="041-EWJ-1858-03-01-001-SINGLE.PDF" NEXT_SECTION="" PREV_SECTION="1"/>
	<DataFiles>
		<Files TYPE="DOC_PDF" PRESENT="1"/>
		<Files TYPE="PAGE_PDF" PRESENT="0"/>
		<Files TYPE="DOC_IMG" PRESENT="0"/>
		<Files TYPE="PAGE_IMG" PRESENT="0"/>
		<Files TYPE="PAGE_VIEW_IMG" PRESENT="1"/>
		<Files TYPE="PAGE_PREVIEW_IMG" PRESENT="1"/>
		<Files TYPE="PRIMITIVE_IMG" PRESENT="1"/>
		<Files TYPE="SNIPPET_IMG" PRESENT="1"/>
	</DataFiles>
	<Entity ENTITY_TYPE="Article" FIRST_TOC_ENTRY_ID="35" INDEX_IN_DOC="62" DEPTH_LEVEL="1" ID="Ar02900" SIZE="XLarge" BOX="24 80 829 1219" NEXT_SECTION="" PREV_SECTION="1" CONTINUATION_TO="Ar03000" CONTINUATION_FROM="Ar02801" FIRST_CHUNK="Ar02801" IMAGES_RESOLUTION="86" LOGICAL_NAME="true">
		<Name>Considerable interest having been expres...</Name>
		<Primitive ID="Ar0290000" BOX="24 80 829 145" ELEMENT_TYPE="Content" SEQ_NO="0" TOC_ENTRY_ID="35" DEPTH_LEVEL="1"/>
		<Primitive ID="Ar0290001" BOX="24 139 829 190" ELEMENT_TYPE="Content" SEQ_NO="1" TOC_ENTRY_ID="35" DEPTH_LEVEL="1"/>
		<Primitive ID="Ar0290002" BOX="24 186 829 238" ELEMENT_TYPE="Content" SEQ_NO="2" TOC_ENTRY_ID="35" DEPTH_LEVEL="1"/>
		<Primitive ID="Ar0290003" BOX="24 233 829 285" ELEMENT_TYPE="Content" SEQ_NO="3" TOC_ENTRY_ID="35" DEPTH_LEVEL="1"/>
		<Primitive ID="Ar0290004" BOX="24 280 829 332" ELEMENT_TYPE="Content" SEQ_NO="4" TOC_ENTRY_ID="35" DEPTH_LEVEL="1"/>
		<Primitive ID="Ar0290005" BOX="24 327 829 379" ELEMENT_TYPE="Content" SEQ_NO="5" TOC_ENTRY_ID="35" DEPTH_LEVEL="1"/>
		<Primitive ID="Ar0290006" BOX="24 375 829 427" ELEMENT_TYPE="Content" SEQ_NO="6" TOC_ENTRY_ID="35" DEPTH_LEVEL="1"/>
		<Primitive ID="Ar0290007" BOX="24 422 829 474" ELEMENT_TYPE="Content" SEQ_NO="7" TOC_ENTRY_ID="35" DEPTH_LEVEL="1"/>
		<Primitive ID="Ar0290008" BOX="24 469 829 522" ELEMENT_TYPE="Content" SEQ_NO="8" TOC_ENTRY_ID="35" DEPTH_LEVEL="1"/>
		<Primitive ID="Ar0290009" BOX="24 516 829 568" ELEMENT_TYPE="Content" SEQ_NO="9" TOC_ENTRY_ID="35" DEPTH_LEVEL="1"/>
		<Primitive ID="Ar0290010" BOX="24 562 829 615" ELEMENT_TYPE="Content" SEQ_NO="10" TOC_ENTRY_ID="35" DEPTH_LEVEL="1"/>
		<Primitive ID="Ar0290011" BOX="24 611 829 663" ELEMENT_TYPE="Content" SEQ_NO="11" TOC_ENTRY_ID="35" DEPTH_LEVEL="1"/>
		<Primitive ID="Ar0290012" BOX="24 658 829 710" ELEMENT_TYPE="Content" SEQ_NO="12" TOC_ENTRY_ID="35" DEPTH_LEVEL="1"/>
		<Primitive ID="Ar0290013" BOX="24 706 829 757" ELEMENT_TYPE="Content" SEQ_NO="13" TOC_ENTRY_ID="35" DEPTH_LEVEL="1"/>
		<Primitive ID="Ar0290014" BOX="24 753 829 804" ELEMENT_TYPE="Content" SEQ_NO="14" TOC_ENTRY_ID="35" DEPTH_LEVEL="1"/>
		<Primitive ID="Ar0290015" BOX="24 800 829 852" ELEMENT_TYPE="Content" SEQ_NO="15" TOC_ENTRY_ID="35" DEPTH_LEVEL="1"/>
		<Primitive ID="Ar0290016" BOX="24 848 829 899" ELEMENT_TYPE="Content" SEQ_NO="16" TOC_ENTRY_ID="35" DEPTH_LEVEL="1"/>
		<Primitive ID="Ar0290017" BOX="24 895 829 948" ELEMENT_TYPE="Content" SEQ_NO="17" TOC_ENTRY_ID="35" DEPTH_LEVEL="1"/>
		<Primitive ID="Ar0290018" BOX="24 942 829 994" ELEMENT_TYPE="Content" SEQ_NO="18" TOC_ENTRY_ID="35" DEPTH_LEVEL="1"/>
		<Primitive ID="Ar0290019" BOX="24 989 829 1041" ELEMENT_TYPE="Content" SEQ_NO="19" TOC_ENTRY_ID="35" DEPTH_LEVEL="1"/>
		<Primitive ID="Ar0290020" BOX="24 1036 829 1088" ELEMENT_TYPE="Content" SEQ_NO="20" TOC_ENTRY_ID="35" DEPTH_LEVEL="1"/>
		<Primitive ID="Ar0290021" BOX="24 1083 829 1135" ELEMENT_TYPE="Content" SEQ_NO="21" TOC_ENTRY_ID="35" DEPTH_LEVEL="1"/>
		<Primitive ID="Ar0290022" BOX="24 1130 829 1182" ELEMENT_TYPE="Content" SEQ_NO="22" TOC_ENTRY_ID="35" DEPTH_LEVEL="1"/>
		<Primitive ID="Ar0290023" BOX="24 1182 829 1219" ELEMENT_TYPE="Content" SEQ_NO="23" TOC_ENTRY_ID="35" DEPTH_LEVEL="1"/>
	</Entity>
	<Entity ENTITY_TYPE="Article" FIRST_TOC_ENTRY_ID="36" INDEX_IN_DOC="70" DEPTH_LEVEL="1" ID="Ar02901" SIZE="Small" BOX="24 12 829 80" NEXT_SECTION="" PREV_SECTION="1" IMAGES_RESOLUTION="86" LOGICAL_NAME="true">
		<Name>Miss bosanquet. 29</Name>
		<Primitive ID="Ar0290100" BOX="24 12 829 80" ELEMENT_TYPE="Content" SEQ_NO="0" TOC_ENTRY_ID="36" DEPTH_LEVEL="1"/>
	</Entity>
</XMD-PAGE>
