<?xml version="1.0" encoding="windows-1252" standalone="no"?>
<XMD-entity REPOSITORY_FORMAT="1.0" PRXML_VER="2.0" ENTITY_TYPE="Article" DOC_UID="EWJ_01/03/1858" DOC_VER="1" FIRST_TOC_ENTRY_ID="25" DEPTH_LEVEL="1" INDEX_IN_DOC="51" PAGE_NO="20" ID="Ar02000" BOX="43 37 802 85" LANGUAGE="English" SNP="Ar02000S.png" SNP_WIDTH="760" SNP_HEIGHT="48" LOGICAL_NAME="true">
	<Meta NAME="20 A HOUSE OF MERCY." DESCRIPTION="" SUBTYPE="" BASE_HREF="EWJ/1858/03/01" SOURCE_TYPE="TIFF" PUBLICATION="EWJ" SECTION="None" ISSUE_DATE="01/03/1858" WORDCNT="6" RELEASE_NO="041-EWJ-1858-03-01-001-SINGLE" PAGE_ID="" PAGE_TYPE="Single" PAGE_WIDTH="841" PAGE_HEIGHT="1244" DEFAULT_IMG_EXT="png" PDF_DESTINATION_MAPPED="OLV0_Entity_0020_0001" IMAGES_RESOLUTION="86" XMD_VER="2.6.238.8" PAGE_LABEL="20"/>
	<Link SOURCE="041-EWJ-1858-03-01-001-SINGLE.PDF" FIRST_ID="Ar00200" LAST_ID="Ar07201" NEXT_ID="Ar02001" PREV_ID="" TOC_ID="d:/Olive/Repository/EWJ/1858/03/01/TOC.xml"/>
	<DataFiles>
		<Files TYPE="DOC_PDF" PRESENT="1"/>
		<Files TYPE="PAGE_PDF" PRESENT="0"/>
		<Files TYPE="DOC_IMG" PRESENT="0"/>
		<Files TYPE="PAGE_IMG" PRESENT="0"/>
		<Files TYPE="PAGE_VIEW_IMG" PRESENT="1"/>
		<Files TYPE="PAGE_PREVIEW_IMG" PRESENT="1"/>
		<Files TYPE="PRIMITIVE_IMG" PRESENT="1"/>
		<Files TYPE="SNIPPET_IMG" PRESENT="1"/>
	</DataFiles>
	<Content>
		<Primitive BOX="43 37 802 85" ID="Ar0200000" SEQ_NO="0" TOC_ENTRY_ID="25" DEPTH_LEVEL="1">
			<L BOX="77 50 539 74"/>
			<W BOX="77 50 103 74" STYLE_REF="7">20</W>
			<W BOX="313 50 328 73" STYLE_REF="7">A</W>
			<W BOX="341 50 409 73" STYLE_REF="7">HOUSE</W>
			<W BOX="423 50 449 73" STYLE_REF="7">OF</W>
			<W BOX="462 50 534 73" STYLE_REF="7" NS="y">MERCY</W>
			<W BOX="534 50 539 73" STYLE_REF="7">.</W>
		</Primitive>
	</Content>
	<TOC_Entries><TOC_Entry TOC_ENTRY_ID="43" TITLE="20 A HOUSE OF MERCY." ENTITY_ID_REF="Ar02000" PAGE_NO="20" PAGE_LABEL="20" PRIM_ID_REF="Ar0200000" IS_IC="true"/></TOC_Entries></XMD-entity>
