<?xml version="1.0" encoding="windows-1252" standalone="no"?>
<XMD-PAGE REPOSITORY_FORMAT="1.0" PRXML_VER="2.0">
	<Meta ISSUE_DATE="01/03/1858" RELEASE_NO="041-EWJ-1858-03-01-001-SINGLE" PAGE_NO="20" NAME="" PAGE_LABEL="20" PAGE_TYPE="Single" PUBLISHER="Olive" PUBLICATION="EWJ" SOURCE_TYPE="TIFF" SOURCE_RESOLUTION="72" IMAGES_RESOLUTION="86" PAGE_THUMBNAIL_RESOLUTION="86" PAGE_PREVIEW_RESOLUTION="15" DEFAULT_IMG_EXT="png" IMG_EXT="png" PREVIEW_IMG_EXT="png" XMD_VER="2.6.238.8" PROFILE_ID="D:\pdfs\EWJ\XMD_EWJ.ini" SECTION="None" PAGE_WIDTH="841" PAGE_HEIGHT="1244" PAGES_NUMBER="72" BASE_HREF="EWJ/1858/03/01" PDF_DESTINATION_MAPPED="OLV0_Page_0020">
		<Resolutions>
			<Resolution DEFAULT="true">86</Resolution>
		</Resolutions>
	</Meta>
	<Link SOURCE="041-EWJ-1858-03-01-001-SINGLE.PDF" NEXT_SECTION="" PREV_SECTION="1"/>
	<DataFiles>
		<Files TYPE="DOC_PDF" PRESENT="1"/>
		<Files TYPE="PAGE_PDF" PRESENT="0"/>
		<Files TYPE="DOC_IMG" PRESENT="0"/>
		<Files TYPE="PAGE_IMG" PRESENT="0"/>
		<Files TYPE="PAGE_VIEW_IMG" PRESENT="1"/>
		<Files TYPE="PAGE_PREVIEW_IMG" PRESENT="1"/>
		<Files TYPE="PRIMITIVE_IMG" PRESENT="1"/>
		<Files TYPE="SNIPPET_IMG" PRESENT="1"/>
	</DataFiles>
	<Entity ENTITY_TYPE="Article" FIRST_TOC_ENTRY_ID="25" INDEX_IN_DOC="51" DEPTH_LEVEL="1" ID="Ar02000" SIZE="Small" BOX="43 37 802 85" NEXT_SECTION="" PREV_SECTION="1" IMAGES_RESOLUTION="86" LOGICAL_NAME="true">
		<Name>20 A HOUSE OF MERCY.</Name>
		<Primitive ID="Ar0200000" BOX="43 37 802 85" ELEMENT_TYPE="Content" SEQ_NO="0" TOC_ENTRY_ID="25" DEPTH_LEVEL="1"/>
	</Entity>
	<Entity ENTITY_TYPE="Article" FIRST_TOC_ENTRY_ID="18" INDEX_IN_DOC="37" DEPTH_LEVEL="1" ID="Ar02001" SIZE="XLarge" BOX="43 85 802 1216" NEXT_SECTION="" PREV_SECTION="1" CONTINUATION_TO="Ar02100" CONTINUATION_FROM="Ar01900" FIRST_CHUNK="Ar01303" IMAGES_RESOLUTION="86" LOGICAL_NAME="true">
		<Name>. at A few This High days institution ga...</Name>
		<Primitive ID="Ar0200100" BOX="43 85 802 142" ELEMENT_TYPE="Content" SEQ_NO="0" TOC_ENTRY_ID="18" DEPTH_LEVEL="1"/>
		<Primitive ID="Ar0200101" BOX="43 137 802 188" ELEMENT_TYPE="Content" SEQ_NO="1" TOC_ENTRY_ID="18" DEPTH_LEVEL="1"/>
		<Primitive ID="Ar0200102" BOX="43 184 802 235" ELEMENT_TYPE="Content" SEQ_NO="2" TOC_ENTRY_ID="18" DEPTH_LEVEL="1"/>
		<Primitive ID="Ar0200103" BOX="43 231 802 282" ELEMENT_TYPE="Content" SEQ_NO="3" TOC_ENTRY_ID="18" DEPTH_LEVEL="1"/>
		<Primitive ID="Ar0200104" BOX="43 277 802 329" ELEMENT_TYPE="Content" SEQ_NO="4" TOC_ENTRY_ID="18" DEPTH_LEVEL="1"/>
		<Primitive ID="Ar0200105" BOX="43 324 802 375" ELEMENT_TYPE="Content" SEQ_NO="5" TOC_ENTRY_ID="18" DEPTH_LEVEL="1"/>
		<Primitive ID="Ar0200106" BOX="43 371 802 422" ELEMENT_TYPE="Content" SEQ_NO="6" TOC_ENTRY_ID="18" DEPTH_LEVEL="1"/>
		<Primitive ID="Ar0200107" BOX="43 418 802 470" ELEMENT_TYPE="Content" SEQ_NO="7" TOC_ENTRY_ID="18" DEPTH_LEVEL="1"/>
		<Primitive ID="Ar0200108" BOX="43 464 802 515" ELEMENT_TYPE="Content" SEQ_NO="8" TOC_ENTRY_ID="18" DEPTH_LEVEL="1"/>
		<Primitive ID="Ar0200109" BOX="43 510 802 563" ELEMENT_TYPE="Content" SEQ_NO="9" TOC_ENTRY_ID="18" DEPTH_LEVEL="1"/>
		<Primitive ID="Ar0200110" BOX="43 558 802 609" ELEMENT_TYPE="Content" SEQ_NO="10" TOC_ENTRY_ID="18" DEPTH_LEVEL="1"/>
		<Primitive ID="Ar0200111" BOX="43 604 802 655" ELEMENT_TYPE="Content" SEQ_NO="11" TOC_ENTRY_ID="18" DEPTH_LEVEL="1"/>
		<Primitive ID="Ar0200112" BOX="43 649 802 702" ELEMENT_TYPE="Content" SEQ_NO="12" TOC_ENTRY_ID="18" DEPTH_LEVEL="1"/>
		<Primitive ID="Ar0200113" BOX="43 697 802 749" ELEMENT_TYPE="Content" SEQ_NO="13" TOC_ENTRY_ID="18" DEPTH_LEVEL="1"/>
		<Primitive ID="Ar0200114" BOX="43 744 802 796" ELEMENT_TYPE="Content" SEQ_NO="14" TOC_ENTRY_ID="18" DEPTH_LEVEL="1"/>
		<Primitive ID="Ar0200115" BOX="43 790 802 842" ELEMENT_TYPE="Content" SEQ_NO="15" TOC_ENTRY_ID="18" DEPTH_LEVEL="1"/>
		<Primitive ID="Ar0200116" BOX="43 837 802 889" ELEMENT_TYPE="Content" SEQ_NO="16" TOC_ENTRY_ID="18" DEPTH_LEVEL="1"/>
		<Primitive ID="Ar0200117" BOX="43 883 802 936" ELEMENT_TYPE="Content" SEQ_NO="17" TOC_ENTRY_ID="18" DEPTH_LEVEL="1"/>
		<Primitive ID="Ar0200118" BOX="43 930 802 981" ELEMENT_TYPE="Content" SEQ_NO="18" TOC_ENTRY_ID="18" DEPTH_LEVEL="1"/>
		<Primitive ID="Ar0200119" BOX="43 976 802 1027" ELEMENT_TYPE="Content" SEQ_NO="19" TOC_ENTRY_ID="18" DEPTH_LEVEL="1"/>
		<Primitive ID="Ar0200120" BOX="43 1022 802 1075" ELEMENT_TYPE="Content" SEQ_NO="20" TOC_ENTRY_ID="18" DEPTH_LEVEL="1"/>
		<Primitive ID="Ar0200121" BOX="43 1070 802 1122" ELEMENT_TYPE="Content" SEQ_NO="21" TOC_ENTRY_ID="18" DEPTH_LEVEL="1"/>
		<Primitive ID="Ar0200122" BOX="43 1117 802 1169" ELEMENT_TYPE="Content" SEQ_NO="22" TOC_ENTRY_ID="18" DEPTH_LEVEL="1"/>
		<Primitive ID="Ar0200123" BOX="43 1169 802 1216" ELEMENT_TYPE="Content" SEQ_NO="23" TOC_ENTRY_ID="18" DEPTH_LEVEL="1"/>
	</Entity>
</XMD-PAGE>