<?xml version="1.0" encoding="windows-1252" standalone="no"?>
<XMD-entity REPOSITORY_FORMAT="1.0" PRXML_VER="2.0" ENTITY_TYPE="Article" FIRST_TOC_ENTRY_ID="13" DEPTH_LEVEL="1" INDEX_IN_DOC="20" PAGE_NO="9" ID="Ar00900" BOX="24 80 811 1214" LANGUAGE="English" CONTINUATION_TO="Ar01000" CONTINUATION_FROM="Ar00802" LOGICAL_NAME="true">
	<Meta NAME="To the Editors of the English Woman's Jo..." DESCRIPTION="" SUBTYPE="" BASE_HREF="EWJ/1858/04/01" SOURCE_TYPE="TIFF" PUBLICATION="EWJ" SECTION="None" ISSUE_DATE="01/04/1858" WORDCNT="591" RELEASE_NO="041-EWJ-1858-04-01-001-SINGLE" PAGE_ID="" PAGE_TYPE="Single" PAGE_WIDTH="823" PAGE_HEIGHT="1239" DEFAULT_IMG_EXT="png" PDF_DESTINATION_MAPPED="OLV0_Entity_0009_0001" IMAGES_RESOLUTION="86" XMD_VER="2.6.238.8" PAGE_LABEL="81"/>
	<Link SOURCE="041-EWJ-1858-04-01-001-SINGLE.PDF" FIRST_ID="Ar00200" LAST_ID="Ar07201" NEXT_ID="Ar00901" PREV_ID="" TOC_ID="d:/Olive/Repository/EWJ/1858/04/01/TOC.xml"/>
	<DataFiles>
		<Files TYPE="DOC_PDF" PRESENT="1"/>
		<Files TYPE="PAGE_PDF" PRESENT="0"/>
		<Files TYPE="DOC_IMG" PRESENT="0"/>
		<Files TYPE="PAGE_IMG" PRESENT="0"/>
		<Files TYPE="PAGE_VIEW_IMG" PRESENT="1"/>
		<Files TYPE="PAGE_PREVIEW_IMG" PRESENT="1"/>
		<Files TYPE="PRIMITIVE_IMG" PRESENT="1"/>
		<Files TYPE="SNIPPET_IMG" PRESENT="1"/>
	</DataFiles>
	<Content>
		<Primitive BOX="24 80 811 143" ID="Ar0090000" SEQ_NO="0" TOC_ENTRY_ID="13" DEPTH_LEVEL="1">
			<L BOX="58 88 764 119"/>
			<W BOX="58 91 132 119" STYLE_REF="4">Sainuel</W>
			<W BOX="140 90 242 118" STYLE_REF="4" NS="y">Blackwell</W>
			<W BOX="243 89 248 117" STYLE_REF="4">,</W>
			<Q BOX="256 89 265 117" STYLE_REF="4" QID="1">"</Q>
			<q BOX="263 89 294 117" STYLE_REF="4" QID="1">was</q>
			<QW QID="1">"was</QW>
			<Q BOX="303 89 315 117" STYLE_REF="4" QID="2">e</Q>
			<Q BOX="314 89 409 117" STYLE_REF="4" QID="2">xtensivel</Q>
			<q BOX="408 90 421 118" STYLE_REF="4" QID="2">y</q>
			<QW QID="2">extensively</QW>
			<W BOX="430 88 513 117" STYLE_REF="4">engaged</W>
			<W BOX="522 88 548 117" STYLE_REF="4">for</W>
			<Q BOX="557 88 610 117" STYLE_REF="4" QID="3">nearl</Q>
			<q BOX="611 88 624 116" STYLE_REF="4" QID="3">y</q>
			<QW QID="3">nearly</QW>
			<Q BOX="630 88 690 116" STYLE_REF="4" QID="4">twent</Q>
			<q BOX="690 89 703 117" STYLE_REF="4" QID="4">y</q>
			<QW QID="4">twenty</QW>
			<W BOX="710 89 764 117" STYLE_REF="4">years</W>
			<L BOX="58 111 764 143"/>
			<W BOX="58 114 78 143" STYLE_REF="4">as</W>
			<W BOX="86 114 97 143" STYLE_REF="4">a</W>
			<Q BOX="105 114 158 142" STYLE_REF="4" QID="5">sugar</Q>
			<Q BOX="158 114 167 142" STYLE_REF="4" LH="y" QID="5">-</Q>
			<Q BOX="167 114 233 142" STYLE_REF="4" QID="5">refiner</Q>
			<q BOX="249 112 286 140" STYLE_REF="4" QID="5">and</q>
			<QW QID="5">sugar-refinerand</QW>
			<W BOX="296 112 359 140" STYLE_REF="4">where</W>
			<W BOX="366 112 390 140" STYLE_REF="4">lie</W>
			<W BOX="399 112 438 140" STYLE_REF="4">was</W>
			<W BOX="445 112 490 140" STYLE_REF="4">well</W>
			<W BOX="497 111 568 139" STYLE_REF="4">known</W>
			<W BOX="576 111 605 139" STYLE_REF="4">for</W>
			<W BOX="613 111 644 139" STYLE_REF="4">his</W>
			<W BOX="656 111 717 139" STYLE_REF="4">active</W>
			<W BOX="727 111 764 139" STYLE_REF="4">and</W>
		</Primitive>
		<Primitive BOX="24 134 811 189" ID="Ar0090001" SEQ_NO="1" TOC_ENTRY_ID="13" DEPTH_LEVEL="1">
			<L BOX="57 113 764 166"/>
			<W BOX="57 137 123 166" STYLE_REF="4">liberal</W>
			<W BOX="133 136 226 164" STYLE_REF="4">exertions</W>
			<W BOX="235 136 255 164" STYLE_REF="4">in</W>
			<W BOX="236 113 241 141" STYLE_REF="4">,</W>
			<W BOX="263 136 296 164" STYLE_REF="4">the</W>
			<W BOX="303 135 379 164" STYLE_REF="4">various</W>
			<Q BOX="386 135 422 164" STYLE_REF="4" QID="6">reli</Q>
			<Q BOX="423 136 436 164" STYLE_REF="4" QID="6">g</Q>
			<q BOX="436 135 476 163" STYLE_REF="4" QID="6">ious</q>
			<QW QID="6">religious</QW>
			<W BOX="484 135 521 163" STYLE_REF="4">and</W>
			<W BOX="530 134 643 163" STYLE_REF="4">benevolent</W>
			<W BOX="652 134 764 162" STYLE_REF="4">enterprises</W>
			<L BOX="57 158 765 189"/>
			<W BOX="57 161 75 189" STYLE_REF="4">of</W>
			<W BOX="83 161 116 189" STYLE_REF="4">the</W>
			<W BOX="123 161 161 189" STYLE_REF="4" NS="y">day</W>
			<W BOX="162 160 167 188" STYLE_REF="4">,</W>
			<W BOX="175 159 210 187" STYLE_REF="4">and</W>
			<W BOX="220 159 246 187" STYLE_REF="4">for</W>
			<W BOX="255 159 285 187" STYLE_REF="4">his</W>
			<Q BOX="292 159 375 187" STYLE_REF="4" QID="7">energeti</Q>
			<q BOX="376 159 385 187" STYLE_REF="4" QID="7">c</q>
			<QW QID="7">energetic</QW>
			<W BOX="394 159 470 187" STYLE_REF="4">support</W>
			<W BOX="479 158 497 187" STYLE_REF="4">of</W>
			<W BOX="506 158 532 187" STYLE_REF="4">all</W>
			<Q BOX="540 158 626 186" STYLE_REF="4" QID="8">measure</Q>
			<q BOX="626 158 636 186" STYLE_REF="4" QID="8">s</q>
			<QW QID="8">measures</QW>
			<W BOX="644 158 662 186" STYLE_REF="4">of</W>
			<W BOX="671 158 718 186" STYLE_REF="4">local</W>
			<W BOX="727 158 765 186" STYLE_REF="4">and</W>
		</Primitive>
		<Primitive BOX="24 183 811 235" ID="Ar0090002" SEQ_NO="2" TOC_ENTRY_ID="13" DEPTH_LEVEL="1">
			<L BOX="56 183 216 212"/>
			<W BOX="56 184 132 212" STYLE_REF="4">general</W>
			<W BOX="140 183 210 211" STYLE_REF="4" NS="y">reform</W>
			<W BOX="210 183 216 211" STYLE_REF="4">.</W>
			<L BOX="80 204 765 235"/>
			<W BOX="80 206 137 235" STYLE_REF="4">Their</W>
			<W BOX="146 206 222 234" STYLE_REF="4">parents</W>
			<Q BOX="233 205 321 234" STYLE_REF="4" QID="9">preferrin</Q>
			<q BOX="324 205 338 234" STYLE_REF="4" QID="9">g</q>
			<QW QID="9">preferring</QW>
			<W BOX="348 205 382 234" STYLE_REF="4">the</W>
			<W BOX="391 205 462 234" STYLE_REF="4">system</W>
			<W BOX="472 205 490 234" STYLE_REF="4">of</W>
			<Q BOX="503 205 561 234" STYLE_REF="4" QID="10">home</Q>
			<Q BOX="561 205 570 234" STYLE_REF="4" LH="y" QID="10">-</Q>
			<q BOX="570 205 681 234" STYLE_REF="4" QID="10">instruction</q>
			<QW QID="10">home-instruction</QW>
			<W BOX="692 205 711 234" STYLE_REF="4">to</W>
			<W BOX="723 204 765 232" STYLE_REF="4">that</W>
		</Primitive>
		<Primitive BOX="24 228 811 281" ID="Ar0090003" SEQ_NO="3" TOC_ENTRY_ID="13" DEPTH_LEVEL="1">
			<L BOX="55 228 765 258"/>
			<W BOX="55 230 73 258" STYLE_REF="4">of</W>
			<W BOX="82 229 155 258" STYLE_REF="4" NS="y">schools</W>
			<W BOX="156 229 161 257" STYLE_REF="4">,</W>
			<W BOX="170 229 202 257" STYLE_REF="4">the</W>
			<W BOX="211 229 307 257" STYLE_REF="4">education</W>
			<W BOX="317 229 335 257" STYLE_REF="4">of</W>
			<W BOX="347 229 380 257" STYLE_REF="4">the</W>
			<W BOX="387 229 472 257" STYLE_REF="4">children</W>
			<W BOX="483 229 523 257" STYLE_REF="4">was</W>
			<W BOX="533 229 636 257" STYLE_REF="4">conducted</W>
			<Q BOX="649 228 712 256" STYLE_REF="4" QID="11">princi</Q>
			<Q BOX="712 228 752 256" STYLE_REF="4" QID="11">pall</Q>
			<q BOX="751 228 765 257" STYLE_REF="4" QID="11">y</q>
			<QW QID="11">principally</QW>
			<L BOX="55 252 764 281"/>
			<W BOX="55 253 101 281" STYLE_REF="4">with</W>
			<W BOX="109 253 142 281" STYLE_REF="4">the</W>
			<W BOX="150 252 179 280" STYLE_REF="4">aid</W>
			<W BOX="189 252 207 280" STYLE_REF="4">of</W>
			<W BOX="216 252 336 281" STYLE_REF="4">governesses</W>
			<W BOX="344 252 381 281" STYLE_REF="4">and</W>
			<W BOX="390 252 468 281" STYLE_REF="4" NS="y">masters</W>
			<W BOX="468 252 474 281" STYLE_REF="4">.</W>
			<W BOX="498 252 554 280" STYLE_REF="4">Their</W>
			<W BOX="564 252 642 280" STYLE_REF="4">winters</W>
			<W BOX="650 252 700 280" STYLE_REF="4">were</W>
			<W BOX="709 252 764 280" STYLE_REF="4">spent</W>
		</Primitive>
		<Primitive BOX="24 275 811 328" ID="Ar0090004" SEQ_NO="4" TOC_ENTRY_ID="13" DEPTH_LEVEL="1">
			<L BOX="55 275 765 305"/>
			<W BOX="55 276 75 305" STYLE_REF="4">in</W>
			<W BOX="84 276 135 304" STYLE_REF="4" NS="y">town</W>
			<W BOX="136 276 141 304" STYLE_REF="4">,</W>
			<W BOX="149 275 198 304" STYLE_REF="4">their</W>
			<W BOX="206 275 298 304" STYLE_REF="4">summers</W>
			<W BOX="305 275 324 304" STYLE_REF="4">at</W>
			<W BOX="332 275 365 304" STYLE_REF="4">the</W>
			<Q BOX="373 275 405 304" STYLE_REF="4" QID="12">sea</Q>
			<Q BOX="405 275 412 304" STYLE_REF="4" LH="y" QID="12">-</Q>
			<q BOX="412 275 452 304" STYLE_REF="4" NS="y" QID="12">side</q>
			<QW QID="12">sea-side</QW>
			<W BOX="452 275 457 304" STYLE_REF="4">.</W>
			<W BOX="483 275 538 304" STYLE_REF="4">Long</W>
			<W BOX="545 275 607 304" STYLE_REF="4">walks</W>
			<W BOX="613 275 634 304" STYLE_REF="4">in</W>
			<W BOX="640 275 667 304" STYLE_REF="4">all</W>
			<W BOX="673 275 765 303" STYLE_REF="4">weathers</W>
			<L BOX="55 299 765 328"/>
			<W BOX="55 299 124 328" STYLE_REF="4">formed</W>
			<W BOX="135 299 178 328" STYLE_REF="4">part</W>
			<W BOX="185 299 203 327" STYLE_REF="4">of</W>
			<W BOX="212 299 269 327" STYLE_REF="4">every</W>
			<W BOX="278 299 314 327" STYLE_REF="4" NS="y">day</W>
			<W BOX="315 299 321 327" STYLE_REF="4" NS="y">'</W>
			<W BOX="320 299 329 327" STYLE_REF="4">s</W>
			<Q BOX="337 299 373 327" STYLE_REF="4" QID="13">avo</Q>
			<Q BOX="374 299 384 327" STYLE_REF="4" QID="13">c</Q>
			<q BOX="384 299 445 327" STYLE_REF="4" NS="y" QID="13">ations</q>
			<QW QID="13">avocations</QW>
			<W BOX="450 299 455 327" STYLE_REF="4">;</W>
			<W BOX="467 299 490 327" STYLE_REF="4">an</W>
			<W BOX="498 299 575 327" STYLE_REF="4">amount</W>
			<W BOX="583 299 601 327" STYLE_REF="4">of</W>
			<Q BOX="613 299 666 327" STYLE_REF="4" QID="14">romp</Q>
			<q BOX="666 299 700 327" STYLE_REF="4" QID="14">ing</q>
			<QW QID="14">romping</QW>
			<W BOX="707 299 765 327" STYLE_REF="4">going</W>
		</Primitive>
		<Primitive BOX="24 322 811 375" ID="Ar0090005" SEQ_NO="5" TOC_ENTRY_ID="13" DEPTH_LEVEL="1">
			<L BOX="55 322 764 351"/>
			<W BOX="55 323 79 351" STYLE_REF="4">on</W>
			<W BOX="87 323 172 351" STYLE_REF="4">between</W>
			<Q BOX="181 322 244 351" STYLE_REF="4" QID="15">lesson</Q>
			<Q BOX="244 322 252 351" STYLE_REF="4" LH="y" QID="15">-</Q>
			<q BOX="252 322 307 351" STYLE_REF="4" QID="15">hours</q>
			<QW QID="15">lesson-hours</QW>
			<W BOX="317 322 359 351" STYLE_REF="4">that</W>
			<W BOX="367 322 429 351" STYLE_REF="4">would</W>
			<W BOX="437 322 485 351" STYLE_REF="4">have</W>
			<W BOX="492 322 540 351" STYLE_REF="4">been</W>
			<Q BOX="549 322 646 351" STYLE_REF="4" QID="16">sufficientl</Q>
			<q BOX="649 323 662 351" STYLE_REF="4" QID="16">y</q>
			<QW QID="16">sufficiently</QW>
			<Q BOX="671 322 702 350" STYLE_REF="4" QID="17">try</Q>
			<q BOX="702 322 736 350" STYLE_REF="4" QID="17">ing</q>
			<QW QID="17">trying</QW>
			<W BOX="743 322 764 350" STYLE_REF="4">to</W>
			<L BOX="55 345 767 375"/>
			<W BOX="55 347 92 375" STYLE_REF="4">any</W>
			<W BOX="104 346 176 374" STYLE_REF="4">mother</W>
			<W BOX="189 346 208 374" STYLE_REF="4">of</W>
			<W BOX="220 346 256 374" STYLE_REF="4">less</W>
			<Q BOX="270 346 335 374" STYLE_REF="4" QID="18">health</Q>
			<q BOX="334 346 348 374" STYLE_REF="4" NS="y" QID="18">y</q>
			<QW QID="18">healthy</QW>
			<W BOX="349 346 356 374" STYLE_REF="4">,</W>
			<W BOX="369 346 405 374" STYLE_REF="4">and</W>
			<W BOX="418 346 454 374" STYLE_REF="4">less</W>
			<W BOX="467 346 530 374" STYLE_REF="4">genial</W>
			<W BOX="544 346 616 374" STYLE_REF="4" NS="y">temper</W>
			<W BOX="618 346 622 374" STYLE_REF="4">,</W>
			<W BOX="637 345 683 373" STYLE_REF="4">than</W>
			<W BOX="697 345 757 373" STYLE_REF="4" NS="y">theirs</W>
			<W BOX="757 345 767 373" STYLE_REF="4">.</W>
		</Primitive>
		<Primitive BOX="24 369 811 421" ID="Ar0090006" SEQ_NO="6" TOC_ENTRY_ID="13" DEPTH_LEVEL="1">
			<L BOX="55 369 762 398"/>
			<W BOX="55 369 157 398" STYLE_REF="4">Birthdays</W>
			<Q BOX="165 369 173 398" STYLE_REF="4" QID="19">"</Q>
			<q BOX="173 369 214 398" STYLE_REF="4" QID="19">were</q>
			<QW QID="19">"were</QW>
			<W BOX="223 369 326 398" STYLE_REF="4">celebrated</W>
			<W BOX="335 369 384 398" STYLE_REF="4">with</W>
			<W BOX="394 369 418 398" STYLE_REF="4">an</W>
			<W BOX="427 369 503 398" STYLE_REF="4">amount</W>
			<W BOX="511 369 529 398" STYLE_REF="4">of</W>
			<W BOX="540 369 580 398" STYLE_REF="4">zeal</W>
			<W BOX="589 369 609 398" STYLE_REF="4">in</W>
			<W BOX="618 369 678 398" STYLE_REF="4">direct</W>
			<Q BOX="686 369 754 398" STYLE_REF="4" QID="20">propor</Q>
			<Q BOX="754 369 762 398" STYLE_REF="4" QID="20">-</Q>
			<L BOX="54 392 763 421"/>
			<q BOX="54 393 94 421" STYLE_REF="4" QID="20">tion</q>
			<QW QID="20">proportion</QW>
			<W BOX="106 393 155 421" STYLE_REF="4">with</W>
			<W BOX="168 393 201 421" STYLE_REF="4">the</W>
			<W BOX="214 393 316 421" STYLE_REF="4">frequency</W>
			<W BOX="328 393 346 421" STYLE_REF="4">of</W>
			<W BOX="360 392 411 420" STYLE_REF="4">their</W>
			<W BOX="421 392 530 420" STYLE_REF="4" NS="y">recurrence</W>
			<W BOX="535 392 541 420" STYLE_REF="4">;</W>
			<W BOX="558 392 594 420" STYLE_REF="4">and</W>
			<W BOX="609 392 713 420" STYLE_REF="4">Christmas</W>
			<W BOX="724 392 763 420" STYLE_REF="4">and</W>
		</Primitive>
		<Primitive BOX="24 415 811 468" ID="Ar0090007" SEQ_NO="7" TOC_ENTRY_ID="13" DEPTH_LEVEL="1">
			<L BOX="54 415 717 444"/>
			<W BOX="54 416 101 444" STYLE_REF="4">New</W>
			<W BOX="109 416 157 444" STYLE_REF="4" NS="y">Year</W>
			<W BOX="158 415 165 444" STYLE_REF="4" NS="y">'</W>
			<W BOX="162 416 171 444" STYLE_REF="4">s</W>
			<W BOX="179 416 231 444" STYLE_REF="4">Days</W>
			<W BOX="240 416 287 444" STYLE_REF="4">with</W>
			<W BOX="295 416 318 444" STYLE_REF="4">an</W>
			<W BOX="327 416 441 444" STYLE_REF="4">observance</W>
			<Q BOX="450 416 511 444" STYLE_REF="4" QID="21">worth</Q>
			<q BOX="510 416 524 444" STYLE_REF="4" QID="21">y</q>
			<QW QID="21">worthy</QW>
			<W BOX="532 415 549 444" STYLE_REF="4">of</W>
			<W BOX="558 415 592 443" STYLE_REF="4">the</W>
			<W BOX="600 415 654 443" STYLE_REF="4">olden</W>
			<W BOX="664 415 710 443" STYLE_REF="4" NS="y">time</W>
			<W BOX="710 415 717 443" STYLE_REF="4">.</W>
			<L BOX="78 438 763 468"/>
			<W BOX="78 439 137 468" STYLE_REF="4" NS="y">Small</W>
			<W BOX="138 439 143 468" STYLE_REF="4">,</W>
			<W BOX="152 439 170 467" STYLE_REF="4">of</W>
			<W BOX="181 439 216 467" STYLE_REF="4">fair</W>
			<Q BOX="228 439 280 467" STYLE_REF="4" QID="22">comp</Q>
			<q BOX="280 439 343 467" STYLE_REF="4" NS="y" QID="22">lexion</q>
			<QW QID="22">complexion</QW>
			<W BOX="345 439 350 468" STYLE_REF="4">,</W>
			<W BOX="360 438 408 467" STYLE_REF="4">with</W>
			<Q BOX="418 438 437 467" STYLE_REF="4" QID="23">cl</Q>
			<q BOX="437 438 467 467" STYLE_REF="4" QID="23">ear</q>
			<QW QID="23">clear</QW>
			<Q BOX="477 438 541 467" STYLE_REF="4" QID="24">bluish</Q>
			<Q BOX="541 438 550 467" STYLE_REF="4" LH="y" QID="24">-</Q>
			<q BOX="550 438 596 467" STYLE_REF="4" QID="24">gray</q>
			<QW QID="24">bluish-gray</QW>
			<W BOX="606 438 650 467" STYLE_REF="4" NS="y">eyes</W>
			<W BOX="650 438 655 466" STYLE_REF="4">,</W>
			<Q BOX="663 438 678 466" STYLE_REF="4" QID="25">li</Q>
			<Q BOX="679 439 693 467" STYLE_REF="4" QID="25">g</Q>
			<q BOX="692 438 713 466" STYLE_REF="4" QID="25">ht</q>
			<QW QID="25">light</QW>
			<W BOX="721 438 763 466" STYLE_REF="4">hair</W>
		</Primitive>
		<Primitive BOX="24 461 811 514" ID="Ar0090008" SEQ_NO="8" TOC_ENTRY_ID="13" DEPTH_LEVEL="1">
			<L BOX="53 461 764 491"/>
			<Q BOX="53 463 158 491" STYLE_REF="4" QID="26">remarkabl</Q>
			<q BOX="158 463 171 491" STYLE_REF="4" QID="26">y</q>
			<QW QID="26">remarkably</QW>
			<W BOX="182 463 215 491" STYLE_REF="4">soft</W>
			<W BOX="228 462 263 491" STYLE_REF="4">and</W>
			<W BOX="276 462 313 490" STYLE_REF="4" NS="y">fine</W>
			<W BOX="316 462 321 490" STYLE_REF="4">,</W>
			<W BOX="332 462 424 490" STYLE_REF="4">beautiful</W>
			<W BOX="434 462 494 490" STYLE_REF="4" NS="y">hands</W>
			<W BOX="495 461 499 490" STYLE_REF="4">,</W>
			<W BOX="508 462 544 490" STYLE_REF="4">and</W>
			<W BOX="554 462 565 490" STYLE_REF="4">a</W>
			<W BOX="578 462 624 490" STYLE_REF="4">very</W>
			<W BOX="635 462 693 490" STYLE_REF="4">sweet</W>
			<W BOX="702 461 757 489" STYLE_REF="4" NS="y">voice</W>
			<W BOX="757 461 764 489" STYLE_REF="4">,</W>
			<L BOX="54 484 763 514"/>
			<W BOX="54 489 90 514" STYLE_REF="10" NS="y">and</W>
			<W BOX="91 486 96 514" STYLE_REF="4">,</W>
			<W BOX="107 486 128 514" STYLE_REF="4">in</W>
			<W BOX="140 486 175 514" STYLE_REF="4">her</W>
			<W BOX="186 486 287 514" STYLE_REF="4" NS="y">childhood</W>
			<W BOX="288 486 293 514" STYLE_REF="4">,</W>
			<W BOX="304 485 324 514" STYLE_REF="4">so</W>
			<Q BOX="335 485 428 514" STYLE_REF="4" QID="27">habituall</Q>
			<q BOX="429 485 442 514" STYLE_REF="4" QID="27">y</q>
			<QW QID="27">habitually</QW>
			<W BOX="453 485 540 513" STYLE_REF="4">reserved</W>
			<W BOX="553 485 590 513" STYLE_REF="4">and</W>
			<W BOX="603 485 660 513" STYLE_REF="4" NS="y">silent</W>
			<W BOX="661 485 666 513" STYLE_REF="4">,</W>
			<W BOX="676 484 717 513" STYLE_REF="4">that</W>
			<W BOX="727 484 763 513" STYLE_REF="4">her</W>
		</Primitive>
		<Primitive BOX="24 508 811 563" ID="Ar0090009" SEQ_NO="9" TOC_ENTRY_ID="13" DEPTH_LEVEL="1">
			<L BOX="53 508 762 538"/>
			<W BOX="53 509 112 538" STYLE_REF="4" NS="y">father</W>
			<W BOX="113 509 118 537" STYLE_REF="4">,</W>
			<W BOX="127 509 175 537" STYLE_REF="4">with</W>
			<W BOX="182 509 245 537" STYLE_REF="4">whom</W>
			<W BOX="251 509 285 537" STYLE_REF="4">she</W>
			<W BOX="293 509 331 537" STYLE_REF="4">was</W>
			<W BOX="339 509 363 537" STYLE_REF="4">an</W>
			<W BOX="372 509 452 537" STYLE_REF="4">especial</W>
			<W BOX="460 509 553 537" STYLE_REF="4" NS="y">favourite</W>
			<W BOX="553 509 559 537" STYLE_REF="4">,</W>
			<W BOX="567 509 604 537" STYLE_REF="4">had</W>
			<Q BOX="615 509 629 537" STYLE_REF="4" QID="28">g</Q>
			<q BOX="629 508 673 536" STYLE_REF="4" QID="28">iven</q>
			<QW QID="28">given</QW>
			<W BOX="683 508 717 536" STYLE_REF="4">her</W>
			<W BOX="729 508 762 536" STYLE_REF="4">the</W>
			<L BOX="53 532 764 563"/>
			<W BOX="53 533 107 561" STYLE_REF="4">name</W>
			<W BOX="115 533 133 561" STYLE_REF="4">of</W>
			<W BOX="144 535 155 563" STYLE_REF="4">"</W>
			<W BOX="162 533 224 561" STYLE_REF="4">Little</W>
			<Q BOX="233 533 259 561" STYLE_REF="4" QID="29">Sh</Q>
			<Q BOX="258 533 272 561" STYLE_REF="4" QID="29">y</Q>
			<q BOX="279 532 289 560" STYLE_REF="4" QID="29">"</q>
			<QW QID="29">Shy"</QW>
			<W BOX="297 532 379 560" STYLE_REF="4">nothing</W>
			<W BOX="388 532 409 560" STYLE_REF="4">in</W>
			<W BOX="420 532 454 560" STYLE_REF="4">her</W>
			<W BOX="466 532 579 560" STYLE_REF="4">appearance</W>
			<W BOX="593 532 613 560" STYLE_REF="4">or</W>
			<W BOX="626 532 704 560" STYLE_REF="4">manner</W>
			<Q BOX="714 532 755 560" STYLE_REF="4" QID="30">indi</Q>
			<Q BOX="755 532 764 560" STYLE_REF="4" LH="y" QID="30">-</Q>
		</Primitive>
		<Primitive BOX="24 555 811 608" ID="Ar0090010" SEQ_NO="10" TOC_ENTRY_ID="13" DEPTH_LEVEL="1">
			<L BOX="272 533 279 561"/>
			<q BOX="272 533 279 561" STYLE_REF="4" QID="30">,</q>
			<QW QID="30">indi-,</QW>
			<L BOX="53 555 764 584"/>
			<W BOX="53 556 104 584" STYLE_REF="4">cated</W>
			<W BOX="113 556 146 584" STYLE_REF="4">the</W>
			<W BOX="154 556 257 584" STYLE_REF="4">directness</W>
			<W BOX="264 556 301 584" STYLE_REF="4">and</W>
			<W BOX="309 556 393 584" STYLE_REF="4">tenacity</W>
			<W BOX="403 556 421 584" STYLE_REF="4">of</W>
			<W BOX="433 556 515 584" STYLE_REF="4" NS="y">purpose</W>
			<W BOX="514 555 520 584" STYLE_REF="4">,</W>
			<W BOX="528 555 564 584" STYLE_REF="4">and</W>
			<W BOX="578 555 611 584" STYLE_REF="4">the</W>
			<W BOX="622 555 705 584" STYLE_REF="4">unusual</W>
			<Q BOX="715 556 727 584" STYLE_REF="4" QID="31">p</Q>
			<Q BOX="727 555 741 583" STYLE_REF="4" QID="31">h</Q>
			<Q BOX="741 556 755 584" STYLE_REF="4" QID="31">y</Q>
			<Q BOX="755 556 764 584" STYLE_REF="4" QID="31">-</Q>
			<L BOX="53 579 761 608"/>
			<q BOX="53 579 97 608" STYLE_REF="4" QID="31">sical</q>
			<QW QID="31">physical</QW>
			<Q BOX="106 579 193 608" STYLE_REF="4" QID="32">strength</Q>
			<q BOX="206 579 270 607" STYLE_REF="4" QID="32">which</q>
			<QW QID="32">strengthwhich</QW>
			<W BOX="277 579 418 607" STYLE_REF="4">distinguished</W>
			<W BOX="427 579 460 607" STYLE_REF="4">the</W>
			<W BOX="471 579 542 607" STYLE_REF="4">subject</W>
			<W BOX="556 579 574 607" STYLE_REF="4">of</W>
			<Q BOX="588 579 617 607" STYLE_REF="4" QID="33">thi</Q>
			<q BOX="617 579 626 607" STYLE_REF="4" QID="33">s</q>
			<QW QID="33">this</QW>
			<W BOX="639 579 702 607" STYLE_REF="4">notice</W>
			<W BOX="713 579 761 607" STYLE_REF="4">from</W>
		</Primitive>
		<Primitive BOX="24 602 811 655" ID="Ar0090011" SEQ_NO="11" TOC_ENTRY_ID="13" DEPTH_LEVEL="1">
			<L BOX="193 580 198 608"/>
			<W BOX="193 580 198 608" STYLE_REF="4">,</W>
			<L BOX="53 602 762 631"/>
			<W BOX="53 603 86 631" STYLE_REF="4">her</W>
			<W BOX="103 603 178 631" STYLE_REF="4">earliest</W>
			<W BOX="194 603 249 631" STYLE_REF="4" NS="y">years</W>
			<W BOX="249 603 254 631" STYLE_REF="4">,</W>
			<W BOX="268 602 306 631" STYLE_REF="4">and</W>
			<W BOX="323 602 341 631" STYLE_REF="4">of</W>
			<W BOX="359 602 423 631" STYLE_REF="4">which</W>
			<W BOX="438 602 495 631" STYLE_REF="4">many</W>
			<Q BOX="511 602 639 631" STYLE_REF="4" QID="34">characteristi</Q>
			<q BOX="640 602 651 630" STYLE_REF="4" QID="34">c</q>
			<QW QID="34">characteristic</QW>
			<Q BOX="666 602 718 630" STYLE_REF="4" QID="35">exam</Q>
			<Q BOX="719 603 732 631" STYLE_REF="4" QID="35">p</Q>
			<q BOX="732 602 762 630" STYLE_REF="4" QID="35">les</q>
			<QW QID="35">examples</QW>
			<L BOX="52 626 761 655"/>
			<Q BOX="52 626 79 655" STYLE_REF="4" QID="36">mi</Q>
			<Q BOX="78 627 92 655" STYLE_REF="4" QID="36">g</Q>
			<q BOX="90 626 113 654" STYLE_REF="4" QID="36">ht</q>
			<QW QID="36">might</QW>
			<W BOX="125 626 150 654" STYLE_REF="4">be</W>
			<W BOX="165 626 214 654" STYLE_REF="4" NS="y">cited</W>
			<W BOX="214 626 220 654" STYLE_REF="4">.</W>
			<W BOX="245 626 282 654" STYLE_REF="4">For</W>
			<W BOX="296 626 381 654" STYLE_REF="4" NS="y">instance</W>
			<W BOX="387 626 392 654" STYLE_REF="4">:</W>
			<W BOX="405 626 461 654" STYLE_REF="4">when</W>
			<W BOX="472 626 506 654" STYLE_REF="4">she</W>
			<W BOX="518 626 558 654" STYLE_REF="4">was</W>
			<W BOX="570 626 657 654" STYLE_REF="4">between</W>
			<W BOX="669 626 710 654" STYLE_REF="4">four</W>
			<W BOX="723 626 761 654" STYLE_REF="4">and</W>
		</Primitive>
		<Primitive BOX="24 649 811 701" ID="Ar0090012" SEQ_NO="12" TOC_ENTRY_ID="13" DEPTH_LEVEL="1">
			<L BOX="52 649 762 678"/>
			<Q BOX="52 650 78 678" STYLE_REF="4" QID="37">fiv</Q>
			<q BOX="79 650 89 678" STYLE_REF="4" QID="37">e</q>
			<QW QID="37">five</QW>
			<W BOX="97 650 153 678" STYLE_REF="4">years</W>
			<W BOX="161 650 191 678" STYLE_REF="4" NS="y">old</W>
			<W BOX="192 650 197 678" STYLE_REF="4">,</W>
			<W BOX="205 649 239 677" STYLE_REF="4">her</W>
			<W BOX="247 649 308 677" STYLE_REF="4">father</W>
			<W BOX="315 649 387 677" STYLE_REF="4">having</W>
			<W BOX="395 649 478 677" STYLE_REF="4">occasion</W>
			<W BOX="488 649 508 677" STYLE_REF="4">to</W>
			<W BOX="516 649 561 677" STYLE_REF="4">visit</W>
			<W BOX="570 649 642 677" STYLE_REF="4" NS="y">Dublin</W>
			<W BOX="644 650 649 678" STYLE_REF="4">,</W>
			<W BOX="659 649 691 677" STYLE_REF="4">the</W>
			<W BOX="700 649 762 677" STYLE_REF="4">whole</W>
			<L BOX="53 672 762 701"/>
			<Q BOX="53 673 108 701" STYLE_REF="4" QID="38">famil</Q>
			<q BOX="107 673 120 701" STYLE_REF="4" QID="38">y</q>
			<QW QID="38">family</QW>
			<W BOX="135 673 187 701" STYLE_REF="4">went</W>
			<W BOX="203 673 259 701" STYLE_REF="4">down</W>
			<W BOX="272 673 292 701" STYLE_REF="4">to</W>
			<W BOX="304 673 337 701" STYLE_REF="4">the</W>
			<W BOX="353 672 448 701" STYLE_REF="4">Hotwells</W>
			<W BOX="462 672 481 701" STYLE_REF="4">to</W>
			<W BOX="498 672 529 701" STYLE_REF="4">see</W>
			<W BOX="545 672 585 701" STYLE_REF="4">him</W>
			<W BOX="601 672 624 701" STYLE_REF="4" NS="y">off</W>
			<W BOX="631 673 637 701" STYLE_REF="4">;</W>
			<W BOX="653 672 752 700" STYLE_REF="4" NS="y">Elizabeth</W>
			<W BOX="754 672 762 701" STYLE_REF="4">,</W>
		</Primitive>
		<Primitive BOX="24 695 811 748" ID="Ar0090013" SEQ_NO="13" TOC_ENTRY_ID="13" DEPTH_LEVEL="1">
			<L BOX="52 695 760 725"/>
			<W BOX="52 696 111 725" STYLE_REF="4">under</W>
			<W BOX="126 696 160 725" STYLE_REF="4">the</W>
			<W BOX="175 696 283 725" STYLE_REF="4">impression</W>
			<W BOX="299 696 340 725" STYLE_REF="4">that</W>
			<W BOX="353 696 385 724" STYLE_REF="4">she</W>
			<W BOX="400 696 439 724" STYLE_REF="4">was</W>
			<W BOX="452 696 552 724" STYLE_REF="4">rendering</W>
			<W BOX="566 695 606 724" STYLE_REF="4">him</W>
			<W BOX="619 695 643 724" STYLE_REF="4">an</W>
			<W BOX="658 695 760 724" STYLE_REF="4">important</W>
			<L BOX="52 719 759 748"/>
			<W BOX="52 720 123 748" STYLE_REF="4" NS="y">service</W>
			<W BOX="125 720 130 748" STYLE_REF="4">,</W>
			<W BOX="139 720 218 748" STYLE_REF="4">insisted</W>
			<W BOX="227 720 250 748" STYLE_REF="4">on</W>
			<W BOX="260 720 338 748" STYLE_REF="4">holding</W>
			<W BOX="350 719 381 747" STYLE_REF="4">his</W>
			<Q BOX="392 719 443 747" STYLE_REF="4" QID="39">valis</Q>
			<q BOX="442 719 452 747" STYLE_REF="4" QID="39">e</q>
			<QW QID="39">valise</QW>
			<W BOX="462 719 485 747" STYLE_REF="4">on</W>
			<W BOX="495 719 530 747" STYLE_REF="4">her</W>
			<W BOX="539 719 569 747" STYLE_REF="4">lap</W>
			<W BOX="580 719 606 747" STYLE_REF="4">all</W>
			<W BOX="619 719 652 747" STYLE_REF="4">the</W>
			<W BOX="663 719 707 747" STYLE_REF="4" NS="y">way</W>
			<W BOX="708 719 712 747" STYLE_REF="4">,</W>
			<W BOX="721 719 759 747" STYLE_REF="4">and</W>
		</Primitive>
		<Primitive BOX="24 742 811 796" ID="Ar0090014" SEQ_NO="14" TOC_ENTRY_ID="13" DEPTH_LEVEL="1">
			<L BOX="53 742 761 772"/>
			<Q BOX="53 743 84 771" STYLE_REF="4" QID="40">onl</Q>
			<q BOX="84 744 97 772" STYLE_REF="4" QID="40">y</q>
			<QW QID="40">only</QW>
			<Q BOX="109 744 123 772" STYLE_REF="4" QID="41">g</Q>
			<q BOX="122 743 176 771" STYLE_REF="4" QID="41">iving</q>
			<QW QID="41">giving</QW>
			<W BOX="187 743 202 771" STYLE_REF="4">it</W>
			<W BOX="215 743 242 771" STYLE_REF="4">up</W>
			<W BOX="254 743 277 771" STYLE_REF="4">on</W>
			<W BOX="291 743 381 771" STYLE_REF="4">reaching</W>
			<W BOX="395 743 428 771" STYLE_REF="4">the</W>
			<W BOX="439 743 491 771" STYLE_REF="4">basin</W>
			<W BOX="505 743 568 771" STYLE_REF="4">where</W>
			<W BOX="581 742 614 770" STYLE_REF="4">the</W>
			<W BOX="626 742 706 770" STYLE_REF="4">steamer</W>
			<W BOX="721 742 761 770" STYLE_REF="4">was</W>
			<L BOX="52 765 760 796"/>
			<Q BOX="52 767 61 795" STYLE_REF="4" QID="42">l</Q>
			<Q BOX="59 767 72 796" STYLE_REF="4" QID="42">y</Q>
			<q BOX="73 767 105 795" STYLE_REF="4" NS="y" QID="42">ing</q>
			<QW QID="42">lying</QW>
			<W BOX="105 767 111 795" STYLE_REF="4">.</W>
			<W BOX="135 767 164 795" STYLE_REF="4">As</W>
			<W BOX="175 767 207 795" STYLE_REF="4">the</W>
			<W BOX="217 767 276 795" STYLE_REF="4">vessel</W>
			<W BOX="289 767 358 795" STYLE_REF="4">moved</W>
			<Q BOX="371 767 428 795" STYLE_REF="4" QID="43">slowl</Q>
			<q BOX="425 767 439 795" STYLE_REF="4" QID="43">y</q>
			<QW QID="43">slowly</QW>
			<W BOX="452 766 507 794" STYLE_REF="4">down</W>
			<W BOX="517 766 550 794" STYLE_REF="4">the</W>
			<Q BOX="560 766 589 794" STYLE_REF="4" QID="44">riv</Q>
			<q BOX="591 766 612 794" STYLE_REF="4" NS="y" QID="44">er</q>
			<QW QID="44">river</QW>
			<W BOX="613 766 618 794" STYLE_REF="4">,</W>
			<W BOX="626 765 661 794" STYLE_REF="4">the</W>
			<W BOX="674 765 760 794" STYLE_REF="4">children</W>
		</Primitive>
		<Primitive BOX="24 789 811 842" ID="Ar0090015" SEQ_NO="15" TOC_ENTRY_ID="13" DEPTH_LEVEL="1">
			<L BOX="52 789 763 818"/>
			<W BOX="52 790 85 818" STYLE_REF="4">ran</W>
			<W BOX="94 790 118 818" STYLE_REF="4">on</W>
			<W BOX="125 790 153 818" STYLE_REF="4">for</W>
			<W BOX="166 790 217 818" STYLE_REF="4">some</W>
			<W BOX="225 790 270 818" STYLE_REF="4">time</W>
			<W BOX="281 790 338 818" STYLE_REF="4">along</W>
			<W BOX="348 790 381 818" STYLE_REF="4">the</W>
			<W BOX="393 790 444 818" STYLE_REF="4" NS="y">bank</W>
			<W BOX="446 790 451 818" STYLE_REF="4">,</W>
			<Q BOX="460 789 500 817" STYLE_REF="4" QID="45">wav</Q>
			<Q BOX="501 789 521 817" STYLE_REF="4" QID="45">in</Q>
			<q BOX="522 789 535 817" STYLE_REF="4" QID="45">g</q>
			<QW QID="45">waving</QW>
			<W BOX="546 789 596 817" STYLE_REF="4">their</W>
			<W BOX="606 789 751 817" STYLE_REF="4" NS="y">handkerchiefs</W>
			<W BOX="754 789 763 817" STYLE_REF="4">;</W>
			<L BOX="51 812 760 842"/>
			<W BOX="51 814 85 842" STYLE_REF="4">but</W>
			<Q BOX="101 814 158 842" STYLE_REF="4" QID="46">when</Q>
			<q BOX="177 813 291 842" STYLE_REF="4" QID="46">quickening</q>
			<QW QID="46">whenquickening</QW>
			<W BOX="307 813 341 841" STYLE_REF="4">her</W>
			<Q BOX="359 813 415 841" STYLE_REF="4" QID="47">speed</Q>
			<q BOX="435 813 468 841" STYLE_REF="4" QID="47">she</q>
			<QW QID="47">speedshe</QW>
			<W BOX="481 813 541 841" STYLE_REF="4">began</W>
			<W BOX="557 813 577 841" STYLE_REF="4">to</W>
			<W BOX="593 813 647 841" STYLE_REF="4">leave</W>
			<W BOX="659 813 693 841" STYLE_REF="4">the</W>
			<W BOX="704 812 760 841" STYLE_REF="4">party</W>
		</Primitive>
		<Primitive BOX="24 836 811 888" ID="Ar0090016" SEQ_NO="16" TOC_ENTRY_ID="13" DEPTH_LEVEL="1">
			<L BOX="159 813 422 842"/>
			<W BOX="159 813 164 842" STYLE_REF="4">,</W>
			<W BOX="417 813 422 841" STYLE_REF="4">,</W>
			<L BOX="52 836 760 866"/>
			<W BOX="52 837 120 865" STYLE_REF="4" NS="y">behind</W>
			<W BOX="122 837 127 865" STYLE_REF="4">,</W>
			<W BOX="135 837 151 865" STYLE_REF="4">it</W>
			<W BOX="159 837 198 865" STYLE_REF="4">was</W>
			<W BOX="204 837 294 866" STYLE_REF="4">proposed</W>
			<W BOX="305 836 324 864" STYLE_REF="4">to</W>
			<W BOX="332 836 377 864" STYLE_REF="4">turn</W>
			<W BOX="385 836 433 864" STYLE_REF="4">back</W>
			<W BOX="441 836 477 864" STYLE_REF="4">and</W>
			<W BOX="485 836 510 864" STYLE_REF="4">go</W>
			<W BOX="517 836 572 864" STYLE_REF="4" NS="y">home</W>
			<W BOX="572 836 578 864" STYLE_REF="4">.</W>
			<W BOX="603 836 701 864" STYLE_REF="4" NS="y">Elizabeth</W>
			<W BOX="703 836 707 864" STYLE_REF="4">,</W>
			<Q BOX="716 836 725 864" STYLE_REF="4" QID="48">"</Q>
			<q BOX="723 836 760 864" STYLE_REF="4" QID="48">who</q>
			<QW QID="48">"who</QW>
			<L BOX="51 859 759 888"/>
			<W BOX="51 860 87 888" STYLE_REF="4">had</W>
			<W BOX="96 860 123 888" STYLE_REF="4">set</W>
			<W BOX="132 860 166 888" STYLE_REF="4">her</W>
			<Q BOX="174 860 218 888" STYLE_REF="4" QID="49">hear</Q>
			<q BOX="220 860 227 888" STYLE_REF="4" QID="49">t</q>
			<QW QID="49">heart</QW>
			<W BOX="236 860 259 888" STYLE_REF="4">on</W>
			<Q BOX="267 860 292 888" STYLE_REF="4" QID="50">go</Q>
			<q BOX="291 860 325 888" STYLE_REF="4" QID="50">ing</q>
			<QW QID="50">going</QW>
			<W BOX="332 860 352 888" STYLE_REF="4">to</W>
			<W BOX="360 860 435 888" STYLE_REF="4">Ireland</W>
			<W BOX="444 859 492 887" STYLE_REF="4">with</W>
			<W BOX="499 859 534 887" STYLE_REF="4">her</W>
			<W BOX="541 859 603 887" STYLE_REF="4" NS="y">father</W>
			<W BOX="605 860 610 888" STYLE_REF="4">,</W>
			<W BOX="618 859 655 887" STYLE_REF="4">and</W>
			<W BOX="663 859 700 887" STYLE_REF="4">had</W>
			<W BOX="711 859 759 887" STYLE_REF="4">been</W>
		</Primitive>
		<Primitive BOX="24 882 811 935" ID="Ar0090017" SEQ_NO="17" TOC_ENTRY_ID="13" DEPTH_LEVEL="1">
			<L BOX="50 882 758 912"/>
			<W BOX="50 883 106 912" STYLE_REF="4">much</W>
			<W BOX="113 883 244 912" STYLE_REF="4">disappointed</W>
			<W BOX="252 883 276 912" STYLE_REF="4">on</W>
			<W BOX="284 883 357 912" STYLE_REF="4">finding</W>
			<W BOX="366 883 406 911" STYLE_REF="4">that</W>
			<W BOX="417 882 451 911" STYLE_REF="4">she</W>
			<W BOX="462 882 517 911" STYLE_REF="4">could</W>
			<W BOX="530 882 562 911" STYLE_REF="4">not</W>
			<W BOX="573 882 598 911" STYLE_REF="4">be</W>
			<W BOX="610 882 689 911" STYLE_REF="4">allowed</W>
			<W BOX="702 882 721 911" STYLE_REF="4">to</W>
			<W BOX="733 882 758 911" STYLE_REF="4">do</W>
			<L BOX="51 905 759 935"/>
			<W BOX="51 907 72 935" STYLE_REF="4" NS="y">so</W>
			<W BOX="71 907 76 935" STYLE_REF="4">,</W>
			<W BOX="81 907 124 935" STYLE_REF="4">took</W>
			<W BOX="132 907 158 935" STYLE_REF="4">no</W>
			<W BOX="166 907 213 935" STYLE_REF="4">heed</W>
			<W BOX="221 907 239 935" STYLE_REF="4">of</W>
			<W BOX="248 907 285 935" STYLE_REF="4">this</W>
			<W BOX="293 906 412 935" STYLE_REF="4" NS="y">proposition</W>
			<W BOX="411 906 416 934" STYLE_REF="4">,</W>
			<W BOX="421 906 456 934" STYLE_REF="4">but</W>
			<Q BOX="462 905 471 933" STYLE_REF="4" LH="y" QID="51">-</Q>
			<q BOX="469 905 535 933" STYLE_REF="4" QID="51">walked</q>
			<QW QID="51">-walked</QW>
			<Q BOX="544 905 612 934" STYLE_REF="4" QID="52">steadil</Q>
			<q BOX="611 906 625 934" STYLE_REF="4" QID="52">y</q>
			<QW QID="52">steadily</QW>
			<W BOX="631 906 655 934" STYLE_REF="4" NS="y">on</W>
			<W BOX="657 905 662 933" STYLE_REF="4">,</W>
			<Q BOX="667 905 750 934" STYLE_REF="4" QID="53">quicken</Q>
			<Q BOX="750 905 759 934" STYLE_REF="4" QID="53">-</Q>
		</Primitive>
		<Primitive BOX="24 929 811 982" ID="Ar0090018" SEQ_NO="18" TOC_ENTRY_ID="13" DEPTH_LEVEL="1">
			<L BOX="49 929 757 959"/>
			<q BOX="49 930 82 959" STYLE_REF="4" QID="53">ing</q>
			<QW QID="53">quickening</QW>
			<W BOX="90 930 123 959" STYLE_REF="4">her</W>
			<W BOX="130 931 176 959" STYLE_REF="4">pace</W>
			<W BOX="187 931 207 959" STYLE_REF="4">as</W>
			<W BOX="218 930 250 958" STYLE_REF="4">the</W>
			<W BOX="262 930 342 958" STYLE_REF="4">steamer</W>
			<W BOX="354 929 458 958" STYLE_REF="4">quickened</W>
			<W BOX="470 929 513 957" STYLE_REF="4" NS="y">hers</W>
			<W BOX="513 929 520 957" STYLE_REF="4">.</W>
			<W BOX="543 929 573 957" STYLE_REF="4">No</W>
			<W BOX="582 929 692 957" STYLE_REF="4">persuasion</W>
			<W BOX="701 929 757 957" STYLE_REF="4">could</W>
			<L BOX="50 952 758 982"/>
			<W BOX="50 954 117 982" STYLE_REF="4">induce</W>
			<W BOX="124 954 159 982" STYLE_REF="4">her</W>
			<W BOX="167 954 187 982" STYLE_REF="4">to</W>
			<W BOX="195 954 239 982" STYLE_REF="4">turn</W>
			<W BOX="248 954 294 982" STYLE_REF="4" NS="y">back</W>
			<W BOX="295 954 300 982" STYLE_REF="4">.</W>
			<W BOX="325 953 361 982" STYLE_REF="4">She</W>
			<W BOX="369 953 409 981" STYLE_REF="4">said</W>
			<W BOX="418 952 498 981" STYLE_REF="4">nothing</W>
			<W BOX="505 952 525 980" STYLE_REF="4">in</W>
			<Q BOX="533 952 566 981" STYLE_REF="4" QID="54">rep</Q>
			<Q BOX="566 952 574 981" STYLE_REF="4" QID="54">l</Q>
			<q BOX="574 953 587 981" STYLE_REF="4" QID="54">y</q>
			<QW QID="54">reply</QW>
			<W BOX="595 952 615 980" STYLE_REF="4">to</W>
			<W BOX="623 952 656 980" STYLE_REF="4">the</W>
			<W BOX="664 952 731 980" STYLE_REF="4">chorus</W>
			<W BOX="739 952 758 980" STYLE_REF="4">of</W>
		</Primitive>
		<Primitive BOX="24 976 811 1029" ID="Ar0090019" SEQ_NO="19" TOC_ENTRY_ID="13" DEPTH_LEVEL="1">
			<L BOX="50 976 757 1005"/>
			<W BOX="50 977 195 1005" STYLE_REF="4">remonstrances</W>
			<W BOX="207 977 305 1005" STYLE_REF="4">addressed</W>
			<W BOX="320 976 340 1004" STYLE_REF="4">to</W>
			<W BOX="351 976 385 1004" STYLE_REF="4" NS="y">her</W>
			<W BOX="391 976 397 1004" STYLE_REF="4" M="1 * ">_;</W>
			<W BOX="412 976 449 1004" STYLE_REF="4">and</W>
			<W BOX="462 976 497 1004" STYLE_REF="4">had</W>
			<Q BOX="512 976 593 1004" STYLE_REF="4" QID="55">evidentl</Q>
			<q BOX="594 976 608 1004" STYLE_REF="4" QID="55">y</q>
			<QW QID="55">evidently</QW>
			<W BOX="621 976 675 1004" STYLE_REF="4">made</W>
			<W BOX="686 976 712 1004" STYLE_REF="4">up</W>
			<W BOX="723 976 757 1004" STYLE_REF="4">her</W>
			<L BOX="50 999 757 1029"/>
			<Q BOX="50 1000 101 1028" STYLE_REF="4" QID="56">mind</Q>
			<q BOX="115 1000 135 1029" STYLE_REF="4" QID="56">as</q>
			<QW QID="56">mindas</QW>
			<W BOX="144 1000 178 1029" STYLE_REF="4">she</W>
			<W BOX="186 1000 239 1029" STYLE_REF="4">could</W>
			<W BOX="249 1000 281 1029" STYLE_REF="4">not</W>
			<W BOX="289 1000 313 1029" STYLE_REF="4">go</W>
			<W BOX="322 1000 370 1029" STYLE_REF="4">with</W>
			<W BOX="377 1000 411 1028" STYLE_REF="4">her</W>
			<W BOX="419 999 479 1027" STYLE_REF="4">father</W>
			<W BOX="489 999 510 1027" STYLE_REF="4">in</W>
			<W BOX="519 999 551 1027" STYLE_REF="4">the</W>
			<Q BOX="559 999 617 1027" STYLE_REF="4" QID="57">steam</Q>
			<Q BOX="619 999 639 1027" STYLE_REF="4" QID="57">er</Q>
			<q BOX="654 999 674 1027" STYLE_REF="4" QID="57">to</q>
			<QW QID="57">steamerto</QW>
			<Q BOX="687 999 749 1027" STYLE_REF="4" QID="58">accom</Q>
			<Q BOX="749 999 757 1027" STYLE_REF="4" QID="58">-</Q>
		</Primitive>
		<Primitive BOX="24 1022 811 1075" ID="Ar0090020" SEQ_NO="20" TOC_ENTRY_ID="13" DEPTH_LEVEL="1">
			<L BOX="49 999 755 1052"/>
			<q BOX="49 1024 98 1052" STYLE_REF="4" QID="58">pany</q>
			<QW QID="58">accompany</QW>
			<W BOX="102 1001 107 1029" STYLE_REF="4">,</W>
			<W BOX="106 1023 147 1052" STYLE_REF="4">him</W>
			<W BOX="154 1023 174 1052" STYLE_REF="4">to</W>
			<Q BOX="183 1023 243 1052" STYLE_REF="4" QID="59">Irelan</Q>
			<q BOX="246 1023 257 1052" STYLE_REF="4" QID="59">d</q>
			<QW QID="59">Ireland</QW>
			<W BOX="266 1023 290 1052" STYLE_REF="4">on</W>
			<W BOX="298 1023 336 1052" STYLE_REF="4" NS="y">foot</W>
			<W BOX="336 1023 342 1052" STYLE_REF="4">.</W>
			<W BOX="368 1023 394 1052" STYLE_REF="4">At</W>
			<W BOX="401 1022 437 1050" STYLE_REF="4">last</W>
			<W BOX="450 1022 465 1050" STYLE_REF="4">it</W>
			<W BOX="474 1022 513 1050" STYLE_REF="4">was</W>
			<W BOX="525 1022 623 1050" STYLE_REF="4">suggested</W>
			<W BOX="636 1022 656 1050" STYLE_REF="4">to</W>
			<W BOX="640 999 645 1028" STYLE_REF="4">,</W>
			<W BOX="668 1022 703 1050" STYLE_REF="4">her</W>
			<Q BOX="715 1022 735 1050" STYLE_REF="4" QID="60">th</Q>
			<q BOX="736 1022 755 1050" STYLE_REF="4" QID="60">at</q>
			<QW QID="60">that</QW>
			<L BOX="48 1045 756 1075"/>
			<W BOX="48 1046 81 1075" STYLE_REF="4">her</W>
			<W BOX="89 1046 149 1075" STYLE_REF="4">father</W>
			<W BOX="161 1046 197 1075" STYLE_REF="4">had</W>
			<Q BOX="208 1046 240 1075" STYLE_REF="4" QID="61">onl</Q>
			<q BOX="240 1046 254 1075" STYLE_REF="4" QID="61">y</q>
			<QW QID="61">only</QW>
			<W BOX="264 1046 312 1075" STYLE_REF="4">gone</W>
			<W BOX="322 1046 343 1075" STYLE_REF="4">in</W>
			<W BOX="353 1046 386 1075" STYLE_REF="4">the</W>
			<W BOX="397 1046 474 1074" STYLE_REF="4">steamer</W>
			<W BOX="483 1045 562 1074" STYLE_REF="4" NS="y">because</W>
			<W BOX="563 1045 569 1073" STYLE_REF="4">,</W>
			<W BOX="578 1045 652 1073" STYLE_REF="4">Ireland</W>
			<W BOX="665 1045 721 1073" STYLE_REF="4">being</W>
			<W BOX="730 1045 756 1073" STYLE_REF="4">an</W>
		</Primitive>
		<Primitive BOX="24 1068 811 1121" ID="Ar0090021" SEQ_NO="21" TOC_ENTRY_ID="13" DEPTH_LEVEL="1">
			<L BOX="48 1068 754 1098"/>
			<Q BOX="48 1070 96 1098" STYLE_REF="4" QID="62">islan</Q>
			<q BOX="97 1070 109 1098" STYLE_REF="4" NS="y" QID="62">d</q>
			<QW QID="62">island</QW>
			<W BOX="110 1070 115 1098" STYLE_REF="4">,</W>
			<W BOX="123 1069 171 1098" STYLE_REF="4">with</W>
			<W BOX="179 1069 237 1098" STYLE_REF="4">water</W>
			<W BOX="245 1069 270 1098" STYLE_REF="4">all</W>
			<W BOX="278 1069 338 1098" STYLE_REF="4">round</W>
			<W BOX="347 1069 363 1098" STYLE_REF="4" NS="y">it</W>
			<W BOX="364 1069 369 1097" STYLE_REF="4">,</W>
			<Q BOX="378 1069 426 1098" STYLE_REF="4" QID="63">peop</Q>
			<q BOX="427 1068 445 1096" STYLE_REF="4" QID="63">le</q>
			<QW QID="63">people</QW>
			<W BOX="456 1068 510 1096" STYLE_REF="4">could</W>
			<W BOX="523 1068 555 1096" STYLE_REF="4">not</W>
			<W BOX="566 1068 590 1096" STYLE_REF="4">go</W>
			<W BOX="602 1068 673 1096" STYLE_REF="4">thither</W>
			<W BOX="685 1068 705 1096" STYLE_REF="4">in</W>
			<W BOX="717 1068 754 1096" STYLE_REF="4">any</W>
			<L BOX="49 1091 756 1121"/>
			<W BOX="49 1093 101 1121" STYLE_REF="4">other</W>
			<W BOX="109 1092 153 1121" STYLE_REF="4" NS="y">way</W>
			<W BOX="158 1092 163 1121" STYLE_REF="4">;</W>
			<W BOX="175 1092 211 1121" STYLE_REF="4">and</W>
			<Q BOX="221 1092 261 1121" STYLE_REF="4" QID="64">that</Q>
			<q BOX="276 1092 323 1120" STYLE_REF="4" QID="64">even</q>
			<QW QID="64">thateven</QW>
			<W BOX="332 1092 346 1120" STYLE_REF="4">if</W>
			<W BOX="355 1092 389 1120" STYLE_REF="4">she</W>
			<W BOX="397 1092 463 1120" STYLE_REF="4">should</W>
			<Q BOX="472 1091 509 1119" STYLE_REF="4" QID="65">wal</Q>
			<q BOX="509 1091 522 1119" STYLE_REF="4" QID="65">k</q>
			<QW QID="65">walk</QW>
			<W BOX="531 1091 554 1119" STYLE_REF="4">on</W>
			<W BOX="562 1091 582 1119" STYLE_REF="4">to</W>
			<W BOX="592 1091 625 1119" STYLE_REF="4">the</W>
			<W BOX="635 1091 682 1119" STYLE_REF="4">very</W>
			<W BOX="692 1091 727 1119" STYLE_REF="4">end</W>
			<W BOX="736 1091 756 1119" STYLE_REF="4">of</W>
		</Primitive>
		<Primitive BOX="24 1114 811 1168" ID="Ar0090022" SEQ_NO="22" TOC_ENTRY_ID="13" DEPTH_LEVEL="1">
			<L BOX="262 1092 267 1120"/>
			<W BOX="262 1092 267 1120" STYLE_REF="4">,</W>
			<L BOX="48 1114 756 1145"/>
			<W BOX="48 1116 81 1145" STYLE_REF="4">the</W>
			<W BOX="88 1116 132 1145" STYLE_REF="4" NS="y">land</W>
			<W BOX="134 1116 139 1145" STYLE_REF="4">,</W>
			<W BOX="148 1116 181 1144" STYLE_REF="4">she</W>
			<W BOX="190 1115 244 1143" STYLE_REF="4">could</W>
			<W BOX="252 1115 285 1143" STYLE_REF="4">not</W>
			<Q BOX="294 1115 329 1143" STYLE_REF="4" QID="66">wal</Q>
			<q BOX="330 1115 343 1143" STYLE_REF="4" QID="66">k</q>
			<QW QID="66">walk</QW>
			<W BOX="352 1115 414 1143" STYLE_REF="4">across</W>
			<W BOX="422 1115 455 1143" STYLE_REF="4">the</W>
			<W BOX="463 1115 520 1143" STYLE_REF="4" NS="y">water</W>
			<W BOX="521 1114 526 1143" STYLE_REF="4">,</W>
			<W BOX="534 1114 568 1143" STYLE_REF="4">but</W>
			<W BOX="576 1114 639 1143" STYLE_REF="4">would</W>
			<W BOX="648 1114 671 1143" STYLE_REF="4">be</W>
			<Q BOX="680 1114 718 1143" STYLE_REF="4" QID="67">obli</Q>
			<q BOX="718 1115 756 1143" STYLE_REF="4" QID="67">ged</q>
			<QW QID="67">obliged</QW>
			<L BOX="48 1138 756 1168"/>
			<W BOX="48 1140 68 1168" STYLE_REF="4">to</W>
			<W BOX="76 1140 126 1168" STYLE_REF="4" M="3 * ">_coine</W>
			<W BOX="135 1140 182 1168" STYLE_REF="4">back</W>
			<W BOX="190 1139 218 1167" STYLE_REF="4">for</W>
			<Q BOX="227 1139 268 1167" STYLE_REF="4" QID="68">wan</Q>
			<q BOX="269 1139 277 1167" STYLE_REF="4" QID="68">t</q>
			<QW QID="68">want</QW>
			<W BOX="285 1139 303 1167" STYLE_REF="4">of</W>
			<W BOX="311 1139 321 1167" STYLE_REF="4">a</W>
			<W BOX="330 1138 375 1166" STYLE_REF="4" NS="y">boat</W>
			<W BOX="375 1138 380 1166" STYLE_REF="4">.</W>
			<W BOX="405 1138 433 1166" STYLE_REF="4">As</W>
			<W BOX="440 1138 478 1166" STYLE_REF="4">this</W>
			<W BOX="486 1138 536 1166" STYLE_REF="4">view</W>
			<W BOX="549 1138 566 1166" STYLE_REF="4">of</W>
			<W BOX="580 1138 613 1166" STYLE_REF="4">the</W>
			<W BOX="625 1138 667 1166" STYLE_REF="4">case</W>
			<W BOX="679 1138 756 1166" STYLE_REF="4">became</W>
		</Primitive>
		<Primitive BOX="24 1168 811 1214" ID="Ar0090023" SEQ_NO="23" TOC_ENTRY_ID="13" DEPTH_LEVEL="1">
			<L BOX="49 1161 755 1191"/>
			<W BOX="49 1163 97 1191" STYLE_REF="4">clear</W>
			<W BOX="106 1163 125 1191" STYLE_REF="4">to</W>
			<W BOX="133 1163 167 1191" STYLE_REF="4" NS="y">her</W>
			<W BOX="170 1163 174 1191" STYLE_REF="4">,</W>
			<W BOX="180 1163 212 1191" STYLE_REF="4">she</W>
			<Q BOX="221 1162 297 1190" STYLE_REF="4" QID="69">suddenl</Q>
			<q BOX="299 1162 312 1190" STYLE_REF="4" QID="69">y</q>
			<QW QID="69">suddenly</QW>
			<W BOX="320 1162 398 1190" STYLE_REF="4" NS="y">stopped</W>
			<W BOX="401 1161 406 1189" STYLE_REF="4">,</W>
			<W BOX="412 1161 479 1189" STYLE_REF="4">turned</W>
			<W BOX="487 1161 545 1189" STYLE_REF="4">round</W>
			<W BOX="555 1161 603 1189" STYLE_REF="4">with</W>
			<W BOX="612 1161 622 1189" STYLE_REF="4">a</W>
			<W BOX="628 1161 755 1189" STYLE_REF="4">countenance</W>
		</Primitive>
	</Content>
	<TOC_Entries><TOC_Entry TOC_ENTRY_ID="20" TITLE="To the Editors of the English Woman's Jo..." ENTITY_ID_REF="Ar00900" PAGE_NO="9" PAGE_LABEL="81" PRIM_ID_REF="Ar0090000" IS_IC="true"/></TOC_Entries></XMD-entity>
