<?xml version="1.0" encoding="windows-1252" standalone="no"?>
<XMD-entity REPOSITORY_FORMAT="1.0" PRXML_VER="2.0" ENTITY_TYPE="Article" DOC_UID="EWJ_01/03/1858" DOC_VER="1" FIRST_TOC_ENTRY_ID="88" DEPTH_LEVEL="1" INDEX_IN_DOC="153" PAGE_NO="69" ID="Ar06901" BOX="24 12 829 98" LANGUAGE="English" SNP="Ar06901S.png" SNP_WIDTH="806" SNP_HEIGHT="87" LOGICAL_NAME="true">
	<Meta NAME="( 69 )" DESCRIPTION="" SUBTYPE="" BASE_HREF="EWJ/1858/03/01" SOURCE_TYPE="TIFF" PUBLICATION="EWJ" SECTION="None" ISSUE_DATE="01/03/1858" WORDCNT="3" RELEASE_NO="041-EWJ-1858-03-01-001-SINGLE" PAGE_ID="" PAGE_TYPE="Single" PAGE_WIDTH="842" PAGE_HEIGHT="1244" DEFAULT_IMG_EXT="png" PDF_DESTINATION_MAPPED="OLV0_Entity_0069_0002" IMAGES_RESOLUTION="86" XMD_VER="2.6.238.8" PAGE_LABEL="69"/>
	<Link SOURCE="041-EWJ-1858-03-01-001-SINGLE.PDF" FIRST_ID="Ar00200" LAST_ID="Ar07201" NEXT_ID="Ar06902" PREV_ID="Ar06900" TOC_ID="d:/Olive/Repository/EWJ/1858/03/01/TOC.xml"/>
	<DataFiles>
		<Files TYPE="DOC_PDF" PRESENT="1"/>
		<Files TYPE="PAGE_PDF" PRESENT="0"/>
		<Files TYPE="DOC_IMG" PRESENT="0"/>
		<Files TYPE="PAGE_IMG" PRESENT="0"/>
		<Files TYPE="PAGE_VIEW_IMG" PRESENT="1"/>
		<Files TYPE="PAGE_PREVIEW_IMG" PRESENT="1"/>
		<Files TYPE="PRIMITIVE_IMG" PRESENT="1"/>
		<Files TYPE="SNIPPET_IMG" PRESENT="1"/>
	</DataFiles>
	<Content>
		<Primitive BOX="24 12 829 98" ID="Ar0690100" SEQ_NO="0" TOC_ENTRY_ID="88" DEPTH_LEVEL="1">
			<L BOX="373 51 468 81"/>
			<W BOX="373 51 381 81" STYLE_REF="1">(</W>
			<W BOX="408 51 433 81" STYLE_REF="1">69</W>
			<W BOX="459 51 468 81" STYLE_REF="1">)</W>
		</Primitive>
	</Content>
	<TOC_Entries><TOC_Entry TOC_ENTRY_ID="154" TITLE="( 69 )" ENTITY_ID_REF="Ar06901" PAGE_NO="69" PAGE_LABEL="69" PRIM_ID_REF="Ar0690100" IS_IC="true"/></TOC_Entries></XMD-entity>
