<?xml version="1.0" encoding="windows-1252" standalone="no"?>
<XMD-PAGE REPOSITORY_FORMAT="1.0" PRXML_VER="2.0">
	<Meta ISSUE_DATE="01/03/1858" RELEASE_NO="041-EWJ-1858-03-01-001-SINGLE" PAGE_NO="69" NAME="" PAGE_LABEL="69" PAGE_TYPE="Single" PUBLISHER="Olive" PUBLICATION="EWJ" SOURCE_TYPE="TIFF" SOURCE_RESOLUTION="72" IMAGES_RESOLUTION="86" PAGE_THUMBNAIL_RESOLUTION="86" PAGE_PREVIEW_RESOLUTION="15" DEFAULT_IMG_EXT="png" IMG_EXT="png" PREVIEW_IMG_EXT="png" XMD_VER="2.6.238.8" PROFILE_ID="D:\pdfs\EWJ\XMD_EWJ.ini" SECTION="None" PAGE_WIDTH="842" PAGE_HEIGHT="1244" PAGES_NUMBER="72" BASE_HREF="EWJ/1858/03/01" PDF_DESTINATION_MAPPED="OLV0_Page_0069">
		<Resolutions>
			<Resolution DEFAULT="true">86</Resolution>
		</Resolutions>
	</Meta>
	<Link SOURCE="041-EWJ-1858-03-01-001-SINGLE.PDF" NEXT_SECTION="" PREV_SECTION="1"/>
	<DataFiles>
		<Files TYPE="DOC_PDF" PRESENT="1"/>
		<Files TYPE="PAGE_PDF" PRESENT="0"/>
		<Files TYPE="DOC_IMG" PRESENT="0"/>
		<Files TYPE="PAGE_IMG" PRESENT="0"/>
		<Files TYPE="PAGE_VIEW_IMG" PRESENT="1"/>
		<Files TYPE="PAGE_PREVIEW_IMG" PRESENT="1"/>
		<Files TYPE="PRIMITIVE_IMG" PRESENT="1"/>
		<Files TYPE="SNIPPET_IMG" PRESENT="1"/>
	</DataFiles>
	<Entity ENTITY_TYPE="Article" FIRST_TOC_ENTRY_ID="90" INDEX_IN_DOC="155" DEPTH_LEVEL="1" ID="Ar06900" SIZE="XLarge" BOX="24 167 829 1219" NEXT_SECTION="" PREV_SECTION="1" CONTINUATION_TO="Ar07000" IMAGES_RESOLUTION="86" LOGICAL_NAME="true">
		<Name>great The heavy revolt in gloom India wh...</Name>
		<Primitive ID="Ar0690000" BOX="24 167 829 228" ELEMENT_TYPE="Content" SEQ_NO="0" TOC_ENTRY_ID="90" DEPTH_LEVEL="1"/>
		<Primitive ID="Ar0690001" BOX="24 218 829 299" ELEMENT_TYPE="Content" SEQ_NO="1" TOC_ENTRY_ID="90" DEPTH_LEVEL="1"/>
		<Primitive ID="Ar0690002" BOX="24 290 829 353" ELEMENT_TYPE="Content" SEQ_NO="2" TOC_ENTRY_ID="90" DEPTH_LEVEL="1"/>
		<Primitive ID="Ar0690003" BOX="24 343 829 407" ELEMENT_TYPE="Content" SEQ_NO="3" TOC_ENTRY_ID="90" DEPTH_LEVEL="1"/>
		<Primitive ID="Ar0690004" BOX="24 398 829 472" ELEMENT_TYPE="Content" SEQ_NO="4" TOC_ENTRY_ID="90" DEPTH_LEVEL="1"/>
		<Primitive ID="Ar0690005" BOX="24 460 829 515" ELEMENT_TYPE="Content" SEQ_NO="5" TOC_ENTRY_ID="90" DEPTH_LEVEL="1"/>
		<Primitive ID="Ar0690006" BOX="24 507 829 570" ELEMENT_TYPE="Content" SEQ_NO="6" TOC_ENTRY_ID="90" DEPTH_LEVEL="1"/>
		<Primitive ID="Ar0690007" BOX="24 561 829 624" ELEMENT_TYPE="Content" SEQ_NO="7" TOC_ENTRY_ID="90" DEPTH_LEVEL="1"/>
		<Primitive ID="Ar0690008" BOX="24 615 829 678" ELEMENT_TYPE="Content" SEQ_NO="8" TOC_ENTRY_ID="90" DEPTH_LEVEL="1"/>
		<Primitive ID="Ar0690009" BOX="24 669 829 727" ELEMENT_TYPE="Content" SEQ_NO="9" TOC_ENTRY_ID="90" DEPTH_LEVEL="1"/>
		<Primitive ID="Ar0690010" BOX="24 715 829 769" ELEMENT_TYPE="Content" SEQ_NO="10" TOC_ENTRY_ID="90" DEPTH_LEVEL="1"/>
		<Primitive ID="Ar0690011" BOX="24 760 829 816" ELEMENT_TYPE="Content" SEQ_NO="11" TOC_ENTRY_ID="90" DEPTH_LEVEL="1"/>
		<Primitive ID="Ar0690012" BOX="24 804 829 854" ELEMENT_TYPE="Content" SEQ_NO="12" TOC_ENTRY_ID="90" DEPTH_LEVEL="1"/>
		<Primitive ID="Ar0690013" BOX="24 842 829 896" ELEMENT_TYPE="Content" SEQ_NO="13" TOC_ENTRY_ID="90" DEPTH_LEVEL="1"/>
		<Primitive ID="Ar0690014" BOX="24 887 829 951" ELEMENT_TYPE="Content" SEQ_NO="14" TOC_ENTRY_ID="90" DEPTH_LEVEL="1"/>
		<Primitive ID="Ar0690015" BOX="24 942 829 1024" ELEMENT_TYPE="Content" SEQ_NO="15" TOC_ENTRY_ID="90" DEPTH_LEVEL="1"/>
		<Primitive ID="Ar0690016" BOX="24 1014 829 1077" ELEMENT_TYPE="Content" SEQ_NO="16" TOC_ENTRY_ID="90" DEPTH_LEVEL="1"/>
		<Primitive ID="Ar0690017" BOX="24 1068 829 1125" ELEMENT_TYPE="Content" SEQ_NO="17" TOC_ENTRY_ID="90" DEPTH_LEVEL="1"/>
		<Primitive ID="Ar0690018" BOX="24 1114 829 1177" ELEMENT_TYPE="Content" SEQ_NO="18" TOC_ENTRY_ID="90" DEPTH_LEVEL="1"/>
		<Primitive ID="Ar0690019" BOX="24 1177 829 1219" ELEMENT_TYPE="Content" SEQ_NO="19" TOC_ENTRY_ID="90" DEPTH_LEVEL="1"/>
	</Entity>
	<Entity ENTITY_TYPE="Article" FIRST_TOC_ENTRY_ID="88" INDEX_IN_DOC="153" DEPTH_LEVEL="1" ID="Ar06901" SIZE="Small" BOX="24 12 829 98" NEXT_SECTION="" PREV_SECTION="1" IMAGES_RESOLUTION="86" LOGICAL_NAME="true">
		<Name>( 69 )</Name>
		<Primitive ID="Ar0690100" BOX="24 12 829 98" ELEMENT_TYPE="Content" SEQ_NO="0" TOC_ENTRY_ID="88" DEPTH_LEVEL="1"/>
	</Entity>
	<Entity ENTITY_TYPE="Article" ENTITY_SUBTYPE="Section" FIRST_TOC_ENTRY_ID="89" INDEX_IN_DOC="154" DEPTH_LEVEL="1" ID="Ar06902" SIZE="Small" BOX="24 98 829 167" NEXT_SECTION="" PREV_SECTION="1" IMAGES_RESOLUTION="86" LOGICAL_NAME="true">
		<Name>VIII.�PASSING EVENTS. -+&gt;</Name>
		<Primitive ID="Ar0690200" BOX="24 98 829 167" ELEMENT_TYPE="HedLine_hl1" SEQ_NO="0" TOC_ENTRY_ID="89" DEPTH_LEVEL="1"/>
	</Entity>
</XMD-PAGE>
