<?xml version="1.0" encoding="windows-1252" standalone="no"?>
<XMD-entity REPOSITORY_FORMAT="1.0" PRXML_VER="2.0" ENTITY_TYPE="Article" DOC_UID="EWJ_01/04/1858" DOC_VER="1" FIRST_TOC_ENTRY_ID="90" DEPTH_LEVEL="1" INDEX_IN_DOC="149" PAGE_NO="67" ID="Ar06702" BOX="24 187 811 1214" LANGUAGE="English" CONTINUATION_TO="Ar06800" SNP="Ar06702S.png" SNP_WIDTH="788" SNP_HEIGHT="58" LOGICAL_NAME="true">
	<Meta NAME="Madam, I think the following suggestion ..." DESCRIPTION="" SUBTYPE="" BASE_HREF="EWJ/1858/04/01" SOURCE_TYPE="TIFF" PUBLICATION="EWJ" SECTION="None" ISSUE_DATE="01/04/1858" WORDCNT="676" RELEASE_NO="041-EWJ-1858-04-01-001-SINGLE" PAGE_ID="" PAGE_TYPE="Single" PAGE_WIDTH="823" PAGE_HEIGHT="1239" DEFAULT_IMG_EXT="png" PDF_DESTINATION_MAPPED="OLV0_Entity_0067_0003" IMAGES_RESOLUTION="86" XMD_VER="2.6.238.8" PAGE_LABEL="139"/>
	<Link SOURCE="041-EWJ-1858-04-01-001-SINGLE.PDF" FIRST_ID="Ar00200" LAST_ID="Ar07201" NEXT_ID="" PREV_ID="Ar06701" TOC_ID="d:/Olive/Repository/EWJ/1858/04/01/TOC.xml"/>
	<DataFiles>
		<Files TYPE="DOC_PDF" PRESENT="1"/>
		<Files TYPE="PAGE_PDF" PRESENT="0"/>
		<Files TYPE="DOC_IMG" PRESENT="0"/>
		<Files TYPE="PAGE_IMG" PRESENT="0"/>
		<Files TYPE="PAGE_VIEW_IMG" PRESENT="1"/>
		<Files TYPE="PAGE_PREVIEW_IMG" PRESENT="1"/>
		<Files TYPE="PRIMITIVE_IMG" PRESENT="1"/>
		<Files TYPE="SNIPPET_IMG" PRESENT="1"/>
	</DataFiles>
	<Content>
		<Primitive BOX="24 187 811 244" ID="Ar0670200" SEQ_NO="0" TOC_ENTRY_ID="90" DEPTH_LEVEL="1">
			<L BOX="74 192 150 220"/>
			<W BOX="74 192 142 219" STYLE_REF="1" NS="y">Madam</W>
			<W BOX="143 193 150 220" STYLE_REF="1">,</W>
			<L BOX="126 217 767 244"/>
			<W BOX="126 217 134 244" STYLE_REF="1">I</W>
			<Q BOX="142 217 149 244" STYLE_REF="1" QID="1">t</Q>
			<q BOX="150 220 190 243" STYLE_REF="7" QID="1">hink</q>
			<QW QID="1">think</QW>
			<Q BOX="198 217 204 244" STYLE_REF="1" QID="2">t</Q>
			<q BOX="204 220 225 243" STYLE_REF="7" QID="2">he</q>
			<QW QID="2">the</QW>
			<W BOX="232 220 314 243" STYLE_REF="7">following</W>
			<Q BOX="319 220 328 243" STYLE_REF="7" QID="3">s</Q>
			<Q BOX="328 217 338 244" STYLE_REF="1" QID="3">u</Q>
			<Q BOX="339 220 377 243" STYLE_REF="7" QID="3">gges</Q>
			<Q BOX="378 217 383 244" STYLE_REF="1" QID="3">t</Q>
			<q BOX="384 220 410 243" STYLE_REF="7" QID="3">ion</q>
			<QW QID="3">suggestion</QW>
			<W BOX="418 220 455 243" STYLE_REF="7">may</W>
			<W BOX="463 220 483 244" STYLE_REF="7">be</W>
			<Q BOX="490 218 500 244" STYLE_REF="1" QID="4">c</Q>
			<q BOX="499 220 580 244" STYLE_REF="7" QID="4">onsidered</q>
			<QW QID="4">considered</QW>
			<Q BOX="588 220 621 244" STYLE_REF="7" QID="5">wor</Q>
			<Q BOX="622 218 628 244" STYLE_REF="1" QID="5">t</Q>
			<Q BOX="629 220 640 244" STYLE_REF="7" QID="5">h</Q>
			<q BOX="640 220 652 244" STYLE_REF="7" QID="5">y</q>
			<QW QID="5">worthy</QW>
			<Q BOX="659 220 669 244" STYLE_REF="7" QID="6">o</Q>
			<q BOX="669 218 674 244" STYLE_REF="1" QID="6">f</q>
			<QW QID="6">of</QW>
			<W BOX="681 220 690 244" STYLE_REF="7">a</W>
			<Q BOX="698 220 709 244" STYLE_REF="7" QID="7">p</Q>
			<q BOX="710 220 743 244" STYLE_REF="7" QID="7">lace</q>
			<QW QID="7">place</QW>
			<W BOX="751 220 767 244" STYLE_REF="7">in</W>
		</Primitive>
		<Primitive BOX="24 238 811 287" ID="Ar0670201" SEQ_NO="1" TOC_ENTRY_ID="90" DEPTH_LEVEL="1">
			<L BOX="72 238 768 267"/>
			<W BOX="72 239 112 264" STYLE_REF="10">your</W>
			<W BOX="122 239 127 266" STYLE_REF="1">'</W>
			<W BOX="132 238 199 265" STYLE_REF="1" NS="y">Journal</W>
			<W BOX="200 238 207 265" STYLE_REF="1" NS="y">,</W>
			<W BOX="205 239 210 265" STYLE_REF="1">'</W>
			<W BOX="220 240 237 264" STYLE_REF="7">as</W>
			<W BOX="245 240 258 264" STYLE_REF="7">it</W>
			<W BOX="269 240 283 264" STYLE_REF="7">is</W>
			<Q BOX="291 240 362 264" STYLE_REF="7" QID="8">especiall</Q>
			<q BOX="363 241 374 264" STYLE_REF="7" QID="8">y</q>
			<QW QID="8">especially</QW>
			<W BOX="384 241 465 264" STYLE_REF="7">addressed</W>
			<W BOX="477 241 495 264" STYLE_REF="7">to</W>
			<W BOX="506 241 516 267" STYLE_REF="1">"</W>
			<Q BOX="521 239 556 265" STYLE_REF="1" QID="9">Eng</Q>
			<q BOX="557 239 653 265" STYLE_REF="1" NS="y" QID="9">lishwomen</q>
			<QW QID="9">Englishwomen</QW>
			<W BOX="653 239 658 265" STYLE_REF="1" NS="y">.</W>
			<W BOX="657 239 667 265" STYLE_REF="1">"</W>
			<W BOX="688 239 723 265" STYLE_REF="1">The</W>
			<Q BOX="730 239 741 265" STYLE_REF="1" QID="10">p</Q>
			<q BOX="741 241 768 264" STYLE_REF="7" QID="10">lan</q>
			<QW QID="10">plan</QW>
			<L BOX="72 260 768 287"/>
			<W BOX="72 261 101 284" STYLE_REF="7">has</W>
			<W BOX="108 261 147 284" STYLE_REF="7">been</W>
			<Q BOX="155 261 206 284" STYLE_REF="7" QID="11">alread</Q>
			<q BOX="207 261 218 285" STYLE_REF="7" QID="11">y</q>
			<QW QID="11">already</QW>
			<W BOX="226 261 266 285" STYLE_REF="7">tried</W>
			<W BOX="274 261 296 285" STYLE_REF="7">for</W>
			<W BOX="304 261 347 285" STYLE_REF="7">some</W>
			<W BOX="354 261 419 285" STYLE_REF="7">months</W>
			<W BOX="425 261 448 285" STYLE_REF="7">by</W>
			<W BOX="454 262 482 285" STYLE_REF="7">the</W>
			<Q BOX="488 262 514 285" STYLE_REF="7" QID="12">lad</Q>
			<q BOX="514 262 526 286" STYLE_REF="7" QID="12">y</q>
			<QW QID="12">lady</QW>
			<W BOX="531 262 567 286" STYLE_REF="7">who</W>
			<W BOX="573 262 646 286" STYLE_REF="7">proposes</W>
			<Q BOX="654 262 661 286" STYLE_REF="7" QID="13">i</Q>
			<q BOX="660 260 668 286" STYLE_REF="1" NS="y" QID="13">t</q>
			<QW QID="13">it</QW>
			<W BOX="668 260 673 287" STYLE_REF="1">,</W>
			<W BOX="680 262 712 285" STYLE_REF="7">and</W>
			<W BOX="719 262 768 285" STYLE_REF="7">much</W>
		</Primitive>
		<Primitive BOX="24 277 811 328" ID="Ar0670202" SEQ_NO="2" TOC_ENTRY_ID="90" DEPTH_LEVEL="1">
			<L BOX="72 277 766 307"/>
			<W BOX="72 279 132 306" STYLE_REF="1">success</W>
			<W BOX="143 279 173 306" STYLE_REF="1">has</W>
			<Q BOX="185 279 195 306" STYLE_REF="1" QID="14">a</Q>
			<q BOX="195 279 260 306" STYLE_REF="1" QID="14">ttended</q>
			<QW QID="14">attended</QW>
			<W BOX="267 279 281 306" STYLE_REF="1" NS="y">it</W>
			<W BOX="281 279 288 306" STYLE_REF="1">.</W>
			<W BOX="308 279 340 306" STYLE_REF="1">She</W>
			<W BOX="353 279 390 306" STYLE_REF="1">says</W>
			<W BOX="401 279 430 306" STYLE_REF="1">the</W>
			<W BOX="441 280 557 306" STYLE_REF="1">improvement</W>
			<W BOX="570 280 586 307" STYLE_REF="1">in</W>
			<W BOX="600 280 627 307" STYLE_REF="1">the</W>
			<W BOX="637 280 723 307" STYLE_REF="1">behaviour</W>
			<W BOX="726 277 729 304" STYLE_REF="1">,</W>
			<W BOX="735 282 766 306" STYLE_REF="7">and</W>
			<L BOX="71 300 765 328"/>
			<W BOX="71 302 146 326" STYLE_REF="7">manners</W>
			<W BOX="153 302 168 326" STYLE_REF="7">of</W>
			<W BOX="175 302 203 326" STYLE_REF="7">her</W>
			<Q BOX="207 303 241 327" STYLE_REF="7" QID="15">pup</Q>
			<q BOX="241 303 261 326" STYLE_REF="7" QID="15">ils</q>
			<QW QID="15">pupils</QW>
			<Q BOX="268 303 274 326" STYLE_REF="7" QID="16">i</Q>
			<q BOX="274 300 282 327" STYLE_REF="1" QID="16">s</q>
			<QW QID="16">is</QW>
			<Q BOX="287 303 313 326" STYLE_REF="7" QID="17">ver</Q>
			<q BOX="313 300 325 327" STYLE_REF="1" QID="17">y</q>
			<QW QID="17">very</QW>
			<Q BOX="329 303 372 326" STYLE_REF="7" QID="18">great</Q>
			<Q BOX="382 303 405 327" STYLE_REF="7" QID="18">fro</Q>
			<q BOX="406 301 423 327" STYLE_REF="1" QID="18">m</q>
			<QW QID="18">greatfrom</QW>
			<W BOX="428 303 457 327" STYLE_REF="7">the</W>
			<W BOX="461 303 537 327" STYLE_REF="7">softening</W>
			<W BOX="547 303 624 327" STYLE_REF="7">influence</W>
			<Q BOX="632 301 639 328" STYLE_REF="1" QID="19">t</Q>
			<q BOX="639 303 668 327" STYLE_REF="7" QID="19">hat</q>
			<QW QID="19">that</QW>
			<W BOX="675 303 689 327" STYLE_REF="7">is</W>
			<Q BOX="696 303 747 327" STYLE_REF="7" QID="20">broug</Q>
			<q BOX="747 303 765 327" STYLE_REF="7" QID="20">ht</q>
			<QW QID="20">brought</QW>
		</Primitive>
		<Primitive BOX="24 321 811 370" ID="Ar0670203" SEQ_NO="3" TOC_ENTRY_ID="90" DEPTH_LEVEL="1">
			<L BOX="70 301 765 348"/>
			<W BOX="70 321 87 347" STYLE_REF="1">to</W>
			<W BOX="94 321 130 347" STYLE_REF="1">bear</W>
			<W BOX="138 321 159 347" STYLE_REF="1">on</W>
			<W BOX="166 321 203 348" STYLE_REF="1">poor</W>
			<W BOX="211 322 249 348" STYLE_REF="1">wild</W>
			<W BOX="257 322 334 348" STYLE_REF="1">creatures</W>
			<W BOX="341 322 378 348" STYLE_REF="1">who</W>
			<W BOX="373 301 378 328" STYLE_REF="1">,</W>
			<W BOX="384 322 425 348" STYLE_REF="1">have</W>
			<W BOX="436 322 483 348" STYLE_REF="1">never</W>
			<W BOX="491 322 519 348" STYLE_REF="1">felt</W>
			<W BOX="527 322 548 348" STYLE_REF="1">its</W>
			<W BOX="555 322 607 348" STYLE_REF="1">power</W>
			<W BOX="615 322 667 348" STYLE_REF="1" NS="y">before</W>
			<W BOX="669 322 674 348" STYLE_REF="1">.</W>
			<Q BOX="694 322 709 348" STYLE_REF="1" QID="21">E</Q>
			<q BOX="710 324 740 348" STYLE_REF="7" QID="21">ven</q>
			<QW QID="21">Even</QW>
			<W BOX="748 324 765 348" STYLE_REF="7">in</W>
			<L BOX="70 342 766 370"/>
			<W BOX="70 344 109 367" STYLE_REF="7">such</W>
			<W BOX="116 344 133 367" STYLE_REF="7">as</W>
			<W BOX="141 344 187 367" STYLE_REF="7">these</W>
			<W BOX="193 344 238 368" STYLE_REF="7">there</W>
			<W BOX="247 344 261 368" STYLE_REF="7">is</W>
			<W BOX="270 344 279 368" STYLE_REF="7">a</W>
			<W BOX="288 344 351 368" STYLE_REF="7">natural</W>
			<Q BOX="358 345 413 368" STYLE_REF="7" QID="22">percep</Q>
			<Q BOX="413 342 421 369" STYLE_REF="1" QID="22">t</Q>
			<q BOX="421 345 448 368" STYLE_REF="7" QID="22">ion</q>
			<QW QID="22">perception</QW>
			<W BOX="455 345 470 368" STYLE_REF="7">of</W>
			<Q BOX="478 345 515 368" STYLE_REF="7" QID="23">wha</Q>
			<q BOX="515 342 523 369" STYLE_REF="1" QID="23">t</q>
			<QW QID="23">what</QW>
			<W BOX="532 345 546 368" STYLE_REF="7">is</W>
			<Q BOX="555 345 581 368" STYLE_REF="7" QID="24">lad</Q>
			<Q BOX="581 343 591 370" STYLE_REF="1" QID="24">y</Q>
			<Q BOX="593 345 599 369" STYLE_REF="7" QID="24">l</Q>
			<Q BOX="599 343 605 370" STYLE_REF="1" QID="24">i</Q>
			<q BOX="605 345 625 369" STYLE_REF="7" QID="24">ke</q>
			<QW QID="24">ladylike</QW>
			<W BOX="634 345 665 369" STYLE_REF="7">and</W>
			<W BOX="675 345 749 369" STYLE_REF="7">befitting</W>
			<W BOX="756 345 766 369" STYLE_REF="7">a</W>
		</Primitive>
		<Primitive BOX="24 362 811 412" ID="Ar0670204" SEQ_NO="4" TOC_ENTRY_ID="90" DEPTH_LEVEL="1">
			<L BOX="69 362 765 391"/>
			<Q BOX="69 364 95 388" STYLE_REF="7" QID="25">lad</Q>
			<q BOX="96 362 108 389" STYLE_REF="1" NS="y" QID="25">y</q>
			<QW QID="25">lady</QW>
			<W BOX="108 362 113 389" STYLE_REF="1">.</W>
			<W BOX="132 362 165 389" STYLE_REF="1">The</W>
			<W BOX="172 363 232 389" STYLE_REF="1">teacher</W>
			<W BOX="238 363 281 389" STYLE_REF="1">went</W>
			<W BOX="288 363 317 389" STYLE_REF="1">one</W>
			<W BOX="324 363 393 389" STYLE_REF="1">evening</W>
			<W BOX="396 363 414 390" STYLE_REF="1">in</W>
			<W BOX="421 363 442 390" STYLE_REF="1">an</W>
			<W BOX="449 363 475 390" STYLE_REF="1">old</W>
			<W BOX="480 363 524 390" STYLE_REF="1" NS="y">dress</W>
			<W BOX="525 364 529 391" STYLE_REF="1">,</W>
			<W BOX="537 366 554 390" STYLE_REF="7">as</W>
			<W BOX="561 366 589 390" STYLE_REF="7">her</W>
			<W BOX="595 366 663 390" STYLE_REF="7">scholars</W>
			<W BOX="669 366 710 390" STYLE_REF="7">were</W>
			<W BOX="714 366 729 390" STYLE_REF="7">of</W>
			<W BOX="737 366 765 390" STYLE_REF="7">the</W>
			<L BOX="69 384 765 412"/>
			<W BOX="69 385 130 409" STYLE_REF="7">dirtiest</W>
			<Q BOX="137 385 187 409" STYLE_REF="7" QID="26">descri</Q>
			<Q BOX="188 386 198 410" STYLE_REF="7" QID="26">p</Q>
			<Q BOX="198 384 205 410" STYLE_REF="1" QID="26">t</Q>
			<q BOX="205 386 232 410" STYLE_REF="7" NS="y" QID="26">ion</q>
			<QW QID="26">description</QW>
			<W BOX="233 384 238 411" STYLE_REF="1">,</W>
			<W BOX="245 386 276 410" STYLE_REF="7">and</W>
			<W BOX="284 386 322 410" STYLE_REF="7">they</W>
			<Q BOX="329 386 367 410" STYLE_REF="7" QID="27">poin</Q>
			<Q BOX="367 384 374 410" STYLE_REF="1" QID="27">t</Q>
			<q BOX="374 386 393 410" STYLE_REF="7" QID="27">ed</q>
			<QW QID="27">pointed</QW>
			<W BOX="403 386 432 410" STYLE_REF="7">out</W>
			<W BOX="440 386 457 410" STYLE_REF="7">to</W>
			<W BOX="463 386 491 410" STYLE_REF="7">her</W>
			<W BOX="499 386 508 410" STYLE_REF="7">a</W>
			<W BOX="516 386 552 410" STYLE_REF="7">hole</W>
			<W BOX="558 386 575 410" STYLE_REF="7">in</W>
			<W BOX="583 386 596 410" STYLE_REF="7" NS="y">it</W>
			<W BOX="597 385 602 412" STYLE_REF="1">,</W>
			<W BOX="609 384 662 411" STYLE_REF="1">which</W>
			<W BOX="669 384 710 411" STYLE_REF="1">their</W>
			<W BOX="717 384 765 411" STYLE_REF="1">sharp</W>
		</Primitive>
		<Primitive BOX="24 404 811 473" ID="Ar0670205" SEQ_NO="5" TOC_ENTRY_ID="90" DEPTH_LEVEL="1">
			<L BOX="68 404 765 431"/>
			<W BOX="68 406 105 430" STYLE_REF="7">eyes</W>
			<W BOX="116 406 205 430" STYLE_REF="7" NS="y">discovered</W>
			<W BOX="210 407 215 430" STYLE_REF="7">;</W>
			<W BOX="226 407 265 430" STYLE_REF="7">they</W>
			<W BOX="276 407 309 430" STYLE_REF="7">also</W>
			<Q BOX="321 406 390 430" STYLE_REF="7" QID="28">evidentl</Q>
			<q BOX="392 404 403 431" STYLE_REF="1" QID="28">y</q>
			<QW QID="28">evidently</QW>
			<W BOX="416 404 444 431" STYLE_REF="1">felt</W>
			<W BOX="456 404 495 431" STYLE_REF="1">hurt</W>
			<W BOX="507 404 524 431" STYLE_REF="1">at</W>
			<W BOX="536 404 563 431" STYLE_REF="1">her</W>
			<W BOX="575 404 640 431" STYLE_REF="1">putting</W>
			<W BOX="650 404 670 431" STYLE_REF="1">on</W>
			<W BOX="679 404 706 431" STYLE_REF="1">her</W>
			<Q BOX="718 404 729 431" STYLE_REF="1" QID="29">g</Q>
			<q BOX="728 404 765 431" STYLE_REF="1" QID="29">love</q>
			<QW QID="29">glove</QW>
			<L BOX="68 425 765 452"/>
			<W BOX="68 427 118 450" STYLE_REF="7">before</W>
			<W BOX="126 427 194 450" STYLE_REF="7">shaking</W>
			<W BOX="201 425 253 451" STYLE_REF="1">hands</W>
			<W BOX="260 425 300 451" STYLE_REF="1">with</W>
			<W BOX="307 425 353 451" STYLE_REF="1" NS="y">them</W>
			<W BOX="353 425 359 451" STYLE_REF="1">.</W>
			<Q BOX="374 425 419 451" STYLE_REF="1" QID="30">Surel</Q>
			<q BOX="419 425 431 452" STYLE_REF="1" QID="30">y</q>
			<QW QID="30">Surely</QW>
			<Q BOX="438 425 462 452" STYLE_REF="1" QID="31">thi</Q>
			<q BOX="463 425 470 452" STYLE_REF="1" QID="31">s</q>
			<QW QID="31">this</QW>
			<W BOX="477 425 512 452" STYLE_REF="1">will</W>
			<W BOX="519 425 554 452" STYLE_REF="1">lead</W>
			<W BOX="561 425 579 452" STYLE_REF="1">to</W>
			<W BOX="586 425 627 452" STYLE_REF="1">their</W>
			<W BOX="632 425 714 452" STYLE_REF="1">becoming</W>
			<W BOX="721 425 765 452" STYLE_REF="1">more</W>
			<L BOX="67 445 765 472"/>
			<Q BOX="67 448 97 471" STYLE_REF="7" QID="32">nea</Q>
			<q BOX="97 445 104 472" STYLE_REF="1" QID="32">t</q>
			<QW QID="32">neat</QW>
			<W BOX="114 448 145 471" STYLE_REF="7">and</W>
			<Q BOX="153 448 204 471" STYLE_REF="7" QID="33">cleanl</Q>
			<q BOX="204 446 215 472" STYLE_REF="1" QID="33">y</q>
			<QW QID="33">cleanly</QW>
			<W BOX="222 448 240 471" STYLE_REF="7">in</W>
			<W BOX="248 448 288 471" STYLE_REF="7">their</W>
			<W BOX="296 448 332 471" STYLE_REF="7">own</W>
			<W BOX="339 448 402 471" STYLE_REF="7">persons</W>
			<W BOX="411 448 443 471" STYLE_REF="7">and</W>
			<Q BOX="452 448 495 471" STYLE_REF="7" QID="34">dress</Q>
			<q BOX="508 446 554 472" STYLE_REF="1" QID="34">when</q>
			<QW QID="34">dresswhen</QW>
			<W BOX="561 446 600 472" STYLE_REF="1">they</W>
			<W BOX="607 446 677 472" STYLE_REF="1">perceive</W>
			<W BOX="683 446 712 472" STYLE_REF="1">the</W>
			<W BOX="718 446 765 472" STYLE_REF="1">value</W>
		</Primitive>
		<Primitive BOX="24 466 811 514" ID="Ar0670206" SEQ_NO="6" TOC_ENTRY_ID="90" DEPTH_LEVEL="1">
			<L BOX="68 446 765 494"/>
			<W BOX="68 468 83 492" STYLE_REF="7">of</W>
			<Q BOX="92 468 116 492" STYLE_REF="7" QID="35">thi</Q>
			<q BOX="116 468 124 492" STYLE_REF="7" QID="35">s</q>
			<QW QID="35">this</QW>
			<W BOX="132 468 150 492" STYLE_REF="7">in</W>
			<W BOX="161 468 189 492" STYLE_REF="7">the</W>
			<W BOX="198 468 236 492" STYLE_REF="7">eyes</W>
			<W BOX="245 468 259 492" STYLE_REF="7">of</W>
			<Q BOX="269 468 280 492" STYLE_REF="7" QID="36">o</Q>
			<Q BOX="279 466 290 493" STYLE_REF="1" QID="36">n</Q>
			<q BOX="291 468 299 492" STYLE_REF="7" QID="36">e</q>
			<QW QID="36">one</QW>
			<Q BOX="306 468 343 492" STYLE_REF="7" QID="37">who</Q>
			<q BOX="342 466 359 493" STYLE_REF="1" QID="37">m</q>
			<QW QID="37">whom</QW>
			<Q BOX="369 466 376 493" STYLE_REF="1" QID="38">t</Q>
			<q BOX="376 468 406 492" STYLE_REF="7" QID="38">hey</q>
			<QW QID="38">they</QW>
			<W BOX="419 466 456 493" STYLE_REF="1">love</W>
			<W BOX="464 466 496 493" STYLE_REF="1">and</W>
			<W BOX="496 446 501 473" STYLE_REF="1">,</W>
			<Q BOX="505 466 558 493" STYLE_REF="1" QID="39">respec</Q>
			<q BOX="558 466 565 493" STYLE_REF="1" NS="y" QID="39">t</q>
			<QW QID="39">respect</QW>
			<W BOX="565 466 571 493" STYLE_REF="1">.</W>
			<W BOX="592 466 601 493" STYLE_REF="1">I</W>
			<W BOX="608 466 661 493" STYLE_REF="1">would</W>
			<W BOX="672 466 706 493" STYLE_REF="1">also</W>
			<W BOX="715 467 745 493" STYLE_REF="1">add</W>
			<W BOX="755 467 765 494" STYLE_REF="1">a</W>
			<L BOX="69 487 765 514"/>
			<W BOX="69 489 112 513" STYLE_REF="7">word</W>
			<Q BOX="124 489 189 513" STYLE_REF="7" QID="40">especial</Q>
			<Q BOX="191 489 197 513" STYLE_REF="7" QID="40">l</Q>
			<q BOX="197 487 208 514" STYLE_REF="1" QID="40">y</q>
			<QW QID="40">especially</QW>
			<W BOX="219 487 237 513" STYLE_REF="1">in</W>
			<Q BOX="248 487 294 513" STYLE_REF="1" QID="41">behal</Q>
			<q BOX="294 487 300 513" STYLE_REF="1" QID="41">f</q>
			<QW QID="41">behalf</QW>
			<Q BOX="312 487 322 513" STYLE_REF="1" QID="42">o</Q>
			<q BOX="321 487 327 513" STYLE_REF="1" QID="42">f</q>
			<QW QID="42">of</QW>
			<W BOX="339 487 367 513" STYLE_REF="1">the</W>
			<W BOX="379 489 414 513" STYLE_REF="7">hoys</W>
			<W BOX="423 487 438 513" STYLE_REF="1">of</W>
			<W BOX="449 487 482 513" STYLE_REF="1">this</W>
			<W BOX="492 487 532 513" STYLE_REF="1" NS="y">class</W>
			<W BOX="532 488 538 514" STYLE_REF="1">,</W>
			<W BOX="545 487 582 514" STYLE_REF="1">who</W>
			<W BOX="591 487 629 514" STYLE_REF="1">may</W>
			<W BOX="639 487 658 514" STYLE_REF="1">be</W>
			<W BOX="669 487 709 514" STYLE_REF="1">even</W>
			<Q BOX="720 487 755 514" STYLE_REF="1" QID="43">mor</Q>
			<q BOX="756 487 765 514" STYLE_REF="1" QID="43">e</q>
			<QW QID="43">more</QW>
		</Primitive>
		<Primitive BOX="24 508 811 556" ID="Ar0670207" SEQ_NO="7" TOC_ENTRY_ID="90" DEPTH_LEVEL="1">
			<L BOX="68 508 764 535"/>
			<Q BOX="68 510 147 534" STYLE_REF="7" QID="44">materiall</Q>
			<q BOX="147 508 158 534" STYLE_REF="1" QID="44">y</q>
			<QW QID="44">materially</QW>
			<Q BOX="165 510 215 534" STYLE_REF="7" QID="45">benefi</Q>
			<q BOX="217 510 244 534" STYLE_REF="7" QID="45">ted</q>
			<QW QID="45">benefited</QW>
			<Q BOX="253 508 261 534" STYLE_REF="1" QID="46">t</Q>
			<q BOX="260 510 293 534" STYLE_REF="7" QID="46">han</q>
			<QW QID="46">than</QW>
			<Q BOX="303 510 313 534" STYLE_REF="7" QID="47">g</Q>
			<q BOX="313 510 340 533" STYLE_REF="7" QID="47">irls</q>
			<QW QID="47">girls</QW>
			<Q BOX="350 510 361 533" STYLE_REF="7" QID="48">b</Q>
			<q BOX="362 508 373 534" STYLE_REF="1" QID="48">y</q>
			<QW QID="48">by</QW>
			<W BOX="383 508 410 534" STYLE_REF="1">the</W>
			<W BOX="419 508 499 534" STYLE_REF="1">influence</W>
			<W BOX="509 508 524 534" STYLE_REF="1">of</W>
			<W BOX="534 508 585 534" STYLE_REF="1" NS="y">ladies</W>
			<W BOX="585 508 590 534" STYLE_REF="1">.</W>
			<W BOX="616 508 656 535" STYLE_REF="1">This</W>
			<Q BOX="663 508 689 535" STYLE_REF="1" QID="49">lad</Q>
			<q BOX="690 511 701 534" STYLE_REF="7" QID="49">y</q>
			<QW QID="49">lady</QW>
			<Q BOX="709 508 715 535" STYLE_REF="1" QID="50">t</Q>
			<q BOX="716 511 746 534" STYLE_REF="7" QID="50">ook</q>
			<QW QID="50">took</QW>
			<W BOX="754 511 764 534" STYLE_REF="7">a</W>
			<L BOX="67 528 763 556"/>
			<W BOX="67 528 107 555" STYLE_REF="1">class</W>
			<W BOX="118 528 134 555" STYLE_REF="1">of</W>
			<W BOX="145 528 185 555" STYLE_REF="1">boys</W>
			<Q BOX="196 528 206 555" STYLE_REF="1" QID="51">a</Q>
			<q BOX="206 528 213 555" STYLE_REF="1" QID="51">t</q>
			<QW QID="51">at</QW>
			<W BOX="225 528 235 555" STYLE_REF="1">a</W>
			<Q BOX="248 528 311 555" STYLE_REF="1" QID="52">Sunday</Q>
			<Q BOX="311 528 318 555" STYLE_REF="1" LH="y" QID="52">-</Q>
			<q BOX="318 528 374 555" STYLE_REF="1" QID="52">sohool</q>
			<QW QID="52">Sunday-sohool</QW>
			<W BOX="383 528 400 555" STYLE_REF="1">in</W>
			<W BOX="410 528 419 555" STYLE_REF="1">a</W>
			<W BOX="428 528 489 555" STYLE_REF="1">distant</W>
			<W BOX="502 528 571 555" STYLE_REF="1">country</W>
			<W BOX="578 528 620 555" STYLE_REF="1" NS="y">town</W>
			<W BOX="622 530 627 556" STYLE_REF="1">,</W>
			<W BOX="634 531 671 555" STYLE_REF="7">who</W>
			<Q BOX="681 529 691 556" STYLE_REF="1" QID="53">h</Q>
			<q BOX="692 531 712 555" STYLE_REF="7" QID="53">ad</q>
			<QW QID="53">had</QW>
			<W BOX="724 531 763 555" STYLE_REF="7">been</W>
		</Primitive>
		<Primitive BOX="24 549 811 620" ID="Ar0670208" SEQ_NO="8" TOC_ENTRY_ID="90" DEPTH_LEVEL="1">
			<L BOX="66 549 764 576"/>
			<Q BOX="66 549 77 576" STYLE_REF="1" QID="54">g</Q>
			<q BOX="77 552 113 575" STYLE_REF="7" QID="54">iven</q>
			<QW QID="54">given</QW>
			<W BOX="123 552 145 576" STYLE_REF="7">up</W>
			<W BOX="155 552 172 575" STYLE_REF="7">as</W>
			<Q BOX="181 552 192 575" STYLE_REF="7" QID="55">h</Q>
			<Q BOX="193 549 203 576" STYLE_REF="1" QID="55">o</Q>
			<Q BOX="202 552 259 575" STYLE_REF="7" QID="55">pelessl</Q>
			<q BOX="260 549 271 576" STYLE_REF="1" QID="55">y</q>
			<QW QID="55">hopelessly</QW>
			<W BOX="281 552 310 575" STYLE_REF="7">bad</W>
			<Q BOX="319 552 330 575" STYLE_REF="7" QID="56">b</Q>
			<q BOX="330 552 341 575" STYLE_REF="7" QID="56">y</q>
			<QW QID="56">by</QW>
			<W BOX="351 552 410 575" STYLE_REF="7">several</W>
			<W BOX="421 552 511 575" STYLE_REF="7" NS="y">clergymen</W>
			<W BOX="513 550 518 576" STYLE_REF="1">,</W>
			<W BOX="529 552 560 576" STYLE_REF="7">and</W>
			<W BOX="570 552 587 576" STYLE_REF="7">in</W>
			<W BOX="600 552 609 576" STYLE_REF="7">a</W>
			<W BOX="620 552 650 576" STYLE_REF="7">few</W>
			<Q BOX="659 552 716 576" STYLE_REF="7" QID="57">month</Q>
			<q BOX="716 552 724 576" STYLE_REF="7" QID="57">s</q>
			<QW QID="57">months</QW>
			<Q BOX="735 550 742 576" STYLE_REF="1" QID="58">t</Q>
			<q BOX="742 552 764 576" STYLE_REF="7" QID="58">he</q>
			<QW QID="58">the</QW>
			<L BOX="67 570 763 597"/>
			<Q BOX="67 570 131 597" STYLE_REF="1" QID="59">Sunday</Q>
			<Q BOX="131 570 138 597" STYLE_REF="1" LH="y" QID="59">-</Q>
			<q BOX="138 570 194 597" STYLE_REF="1" QID="59">school</q>
			<QW QID="59">Sunday-school</QW>
			<W BOX="205 570 269 597" STYLE_REF="1">became</W>
			<W BOX="276 570 286 597" STYLE_REF="1">a</W>
			<Q BOX="294 570 326 597" STYLE_REF="1" QID="60">dail</Q>
			<q BOX="326 570 337 597" STYLE_REF="1" QID="60">y</q>
			<QW QID="60">daily</QW>
			<W BOX="346 572 414 596" STYLE_REF="7">evening</W>
			<Q BOX="426 572 494 596" STYLE_REF="7" QID="61">assembl</Q>
			<q BOX="495 570 506 597" STYLE_REF="1" NS="y" QID="61">y</q>
			<QW QID="61">assembly</QW>
			<W BOX="506 570 512 597" STYLE_REF="1">,</W>
			<W BOX="523 570 550 597" STYLE_REF="1">the</W>
			<W BOX="560 570 601 597" STYLE_REF="1">boys</W>
			<W BOX="611 570 652 597" STYLE_REF="1">often</W>
			<W BOX="662 570 758 597" STYLE_REF="1" NS="y">exclaiming</W>
			<W BOX="758 570 763 597" STYLE_REF="1">,</W>
			<L BOX="66 591 761 620"/>
			<W BOX="66 593 81 620" STYLE_REF="1" NS="y">"</W>
			<W BOX="82 591 107 618" STYLE_REF="1">Oh</W>
			<W BOX="118 591 186 618" STYLE_REF="1" NS="y">Teacher</W>
			<W BOX="192 591 197 618" STYLE_REF="1">!</W>
			<W BOX="208 591 217 618" STYLE_REF="1">I</W>
			<W BOX="225 591 265 618" STYLE_REF="1">wish</W>
			<W BOX="273 591 305 618" STYLE_REF="1">you</W>
			<W BOX="312 591 365 618" STYLE_REF="1">would</W>
			<W BOX="377 591 413 618" STYLE_REF="1">stay</W>
			<W BOX="426 591 448 618" STYLE_REF="1">all</W>
			<W BOX="461 591 493 618" STYLE_REF="1" NS="y">day</W>
			<W BOX="498 591 503 618" STYLE_REF="1" NS="y">!</W>
			<W BOX="503 591 506 618" STYLE_REF="1" NS="y">'</W>
			<W BOX="506 591 515 618" STYLE_REF="1">*</W>
			<W BOX="535 591 550 618" STYLE_REF="1">If</W>
			<W BOX="563 591 619 618" STYLE_REF="1">stories</W>
			<W BOX="629 591 670 618" STYLE_REF="1">were</W>
			<W BOX="682 591 718 618" STYLE_REF="1">read</W>
			<W BOX="731 592 761 619" STYLE_REF="1">and</W>
		</Primitive>
		<Primitive BOX="24 612 811 660" ID="Ar0670209" SEQ_NO="9" TOC_ENTRY_ID="90" DEPTH_LEVEL="1">
			<L BOX="65 612 761 639"/>
			<Q BOX="65 612 76 639" STYLE_REF="1" QID="62">p</Q>
			<q BOX="76 614 134 638" STYLE_REF="7" QID="62">ictures</q>
			<QW QID="62">pictures</QW>
			<W BOX="141 614 197 638" STYLE_REF="7">shown</W>
			<Q BOX="204 612 211 638" STYLE_REF="1" QID="63">t</Q>
			<q BOX="212 614 221 638" STYLE_REF="7" QID="63">o</q>
			<QW QID="63">to</QW>
			<W BOX="226 614 267 638" STYLE_REF="7">boys</W>
			<W BOX="271 614 307 638" STYLE_REF="7">who</W>
			<W BOX="312 614 357 638" STYLE_REF="7">could</W>
			<Q BOX="364 614 385 638" STYLE_REF="7" QID="64">no</Q>
			<q BOX="385 612 391 638" STYLE_REF="1" QID="64">t</q>
			<QW QID="64">not</QW>
			<Q BOX="395 614 406 638" STYLE_REF="7" QID="65">a</Q>
			<q BOX="405 612 412 638" STYLE_REF="1" QID="65">t</q>
			<QW QID="65">at</QW>
			<Q BOX="418 614 444 638" STYLE_REF="7" QID="66">firs</Q>
			<q BOX="446 612 453 638" STYLE_REF="1" QID="66">t</q>
			<QW QID="66">first</QW>
			<W BOX="459 612 479 639" STYLE_REF="1">be</W>
			<Q BOX="484 614 494 638" STYLE_REF="7" QID="67">e</Q>
			<Q BOX="493 612 503 639" STYLE_REF="1" QID="67">x</Q>
			<Q BOX="504 614 533 638" STYLE_REF="7" QID="67">pec</Q>
			<Q BOX="533 612 540 639" STYLE_REF="1" QID="67">t</Q>
			<q BOX="540 614 558 638" STYLE_REF="7" QID="67">ed</q>
			<QW QID="67">expected</QW>
			<Q BOX="566 612 573 639" STYLE_REF="1" QID="68">t</Q>
			<q BOX="574 614 583 638" STYLE_REF="7" QID="68">o</q>
			<QW QID="68">to</QW>
			<Q BOX="588 614 605 638" STYLE_REF="7" QID="69">se</Q>
			<Q BOX="605 612 612 639" STYLE_REF="1" QID="69">t</Q>
			<q BOX="613 614 635 638" STYLE_REF="7" QID="69">tle</q>
			<QW QID="69">settle</QW>
			<W BOX="641 615 687 638" STYLE_REF="7">down</W>
			<W BOX="691 615 727 639" STYLE_REF="7">into</W>
			<Q BOX="733 613 740 639" STYLE_REF="1" QID="70">t</Q>
			<q BOX="741 615 761 639" STYLE_REF="7" QID="70">he</q>
			<QW QID="70">the</QW>
			<L BOX="64 633 763 660"/>
			<Q BOX="64 635 92 659" STYLE_REF="7" QID="71">rou</Q>
			<Q BOX="94 633 101 659" STYLE_REF="1" QID="71">t</Q>
			<q BOX="102 635 126 659" STYLE_REF="7" QID="71">ine</q>
			<QW QID="71">routine</QW>
			<Q BOX="133 633 144 659" STYLE_REF="1" QID="72">o</Q>
			<q BOX="143 635 149 659" STYLE_REF="7" QID="72">f</q>
			<QW QID="72">of</QW>
			<W BOX="157 635 209 659" STYLE_REF="7">school</W>
			<W BOX="214 635 258 659" STYLE_REF="7" NS="y">work</W>
			<W BOX="259 633 264 660" STYLE_REF="1">,</W>
			<W BOX="268 633 282 659" STYLE_REF="1">it</W>
			<W BOX="287 635 340 658" STYLE_REF="7">would</W>
			<W BOX="346 635 367 658" STYLE_REF="7">be</W>
			<W BOX="373 635 382 658" STYLE_REF="7">a</W>
			<Q BOX="389 635 454 658" STYLE_REF="7" QID="73">prepara</Q>
			<Q BOX="456 633 462 659" STYLE_REF="1" QID="73">t</Q>
			<Q BOX="462 635 477 658" STYLE_REF="7" QID="73">io</Q>
			<q BOX="478 633 489 659" STYLE_REF="1" QID="73">n</q>
			<QW QID="73">preparation</QW>
			<W BOX="495 635 518 658" STYLE_REF="7">for</W>
			<W BOX="526 635 574 658" STYLE_REF="7">much</W>
			<W BOX="579 635 618 659" STYLE_REF="7" NS="y">good</W>
			<W BOX="620 634 625 660" STYLE_REF="1">,</W>
			<W BOX="629 636 660 659" STYLE_REF="7">and</W>
			<W BOX="668 636 677 659" STYLE_REF="7">a</W>
			<Q BOX="684 636 729 659" STYLE_REF="7" QID="74">powe</Q>
			<Q BOX="730 636 753 659" STYLE_REF="7" QID="74">rfu</Q>
			<q BOX="755 636 763 659" STYLE_REF="7" QID="74">l</q>
			<QW QID="74">powerful</QW>
		</Primitive>
		<Primitive BOX="24 654 811 722" ID="Ar0670210" SEQ_NO="10" TOC_ENTRY_ID="90" DEPTH_LEVEL="1">
			<L BOX="64 654 760 681"/>
			<W BOX="64 654 149 680" STYLE_REF="1">assistance</W>
			<W BOX="156 654 173 680" STYLE_REF="1">to</W>
			<W BOX="180 654 242 680" STYLE_REF="1">regular</W>
			<W BOX="249 654 309 680" STYLE_REF="1" NS="y">schools</W>
			<W BOX="309 654 314 680" STYLE_REF="1">.</W>
			<W BOX="331 654 365 680" STYLE_REF="1">The</W>
			<W BOX="371 654 451 680" STYLE_REF="1">hundreds</W>
			<W BOX="458 654 495 680" STYLE_REF="1">who</W>
			<W BOX="501 654 531 680" STYLE_REF="1">run</W>
			<W BOX="539 654 586 680" STYLE_REF="1">about</W>
			<W BOX="594 654 622 680" STYLE_REF="1">the</W>
			<W BOX="629 654 684 680" STYLE_REF="1">streets</W>
			<W BOX="691 654 712 680" STYLE_REF="1">un</W>
			<W BOX="715 654 760 681" STYLE_REF="1">cared</W>
			<L BOX="64 674 760 701"/>
			<W BOX="64 677 87 700" STYLE_REF="7">for</W>
			<W BOX="99 677 129 700" STYLE_REF="7">and</W>
			<Q BOX="140 677 162 700" STYLE_REF="7" QID="75">wi</Q>
			<Q BOX="163 674 169 701" STYLE_REF="1" QID="75">t</Q>
			<q BOX="169 677 181 700" STYLE_REF="7" QID="75">h</q>
			<QW QID="75">with</QW>
			<Q BOX="192 677 214 700" STYLE_REF="7" QID="76">no</Q>
			<Q BOX="214 674 221 701" STYLE_REF="1" QID="76">t</Q>
			<Q BOX="221 677 249 700" STYLE_REF="7" QID="76">hin</Q>
			<q BOX="250 674 260 701" STYLE_REF="1" QID="76">g</q>
			<QW QID="76">nothing</QW>
			<W BOX="269 674 286 701" STYLE_REF="1">to</W>
			<Q BOX="298 677 323 700" STYLE_REF="7" QID="77">cul</Q>
			<Q BOX="324 674 331 701" STYLE_REF="1" QID="77">t</Q>
			<q BOX="331 677 374 700" STYLE_REF="7" QID="77">ivate</q>
			<QW QID="77">cultivate</QW>
			<W BOX="382 677 421 700" STYLE_REF="7">good</W>
			<Q BOX="430 676 479 700" STYLE_REF="7" QID="78">princi</Q>
			<Q BOX="480 674 491 701" STYLE_REF="1" QID="78">p</Q>
			<q BOX="491 674 514 701" STYLE_REF="1" QID="78">les</q>
			<QW QID="78">principles</QW>
			<W BOX="525 674 579 701" STYLE_REF="1">would</W>
			<Q BOX="590 674 628 701" STYLE_REF="1" QID="79">amp</Q>
			<Q BOX="628 674 633 701" STYLE_REF="1" QID="79">l</Q>
			<q BOX="634 677 646 701" STYLE_REF="7" QID="79">y</q>
			<QW QID="79">amply</QW>
			<W BOX="656 677 716 701" STYLE_REF="7">reward</W>
			<W BOX="728 677 760 701" STYLE_REF="7">any</W>
			<L BOX="64 695 759 722"/>
			<Q BOX="64 698 93 721" STYLE_REF="7" QID="80">suc</Q>
			<q BOX="92 695 104 722" STYLE_REF="1" QID="80">h</q>
			<QW QID="80">such</QW>
			<Q BOX="111 695 117 722" STYLE_REF="1" QID="81">t</Q>
			<q BOX="118 698 184 721" STYLE_REF="7" QID="81">eaching</q>
			<QW QID="81">teaching</QW>
			<Q BOX="193 695 203 722" STYLE_REF="1" QID="82">a</Q>
			<q BOX="204 698 211 721" STYLE_REF="7" QID="82">s</q>
			<QW QID="82">as</QW>
			<W BOX="221 698 235 721" STYLE_REF="7">is</W>
			<Q BOX="244 698 273 721" STYLE_REF="7" QID="83">sug</Q>
			<Q BOX="273 695 284 722" STYLE_REF="1" QID="83">g</Q>
			<Q BOX="283 698 300 721" STYLE_REF="7" QID="83">es</Q>
			<Q BOX="300 695 306 722" STYLE_REF="1" QID="83">t</Q>
			<Q BOX="307 698 325 721" STYLE_REF="7" QID="83">ed</Q>
			<q BOX="339 698 371 721" STYLE_REF="7" QID="83">and</q>
			<QW QID="83">suggestedand</QW>
			<W BOX="378 698 402 721" STYLE_REF="7">we</W>
			<Q BOX="409 698 470 721" STYLE_REF="7" QID="84">comme</Q>
			<Q BOX="470 695 480 722" STYLE_REF="1" QID="84">n</Q>
			<q BOX="481 698 492 721" STYLE_REF="7" QID="84">d</q>
			<QW QID="84">commend</QW>
			<Q BOX="501 695 508 722" STYLE_REF="1" QID="85">t</Q>
			<q BOX="509 698 529 721" STYLE_REF="7" QID="85">he</q>
			<QW QID="85">the</QW>
			<Q BOX="539 698 549 721" STYLE_REF="7" QID="86">p</Q>
			<q BOX="550 698 576 722" STYLE_REF="7" QID="86">lan</q>
			<QW QID="86">plan</QW>
			<Q BOX="586 696 593 722" STYLE_REF="1" QID="87">t</Q>
			<q BOX="593 698 603 722" STYLE_REF="7" QID="87">o</q>
			<QW QID="87">to</QW>
			<W BOX="612 698 634 722" STYLE_REF="7">all</W>
			<W BOX="641 698 677 722" STYLE_REF="7">who</W>
			<W BOX="684 698 725 722" STYLE_REF="7">have</W>
			<W BOX="732 698 759 722" STYLE_REF="7">the</W>
		</Primitive>
		<Primitive BOX="24 716 811 764" ID="Ar0670211" SEQ_NO="11" TOC_ENTRY_ID="90" DEPTH_LEVEL="1">
			<L BOX="326 695 331 722"/>
			<W BOX="326 695 331 722" STYLE_REF="1">,</W>
			<L BOX="63 716 760 743"/>
			<Q BOX="63 716 99 743" STYLE_REF="1" QID="88">hear</Q>
			<q BOX="100 716 115 743" STYLE_REF="1" QID="88">ts</q>
			<QW QID="88">hearts</QW>
			<W BOX="126 716 144 743" STYLE_REF="1">to</W>
			<W BOX="155 716 214 743" STYLE_REF="1">engage</W>
			<W BOX="226 716 243 743" STYLE_REF="1">in</W>
			<W BOX="255 716 272 743" STYLE_REF="1" NS="y">it</W>
			<W BOX="272 716 278 743" STYLE_REF="1">;</W>
			<W BOX="290 716 317 743" STYLE_REF="1">the</W>
			<W BOX="326 716 367 743" STYLE_REF="1">time</W>
			<W BOX="375 716 405 743" STYLE_REF="1">and</W>
			<W BOX="414 716 443 743" STYLE_REF="1">the</W>
			<W BOX="453 716 568 743" STYLE_REF="1">opportunities</W>
			<W BOX="576 716 610 743" STYLE_REF="1">will</W>
			<W BOX="621 716 649 743" STYLE_REF="1">not</W>
			<W BOX="660 716 679 743" STYLE_REF="1">be</W>
			<W BOX="688 716 760 743" STYLE_REF="1">wanting</W>
			<L BOX="62 737 758 764"/>
			<W BOX="62 740 109 763" STYLE_REF="7">when</W>
			<W BOX="114 740 176 763" STYLE_REF="7">women</W>
			<W BOX="182 740 225 763" STYLE_REF="7">learn</W>
			<W BOX="233 740 250 763" STYLE_REF="7">to</W>
			<W BOX="257 740 282 763" STYLE_REF="7">see</W>
			<Q BOX="290 740 325 763" STYLE_REF="7" QID="89">wha</Q>
			<q BOX="326 737 333 764" STYLE_REF="1" QID="89">t</q>
			<QW QID="89">what</QW>
			<W BOX="341 740 415 763" STYLE_REF="7">powerful</W>
			<W BOX="424 740 511 763" STYLE_REF="7">influences</W>
			<W BOX="518 740 540 763" STYLE_REF="7">for</W>
			<Q BOX="548 737 559 764" STYLE_REF="1" QID="90">g</Q>
			<q BOX="558 740 587 763" STYLE_REF="7" QID="90">ood</q>
			<QW QID="90">good</QW>
			<W BOX="595 740 621 763" STYLE_REF="7">are</W>
			<Q BOX="628 741 639 764" STYLE_REF="7" QID="91">p</Q>
			<q BOX="639 738 683 764" STYLE_REF="1" QID="91">laced</q>
			<QW QID="91">placed</QW>
			<W BOX="691 738 707 764" STYLE_REF="1">in</W>
			<W BOX="716 738 758 764" STYLE_REF="1">their</W>
		</Primitive>
		<Primitive BOX="24 758 811 807" ID="Ar0670212" SEQ_NO="12" TOC_ENTRY_ID="90" DEPTH_LEVEL="1">
			<L BOX="62 758 757 786"/>
			<Q BOX="62 761 94 784" STYLE_REF="7" QID="92">han</Q>
			<Q BOX="94 758 104 785" STYLE_REF="1" QID="92">d</Q>
			<q BOX="105 761 112 784" STYLE_REF="7" QID="92">s</q>
			<QW QID="92">hands</QW>
			<W BOX="119 761 143 784" STYLE_REF="7">for</W>
			<Q BOX="151 761 197 784" STYLE_REF="7" QID="93">reclai</Q>
			<q BOX="198 761 243 784" STYLE_REF="7" QID="93">ming</q>
			<QW QID="93">reclaiming</QW>
			<Q BOX="251 761 270 784" STYLE_REF="7" QID="94">an</Q>
			<q BOX="272 758 282 785" STYLE_REF="1" QID="94">d</q>
			<QW QID="94">and</QW>
			<Q BOX="291 761 338 784" STYLE_REF="7" QID="95">guard</Q>
			<Q BOX="341 761 345 784" STYLE_REF="7" QID="95">i</Q>
			<q BOX="346 761 369 784" STYLE_REF="7" QID="95">ng</q>
			<QW QID="95">guarding</QW>
			<Q BOX="379 760 385 784" STYLE_REF="7" QID="96">f</Q>
			<Q BOX="385 758 392 785" STYLE_REF="1" QID="96">r</Q>
			<q BOX="393 760 420 784" STYLE_REF="7" QID="96">om</q>
			<QW QID="96">from</QW>
			<W BOX="427 760 461 784" STYLE_REF="7">vice</W>
			<Q BOX="468 758 475 785" STYLE_REF="1" QID="97">t</Q>
			<q BOX="475 760 514 784" STYLE_REF="7" QID="97">hose</q>
			<QW QID="97">those</QW>
			<W BOX="521 760 557 784" STYLE_REF="7">who</W>
			<W BOX="564 760 598 784" STYLE_REF="7">will</W>
			<Q BOX="605 760 611 784" STYLE_REF="7" QID="98">i</Q>
			<q BOX="611 758 621 785" STYLE_REF="1" QID="98">n</q>
			<QW QID="98">in</QW>
			<W BOX="629 760 638 784" STYLE_REF="7">a</W>
			<Q BOX="646 761 660 784" STYLE_REF="7" QID="99">fe</Q>
			<q BOX="662 759 676 786" STYLE_REF="1" QID="99">w</q>
			<QW QID="99">few</QW>
			<W BOX="683 761 730 785" STYLE_REF="7">years</W>
			<W BOX="737 761 757 785" STYLE_REF="7">be</W>
			<L BOX="62 779 504 807"/>
			<Q BOX="62 779 73 806" STYLE_REF="1" QID="100">b</Q>
			<Q BOX="74 782 82 805" STYLE_REF="7" QID="100">e</Q>
			<Q BOX="81 779 92 806" STYLE_REF="1" QID="100">y</Q>
			<q BOX="93 782 123 805" STYLE_REF="7" QID="100">ond</q>
			<QW QID="100">beyond</QW>
			<Q BOX="130 782 141 806" STYLE_REF="7" QID="101">o</Q>
			<Q BOX="140 780 151 806" STYLE_REF="1" QID="101">u</Q>
			<q BOX="152 782 160 806" STYLE_REF="7" QID="101">r</q>
			<QW QID="101">our</QW>
			<Q BOX="167 782 193 806" STYLE_REF="7" QID="102">rea</Q>
			<Q BOX="194 780 203 806" STYLE_REF="1" QID="102">c</Q>
			<q BOX="202 782 213 806" STYLE_REF="7" NS="y" QID="102">h</q>
			<QW QID="102">reach</QW>
			<W BOX="214 780 219 807" STYLE_REF="1">,</W>
			<W BOX="226 780 258 806" STYLE_REF="1">and</W>
			<W BOX="264 780 274 806" STYLE_REF="1" NS="y" M="1 * ">_�</W>
			<W BOX="273 780 284 806" STYLE_REF="1" NS="y">&gt;</W>
			<W BOX="285 780 334 806" STYLE_REF="1">erhaps</W>
			<W BOX="342 779 373 806" STYLE_REF="1">lost</W>
			<W BOX="380 779 442 806" STYLE_REF="1">beyond</W>
			<W BOX="450 779 498 806" STYLE_REF="1" NS="y">recall</W>
			<W BOX="498 779 504 806" STYLE_REF="1">.</W>
		</Primitive>
		<Primitive BOX="24 802 811 854" ID="Ar0670213" SEQ_NO="13" TOC_ENTRY_ID="90" DEPTH_LEVEL="1">
			<L BOX="364 802 567 830"/>
			<Q BOX="364 802 380 829" STYLE_REF="1" QID="103">Y</Q>
			<q BOX="379 805 407 828" STYLE_REF="7" QID="103">our</q>
			<QW QID="103">Your</QW>
			<Q BOX="415 805 444 828" STYLE_REF="7" QID="104">obe</Q>
			<Q BOX="445 802 456 829" STYLE_REF="1" QID="104">d</Q>
			<Q BOX="456 805 481 828" STYLE_REF="7" QID="104">ien</Q>
			<q BOX="481 802 489 829" STYLE_REF="1" QID="104">t</q>
			<QW QID="104">obedient</QW>
			<Q BOX="497 805 552 828" STYLE_REF="7" QID="105">servan</Q>
			<q BOX="553 802 560 829" STYLE_REF="1" NS="y" QID="105">t</q>
			<QW QID="105">servant</QW>
			<W BOX="561 803 567 830" STYLE_REF="1">,</W>
			<L BOX="168 824 761 854"/>
			<W BOX="168 826 201 853" STYLE_REF="1">The</W>
			<W BOX="208 826 311 853" STYLE_REF="1">Authobess</W>
			<W BOX="317 826 332 853" STYLE_REF="1">of</W>
			<S S_TYPE="BUL">
				<W BOX="345 824 350 851" STYLE_REF="1">�</W>
			</S>
			<Q BOX="355 826 417 853" STYLE_REF="1" QID="106">Metrop</Q>
			<q BOX="418 826 468 853" STYLE_REF="1" QID="106">olitan</q>
			<QW QID="106">Metropolitan</QW>
			<W BOX="475 826 584 853" STYLE_REF="1">Workhouses</W>
			<W BOX="591 826 622 853" STYLE_REF="1">and</W>
			<W BOX="630 826 670 853" STYLE_REF="1">their</W>
			<W BOX="677 826 748 853" STYLE_REF="1" NS="y">Inmates</W>
			<W BOX="749 826 754 853" STYLE_REF="1" NS="y">.</W>
			<W BOX="755 827 761 854" STYLE_REF="1">'</W>
		</Primitive>
		<Primitive BOX="24 849 811 915" ID="Ar0670214" SEQ_NO="14" TOC_ENTRY_ID="90" DEPTH_LEVEL="1">
			<L BOX="82 849 280 877"/>
			<Q BOX="82 852 134 876" STYLE_REF="7" QID="107">Londo</Q>
			<q BOX="134 850 145 877" STYLE_REF="2" NS="y" QID="107">n</q>
			<QW QID="107">London</QW>
			<W BOX="145 850 151 877" STYLE_REF="2">,</W>
			<Q BOX="156 850 173 877" STYLE_REF="2" QID="108">M</Q>
			<q BOX="173 852 208 876" STYLE_REF="7" QID="108">arch</q>
			<QW QID="108">March</QW>
			<W BOX="215 850 227 877" STYLE_REF="1" NS="y">5</W>
			<W BOX="225 849 230 876" STYLE_REF="1">,</W>
			<W BOX="236 850 274 877" STYLE_REF="1" NS="y">1858</W>
			<W BOX="274 850 280 877" STYLE_REF="1">.</W>
			<L BOX="198 888 622 915" P="S"/>
			<W BOX="198 889 236 915" STYLE_REF="1">The</W>
			<W BOX="248 889 299 915" STYLE_REF="1">Home</W>
			<W BOX="309 888 357 914" STYLE_REF="1">Help</W>
			<W BOX="368 888 399 915" STYLE_REF="1">for</W>
			<W BOX="410 888 515 915" STYLE_REF="1">Neglected</W>
			<W BOX="526 889 615 915" STYLE_REF="1" NS="y">Children</W>
			<W BOX="615 889 622 915" STYLE_REF="1">.</W>
		</Primitive>
		<Primitive BOX="24 915 811 971" ID="Ar0670215" SEQ_NO="15" TOC_ENTRY_ID="90" DEPTH_LEVEL="1">
			<L BOX="61 915 758 978"/>
			<W BOX="61 952 84 978" STYLE_REF="1">for</W>
			<W BOX="62 933 137 960" STYLE_REF="2">neglected</W>
			<W BOX="83 915 99 942" STYLE_REF="1">It</W>
			<W BOX="92 952 124 978" STYLE_REF="1">two</W>
			<W BOX="111 915 125 942" STYLE_REF="1">is</W>
			<W BOX="131 952 148 978" STYLE_REF="1">or</W>
			<W BOX="137 915 212 942" STYLE_REF="1">proposed</W>
			<W BOX="146 933 217 960" STYLE_REF="1">children</W>
			<Q BOX="157 952 191 978" STYLE_REF="1" QID="109">thre</Q>
			<q BOX="191 952 200 978" STYLE_REF="1" QID="109">e</q>
			<QW QID="109">three</QW>
			<W BOX="205 952 237 978" STYLE_REF="1">hou</W>
			<W BOX="225 933 262 960" STYLE_REF="1">may</W>
			<W BOX="225 915 243 942" STYLE_REF="1">to</W>
			<W BOX="239 952 254 978" STYLE_REF="1">rs</W>
			<W BOX="256 915 295 942" STYLE_REF="1">open</W>
			<W BOX="270 933 290 960" STYLE_REF="1">be</W>
			<W BOX="297 933 384 960" STYLE_REF="1">assembled</W>
			<W BOX="307 915 359 942" STYLE_REF="1">rooms</W>
			<Q BOX="315 951 363 978" STYLE_REF="1" QID="110">aftern</Q>
			<q BOX="367 951 376 978" STYLE_REF="1" QID="110">o</q>
			<QW QID="110">afterno</QW>
			<W BOX="370 915 387 941" STYLE_REF="1">in</W>
			<W BOX="376 951 395 978" STYLE_REF="1">on</W>
			<W BOX="392 933 409 959" STYLE_REF="1">in</W>
			<W BOX="397 951 405 978" STYLE_REF="1">.</W>
			<W BOX="398 915 461 941" STYLE_REF="1">various</W>
			<W BOX="418 933 476 959" STYLE_REF="1">groups</W>
			<W BOX="470 915 527 941" STYLE_REF="1">streets</W>
			<W BOX="486 933 502 959" STYLE_REF="1">of</W>
			<W BOX="513 933 565 959" STYLE_REF="1">fifteen</W>
			<W BOX="538 915 553 941" STYLE_REF="1">of</W>
			<W BOX="564 915 592 941" STYLE_REF="1">the</W>
			<W BOX="576 933 593 959" STYLE_REF="1">or</W>
			<W BOX="600 933 662 960" STYLE_REF="1">twenty</W>
			<Q BOX="602 915 664 941" STYLE_REF="1" QID="111">Metrop</Q>
			<q BOX="665 915 694 941" STYLE_REF="1" QID="111">olis</q>
			<QW QID="111">Metropolis</QW>
			<W BOX="669 933 685 960" STYLE_REF="1">at</W>
			<W BOX="692 933 701 960" STYLE_REF="1">a</W>
			<W BOX="704 915 756 941" STYLE_REF="1">where</W>
			<W BOX="710 933 750 960" STYLE_REF="1" NS="y">time</W>
			<W BOX="750 934 758 961" STYLE_REF="1">,</W>
			<L BOX="261 951 308 978"/>
			<W BOX="261 951 308 978" STYLE_REF="1">every</W>
		</Primitive>
		<Primitive BOX="24 959 811 1034" ID="Ar0670216" SEQ_NO="16" TOC_ENTRY_ID="90" DEPTH_LEVEL="1">
			<L BOX="82 969 754 997"/>
			<W BOX="82 970 132 997" STYLE_REF="1">These</W>
			<W BOX="140 970 219 997" STYLE_REF="1">meetings</W>
			<W BOX="227 970 254 997" STYLE_REF="1">are</W>
			<W BOX="264 970 292 997" STYLE_REF="1">not</W>
			<W BOX="302 970 319 997" STYLE_REF="1">to</W>
			<W BOX="328 970 348 997" STYLE_REF="1">be</W>
			<W BOX="357 969 453 996" STYLE_REF="1">substitutes</W>
			<W BOX="462 969 485 996" STYLE_REF="1">for</W>
			<W BOX="497 969 558 996" STYLE_REF="1" NS="y">schools</W>
			<W BOX="558 970 563 997" STYLE_REF="1">,</W>
			<W BOX="570 970 600 997" STYLE_REF="1">but</W>
			<W BOX="609 970 647 997" STYLE_REF="1">may</W>
			<W BOX="654 970 674 997" STYLE_REF="1">be</W>
			<W BOX="680 970 754 997" STYLE_REF="1">attended</W>
			<L BOX="60 988 756 1034"/>
			<W BOX="60 989 82 1015" STYLE_REF="1">by</W>
			<W BOX="81 1006 97 1033" STYLE_REF="1">It</W>
			<W BOX="90 991 100 1017" STYLE_REF="1">"</W>
			<W BOX="104 1006 118 1033" STYLE_REF="1">is</W>
			<W BOX="106 988 170 1015" STYLE_REF="1">Ragged</W>
			<W BOX="125 1006 200 1033" STYLE_REF="1">proposed</W>
			<W BOX="178 988 235 1015" STYLE_REF="1">School</W>
			<W BOX="209 1006 244 1033" STYLE_REF="1">that</W>
			<W BOX="239 990 249 1016" STYLE_REF="1">"</W>
			<W BOX="251 1006 300 1033" STYLE_REF="1">pence</W>
			<Q BOX="256 988 288 1015" STYLE_REF="1" QID="112">chil</Q>
			<q BOX="289 988 326 1015" STYLE_REF="1" QID="112">dren</q>
			<QW QID="112">children</QW>
			<W BOX="310 1006 368 1033" STYLE_REF="1">should</W>
			<W BOX="333 988 373 1015" STYLE_REF="1">after</W>
			<W BOX="376 1006 394 1033" STYLE_REF="1">be</W>
			<W BOX="381 988 436 1015" STYLE_REF="1">school</W>
			<W BOX="401 1006 473 1033" STYLE_REF="1">accepted</W>
			<Q BOX="436 988 443 1015" STYLE_REF="1" LH="y" QID="113">-</Q>
			<q BOX="443 988 490 1015" STYLE_REF="1" QID="113">hours</q>
			<QW QID="113">-hours</QW>
			<W BOX="481 1006 521 1033" STYLE_REF="1">from</W>
			<W BOX="491 988 496 1015" STYLE_REF="1">,</W>
			<W BOX="504 988 526 1015" STYLE_REF="1">for</W>
			<W BOX="533 1006 560 1033" STYLE_REF="1">the</W>
			<W BOX="534 988 599 1015" STYLE_REF="1">reading</W>
			<W BOX="570 1006 638 1033" STYLE_REF="1">children</W>
			<W BOX="599 988 604 1015" STYLE_REF="1">,</W>
			<W BOX="613 991 657 1014" STYLE_REF="7">needl</W>
			<W BOX="639 1007 644 1034" STYLE_REF="1">,</W>
			<W BOX="652 1006 674 1033" STYLE_REF="1">for</W>
			<Q BOX="659 991 669 1014" STYLE_REF="7" QID="114">e</Q>
			<q BOX="668 988 682 1015" STYLE_REF="1" QID="114">w</q>
			<QW QID="114">ew</QW>
			<W BOX="682 1006 709 1033" STYLE_REF="1">the</W>
			<W BOX="683 991 710 1014" STYLE_REF="7" NS="y">ork</W>
			<W BOX="712 989 717 1016" STYLE_REF="1">,</W>
			<W BOX="716 1006 747 1033" STYLE_REF="1">pur</W>
			<W BOX="725 988 741 1015" STYLE_REF="1" NS="y">&amp;</W>
			<W BOX="741 988 750 1015" STYLE_REF="1">c</W>
			<W BOX="747 1006 754 1033" STYLE_REF="1" LH="y">-</W>
			<W BOX="750 988 756 1015" STYLE_REF="1">.</W>
		</Primitive>
		<Primitive BOX="24 1024 811 1106" ID="Ar0670217" SEQ_NO="17" TOC_ENTRY_ID="90" DEPTH_LEVEL="1">
			<L BOX="60 1024 755 1069"/>
			<W BOX="60 1025 106 1051" STYLE_REF="1">chase</W>
			<Q BOX="81 1043 88 1069" STYLE_REF="1" QID="115">I</Q>
			<q BOX="90 1045 96 1069" STYLE_REF="7" QID="115">t</q>
			<QW QID="115">It</QW>
			<W BOX="106 1043 120 1069" STYLE_REF="1">is</W>
			<W BOX="112 1025 127 1051" STYLE_REF="1">of</W>
			<W BOX="128 1045 204 1069" STYLE_REF="7">proposed</W>
			<W BOX="135 1024 206 1051" STYLE_REF="1" NS="y">clothing</W>
			<W BOX="206 1024 212 1051" STYLE_REF="1">.</W>
			<Q BOX="215 1043 222 1069" STYLE_REF="1" QID="116">t</Q>
			<q BOX="223 1045 232 1069" STYLE_REF="7" QID="116">o</q>
			<QW QID="116">to</QW>
			<Q BOX="243 1043 249 1069" STYLE_REF="1" QID="117">t</Q>
			<q BOX="250 1045 270 1069" STYLE_REF="7" QID="117">ell</q>
			<QW QID="117">tell</QW>
			<Q BOX="280 1043 286 1069" STYLE_REF="1" QID="118">t</Q>
			<q BOX="287 1045 308 1069" STYLE_REF="7" QID="118">he</q>
			<QW QID="118">the</QW>
			<W BOX="317 1045 387 1068" STYLE_REF="7">children</W>
			<Q BOX="400 1045 427 1068" STYLE_REF="7" QID="119">ins</Q>
			<Q BOX="427 1042 441 1069" STYLE_REF="1" QID="119">tr</Q>
			<Q BOX="442 1045 462 1068" STYLE_REF="7" QID="119">uc</Q>
			<Q BOX="463 1042 469 1069" STYLE_REF="1" QID="119">t</Q>
			<q BOX="470 1045 496 1068" STYLE_REF="7" QID="119">ive</q>
			<QW QID="119">instructive</QW>
			<Q BOX="504 1045 525 1068" STYLE_REF="7" QID="120">an</Q>
			<q BOX="525 1042 536 1069" STYLE_REF="1" QID="120">d</q>
			<QW QID="120">and</QW>
			<Q BOX="545 1045 564 1068" STYLE_REF="7" QID="121">en</Q>
			<Q BOX="565 1042 572 1069" STYLE_REF="1" QID="121">t</Q>
			<q BOX="573 1045 652 1068" STYLE_REF="7" QID="121">ertaining</q>
			<QW QID="121">entertaining</QW>
			<Q BOX="660 1045 670 1068" STYLE_REF="7" QID="122">s</Q>
			<Q BOX="668 1042 675 1069" STYLE_REF="1" QID="122">t</Q>
			<q BOX="676 1045 716 1068" STYLE_REF="7" NS="y" QID="122">ories</q>
			<QW QID="122">stories</QW>
			<W BOX="721 1045 726 1069" STYLE_REF="7">;</W>
			<Q BOX="737 1043 744 1069" STYLE_REF="1" QID="123">t</Q>
			<q BOX="744 1045 755 1069" STYLE_REF="7" QID="123">o</q>
			<QW QID="123">to</QW>
			<L BOX="58 1060 755 1106"/>
			<W BOX="58 1080 76 1106" STYLE_REF="1">to</W>
			<W BOX="59 1064 96 1087" STYLE_REF="7">read</W>
			<W BOX="82 1080 129 1106" STYLE_REF="1">refine</W>
			<W BOX="103 1064 134 1087" STYLE_REF="7">and</W>
			<W BOX="137 1079 178 1105" STYLE_REF="1">their</W>
			<W BOX="142 1063 216 1087" STYLE_REF="7">converse</W>
			<W BOX="185 1079 228 1105" STYLE_REF="1">imag</W>
			<W BOX="223 1061 238 1088" STYLE_REF="1" NS="y">w</W>
			<S S_TYPE="SUB">
				<W BOX="228 1081 254 1104" STYLE_REF="7">ina</W>
			</S>
			<Q BOX="239 1063 245 1087" STYLE_REF="7" QID="124">i</Q>
			<Q BOX="245 1061 252 1088" STYLE_REF="1" QID="124">t</Q>
			<q BOX="253 1063 263 1087" STYLE_REF="7" QID="124">h</q>
			<QW QID="124">ith</QW>
			<Q BOX="255 1079 261 1105" STYLE_REF="1" QID="125">t</Q>
			<q BOX="262 1081 278 1104" STYLE_REF="7" QID="125">io</q>
			<QW QID="125">tio</QW>
			<W BOX="271 1061 289 1088" STYLE_REF="1">th</W>
			<Q BOX="277 1079 288 1105" STYLE_REF="1" QID="126">n</Q>
			<q BOX="289 1081 297 1104" STYLE_REF="7" QID="126">s</q>
			<QW QID="126">ns</QW>
			<W BOX="290 1063 315 1087" STYLE_REF="7">em</W>
			<W BOX="306 1081 336 1104" STYLE_REF="7">and</W>
			<W BOX="316 1061 320 1088" STYLE_REF="1">,</W>
			<W BOX="328 1063 360 1086" STYLE_REF="7">and</W>
			<W BOX="348 1081 421 1104" STYLE_REF="7">ordinary</W>
			<Q BOX="368 1060 374 1087" STYLE_REF="1" QID="127">t</Q>
			<Q BOX="374 1063 386 1086" STYLE_REF="7" QID="127">h</Q>
			<q BOX="386 1060 405 1087" STYLE_REF="1" QID="127">us</q>
			<QW QID="127">thus</QW>
			<Q BOX="413 1060 420 1087" STYLE_REF="1" QID="128">t</Q>
			<q BOX="420 1063 430 1086" STYLE_REF="7" QID="128">o</q>
			<QW QID="128">to</QW>
			<W BOX="431 1081 488 1104" STYLE_REF="7">langua</W>
			<W BOX="437 1063 471 1086" STYLE_REF="7">lead</W>
			<W BOX="482 1063 499 1086" STYLE_REF="7">th</W>
			<Q BOX="489 1079 500 1105" STYLE_REF="1" QID="129">g</Q>
			<q BOX="499 1081 509 1104" STYLE_REF="7" QID="129">e</q>
			<QW QID="129">ge</QW>
			<W BOX="501 1063 527 1086" STYLE_REF="7">em</W>
			<W BOX="508 1079 513 1106" STYLE_REF="1">,</W>
			<W BOX="524 1081 555 1104" STYLE_REF="7">and</W>
			<Q BOX="534 1060 541 1087" STYLE_REF="1" QID="130">t</Q>
			<q BOX="542 1063 551 1086" STYLE_REF="7" QID="130">o</q>
			<QW QID="130">to</QW>
			<W BOX="558 1063 587 1086" STYLE_REF="7">deli</W>
			<W BOX="566 1081 601 1104" STYLE_REF="7">brig</W>
			<Q BOX="589 1060 600 1087" STYLE_REF="1" QID="131">g</Q>
			<q BOX="599 1063 610 1087" STYLE_REF="7" QID="131">h</q>
			<QW QID="131">gh</QW>
			<W BOX="601 1079 611 1105" STYLE_REF="1">h</W>
			<W BOX="611 1061 617 1087" STYLE_REF="1">t</W>
			<W BOX="612 1079 639 1105" STYLE_REF="1">ten</W>
			<W BOX="625 1063 641 1087" STYLE_REF="7">in</W>
			<W BOX="646 1079 686 1105" STYLE_REF="1">their</W>
			<W BOX="649 1063 707 1087" STYLE_REF="7">occupa</W>
			<W BOX="694 1079 746 1105" STYLE_REF="1">under</W>
			<Q BOX="708 1061 715 1087" STYLE_REF="1" QID="132">t</Q>
			<Q BOX="716 1063 731 1087" STYLE_REF="7" QID="132">io</Q>
			<q BOX="731 1061 742 1087" STYLE_REF="1" QID="132">n</q>
			<QW QID="132">tion</QW>
			<W BOX="746 1079 753 1105" STYLE_REF="1" LH="y" NS="y">-</W>
			<S S_TYPE="SUP">
				<W BOX="748 1063 755 1087" STYLE_REF="7">;</W>
			</S>
		</Primitive>
		<Primitive BOX="24 1096 811 1214" ID="Ar0670218" SEQ_NO="18" TOC_ENTRY_ID="90" DEPTH_LEVEL="1">
			<L BOX="57 1096 754 1143"/>
			<W BOX="57 1116 65 1143" STYLE_REF="1">t</W>
			<W BOX="58 1098 130 1125" STYLE_REF="1">standing</W>
			<W BOX="66 1119 75 1142" STYLE_REF="7">o</W>
			<W BOX="82 1119 101 1142" STYLE_REF="7">be</W>
			<Q BOX="108 1119 118 1142" STYLE_REF="7" QID="133">g</Q>
			<q BOX="118 1116 155 1142" STYLE_REF="1" QID="133">iven</q>
			<QW QID="133">given</QW>
			<W BOX="139 1097 174 1124" STYLE_REF="1">that</W>
			<W BOX="162 1116 178 1142" STYLE_REF="1">to</W>
			<W BOX="182 1097 220 1124" STYLE_REF="1">they</W>
			<W BOX="184 1116 220 1142" STYLE_REF="1">take</W>
			<W BOX="227 1116 264 1142" STYLE_REF="1">hom</W>
			<W BOX="228 1097 265 1124" STYLE_REF="1">may</W>
			<W BOX="266 1115 275 1142" STYLE_REF="1">e</W>
			<W BOX="272 1096 366 1123" STYLE_REF="2">understand</W>
			<W BOX="275 1116 280 1143" STYLE_REF="1">,</W>
			<Q BOX="285 1115 299 1141" STYLE_REF="1" QID="134">w</Q>
			<Q BOX="300 1117 304 1141" STYLE_REF="7" QID="134">i</Q>
			<Q BOX="306 1115 312 1141" STYLE_REF="1" QID="134">t</Q>
			<q BOX="313 1117 324 1141" STYLE_REF="7" QID="134">h</q>
			<QW QID="134">with</QW>
			<W BOX="330 1117 380 1141" STYLE_REF="7">permi</W>
			<W BOX="375 1096 418 1123" STYLE_REF="1">what</W>
			<Q BOX="381 1115 398 1141" STYLE_REF="1" QID="135">ss</Q>
			<q BOX="397 1117 423 1141" STYLE_REF="7" QID="135">ion</q>
			<QW QID="135">ssion</QW>
			<W BOX="425 1096 464 1123" STYLE_REF="1">they</W>
			<Q BOX="431 1115 438 1141" STYLE_REF="1" QID="136">t</Q>
			<q BOX="439 1117 448 1141" STYLE_REF="7" QID="136">o</q>
			<QW QID="136">to</QW>
			<W BOX="455 1117 483 1141" STYLE_REF="7">sell</W>
			<W BOX="471 1096 497 1123" STYLE_REF="1">are</W>
			<Q BOX="491 1115 501 1141" STYLE_REF="1" QID="137">b</Q>
			<q BOX="502 1117 512 1141" STYLE_REF="7" QID="137">o</q>
			<QW QID="137">bo</QW>
			<W BOX="504 1096 553 1123" STYLE_REF="1">about</W>
			<Q BOX="512 1115 518 1141" STYLE_REF="1" QID="138">t</Q>
			<q BOX="519 1117 530 1141" STYLE_REF="7" QID="138">h</q>
			<QW QID="138">th</QW>
			<Q BOX="535 1115 542 1141" STYLE_REF="1" QID="139">t</Q>
			<q BOX="543 1117 552 1141" STYLE_REF="7" QID="139">o</q>
			<QW QID="139">to</QW>
			<W BOX="553 1096 559 1123" STYLE_REF="1">.</W>
			<Q BOX="556 1115 564 1141" STYLE_REF="1" QID="140">t</Q>
			<q BOX="564 1117 598 1141" STYLE_REF="7" QID="140">heir</q>
			<QW QID="140">their</QW>
			<W BOX="578 1096 630 1123" STYLE_REF="1">Books</W>
			<W BOX="606 1117 642 1141" STYLE_REF="7">poor</W>
			<W BOX="637 1096 668 1123" STYLE_REF="1">and</W>
			<W BOX="650 1117 675 1141" STYLE_REF="7">nei</W>
			<W BOX="676 1096 719 1123" STYLE_REF="1">work</W>
			<Q BOX="677 1115 687 1142" STYLE_REF="1" QID="141">g</Q>
			<q BOX="687 1118 748 1142" STYLE_REF="7" QID="141">hbours</q>
			<QW QID="141">ghbours</QW>
			<W BOX="727 1098 753 1124" STYLE_REF="1">are</W>
			<W BOX="748 1117 754 1143" STYLE_REF="1">,</W>
			<L BOX="56 1133 752 1198"/>
			<W BOX="56 1153 89 1180" STYLE_REF="1">cost</W>
			<W BOX="56 1171 93 1198" STYLE_REF="1">give</W>
			<Q BOX="57 1136 84 1161" STYLE_REF="10" QID="142">eac</Q>
			<q BOX="84 1135 95 1162" STYLE_REF="1" QID="142">h</q>
			<QW QID="142">each</QW>
			<W BOX="97 1153 139 1180" STYLE_REF="1">price</W>
			<W BOX="100 1171 144 1198" STYLE_REF="1">them</W>
			<Q BOX="106 1136 116 1161" STYLE_REF="10" QID="143">g</Q>
			<q BOX="116 1134 136 1160" STYLE_REF="1" QID="143">irl</q>
			<QW QID="143">girl</QW>
			<W BOX="139 1153 145 1180" STYLE_REF="1">.</W>
			<W BOX="147 1134 225 1160" STYLE_REF="1">receiving</W>
			<W BOX="152 1171 237 1198" STYLE_REF="1">additional</W>
			<W BOX="166 1153 199 1180" STYLE_REF="1">The</W>
			<W BOX="206 1151 277 1178" STYLE_REF="1">children</W>
			<W BOX="233 1134 243 1160" STYLE_REF="1">a</W>
			<W BOX="246 1170 310 1197" STYLE_REF="1">interest</W>
			<W BOX="251 1133 296 1160" STYLE_REF="1">small</W>
			<W BOX="284 1151 318 1178" STYLE_REF="1">will</W>
			<W BOX="307 1133 342 1159" STYLE_REF="1">sum</W>
			<W BOX="316 1170 333 1197" STYLE_REF="1">in</W>
			<W BOX="325 1151 363 1178" STYLE_REF="1">thus</W>
			<W BOX="341 1170 412 1197" STYLE_REF="1">working</W>
			<W BOX="355 1133 378 1159" STYLE_REF="1">for</W>
			<W BOX="370 1151 390 1178" STYLE_REF="1">be</W>
			<W BOX="388 1133 415 1159" STYLE_REF="1">her</W>
			<W BOX="397 1151 435 1178" STYLE_REF="1">taug</W>
			<W BOX="412 1170 418 1197" STYLE_REF="1">.</W>
			<W BOX="423 1133 467 1159" STYLE_REF="1">work</W>
			<W BOX="435 1151 454 1178" STYLE_REF="1">ht</W>
			<W BOX="461 1151 478 1178" STYLE_REF="1">to</W>
			<W BOX="468 1134 472 1160" STYLE_REF="1">,</W>
			<W BOX="483 1133 523 1160" STYLE_REF="1">with</W>
			<W BOX="484 1151 542 1178" STYLE_REF="1">benefit</W>
			<W BOX="534 1133 592 1160" STYLE_REF="1">liberty</W>
			<W BOX="549 1151 602 1178" STYLE_REF="1">others</W>
			<W BOX="600 1133 617 1160" STYLE_REF="1">to</W>
			<W BOX="602 1152 607 1179" STYLE_REF="1">,</W>
			<W BOX="612 1152 665 1179" STYLE_REF="1">which</W>
			<W BOX="624 1133 701 1160" STYLE_REF="1">purchase</W>
			<W BOX="672 1152 706 1179" STYLE_REF="1">will</W>
			<W BOX="712 1134 725 1160" STYLE_REF="1">it</W>
			<W BOX="713 1152 752 1179" STYLE_REF="1">soon</W>
			<W BOX="736 1134 752 1160" STYLE_REF="1">at</W>
			<L BOX="619 1190 655 1216"/>
			<W BOX="619 1196 626 1215" STYLE_REF="34">l</W>
			<W BOX="643 1190 655 1216" STYLE_REF="1">2</W>
		</Primitive>
	</Content>
	<Continuation-Content ID_REF="Ar06800"/>
	<TOC_Entries><TOC_Entry TOC_ENTRY_ID="149" TITLE="Madam, I think the following suggestion ..." ENTITY_ID_REF="Ar06702" PAGE_NO="67" PAGE_LABEL="139" PRIM_ID_REF="Ar0670200" IS_IC="true"/></TOC_Entries></XMD-entity>
