<?xml version="1.0" encoding="windows-1252" standalone="no"?>
<XMD-entity REPOSITORY_FORMAT="1.0" PRXML_VER="2.0" ENTITY_TYPE="Article" DOC_UID="EWJ_01/04/1858" DOC_VER="1" FIRST_TOC_ENTRY_ID="89" DEPTH_LEVEL="1" INDEX_IN_DOC="148" PAGE_NO="67" ID="Ar06701" BOX="24 12 811 86" LANGUAGE="English" SNP="Ar06701S.png" SNP_WIDTH="788" SNP_HEIGHT="75" LOGICAL_NAME="true">
	<Meta NAME="OPEN COUNCIL. * 189" DESCRIPTION="" SUBTYPE="" BASE_HREF="EWJ/1858/04/01" SOURCE_TYPE="TIFF" PUBLICATION="EWJ" SECTION="None" ISSUE_DATE="01/04/1858" WORDCNT="5" RELEASE_NO="041-EWJ-1858-04-01-001-SINGLE" PAGE_ID="" PAGE_TYPE="Single" PAGE_WIDTH="823" PAGE_HEIGHT="1239" DEFAULT_IMG_EXT="png" PDF_DESTINATION_MAPPED="OLV0_Entity_0067_0002" IMAGES_RESOLUTION="86" XMD_VER="2.6.238.8" PAGE_LABEL="139"/>
	<Link SOURCE="041-EWJ-1858-04-01-001-SINGLE.PDF" FIRST_ID="Ar00200" LAST_ID="Ar07201" NEXT_ID="Ar06702" PREV_ID="Ar06700" TOC_ID="d:/Olive/Repository/EWJ/1858/04/01/TOC.xml"/>
	<DataFiles>
		<Files TYPE="DOC_PDF" PRESENT="1"/>
		<Files TYPE="PAGE_PDF" PRESENT="0"/>
		<Files TYPE="DOC_IMG" PRESENT="0"/>
		<Files TYPE="PAGE_IMG" PRESENT="0"/>
		<Files TYPE="PAGE_VIEW_IMG" PRESENT="1"/>
		<Files TYPE="PAGE_PREVIEW_IMG" PRESENT="1"/>
		<Files TYPE="PRIMITIVE_IMG" PRESENT="1"/>
		<Files TYPE="SNIPPET_IMG" PRESENT="1"/>
	</DataFiles>
	<Content>
		<Primitive BOX="24 12 811 86" ID="Ar0670100" SEQ_NO="0" TOC_ENTRY_ID="89" DEPTH_LEVEL="1">
			<L BOX="343 49 772 80"/>
			<W BOX="343 54 397 80" STYLE_REF="1">OPEN</W>
			<W BOX="411 54 502 80" STYLE_REF="1" NS="y">COUNCIL</W>
			<W BOX="502 54 507 80" STYLE_REF="1">.</W>
			<W BOX="616 49 620 76" STYLE_REF="1">*</W>
			<W BOX="734 54 772 80" STYLE_REF="1">189</W>
		</Primitive>
	</Content>
	<TOC_Entries><TOC_Entry TOC_ENTRY_ID="148" TITLE="OPEN COUNCIL. * 189" ENTITY_ID_REF="Ar06701" PAGE_NO="67" PAGE_LABEL="139" PRIM_ID_REF="Ar0670100" IS_IC="true"/></TOC_Entries></XMD-entity>
