<?xml version="1.0" encoding="windows-1252" standalone="no"?>
<XMD-entity REPOSITORY_FORMAT="1.0" PRXML_VER="2.0" ENTITY_TYPE="Article" FIRST_TOC_ENTRY_ID="87" DEPTH_LEVEL="1" INDEX_IN_DOC="146" PAGE_NO="67" ID="Ar06700" BOX="24 86 811 187" LANGUAGE="English" CONTINUATION_FROM="Ar06600" LOGICAL_NAME="true">
	<Meta NAME="The Profession of the Teacher.*" DESCRIPTION="" SUBTYPE="" BASE_HREF="EWJ/1858/04/01" SOURCE_TYPE="TIFF" PUBLICATION="EWJ" SECTION="None" ISSUE_DATE="01/04/1858" WORDCNT="33" RELEASE_NO="041-EWJ-1858-04-01-001-SINGLE" PAGE_ID="" PAGE_TYPE="Single" PAGE_WIDTH="823" PAGE_HEIGHT="1239" DEFAULT_IMG_EXT="png" PDF_DESTINATION_MAPPED="OLV0_Entity_0067_0001" IMAGES_RESOLUTION="86" XMD_VER="2.6.238.8" PAGE_LABEL="139"/>
	<Link SOURCE="041-EWJ-1858-04-01-001-SINGLE.PDF" FIRST_ID="Ar00200" LAST_ID="Ar07201" NEXT_ID="Ar06701" PREV_ID="" TOC_ID="d:/Olive/Repository/EWJ/1858/04/01/TOC.xml"/>
	<DataFiles>
		<Files TYPE="DOC_PDF" PRESENT="1"/>
		<Files TYPE="PAGE_PDF" PRESENT="0"/>
		<Files TYPE="DOC_IMG" PRESENT="0"/>
		<Files TYPE="PAGE_IMG" PRESENT="0"/>
		<Files TYPE="PAGE_VIEW_IMG" PRESENT="1"/>
		<Files TYPE="PAGE_PREVIEW_IMG" PRESENT="1"/>
		<Files TYPE="PRIMITIVE_IMG" PRESENT="1"/>
		<Files TYPE="SNIPPET_IMG" PRESENT="1"/>
	</DataFiles>
	<Content>
		<Primitive BOX="24 86 811 144" ID="Ar0670000" SEQ_NO="0" TOC_ENTRY_ID="87" DEPTH_LEVEL="1">
			<L BOX="75 95 769 123"/>
			<W BOX="75 95 174 122" STYLE_REF="1">fashionable</W>
			<Q BOX="181 95 191 122" STYLE_REF="1" QID="1">a</Q>
			<q BOX="191 96 329 123" STYLE_REF="1" NS="y" QID="1">ccomplishments</q>
			<QW QID="1">accomplishments</QW>
			<W BOX="329 96 335 123" STYLE_REF="1">.</W>
			<W BOX="356 96 406 123" STYLE_REF="1">Could</W>
			<W BOX="414 96 443 123" STYLE_REF="1">not</W>
			<W BOX="450 96 500 123" STYLE_REF="1">many</W>
			<Q BOX="507 96 533 123" STYLE_REF="1" QID="2">nei</Q>
			<Q BOX="534 96 544 123" STYLE_REF="1" QID="2">g</Q>
			<q BOX="543 98 644 122" STYLE_REF="7" QID="2">hbourhoods</q>
			<QW QID="2">neighbourhoods</QW>
			<W BOX="652 98 669 122" STYLE_REF="7">in</W>
			<Q BOX="676 96 690 123" STYLE_REF="1" QID="3">L</Q>
			<q BOX="690 98 742 122" STYLE_REF="7" QID="3">ondon</q>
			<QW QID="3">London</QW>
			<W BOX="749 98 769 122" STYLE_REF="7">be</W>
			<L BOX="75 116 770 144"/>
			<W BOX="75 118 125 142" STYLE_REF="7">found</W>
			<W BOX="132 118 185 142" STYLE_REF="7">where</W>
			<W BOX="189 119 229 143" STYLE_REF="7">such</W>
			<W BOX="237 119 297 143" STYLE_REF="7">schools</W>
			<Q BOX="305 119 327 143" STYLE_REF="7" QID="4">mi</Q>
			<Q BOX="327 117 338 144" STYLE_REF="1" QID="4">g</Q>
			<Q BOX="337 119 349 143" STYLE_REF="7" QID="4">h</Q>
			<q BOX="350 117 357 144" STYLE_REF="1" QID="4">t</q>
			<QW QID="4">might</QW>
			<W BOX="364 119 384 143" STYLE_REF="7">be</W>
			<W BOX="391 119 487 143" STYLE_REF="7">established</W>
			<W BOX="493 117 501 144" STYLE_REF="1">?</W>
			<W BOX="523 117 532 144" STYLE_REF="1">I</W>
			<W BOX="539 119 597 143" STYLE_REF="7">should</W>
			<Q BOX="604 119 629 143" STYLE_REF="7" QID="5">cer</Q>
			<Q BOX="630 117 635 144" STYLE_REF="1" QID="5">t</Q>
			<Q BOX="636 119 668 143" STYLE_REF="7" QID="5">ainl</Q>
			<q BOX="668 116 679 143" STYLE_REF="1" QID="5">y</q>
			<QW QID="5">certainly</QW>
			<W BOX="687 116 735 143" STYLE_REF="1">think</W>
			<W BOX="743 116 770 143" STYLE_REF="1">the</W>
		</Primitive>
		<Primitive BOX="24 137 811 187" ID="Ar0670001" SEQ_NO="1" TOC_ENTRY_ID="87" DEPTH_LEVEL="1">
			<L BOX="75 137 280 164"/>
			<Q BOX="75 137 91 163" STYLE_REF="1" QID="6">in</Q>
			<q BOX="92 137 138 163" STYLE_REF="1" QID="6">quiry</q>
			<QW QID="6">inquiry</QW>
			<W BOX="148 137 197 164" STYLE_REF="1">worth</W>
			<W BOX="206 137 274 164" STYLE_REF="1" NS="y">making</W>
			<W BOX="274 137 280 164" STYLE_REF="1">.</W>
			<L BOX="623 156 736 183"/>
			<W BOX="623 156 635 183" STYLE_REF="1" NS="y">S</W>
			<W BOX="635 156 640 183" STYLE_REF="1">.</W>
			<W BOX="647 156 662 183" STYLE_REF="1" NS="y">E</W>
			<W BOX="662 156 668 183" STYLE_REF="1">.</W>
			<W BOX="674 156 730 183" STYLE_REF="1" NS="y">Miles</W>
			<W BOX="730 156 736 183" STYLE_REF="1">.</W>
		</Primitive>
	</Content>
	<TOC_Entries><TOC_Entry TOC_ENTRY_ID="147" TITLE="The Profession of the Teacher.*" ENTITY_ID_REF="Ar06700" PAGE_NO="67" PAGE_LABEL="139" PRIM_ID_REF="Ar0670000" IS_IC="true"/></TOC_Entries></XMD-entity>
