<?xml version="1.0" encoding="windows-1252" standalone="no"?>
<XMD-PAGE REPOSITORY_FORMAT="1.0" PRXML_VER="2.0">
	<Meta ISSUE_DATE="01/04/1858" RELEASE_NO="041-EWJ-1858-04-01-001-SINGLE" PAGE_NO="67" NAME="" PAGE_LABEL="139" PAGE_TYPE="Single" PUBLISHER="Olive" PUBLICATION="EWJ" SOURCE_TYPE="TIFF" SOURCE_RESOLUTION="72" IMAGES_RESOLUTION="86" PAGE_THUMBNAIL_RESOLUTION="86" PAGE_PREVIEW_RESOLUTION="15" DEFAULT_IMG_EXT="png" IMG_EXT="png" PREVIEW_IMG_EXT="png" XMD_VER="2.6.238.8" PROFILE_ID="D:\pdfs\EWJ\XMD_EWJ.ini" SECTION="None" PAGE_WIDTH="823" PAGE_HEIGHT="1239" PAGES_NUMBER="72" BASE_HREF="EWJ/1858/04/01" PDF_DESTINATION_MAPPED="OLV0_Page_0067">
		<Resolutions>
			<Resolution DEFAULT="true">86</Resolution>
		</Resolutions>
	</Meta>
	<Link SOURCE="041-EWJ-1858-04-01-001-SINGLE.PDF" NEXT_SECTION="" PREV_SECTION="1"/>
	<DataFiles>
		<Files TYPE="DOC_PDF" PRESENT="1"/>
		<Files TYPE="PAGE_PDF" PRESENT="0"/>
		<Files TYPE="DOC_IMG" PRESENT="0"/>
		<Files TYPE="PAGE_IMG" PRESENT="0"/>
		<Files TYPE="PAGE_VIEW_IMG" PRESENT="1"/>
		<Files TYPE="PAGE_PREVIEW_IMG" PRESENT="1"/>
		<Files TYPE="PRIMITIVE_IMG" PRESENT="1"/>
		<Files TYPE="SNIPPET_IMG" PRESENT="1"/>
	</DataFiles>
	<Entity ENTITY_TYPE="Article" FIRST_TOC_ENTRY_ID="87" INDEX_IN_DOC="146" DEPTH_LEVEL="1" ID="Ar06700" SIZE="Medium" BOX="24 86 811 187" NEXT_SECTION="" PREV_SECTION="1" CONTINUATION_FROM="Ar06600" FIRST_CHUNK="Ar06501" IMAGES_RESOLUTION="86" LOGICAL_NAME="true">
		<Name>The Profession of the Teacher.*</Name>
		<Primitive ID="Ar0670000" BOX="24 86 811 144" ELEMENT_TYPE="Content" SEQ_NO="0" TOC_ENTRY_ID="87" DEPTH_LEVEL="1"/>
		<Primitive ID="Ar0670001" BOX="24 137 811 187" ELEMENT_TYPE="Content" SEQ_NO="1" TOC_ENTRY_ID="87" DEPTH_LEVEL="1"/>
	</Entity>
	<Entity ENTITY_TYPE="Article" FIRST_TOC_ENTRY_ID="89" INDEX_IN_DOC="148" DEPTH_LEVEL="1" ID="Ar06701" SIZE="Small" BOX="24 12 811 86" NEXT_SECTION="" PREV_SECTION="1" IMAGES_RESOLUTION="86" LOGICAL_NAME="true">
		<Name>OPEN COUNCIL. * 189</Name>
		<Primitive ID="Ar0670100" BOX="24 12 811 86" ELEMENT_TYPE="Content" SEQ_NO="0" TOC_ENTRY_ID="89" DEPTH_LEVEL="1"/>
	</Entity>
	<Entity ENTITY_TYPE="Article" FIRST_TOC_ENTRY_ID="90" INDEX_IN_DOC="149" DEPTH_LEVEL="1" ID="Ar06702" SIZE="XLarge" BOX="24 187 811 1214" NEXT_SECTION="" PREV_SECTION="1" CONTINUATION_TO="Ar06800" IMAGES_RESOLUTION="86" LOGICAL_NAME="true">
		<Name>Madam, I think the following suggestion ...</Name>
		<Primitive ID="Ar0670200" BOX="24 187 811 244" ELEMENT_TYPE="Content" SEQ_NO="0" TOC_ENTRY_ID="90" DEPTH_LEVEL="1"/>
		<Primitive ID="Ar0670201" BOX="24 238 811 287" ELEMENT_TYPE="Content" SEQ_NO="1" TOC_ENTRY_ID="90" DEPTH_LEVEL="1"/>
		<Primitive ID="Ar0670202" BOX="24 277 811 328" ELEMENT_TYPE="Content" SEQ_NO="2" TOC_ENTRY_ID="90" DEPTH_LEVEL="1"/>
		<Primitive ID="Ar0670203" BOX="24 321 811 370" ELEMENT_TYPE="Content" SEQ_NO="3" TOC_ENTRY_ID="90" DEPTH_LEVEL="1"/>
		<Primitive ID="Ar0670204" BOX="24 362 811 412" ELEMENT_TYPE="Content" SEQ_NO="4" TOC_ENTRY_ID="90" DEPTH_LEVEL="1"/>
		<Primitive ID="Ar0670205" BOX="24 404 811 473" ELEMENT_TYPE="Content" SEQ_NO="5" TOC_ENTRY_ID="90" DEPTH_LEVEL="1"/>
		<Primitive ID="Ar0670206" BOX="24 466 811 514" ELEMENT_TYPE="Content" SEQ_NO="6" TOC_ENTRY_ID="90" DEPTH_LEVEL="1"/>
		<Primitive ID="Ar0670207" BOX="24 508 811 556" ELEMENT_TYPE="Content" SEQ_NO="7" TOC_ENTRY_ID="90" DEPTH_LEVEL="1"/>
		<Primitive ID="Ar0670208" BOX="24 549 811 620" ELEMENT_TYPE="Content" SEQ_NO="8" TOC_ENTRY_ID="90" DEPTH_LEVEL="1"/>
		<Primitive ID="Ar0670209" BOX="24 612 811 660" ELEMENT_TYPE="Content" SEQ_NO="9" TOC_ENTRY_ID="90" DEPTH_LEVEL="1"/>
		<Primitive ID="Ar0670210" BOX="24 654 811 722" ELEMENT_TYPE="Content" SEQ_NO="10" TOC_ENTRY_ID="90" DEPTH_LEVEL="1"/>
		<Primitive ID="Ar0670211" BOX="24 716 811 764" ELEMENT_TYPE="Content" SEQ_NO="11" TOC_ENTRY_ID="90" DEPTH_LEVEL="1"/>
		<Primitive ID="Ar0670212" BOX="24 758 811 807" ELEMENT_TYPE="Content" SEQ_NO="12" TOC_ENTRY_ID="90" DEPTH_LEVEL="1"/>
		<Primitive ID="Ar0670213" BOX="24 802 811 854" ELEMENT_TYPE="Content" SEQ_NO="13" TOC_ENTRY_ID="90" DEPTH_LEVEL="1"/>
		<Primitive ID="Ar0670214" BOX="24 849 811 915" ELEMENT_TYPE="Content" SEQ_NO="14" TOC_ENTRY_ID="90" DEPTH_LEVEL="1"/>
		<Primitive ID="Ar0670215" BOX="24 915 811 971" ELEMENT_TYPE="Content" SEQ_NO="15" TOC_ENTRY_ID="90" DEPTH_LEVEL="1"/>
		<Primitive ID="Ar0670216" BOX="24 959 811 1034" ELEMENT_TYPE="Content" SEQ_NO="16" TOC_ENTRY_ID="90" DEPTH_LEVEL="1"/>
		<Primitive ID="Ar0670217" BOX="24 1024 811 1106" ELEMENT_TYPE="Content" SEQ_NO="17" TOC_ENTRY_ID="90" DEPTH_LEVEL="1"/>
		<Primitive ID="Ar0670218" BOX="24 1096 811 1214" ELEMENT_TYPE="Content" SEQ_NO="18" TOC_ENTRY_ID="90" DEPTH_LEVEL="1"/>
	</Entity>
</XMD-PAGE>