<?xml version="1.0" encoding="windows-1252" standalone="no"?>
<XMD-entity REPOSITORY_FORMAT="1.0" PRXML_VER="2.0" ENTITY_TYPE="Article" FIRST_TOC_ENTRY_ID="79" DEPTH_LEVEL="1" INDEX_IN_DOC="142" PAGE_NO="66" ID="Ar06600" BOX="24 100 829 1219" LANGUAGE="English" CONTINUATION_TO="Ar06700" CONTINUATION_FROM="Ar06500" LOGICAL_NAME="true">
	<Meta NAME="2.�Year After Year. By the Author of * P..." DESCRIPTION="" SUBTYPE="" BASE_HREF="EWJ/1858/03/01" SOURCE_TYPE="TIFF" PUBLICATION="EWJ" SECTION="None" ISSUE_DATE="01/03/1858" WORDCNT="904" RELEASE_NO="041-EWJ-1858-03-01-001-SINGLE" PAGE_ID="" PAGE_TYPE="Single" PAGE_WIDTH="842" PAGE_HEIGHT="1244" DEFAULT_IMG_EXT="png" PDF_DESTINATION_MAPPED="OLV0_Entity_0066_0001" IMAGES_RESOLUTION="86" XMD_VER="2.6.238.8" PAGE_LABEL="66"/>
	<Link SOURCE="041-EWJ-1858-03-01-001-SINGLE.PDF" FIRST_ID="Ar00200" LAST_ID="Ar07201" NEXT_ID="Ar06601" PREV_ID="" TOC_ID="d:/Olive/Repository/EWJ/1858/03/01/TOC.xml"/>
	<DataFiles>
		<Files TYPE="DOC_PDF" PRESENT="1"/>
		<Files TYPE="PAGE_PDF" PRESENT="0"/>
		<Files TYPE="DOC_IMG" PRESENT="0"/>
		<Files TYPE="PAGE_IMG" PRESENT="0"/>
		<Files TYPE="PAGE_VIEW_IMG" PRESENT="1"/>
		<Files TYPE="PAGE_PREVIEW_IMG" PRESENT="1"/>
		<Files TYPE="PRIMITIVE_IMG" PRESENT="1"/>
		<Files TYPE="SNIPPET_IMG" PRESENT="1"/>
	</DataFiles>
	<Content>
		<Primitive BOX="24 100 829 156" ID="Ar0660000" SEQ_NO="0" TOC_ENTRY_ID="79" DEPTH_LEVEL="1">
			<L BOX="90 106 758 156"/>
			<W BOX="90 113 100 138" STYLE_REF="14">"</W>
			<W BOX="90 131 100 156" STYLE_REF="14" M="1 * ">_"</W>
			<W BOX="106 129 162 154" STYLE_REF="14">Holloa</W>
			<W BOX="107 111 154 136" STYLE_REF="14">Stand</W>
			<W BOX="162 110 189 135" STYLE_REF="14">out</W>
			<W BOX="163 129 168 154" STYLE_REF="14">,</W>
			<W BOX="175 128 220 153" STYLE_REF="14">what</W>
			<W BOX="197 110 212 135" STYLE_REF="14">of</W>
			<W BOX="220 110 252 135" STYLE_REF="14">tlie</W>
			<W BOX="224 127 263 152" STYLE_REF="14">then</W>
			<W BOX="252 109 289 134" STYLE_REF="14">way</W>
			<W BOX="269 127 273 152" STYLE_REF="14">!</W>
			<W BOX="285 127 316 152" STYLE_REF="14">hey</W>
			<W BOX="289 109 294 134" STYLE_REF="14">,</W>
			<W BOX="299 109 340 134" STYLE_REF="14">then</W>
			<W BOX="321 127 326 152" STYLE_REF="14">!</W>
			<W BOX="331 127 340 152" STYLE_REF="14">"</W>
			<W BOX="339 109 345 134" STYLE_REF="14" NS="y">,</W>
			<W BOX="343 109 352 134" STYLE_REF="14">"</W>
			<W BOX="347 128 379 150" STYLE_REF="27">said</W>
			<W BOX="358 108 391 133" STYLE_REF="14" NS="y">said</W>
			<S S_TYPE="SUB">
				<W BOX="391 128 419 150" STYLE_REF="27">the</W>
			</S>
			<W BOX="399 107 443 133" STYLE_REF="14">Gray</W>
			<W BOX="428 126 444 151" STYLE_REF="14">m</W>
			<W BOX="443 107 448 133" STYLE_REF="14" NS="y">,</W>
			<S S_TYPE="SUB">
				<W BOX="445 128 455 149" STYLE_REF="27">a</W>
			</S>
			<W BOX="452 107 528 132" STYLE_REF="14">levelling</W>
			<W BOX="454 125 466 150" STYLE_REF="14" NS="y">n</W>
			<W BOX="466 125 471 151" STYLE_REF="14">,</W>
			<W BOX="478 124 506 149" STYLE_REF="14">not</W>
			<W BOX="512 124 599 149" STYLE_REF="14">intending</W>
			<W BOX="534 106 560 131" STYLE_REF="14">his</W>
			<W BOX="567 106 601 131" STYLE_REF="14" NS="y">gun</W>
			<W BOX="601 106 607 131" STYLE_REF="14">.</W>
			<W BOX="601 122 619 147" STYLE_REF="14">to</W>
			<W BOX="625 122 644 147" STYLE_REF="14">be</W>
			<W BOX="651 121 701 146" STYLE_REF="14">taken</W>
			<W BOX="707 120 723 145" STYLE_REF="14">at</W>
			<W BOX="730 120 758 145" STYLE_REF="14">his</W>
		</Primitive>
		<Primitive BOX="24 146 829 237" ID="Ar0660001" SEQ_NO="1" TOC_ENTRY_ID="79" DEPTH_LEVEL="1">
			<L BOX="69 146 756 190"/>
			<W BOX="69 147 111 172" STYLE_REF="14">word</W>
			<Q BOX="91 166 105 190" STYLE_REF="7" QID="1">G</Q>
			<q BOX="106 165 113 190" STYLE_REF="14" QID="1">r</q>
			<QW QID="1">Gr</QW>
			<W BOX="112 147 117 173" STYLE_REF="14">,</W>
			<W BOX="123 147 152 172" STYLE_REF="14" NS="y">but</W>
			<S S_TYPE="SUB">
				<W BOX="145 166 172 188" STYLE_REF="27">dre</W>
			</S>
			<W BOX="160 146 244 171" STYLE_REF="14">retreating</W>
			<W BOX="173 166 187 188" STYLE_REF="27">w</W>
			<Q BOX="197 164 216 189" STYLE_REF="14" QID="2">th</Q>
			<q BOX="216 166 225 188" STYLE_REF="27" QID="2">e</q>
			<QW QID="2">the</QW>
			<W BOX="237 165 243 187" STYLE_REF="27">t</W>
			<W BOX="244 146 249 171" STYLE_REF="14">.</W>
			<Q BOX="244 163 250 188" STYLE_REF="14" QID="3">r</Q>
			<Q BOX="251 165 257 187" STYLE_REF="27" QID="3">i</Q>
			<q BOX="310 162 341 187" STYLE_REF="14" QID="3">and</q>
			<QW QID="3">riand</QW>
			<W BOX="352 162 387 187" STYLE_REF="14">shot</W>
			<W BOX="396 162 410 187" STYLE_REF="14">it</W>
			<W BOX="419 161 457 186" STYLE_REF="14">dead</W>
			<W BOX="468 161 485 186" STYLE_REF="14">in</W>
			<W BOX="495 161 504 186" STYLE_REF="14">a</W>
			<W BOX="514 160 587 185" STYLE_REF="14" NS="y">moment</W>
			<W BOX="587 160 592 185" STYLE_REF="14">.</W>
			<W BOX="613 158 628 183" STYLE_REF="14">It</W>
			<W BOX="637 158 671 183" STYLE_REF="14">was</W>
			<W BOX="680 157 688 182" STYLE_REF="14">a</W>
			<Q BOX="699 156 734 181" STYLE_REF="14" QID="4">fooli</Q>
			<q BOX="737 155 756 180" STYLE_REF="14" QID="4">sh</q>
			<QW QID="4">foolish</QW>
			<L BOX="68 163 756 240"/>
			<W BOX="68 201 80 226" STYLE_REF="14">n</W>
			<W BOX="68 183 118 208" STYLE_REF="14">thing</W>
			<Q BOX="80 203 91 225" STYLE_REF="27" QID="5">o</Q>
			<q BOX="90 201 97 226" STYLE_REF="14" QID="5">t</q>
			<QW QID="5">ot</QW>
			<W BOX="104 201 121 226" STYLE_REF="14" NS="y">m</W>
			<S S_TYPE="SUP">
				<W BOX="113 166 134 190" STYLE_REF="7">ay</W>
			</S>
			<W BOX="118 183 124 208" STYLE_REF="14" NS="y">,</W>
			<S S_TYPE="SUB">
				<W BOX="121 202 139 224" STYLE_REF="27">ea</W>
			</S>
			<W BOX="126 185 148 207" STYLE_REF="27">bu</W>
			<W BOX="138 200 149 225" STYLE_REF="14">n</W>
			<W BOX="149 182 156 207" STYLE_REF="14">t</W>
			<Q BOX="155 200 163 225" STYLE_REF="14" QID="6">t</Q>
			<q BOX="163 202 172 224" STYLE_REF="27" QID="6">o</q>
			<QW QID="6">to</QW>
			<W BOX="163 185 180 207" STYLE_REF="27">so</W>
			<W BOX="178 202 198 224" STYLE_REF="27">be</W>
			<Q BOX="187 184 193 206" STYLE_REF="27" QID="7">i</Q>
			<q BOX="193 181 200 207" STYLE_REF="14" QID="7">t</q>
			<QW QID="7">it</QW>
			<W BOX="204 200 212 225" STYLE_REF="14" NS="y">t</W>
			<S S_TYPE="SUP">
				<W BOX="207 184 240 206" STYLE_REF="27">was</W>
			</S>
			<W BOX="212 201 251 223" STYLE_REF="27">aken</W>
			<W BOX="240 181 245 207" STYLE_REF="14">,</W>
			<W BOX="251 183 272 205" STYLE_REF="27">an</W>
			<W BOX="257 165 293 187" STYLE_REF="27">gger</W>
			<Q BOX="259 201 269 223" STYLE_REF="27" QID="8">a</Q>
			<q BOX="269 199 276 224" STYLE_REF="14" QID="8">t</q>
			<QW QID="8">at</QW>
			<W BOX="273 180 283 205" STYLE_REF="14" NS="y">d</W>
			<S S_TYPE="SUB">
				<W BOX="282 200 310 222" STYLE_REF="27">his</W>
			</S>
			<W BOX="291 183 311 205" STYLE_REF="27">he</W>
			<W BOX="295 163 299 188" STYLE_REF="14">,</W>
			<W BOX="314 200 357 222" STYLE_REF="27">word</W>
			<W BOX="320 182 353 204" STYLE_REF="27">said</W>
			<W BOX="358 198 362 223" STYLE_REF="14">,</W>
			<Q BOX="360 180 368 205" STYLE_REF="14" QID="9">t</Q>
			<q BOX="368 182 378 204" STYLE_REF="27" QID="9">o</q>
			<QW QID="9">to</QW>
			<Q BOX="368 197 384 222" STYLE_REF="14" QID="10">w</Q>
			<q BOX="383 197 412 222" STYLE_REF="14" QID="10">hat</q>
			<QW QID="10">what</QW>
			<Q BOX="384 180 400 205" STYLE_REF="14" QID="11">m</Q>
			<q BOX="401 182 411 204" STYLE_REF="27" NS="y" QID="11">e</q>
			<QW QID="11">me</QW>
			<W BOX="410 179 415 205" STYLE_REF="14">,</W>
			<W BOX="419 197 446 222" STYLE_REF="14">did</W>
			<W BOX="421 180 431 205" STYLE_REF="14">"</W>
			<W BOX="435 215 445 240" STYLE_REF="14">d</W>
			<W BOX="438 178 445 204" STYLE_REF="14">I</W>
			<W BOX="452 196 475 221" STYLE_REF="14">he</W>
			<W BOX="453 178 485 204" STYLE_REF="14">don</W>
			<W BOX="479 196 525 221" STYLE_REF="14">speak</W>
			<W BOX="485 178 493 203" STYLE_REF="14" NS="y">'</W>
			<W BOX="491 178 497 203" STYLE_REF="14">t</W>
			<W BOX="503 178 558 203" STYLE_REF="14">repent</W>
			<W BOX="534 196 556 221" STYLE_REF="14">for</W>
			<W BOX="561 196 569 221" STYLE_REF="14">?</W>
			<W BOX="565 178 581 203" STYLE_REF="14">at</W>
			<W BOX="573 196 586 221" STYLE_REF="14" NS="y">"</W>
			<S S_TYPE="SUB">
				<W BOX="583 214 613 236" STYLE_REF="27">and</W>
			</S>
			<W BOX="588 177 610 202" STYLE_REF="14">all</W>
			<W BOX="616 176 631 201" STYLE_REF="14">of</W>
			<Q BOX="621 212 628 237" STYLE_REF="14" QID="12">t</Q>
			<q BOX="628 214 648 236" STYLE_REF="27" QID="12">he</q>
			<QW QID="12">the</QW>
			<W BOX="638 176 652 201" STYLE_REF="14" NS="y">it</W>
			<W BOX="652 176 658 201" STYLE_REF="14">.</W>
			<W BOX="675 211 681 236" STYLE_REF="14">i</W>
			<W BOX="678 175 693 200" STYLE_REF="14">If</W>
			<W BOX="700 174 721 199" STYLE_REF="14" NS="y">he</W>
			<S S_TYPE="SUB">
				<W BOX="715 211 721 233" STYLE_REF="27">f</W>
			</S>
			<W BOX="728 173 756 198" STYLE_REF="14">did</W>
			<Q BOX="728 209 736 234" STYLE_REF="14" QID="13">t</Q>
			<q BOX="735 211 756 233" STYLE_REF="27" QID="13">he</q>
			<QW QID="13">the</QW>
		</Primitive>
		<Primitive BOX="24 225 829 270" ID="Ar0660002" SEQ_NO="2" TOC_ENTRY_ID="79" DEPTH_LEVEL="1">
			<L BOX="68 210 757 279"/>
			<W BOX="68 254 94 279" STYLE_REF="14">ma</W>
			<W BOX="68 236 101 261" STYLE_REF="14">gun</W>
			<W BOX="90 218 109 243" STYLE_REF="14">M</W>
			<W BOX="95 254 125 279" STYLE_REF="14">tter</W>
			<W BOX="109 221 137 243" STYLE_REF="27">ean</W>
			<W BOX="109 236 141 261" STYLE_REF="14">was</W>
			<Q BOX="138 218 144 243" STYLE_REF="14" QID="14">t</Q>
			<q BOX="145 220 176 242" STYLE_REF="27" QID="14">ime</q>
			<QW QID="14">time</QW>
			<W BOX="148 235 165 260" STYLE_REF="14">so</W>
			<W BOX="152 254 184 279" STYLE_REF="14">Our</W>
			<W BOX="172 235 239 260" STYLE_REF="14">striking</W>
			<W BOX="176 218 181 243" STYLE_REF="14">,</W>
			<W BOX="188 219 223 241" STYLE_REF="27">ther</W>
			<W BOX="194 253 272 278" STYLE_REF="14">attention</W>
			<W BOX="223 217 232 242" STYLE_REF="14">e</W>
			<W BOX="238 219 272 241" STYLE_REF="27">was</W>
			<W BOX="239 235 245 260" STYLE_REF="14">,</W>
			<W BOX="251 234 287 259" STYLE_REF="14">that</W>
			<W BOX="278 217 288 242" STYLE_REF="14">s</W>
			<W BOX="279 252 312 277" STYLE_REF="14">was</W>
			<W BOX="286 218 295 240" STYLE_REF="27">u</W>
			<W BOX="294 234 315 259" STYLE_REF="14">all</W>
			<Q BOX="297 216 307 241" STYLE_REF="14" QID="15">c</Q>
			<q BOX="305 218 316 240" STYLE_REF="27" QID="15">h</q>
			<QW QID="15">ch</QW>
			<W BOX="323 233 350 258" STYLE_REF="14">the</W>
			<W BOX="324 218 332 240" STYLE_REF="27">a</W>
			<W BOX="339 218 361 240" STYLE_REF="27">hu</W>
			<W BOX="356 233 404 258" STYLE_REF="14">horde</W>
			<W BOX="357 251 376 276" STYLE_REF="14">ht</W>
			<Q BOX="361 216 368 241" STYLE_REF="14" QID="16">r</Q>
			<Q BOX="369 218 375 240" STYLE_REF="27" QID="16">l</Q>
			<q BOX="374 218 387 240" STYLE_REF="27" QID="16">y</q>
			<QW QID="16">rly</QW>
			<W BOX="383 251 394 276" STYLE_REF="14">b</W>
			<W BOX="395 217 435 239" STYLE_REF="27">raise</W>
			<W BOX="411 232 454 258" STYLE_REF="14">came</W>
			<Q BOX="412 251 419 276" STYLE_REF="14" QID="17">t</Q>
			<q BOX="419 253 455 275" STYLE_REF="27" QID="17">hem</q>
			<QW QID="17">them</QW>
			<W BOX="454 217 477 239" STYLE_REF="27">by</W>
			<W BOX="462 232 531 257" STYLE_REF="14">running</W>
			<W BOX="463 252 480 274" STYLE_REF="27">at</W>
			<W BOX="486 217 512 239" STYLE_REF="27">the</W>
			<Q BOX="488 252 499 274" STYLE_REF="27" QID="18">fi</Q>
			<Q BOX="499 250 506 275" STYLE_REF="14" QID="18">r</Q>
			<Q BOX="507 252 515 274" STYLE_REF="27" QID="18">s</Q>
			<q BOX="514 250 521 275" STYLE_REF="14" QID="18">t</q>
			<QW QID="18">first</QW>
			<Q BOX="522 215 534 240" STYLE_REF="14" QID="19">g</Q>
			<q BOX="533 213 551 238" STYLE_REF="14" QID="19">ip</q>
			<QW QID="19">gip</QW>
			<W BOX="534 249 564 274" STYLE_REF="14">but</W>
			<W BOX="537 231 578 256" STYLE_REF="14">back</W>
			<W BOX="551 213 571 238" STYLE_REF="14" NS="y">sy</W>
			<W BOX="571 213 576 238" STYLE_REF="14">,</W>
			<W BOX="577 248 640 274" STYLE_REF="14">looking</W>
			<W BOX="585 230 602 255" STYLE_REF="14">to</W>
			<W BOX="608 230 633 255" STYLE_REF="14">see</W>
			<W BOX="640 229 684 254" STYLE_REF="14">what</W>
			<W BOX="647 247 664 272" STYLE_REF="14" NS="y">at</W>
			<S S_TYPE="SUP">
				<W BOX="655 213 675 235" STYLE_REF="27">no</W>
			</S>
			<W BOX="671 247 698 272" STYLE_REF="14">the</W>
			<W BOX="683 213 698 235" STYLE_REF="27">se</W>
			<W BOX="689 228 722 253" STYLE_REF="14">was</W>
			<W BOX="705 210 716 235" STYLE_REF="14">o</W>
			<W BOX="707 245 756 270" STYLE_REF="14">fallen</W>
			<W BOX="728 227 757 252" STYLE_REF="14">the</W>
			<L BOX="318 250 569 277"/>
			<Q BOX="318 252 358 277" STYLE_REF="14" QID="20">caug</Q>
			<q BOX="393 253 405 275" STYLE_REF="27" QID="20">y</q>
			<QW QID="20">caugy</QW>
			<W BOX="522 250 527 275" STYLE_REF="14">,</W>
			<W BOX="565 250 569 275" STYLE_REF="14">,</W>
		</Primitive>
		<Primitive BOX="24 259 829 307" ID="Ar0660003" SEQ_NO="3" TOC_ENTRY_ID="79" DEPTH_LEVEL="1">
			<L BOX="67 254 759 315"/>
			<W BOX="67 272 106 297" STYLE_REF="14">hero</W>
			<W BOX="68 290 104 315" STYLE_REF="14">first</W>
			<W BOX="110 290 140 315" STYLE_REF="14">one</W>
			<W BOX="112 272 127 297" STYLE_REF="14">of</W>
			<W BOX="125 254 130 279" STYLE_REF="14">.</W>
			<W BOX="134 272 164 297" STYLE_REF="14" NS="y">the</W>
			<S S_TYPE="SUB">
				<W BOX="156 291 185 313" STYLE_REF="27">hea</W>
			</S>
			<W BOX="168 271 200 296" STYLE_REF="14">fray</W>
			<Q BOX="185 289 195 314" STYLE_REF="14" QID="21">s</Q>
			<q BOX="193 291 214 313" STYLE_REF="27" QID="21">an</q>
			<QW QID="21">san</QW>
			<W BOX="211 271 258 296" STYLE_REF="14">again</W>
			<Q BOX="214 289 221 314" STYLE_REF="14" QID="22">t</Q>
			<Q BOX="234 288 242 313" STYLE_REF="14" QID="22">t</Q>
			<q BOX="241 290 273 312" STYLE_REF="27" QID="22">hen</q>
			<QW QID="22">tthen</QW>
			<W BOX="258 271 262 296" STYLE_REF="14">,</W>
			<W BOX="273 269 318 295" STYLE_REF="14">there</W>
			<Q BOX="280 290 310 312" STYLE_REF="27" QID="23">ano</Q>
			<Q BOX="311 288 317 313" STYLE_REF="14" QID="23">t</Q>
			<q BOX="316 290 344 312" STYLE_REF="27" QID="23">her</q>
			<QW QID="23">another</QW>
			<W BOX="328 269 403 294" STYLE_REF="14">appeared</W>
			<W BOX="364 287 423 312" STYLE_REF="14">heasan</W>
			<W BOX="413 268 496 293" STYLE_REF="14">tumbling</W>
			<Q BOX="423 287 430 312" STYLE_REF="14" QID="24">t</Q>
			<Q BOX="442 286 469 311" STYLE_REF="14" QID="24">vic</Q>
			<q BOX="469 285 509 311" STYLE_REF="14" QID="24">tims</q>
			<QW QID="24">tvictims</QW>
			<W BOX="503 267 546 292" STYLE_REF="14">their</W>
			<W BOX="514 285 530 310" STYLE_REF="14">of</W>
			<W BOX="539 285 569 310" STYLE_REF="14">the</W>
			<W BOX="552 267 587 292" STYLE_REF="14">way</W>
			<W BOX="574 284 653 309" STYLE_REF="14">poaching</W>
			<W BOX="594 266 622 291" STYLE_REF="14">out</W>
			<W BOX="630 266 645 291" STYLE_REF="14">of</W>
			<W BOX="651 265 680 290" STYLE_REF="14">his</W>
			<Q BOX="657 283 668 308" STYLE_REF="14" QID="25">g</Q>
			<Q BOX="667 282 674 308" STYLE_REF="14" QID="25">i</Q>
			<q BOX="673 282 704 307" STYLE_REF="14" QID="25">psy</q>
			<QW QID="25">gipsy</QW>
			<W BOX="684 263 758 288" STYLE_REF="14">panniers</W>
			<W BOX="704 282 709 307" STYLE_REF="14">,</W>
			<W BOX="714 283 752 305" STYLE_REF="27" NS="y">who</W>
			<W BOX="751 281 759 306" STYLE_REF="14">,</W>
			<L BOX="354 287 435 313"/>
			<W BOX="354 288 365 313" STYLE_REF="14" NS="y">p</W>
			<W BOX="431 287 435 312" STYLE_REF="14">,</W>
		</Primitive>
		<Primitive BOX="24 295 829 378" ID="Ar0660004" SEQ_NO="4" TOC_ENTRY_ID="79" DEPTH_LEVEL="1">
			<L BOX="68 289 757 380"/>
			<W BOX="68 343 86 369" STYLE_REF="14">to</W>
			<W BOX="68 326 97 351" STYLE_REF="14">the</W>
			<W BOX="68 310 106 332" STYLE_REF="27">whe</W>
			<W BOX="93 343 135 369" STYLE_REF="14">seize</W>
			<W BOX="104 326 137 351" STYLE_REF="14">fern</W>
			<W BOX="104 308 115 333" STYLE_REF="14">n</W>
			<W BOX="121 310 142 332" STYLE_REF="27">he</W>
			<W BOX="137 326 142 351" STYLE_REF="14">.</W>
			<W BOX="139 343 167 368" STYLE_REF="14">his</W>
			<W BOX="146 290 157 315" STYLE_REF="14" NS="y">p</W>
			<S S_TYPE="SUB">
				<W BOX="149 310 179 332" STYLE_REF="27">saw</W>
			</S>
			<W BOX="158 326 189 351" STYLE_REF="14">But</W>
			<W BOX="171 342 217 367" STYLE_REF="14">lawfu</W>
			<Q BOX="186 308 193 333" STYLE_REF="14" QID="26">t</Q>
			<q BOX="193 309 230 331" STYLE_REF="27" QID="26">hem</q>
			<QW QID="26">them</QW>
			<W BOX="197 325 240 350" STYLE_REF="14">Gray</W>
			<W BOX="219 342 225 367" STYLE_REF="14">l</W>
			<W BOX="223 289 228 314" STYLE_REF="14">,</W>
			<W BOX="230 307 235 332" STYLE_REF="14">,</W>
			<W BOX="232 342 270 367" STYLE_REF="14">prey</W>
			<W BOX="242 306 253 331" STYLE_REF="14" NS="y">b</W>
			<S S_TYPE="SUB">
				<W BOX="247 326 268 348" STYLE_REF="27">ha</W>
			</S>
			<Q BOX="253 309 262 331" STYLE_REF="27" QID="27">e</Q>
			<q BOX="261 306 272 331" STYLE_REF="14" QID="27">g</q>
			<QW QID="27">eg</QW>
			<W BOX="269 324 279 349" STYLE_REF="14">d</W>
			<W BOX="272 342 276 367" STYLE_REF="14" NS="y">.</W>
			<S S_TYPE="SUP">
				<W BOX="272 308 291 330" STYLE_REF="27">an</W>
			</S>
			<W BOX="287 326 312 348" STYLE_REF="27">see</W>
			<W BOX="298 341 312 366" STYLE_REF="14">T</W>
			<Q BOX="299 305 307 330" STYLE_REF="14" QID="28">t</Q>
			<q BOX="307 308 317 330" STYLE_REF="27" QID="28">o</q>
			<QW QID="28">to</QW>
			<W BOX="311 343 331 365" STYLE_REF="27">he</W>
			<W BOX="311 323 323 348" STYLE_REF="14" NS="y">n</W>
			<S S_TYPE="SUP">
				<W BOX="324 308 350 330" STYLE_REF="27">lay</W>
			</S>
			<W BOX="330 325 357 347" STYLE_REF="27">the</W>
			<W BOX="341 343 374 365" STYLE_REF="27">lord</W>
			<W BOX="357 323 373 348" STYLE_REF="14">m</W>
			<W BOX="357 307 381 329" STYLE_REF="27">asi</W>
			<W BOX="380 323 387 348" STYLE_REF="14">t</W>
			<W BOX="380 304 391 329" STYLE_REF="14" NS="y">d</W>
			<S S_TYPE="SUB">
				<W BOX="385 343 400 365" STYLE_REF="27">of</W>
			</S>
			<W BOX="388 325 406 347" STYLE_REF="27">oo</W>
			<W BOX="391 307 400 329" STYLE_REF="27">e</W>
			<W BOX="409 307 434 329" STYLE_REF="27">his</W>
			<W BOX="412 340 419 365" STYLE_REF="14">t</W>
			<W BOX="414 323 423 348" STYLE_REF="14" NS="y">c</W>
			<S S_TYPE="SUB">
				<W BOX="419 342 439 364" STYLE_REF="27">he</W>
			</S>
			<Q BOX="423 325 437 347" STYLE_REF="27" QID="29">er</Q>
			<q BOX="439 322 445 347" STYLE_REF="14" QID="29">t</q>
			<QW QID="29">ert</QW>
			<W BOX="443 307 480 329" STYLE_REF="27">rage</W>
			<W BOX="446 324 479 346" STYLE_REF="27">ainl</W>
			<Q BOX="449 340 457 365" STYLE_REF="14" QID="30">f</Q>
			<q BOX="456 342 497 364" STYLE_REF="27" QID="30">allen</q>
			<QW QID="30">fallen</QW>
			<W BOX="479 322 490 347" STYLE_REF="14">y</W>
			<W BOX="481 303 485 329" STYLE_REF="14">,</W>
			<W BOX="491 322 496 347" STYLE_REF="14">,</W>
			<W BOX="495 303 525 328" STYLE_REF="14">and</W>
			<W BOX="500 321 531 346" STYLE_REF="14">and</W>
			<W BOX="508 341 571 363" STYLE_REF="27">donkey</W>
			<W BOX="533 302 573 327" STYLE_REF="14">tried</W>
			<W BOX="536 321 581 346" STYLE_REF="14">down</W>
			<W BOX="579 340 617 362" STYLE_REF="27">took</W>
			<W BOX="580 302 598 327" STYLE_REF="14">to</W>
			<W BOX="589 320 616 345" STYLE_REF="14">the</W>
			<W BOX="604 301 641 327" STYLE_REF="14">kick</W>
			<W BOX="620 355 632 380" STYLE_REF="14">h</W>
			<W BOX="622 319 664 344" STYLE_REF="14">bank</W>
			<Q BOX="624 338 634 363" STYLE_REF="14" QID="31">u</Q>
			<q BOX="636 340 647 362" STYLE_REF="27" QID="31">p</q>
			<QW QID="31">up</QW>
			<W BOX="646 354 653 379" STYLE_REF="14">t</W>
			<W BOX="648 301 693 326" STYLE_REF="14">them</W>
			<W BOX="653 338 662 360" STYLE_REF="27">a</W>
			<W BOX="670 338 678 360" STYLE_REF="27">s</W>
			<W BOX="672 317 692 342" STYLE_REF="14">he</W>
			<Q BOX="677 336 684 361" STYLE_REF="14" QID="32">t</Q>
			<q BOX="685 338 713 360" STYLE_REF="27" QID="32">one</q>
			<QW QID="32">tone</QW>
			<W BOX="698 317 756 342" STYLE_REF="14">rushed</W>
			<W BOX="699 299 757 324" STYLE_REF="14">among</W>
			<W BOX="707 353 718 378" STYLE_REF="14">d</W>
			<W BOX="713 334 718 359" STYLE_REF="14" NS="y">,</W>
			<S S_TYPE="SUB">
				<W BOX="725 355 756 377" STYLE_REF="27">and</W>
			</S>
			<W BOX="726 334 757 359" STYLE_REF="14">and</W>
		</Primitive>
		<Primitive BOX="24 366 829 438" ID="Ar0660005" SEQ_NO="5" TOC_ENTRY_ID="79" DEPTH_LEVEL="1">
			<L BOX="68 354 757 440"/>
			<W BOX="68 379 112 404" STYLE_REF="14">nearl</W>
			<W BOX="68 397 122 422" STYLE_REF="14">darted</W>
			<W BOX="68 364 84 385" STYLE_REF="27">ai</W>
			<W BOX="68 415 132 440" STYLE_REF="14">another</W>
			<Q BOX="84 361 101 386" STYLE_REF="14" QID="33">m</Q>
			<q BOX="102 364 120 385" STYLE_REF="27" QID="33">ed</q>
			<QW QID="33">med</QW>
			<W BOX="112 379 123 404" STYLE_REF="14" NS="y">y</W>
			<S S_TYPE="SUP">
				<W BOX="127 364 134 385" STYLE_REF="27">i</W>
			</S>
			<W BOX="129 397 151 422" STYLE_REF="14">on</W>
			<W BOX="129 379 178 404" STYLE_REF="14">broug</W>
			<W BOX="133 361 141 386" STYLE_REF="14">t</W>
			<W BOX="139 414 193 439" STYLE_REF="14">volley</W>
			<W BOX="148 364 165 385" STYLE_REF="27">so</W>
			<W BOX="151 397 156 422" STYLE_REF="14">.</W>
			<W BOX="171 363 204 385" STYLE_REF="27">trul</W>
			<W BOX="177 396 206 421" STYLE_REF="14">His</W>
			<Q BOX="178 378 189 403" STYLE_REF="14" QID="34">h</Q>
			<q BOX="189 378 196 403" STYLE_REF="14" QID="34">t</q>
			<QW QID="34">ht</QW>
			<W BOX="198 414 213 439" STYLE_REF="14">of</W>
			<W BOX="203 360 215 385" STYLE_REF="14">y</W>
			<W BOX="206 378 241 403" STYLE_REF="14">him</W>
			<W BOX="213 396 246 421" STYLE_REF="14">gun</W>
			<W BOX="215 360 221 385" STYLE_REF="14">,</W>
			<W BOX="221 414 288 439" STYLE_REF="14">missiles</W>
			<W BOX="228 359 256 385" STYLE_REF="14">tha</W>
			<W BOX="252 378 269 403" STYLE_REF="14">to</W>
			<W BOX="253 395 286 420" STYLE_REF="14">was</W>
			<W BOX="256 359 263 385" STYLE_REF="14">t</W>
			<W BOX="273 359 295 385" STYLE_REF="14">he</W>
			<W BOX="282 377 309 402" STYLE_REF="14">the</W>
			<W BOX="287 413 292 438" STYLE_REF="14">,</W>
			<W BOX="296 395 322 420" STYLE_REF="14">too</W>
			<W BOX="301 358 327 383" STYLE_REF="14">hit</W>
			<W BOX="303 413 330 438" STYLE_REF="14">the</W>
			<W BOX="318 377 379 402" STYLE_REF="14">ground</W>
			<W BOX="333 394 424 419" STYLE_REF="14">formidable</W>
			<W BOX="333 358 367 383" STYLE_REF="14">him</W>
			<Q BOX="340 413 350 438" STYLE_REF="14" QID="35">g</Q>
			<Q BOX="350 412 357 437" STYLE_REF="14" QID="35">i</Q>
			<q BOX="356 415 388 437" STYLE_REF="27" QID="35">psie</q>
			<QW QID="35">gipsie</QW>
			<W BOX="373 358 383 383" STYLE_REF="14">a</W>
			<W BOX="379 377 384 402" STYLE_REF="14">.</W>
			<W BOX="389 412 399 437" STYLE_REF="14">s</W>
			<W BOX="390 358 433 383" STYLE_REF="14">blow</W>
			<W BOX="397 412 402 437" STYLE_REF="14">,</W>
			<W BOX="406 375 431 400" STYLE_REF="14">He</W>
			<W BOX="409 411 452 436" STYLE_REF="14">male</W>
			<W BOX="431 393 440 418" STYLE_REF="14">a</W>
			<W BOX="437 358 482 383" STYLE_REF="14">upon</W>
			<W BOX="441 375 521 400" STYLE_REF="14">recovered</W>
			<W BOX="446 393 510 418" STYLE_REF="14">weapon</W>
			<Q BOX="462 411 482 436" STYLE_REF="14" QID="36">an</Q>
			<q BOX="482 411 492 436" STYLE_REF="14" QID="36">d</q>
			<QW QID="36">and</QW>
			<W BOX="491 357 516 382" STYLE_REF="14">his</W>
			<W BOX="503 410 559 435" STYLE_REF="14">female</W>
			<W BOX="520 392 539 417" STYLE_REF="14">to</W>
			<W BOX="526 356 567 382" STYLE_REF="14">head</W>
			<W BOX="531 374 557 399" STYLE_REF="14">his</W>
			<W BOX="548 392 567 417" STYLE_REF="14">be</W>
			<W BOX="560 410 565 435" STYLE_REF="14">,</W>
			<W BOX="567 373 628 398" STYLE_REF="14">footing</W>
			<W BOX="568 357 572 382" STYLE_REF="14">,</W>
			<W BOX="571 409 601 434" STYLE_REF="14">fled</W>
			<W BOX="574 391 658 416" STYLE_REF="14">withstood</W>
			<W BOX="579 358 622 380" STYLE_REF="27">whic</W>
			<W BOX="609 409 632 434" STYLE_REF="14">up</W>
			<W BOX="628 373 633 398" STYLE_REF="14" NS="y">,</W>
			<S S_TYPE="SUP">
				<W BOX="638 358 647 380" STYLE_REF="27">s</W>
			</S>
			<W BOX="639 408 667 433" STYLE_REF="14">the</W>
			<Q BOX="641 372 651 397" STYLE_REF="14" QID="37">h</Q>
			<q BOX="653 374 711 396" STYLE_REF="27" QID="37">owever</q>
			<QW QID="37">however</QW>
			<W BOX="653 357 663 379" STYLE_REF="27">a</W>
			<W BOX="659 391 664 416" STYLE_REF="14">,</W>
			<W BOX="662 354 673 379" STYLE_REF="14">g</W>
			<W BOX="671 389 701 414" STYLE_REF="14">and</W>
			<W BOX="673 356 707 378" STYLE_REF="27">gere</W>
			<W BOX="674 407 716 432" STYLE_REF="14">steep</W>
			<W BOX="702 389 707 414" STYLE_REF="14">,</W>
			<W BOX="712 371 717 396" STYLE_REF="14">,</W>
			<W BOX="717 390 748 412" STYLE_REF="27">afte</W>
			<W BOX="724 406 757 431" STYLE_REF="14">side</W>
			<W BOX="725 373 756 395" STYLE_REF="27">and</W>
			<W BOX="749 388 757 413" STYLE_REF="14">r</W>
			<L BOX="515 424 730 453"/>
			<W BOX="515 428 569 453" STYLE_REF="14">hands</W>
			<W BOX="576 428 591 453" STYLE_REF="14">of</W>
			<W BOX="602 426 632 451" STYLE_REF="14">the</W>
			<Q BOX="637 426 688 451" STYLE_REF="14" QID="38">victor</Q>
			<q BOX="714 424 730 449" STYLE_REF="14" QID="38">G</q>
			<QW QID="38">victorG</QW>
		</Primitive>
		<Primitive BOX="24 426 829 510" ID="Ar0660006" SEQ_NO="6" TOC_ENTRY_ID="79" DEPTH_LEVEL="1">
			<L BOX="68 426 759 512"/>
			<W BOX="68 486 89 512" STYLE_REF="14">he</W>
			<W BOX="68 453 95 475" STYLE_REF="27">wa</W>
			<W BOX="68 469 107 494" STYLE_REF="14">hurt</W>
			<W BOX="68 433 84 458" STYLE_REF="14">of</W>
			<W BOX="92 486 145 512" STYLE_REF="14">would</W>
			<W BOX="93 451 102 476" STYLE_REF="14">s</W>
			<W BOX="95 433 125 458" STYLE_REF="14">the</W>
			<W BOX="108 453 138 475" STYLE_REF="27">deli</W>
			<W BOX="113 469 134 494" STYLE_REF="14">he</W>
			<W BOX="133 432 202 457" STYLE_REF="14">opposite</W>
			<W BOX="139 468 170 493" STYLE_REF="14">had</W>
			<Q BOX="139 450 151 475" STYLE_REF="14" QID="39">g</Q>
			<q BOX="149 449 160 475" STYLE_REF="14" QID="39">h</q>
			<QW QID="39">gh</QW>
			<W BOX="151 485 179 510" STYLE_REF="14">not</W>
			<W BOX="160 449 186 475" STYLE_REF="14">ted</W>
			<W BOX="177 467 247 492" STYLE_REF="14">received</W>
			<W BOX="184 485 272 510" STYLE_REF="14">acknowled</W>
			<W BOX="193 449 235 475" STYLE_REF="14">with</W>
			<W BOX="212 431 255 457" STYLE_REF="14">bank</W>
			<W BOX="241 449 302 474" STYLE_REF="14">success</W>
			<W BOX="255 467 291 492" STYLE_REF="14">from</W>
			<W BOX="256 431 260 457" STYLE_REF="14">,</W>
			<Q BOX="267 433 288 455" STYLE_REF="27" QID="40">an</Q>
			<q BOX="289 430 299 456" STYLE_REF="14" QID="40">d</q>
			<QW QID="40">and</QW>
			<W BOX="299 484 334 509" STYLE_REF="14">that</W>
			<W BOX="301 466 329 491" STYLE_REF="14">the</W>
			<W BOX="303 448 308 473" STYLE_REF="14">,</W>
			<Q BOX="306 430 314 456" STYLE_REF="14" QID="41">l</Q>
			<q BOX="313 433 332 454" STYLE_REF="27" QID="41">eft</q>
			<QW QID="41">left</QW>
			<W BOX="315 448 344 473" STYLE_REF="14">eag</W>
			<W BOX="336 466 379 491" STYLE_REF="14">stone</W>
			<W BOX="341 484 361 509" STYLE_REF="14">he</W>
			<W BOX="342 432 362 454" STYLE_REF="27">all</W>
			<W BOX="343 448 359 473" STYLE_REF="14">er</W>
			<W BOX="365 483 399 508" STYLE_REF="14">was</W>
			<W BOX="369 448 386 473" STYLE_REF="14">to</W>
			<Q BOX="372 430 379 455" STYLE_REF="14" QID="42">t</Q>
			<q BOX="379 432 400 454" STYLE_REF="27" QID="42">he</q>
			<QW QID="42">the</QW>
			<W BOX="386 465 441 490" STYLE_REF="14">passed</W>
			<W BOX="396 447 446 472" STYLE_REF="14">pursu</W>
			<W BOX="405 483 427 508" STYLE_REF="14">inj</W>
			<W BOX="407 432 445 454" STYLE_REF="27">prey</W>
			<Q BOX="429 483 438 508" STYLE_REF="14" QID="43">u</Q>
			<q BOX="440 483 456 508" STYLE_REF="14" QID="43">re</q>
			<QW QID="43">ure</QW>
			<W BOX="446 447 455 472" STYLE_REF="14">e</W>
			<W BOX="449 464 546 489" STYLE_REF="14">unregarded</W>
			<W BOX="452 429 470 454" STYLE_REF="14">in</W>
			<W BOX="456 483 466 508" STYLE_REF="14">d</W>
			<W BOX="465 447 495 472" STYLE_REF="14">and</W>
			<W BOX="474 483 485 508" STYLE_REF="14">b</W>
			<W BOX="478 429 508 454" STYLE_REF="14">the</W>
			<W BOX="501 482 518 507" STYLE_REF="14">it</W>
			<W BOX="505 446 547 471" STYLE_REF="14">puni</W>
			<W BOX="531 482 562 507" STYLE_REF="14">and</W>
			<W BOX="546 445 565 470" STYLE_REF="14">sh</W>
			<W BOX="546 464 551 489" STYLE_REF="14">.</W>
			<W BOX="569 480 660 505" STYLE_REF="14">persevered</W>
			<W BOX="570 445 599 470" STYLE_REF="14">the</W>
			<W BOX="572 463 597 488" STYLE_REF="14">He</W>
			<W BOX="604 462 658 487" STYLE_REF="14">would</W>
			<W BOX="605 444 680 469" STYLE_REF="14">poachers</W>
			<W BOX="663 461 691 486" STYLE_REF="14">not</W>
			<W BOX="667 479 692 504" STYLE_REF="14">till</W>
			<W BOX="679 444 685 469" STYLE_REF="14">,</W>
			<W BOX="688 426 693 451" STYLE_REF="14">.</W>
			<W BOX="691 443 721 468" STYLE_REF="14">and</W>
			<W BOX="697 460 725 486" STYLE_REF="14">feel</W>
			<W BOX="699 478 719 503" STYLE_REF="14">he</W>
			<W BOX="726 478 757 503" STYLE_REF="14">had</W>
			<W BOX="728 426 758 448" STYLE_REF="27">ray</W>
			<W BOX="730 442 759 467" STYLE_REF="14">the</W>
			<W BOX="734 460 751 485" STYLE_REF="14" NS="y">it</W>
			<W BOX="751 460 758 485" STYLE_REF="14">;</W>
		</Primitive>
		<Primitive BOX="24 498 829 563" ID="Ar0660007" SEQ_NO="7" TOC_ENTRY_ID="79" DEPTH_LEVEL="1">
			<L BOX="68 482 719 529"/>
			<W BOX="68 504 131 529" STYLE_REF="14">secured</W>
			<W BOX="138 504 166 529" STYLE_REF="14">the</W>
			<Q BOX="172 503 188 529" STYLE_REF="14" QID="44">gi</Q>
			<Q BOX="188 503 207 528" STYLE_REF="14" QID="44">ps</Q>
			<q BOX="206 503 218 528" STYLE_REF="14" NS="y" QID="44">y</q>
			<QW QID="44">gipsy</QW>
			<W BOX="218 503 224 528" STYLE_REF="14">,</W>
			<Q BOX="230 502 251 528" STYLE_REF="14" QID="45">an</Q>
			<q BOX="251 502 261 528" STYLE_REF="14" QID="45">d</q>
			<QW QID="45">and</QW>
			<W BOX="269 502 302 527" STYLE_REF="14">had</W>
			<W BOX="275 487 294 509" STYLE_REF="27" NS="y">ge</W>
			<W BOX="293 482 296 507" STYLE_REF="14">,</W>
			<W BOX="308 501 343 526" STYLE_REF="14">him</W>
			<W BOX="351 501 382 526" STYLE_REF="14">safe</W>
			<W BOX="390 500 439 526" STYLE_REF="14">under</W>
			<W BOX="446 500 475 526" STYLE_REF="14">the</W>
			<W BOX="481 500 499 526" STYLE_REF="14">cu</W>
			<W BOX="485 482 496 507" STYLE_REF="14">y</W>
			<Q BOX="501 500 510 526" STYLE_REF="14" QID="46">s</Q>
			<q BOX="510 500 536 525" STYLE_REF="14" QID="46">tod</q>
			<QW QID="46">stod</QW>
			<W BOX="518 482 524 507" STYLE_REF="14">;</W>
			<W BOX="537 499 548 524" STYLE_REF="14">y</W>
			<W BOX="555 499 571 524" STYLE_REF="14">of</W>
			<W BOX="578 499 606 524" STYLE_REF="14">the</W>
			<W BOX="613 497 713 522" STYLE_REF="14" NS="y">gamekeeper</W>
			<W BOX="713 497 719 522" STYLE_REF="14">.</W>
			<L BOX="92 530 760 563"/>
			<W BOX="92 538 131 563" STYLE_REF="14">The</W>
			<Q BOX="144 537 193 562" STYLE_REF="14" QID="47">resul</Q>
			<q BOX="193 537 200 562" STYLE_REF="14" QID="47">t</q>
			<QW QID="47">result</QW>
			<W BOX="213 537 231 562" STYLE_REF="14">of</W>
			<Q BOX="244 536 271 561" STYLE_REF="14" QID="48">thi</Q>
			<q BOX="272 536 281 561" STYLE_REF="14" QID="48">s</q>
			<QW QID="48">this</QW>
			<W BOX="293 536 343 561" STYLE_REF="14">blow</W>
			<W BOX="416 535 446 560" STYLE_REF="14">his</W>
			<W BOX="458 534 505 559" STYLE_REF="14">head</W>
			<W BOX="518 534 582 559" STYLE_REF="14">brings</W>
			<W BOX="595 532 646 557" STYLE_REF="14">Gray</W>
			<W BOX="658 531 677 556" STYLE_REF="14">to</W>
			<W BOX="689 530 745 555" STYLE_REF="14" NS="y">death</W>
			<W BOX="744 530 749 555" STYLE_REF="14" NS="y">'</W>
			<W BOX="749 530 760 555" STYLE_REF="14">s</W>
		</Primitive>
		<Primitive BOX="24 552 829 608" ID="Ar0660008" SEQ_NO="8" TOC_ENTRY_ID="79" DEPTH_LEVEL="1">
			<L BOX="68 535 759 586"/>
			<W BOX="68 560 112 586" STYLE_REF="14" NS="y">door</W>
			<W BOX="112 560 118 586" STYLE_REF="14">.</W>
			<W BOX="143 560 228 586" STYLE_REF="14">Haunted</W>
			<Q BOX="236 559 249 584" STYLE_REF="14" QID="49">b</Q>
			<q BOX="249 560 262 585" STYLE_REF="14" QID="49">y</q>
			<QW QID="49">by</QW>
			<W BOX="270 558 303 584" STYLE_REF="14">the</W>
			<W BOX="310 558 347 584" STYLE_REF="14">fear</W>
			<W BOX="354 535 403 560" STYLE_REF="14">upon</W>
			<W BOX="356 558 373 584" STYLE_REF="14">of</W>
			<Q BOX="381 558 423 583" STYLE_REF="14" QID="50">leav</Q>
			<q BOX="424 558 456 583" STYLE_REF="14" QID="50">ing</q>
			<QW QID="50">leaving</QW>
			<W BOX="464 556 566 581" STYLE_REF="14">Katherine</W>
			<W BOX="572 555 686 580" STYLE_REF="14">unprovided</W>
			<W BOX="693 553 720 578" STYLE_REF="14" NS="y">for</W>
			<W BOX="722 553 726 578" STYLE_REF="14">,</W>
			<W BOX="735 552 759 577" STYLE_REF="14">he</W>
			<L BOX="68 576 759 608"/>
			<W BOX="68 583 133 608" STYLE_REF="14">knows</W>
			<W BOX="139 583 164 608" STYLE_REF="14">no</W>
			<W BOX="171 583 208 608" STYLE_REF="14" NS="y">rest</W>
			<W BOX="213 582 218 607" STYLE_REF="14">;</W>
			<W BOX="231 582 267 607" STYLE_REF="14">and</W>
			<W BOX="280 582 294 607" STYLE_REF="14">it</W>
			<W BOX="307 582 323 607" STYLE_REF="14">is</W>
			<Q BOX="336 581 366 606" STYLE_REF="14" QID="51">onl</Q>
			<q BOX="367 582 379 607" STYLE_REF="14" QID="51">y</q>
			<QW QID="51">only</QW>
			<W BOX="389 580 433 605" STYLE_REF="14">after</W>
			<W BOX="447 579 521 605" STYLE_REF="14">signing</W>
			<W BOX="534 579 544 604" STYLE_REF="14">a</W>
			<W BOX="557 578 653 603" STYLE_REF="14">document</W>
			<W BOX="661 576 723 601" STYLE_REF="14">which</W>
			<W BOX="734 576 759 601" STYLE_REF="14">he</W>
		</Primitive>
		<Primitive BOX="24 598 829 655" ID="Ar0660009" SEQ_NO="9" TOC_ENTRY_ID="79" DEPTH_LEVEL="1">
			<L BOX="68 598 760 655"/>
			<W BOX="68 606 102 631" STYLE_REF="14">has</W>
			<W BOX="68 629 123 655" STYLE_REF="14">perty</W>
			<W BOX="110 606 173 631" STYLE_REF="14">caused</W>
			<W BOX="138 629 177 654" STYLE_REF="14">that</W>
			<W BOX="182 606 200 631" STYLE_REF="14">to</W>
			<W BOX="184 629 208 654" STYLE_REF="14">he</W>
			<W BOX="208 605 232 630" STYLE_REF="14">be</W>
			<W BOX="215 628 258 653" STYLE_REF="14">falls</W>
			<W BOX="240 604 303 629" STYLE_REF="14">drawn</W>
			<W BOX="264 627 305 653" STYLE_REF="14">into</W>
			<W BOX="311 605 336 630" STYLE_REF="14">up</W>
			<W BOX="312 627 323 653" STYLE_REF="14">a</W>
			<W BOX="331 627 378 653" STYLE_REF="14">sleep</W>
			<W BOX="336 605 343 630" STYLE_REF="14">,</W>
			<W BOX="350 604 424 629" STYLE_REF="14">leaving</W>
			<W BOX="386 626 449 651" STYLE_REF="14">which</W>
			<W BOX="436 602 536 627" STYLE_REF="14">Katherine</W>
			<W BOX="458 626 509 651" STYLE_REF="14">saves</W>
			<W BOX="520 624 551 650" STYLE_REF="14">his</W>
			<W BOX="547 601 571 626" STYLE_REF="14">all</W>
			<W BOX="561 624 592 650" STYLE_REF="14">life</W>
			<W BOX="581 601 611 626" STYLE_REF="14">his</W>
			<W BOX="594 624 598 650" STYLE_REF="14">.</W>
			<W BOX="622 600 706 625" STYLE_REF="14">personal</W>
			<W BOX="623 623 648 648" STYLE_REF="14">At</W>
			<Q BOX="658 622 701 648" STYLE_REF="14" QID="52">leng</Q>
			<q BOX="702 620 723 647" STYLE_REF="9" NS="y" QID="52">th</q>
			<QW QID="52">length</QW>
			<S S_TYPE="SUP">
				<W BOX="718 598 751 623" STYLE_REF="14">pro</W>
			</S>
			<Q BOX="735 620 748 647" STYLE_REF="9" QID="53">h</Q>
			<q BOX="749 621 760 646" STYLE_REF="14" QID="53">e</q>
			<QW QID="53">he</QW>
			<Q BOX="751 598 760 623" STYLE_REF="14" LH="y" QID="54">-</Q>
		</Primitive>
		<Primitive BOX="24 645 829 699" ID="Ar0660010" SEQ_NO="10" TOC_ENTRY_ID="79" DEPTH_LEVEL="1">
			<L BOX="123 629 130 655"/>
			<q BOX="123 629 130 655" STYLE_REF="14" QID="54">,</q>
			<QW QID="54">-,</QW>
			<L BOX="68 645 760 699"/>
			<W BOX="68 651 135 677" STYLE_REF="14">attains</W>
			<W BOX="93 674 128 699" STYLE_REF="14">His</W>
			<W BOX="140 674 227 699" STYLE_REF="14">guardian</W>
			<W BOX="143 651 172 677" STYLE_REF="14">his</W>
			<W BOX="179 651 284 676" STYLE_REF="14">protracted</W>
			<W BOX="229 672 235 697" STYLE_REF="14" NS="y">'</W>
			<W BOX="233 673 242 698" STYLE_REF="14">s</W>
			<W BOX="254 673 328 698" STYLE_REF="14">savings</W>
			<W BOX="291 650 376 675" STYLE_REF="14">majority</W>
			<W BOX="340 672 370 697" STYLE_REF="14">are</W>
			<W BOX="376 650 382 675" STYLE_REF="14">,</W>
			<W BOX="383 672 445 697" STYLE_REF="14">quickl</W>
			<W BOX="391 649 427 674" STYLE_REF="14">and</W>
			<W BOX="435 648 468 673" STYLE_REF="14">the</W>
			<W BOX="446 672 460 697" STYLE_REF="14">y</W>
			<W BOX="468 670 578 695" STYLE_REF="14">transferred</W>
			<W BOX="476 648 510 673" STYLE_REF="14">day</W>
			<W BOX="518 648 536 673" STYLE_REF="14">of</W>
			<W BOX="545 647 645 672" STYLE_REF="14">reckoning</W>
			<W BOX="588 670 607 695" STYLE_REF="14">to</W>
			<W BOX="617 669 649 694" STYLE_REF="14">the</W>
			<W BOX="654 645 712 670" STYLE_REF="14">comes</W>
			<W BOX="657 667 732 692" STYLE_REF="14">account</W>
			<W BOX="712 645 718 670" STYLE_REF="14">.</W>
			<W BOX="740 666 760 691" STYLE_REF="14">of</W>
		</Primitive>
		<Primitive BOX="24 690 829 745" ID="Ar0660011" SEQ_NO="11" TOC_ENTRY_ID="79" DEPTH_LEVEL="1">
			<L BOX="68 690 760 745"/>
			<W BOX="68 720 128 745" STYLE_REF="14">vision</W>
			<W BOX="69 697 101 722" STYLE_REF="14">the</W>
			<W BOX="110 696 178 722" STYLE_REF="14">money</W>
			<W BOX="136 719 170 744" STYLE_REF="14">has</W>
			<W BOX="177 719 215 744" STYLE_REF="14">also</W>
			<Q BOX="178 696 186 722" STYLE_REF="14" LH="y" QID="55">-</Q>
			<q BOX="186 696 249 722" STYLE_REF="14" QID="55">lender</q>
			<QW QID="55">-lender</QW>
			<W BOX="223 719 242 744" STYLE_REF="14">to</W>
			<W BOX="249 696 254 721" STYLE_REF="14">,</W>
			<W BOX="250 719 273 744" STYLE_REF="14">be</W>
			<W BOX="266 695 341 720" STYLE_REF="14">leaving</W>
			<W BOX="282 718 335 743" STYLE_REF="14">made</W>
			<W BOX="343 718 370 743" STYLE_REF="14">for</W>
			<W BOX="354 695 364 720" STYLE_REF="14">a</W>
			<W BOX="376 694 500 719" STYLE_REF="14">considerable</W>
			<W BOX="379 718 389 743" STYLE_REF="14">a</W>
			<W BOX="399 717 437 742" STYLE_REF="14">sum</W>
			<W BOX="449 717 466 742" STYLE_REF="14">of</W>
			<W BOX="479 717 510 742" STYLE_REF="14">ten</W>
			<W BOX="511 693 553 718" STYLE_REF="14">sum</W>
			<W BOX="518 715 610 740" STYLE_REF="14">thousand</W>
			<W BOX="564 692 632 717" STYLE_REF="14">unpaid</W>
			<W BOX="619 714 691 739" STYLE_REF="14">pounds</W>
			<W BOX="634 692 639 717" STYLE_REF="14">,</W>
			<W BOX="650 690 707 716" STYLE_REF="14">while</W>
			<W BOX="698 712 760 737" STYLE_REF="14">which</W>
			<Q BOX="718 690 752 715" STYLE_REF="14" QID="56">pro</Q>
			<Q BOX="752 690 760 715" STYLE_REF="14" QID="56">-</Q>
		</Primitive>
		<Primitive BOX="24 735 829 806" ID="Ar0660012" SEQ_NO="12" TOC_ENTRY_ID="79" DEPTH_LEVEL="1">
			<L BOX="69 735 760 767"/>
			<q BOX="69 742 94 767" STYLE_REF="14" QID="56">he</q>
			<QW QID="56">prohe</QW>
			<W BOX="105 742 166 767" STYLE_REF="14">insists</W>
			<W BOX="179 742 227 767" STYLE_REF="14">upon</W>
			<W BOX="241 741 318 766" STYLE_REF="14">settling</W>
			<W BOX="330 741 354 766" STYLE_REF="14">on</W>
			<W BOX="365 741 395 766" STYLE_REF="14">his</W>
			<W BOX="407 740 459 765" STYLE_REF="14" NS="y">sister</W>
			<W BOX="459 740 465 765" STYLE_REF="14">.</W>
			<W BOX="491 738 549 764" STYLE_REF="14">These</W>
			<W BOX="562 738 630 763" STYLE_REF="14">several</W>
			<W BOX="643 736 717 761" STYLE_REF="14">matters</W>
			<W BOX="729 735 760 760" STYLE_REF="14">are</W>
			<L BOX="68 758 762 810"/>
			<Q BOX="68 765 119 790" STYLE_REF="14" QID="57">finall</Q>
			<q BOX="121 765 134 790" STYLE_REF="14" QID="57">y</q>
			<QW QID="57">finally</QW>
			<W BOX="142 764 229 789" STYLE_REF="14">arranged</W>
			<Q BOX="240 764 309 789" STYLE_REF="14" QID="58">throug</Q>
			<q BOX="309 763 322 788" STYLE_REF="14" QID="58">h</q>
			<QW QID="58">through</QW>
			<W BOX="334 763 367 788" STYLE_REF="14">the</W>
			<W BOX="377 762 459 788" STYLE_REF="14">medium</W>
			<W BOX="460 785 496 810" STYLE_REF="14">sets</W>
			<W BOX="471 762 489 787" STYLE_REF="14">of</W>
			<W BOX="501 761 519 786" STYLE_REF="14">in</W>
			<W BOX="503 784 527 809" STYLE_REF="14">off</W>
			<W BOX="521 761 607 786" STYLE_REF="14">surances</W>
			<W BOX="540 783 592 809" STYLE_REF="14">alone</W>
			<W BOX="600 783 625 808" STYLE_REF="14">for</W>
			<W BOX="618 759 669 785" STYLE_REF="14">upon</W>
			<W BOX="667 781 760 806" STYLE_REF="14">autumnal</W>
			<W BOX="680 758 710 783" STYLE_REF="14">his</W>
			<W BOX="720 758 754 783" STYLE_REF="14" NS="y">life</W>
			<W BOX="755 758 762 783" STYLE_REF="14">,</W>
		</Primitive>
		<Primitive BOX="24 794 829 859" ID="Ar0660013" SEQ_NO="13" TOC_ENTRY_ID="79" DEPTH_LEVEL="1">
			<L BOX="70 782 762 836"/>
			<W BOX="70 788 105 813" STYLE_REF="14">and</W>
			<W BOX="70 811 167 836" STYLE_REF="14">excursion</W>
			<W BOX="107 788 112 813" STYLE_REF="14">,</W>
			<W BOX="121 787 198 812" STYLE_REF="14">relieved</W>
			<W BOX="176 811 195 836" STYLE_REF="14">to</W>
			<W BOX="204 811 236 836" STYLE_REF="14">the</W>
			<W BOX="208 787 226 812" STYLE_REF="14">of</W>
			<W BOX="237 787 290 812" STYLE_REF="14">these</W>
			<W BOX="244 810 343 835" STYLE_REF="14">Continent</W>
			<W BOX="298 786 386 811" STYLE_REF="14">anxieties</W>
			<W BOX="343 810 350 835" STYLE_REF="14">.</W>
			<W BOX="373 808 476 833" STYLE_REF="14">Katherine</W>
			<W BOX="387 786 392 811" STYLE_REF="14">,</W>
			<W BOX="402 785 450 810" STYLE_REF="14">Gray</W>
			<Q BOX="483 807 516 833" STYLE_REF="14" QID="59">feel</Q>
			<q BOX="518 807 527 833" STYLE_REF="14" QID="59">s</q>
			<QW QID="59">feels</QW>
			<W BOX="537 807 576 832" STYLE_REF="14" NS="y">this</W>
			<W BOX="576 807 581 832" STYLE_REF="14">,</W>
			<W BOX="589 806 621 831" STYLE_REF="14">the</W>
			<W BOX="628 805 666 831" STYLE_REF="14">first</W>
			<W BOX="637 782 659 807" STYLE_REF="14">an</W>
			<W BOX="677 804 753 829" STYLE_REF="14" NS="y">absence</W>
			<W BOX="754 805 762 830" STYLE_REF="14">,</W>
			<L BOX="71 834 208 859"/>
			<W BOX="71 834 120 859" STYLE_REF="14">most</W>
			<Q BOX="127 834 186 859" STYLE_REF="14" QID="60">acutel</Q>
			<q BOX="187 834 201 859" STYLE_REF="14" NS="y" QID="60">y</q>
			<QW QID="60">acutely</QW>
			<W BOX="201 834 208 859" STYLE_REF="14">.</W>
		</Primitive>
		<Primitive BOX="24 857 829 901" ID="Ar0660014" SEQ_NO="14" TOC_ENTRY_ID="79" DEPTH_LEVEL="1">
			<L BOX="47 857 760 907"/>
			<W BOX="47 882 52 907" STYLE_REF="14">-</W>
			<W BOX="91 864 125 889" STYLE_REF="14">The</W>
			<W BOX="134 864 161 889" STYLE_REF="14">old</W>
			<W BOX="150 882 158 907" STYLE_REF="14">I</W>
			<W BOX="165 881 198 907" STYLE_REF="14">was</W>
			<W BOX="169 864 206 889" STYLE_REF="14">year</W>
			<W BOX="204 881 236 907" STYLE_REF="14">like</W>
			<W BOX="215 863 248 889" STYLE_REF="14">had</W>
			<W BOX="242 881 251 907" STYLE_REF="14">a</W>
			<W BOX="257 863 306 888" STYLE_REF="14">ended</W>
			<W BOX="258 881 299 907" STYLE_REF="14">child</W>
			<W BOX="308 862 313 887" STYLE_REF="14">,</W>
			<W BOX="311 880 328 905" STYLE_REF="14">in</W>
			<W BOX="320 862 351 887" STYLE_REF="14">and</W>
			<W BOX="339 880 366 905" STYLE_REF="14">the</W>
			<W BOX="361 862 388 887" STYLE_REF="14">the</W>
			<W BOX="376 880 414 905" STYLE_REF="14">dark</W>
			<W BOX="397 862 433 887" STYLE_REF="14">new</W>
			<W BOX="416 880 421 905" STYLE_REF="14">,</W>
			<W BOX="429 879 465 904" STYLE_REF="14">who</W>
			<W BOX="439 861 477 886" STYLE_REF="14">year</W>
			<W BOX="476 879 520 904" STYLE_REF="14">longs</W>
			<W BOX="486 861 538 886" STYLE_REF="14">begun</W>
			<W BOX="521 879 525 904" STYLE_REF="14">,</W>
			<W BOX="533 878 572 903" STYLE_REF="14">even</W>
			<W BOX="540 861 544 886" STYLE_REF="14">,</W>
			<W BOX="551 860 570 885" STYLE_REF="14" NS="y">ill</W>
			<W BOX="571 860 576 885" STYLE_REF="14">.</W>
			<W BOX="583 878 600 903" STYLE_REF="14">to</W>
			<W BOX="596 860 605 885" STYLE_REF="14">I</W>
			<W BOX="611 877 673 902" STYLE_REF="14">passion</W>
			<W BOX="612 859 646 884" STYLE_REF="14">was</W>
			<W BOX="656 858 718 883" STYLE_REF="14">restless</W>
			<W BOX="673 876 678 902" STYLE_REF="14">,</W>
			<W BOX="685 875 702 900" STYLE_REF="14">to</W>
			<W BOX="708 875 760 900" STYLE_REF="14">throw</W>
			<W BOX="727 857 759 882" STYLE_REF="14">and</W>
			<L BOX="69 882 139 907"/>
			<W BOX="69 882 129 907" STYLE_REF="14" NS="y">uneasy</W>
			<W BOX="134 882 139 907" STYLE_REF="14">;</W>
		</Primitive>
		<Primitive BOX="24 889 829 969" ID="Ar0660015" SEQ_NO="15" TOC_ENTRY_ID="79" DEPTH_LEVEL="1">
			<L BOX="68 893 760 972"/>
			<W BOX="68 900 90 925" STYLE_REF="14">its</W>
			<W BOX="69 918 123 943" STYLE_REF="14">ledged</W>
			<W BOX="69 935 166 961" STYLE_REF="14">irritability</W>
			<W BOX="97 900 140 925" STYLE_REF="14">arms</W>
			<W BOX="133 918 168 943" STYLE_REF="14">that</W>
			<W BOX="145 900 195 925" STYLE_REF="14">round</W>
			<W BOX="168 935 197 961" STYLE_REF="14">and</W>
			<W BOX="177 918 185 943" STYLE_REF="14">I</W>
			<W BOX="196 918 252 943" STYLE_REF="14">should</W>
			<W BOX="202 899 245 924" STYLE_REF="14">some</W>
			<W BOX="206 935 303 960" STYLE_REF="14">restlessness</W>
			<W BOX="252 899 319 924" STYLE_REF="14">friendly</W>
			<W BOX="263 918 282 943" STYLE_REF="14">be</W>
			<W BOX="292 916 325 941" STYLE_REF="14">half</W>
			<W BOX="309 935 313 960" STYLE_REF="14">:</W>
			<W BOX="324 935 354 960" STYLE_REF="14">but</W>
			<W BOX="327 898 367 923" STYLE_REF="14">neck</W>
			<W BOX="336 916 409 941" STYLE_REF="14">ashamed</W>
			<W BOX="360 935 388 960" STYLE_REF="14">onl</W>
			<W BOX="374 898 405 923" STYLE_REF="14">and</W>
			<W BOX="387 934 399 959" STYLE_REF="14">y</W>
			<W BOX="406 934 424 959" STYLE_REF="14">as</W>
			<W BOX="410 915 415 940" STYLE_REF="14">,</W>
			<W BOX="413 898 440 923" STYLE_REF="14">feel</W>
			<W BOX="423 915 469 940" STYLE_REF="14">when</W>
			<W BOX="430 934 439 959" STYLE_REF="14">a</W>
			<W BOX="445 933 505 958" STYLE_REF="14">thirsty</W>
			<W BOX="452 897 494 922" STYLE_REF="14">itself</W>
			<W BOX="479 915 500 940" STYLE_REF="14">he</W>
			<W BOX="501 897 532 922" STYLE_REF="14">safe</W>
			<W BOX="509 914 537 939" STYLE_REF="14">did</W>
			<W BOX="511 932 551 957" STYLE_REF="14">man</W>
			<W BOX="534 897 539 922" STYLE_REF="14">.</W>
			<W BOX="548 914 591 939" STYLE_REF="14">come</W>
			<W BOX="555 895 583 920" STYLE_REF="14">All</W>
			<W BOX="556 932 571 957" STYLE_REF="14">is</W>
			<W BOX="577 931 592 956" STYLE_REF="14">of</W>
			<W BOX="590 895 617 920" STYLE_REF="14">the</W>
			<W BOX="601 913 641 938" STYLE_REF="14">back</W>
			<W BOX="603 930 630 955" STYLE_REF="14">his</W>
			<W BOX="624 894 664 919" STYLE_REF="14">time</W>
			<W BOX="638 929 687 955" STYLE_REF="14">thirst</W>
			<W BOX="643 912 647 937" STYLE_REF="14">,</W>
			<W BOX="658 911 673 937" STYLE_REF="14">of</W>
			<W BOX="672 893 680 918" STYLE_REF="14">1</W>
			<W BOX="685 911 712 937" STYLE_REF="14">my</W>
			<W BOX="687 893 753 918" STYLE_REF="14">acknow</W>
			<W BOX="692 929 730 954" STYLE_REF="14">after</W>
			<W BOX="710 947 726 972" STYLE_REF="14">of</W>
			<W BOX="723 911 759 936" STYLE_REF="14">own</W>
			<W BOX="733 947 759 972" STYLE_REF="14">his</W>
			<W BOX="738 928 760 953" STYLE_REF="14">he</W>
			<Q BOX="753 893 760 918" STYLE_REF="14" QID="61">-</Q>
		</Primitive>
		<Primitive BOX="24 957 829 1026" ID="Ar0660016" SEQ_NO="16" TOC_ENTRY_ID="79" DEPTH_LEVEL="1">
			<L BOX="70 947 758 996"/>
			<q BOX="70 971 135 996" STYLE_REF="14" QID="61">absence</q>
			<QW QID="61">absence</QW>
			<W BOX="70 953 99 978" STYLE_REF="14">has</W>
			<W BOX="105 953 156 978" STYLE_REF="14">drunk</W>
			<W BOX="147 971 177 996" STYLE_REF="14">and</W>
			<W BOX="164 953 173 978" STYLE_REF="14">a</W>
			<W BOX="181 953 209 978" STYLE_REF="14">full</W>
			<W BOX="184 971 208 996" STYLE_REF="14">set</W>
			<W BOX="215 971 273 996" STYLE_REF="14">myself</W>
			<W BOX="218 953 291 978" STYLE_REF="14">appeasin</W>
			<W BOX="284 970 357 995" STYLE_REF="14">resolutel</W>
			<W BOX="292 953 303 978" STYLE_REF="14">g</W>
			<W BOX="309 952 381 977" STYLE_REF="14">draught</W>
			<W BOX="357 970 368 995" STYLE_REF="14">y</W>
			<W BOX="378 969 439 994" STYLE_REF="14">against</W>
			<W BOX="381 952 386 977" STYLE_REF="14">.</W>
			<W BOX="404 951 411 976" STYLE_REF="14">I</W>
			<W BOX="420 951 487 976" STYLE_REF="14">counted</W>
			<W BOX="449 968 529 993" STYLE_REF="14">receiving</W>
			<W BOX="498 950 526 975" STYLE_REF="14">the</W>
			<W BOX="535 949 565 974" STYLE_REF="14">day</W>
			<W BOX="535 968 566 993" STYLE_REF="14">any</W>
			<W BOX="567 949 575 974" STYLE_REF="14">s</W>
			<W BOX="574 967 617 992" STYLE_REF="14">more</W>
			<Q BOX="582 949 600 974" STYLE_REF="14" QID="62">th</Q>
			<q BOX="601 949 617 974" STYLE_REF="14" QID="62">at</q>
			<QW QID="62">that</QW>
			<W BOX="624 947 702 972" STYLE_REF="14">remained</W>
			<W BOX="627 965 681 990" STYLE_REF="14">letters</W>
			<W BOX="688 965 703 990" STYLE_REF="14">of</W>
			<W BOX="711 964 758 990" STYLE_REF="14">delay</W>
			<L BOX="69 972 759 1032"/>
			<W BOX="69 1007 137 1032" STYLE_REF="14">obstacle</W>
			<W BOX="70 989 87 1014" STYLE_REF="14">to</W>
			<W BOX="98 989 128 1014" STYLE_REF="14">put</W>
			<W BOX="135 972 140 997" STYLE_REF="14">,</W>
			<W BOX="139 989 158 1014" STYLE_REF="14">off</W>
			<W BOX="154 1006 175 1032" STYLE_REF="14">no</W>
			<W BOX="171 989 215 1014" STYLE_REF="14">again</W>
			<W BOX="182 1006 226 1032" STYLE_REF="14">more</W>
			<W BOX="227 989 256 1014" STYLE_REF="14">my</W>
			<Q BOX="236 1006 247 1032" STYLE_REF="14" QID="63">h</Q>
			<q BOX="248 1006 321 1031" STYLE_REF="14" QID="63">indrance</q>
			<QW QID="63">hindrance</QW>
			<Q BOX="266 989 309 1014" STYLE_REF="14" QID="64">happ</Q>
			<q BOX="309 988 351 1013" STYLE_REF="14" QID="64">iness</q>
			<QW QID="64">happiness</QW>
			<W BOX="327 1006 332 1031" STYLE_REF="14">;</W>
			<W BOX="344 1006 372 1031" STYLE_REF="14">the</W>
			<W BOX="351 988 356 1013" STYLE_REF="14">.</W>
			<W BOX="382 988 416 1013" STYLE_REF="14">Nor</W>
			<W BOX="383 1006 414 1031" STYLE_REF="14">day</W>
			<W BOX="426 1004 506 1029" STYLE_REF="14">remained</W>
			<W BOX="428 987 454 1012" STYLE_REF="14">did</W>
			<W BOX="470 986 501 1011" STYLE_REF="14">any</W>
			<W BOX="513 986 557 1011" STYLE_REF="14">come</W>
			<W BOX="516 1003 557 1029" STYLE_REF="14">fixed</W>
			<W BOX="563 985 567 1011" STYLE_REF="14">;</W>
			<W BOX="563 1003 568 1029" STYLE_REF="14">;</W>
			<W BOX="579 1002 622 1027" STYLE_REF="14">there</W>
			<W BOX="581 984 625 1009" STYLE_REF="14">there</W>
			<W BOX="634 1002 678 1027" STYLE_REF="14">came</W>
			<W BOX="636 984 669 1009" STYLE_REF="14">was</W>
			<W BOX="683 983 703 1008" STYLE_REF="14">no</W>
			<W BOX="690 1001 727 1026" STYLE_REF="14">only</W>
			<W BOX="715 982 759 1008" STYLE_REF="14">more</W>
			<W BOX="738 1000 759 1025" STYLE_REF="14">an</W>
		</Primitive>
		<Primitive BOX="24 1014 829 1095" ID="Ar0660017" SEQ_NO="17" TOC_ENTRY_ID="79" DEPTH_LEVEL="1">
			<L BOX="69 1007 762 1086"/>
			<W BOX="69 1061 89 1086" STYLE_REF="14">Jie</W>
			<W BOX="69 1025 152 1050" STYLE_REF="14">assurance</W>
			<Q BOX="69 1043 81 1068" STYLE_REF="14" QID="65">ri</Q>
			<q BOX="84 1042 112 1067" STYLE_REF="14" QID="65">ght</q>
			<QW QID="65">right</QW>
			<W BOX="97 1061 136 1086" STYLE_REF="14">slept</W>
			<W BOX="119 1042 155 1067" STYLE_REF="14">now</W>
			<W BOX="138 1007 143 1032" STYLE_REF="14">,</W>
			<W BOX="144 1061 179 1086" STYLE_REF="14">well</W>
			<W BOX="159 1024 194 1049" STYLE_REF="14">that</W>
			<W BOX="160 1042 164 1067" STYLE_REF="14">;</W>
			<W BOX="175 1042 199 1067" STYLE_REF="14">Dr</W>
			<W BOX="190 1061 225 1086" STYLE_REF="14">that</W>
			<W BOX="199 1042 204 1067" STYLE_REF="14">.</W>
			<W BOX="200 1024 222 1049" STYLE_REF="14">he</W>
			<W BOX="208 1042 257 1067" STYLE_REF="14">Monk</W>
			<W BOX="229 1024 281 1049" STYLE_REF="14">would</W>
			<Q BOX="236 1060 253 1085" STYLE_REF="14" QID="66">ni</Q>
			<q BOX="254 1061 264 1086" STYLE_REF="14" QID="66">g</q>
			<QW QID="66">nig</QW>
			<W BOX="259 1042 286 1067" STYLE_REF="14">ton</W>
			<W BOX="263 1060 281 1085" STYLE_REF="14" NS="y">ht</W>
			<W BOX="283 1061 288 1086" STYLE_REF="14">,</W>
			<W BOX="288 1024 308 1049" STYLE_REF="14">be</W>
			<W BOX="293 1041 321 1066" STYLE_REF="14">got</W>
			<W BOX="295 1059 303 1085" STYLE_REF="14">I</W>
			<W BOX="310 1059 370 1084" STYLE_REF="14">believe</W>
			<W BOX="314 1023 330 1048" STYLE_REF="14">at</W>
			<W BOX="326 1041 353 1066" STYLE_REF="14">the</W>
			<W BOX="337 1023 373 1048" STYLE_REF="14">hom</W>
			<W BOX="358 1041 400 1066" STYLE_REF="14">same</W>
			<W BOX="374 1023 383 1048" STYLE_REF="14">e</W>
			<W BOX="375 1059 380 1084" STYLE_REF="14">;</W>
			<W BOX="389 1058 419 1083" STYLE_REF="14">but</W>
			<W BOX="389 1023 411 1048" STYLE_REF="14">on</W>
			<W BOX="405 1040 456 1065" STYLE_REF="14">intelli</W>
			<W BOX="418 1023 446 1048" STYLE_REF="14">the</W>
			<W BOX="427 1058 436 1083" STYLE_REF="24">I</W>
			<W BOX="444 1058 500 1083" STYLE_REF="14">scarcel</W>
			<W BOX="452 1022 518 1047" STYLE_REF="14">morrow</W>
			<W BOX="457 1040 504 1065" STYLE_REF="14">gence</W>
			<W BOX="502 1057 512 1082" STYLE_REF="14">y</W>
			<W BOX="503 1041 508 1066" STYLE_REF="14">,</W>
			<W BOX="513 1039 543 1064" STYLE_REF="14">and</W>
			<W BOX="519 1057 533 1082" STYLE_REF="14">sl</W>
			<W BOX="526 1021 543 1046" STYLE_REF="14">at</W>
			<W BOX="534 1057 561 1082" STYLE_REF="14">ept</W>
			<W BOX="550 1021 588 1046" STYLE_REF="14">such</W>
			<W BOX="552 1039 595 1064" STYLE_REF="14">came</W>
			<W BOX="572 1057 587 1082" STYLE_REF="14">at</W>
			<W BOX="596 1020 616 1045" STYLE_REF="14">an</W>
			<W BOX="599 1038 635 1063" STYLE_REF="14">over</W>
			<W BOX="599 1056 621 1081" STYLE_REF="14">all</W>
			<W BOX="622 1061 626 1085" STYLE_REF="7">9</W>
			<W BOX="623 1020 666 1045" STYLE_REF="14">hour</W>
			<W BOX="634 1055 665 1080" STYLE_REF="14">and</W>
			<W BOX="643 1037 659 1062" STYLE_REF="14">to</W>
			<W BOX="666 1020 671 1045" STYLE_REF="14">.</W>
			<W BOX="667 1037 709 1062" STYLE_REF="14">Buck</W>
			<W BOX="672 1055 706 1080" STYLE_REF="14">was</W>
			<W BOX="691 1018 719 1043" STYLE_REF="14">All</W>
			<W BOX="711 1054 734 1080" STYLE_REF="14">up</W>
			<W BOX="712 1036 748 1061" STYLE_REF="14">well</W>
			<W BOX="725 1018 759 1043" STYLE_REF="14">was</W>
			<W BOX="741 1054 759 1079" STYLE_REF="14">in</W>
			<W BOX="754 1036 762 1061" STYLE_REF="14">;</W>
		</Primitive>
		<Primitive BOX="24 1083 829 1152" ID="Ar0660018" SEQ_NO="18" TOC_ENTRY_ID="79" DEPTH_LEVEL="1">
			<L BOX="68 1075 555 1104"/>
			<W BOX="68 1078 98 1104" STYLE_REF="14">the</W>
			<W BOX="104 1078 137 1104" STYLE_REF="14">cold</W>
			<W BOX="145 1078 200 1104" STYLE_REF="14">winter</W>
			<Q BOX="206 1078 251 1103" STYLE_REF="14" QID="67">dawn</Q>
			<q BOX="265 1078 304 1103" STYLE_REF="14" QID="67">from</q>
			<QW QID="67">dawnfrom</QW>
			<W BOX="312 1077 355 1102" STYLE_REF="14">mere</W>
			<W BOX="361 1077 437 1102" STYLE_REF="14">inability</W>
			<W BOX="443 1076 460 1101" STYLE_REF="14">to</W>
			<W BOX="467 1076 488 1101" STYLE_REF="14">lie</W>
			<W BOX="495 1075 512 1101" STYLE_REF="14">in</W>
			<W BOX="518 1075 550 1101" STYLE_REF="14" NS="y">bed</W>
			<W BOX="550 1075 555 1101" STYLE_REF="14">.</W>
			<L BOX="253 1079 257 1104"/>
			<W BOX="253 1079 257 1104" STYLE_REF="14">,</W>
			<L BOX="70 1103 760 1161" P="S"/>
			<W BOX="70 1133 132 1161" STYLE_REF="5">Suffice</W>
			<W BOX="93 1110 141 1138" STYLE_REF="5">How</W>
			<W BOX="142 1133 158 1161" STYLE_REF="5">it</W>
			<W BOX="157 1110 206 1138" STYLE_REF="5">Grey</W>
			<W BOX="171 1133 212 1161" STYLE_REF="5">that</W>
			<W BOX="220 1110 281 1138" STYLE_REF="5">return</W>
			<W BOX="223 1133 248 1161" STYLE_REF="5">he</W>
			<W BOX="259 1133 299 1161" STYLE_REF="5">dies</W>
			<W BOX="283 1110 294 1138" STYLE_REF="5" NS="y">s</W>
			<W BOX="293 1110 298 1139" STYLE_REF="5">,</W>
			<W BOX="315 1109 350 1137" STYLE_REF="5">and</W>
			<W BOX="317 1132 353 1160" STYLE_REF="5">and</W>
			<W BOX="367 1109 417 1137" STYLE_REF="5">what</W>
			<W BOX="372 1131 392 1160" STYLE_REF="5">as</W>
			<W BOX="406 1131 438 1160" STYLE_REF="5">the</W>
			<W BOX="431 1108 461 1136" STYLE_REF="5">his</W>
			<W BOX="449 1130 487 1159" STYLE_REF="5">first</W>
			<W BOX="477 1108 512 1136" STYLE_REF="5">end</W>
			<W BOX="497 1130 537 1158" STYLE_REF="5">part</W>
			<W BOX="514 1107 519 1135" STYLE_REF="5">,</W>
			<W BOX="532 1107 562 1135" STYLE_REF="5">we</W>
			<W BOX="545 1129 563 1158" STYLE_REF="5">of</W>
			<W BOX="572 1129 603 1157" STYLE_REF="5">the</W>
			<W BOX="573 1106 613 1134" STYLE_REF="5">will</W>
			<Q BOX="614 1127 623 1155" STYLE_REF="5" QID="68">"</Q>
			<q BOX="621 1127 661 1155" STYLE_REF="5" QID="68">book</q>
			<QW QID="68">"book</QW>
			<W BOX="629 1105 662 1134" STYLE_REF="5">not</W>
			<W BOX="669 1127 702 1155" STYLE_REF="5">has</W>
			<W BOX="677 1103 728 1132" STYLE_REF="5">divul</W>
			<W BOX="709 1126 748 1154" STYLE_REF="5">littl</W>
			<W BOX="729 1103 753 1132" STYLE_REF="5">ge</W>
			<W BOX="749 1126 760 1154" STYLE_REF="5">e</W>
			<W BOX="753 1103 760 1132" STYLE_REF="5">.</W>
		</Primitive>
		<Primitive BOX="24 1152 829 1219" ID="Ar0660019" SEQ_NO="19" TOC_ENTRY_ID="79" DEPTH_LEVEL="1">
			<L BOX="69 1132 761 1184"/>
			<W BOX="69 1155 108 1184" STYLE_REF="5">else</W>
			<W BOX="121 1155 141 1183" STYLE_REF="5">in</W>
			<W BOX="154 1155 184 1183" STYLE_REF="5">the</W>
			<W BOX="159 1133 164 1161" STYLE_REF="5">,</W>
			<W BOX="192 1155 235 1183" STYLE_REF="5">way</W>
			<W BOX="246 1155 264 1183" STYLE_REF="5">of</W>
			<W BOX="279 1155 348 1183" STYLE_REF="5">feeling</W>
			<W BOX="300 1133 305 1161" STYLE_REF="5">,</W>
			<W BOX="348 1155 354 1183" STYLE_REF="5">,</W>
			<W BOX="354 1132 360 1160" STYLE_REF="5">,</W>
			<Q BOX="367 1154 387 1182" STYLE_REF="5" QID="69">th</Q>
			<q BOX="388 1154 412 1182" STYLE_REF="5" QID="69">an</q>
			<QW QID="69">than</QW>
			<W BOX="425 1154 435 1182" STYLE_REF="5">a</W>
			<W BOX="448 1153 519 1181" STYLE_REF="5" NS="y">curious</W>
			<W BOX="521 1153 526 1181" STYLE_REF="5">,</W>
			<W BOX="535 1152 570 1180" STYLE_REF="5" NS="y">and</W>
			<W BOX="572 1152 577 1180" STYLE_REF="5">,</W>
			<W BOX="590 1151 619 1179" STYLE_REF="5">we</W>
			<W BOX="632 1150 685 1178" STYLE_REF="5" NS="y">think</W>
			<W BOX="687 1150 692 1178" STYLE_REF="5">,</W>
			<Q BOX="705 1149 753 1177" STYLE_REF="5" QID="70">exag</Q>
			<q BOX="753 1149 761 1177" STYLE_REF="5" LH="y" QID="70">-</q>
			<QW QID="70">exag-</QW>
		</Primitive>
	</Content>
	<TOC_Entries><TOC_Entry TOC_ENTRY_ID="144" TITLE="2.�Year After Year. By the Author of * P..." ENTITY_ID_REF="Ar06600" PAGE_NO="66" PAGE_LABEL="66" PRIM_ID_REF="Ar0660000" IS_IC="true"/></TOC_Entries></XMD-entity>
