<?xml version="1.0" encoding="windows-1252" standalone="no"?>
<XMD-entity REPOSITORY_FORMAT="1.0" PRXML_VER="2.0" ENTITY_TYPE="Article" DOC_UID="EWJ_01/03/1858" DOC_VER="1" FIRST_TOC_ENTRY_ID="82" DEPTH_LEVEL="1" INDEX_IN_DOC="146" PAGE_NO="66" ID="Ar06601" BOX="24 12 829 100" LANGUAGE="English" SNP="Ar06601S.png" SNP_WIDTH="806" SNP_HEIGHT="89" LOGICAL_NAME="true">
	<Meta NAME="66 NOTICES OF BOOKS." DESCRIPTION="" SUBTYPE="" BASE_HREF="EWJ/1858/03/01" SOURCE_TYPE="TIFF" PUBLICATION="EWJ" SECTION="None" ISSUE_DATE="01/03/1858" WORDCNT="4" RELEASE_NO="041-EWJ-1858-03-01-001-SINGLE" PAGE_ID="" PAGE_TYPE="Single" PAGE_WIDTH="842" PAGE_HEIGHT="1244" DEFAULT_IMG_EXT="png" PDF_DESTINATION_MAPPED="OLV0_Entity_0066_0002" IMAGES_RESOLUTION="86" XMD_VER="2.6.238.8" PAGE_LABEL="66"/>
	<Link SOURCE="041-EWJ-1858-03-01-001-SINGLE.PDF" FIRST_ID="Ar00200" LAST_ID="Ar07201" NEXT_ID="" PREV_ID="Ar06600" TOC_ID="d:/Olive/Repository/EWJ/1858/03/01/TOC.xml"/>
	<DataFiles>
		<Files TYPE="DOC_PDF" PRESENT="1"/>
		<Files TYPE="PAGE_PDF" PRESENT="0"/>
		<Files TYPE="DOC_IMG" PRESENT="0"/>
		<Files TYPE="PAGE_IMG" PRESENT="0"/>
		<Files TYPE="PAGE_VIEW_IMG" PRESENT="1"/>
		<Files TYPE="PAGE_PREVIEW_IMG" PRESENT="1"/>
		<Files TYPE="PRIMITIVE_IMG" PRESENT="1"/>
		<Files TYPE="SNIPPET_IMG" PRESENT="1"/>
	</DataFiles>
	<Content>
		<Primitive BOX="24 12 829 100" ID="Ar0660100" SEQ_NO="0" TOC_ENTRY_ID="82" DEPTH_LEVEL="1">
			<L BOX="67 59 518 97"/>
			<W BOX="67 59 92 97" STYLE_REF="41">66</W>
			<W BOX="307 68 393 92" STYLE_REF="7">NOTICES</W>
			<W BOX="407 67 432 91" STYLE_REF="7">OF</W>
			<W BOX="446 67 513 90" STYLE_REF="7" NS="y">BOOKS</W>
			<W BOX="513 67 518 90" STYLE_REF="7">.</W>
		</Primitive>
	</Content>
	<TOC_Entries><TOC_Entry TOC_ENTRY_ID="145" TITLE="66 NOTICES OF BOOKS." ENTITY_ID_REF="Ar06601" PAGE_NO="66" PAGE_LABEL="66" PRIM_ID_REF="Ar0660100" IS_IC="true"/></TOC_Entries></XMD-entity>
