<?xml version="1.0" encoding="windows-1252" standalone="no"?>
<XMD-PAGE REPOSITORY_FORMAT="1.0" PRXML_VER="2.0">
	<Meta ISSUE_DATE="01/03/1858" RELEASE_NO="041-EWJ-1858-03-01-001-SINGLE" PAGE_NO="66" NAME="" PAGE_LABEL="66" PAGE_TYPE="Single" PUBLISHER="Olive" PUBLICATION="EWJ" SOURCE_TYPE="TIFF" SOURCE_RESOLUTION="72" IMAGES_RESOLUTION="86" PAGE_THUMBNAIL_RESOLUTION="86" PAGE_PREVIEW_RESOLUTION="15" DEFAULT_IMG_EXT="png" IMG_EXT="png" PREVIEW_IMG_EXT="png" XMD_VER="2.6.238.8" PROFILE_ID="D:\pdfs\EWJ\XMD_EWJ.ini" SECTION="None" PAGE_WIDTH="842" PAGE_HEIGHT="1244" PAGES_NUMBER="72" BASE_HREF="EWJ/1858/03/01" PDF_DESTINATION_MAPPED="OLV0_Page_0066">
		<Resolutions>
			<Resolution DEFAULT="true">86</Resolution>
		</Resolutions>
	</Meta>
	<Link SOURCE="041-EWJ-1858-03-01-001-SINGLE.PDF" NEXT_SECTION="" PREV_SECTION="1"/>
	<DataFiles>
		<Files TYPE="DOC_PDF" PRESENT="1"/>
		<Files TYPE="PAGE_PDF" PRESENT="0"/>
		<Files TYPE="DOC_IMG" PRESENT="0"/>
		<Files TYPE="PAGE_IMG" PRESENT="0"/>
		<Files TYPE="PAGE_VIEW_IMG" PRESENT="1"/>
		<Files TYPE="PAGE_PREVIEW_IMG" PRESENT="1"/>
		<Files TYPE="PRIMITIVE_IMG" PRESENT="1"/>
		<Files TYPE="SNIPPET_IMG" PRESENT="1"/>
	</DataFiles>
	<Entity ENTITY_TYPE="Article" FIRST_TOC_ENTRY_ID="79" INDEX_IN_DOC="142" DEPTH_LEVEL="1" ID="Ar06600" SIZE="XLarge" BOX="24 100 829 1219" NEXT_SECTION="" PREV_SECTION="1" CONTINUATION_TO="Ar06700" CONTINUATION_FROM="Ar06500" FIRST_CHUNK="Ar06302" IMAGES_RESOLUTION="86" LOGICAL_NAME="true">
		<Name>2.�Year After Year. By the Author of * P...</Name>
		<Primitive ID="Ar0660000" BOX="24 100 829 156" ELEMENT_TYPE="Content" SEQ_NO="0" TOC_ENTRY_ID="79" DEPTH_LEVEL="1"/>
		<Primitive ID="Ar0660001" BOX="24 146 829 237" ELEMENT_TYPE="Content" SEQ_NO="1" TOC_ENTRY_ID="79" DEPTH_LEVEL="1"/>
		<Primitive ID="Ar0660002" BOX="24 225 829 270" ELEMENT_TYPE="Content" SEQ_NO="2" TOC_ENTRY_ID="79" DEPTH_LEVEL="1"/>
		<Primitive ID="Ar0660003" BOX="24 259 829 307" ELEMENT_TYPE="Content" SEQ_NO="3" TOC_ENTRY_ID="79" DEPTH_LEVEL="1"/>
		<Primitive ID="Ar0660004" BOX="24 295 829 378" ELEMENT_TYPE="Content" SEQ_NO="4" TOC_ENTRY_ID="79" DEPTH_LEVEL="1"/>
		<Primitive ID="Ar0660005" BOX="24 366 829 438" ELEMENT_TYPE="Content" SEQ_NO="5" TOC_ENTRY_ID="79" DEPTH_LEVEL="1"/>
		<Primitive ID="Ar0660006" BOX="24 426 829 510" ELEMENT_TYPE="Content" SEQ_NO="6" TOC_ENTRY_ID="79" DEPTH_LEVEL="1"/>
		<Primitive ID="Ar0660007" BOX="24 498 829 563" ELEMENT_TYPE="Content" SEQ_NO="7" TOC_ENTRY_ID="79" DEPTH_LEVEL="1"/>
		<Primitive ID="Ar0660008" BOX="24 552 829 608" ELEMENT_TYPE="Content" SEQ_NO="8" TOC_ENTRY_ID="79" DEPTH_LEVEL="1"/>
		<Primitive ID="Ar0660009" BOX="24 598 829 655" ELEMENT_TYPE="Content" SEQ_NO="9" TOC_ENTRY_ID="79" DEPTH_LEVEL="1"/>
		<Primitive ID="Ar0660010" BOX="24 645 829 699" ELEMENT_TYPE="Content" SEQ_NO="10" TOC_ENTRY_ID="79" DEPTH_LEVEL="1"/>
		<Primitive ID="Ar0660011" BOX="24 690 829 745" ELEMENT_TYPE="Content" SEQ_NO="11" TOC_ENTRY_ID="79" DEPTH_LEVEL="1"/>
		<Primitive ID="Ar0660012" BOX="24 735 829 806" ELEMENT_TYPE="Content" SEQ_NO="12" TOC_ENTRY_ID="79" DEPTH_LEVEL="1"/>
		<Primitive ID="Ar0660013" BOX="24 794 829 859" ELEMENT_TYPE="Content" SEQ_NO="13" TOC_ENTRY_ID="79" DEPTH_LEVEL="1"/>
		<Primitive ID="Ar0660014" BOX="24 857 829 901" ELEMENT_TYPE="Content" SEQ_NO="14" TOC_ENTRY_ID="79" DEPTH_LEVEL="1"/>
		<Primitive ID="Ar0660015" BOX="24 889 829 969" ELEMENT_TYPE="Content" SEQ_NO="15" TOC_ENTRY_ID="79" DEPTH_LEVEL="1"/>
		<Primitive ID="Ar0660016" BOX="24 957 829 1026" ELEMENT_TYPE="Content" SEQ_NO="16" TOC_ENTRY_ID="79" DEPTH_LEVEL="1"/>
		<Primitive ID="Ar0660017" BOX="24 1014 829 1095" ELEMENT_TYPE="Content" SEQ_NO="17" TOC_ENTRY_ID="79" DEPTH_LEVEL="1"/>
		<Primitive ID="Ar0660018" BOX="24 1083 829 1152" ELEMENT_TYPE="Content" SEQ_NO="18" TOC_ENTRY_ID="79" DEPTH_LEVEL="1"/>
		<Primitive ID="Ar0660019" BOX="24 1152 829 1219" ELEMENT_TYPE="Content" SEQ_NO="19" TOC_ENTRY_ID="79" DEPTH_LEVEL="1"/>
	</Entity>
	<Entity ENTITY_TYPE="Article" FIRST_TOC_ENTRY_ID="82" INDEX_IN_DOC="146" DEPTH_LEVEL="1" ID="Ar06601" SIZE="Small" BOX="24 12 829 100" NEXT_SECTION="" PREV_SECTION="1" IMAGES_RESOLUTION="86" LOGICAL_NAME="true">
		<Name>66 NOTICES OF BOOKS.</Name>
		<Primitive ID="Ar0660100" BOX="24 12 829 100" ELEMENT_TYPE="Content" SEQ_NO="0" TOC_ENTRY_ID="82" DEPTH_LEVEL="1"/>
	</Entity>
</XMD-PAGE>