<?xml version="1.0" encoding="windows-1252" standalone="no"?>
<XMD-entity REPOSITORY_FORMAT="1.0" PRXML_VER="2.0" ENTITY_TYPE="Article" DOC_UID="EWJ_01/04/1858" DOC_VER="1" FIRST_TOC_ENTRY_ID="50" DEPTH_LEVEL="1" INDEX_IN_DOC="92" PAGE_NO="41" ID="Ar04101" BOX="24 12 811 91" LANGUAGE="English" SNP="Ar04101S.png" SNP_WIDTH="788" SNP_HEIGHT="79" LOGICAL_NAME="true">
	<Meta NAME="MY GREAT AUNT POLLY' S ELOPEMENT. 113" DESCRIPTION="" SUBTYPE="" BASE_HREF="EWJ/1858/04/01" SOURCE_TYPE="TIFF" PUBLICATION="EWJ" SECTION="None" ISSUE_DATE="01/04/1858" WORDCNT="9" RELEASE_NO="041-EWJ-1858-04-01-001-SINGLE" PAGE_ID="" PAGE_TYPE="Single" PAGE_WIDTH="823" PAGE_HEIGHT="1239" DEFAULT_IMG_EXT="png" PDF_DESTINATION_MAPPED="OLV0_Entity_0041_0002" IMAGES_RESOLUTION="86" XMD_VER="2.6.238.8" PAGE_LABEL="113"/>
	<Link SOURCE="041-EWJ-1858-04-01-001-SINGLE.PDF" FIRST_ID="Ar00200" LAST_ID="Ar07201" NEXT_ID="" PREV_ID="Ar04100" TOC_ID="d:/Olive/Repository/EWJ/1858/04/01/TOC.xml"/>
	<DataFiles>
		<Files TYPE="DOC_PDF" PRESENT="1"/>
		<Files TYPE="PAGE_PDF" PRESENT="0"/>
		<Files TYPE="DOC_IMG" PRESENT="0"/>
		<Files TYPE="PAGE_IMG" PRESENT="0"/>
		<Files TYPE="PAGE_VIEW_IMG" PRESENT="1"/>
		<Files TYPE="PAGE_PREVIEW_IMG" PRESENT="1"/>
		<Files TYPE="PRIMITIVE_IMG" PRESENT="1"/>
		<Files TYPE="SNIPPET_IMG" PRESENT="1"/>
	</DataFiles>
	<Content>
		<Primitive BOX="24 12 811 91" ID="Ar0410100" SEQ_NO="0" TOC_ENTRY_ID="50" DEPTH_LEVEL="1">
			<L BOX="205 48 762 87"/>
			<W BOX="205 52 236 85" STYLE_REF="29">MY</W>
			<W BOX="249 52 315 85" STYLE_REF="29">GREAT</W>
			<W BOX="329 53 385 86" STYLE_REF="29">AUNT</W>
			<W BOX="399 53 463 86" STYLE_REF="29" NS="y">POLLY</W>
			<W BOX="464 48 480 84" STYLE_REF="26">'</W>
			<W BOX="469 51 481 87" STYLE_REF="26">S</W>
			<W BOX="493 51 614 87" STYLE_REF="26" NS="y" M="8 * ">_ELOPEMENT</W>
			<W BOX="614 51 627 87" STYLE_REF="26">.</W>
			<W BOX="721 51 762 87" STYLE_REF="26">113</W>
		</Primitive>
	</Content>
	<TOC_Entries><TOC_Entry TOC_ENTRY_ID="88" TITLE="MY GREAT AUNT POLLY' S ELOPEMENT. 113" ENTITY_ID_REF="Ar04101" PAGE_NO="41" PAGE_LABEL="113" PRIM_ID_REF="Ar0410100" IS_IC="true"/></TOC_Entries></XMD-entity>
