<?xml version="1.0" encoding="windows-1252" standalone="no"?>
<XMD-entity REPOSITORY_FORMAT="1.0" PRXML_VER="2.0" ENTITY_TYPE="Article" DOC_UID="EWJ_01/04/1858" DOC_VER="1" FIRST_TOC_ENTRY_ID="81" DEPTH_LEVEL="1" INDEX_IN_DOC="136" PAGE_NO="62" ID="Ar06201" BOX="24 12 811 76" LANGUAGE="English" SNP="Ar06201S.png" SNP_WIDTH="788" SNP_HEIGHT="64" LOGICAL_NAME="true">
	<Meta NAME="134 NOTICES OF BOOKS:" DESCRIPTION="" SUBTYPE="" BASE_HREF="EWJ/1858/04/01" SOURCE_TYPE="TIFF" PUBLICATION="EWJ" SECTION="None" ISSUE_DATE="01/04/1858" WORDCNT="5" RELEASE_NO="041-EWJ-1858-04-01-001-SINGLE" PAGE_ID="" PAGE_TYPE="Single" PAGE_WIDTH="823" PAGE_HEIGHT="1239" DEFAULT_IMG_EXT="png" PDF_DESTINATION_MAPPED="OLV0_Entity_0062_0002" IMAGES_RESOLUTION="86" XMD_VER="2.6.238.8" PAGE_LABEL="134"/>
	<Link SOURCE="041-EWJ-1858-04-01-001-SINGLE.PDF" FIRST_ID="Ar00200" LAST_ID="Ar07201" NEXT_ID="Ar06202" PREV_ID="Ar06200" TOC_ID="d:/Olive/Repository/EWJ/1858/04/01/TOC.xml"/>
	<DataFiles>
		<Files TYPE="DOC_PDF" PRESENT="1"/>
		<Files TYPE="PAGE_PDF" PRESENT="0"/>
		<Files TYPE="DOC_IMG" PRESENT="0"/>
		<Files TYPE="PAGE_IMG" PRESENT="0"/>
		<Files TYPE="PAGE_VIEW_IMG" PRESENT="1"/>
		<Files TYPE="PAGE_PREVIEW_IMG" PRESENT="1"/>
		<Files TYPE="PRIMITIVE_IMG" PRESENT="1"/>
		<Files TYPE="SNIPPET_IMG" PRESENT="1"/>
	</DataFiles>
	<Content>
		<Primitive BOX="24 12 811 76" ID="Ar0620100" SEQ_NO="0" TOC_ENTRY_ID="81" DEPTH_LEVEL="1">
			<L BOX="58 40 526 72"/>
			<W BOX="58 46 91 72" STYLE_REF="1">134</W>
			<W BOX="306 43 398 69" STYLE_REF="1">NOTICES</W>
			<W BOX="410 41 437 68" STYLE_REF="1">OF</W>
			<W BOX="450 40 519 66" STYLE_REF="1" NS="y">BOOKS</W>
			<W BOX="519 40 526 66" STYLE_REF="1">:</W>
		</Primitive>
	</Content>
	<TOC_Entries><TOC_Entry TOC_ENTRY_ID="136" TITLE="134 NOTICES OF BOOKS:" ENTITY_ID_REF="Ar06201" PAGE_NO="62" PAGE_LABEL="134" PRIM_ID_REF="Ar0620100" IS_IC="true"/></TOC_Entries></XMD-entity>
