<?xml version="1.0" encoding="windows-1252" standalone="no"?>
<XMD-entity REPOSITORY_FORMAT="1.0" PRXML_VER="2.0" ENTITY_TYPE="Article" FIRST_TOC_ENTRY_ID="78" DEPTH_LEVEL="1" INDEX_IN_DOC="133" PAGE_NO="62" ID="Ar06200" BOX="23 76 811 540" LANGUAGE="English" CONTINUATION_FROM="Ar06100" LOGICAL_NAME="true">
	<Meta NAME="FOREIGN MTERATURE." DESCRIPTION="" SUBTYPE="" BASE_HREF="EWJ/1858/04/01" SOURCE_TYPE="TIFF" PUBLICATION="EWJ" SECTION="None" ISSUE_DATE="01/04/1858" WORDCNT="344" RELEASE_NO="041-EWJ-1858-04-01-001-SINGLE" PAGE_ID="" PAGE_TYPE="Single" PAGE_WIDTH="823" PAGE_HEIGHT="1239" DEFAULT_IMG_EXT="png" PDF_DESTINATION_MAPPED="OLV0_Entity_0062_0001" IMAGES_RESOLUTION="86" XMD_VER="2.6.238.8" PAGE_LABEL="134"/>
	<Link SOURCE="041-EWJ-1858-04-01-001-SINGLE.PDF" FIRST_ID="Ar00200" LAST_ID="Ar07201" NEXT_ID="Ar06201" PREV_ID="" TOC_ID="d:/Olive/Repository/EWJ/1858/04/01/TOC.xml"/>
	<DataFiles>
		<Files TYPE="DOC_PDF" PRESENT="1"/>
		<Files TYPE="PAGE_PDF" PRESENT="0"/>
		<Files TYPE="DOC_IMG" PRESENT="0"/>
		<Files TYPE="PAGE_IMG" PRESENT="0"/>
		<Files TYPE="PAGE_VIEW_IMG" PRESENT="1"/>
		<Files TYPE="PAGE_PREVIEW_IMG" PRESENT="1"/>
		<Files TYPE="PRIMITIVE_IMG" PRESENT="1"/>
		<Files TYPE="SNIPPET_IMG" PRESENT="1"/>
	</DataFiles>
	<Content>
		<Primitive BOX="23 76 811 126" ID="Ar0620000" SEQ_NO="0" TOC_ENTRY_ID="78" DEPTH_LEVEL="1">
			<L BOX="53 81 772 130"/>
			<W BOX="53 89 104 116" STYLE_REF="1">hours</W>
			<W BOX="112 89 128 116" STYLE_REF="1">of</W>
			<W BOX="135 89 177 115" STYLE_REF="1">your</W>
			<W BOX="183 88 230 114" STYLE_REF="1">work</W>
			<W BOX="237 87 254 114" STYLE_REF="1">at</W>
			<W BOX="262 87 326 113" STYLE_REF="1">present</W>
			<W BOX="338 85 381 112" STYLE_REF="1">woul</W>
			<W BOX="354 104 388 130" STYLE_REF="1">said</W>
			<W BOX="381 85 392 112" STYLE_REF="1">d</W>
			<W BOX="399 85 421 111" STYLE_REF="1">be</W>
			<W BOX="430 84 452 111" STYLE_REF="1">no</W>
			<W BOX="462 83 507 110" STYLE_REF="1">more</W>
			<W BOX="483 102 524 128" STYLE_REF="1">time</W>
			<W BOX="518 83 559 110" STYLE_REF="1">than</W>
			<W BOX="530 101 548 128" STYLE_REF="1">to</W>
			<W BOX="556 101 598 128" STYLE_REF="1">time</W>
			<W BOX="569 82 619 108" STYLE_REF="1">equal</W>
			<W BOX="612 100 622 126" STYLE_REF="1">I</W>
			<W BOX="625 82 643 108" STYLE_REF="1">to</W>
			<W BOX="627 100 679 126" STYLE_REF="1">added</W>
			<W BOX="649 81 696 108" STYLE_REF="1">three</W>
			<W BOX="702 81 718 108" STYLE_REF="1">of</W>
			<W BOX="726 81 764 108" STYLE_REF="1">ours</W>
			<W BOX="735 101 772 125" STYLE_REF="7">will</W>
			<W BOX="764 81 770 108" STYLE_REF="1">.</W>
		</Primitive>
		<Primitive BOX="23 114 811 162" ID="Ar0620001" SEQ_NO="1" TOC_ENTRY_ID="78" DEPTH_LEVEL="1">
			<L BOX="53 100 771 171"/>
			<W BOX="53 108 97 135" STYLE_REF="1">Does</W>
			<W BOX="53 126 96 153" STYLE_REF="1">alter</W>
			<W BOX="54 145 77 171" STYLE_REF="1">no</W>
			<W BOX="84 145 132 171" STYLE_REF="1">claim</W>
			<W BOX="98 108 102 135" STYLE_REF="1">,</W>
			<W BOX="101 126 133 153" STYLE_REF="1">the</W>
			<W BOX="103 107 140 134" STYLE_REF="1">that</W>
			<W BOX="136 125 232 152" STYLE_REF="1">proportion</W>
			<W BOX="140 145 157 171" STYLE_REF="1">to</W>
			<W BOX="145 107 191 133" STYLE_REF="2" NS="y">seem</W>
			<W BOX="189 107 194 133" STYLE_REF="2">,</W>
			<W BOX="198 107 229 133" STYLE_REF="1">fair</W>
			<W BOX="212 143 257 170" STYLE_REF="1">work</W>
			<W BOX="232 125 255 152" STYLE_REF="1" LH="y">�</W>
			<W BOX="233 107 241 133" STYLE_REF="1">?</W>
			<W BOX="252 107 257 133" STYLE_REF="1">'</W>
			<W BOX="256 125 290 152" STYLE_REF="1">that</W>
			<W BOX="264 143 281 169" STYLE_REF="1">or</W>
			<W BOX="265 105 297 132" STYLE_REF="1">Yes</W>
			<W BOX="292 124 328 150" STYLE_REF="1">you</W>
			<W BOX="297 106 304 132" STYLE_REF="1" NS="y">,</W>
			<W BOX="302 106 307 132" STYLE_REF="1">'</W>
			<W BOX="314 105 343 131" STYLE_REF="1">she</W>
			<W BOX="324 141 330 168" STYLE_REF="1">r</W>
			<W BOX="334 123 376 149" STYLE_REF="1">have</W>
			<W BOX="338 141 378 168" STYLE_REF="1">time</W>
			<W BOX="382 122 392 148" STYLE_REF="1">a</W>
			<W BOX="388 104 393 130" STYLE_REF="1" NS="y">.</W>
			<S S_TYPE="SUB">
				<W BOX="390 143 401 166" STYLE_REF="7">e</W>
			</S>
			<W BOX="399 122 413 148" STYLE_REF="1">ri</W>
			<Q BOX="399 140 411 167" STYLE_REF="1" QID="1">x</Q>
			<q BOX="411 143 440 166" STYLE_REF="7" QID="1">cep</q>
			<QW QID="1">xcep</QW>
			<W BOX="413 122 425 149" STYLE_REF="1">g</W>
			<W BOX="416 104 425 131" STYLE_REF="1">'</W>
			<W BOX="423 121 435 147" STYLE_REF="1">h</W>
			<W BOX="426 102 475 129" STYLE_REF="1">From</W>
			<W BOX="434 121 443 147" STYLE_REF="1">t</W>
			<W BOX="440 140 447 167" STYLE_REF="1">t</W>
			<W BOX="448 121 466 147" STYLE_REF="1">to</W>
			<W BOX="454 141 521 165" STYLE_REF="7">because</W>
			<W BOX="471 121 503 147" STYLE_REF="1" NS="y">ask</W>
			<W BOX="503 121 508 147" STYLE_REF="1">.</W>
			<W BOX="527 120 562 146" STYLE_REF="1">But</W>
			<W BOX="529 139 538 166" STYLE_REF="1">I</W>
			<W BOX="546 140 609 164" STYLE_REF="7">require</W>
			<W BOX="567 119 667 145" STYLE_REF="1">understand</W>
			<W BOX="597 101 603 128" STYLE_REF="1" NS="y">,</W>
			<W BOX="602 102 611 128" STYLE_REF="1">'</W>
			<W BOX="617 139 737 162" STYLE_REF="7">compensation</W>
			<W BOX="669 118 698 145" STYLE_REF="1">me</W>
			<W BOX="680 100 685 127" STYLE_REF="1">,</W>
			<W BOX="693 101 702 128" STYLE_REF="1">'</W>
			<W BOX="697 119 702 145" STYLE_REF="1" NS="y">,</W>
			<S S_TYPE="SUP">
				<W BOX="703 101 728 125" STYLE_REF="7">we</W>
			</S>
			<W BOX="707 118 716 144" STYLE_REF="1">I</W>
			<W BOX="721 120 771 144" STYLE_REF="7">make</W>
			<Q BOX="746 139 762 162" STYLE_REF="7" QID="2">fo</Q>
			<q BOX="762 136 770 163" STYLE_REF="1" QID="2">r</q>
			<QW QID="2">for</QW>
			<L BOX="288 142 323 169"/>
			<W BOX="288 142 323 169" STYLE_REF="1">you</W>
		</Primitive>
		<Primitive BOX="23 150 811 220" ID="Ar0620002" SEQ_NO="2" TOC_ENTRY_ID="78" DEPTH_LEVEL="1">
			<L BOX="91 141 770 189"/>
			<Q BOX="91 166 136 189" STYLE_REF="7" QID="3">work</Q>
			<q BOX="150 165 166 189" STYLE_REF="7" QID="3">fo</q>
			<QW QID="3">workfo</QW>
			<W BOX="164 144 205 171" STYLE_REF="1">your</W>
			<W BOX="166 163 174 189" STYLE_REF="1">r</W>
			<W BOX="181 165 206 189" STYLE_REF="7">we</W>
			<Q BOX="212 164 250 187" STYLE_REF="7" QID="4">mus</Q>
			<q BOX="250 161 257 188" STYLE_REF="1" QID="4">t</q>
			<QW QID="4">must</QW>
			<W BOX="264 163 286 187" STYLE_REF="7">all</W>
			<W BOX="295 163 339 186" STYLE_REF="7">work</W>
			<W BOX="347 162 359 186" STYLE_REF="7">if</W>
			<W BOX="367 162 392 186" STYLE_REF="7">we</W>
			<W BOX="378 141 383 168" STYLE_REF="1">,</W>
			<W BOX="398 161 440 185" STYLE_REF="7">wish</W>
			<Q BOX="445 159 452 185" STYLE_REF="1" QID="5">t</Q>
			<q BOX="453 160 462 183" STYLE_REF="7" QID="5">o</q>
			<QW QID="5">to</QW>
			<W BOX="467 160 502 183" STYLE_REF="7">live</W>
			<W BOX="507 160 511 183" STYLE_REF="7">:</W>
			<W BOX="524 160 556 183" STYLE_REF="7">and</W>
			<Q BOX="564 159 582 183" STYLE_REF="7" QID="6">co</Q>
			<Q BOX="582 157 593 183" STYLE_REF="1" QID="6">n</Q>
			<Q BOX="594 159 608 183" STYLE_REF="7" QID="6">si</Q>
			<Q BOX="608 157 620 183" STYLE_REF="1" QID="6">d</Q>
			<q BOX="620 159 636 183" STYLE_REF="7" QID="6">er</q>
			<QW QID="6">consider</QW>
			<Q BOX="643 155 650 182" STYLE_REF="1" QID="7">t</Q>
			<q BOX="650 158 680 181" STYLE_REF="7" QID="7">hat</q>
			<QW QID="7">that</QW>
			<W BOX="688 158 700 181" STYLE_REF="7">if</W>
			<W BOX="708 158 743 181" STYLE_REF="7">you</W>
			<W BOX="748 158 770 181" STYLE_REF="7">do</W>
			<L BOX="54 164 773 222"/>
			<W BOX="54 182 67 209" STYLE_REF="1">n</W>
			<W BOX="54 164 72 191" STYLE_REF="1" NS="y">m</W>
			<S S_TYPE="SUB">
				<W BOX="66 185 77 208" STYLE_REF="7">o</W>
			</S>
			<W BOX="72 167 84 190" STYLE_REF="7">y</W>
			<W BOX="77 182 84 209" STYLE_REF="1">t</W>
			<Q BOX="90 182 103 209" STYLE_REF="1" QID="8">p</Q>
			<Q BOX="102 184 119 208" STYLE_REF="7" QID="8">er</Q>
			<Q BOX="119 182 126 208" STYLE_REF="1" QID="8">f</Q>
			<q BOX="126 184 160 208" STYLE_REF="7" QID="8">orm</q>
			<QW QID="8">perform</QW>
			<W BOX="137 164 142 191" STYLE_REF="1">,</W>
			<Q BOX="167 182 179 208" STYLE_REF="1" QID="9">y</Q>
			<q BOX="179 182 209 206" STYLE_REF="7" QID="9">our</q>
			<QW QID="9">your</QW>
			<W BOX="215 182 261 206" STYLE_REF="7">share</W>
			<W BOX="270 182 285 206" STYLE_REF="7">of</W>
			<W BOX="293 181 339 205" STYLE_REF="7">work</W>
			<W BOX="345 181 371 205" STYLE_REF="7">we</W>
			<W BOX="377 180 424 203" STYLE_REF="7">could</W>
			<Q BOX="432 177 444 204" STYLE_REF="1" QID="10">n</Q>
			<Q BOX="444 180 455 203" STYLE_REF="7" QID="10">o</Q>
			<q BOX="453 177 461 204" STYLE_REF="1" QID="10">t</q>
			<QW QID="10">not</QW>
			<W BOX="468 179 480 203" STYLE_REF="7">g</W>
			<W BOX="477 196 485 222" STYLE_REF="1" NS="y">t</W>
			<S S_TYPE="SUP">
				<W BOX="479 179 505 202" STYLE_REF="7">ive</W>
			</S>
			<W BOX="502 197 524 220" STYLE_REF="7">bu</W>
			<Q BOX="512 179 524 202" STYLE_REF="7" QID="11">y</Q>
			<q BOX="524 176 535 203" STYLE_REF="1" QID="11">o</q>
			<QW QID="11">yo</QW>
			<W BOX="525 194 533 221" STYLE_REF="1" NS="y">t</W>
			<S S_TYPE="SUP">
				<W BOX="533 179 546 202" STYLE_REF="7">u</W>
			</S>
			<W BOX="544 194 555 221" STYLE_REF="1">b</W>
			<Q BOX="552 176 561 203" STYLE_REF="1" QID="12">t</Q>
			<q BOX="560 177 582 201" STYLE_REF="7" QID="12">he</q>
			<QW QID="12">the</QW>
			<W BOX="588 177 637 201" STYLE_REF="7">thing</W>
			<W BOX="621 196 662 219" STYLE_REF="7">nobo</W>
			<W BOX="636 175 644 202" STYLE_REF="1">s</W>
			<W BOX="653 175 666 202" STYLE_REF="1">y</W>
			<W BOX="663 193 674 220" STYLE_REF="1" NS="y">d</W>
			<S S_TYPE="SUP">
				<W BOX="666 177 688 201" STYLE_REF="7">ou</W>
			</S>
			<W BOX="695 176 759 199" STYLE_REF="7">require</W>
			<W BOX="725 194 745 218" STYLE_REF="7">ht</W>
			<W BOX="752 192 759 219" STYLE_REF="1" NS="y">t</W>
			<S S_TYPE="SUP">
				<W BOX="764 176 773 199" STYLE_REF="7">;</W>
			</S>
		</Primitive>
		<Primitive BOX="23 208 811 264" ID="Ar0620003" SEQ_NO="3" TOC_ENTRY_ID="78" DEPTH_LEVEL="1">
			<L BOX="54 194 770 234"/>
			<W BOX="54 201 84 228" STYLE_REF="1">not</W>
			<W BOX="91 200 120 227" STYLE_REF="1">out</W>
			<W BOX="127 200 143 227" STYLE_REF="1">of</W>
			<W BOX="150 200 197 227" STYLE_REF="1" NS="y">anger</W>
			<W BOX="198 200 204 227" STYLE_REF="1">,</W>
			<W BOX="211 201 228 225" STYLE_REF="7">or</W>
			<W BOX="236 200 259 224" STYLE_REF="7">for</W>
			<Q BOX="268 198 276 225" STYLE_REF="1" QID="13">t</Q>
			<q BOX="276 200 297 224" STYLE_REF="7" QID="13">he</q>
			<QW QID="13">the</QW>
			<W BOX="304 200 342 224" STYLE_REF="7">sake</W>
			<W BOX="349 200 365 223" STYLE_REF="7">of</W>
			<Q BOX="377 198 439 222" STYLE_REF="7" QID="14">punish</Q>
			<Q BOX="439 196 456 222" STYLE_REF="1" QID="14">m</Q>
			<q BOX="457 198 477 221" STYLE_REF="7" NS="y" QID="14">en</q>
			<QW QID="14">punishmen</QW>
			<W BOX="485 195 491 222" STYLE_REF="1">,</W>
			<W BOX="555 197 612 220" STYLE_REF="7">ecause</W>
			<W BOX="674 195 686 219" STYLE_REF="7">y</W>
			<W BOX="693 195 726 219" STYLE_REF="7">oug</W>
			<W BOX="695 207 698 234" STYLE_REF="1">"</W>
			<W BOX="760 194 770 218" STYLE_REF="7">o</W>
			<L BOX="53 211 772 264"/>
			<W BOX="53 222 88 245" STYLE_REF="7">live</W>
			<W BOX="71 237 102 264" STYLE_REF="1" NS="y">the</W>
			<S S_TYPE="SUP">
				<W BOX="92 222 115 245" STYLE_REF="7">up</W>
			</S>
			<W BOX="103 237 147 264" STYLE_REF="1">child</W>
			<Q BOX="116 219 126 246" STYLE_REF="1" QID="15">o</Q>
			<q BOX="125 222 136 245" STYLE_REF="7" QID="15">n</q>
			<QW QID="15">on</QW>
			<Q BOX="141 222 151 245" STYLE_REF="7" QID="16">o</Q>
			<q BOX="151 218 158 245" STYLE_REF="1" QID="16">t</q>
			<QW QID="16">ot</QW>
			<W BOX="152 236 180 263" STYLE_REF="1">felt</W>
			<W BOX="157 220 185 244" STYLE_REF="7">her</W>
			<W BOX="185 236 215 263" STYLE_REF="1">the</W>
			<Q BOX="189 218 201 245" STYLE_REF="1" QID="17">p</Q>
			<q BOX="201 220 231 244" STYLE_REF="7" QID="17">eop</q>
			<QW QID="17">peop</QW>
			<Q BOX="219 236 225 263" STYLE_REF="1" QID="18">j</Q>
			<q BOX="226 236 279 263" STYLE_REF="1" QID="18">ustice</q>
			<QW QID="18">justice</QW>
			<W BOX="230 219 246 243" STYLE_REF="7" NS="y">le</W>
			<W BOX="246 217 253 244" STYLE_REF="1" NS="y">'</W>
			<W BOX="250 216 259 243" STYLE_REF="1">s</W>
			<W BOX="262 216 307 243" STYLE_REF="1">work</W>
			<W BOX="285 235 301 262" STYLE_REF="1">of</W>
			<W BOX="309 216 317 243" STYLE_REF="1">.</W>
			<W BOX="309 235 346 262" STYLE_REF="1">this</W>
			<W BOX="314 217 319 244" STYLE_REF="1">'</W>
			<W BOX="341 215 388 242" STYLE_REF="1">Even</W>
			<W BOX="355 234 386 261" STYLE_REF="1">and</W>
			<W BOX="392 234 410 261" STYLE_REF="1">so</W>
			<W BOX="395 215 411 242" STYLE_REF="1">at</W>
			<W BOX="414 233 440 260" STYLE_REF="1">we</W>
			<W BOX="419 214 453 241" STYLE_REF="1">this</W>
			<W BOX="442 233 489 259" STYLE_REF="1">came</W>
			<Q BOX="458 214 491 241" STYLE_REF="1" QID="19">earl</Q>
			<q BOX="492 214 503 240" STYLE_REF="1" QID="19">y</q>
			<QW QID="19">early</QW>
			<W BOX="492 232 510 259" STYLE_REF="1" NS="y">to</W>
			<S S_TYPE="SUP">
				<W BOX="511 216 541 240" STYLE_REF="7">age</W>
			</S>
			<W BOX="514 232 534 259" STYLE_REF="1">an</W>
			<W BOX="540 231 632 257" STYLE_REF="1">agreement</W>
			<W BOX="541 214 548 241" STYLE_REF="1" NS="y">,</W>
			<W BOX="546 213 556 240" STYLE_REF="1">"</W>
			<W BOX="562 212 648 239" STYLE_REF="1">continued</W>
			<W BOX="637 231 674 257" STYLE_REF="1">that</W>
			<W BOX="654 212 682 238" STYLE_REF="1">Mr</W>
			<W BOX="679 230 707 257" STYLE_REF="1">she</W>
			<W BOX="682 212 688 238" STYLE_REF="1">.</W>
			<W BOX="697 211 763 237" STYLE_REF="1">Warren</W>
			<W BOX="712 230 771 256" STYLE_REF="1">should</W>
			<W BOX="764 211 772 237" STYLE_REF="1">,</W>
		</Primitive>
		<Primitive BOX="23 252 811 302" ID="Ar0620004" SEQ_NO="4" TOC_ENTRY_ID="78" DEPTH_LEVEL="1">
			<L BOX="53 235 770 302"/>
			<W BOX="53 275 61 302" STYLE_REF="1">r</W>
			<W BOX="53 256 70 283" STYLE_REF="1">w</W>
			<W BOX="55 240 66 267" STYLE_REF="1" NS="y">"</W>
			<S S_TYPE="SUB">
				<W BOX="61 278 79 301" STYLE_REF="7">es</W>
			</S>
			<W BOX="69 259 97 282" STYLE_REF="7">ork</W>
			<W BOX="78 275 86 302" STYLE_REF="1">t</W>
			<W BOX="94 277 109 301" STYLE_REF="7">of</W>
			<Q BOX="105 256 112 283" STYLE_REF="1" QID="20">f</Q>
			<q BOX="112 258 128 282" STYLE_REF="7" QID="20">or</q>
			<QW QID="20">for</QW>
			<Q BOX="117 274 128 301" STYLE_REF="1" QID="21">h</Q>
			<q BOX="129 276 145 300" STYLE_REF="7" QID="21">er</q>
			<QW QID="21">her</QW>
			<W BOX="136 258 156 281" STYLE_REF="7">us</W>
			<W BOX="153 276 166 300" STYLE_REF="7">ti</W>
			<W BOX="163 258 199 281" STYLE_REF="7">ever</W>
			<Q BOX="166 274 183 301" STYLE_REF="1" QID="22">m</Q>
			<q BOX="184 276 193 300" STYLE_REF="7" QID="22">e</q>
			<QW QID="22">me</QW>
			<W BOX="199 255 212 282" STYLE_REF="1" NS="y">y</W>
			<S S_TYPE="SUB">
				<W BOX="200 275 234 299" STYLE_REF="7">was</W>
			</S>
			<W BOX="219 257 251 281" STYLE_REF="7">day</W>
			<Q BOX="241 273 248 300" STYLE_REF="1" QID="23">t</Q>
			<q BOX="249 275 259 299" STYLE_REF="7" QID="23">o</q>
			<QW QID="23">to</QW>
			<W BOX="259 254 299 280" STYLE_REF="1">from</W>
			<W BOX="265 275 285 299" STYLE_REF="7">be</W>
			<W BOX="293 275 332 298" STYLE_REF="7">solel</W>
			<W BOX="309 254 319 280" STYLE_REF="1">7</W>
			<W BOX="326 254 343 280" STYLE_REF="1">to</W>
			<W BOX="332 272 344 298" STYLE_REF="1">y</W>
			<W BOX="344 235 349 262" STYLE_REF="1">,</W>
			<W BOX="351 254 362 280" STYLE_REF="1">9</W>
			<W BOX="352 272 368 298" STYLE_REF="1">at</W>
			<W BOX="362 254 367 281" STYLE_REF="1">,</W>
			<W BOX="371 254 411 278" STYLE_REF="7">from</W>
			<W BOX="376 271 404 298" STYLE_REF="1">her</W>
			<W BOX="412 271 449 298" STYLE_REF="1">own</W>
			<W BOX="421 254 441 278" STYLE_REF="7">12</W>
			<W BOX="449 254 466 278" STYLE_REF="7">to</W>
			<W BOX="455 270 526 296" STYLE_REF="1">disposal</W>
			<W BOX="475 251 486 278" STYLE_REF="1" NS="y">2</W>
			<W BOX="485 252 491 278" STYLE_REF="1">,</W>
			<W BOX="496 253 528 276" STYLE_REF="7">and</W>
			<W BOX="528 270 536 296" STYLE_REF="1" NS="y">.</W>
			<W BOX="532 269 545 296" STYLE_REF="1">"</W>
			<W BOX="535 252 574 276" STYLE_REF="7">from</W>
			<W BOX="584 250 595 276" STYLE_REF="1">5</W>
			<W BOX="602 252 620 276" STYLE_REF="7">to</W>
			<W BOX="628 250 638 276" STYLE_REF="1">7</W>
			<W BOX="645 252 655 276" STYLE_REF="7" NS="y">o</W>
			<W BOX="654 249 662 276" STYLE_REF="1" NS="y">'</W>
			<Q BOX="659 249 686 276" STYLE_REF="1" QID="24">clo</Q>
			<q BOX="685 249 705 275" STYLE_REF="1" NS="y" QID="24">ck</q>
			<QW QID="24">clock</QW>
			<W BOX="707 248 711 275" STYLE_REF="1">.</W>
			<W BOX="735 248 770 275" STYLE_REF="1">The</W>
		</Primitive>
		<Primitive BOX="23 298 811 349" ID="Ar0620005" SEQ_NO="5" TOC_ENTRY_ID="78" DEPTH_LEVEL="1">
			<L BOX="52 298 770 357"/>
			<W BOX="52 330 128 357" STYLE_REF="1">notable</W>
			<W BOX="77 306 108 333" STYLE_REF="1" NS="y">Mr</W>
			<W BOX="108 306 114 333" STYLE_REF="1">.</W>
			<W BOX="125 306 192 333" STYLE_REF="1">Frobel</W>
			<W BOX="140 330 213 356" STYLE_REF="1">scheme</W>
			<W BOX="208 305 301 332" STYLE_REF="1">cautiousl</W>
			<W BOX="240 329 275 356" STYLE_REF="1">nor</W>
			<W BOX="289 328 313 355" STYLE_REF="1">do</W>
			<W BOX="302 306 316 333" STYLE_REF="1">y</W>
			<W BOX="322 328 352 355" STYLE_REF="1">we</W>
			<W BOX="324 304 391 331" STYLE_REF="1">refrain</W>
			<W BOX="364 327 417 354" STYLE_REF="1">learn</W>
			<W BOX="394 304 403 331" STYLE_REF="1">s</W>
			<W BOX="416 303 462 329" STYLE_REF="1">from</W>
			<W BOX="424 326 511 352" STYLE_REF="1">whether</W>
			<W BOX="478 302 558 328" STYLE_REF="1">offering</W>
			<W BOX="521 325 552 351" STYLE_REF="1" NS="y">Mr</W>
			<W BOX="552 325 559 351" STYLE_REF="1">.</W>
			<W BOX="567 323 644 350" STYLE_REF="1">Warren</W>
			<W BOX="570 301 608 328" STYLE_REF="1">any</W>
			<Q BOX="617 301 641 328" STYLE_REF="1" QID="25">op</Q>
			<q BOX="641 299 694 326" STYLE_REF="1" QID="25">inion</q>
			<QW QID="25">opinion</QW>
			<W BOX="659 323 756 349" STYLE_REF="1">considere</W>
			<W BOX="703 299 720 326" STYLE_REF="1">of</W>
			<W BOX="731 298 770 325" STYLE_REF="1">this</W>
			<W BOX="757 322 770 349" STYLE_REF="1">d</W>
			<L BOX="221 329 227 356"/>
			<W BOX="221 329 227 356" STYLE_REF="1">;</W>
		</Primitive>
		<Primitive BOX="23 337 811 427" ID="Ar0620006" SEQ_NO="6" TOC_ENTRY_ID="78" DEPTH_LEVEL="1">
			<L BOX="51 346 769 381"/>
			<W BOX="51 354 129 381" STYLE_REF="1">himself</W>
			<W BOX="144 353 222 380" STYLE_REF="1">entitled</W>
			<W BOX="241 353 261 380" STYLE_REF="1">to</W>
			<W BOX="279 351 417 378" STYLE_REF="1">compensation</W>
			<W BOX="435 349 463 376" STYLE_REF="1">for</W>
			<W BOX="481 349 515 376" STYLE_REF="1">the</W>
			<W BOX="529 347 652 374" STYLE_REF="1">expenditure</W>
			<W BOX="668 346 686 373" STYLE_REF="1">of</W>
			<W BOX="703 346 769 372" STYLE_REF="1">labour</W>
			<L BOX="51 370 770 427"/>
			<W BOX="51 401 155 427" STYLE_REF="1">individual</W>
			<W BOX="51 378 125 404" STYLE_REF="1">during</W>
			<W BOX="132 378 166 404" STYLE_REF="1">the</W>
			<W BOX="168 399 174 426" STYLE_REF="2">"</W>
			<W BOX="176 376 265 403" STYLE_REF="1">previous</W>
			<W BOX="187 400 222 426" STYLE_REF="1">nor</W>
			<W BOX="230 399 317 426" STYLE_REF="1">whether</W>
			<W BOX="275 376 332 402" STYLE_REF="1">seven</W>
			<W BOX="328 398 408 425" STYLE_REF="1">mamma</W>
			<W BOX="343 375 400 402" STYLE_REF="1">years</W>
			<W BOX="410 374 427 401" STYLE_REF="1">of</W>
			<W BOX="417 397 455 424" STYLE_REF="1">had</W>
			<W BOX="438 373 470 400" STYLE_REF="1">life</W>
			<W BOX="463 396 499 423" STYLE_REF="1">any</W>
			<W BOX="485 373 503 399" STYLE_REF="1">of</W>
			<W BOX="509 396 578 422" STYLE_REF="1">special</W>
			<W BOX="515 372 548 399" STYLE_REF="1">the</W>
			<W BOX="556 371 644 398" STYLE_REF="1">juvenile</W>
			<W BOX="588 394 644 421" STYLE_REF="1">claim</W>
			<W BOX="651 372 662 399" STYLE_REF="1" M="1 * ">_"</W>
			<W BOX="656 394 686 421" STYLE_REF="1">for</W>
			<W BOX="669 370 742 397" STYLE_REF="1">soverei</W>
			<W BOX="698 394 735 421" STYLE_REF="1">loss</W>
			<W BOX="743 370 769 397" STYLE_REF="1">gn</W>
			<W BOX="751 393 770 420" STYLE_REF="1">of</W>
		</Primitive>
		<Primitive BOX="23 417 811 476" ID="Ar0620007" SEQ_NO="7" TOC_ENTRY_ID="78" DEPTH_LEVEL="1">
			<L BOX="51 401 771 451"/>
			<W BOX="51 425 101 451" STYLE_REF="1">time</W>
			<W BOX="107 424 174 451" STYLE_REF="1">during</W>
			<W BOX="164 401 169 427" STYLE_REF="2">;</W>
			<W BOX="182 423 218 450" STYLE_REF="1">her</W>
			<W BOX="225 423 370 450" STYLE_REF="1" NS="y">accouchement</W>
			<W BOX="371 424 376 450" STYLE_REF="1">,</W>
			<W BOX="383 421 404 448" STYLE_REF="1">to</W>
			<W BOX="412 421 444 448" STYLE_REF="1">say</W>
			<W BOX="453 420 535 446" STYLE_REF="1">nothing</W>
			<W BOX="543 419 562 446" STYLE_REF="1">of</W>
			<W BOX="567 419 645 445" STYLE_REF="1" NS="y">trouble</W>
			<W BOX="647 417 652 444" STYLE_REF="1">;</W>
			<W BOX="661 417 699 444" STYLE_REF="1" NS="y">but</W>
			<W BOX="698 417 703 444" STYLE_REF="1">,</W>
			<W BOX="711 417 732 444" STYLE_REF="1">as</W>
			<W BOX="740 417 771 444" STYLE_REF="1">we</W>
			<L BOX="96 440 769 474"/>
			<W BOX="96 448 188 474" STYLE_REF="1">promised</W>
			<W BOX="199 448 221 474" STYLE_REF="1">in</W>
			<Q BOX="228 447 260 473" STYLE_REF="1" QID="26">Mr</Q>
			<q BOX="273 446 344 473" STYLE_REF="1" NS="y" QID="26">Frobel</q>
			<QW QID="26">MrFrobel</QW>
			<W BOX="346 446 351 473" STYLE_REF="1" NS="y">'</W>
			<W BOX="349 446 359 472" STYLE_REF="1">s</W>
			<W BOX="370 445 439 472" STYLE_REF="1">second</W>
			<W BOX="448 444 525 470" STYLE_REF="1">volume</W>
			<W BOX="536 444 546 470" STYLE_REF="1">a</W>
			<W BOX="555 442 601 469" STYLE_REF="1">visit</W>
			<W BOX="611 442 631 469" STYLE_REF="1">to</W>
			<W BOX="642 441 675 468" STYLE_REF="1">the</W>
			<W BOX="685 443 696 470" STYLE_REF="1">"</W>
			<Q BOX="704 440 761 467" STYLE_REF="1" QID="27">Settle</Q>
			<Q BOX="761 440 769 467" STYLE_REF="1" QID="27">-</Q>
		</Primitive>
		<Primitive BOX="23 464 811 497" ID="Ar0620008" SEQ_NO="8" TOC_ENTRY_ID="78" DEPTH_LEVEL="1">
			<L BOX="53 447 266 476"/>
			<q BOX="53 449 85 476" STYLE_REF="1" QID="27">are</q>
			<QW QID="27">Settleare</QW>
			<W BOX="260 447 266 473" STYLE_REF="1">.</W>
			<L BOX="52 464 770 498"/>
			<W BOX="52 472 105 498" STYLE_REF="1">ment</W>
			<W BOX="120 471 137 498" STYLE_REF="1">of</W>
			<W BOX="152 470 229 497" STYLE_REF="1">Modern</W>
			<Q BOX="247 470 311 497" STYLE_REF="1" QID="28">Times</Q>
			<q BOX="317 469 328 496" STYLE_REF="1" QID="28">"</q>
			<QW QID="28">Times"</QW>
			<W BOX="340 469 370 495" STYLE_REF="1">we</W>
			<W BOX="382 469 426 495" STYLE_REF="1">may</W>
			<W BOX="439 467 520 494" STYLE_REF="1">perhaps</W>
			<W BOX="534 466 597 493" STYLE_REF="1">obtain</W>
			<W BOX="611 464 731 491" STYLE_REF="1">information</W>
			<W BOX="745 464 770 491" STYLE_REF="1">on</W>
			<L BOX="312 470 319 497"/>
			<W BOX="312 470 319 497" STYLE_REF="1">,</W>
		</Primitive>
		<Primitive BOX="23 497 811 540" ID="Ar0620009" SEQ_NO="9" TOC_ENTRY_ID="78" DEPTH_LEVEL="1">
			<L BOX="52 495 184 522"/>
			<W BOX="52 495 105 522" STYLE_REF="1">these</W>
			<W BOX="114 495 178 522" STYLE_REF="1" NS="y">points</W>
			<W BOX="178 495 184 522" STYLE_REF="1">.</W>
		</Primitive>
	</Content>
	<TOC_Entries><TOC_Entry TOC_ENTRY_ID="135" TITLE="FOREIGN MTERATURE." ENTITY_ID_REF="Ar06200" PAGE_NO="62" PAGE_LABEL="134" PRIM_ID_REF="Ar0620000" IS_IC="true"/></TOC_Entries></XMD-entity>
