<?xml version="1.0" encoding="windows-1252" standalone="no"?>
<XMD-PAGE REPOSITORY_FORMAT="1.0" PRXML_VER="2.0">
	<Meta ISSUE_DATE="01/04/1858" RELEASE_NO="041-EWJ-1858-04-01-001-SINGLE" PAGE_NO="62" NAME="" PAGE_LABEL="134" PAGE_TYPE="Single" PUBLISHER="Olive" PUBLICATION="EWJ" SOURCE_TYPE="TIFF" SOURCE_RESOLUTION="72" IMAGES_RESOLUTION="86" PAGE_THUMBNAIL_RESOLUTION="86" PAGE_PREVIEW_RESOLUTION="15" DEFAULT_IMG_EXT="png" IMG_EXT="png" PREVIEW_IMG_EXT="png" XMD_VER="2.6.238.8" PROFILE_ID="D:\pdfs\EWJ\XMD_EWJ.ini" SECTION="None" PAGE_WIDTH="823" PAGE_HEIGHT="1239" PAGES_NUMBER="72" BASE_HREF="EWJ/1858/04/01" PDF_DESTINATION_MAPPED="OLV0_Page_0062">
		<Resolutions>
			<Resolution DEFAULT="true">86</Resolution>
		</Resolutions>
	</Meta>
	<Link SOURCE="041-EWJ-1858-04-01-001-SINGLE.PDF" NEXT_SECTION="" PREV_SECTION="1"/>
	<DataFiles>
		<Files TYPE="DOC_PDF" PRESENT="1"/>
		<Files TYPE="PAGE_PDF" PRESENT="0"/>
		<Files TYPE="DOC_IMG" PRESENT="0"/>
		<Files TYPE="PAGE_IMG" PRESENT="0"/>
		<Files TYPE="PAGE_VIEW_IMG" PRESENT="1"/>
		<Files TYPE="PAGE_PREVIEW_IMG" PRESENT="1"/>
		<Files TYPE="PRIMITIVE_IMG" PRESENT="1"/>
		<Files TYPE="SNIPPET_IMG" PRESENT="1"/>
	</DataFiles>
	<Entity ENTITY_TYPE="Article" FIRST_TOC_ENTRY_ID="78" INDEX_IN_DOC="133" DEPTH_LEVEL="1" ID="Ar06200" SIZE="XLarge" BOX="23 76 811 540" NEXT_SECTION="" PREV_SECTION="1" CONTINUATION_FROM="Ar06100" FIRST_CHUNK="Ar05901" IMAGES_RESOLUTION="86" LOGICAL_NAME="true">
		<Name>FOREIGN MTERATURE.</Name>
		<Primitive ID="Ar0620000" BOX="23 76 811 126" ELEMENT_TYPE="Content" SEQ_NO="0" TOC_ENTRY_ID="78" DEPTH_LEVEL="1"/>
		<Primitive ID="Ar0620001" BOX="23 114 811 162" ELEMENT_TYPE="Content" SEQ_NO="1" TOC_ENTRY_ID="78" DEPTH_LEVEL="1"/>
		<Primitive ID="Ar0620002" BOX="23 150 811 220" ELEMENT_TYPE="Content" SEQ_NO="2" TOC_ENTRY_ID="78" DEPTH_LEVEL="1"/>
		<Primitive ID="Ar0620003" BOX="23 208 811 264" ELEMENT_TYPE="Content" SEQ_NO="3" TOC_ENTRY_ID="78" DEPTH_LEVEL="1"/>
		<Primitive ID="Ar0620004" BOX="23 252 811 302" ELEMENT_TYPE="Content" SEQ_NO="4" TOC_ENTRY_ID="78" DEPTH_LEVEL="1"/>
		<Primitive ID="Ar0620005" BOX="23 298 811 349" ELEMENT_TYPE="Content" SEQ_NO="5" TOC_ENTRY_ID="78" DEPTH_LEVEL="1"/>
		<Primitive ID="Ar0620006" BOX="23 337 811 427" ELEMENT_TYPE="Content" SEQ_NO="6" TOC_ENTRY_ID="78" DEPTH_LEVEL="1"/>
		<Primitive ID="Ar0620007" BOX="23 417 811 476" ELEMENT_TYPE="Content" SEQ_NO="7" TOC_ENTRY_ID="78" DEPTH_LEVEL="1"/>
		<Primitive ID="Ar0620008" BOX="23 464 811 497" ELEMENT_TYPE="Content" SEQ_NO="8" TOC_ENTRY_ID="78" DEPTH_LEVEL="1"/>
		<Primitive ID="Ar0620009" BOX="23 497 811 540" ELEMENT_TYPE="Content" SEQ_NO="9" TOC_ENTRY_ID="78" DEPTH_LEVEL="1"/>
	</Entity>
	<Entity ENTITY_TYPE="Article" FIRST_TOC_ENTRY_ID="81" INDEX_IN_DOC="136" DEPTH_LEVEL="1" ID="Ar06201" SIZE="Small" BOX="24 12 811 76" NEXT_SECTION="" PREV_SECTION="1" IMAGES_RESOLUTION="86" LOGICAL_NAME="true">
		<Name>134 NOTICES OF BOOKS:</Name>
		<Primitive ID="Ar0620100" BOX="24 12 811 76" ELEMENT_TYPE="Content" SEQ_NO="0" TOC_ENTRY_ID="81" DEPTH_LEVEL="1"/>
	</Entity>
	<Entity ENTITY_TYPE="Article" FIRST_TOC_ENTRY_ID="82" INDEX_IN_DOC="137" DEPTH_LEVEL="1" ID="Ar06202" SIZE="XLarge" BOX="23 540 811 1215" NEXT_SECTION="" PREV_SECTION="1" CONTINUATION_TO="Ar06300" IMAGES_RESOLUTION="86" LOGICAL_NAME="true">
		<Name>6.�Les Salons de Paris. By Madame Ancelo...</Name>
		<Primitive ID="Ar0620200" BOX="23 540 811 610" ELEMENT_TYPE="Content" SEQ_NO="0" TOC_ENTRY_ID="82" DEPTH_LEVEL="1"/>
		<Primitive ID="Ar0620201" BOX="23 610 811 668" ELEMENT_TYPE="Content" SEQ_NO="1" TOC_ENTRY_ID="82" DEPTH_LEVEL="1"/>
		<Primitive ID="Ar0620202" BOX="23 658 811 715" ELEMENT_TYPE="Content" SEQ_NO="2" TOC_ENTRY_ID="82" DEPTH_LEVEL="1"/>
		<Primitive ID="Ar0620203" BOX="23 706 811 764" ELEMENT_TYPE="Content" SEQ_NO="3" TOC_ENTRY_ID="82" DEPTH_LEVEL="1"/>
		<Primitive ID="Ar0620204" BOX="23 753 811 810" ELEMENT_TYPE="Content" SEQ_NO="4" TOC_ENTRY_ID="82" DEPTH_LEVEL="1"/>
		<Primitive ID="Ar0620205" BOX="23 801 811 849" ELEMENT_TYPE="Content" SEQ_NO="5" TOC_ENTRY_ID="82" DEPTH_LEVEL="1"/>
		<Primitive ID="Ar0620206" BOX="23 837 811 906" ELEMENT_TYPE="Content" SEQ_NO="6" TOC_ENTRY_ID="82" DEPTH_LEVEL="1"/>
		<Primitive ID="Ar0620207" BOX="23 896 811 953" ELEMENT_TYPE="Content" SEQ_NO="7" TOC_ENTRY_ID="82" DEPTH_LEVEL="1"/>
		<Primitive ID="Ar0620208" BOX="23 947 811 1000" ELEMENT_TYPE="Content" SEQ_NO="8" TOC_ENTRY_ID="82" DEPTH_LEVEL="1"/>
		<Primitive ID="Ar0620209" BOX="23 988 811 1037" ELEMENT_TYPE="Content" SEQ_NO="9" TOC_ENTRY_ID="82" DEPTH_LEVEL="1"/>
		<Primitive ID="Ar0620210" BOX="23 1025 811 1081" ELEMENT_TYPE="Content" SEQ_NO="10" TOC_ENTRY_ID="82" DEPTH_LEVEL="1"/>
		<Primitive ID="Ar0620211" BOX="23 1069 811 1120" ELEMENT_TYPE="Content" SEQ_NO="11" TOC_ENTRY_ID="82" DEPTH_LEVEL="1"/>
		<Primitive ID="Ar0620212" BOX="23 1118 811 1176" ELEMENT_TYPE="Content" SEQ_NO="12" TOC_ENTRY_ID="82" DEPTH_LEVEL="1"/>
		<Primitive ID="Ar0620213" BOX="23 1176 811 1215" ELEMENT_TYPE="Content" SEQ_NO="13" TOC_ENTRY_ID="82" DEPTH_LEVEL="1"/>
	</Entity>
</XMD-PAGE>