<?xml version="1.0" encoding="windows-1252" standalone="no"?>
<XMD-entity REPOSITORY_FORMAT="1.0" PRXML_VER="2.0" ENTITY_TYPE="Article" DOC_UID="EWJ_01/03/1858" DOC_VER="1" FIRST_TOC_ENTRY_ID="75" DEPTH_LEVEL="1" INDEX_IN_DOC="135" PAGE_NO="60" ID="Ar06001" BOX="24 12 829 98" LANGUAGE="English" SNP="Ar06001S.png" SNP_WIDTH="806" SNP_HEIGHT="86" LOGICAL_NAME="true">
	<Meta NAME="60 NOTICES OF BOOKS." DESCRIPTION="" SUBTYPE="" BASE_HREF="EWJ/1858/03/01" SOURCE_TYPE="TIFF" PUBLICATION="EWJ" SECTION="None" ISSUE_DATE="01/03/1858" WORDCNT="5" RELEASE_NO="041-EWJ-1858-03-01-001-SINGLE" PAGE_ID="" PAGE_TYPE="Single" PAGE_WIDTH="842" PAGE_HEIGHT="1244" DEFAULT_IMG_EXT="png" PDF_DESTINATION_MAPPED="OLV0_Entity_0060_0002" IMAGES_RESOLUTION="86" XMD_VER="2.6.238.8" PAGE_LABEL="60"/>
	<Link SOURCE="041-EWJ-1858-03-01-001-SINGLE.PDF" FIRST_ID="Ar00200" LAST_ID="Ar07201" NEXT_ID="" PREV_ID="Ar06000" TOC_ID="d:/Olive/Repository/EWJ/1858/03/01/TOC.xml"/>
	<DataFiles>
		<Files TYPE="DOC_PDF" PRESENT="1"/>
		<Files TYPE="PAGE_PDF" PRESENT="0"/>
		<Files TYPE="DOC_IMG" PRESENT="0"/>
		<Files TYPE="PAGE_IMG" PRESENT="0"/>
		<Files TYPE="PAGE_VIEW_IMG" PRESENT="1"/>
		<Files TYPE="PAGE_PREVIEW_IMG" PRESENT="1"/>
		<Files TYPE="PRIMITIVE_IMG" PRESENT="1"/>
		<Files TYPE="SNIPPET_IMG" PRESENT="1"/>
	</DataFiles>
	<Content>
		<Primitive BOX="24 12 829 98" ID="Ar0600100" SEQ_NO="0" TOC_ENTRY_ID="75" DEPTH_LEVEL="1">
			<L BOX="81 59 535 82"/>
			<W BOX="81 59 106 82" STYLE_REF="7">60</W>
			<W BOX="321 59 409 82" STYLE_REF="7">NOTICES</W>
			<W BOX="423 59 448 82" STYLE_REF="7">OF</W>
			<W BOX="462 59 530 82" STYLE_REF="7" NS="y">BOOKS</W>
			<W BOX="530 59 535 82" STYLE_REF="7">.</W>
		</Primitive>
	</Content>
	<TOC_Entries><TOC_Entry TOC_ENTRY_ID="132" TITLE="60 NOTICES OF BOOKS." ENTITY_ID_REF="Ar06001" PAGE_NO="60" PAGE_LABEL="60" PRIM_ID_REF="Ar0600100" IS_IC="true"/></TOC_Entries></XMD-entity>
