<?xml version="1.0" encoding="windows-1252" standalone="no"?>
<XMD-PAGE REPOSITORY_FORMAT="1.0" PRXML_VER="2.0">
	<Meta ISSUE_DATE="01/03/1858" RELEASE_NO="041-EWJ-1858-03-01-001-SINGLE" PAGE_NO="60" NAME="" PAGE_LABEL="60" PAGE_TYPE="Single" PUBLISHER="Olive" PUBLICATION="EWJ" SOURCE_TYPE="TIFF" SOURCE_RESOLUTION="72" IMAGES_RESOLUTION="86" PAGE_THUMBNAIL_RESOLUTION="86" PAGE_PREVIEW_RESOLUTION="15" DEFAULT_IMG_EXT="png" IMG_EXT="png" PREVIEW_IMG_EXT="png" XMD_VER="2.6.238.8" PROFILE_ID="D:\pdfs\EWJ\XMD_EWJ.ini" SECTION="None" PAGE_WIDTH="842" PAGE_HEIGHT="1244" PAGES_NUMBER="72" BASE_HREF="EWJ/1858/03/01" PDF_DESTINATION_MAPPED="OLV0_Page_0060">
		<Resolutions>
			<Resolution DEFAULT="true">86</Resolution>
		</Resolutions>
	</Meta>
	<Link SOURCE="041-EWJ-1858-03-01-001-SINGLE.PDF" NEXT_SECTION="" PREV_SECTION="1"/>
	<DataFiles>
		<Files TYPE="DOC_PDF" PRESENT="1"/>
		<Files TYPE="PAGE_PDF" PRESENT="0"/>
		<Files TYPE="DOC_IMG" PRESENT="0"/>
		<Files TYPE="PAGE_IMG" PRESENT="0"/>
		<Files TYPE="PAGE_VIEW_IMG" PRESENT="1"/>
		<Files TYPE="PAGE_PREVIEW_IMG" PRESENT="1"/>
		<Files TYPE="PRIMITIVE_IMG" PRESENT="1"/>
		<Files TYPE="SNIPPET_IMG" PRESENT="1"/>
	</DataFiles>
	<Entity ENTITY_TYPE="Article" FIRST_TOC_ENTRY_ID="74" INDEX_IN_DOC="131" DEPTH_LEVEL="1" ID="Ar06000" SIZE="XLarge" BOX="24 98 829 1219" NEXT_SECTION="" PREV_SECTION="1" CONTINUATION_TO="Ar06100" CONTINUATION_FROM="Ar05903" FIRST_CHUNK="Ar05903" IMAGES_RESOLUTION="86" LOGICAL_NAME="true">
		<Name>* * 1.�The Angel John in the W House . P...</Name>
		<Primitive ID="Ar0600000" BOX="24 98 829 152" ELEMENT_TYPE="Content" SEQ_NO="0" TOC_ENTRY_ID="74" DEPTH_LEVEL="1"/>
		<Primitive ID="Ar0600001" BOX="24 147 829 199" ELEMENT_TYPE="Content" SEQ_NO="1" TOC_ENTRY_ID="74" DEPTH_LEVEL="1"/>
		<Primitive ID="Ar0600002" BOX="24 193 829 244" ELEMENT_TYPE="Content" SEQ_NO="2" TOC_ENTRY_ID="74" DEPTH_LEVEL="1"/>
		<Primitive ID="Ar0600003" BOX="24 239 829 290" ELEMENT_TYPE="Content" SEQ_NO="3" TOC_ENTRY_ID="74" DEPTH_LEVEL="1"/>
		<Primitive ID="Ar0600004" BOX="24 285 829 336" ELEMENT_TYPE="Content" SEQ_NO="4" TOC_ENTRY_ID="74" DEPTH_LEVEL="1"/>
		<Primitive ID="Ar0600005" BOX="24 330 829 381" ELEMENT_TYPE="Content" SEQ_NO="5" TOC_ENTRY_ID="74" DEPTH_LEVEL="1"/>
		<Primitive ID="Ar0600006" BOX="24 377 829 428" ELEMENT_TYPE="Content" SEQ_NO="6" TOC_ENTRY_ID="74" DEPTH_LEVEL="1"/>
		<Primitive ID="Ar0600007" BOX="24 421 829 473" ELEMENT_TYPE="Content" SEQ_NO="7" TOC_ENTRY_ID="74" DEPTH_LEVEL="1"/>
		<Primitive ID="Ar0600008" BOX="24 468 829 519" ELEMENT_TYPE="Content" SEQ_NO="8" TOC_ENTRY_ID="74" DEPTH_LEVEL="1"/>
		<Primitive ID="Ar0600009" BOX="24 514 829 565" ELEMENT_TYPE="Content" SEQ_NO="9" TOC_ENTRY_ID="74" DEPTH_LEVEL="1"/>
		<Primitive ID="Ar0600010" BOX="24 560 829 611" ELEMENT_TYPE="Content" SEQ_NO="10" TOC_ENTRY_ID="74" DEPTH_LEVEL="1"/>
		<Primitive ID="Ar0600011" BOX="24 606 829 657" ELEMENT_TYPE="Content" SEQ_NO="11" TOC_ENTRY_ID="74" DEPTH_LEVEL="1"/>
		<Primitive ID="Ar0600012" BOX="24 652 829 706" ELEMENT_TYPE="Content" SEQ_NO="12" TOC_ENTRY_ID="74" DEPTH_LEVEL="1"/>
		<Primitive ID="Ar0600013" BOX="24 697 829 749" ELEMENT_TYPE="Content" SEQ_NO="13" TOC_ENTRY_ID="74" DEPTH_LEVEL="1"/>
		<Primitive ID="Ar0600014" BOX="24 745 829 797" ELEMENT_TYPE="Content" SEQ_NO="14" TOC_ENTRY_ID="74" DEPTH_LEVEL="1"/>
		<Primitive ID="Ar0600015" BOX="24 791 829 843" ELEMENT_TYPE="Content" SEQ_NO="15" TOC_ENTRY_ID="74" DEPTH_LEVEL="1"/>
		<Primitive ID="Ar0600016" BOX="24 837 829 888" ELEMENT_TYPE="Content" SEQ_NO="16" TOC_ENTRY_ID="74" DEPTH_LEVEL="1"/>
		<Primitive ID="Ar0600017" BOX="24 883 829 936" ELEMENT_TYPE="Content" SEQ_NO="17" TOC_ENTRY_ID="74" DEPTH_LEVEL="1"/>
		<Primitive ID="Ar0600018" BOX="24 929 829 981" ELEMENT_TYPE="Content" SEQ_NO="18" TOC_ENTRY_ID="74" DEPTH_LEVEL="1"/>
		<Primitive ID="Ar0600019" BOX="24 975 829 1028" ELEMENT_TYPE="Content" SEQ_NO="19" TOC_ENTRY_ID="74" DEPTH_LEVEL="1"/>
		<Primitive ID="Ar0600020" BOX="24 1021 829 1074" ELEMENT_TYPE="Content" SEQ_NO="20" TOC_ENTRY_ID="74" DEPTH_LEVEL="1"/>
		<Primitive ID="Ar0600021" BOX="24 1067 829 1113" ELEMENT_TYPE="Content" SEQ_NO="21" TOC_ENTRY_ID="74" DEPTH_LEVEL="1"/>
		<Primitive ID="Ar0600022" BOX="24 1101 829 1166" ELEMENT_TYPE="Content" SEQ_NO="22" TOC_ENTRY_ID="74" DEPTH_LEVEL="1"/>
		<Primitive ID="Ar0600023" BOX="24 1166 829 1219" ELEMENT_TYPE="Content" SEQ_NO="23" TOC_ENTRY_ID="74" DEPTH_LEVEL="1"/>
	</Entity>
	<Entity ENTITY_TYPE="Article" FIRST_TOC_ENTRY_ID="75" INDEX_IN_DOC="135" DEPTH_LEVEL="1" ID="Ar06001" SIZE="Small" BOX="24 12 829 98" NEXT_SECTION="" PREV_SECTION="1" IMAGES_RESOLUTION="86" LOGICAL_NAME="true">
		<Name>60 NOTICES OF BOOKS.</Name>
		<Primitive ID="Ar0600100" BOX="24 12 829 98" ELEMENT_TYPE="Content" SEQ_NO="0" TOC_ENTRY_ID="75" DEPTH_LEVEL="1"/>
	</Entity>
</XMD-PAGE>