<?xml version="1.0" encoding="windows-1252" standalone="no"?>
<XMD-entity REPOSITORY_FORMAT="1.0" PRXML_VER="2.0" ENTITY_TYPE="Article" DOC_UID="EWJ_01/03/1858" DOC_VER="1" FIRST_TOC_ENTRY_ID="68" DEPTH_LEVEL="1" INDEX_IN_DOC="123" PAGE_NO="57" ID="Ar05701" BOX="24 12 829 88" LANGUAGE="English" SNP="Ar05701S.png" SNP_WIDTH="806" SNP_HEIGHT="76" LOGICAL_NAME="true">
	<Meta NAME="GRIEF. 57" DESCRIPTION="" SUBTYPE="" BASE_HREF="EWJ/1858/03/01" SOURCE_TYPE="TIFF" PUBLICATION="EWJ" SECTION="None" ISSUE_DATE="01/03/1858" WORDCNT="3" RELEASE_NO="041-EWJ-1858-03-01-001-SINGLE" PAGE_ID="" PAGE_TYPE="Single" PAGE_WIDTH="842" PAGE_HEIGHT="1244" DEFAULT_IMG_EXT="png" PDF_DESTINATION_MAPPED="OLV0_Entity_0057_0002" IMAGES_RESOLUTION="86" XMD_VER="2.6.238.8" PAGE_LABEL="57"/>
	<Link SOURCE="041-EWJ-1858-03-01-001-SINGLE.PDF" FIRST_ID="Ar00200" LAST_ID="Ar07201" NEXT_ID="" PREV_ID="Ar05700" TOC_ID="d:/Olive/Repository/EWJ/1858/03/01/TOC.xml"/>
	<DataFiles>
		<Files TYPE="DOC_PDF" PRESENT="1"/>
		<Files TYPE="PAGE_PDF" PRESENT="0"/>
		<Files TYPE="DOC_IMG" PRESENT="0"/>
		<Files TYPE="PAGE_IMG" PRESENT="0"/>
		<Files TYPE="PAGE_VIEW_IMG" PRESENT="1"/>
		<Files TYPE="PAGE_PREVIEW_IMG" PRESENT="1"/>
		<Files TYPE="PRIMITIVE_IMG" PRESENT="1"/>
		<Files TYPE="SNIPPET_IMG" PRESENT="1"/>
	</DataFiles>
	<Content>
		<Primitive BOX="24 12 829 88" ID="Ar0570100" SEQ_NO="0" TOC_ENTRY_ID="68" DEPTH_LEVEL="1">
			<L BOX="373 37 757 73"/>
			<W BOX="373 48 436 73" STYLE_REF="14" NS="y">GRIEF</W>
			<W BOX="436 48 442 73" STYLE_REF="14">.</W>
			<W BOX="728 37 757 73" STYLE_REF="21">57</W>
		</Primitive>
	</Content>
	<TOC_Entries><TOC_Entry TOC_ENTRY_ID="123" TITLE="GRIEF. 57" ENTITY_ID_REF="Ar05701" PAGE_NO="57" PAGE_LABEL="57" PRIM_ID_REF="Ar0570100" IS_IC="true"/></TOC_Entries></XMD-entity>
