<?xml version="1.0" encoding="windows-1252" standalone="no"?>
<XMD-PAGE REPOSITORY_FORMAT="1.0" PRXML_VER="2.0">
	<Meta ISSUE_DATE="01/03/1858" RELEASE_NO="041-EWJ-1858-03-01-001-SINGLE" PAGE_NO="57" NAME="" PAGE_LABEL="57" PAGE_TYPE="Single" PUBLISHER="Olive" PUBLICATION="EWJ" SOURCE_TYPE="TIFF" SOURCE_RESOLUTION="72" IMAGES_RESOLUTION="86" PAGE_THUMBNAIL_RESOLUTION="86" PAGE_PREVIEW_RESOLUTION="15" DEFAULT_IMG_EXT="png" IMG_EXT="png" PREVIEW_IMG_EXT="png" XMD_VER="2.6.238.8" PROFILE_ID="D:\pdfs\EWJ\XMD_EWJ.ini" SECTION="None" PAGE_WIDTH="842" PAGE_HEIGHT="1244" PAGES_NUMBER="72" BASE_HREF="EWJ/1858/03/01" PDF_DESTINATION_MAPPED="OLV0_Page_0057">
		<Resolutions>
			<Resolution DEFAULT="true">86</Resolution>
		</Resolutions>
	</Meta>
	<Link SOURCE="041-EWJ-1858-03-01-001-SINGLE.PDF" NEXT_SECTION="" PREV_SECTION="1"/>
	<DataFiles>
		<Files TYPE="DOC_PDF" PRESENT="1"/>
		<Files TYPE="PAGE_PDF" PRESENT="0"/>
		<Files TYPE="DOC_IMG" PRESENT="0"/>
		<Files TYPE="PAGE_IMG" PRESENT="0"/>
		<Files TYPE="PAGE_VIEW_IMG" PRESENT="1"/>
		<Files TYPE="PAGE_PREVIEW_IMG" PRESENT="1"/>
		<Files TYPE="PRIMITIVE_IMG" PRESENT="1"/>
		<Files TYPE="SNIPPET_IMG" PRESENT="1"/>
	</DataFiles>
	<Entity ENTITY_TYPE="Article" FIRST_TOC_ENTRY_ID="67" INDEX_IN_DOC="122" DEPTH_LEVEL="1" ID="Ar05700" SIZE="XLarge" BOX="24 88 829 1030" NEXT_SECTION="" PREV_SECTION="1" CONTINUATION_FROM="Ar05602" FIRST_CHUNK="Ar05602" IMAGES_RESOLUTION="86" LOGICAL_NAME="true">
		<Name>An ancient enemy have I, And either he o...</Name>
		<Primitive ID="Ar0570000" BOX="24 88 408 139" ELEMENT_TYPE="Content" SEQ_NO="0" TOC_ENTRY_ID="67" DEPTH_LEVEL="1"/>
		<Primitive ID="Ar0570001" BOX="24 136 408 184" ELEMENT_TYPE="Content" SEQ_NO="1" TOC_ENTRY_ID="67" DEPTH_LEVEL="1"/>
		<Primitive ID="Ar0570002" BOX="24 184 408 253" ELEMENT_TYPE="Content" SEQ_NO="2" TOC_ENTRY_ID="67" DEPTH_LEVEL="1"/>
		<Primitive ID="Ar0570003" BOX="24 248 408 296" ELEMENT_TYPE="Content" SEQ_NO="3" TOC_ENTRY_ID="67" DEPTH_LEVEL="1"/>
		<Primitive ID="Ar0570004" BOX="24 294 408 364" ELEMENT_TYPE="Content" SEQ_NO="4" TOC_ENTRY_ID="67" DEPTH_LEVEL="1"/>
		<Primitive ID="Ar0570005" BOX="24 360 408 409" ELEMENT_TYPE="Content" SEQ_NO="5" TOC_ENTRY_ID="67" DEPTH_LEVEL="1"/>
		<Primitive ID="Ar0570006" BOX="24 406 408 453" ELEMENT_TYPE="Content" SEQ_NO="6" TOC_ENTRY_ID="67" DEPTH_LEVEL="1"/>
		<Primitive ID="Ar0570007" BOX="24 450 408 499" ELEMENT_TYPE="Content" SEQ_NO="7" TOC_ENTRY_ID="67" DEPTH_LEVEL="1"/>
		<Primitive ID="Ar0570008" BOX="24 495 408 566" ELEMENT_TYPE="Content" SEQ_NO="8" TOC_ENTRY_ID="67" DEPTH_LEVEL="1"/>
		<Primitive ID="Ar0570009" BOX="24 563 408 611" ELEMENT_TYPE="Content" SEQ_NO="9" TOC_ENTRY_ID="67" DEPTH_LEVEL="1"/>
		<Primitive ID="Ar0570010" BOX="24 607 408 655" ELEMENT_TYPE="Content" SEQ_NO="10" TOC_ENTRY_ID="67" DEPTH_LEVEL="1"/>
		<Primitive ID="Ar0570011" BOX="24 652 408 700" ELEMENT_TYPE="Content" SEQ_NO="11" TOC_ENTRY_ID="67" DEPTH_LEVEL="1"/>
		<Primitive ID="Ar0570012" BOX="24 697 408 746" ELEMENT_TYPE="Content" SEQ_NO="12" TOC_ENTRY_ID="67" DEPTH_LEVEL="1"/>
		<Primitive ID="Ar0570013" BOX="24 743 408 813" ELEMENT_TYPE="Content" SEQ_NO="13" TOC_ENTRY_ID="67" DEPTH_LEVEL="1"/>
		<Primitive ID="Ar0570014" BOX="24 811 408 859" ELEMENT_TYPE="Content" SEQ_NO="14" TOC_ENTRY_ID="67" DEPTH_LEVEL="1"/>
		<Primitive ID="Ar0570015" BOX="24 856 408 904" ELEMENT_TYPE="Content" SEQ_NO="15" TOC_ENTRY_ID="67" DEPTH_LEVEL="1"/>
		<Primitive ID="Ar0570016" BOX="24 901 408 949" ELEMENT_TYPE="Content" SEQ_NO="16" TOC_ENTRY_ID="67" DEPTH_LEVEL="1"/>
		<Primitive ID="Ar0570017" BOX="24 949 408 1030" ELEMENT_TYPE="Content" SEQ_NO="17" TOC_ENTRY_ID="67" DEPTH_LEVEL="1"/>
		<Primitive ID="Ar0570018" BOX="408 88 829 137" ELEMENT_TYPE="Content" SEQ_NO="18" TOC_ENTRY_ID="67" DEPTH_LEVEL="1"/>
		<Primitive ID="Ar0570019" BOX="408 134 829 182" ELEMENT_TYPE="Content" SEQ_NO="19" TOC_ENTRY_ID="67" DEPTH_LEVEL="1"/>
		<Primitive ID="Ar0570020" BOX="408 179 829 228" ELEMENT_TYPE="Content" SEQ_NO="20" TOC_ENTRY_ID="67" DEPTH_LEVEL="1"/>
		<Primitive ID="Ar0570021" BOX="408 224 829 272" ELEMENT_TYPE="Content" SEQ_NO="21" TOC_ENTRY_ID="67" DEPTH_LEVEL="1"/>
		<Primitive ID="Ar0570022" BOX="408 269 829 317" ELEMENT_TYPE="Content" SEQ_NO="22" TOC_ENTRY_ID="67" DEPTH_LEVEL="1"/>
		<Primitive ID="Ar0570023" BOX="408 317 829 384" ELEMENT_TYPE="Content" SEQ_NO="23" TOC_ENTRY_ID="67" DEPTH_LEVEL="1"/>
		<Primitive ID="Ar0570024" BOX="408 381 829 429" ELEMENT_TYPE="Content" SEQ_NO="24" TOC_ENTRY_ID="67" DEPTH_LEVEL="1"/>
		<Primitive ID="Ar0570025" BOX="408 427 829 476" ELEMENT_TYPE="Content" SEQ_NO="25" TOC_ENTRY_ID="67" DEPTH_LEVEL="1"/>
		<Primitive ID="Ar0570026" BOX="408 472 829 520" ELEMENT_TYPE="Content" SEQ_NO="26" TOC_ENTRY_ID="67" DEPTH_LEVEL="1"/>
		<Primitive ID="Ar0570027" BOX="408 517 829 565" ELEMENT_TYPE="Content" SEQ_NO="27" TOC_ENTRY_ID="67" DEPTH_LEVEL="1"/>
		<Primitive ID="Ar0570028" BOX="408 562 829 633" ELEMENT_TYPE="Content" SEQ_NO="28" TOC_ENTRY_ID="67" DEPTH_LEVEL="1"/>
		<Primitive ID="Ar0570029" BOX="408 630 829 700" ELEMENT_TYPE="Content" SEQ_NO="29" TOC_ENTRY_ID="67" DEPTH_LEVEL="1"/>
		<Primitive ID="Ar0570030" BOX="408 697 829 745" ELEMENT_TYPE="Content" SEQ_NO="30" TOC_ENTRY_ID="67" DEPTH_LEVEL="1"/>
		<Primitive ID="Ar0570031" BOX="408 742 829 813" ELEMENT_TYPE="Content" SEQ_NO="31" TOC_ENTRY_ID="67" DEPTH_LEVEL="1"/>
		<Primitive ID="Ar0570032" BOX="408 810 829 858" ELEMENT_TYPE="Content" SEQ_NO="32" TOC_ENTRY_ID="67" DEPTH_LEVEL="1"/>
		<Primitive ID="Ar0570033" BOX="408 855 829 925" ELEMENT_TYPE="Content" SEQ_NO="33" TOC_ENTRY_ID="67" DEPTH_LEVEL="1"/>
		<Primitive ID="Ar0570034" BOX="408 922 829 949" ELEMENT_TYPE="Content" SEQ_NO="34" TOC_ENTRY_ID="67" DEPTH_LEVEL="1"/>
		<Primitive ID="Ar0570035" BOX="408 949 829 1030" ELEMENT_TYPE="Content" SEQ_NO="35" TOC_ENTRY_ID="67" DEPTH_LEVEL="1"/>
	</Entity>
	<Entity ENTITY_TYPE="Article" FIRST_TOC_ENTRY_ID="68" INDEX_IN_DOC="123" DEPTH_LEVEL="1" ID="Ar05701" SIZE="Small" BOX="24 12 829 88" NEXT_SECTION="" PREV_SECTION="1" IMAGES_RESOLUTION="86" LOGICAL_NAME="true">
		<Name>GRIEF. 57</Name>
		<Primitive ID="Ar0570100" BOX="24 12 829 88" ELEMENT_TYPE="Content" SEQ_NO="0" TOC_ENTRY_ID="68" DEPTH_LEVEL="1"/>
	</Entity>
</XMD-PAGE>