<?xml version="1.0" encoding="windows-1252" standalone="no"?>
<XMD-entity REPOSITORY_FORMAT="1.0" PRXML_VER="2.0" ENTITY_TYPE="Article" DOC_UID="EWJ_01/03/1858" DOC_VER="1" FIRST_TOC_ENTRY_ID="54" DEPTH_LEVEL="1" INDEX_IN_DOC="108" PAGE_NO="45" ID="Ar04501" BOX="24 12 829 98" LANGUAGE="English" SNP="Ar04501S.png" SNP_WIDTH="806" SNP_HEIGHT="86" LOGICAL_NAME="true">
	<Meta NAME="BRADSHAW THE BETRAYER. 45" DESCRIPTION="" SUBTYPE="" BASE_HREF="EWJ/1858/03/01" SOURCE_TYPE="TIFF" PUBLICATION="EWJ" SECTION="None" ISSUE_DATE="01/03/1858" WORDCNT="4" RELEASE_NO="041-EWJ-1858-03-01-001-SINGLE" PAGE_ID="" PAGE_TYPE="Single" PAGE_WIDTH="842" PAGE_HEIGHT="1244" DEFAULT_IMG_EXT="png" PDF_DESTINATION_MAPPED="OLV0_Entity_0045_0002" IMAGES_RESOLUTION="86" XMD_VER="2.6.238.8" PAGE_LABEL="45"/>
	<Link SOURCE="041-EWJ-1858-03-01-001-SINGLE.PDF" FIRST_ID="Ar00200" LAST_ID="Ar07201" NEXT_ID="" PREV_ID="Ar04500" TOC_ID="d:/Olive/Repository/EWJ/1858/03/01/TOC.xml"/>
	<DataFiles>
		<Files TYPE="DOC_PDF" PRESENT="1"/>
		<Files TYPE="PAGE_PDF" PRESENT="0"/>
		<Files TYPE="DOC_IMG" PRESENT="0"/>
		<Files TYPE="PAGE_IMG" PRESENT="0"/>
		<Files TYPE="PAGE_VIEW_IMG" PRESENT="1"/>
		<Files TYPE="PAGE_PREVIEW_IMG" PRESENT="1"/>
		<Files TYPE="PRIMITIVE_IMG" PRESENT="1"/>
		<Files TYPE="SNIPPET_IMG" PRESENT="1"/>
	</DataFiles>
	<Content>
		<Primitive BOX="24 12 829 98" ID="Ar0450100" SEQ_NO="0" TOC_ENTRY_ID="54" DEPTH_LEVEL="1">
			<L BOX="270 56 768 103"/>
			<W BOX="270 64 384 102" STYLE_REF="15">BRADSHAW</W>
			<W BOX="399 64 441 102" STYLE_REF="15">THE</W>
			<W BOX="455 63 559 102" STYLE_REF="15" NS="y">BETRAYER</W>
			<W BOX="559 63 572 102" STYLE_REF="15">.</W>
			<W BOX="735 56 768 103" STYLE_REF="19">45</W>
		</Primitive>
	</Content>
	<TOC_Entries><TOC_Entry TOC_ENTRY_ID="97" TITLE="BRADSHAW THE BETRAYER. 45" ENTITY_ID_REF="Ar04501" PAGE_NO="45" PAGE_LABEL="45" PRIM_ID_REF="Ar0450100" IS_IC="true"/></TOC_Entries></XMD-entity>
