<?xml version="1.0" encoding="windows-1252" standalone="no"?>
<XMD-PAGE REPOSITORY_FORMAT="1.0" PRXML_VER="2.0">
	<Meta ISSUE_DATE="01/03/1858" RELEASE_NO="041-EWJ-1858-03-01-001-SINGLE" PAGE_NO="15" NAME="" PAGE_LABEL="15" PAGE_TYPE="Single" PUBLISHER="Olive" PUBLICATION="EWJ" SOURCE_TYPE="TIFF" SOURCE_RESOLUTION="72" IMAGES_RESOLUTION="86" PAGE_THUMBNAIL_RESOLUTION="86" PAGE_PREVIEW_RESOLUTION="15" DEFAULT_IMG_EXT="png" IMG_EXT="png" PREVIEW_IMG_EXT="png" XMD_VER="2.6.238.8" PROFILE_ID="D:\pdfs\EWJ\XMD_EWJ.ini" SECTION="None" PAGE_WIDTH="842" PAGE_HEIGHT="1244" PAGES_NUMBER="72" BASE_HREF="EWJ/1858/03/01" PDF_DESTINATION_MAPPED="OLV0_Page_0015">
		<Resolutions>
			<Resolution DEFAULT="true">86</Resolution>
		</Resolutions>
	</Meta>
	<Link SOURCE="041-EWJ-1858-03-01-001-SINGLE.PDF" NEXT_SECTION="" PREV_SECTION="1"/>
	<DataFiles>
		<Files TYPE="DOC_PDF" PRESENT="1"/>
		<Files TYPE="PAGE_PDF" PRESENT="0"/>
		<Files TYPE="DOC_IMG" PRESENT="0"/>
		<Files TYPE="PAGE_IMG" PRESENT="0"/>
		<Files TYPE="PAGE_VIEW_IMG" PRESENT="1"/>
		<Files TYPE="PAGE_PREVIEW_IMG" PRESENT="1"/>
		<Files TYPE="PRIMITIVE_IMG" PRESENT="1"/>
		<Files TYPE="SNIPPET_IMG" PRESENT="1"/>
	</DataFiles>
	<Entity ENTITY_TYPE="Article" FIRST_TOC_ENTRY_ID="18" INDEX_IN_DOC="32" DEPTH_LEVEL="1" ID="Ar01500" SIZE="XLarge" BOX="24 95 829 1219" NEXT_SECTION="" PREV_SECTION="1" CONTINUATION_TO="Ar01600" CONTINUATION_FROM="Ar01400" FIRST_CHUNK="Ar01303" IMAGES_RESOLUTION="86" LOGICAL_NAME="true">
		<Name>. at A few This High days institution ga...</Name>
		<Primitive ID="Ar0150000" BOX="24 95 829 152" ELEMENT_TYPE="Content" SEQ_NO="0" TOC_ENTRY_ID="18" DEPTH_LEVEL="1"/>
		<Primitive ID="Ar0150001" BOX="24 144 829 198" ELEMENT_TYPE="Content" SEQ_NO="1" TOC_ENTRY_ID="18" DEPTH_LEVEL="1"/>
		<Primitive ID="Ar0150002" BOX="24 190 829 245" ELEMENT_TYPE="Content" SEQ_NO="2" TOC_ENTRY_ID="18" DEPTH_LEVEL="1"/>
		<Primitive ID="Ar0150003" BOX="24 237 829 291" ELEMENT_TYPE="Content" SEQ_NO="3" TOC_ENTRY_ID="18" DEPTH_LEVEL="1"/>
		<Primitive ID="Ar0150004" BOX="24 284 829 338" ELEMENT_TYPE="Content" SEQ_NO="4" TOC_ENTRY_ID="18" DEPTH_LEVEL="1"/>
		<Primitive ID="Ar0150005" BOX="24 332 829 384" ELEMENT_TYPE="Content" SEQ_NO="5" TOC_ENTRY_ID="18" DEPTH_LEVEL="1"/>
		<Primitive ID="Ar0150006" BOX="24 378 829 431" ELEMENT_TYPE="Content" SEQ_NO="6" TOC_ENTRY_ID="18" DEPTH_LEVEL="1"/>
		<Primitive ID="Ar0150007" BOX="24 424 829 479" ELEMENT_TYPE="Content" SEQ_NO="7" TOC_ENTRY_ID="18" DEPTH_LEVEL="1"/>
		<Primitive ID="Ar0150008" BOX="24 472 829 525" ELEMENT_TYPE="Content" SEQ_NO="8" TOC_ENTRY_ID="18" DEPTH_LEVEL="1"/>
		<Primitive ID="Ar0150009" BOX="24 519 829 572" ELEMENT_TYPE="Content" SEQ_NO="9" TOC_ENTRY_ID="18" DEPTH_LEVEL="1"/>
		<Primitive ID="Ar0150010" BOX="24 566 829 619" ELEMENT_TYPE="Content" SEQ_NO="10" TOC_ENTRY_ID="18" DEPTH_LEVEL="1"/>
		<Primitive ID="Ar0150011" BOX="24 613 829 666" ELEMENT_TYPE="Content" SEQ_NO="11" TOC_ENTRY_ID="18" DEPTH_LEVEL="1"/>
		<Primitive ID="Ar0150012" BOX="24 659 829 713" ELEMENT_TYPE="Content" SEQ_NO="12" TOC_ENTRY_ID="18" DEPTH_LEVEL="1"/>
		<Primitive ID="Ar0150013" BOX="24 706 829 760" ELEMENT_TYPE="Content" SEQ_NO="13" TOC_ENTRY_ID="18" DEPTH_LEVEL="1"/>
		<Primitive ID="Ar0150014" BOX="24 753 829 807" ELEMENT_TYPE="Content" SEQ_NO="14" TOC_ENTRY_ID="18" DEPTH_LEVEL="1"/>
		<Primitive ID="Ar0150015" BOX="24 800 829 855" ELEMENT_TYPE="Content" SEQ_NO="15" TOC_ENTRY_ID="18" DEPTH_LEVEL="1"/>
		<Primitive ID="Ar0150016" BOX="24 848 829 902" ELEMENT_TYPE="Content" SEQ_NO="16" TOC_ENTRY_ID="18" DEPTH_LEVEL="1"/>
		<Primitive ID="Ar0150017" BOX="24 894 829 949" ELEMENT_TYPE="Content" SEQ_NO="17" TOC_ENTRY_ID="18" DEPTH_LEVEL="1"/>
		<Primitive ID="Ar0150018" BOX="24 941 829 995" ELEMENT_TYPE="Content" SEQ_NO="18" TOC_ENTRY_ID="18" DEPTH_LEVEL="1"/>
		<Primitive ID="Ar0150019" BOX="24 989 829 1042" ELEMENT_TYPE="Content" SEQ_NO="19" TOC_ENTRY_ID="18" DEPTH_LEVEL="1"/>
		<Primitive ID="Ar0150020" BOX="24 1035 829 1090" ELEMENT_TYPE="Content" SEQ_NO="20" TOC_ENTRY_ID="18" DEPTH_LEVEL="1"/>
		<Primitive ID="Ar0150021" BOX="24 1081 829 1135" ELEMENT_TYPE="Content" SEQ_NO="21" TOC_ENTRY_ID="18" DEPTH_LEVEL="1"/>
		<Primitive ID="Ar0150022" BOX="24 1129 829 1182" ELEMENT_TYPE="Content" SEQ_NO="22" TOC_ENTRY_ID="18" DEPTH_LEVEL="1"/>
		<Primitive ID="Ar0150023" BOX="24 1182 829 1219" ELEMENT_TYPE="Content" SEQ_NO="23" TOC_ENTRY_ID="18" DEPTH_LEVEL="1"/>
	</Entity>
	<Entity ENTITY_TYPE="Article" FIRST_TOC_ENTRY_ID="20" INDEX_IN_DOC="46" DEPTH_LEVEL="1" ID="Ar01501" SIZE="Small" BOX="24 12 829 95" NEXT_SECTION="" PREV_SECTION="1" IMAGES_RESOLUTION="86" LOGICAL_NAME="true">
		<Name>A HOUSE OF MERCY. 15</Name>
		<Primitive ID="Ar0150100" BOX="24 12 829 95" ELEMENT_TYPE="Content" SEQ_NO="0" TOC_ENTRY_ID="20" DEPTH_LEVEL="1"/>
	</Entity>
</XMD-PAGE>