<?xml version="1.0" encoding="windows-1252" standalone="no"?>
<XMD-entity REPOSITORY_FORMAT="1.0" PRXML_VER="2.0" ENTITY_TYPE="Article" FIRST_TOC_ENTRY_ID="18" DEPTH_LEVEL="1" INDEX_IN_DOC="39" PAGE_NO="22" ID="Ar02200" BOX="24 78 829 1219" LANGUAGE="English" CONTINUATION_TO="Ar02300" CONTINUATION_FROM="Ar02100" LOGICAL_NAME="true">
	<Meta NAME=". at A few This High days institution ga..." DESCRIPTION="" SUBTYPE="" BASE_HREF="EWJ/1858/03/01" SOURCE_TYPE="TIFF" PUBLICATION="EWJ" SECTION="None" ISSUE_DATE="01/03/1858" WORDCNT="580" RELEASE_NO="041-EWJ-1858-03-01-001-SINGLE" PAGE_ID="" PAGE_TYPE="Single" PAGE_WIDTH="842" PAGE_HEIGHT="1244" DEFAULT_IMG_EXT="png" PDF_DESTINATION_MAPPED="OLV0_Entity_0022_0001" IMAGES_RESOLUTION="86" XMD_VER="2.6.238.8" PAGE_LABEL="22"/>
	<Link SOURCE="041-EWJ-1858-03-01-001-SINGLE.PDF" FIRST_ID="Ar00200" LAST_ID="Ar07201" NEXT_ID="Ar02201" PREV_ID="" TOC_ID="d:/Olive/Repository/EWJ/1858/03/01/TOC.xml"/>
	<DataFiles>
		<Files TYPE="DOC_PDF" PRESENT="1"/>
		<Files TYPE="PAGE_PDF" PRESENT="0"/>
		<Files TYPE="DOC_IMG" PRESENT="0"/>
		<Files TYPE="PAGE_IMG" PRESENT="0"/>
		<Files TYPE="PAGE_VIEW_IMG" PRESENT="1"/>
		<Files TYPE="PAGE_PREVIEW_IMG" PRESENT="1"/>
		<Files TYPE="PRIMITIVE_IMG" PRESENT="1"/>
		<Files TYPE="SNIPPET_IMG" PRESENT="1"/>
	</DataFiles>
	<Content>
		<Primitive BOX="24 78 829 138" ID="Ar0220000" SEQ_NO="0" TOC_ENTRY_ID="18" DEPTH_LEVEL="1">
			<L BOX="86 85 797 114"/>
			<W BOX="86 85 104 113" STYLE_REF="5">of</W>
			<W BOX="118 85 177 113" STYLE_REF="5" NS="y">health</W>
			<Q BOX="177 85 183 113" STYLE_REF="5" QID="1">.</Q>
			<q BOX="183 85 189 113" STYLE_REF="5" QID="1">,</q>
			<QW QID="1">.,</QW>
			<W BOX="199 85 235 113" STYLE_REF="5">and</W>
			<W BOX="243 85 297 113" STYLE_REF="5">there</W>
			<W BOX="304 85 321 113" STYLE_REF="5">is</W>
			<W BOX="329 85 340 113" STYLE_REF="5">a</W>
			<Q BOX="347 85 360 113" STYLE_REF="5" QID="2">p</Q>
			<Q BOX="360 86 374 114" STYLE_REF="5" QID="2">h</Q>
			<q BOX="374 86 447 114" STYLE_REF="5" QID="2">ysician</q>
			<QW QID="2">physician</QW>
			<W BOX="455 86 500 114" STYLE_REF="5">who</W>
			<W BOX="507 86 582 114" STYLE_REF="5">attends</W>
			<W BOX="592 86 645 114" STYLE_REF="5" NS="y">them</W>
			<W BOX="645 86 651 114" STYLE_REF="5">.</W>
			<W BOX="676 86 700 114" STYLE_REF="5">In</W>
			<W BOX="713 86 765 114" STYLE_REF="5">cases</W>
			<W BOX="778 86 797 114" STYLE_REF="5">of</W>
			<L BOX="85 109 798 138"/>
			<W BOX="85 109 157 137" STYLE_REF="5">serious</W>
			<W BOX="164 109 229 137" STYLE_REF="5">illness</W>
			<W BOX="237 109 283 137" STYLE_REF="5">they</W>
			<W BOX="291 109 323 137" STYLE_REF="5">are</W>
			<W BOX="335 109 423 137" STYLE_REF="5">removed</W>
			<W BOX="432 109 451 137" STYLE_REF="5">to</W>
			<W BOX="459 109 471 137" STYLE_REF="5">a</W>
			<Q BOX="479 109 527 137" STYLE_REF="5" QID="3">hosp</Q>
			<q BOX="527 109 561 137" STYLE_REF="5" NS="y" QID="3">ital</q>
			<QW QID="3">hospital</QW>
			<W BOX="563 109 568 138" STYLE_REF="5">,</W>
			<W BOX="577 110 657 138" STYLE_REF="5">because</W>
			<W BOX="668 110 723 138" STYLE_REF="5">there</W>
			<W BOX="736 110 752 138" STYLE_REF="5">is</W>
			<W BOX="764 110 798 138" STYLE_REF="5">not</W>
		</Primitive>
		<Primitive BOX="24 133 829 185" ID="Ar0220001" SEQ_NO="1" TOC_ENTRY_ID="18" DEPTH_LEVEL="1">
			<L BOX="84 133 799 162"/>
			<W BOX="84 133 152 161" STYLE_REF="5">proper</W>
			<W BOX="166 133 323 161" STYLE_REF="5">accommodation</W>
			<W BOX="335 133 363 161" STYLE_REF="5">for</W>
			<W BOX="377 133 429 161" STYLE_REF="5">them</W>
			<W BOX="442 133 462 161" STYLE_REF="5">in</W>
			<W BOX="474 133 507 161" STYLE_REF="5">the</W>
			<W BOX="519 133 581 162" STYLE_REF="5">Home</W>
			<W BOX="595 133 655 162" STYLE_REF="5">under</W>
			<W BOX="663 133 710 162" STYLE_REF="5">such</W>
			<Q BOX="719 133 791 162" STYLE_REF="5" QID="4">circum</Q>
			<Q BOX="791 133 799 162" STYLE_REF="5" QID="4">-</Q>
			<L BOX="84 156 795 185"/>
			<q BOX="84 156 159 184" STYLE_REF="5" NS="y" QID="4">stances</q>
			<QW QID="4">circumstances</QW>
			<W BOX="159 156 165 184" STYLE_REF="5">.</W>
			<W BOX="190 156 247 184" STYLE_REF="5">Sister</W>
			<W BOX="257 156 275 184" STYLE_REF="5" NS="y">A</W>
			<Q BOX="275 156 281 184" STYLE_REF="5" QID="5">.</Q>
			<q BOX="281 156 288 184" STYLE_REF="5" QID="5">,</q>
			<QW QID="5">.,</QW>
			<W BOX="295 156 385 184" STYLE_REF="5" NS="y">however</W>
			<W BOX="385 156 390 184" STYLE_REF="5">,</W>
			<W BOX="398 156 438 185" STYLE_REF="5">said</W>
			<W BOX="449 156 492 185" STYLE_REF="5">that</W>
			<W BOX="504 156 550 185" STYLE_REF="5">they</W>
			<W BOX="558 157 652 185" STYLE_REF="5">regretted</W>
			<W BOX="661 157 681 185" STYLE_REF="5">to</W>
			<W BOX="689 157 735 185" STYLE_REF="5">send</W>
			<W BOX="743 157 795 185" STYLE_REF="5">them</W>
		</Primitive>
		<Primitive BOX="24 179 829 232" ID="Ar0220002" SEQ_NO="2" TOC_ENTRY_ID="18" DEPTH_LEVEL="1">
			<L BOX="84 179 797 210"/>
			<W BOX="84 179 131 207" STYLE_REF="5">from</W>
			<W BOX="143 179 193 208" STYLE_REF="5">their</W>
			<W BOX="205 179 246 208" STYLE_REF="5" NS="y">care</W>
			<W BOX="247 179 252 208" STYLE_REF="5">,</W>
			<W BOX="265 180 285 208" STYLE_REF="5">as</W>
			<W BOX="298 180 322 208" STYLE_REF="5">on</W>
			<W BOX="336 180 386 208" STYLE_REF="5">their</W>
			<W BOX="397 180 462 208" STYLE_REF="5">return</W>
			<Q BOX="475 180 497 208" STYLE_REF="5" QID="6">th</Q>
			<q BOX="498 180 521 208" STYLE_REF="5" QID="6">ey</q>
			<QW QID="6">they</QW>
			<Q BOX="533 180 617 208" STYLE_REF="5" QID="7">generall</Q>
			<q BOX="617 181 631 210" STYLE_REF="5" QID="7">y</q>
			<QW QID="7">generally</QW>
			<W BOX="642 180 701 208" STYLE_REF="5">found</W>
			<W BOX="714 180 734 208" STYLE_REF="5">to</W>
			<W BOX="746 180 797 208" STYLE_REF="5">their</W>
			<L BOX="84 202 793 232"/>
			<W BOX="84 202 131 230" STYLE_REF="5">grief</W>
			<W BOX="148 202 190 230" STYLE_REF="5" NS="y">that</W>
			<W BOX="197 202 199 230" STYLE_REF="5">.</W>
			<Q BOX="206 205 240 230" STYLE_REF="24" QID="8">mor</Q>
			<Q BOX="240 203 251 232" STYLE_REF="6" QID="8">a</Q>
			<Q BOX="252 205 263 230" STYLE_REF="24" QID="8">ll</Q>
			<q BOX="261 203 272 231" STYLE_REF="6" QID="8">y</q>
			<QW QID="8">morally</QW>
			<Q BOX="288 203 310 231" STYLE_REF="5" QID="9">th</Q>
			<q BOX="311 203 333 231" STYLE_REF="5" QID="9">ey</q>
			<QW QID="9">they</QW>
			<W BOX="347 203 384 231" STYLE_REF="5">had</W>
			<W BOX="400 203 521 231" STYLE_REF="5" NS="y">retrograded</W>
			<W BOX="521 203 528 231" STYLE_REF="5">.</W>
			<W BOX="553 203 594 231" STYLE_REF="5">The</W>
			<W BOX="607 204 689 232" STYLE_REF="5">greatest</W>
			<W BOX="703 204 793 232" STYLE_REF="5">difficulty</W>
		</Primitive>
		<Primitive BOX="24 226 829 279" ID="Ar0220003" SEQ_NO="3" TOC_ENTRY_ID="18" DEPTH_LEVEL="1">
			<L BOX="82 226 796 255"/>
			<W BOX="82 226 143 254" STYLE_REF="5">seems</W>
			<W BOX="155 226 175 254" STYLE_REF="5">to</W>
			<W BOX="188 226 212 254" STYLE_REF="5">be</W>
			<W BOX="224 226 339 254" STYLE_REF="5">preventing</W>
			<W BOX="351 226 384 254" STYLE_REF="5">the</W>
			<Q BOX="396 226 410 254" STYLE_REF="5" QID="10">g</Q>
			<Q BOX="410 226 432 254" STYLE_REF="5" QID="10">irl</Q>
			<q BOX="434 227 443 255" STYLE_REF="5" QID="10">s</q>
			<QW QID="10">girls</QW>
			<W BOX="456 227 568 255" STYLE_REF="5">conversing</W>
			<W BOX="582 227 668 255" STYLE_REF="5">together</W>
			<W BOX="682 227 733 255" STYLE_REF="5">upon</W>
			<W BOX="746 227 796 255" STYLE_REF="5">their</W>
			<L BOX="82 250 796 279"/>
			<W BOX="82 250 124 278" STYLE_REF="5">past</W>
			<W BOX="131 250 180 278" STYLE_REF="5" NS="y">lives</W>
			<W BOX="180 250 186 278" STYLE_REF="5">.</W>
			<W BOX="211 250 243 278" STYLE_REF="5">All</W>
			<W BOX="252 250 293 278" STYLE_REF="5">that</W>
			<W BOX="301 250 385 278" STYLE_REF="5">reminds</W>
			<W BOX="392 250 444 278" STYLE_REF="5">them</W>
			<W BOX="453 250 471 278" STYLE_REF="5">of</W>
			<W BOX="482 250 512 278" STYLE_REF="5">old</W>
			<W BOX="524 250 644 278" STYLE_REF="5">associations</W>
			<W BOX="655 250 715 279" STYLE_REF="5">seems</W>
			<W BOX="727 250 747 279" STYLE_REF="5">to</W>
			<W BOX="759 250 796 279" STYLE_REF="5">call</W>
		</Primitive>
		<Primitive BOX="24 273 829 327" ID="Ar0220004" SEQ_NO="4" TOC_ENTRY_ID="18" DEPTH_LEVEL="1">
			<L BOX="82 273 795 303"/>
			<W BOX="82 273 108 302" STYLE_REF="5">up</W>
			<W BOX="121 273 154 302" STYLE_REF="5">the</W>
			<W BOX="167 273 205 302" STYLE_REF="5">evil</W>
			<W BOX="217 273 284 302" STYLE_REF="5">within</W>
			<W BOX="297 273 350 302" STYLE_REF="5" NS="y">them</W>
			<W BOX="350 273 357 302" STYLE_REF="5">.</W>
			<W BOX="381 273 412 302" STYLE_REF="5">An</W>
			<W BOX="424 273 462 302" STYLE_REF="5">evil</W>
			<Q BOX="470 274 484 303" STYLE_REF="5" QID="11">g</Q>
			<q BOX="483 274 507 302" STYLE_REF="5" QID="11">irl</q>
			<QW QID="11">girl</QW>
			<W BOX="516 274 602 302" STYLE_REF="5">amongst</W>
			<W BOX="610 274 644 302" STYLE_REF="5">the</W>
			<W BOX="650 274 747 303" STYLE_REF="5">penitents</W>
			<Q BOX="754 273 762 302" STYLE_REF="5" LH="y" QID="12">-</Q>
			<q BOX="760 273 795 302" STYLE_REF="5" QID="12">will</q>
			<QW QID="12">-will</QW>
			<L BOX="82 297 796 327"/>
			<W BOX="82 297 131 325" STYLE_REF="5">often</W>
			<W BOX="142 297 165 325" STYLE_REF="5">do</W>
			<W BOX="174 297 298 325" STYLE_REF="5">incalculable</W>
			<W BOX="305 297 392 325" STYLE_REF="5" NS="y">mischief</W>
			<W BOX="394 297 399 325" STYLE_REF="5">,</W>
			<W BOX="409 297 443 326" STYLE_REF="5">but</W>
			<W BOX="451 297 498 326" STYLE_REF="5">then</W>
			<W BOX="507 297 530 326" STYLE_REF="5">on</W>
			<W BOX="539 297 571 326" STYLE_REF="5">the</W>
			<W BOX="580 298 667 326" STYLE_REF="5">contrary</W>
			<W BOX="676 298 724 327" STYLE_REF="5">good</W>
			<Q BOX="734 298 788 327" STYLE_REF="5" QID="13">exam</Q>
			<Q BOX="788 298 796 327" STYLE_REF="5" QID="13">-</Q>
		</Primitive>
		<Primitive BOX="24 320 829 376" ID="Ar0220005" SEQ_NO="5" TOC_ENTRY_ID="18" DEPTH_LEVEL="1">
			<L BOX="81 320 543 350"/>
			<Q BOX="81 321 94 350" STYLE_REF="5" QID="13">p</Q>
			<q BOX="94 320 113 349" STYLE_REF="5" QID="13">le</q>
			<QW QID="13">example</QW>
			<W BOX="121 321 214 349" STYLE_REF="5">produces</W>
			<W BOX="222 321 248 349" STYLE_REF="5">its</W>
			<W BOX="256 321 311 349" STYLE_REF="5">fruits</W>
			<W BOX="320 321 341 349" STYLE_REF="5">in</W>
			<Q BOX="350 321 366 349" STYLE_REF="5" QID="14">al</Q>
			<q BOX="368 321 418 349" STYLE_REF="5" QID="14">most</q>
			<QW QID="14">almost</QW>
			<W BOX="426 321 480 349" STYLE_REF="5">equal</W>
			<W BOX="490 321 537 349" STYLE_REF="5" NS="y">ratio</W>
			<W BOX="537 321 543 349" STYLE_REF="5">.</W>
			<L BOX="105 344 794 376"/>
			<W BOX="105 344 152 372" STYLE_REF="5">This</W>
			<W BOX="164 344 268 372" STYLE_REF="5">particular</W>
			<W BOX="279 344 411 372" STYLE_REF="5">Penitentiary</W>
			<W BOX="418 345 435 373" STYLE_REF="5">is</W>
			<W BOX="443 345 453 373" STYLE_REF="5">a</W>
			<W BOX="465 345 504 373" STYLE_REF="5">sort</W>
			<W BOX="514 345 532 374" STYLE_REF="5">of</W>
			<W BOX="547 347 558 376" STYLE_REF="5">"</W>
			<W BOX="564 345 655 373" STYLE_REF="5">finishing</W>
			<W BOX="668 345 733 373" STYLE_REF="5" NS="y">school</W>
			<W BOX="733 345 740 373" STYLE_REF="5" NS="y">.</W>
			<W BOX="741 345 751 374" STYLE_REF="5">"</W>
			<W BOX="775 345 794 374" STYLE_REF="5">It</W>
		</Primitive>
		<Primitive BOX="24 368 829 421" ID="Ar0220006" SEQ_NO="6" TOC_ENTRY_ID="18" DEPTH_LEVEL="1">
			<L BOX="80 368 792 397"/>
			<W BOX="80 368 97 396" STYLE_REF="5">is</W>
			<W BOX="105 368 116 396" STYLE_REF="5">a</W>
			<Q BOX="124 369 138 397" STYLE_REF="5" QID="15">p</Q>
			<q BOX="138 368 179 396" STYLE_REF="5" QID="15">lace</q>
			<QW QID="15">place</QW>
			<W BOX="188 368 207 396" STYLE_REF="5">to</W>
			<W BOX="214 368 278 396" STYLE_REF="5">which</W>
			<Q BOX="285 369 299 397" STYLE_REF="5" QID="16">g</Q>
			<q BOX="299 368 332 396" STYLE_REF="5" QID="16">irls</q>
			<QW QID="16">girls</QW>
			<W BOX="341 368 384 396" STYLE_REF="5">who</W>
			<Q BOX="395 368 432 396" STYLE_REF="5" QID="17">hav</Q>
			<q BOX="433 369 443 397" STYLE_REF="5" QID="17">e</q>
			<QW QID="17">have</QW>
			<W BOX="455 369 504 397" STYLE_REF="5">been</W>
			<Q BOX="514 369 574 397" STYLE_REF="5" QID="18">broug</Q>
			<q BOX="575 369 597 397" STYLE_REF="5" QID="18">ht</q>
			<QW QID="18">brought</QW>
			<W BOX="609 369 650 397" STYLE_REF="5">into</W>
			<W BOX="662 369 714 397" STYLE_REF="5">some</W>
			<W BOX="725 369 792 397" STYLE_REF="5">degree</W>
			<L BOX="79 391 791 421"/>
			<W BOX="79 391 97 420" STYLE_REF="5">of</W>
			<W BOX="106 391 160 420" STYLE_REF="5">order</W>
			<W BOX="169 391 190 420" STYLE_REF="5">in</W>
			<W BOX="199 391 277 420" STYLE_REF="5">Refuges</W>
			<W BOX="286 391 317 420" STYLE_REF="5">are</W>
			<W BOX="326 391 368 420" STYLE_REF="5" NS="y">sent</W>
			<W BOX="368 391 375 420" STYLE_REF="5">.</W>
			<W BOX="400 391 427 420" STYLE_REF="5">To</W>
			<W BOX="437 392 495 420" STYLE_REF="5">bring</W>
			<Q BOX="504 393 518 421" STYLE_REF="5" QID="19">g</Q>
			<q BOX="517 392 550 421" STYLE_REF="5" QID="19">irls</q>
			<QW QID="19">girls</QW>
			<W BOX="563 392 603 421" STYLE_REF="5">into</W>
			<W BOX="616 392 655 421" STYLE_REF="5">this</W>
			<W BOX="668 392 731 421" STYLE_REF="5">Home</W>
			<W BOX="743 393 791 421" STYLE_REF="5">fresh</W>
		</Primitive>
		<Primitive BOX="24 415 829 468" ID="Ar0220007" SEQ_NO="7" TOC_ENTRY_ID="18" DEPTH_LEVEL="1">
			<L BOX="80 415 792 445"/>
			<W BOX="80 415 127 443" STYLE_REF="5">from</W>
			<W BOX="141 415 175 443" STYLE_REF="5">the</W>
			<W BOX="186 415 252 443" STYLE_REF="5">streets</W>
			<W BOX="265 415 285 443" STYLE_REF="5">or</W>
			<W BOX="298 415 359 443" STYLE_REF="5">direct</W>
			<W BOX="372 415 419 443" STYLE_REF="5">from</W>
			<W BOX="431 416 497 444" STYLE_REF="5">prison</W>
			<W BOX="505 416 567 444" STYLE_REF="5" NS="y">would</W>
			<W BOX="569 416 574 444" STYLE_REF="5">,</W>
			<W BOX="584 417 617 445" STYLE_REF="5">the</W>
			<W BOX="625 417 706 445" STYLE_REF="5">Warden</W>
			<W BOX="717 417 792 445" STYLE_REF="5">assured</W>
			<L BOX="78 439 794 468"/>
			<W BOX="78 441 110 466" STYLE_REF="24" NS="y">me</W>
			<W BOX="109 439 115 467" STYLE_REF="5">,</W>
			<W BOX="123 439 147 467" STYLE_REF="5">be</W>
			<W BOX="156 439 196 467" STYLE_REF="5">like</W>
			<Q BOX="204 439 259 467" STYLE_REF="5" QID="20">bring</Q>
			<q BOX="260 439 292 467" STYLE_REF="5" QID="20">ing</q>
			<QW QID="20">bringing</QW>
			<W BOX="300 439 365 468" STYLE_REF="5">poison</W>
			<W BOX="374 439 412 468" STYLE_REF="5">and</W>
			<W BOX="421 439 477 468" STYLE_REF="5">death</W>
			<W BOX="485 439 506 468" STYLE_REF="5">to</W>
			<W BOX="514 439 548 468" STYLE_REF="5">the</W>
			<W BOX="555 440 650 468" STYLE_REF="5" NS="y">penitents</W>
			<W BOX="651 440 656 468" STYLE_REF="5">.</W>
			<W BOX="681 440 719 468" STYLE_REF="5">His</W>
			<W BOX="727 440 769 468" STYLE_REF="5">idea</W>
			<W BOX="777 440 794 468" STYLE_REF="5">is</W>
		</Primitive>
		<Primitive BOX="24 463 829 516" ID="Ar0220008" SEQ_NO="8" TOC_ENTRY_ID="18" DEPTH_LEVEL="1">
			<L BOX="77 463 792 492"/>
			<W BOX="77 463 119 491" STYLE_REF="5">that</W>
			<Q BOX="130 463 170 491" STYLE_REF="5" QID="21">refo</Q>
			<Q BOX="171 463 200 491" STYLE_REF="5" QID="21">rm</Q>
			<q BOX="201 463 250 491" STYLE_REF="5" QID="21">ation</q>
			<QW QID="21">reformation</QW>
			<W BOX="264 463 283 491" STYLE_REF="5">at</W>
			<W BOX="295 463 337 491" STYLE_REF="5">best</W>
			<W BOX="350 463 435 491" STYLE_REF="5">amongst</W>
			<W BOX="447 464 501 492" STYLE_REF="5">these</W>
			<W BOX="512 464 603 492" STYLE_REF="5">unhappy</W>
			<W BOX="613 464 686 492" STYLE_REF="5">women</W>
			<W BOX="697 464 715 492" STYLE_REF="5">is</W>
			<W BOX="726 464 737 492" STYLE_REF="5">a</W>
			<W BOX="745 464 792 492" STYLE_REF="5">very</W>
			<L BOX="77 486 794 516"/>
			<W BOX="77 486 124 514" STYLE_REF="5">long</W>
			<W BOX="131 486 206 514" STYLE_REF="5">process</W>
			<W BOX="215 486 282 514" STYLE_REF="5" NS="y">indeed</W>
			<W BOX="282 486 289 514" STYLE_REF="5">.</W>
			<W BOX="314 486 333 514" STYLE_REF="5">It</W>
			<W BOX="342 486 359 514" STYLE_REF="5">is</W>
			<W BOX="367 486 377 514" STYLE_REF="5">a</W>
			<Q BOX="386 486 394 514" STYLE_REF="5" LH="y" QID="22">-</Q>
			<q BOX="392 486 438 514" STYLE_REF="5" QID="22">work</q>
			<QW QID="22">-work</QW>
			<W BOX="447 487 465 515" STYLE_REF="5">of</W>
			<W BOX="474 487 520 515" STYLE_REF="5">time</W>
			<W BOX="528 487 565 515" STYLE_REF="5">and</W>
			<W BOX="573 487 617 515" STYLE_REF="6" NS="y">habit</W>
			<W BOX="618 488 626 516" STYLE_REF="6">,</W>
			<W BOX="633 487 685 515" STYLE_REF="5">more</W>
			<W BOX="694 487 739 515" STYLE_REF="5">than</W>
			<Q BOX="747 487 783 516" STYLE_REF="5" QID="23">any</Q>
			<Q BOX="785 488 794 516" STYLE_REF="5" QID="23">-</Q>
		</Primitive>
		<Primitive BOX="24 510 829 564" ID="Ar0220009" SEQ_NO="9" TOC_ENTRY_ID="18" DEPTH_LEVEL="1">
			<L BOX="76 510 792 540"/>
			<q BOX="76 510 133 538" STYLE_REF="5" QID="23">thing</q>
			<QW QID="23">anything</QW>
			<W BOX="140 510 179 538" STYLE_REF="5" NS="y">else</W>
			<W BOX="181 510 185 538" STYLE_REF="5">.</W>
			<W BOX="210 510 240 538" STYLE_REF="5">He</W>
			<W BOX="253 510 311 538" STYLE_REF="5">never</W>
			<W BOX="323 510 406 538" STYLE_REF="5">receives</W>
			<W BOX="420 510 430 538" STYLE_REF="5">a</W>
			<Q BOX="444 511 457 539" STYLE_REF="5" QID="24">g</Q>
			<q BOX="458 511 481 539" STYLE_REF="5" QID="24">irl</q>
			<QW QID="24">girl</QW>
			<Q BOX="493 511 576 539" STYLE_REF="5" QID="25">nominal</Q>
			<Q BOX="577 511 585 539" STYLE_REF="5" QID="25">l</Q>
			<q BOX="584 512 598 540" STYLE_REF="5" QID="25">y</q>
			<QW QID="25">nominally</QW>
			<W BOX="610 511 638 539" STYLE_REF="5">for</W>
			<W BOX="649 511 687 539" STYLE_REF="5">less</W>
			<W BOX="697 511 744 539" STYLE_REF="5">than</W>
			<W BOX="754 511 792 539" STYLE_REF="5">two</W>
			<L BOX="76 534 790 564"/>
			<W BOX="76 534 131 562" STYLE_REF="5">years</W>
			<W BOX="137 534 142 562" STYLE_REF="5">:</W>
			<W BOX="156 534 191 562" STYLE_REF="5">she</W>
			<W BOX="201 534 244 562" STYLE_REF="5" NS="y">may</W>
			<W BOX="244 534 250 562" STYLE_REF="5">,</W>
			<W BOX="258 534 347 562" STYLE_REF="5" NS="y">however</W>
			<W BOX="348 534 353 562" STYLE_REF="5">,</W>
			<W BOX="365 535 407 563" STYLE_REF="5">stay</W>
			<W BOX="416 535 464 563" STYLE_REF="5">with</W>
			<W BOX="476 535 517 563" STYLE_REF="5">him</W>
			<W BOX="530 535 540 563" STYLE_REF="5">a</W>
			<W BOX="554 535 625 563" STYLE_REF="5">shorter</W>
			<W BOX="637 535 684 563" STYLE_REF="5" NS="y">time</W>
			<W BOX="684 535 690 564" STYLE_REF="5">,</W>
			<W BOX="702 535 737 564" STYLE_REF="5">but</W>
			<W BOX="750 535 790 564" STYLE_REF="5">that</W>
		</Primitive>
		<Primitive BOX="24 557 829 611" ID="Ar0220010" SEQ_NO="10" TOC_ENTRY_ID="18" DEPTH_LEVEL="1">
			<L BOX="76 557 791 587"/>
			<W BOX="76 557 160 586" STYLE_REF="5">depends</W>
			<W BOX="168 558 219 586" STYLE_REF="5">upon</W>
			<W BOX="229 558 263 586" STYLE_REF="5">the</W>
			<Q BOX="274 558 287 586" STYLE_REF="5" QID="26">g</Q>
			<q BOX="286 558 311 586" STYLE_REF="5" QID="26">irl</q>
			<QW QID="26">girl</QW>
			<W BOX="324 558 394 586" STYLE_REF="5" NS="y">herself</W>
			<W BOX="394 558 400 586" STYLE_REF="5">.</W>
			<W BOX="426 559 481 587" STYLE_REF="5">Hope</W>
			<W BOX="490 559 507 587" STYLE_REF="5">is</W>
			<W BOX="515 559 538 587" STYLE_REF="5">an</W>
			<W BOX="548 559 629 587" STYLE_REF="5">element</W>
			<Q BOX="637 559 707 587" STYLE_REF="5" QID="27">throug</Q>
			<q BOX="705 559 719 587" STYLE_REF="5" QID="27">h</q>
			<QW QID="27">through</QW>
			<W BOX="727 559 791 587" STYLE_REF="5">which</W>
			<L BOX="76 581 790 611"/>
			<W BOX="76 581 115 609" STYLE_REF="5">this</W>
			<W BOX="126 581 173 609" STYLE_REF="5">good</W>
			<W BOX="184 581 227 609" STYLE_REF="5">man</W>
			<Q BOX="240 581 328 609" STYLE_REF="5" QID="28">especiall</Q>
			<q BOX="329 582 343 611" STYLE_REF="5" QID="28">y</q>
			<QW QID="28">especially</QW>
			<W BOX="350 581 415 610" STYLE_REF="5" NS="y">works</W>
			<W BOX="415 581 421 610" STYLE_REF="5">.</W>
			<W BOX="444 582 475 610" STYLE_REF="5">He</W>
			<W BOX="486 582 522 610" STYLE_REF="5">and</W>
			<W BOX="536 582 568 610" STYLE_REF="5">the</W>
			<W BOX="581 583 648 611" STYLE_REF="5">Sisters</W>
			<W BOX="662 583 733 611" STYLE_REF="5">always</W>
			<W BOX="746 583 790 611" STYLE_REF="5">hold</W>
		</Primitive>
		<Primitive BOX="24 605 829 659" ID="Ar0220011" SEQ_NO="11" TOC_ENTRY_ID="18" DEPTH_LEVEL="1">
			<L BOX="76 605 790 636"/>
			<W BOX="76 605 102 633" STYLE_REF="5">up</W>
			<W BOX="114 605 165 633" STYLE_REF="5">their</W>
			<W BOX="176 605 236 633" STYLE_REF="5">future</W>
			<W BOX="248 605 310 633" STYLE_REF="5">career</W>
			<W BOX="322 605 341 633" STYLE_REF="5">to</W>
			<W BOX="352 605 385 633" STYLE_REF="5">the</W>
			<Q BOX="398 606 412 635" STYLE_REF="5" QID="29">g</Q>
			<Q BOX="412 606 437 634" STYLE_REF="5" QID="29">irl</Q>
			<q BOX="437 606 446 634" STYLE_REF="5" QID="29">s</q>
			<QW QID="29">girls</QW>
			<W BOX="458 606 479 634" STYLE_REF="5">as</W>
			<W BOX="490 606 522 634" STYLE_REF="5">the</W>
			<W BOX="533 606 574 635" STYLE_REF="5">goal</W>
			<W BOX="585 606 605 635" STYLE_REF="5">to</W>
			<W BOX="618 606 642 635" STYLE_REF="5">be</W>
			<Q BOX="651 606 698 635" STYLE_REF="5" QID="30">striv</Q>
			<q BOX="700 606 724 635" STYLE_REF="5" QID="30">en</q>
			<QW QID="30">striven</QW>
			<W BOX="735 606 781 635" STYLE_REF="5" NS="y">after</W>
			<W BOX="784 607 790 636" STYLE_REF="5">,</W>
			<L BOX="76 628 760 659"/>
			<W BOX="76 628 109 657" STYLE_REF="5">but</W>
			<W BOX="118 628 134 657" STYLE_REF="5">it</W>
			<W BOX="143 628 177 657" STYLE_REF="5">can</W>
			<Q BOX="186 628 218 657" STYLE_REF="5" QID="31">onl</Q>
			<q BOX="219 629 231 658" STYLE_REF="5" QID="31">y</q>
			<QW QID="31">only</QW>
			<W BOX="240 629 262 657" STYLE_REF="5">be</W>
			<W BOX="270 629 352 657" STYLE_REF="5">attained</W>
			<Q BOX="362 629 374 657" STYLE_REF="5" QID="32">b</Q>
			<q BOX="374 629 388 658" STYLE_REF="5" QID="32">y</q>
			<QW QID="32">by</QW>
			<W BOX="395 629 471 658" STYLE_REF="5">faithful</W>
			<W BOX="480 629 580 658" STYLE_REF="5">fulfilment</W>
			<W BOX="591 630 609 658" STYLE_REF="5">of</W>
			<W BOX="618 630 694 658" STYLE_REF="5">present</W>
			<W BOX="702 630 748 658" STYLE_REF="5" NS="y">duty</W>
			<W BOX="752 631 760 659" STYLE_REF="5">.</W>
		</Primitive>
		<Primitive BOX="24 652 829 706" ID="Ar0220012" SEQ_NO="12" TOC_ENTRY_ID="18" DEPTH_LEVEL="1">
			<L BOX="99 652 790 683"/>
			<W BOX="99 652 123 680" STYLE_REF="5">In</W>
			<W BOX="138 652 203 680" STYLE_REF="5">course</W>
			<W BOX="216 652 235 680" STYLE_REF="5" NS="y">of</W>
			<W BOX="237 654 239 683" STYLE_REF="5">.</W>
			<W BOX="247 653 293 681" STYLE_REF="5">time</W>
			<W BOX="306 653 339 681" STYLE_REF="5">the</W>
			<W BOX="348 653 428 681" STYLE_REF="5">Warden</W>
			<W BOX="442 653 502 681" STYLE_REF="5">hopes</W>
			<W BOX="515 654 557 682" STYLE_REF="5">that</W>
			<W BOX="569 654 616 682" STYLE_REF="5">they</W>
			<W BOX="623 654 673 682" STYLE_REF="5">shall</W>
			<W BOX="686 654 710 682" STYLE_REF="5">be</W>
			<W BOX="718 654 760 682" STYLE_REF="5">able</W>
			<W BOX="768 654 790 683" STYLE_REF="5">to</W>
			<L BOX="74 676 789 706"/>
			<W BOX="74 676 164 704" STYLE_REF="5">establish</W>
			<W BOX="178 676 189 704" STYLE_REF="5">a</W>
			<W BOX="203 676 273 704" STYLE_REF="5">Refuge</W>
			<W BOX="286 677 305 705" STYLE_REF="5">in</W>
			<W BOX="320 677 425 705" STYLE_REF="5">connexion</W>
			<Q BOX="433 677 450 705" STYLE_REF="5" QID="33">w</Q>
			<q BOX="451 677 480 705" STYLE_REF="5" QID="33">ith</q>
			<QW QID="33">with</QW>
			<W BOX="492 677 525 705" STYLE_REF="5">the</W>
			<Q BOX="537 677 664 705" STYLE_REF="5" QID="34">Penitentiary</Q>
			<Q BOX="664 677 690 705" STYLE_REF="5" LH="y" QID="34">�</Q>
			<q BOX="692 678 703 706" STYLE_REF="5" QID="34">a</q>
			<QW QID="34">Penitentiary�a</QW>
			<Q BOX="716 678 761 706" STYLE_REF="5" QID="35">Refu</Q>
			<q BOX="765 678 789 706" STYLE_REF="5" QID="35">ge</q>
			<QW QID="35">Refuge</QW>
		</Primitive>
		<Primitive BOX="24 699 829 754" ID="Ar0220013" SEQ_NO="13" TOC_ENTRY_ID="18" DEPTH_LEVEL="1">
			<L BOX="74 699 789 730"/>
			<W BOX="74 699 114 728" STYLE_REF="5">into</W>
			<W BOX="122 699 187 728" STYLE_REF="5">which</W>
			<W BOX="197 699 221 728" STYLE_REF="5">he</W>
			<W BOX="233 699 274 728" STYLE_REF="5">will</W>
			<W BOX="285 699 309 728" STYLE_REF="5">be</W>
			<Q BOX="321 699 363 728" STYLE_REF="5" QID="36">read</Q>
			<q BOX="365 701 379 729" STYLE_REF="5" QID="36">y</q>
			<QW QID="36">ready</QW>
			<W BOX="386 701 407 729" STYLE_REF="5">to</W>
			<W BOX="418 701 490 729" STYLE_REF="5">receive</W>
			<W BOX="501 701 533 729" STYLE_REF="5">the</W>
			<W BOX="545 701 584 729" STYLE_REF="5">raw</W>
			<W BOX="596 701 682 729" STYLE_REF="5">material</W>
			<W BOX="692 701 755 729" STYLE_REF="5">which</W>
			<W BOX="764 701 789 730" STYLE_REF="5">he</W>
			<L BOX="73 723 787 754"/>
			<W BOX="73 723 109 751" STYLE_REF="5">and</W>
			<W BOX="118 723 152 751" STYLE_REF="5">the</W>
			<W BOX="160 723 226 751" STYLE_REF="5">Sisters</W>
			<W BOX="234 723 274 751" STYLE_REF="5">will</W>
			<W BOX="282 723 329 751" STYLE_REF="5">then</W>
			<W BOX="337 724 443 752" STYLE_REF="5">endeavour</W>
			<W BOX="451 724 471 752" STYLE_REF="5">to</W>
			<W BOX="480 724 559 752" STYLE_REF="5">prepare</W>
			<W BOX="567 724 595 752" STYLE_REF="5">for</W>
			<W BOX="603 724 636 752" STYLE_REF="5">the</W>
			<Q BOX="645 724 666 752" STYLE_REF="5" QID="37">hi</Q>
			<Q BOX="666 726 680 754" STYLE_REF="5" QID="37">g</Q>
			<q BOX="679 725 714 753" STYLE_REF="5" QID="37">her</q>
			<QW QID="37">higher</QW>
			<W BOX="722 725 787 753" STYLE_REF="5">school</W>
		</Primitive>
		<Primitive BOX="24 746 829 801" ID="Ar0220014" SEQ_NO="14" TOC_ENTRY_ID="18" DEPTH_LEVEL="1">
			<L BOX="74 746 788 777"/>
			<W BOX="74 747 91 775" STYLE_REF="5">of</W>
			<W BOX="100 746 199 775" STYLE_REF="5" NS="y">probation</W>
			<W BOX="201 746 208 775" STYLE_REF="5">.</W>
			<W BOX="225 747 265 775" STYLE_REF="5">One</W>
			<W BOX="272 747 329 775" STYLE_REF="5">thing</W>
			<W BOX="335 747 370 776" STYLE_REF="5">has</W>
			<W BOX="377 747 425 776" STYLE_REF="5">been</W>
			<W BOX="434 747 524 776" STYLE_REF="5">observed</W>
			<W BOX="533 747 554 776" STYLE_REF="5">in</W>
			<W BOX="562 748 595 776" STYLE_REF="5">the</W>
			<W BOX="603 748 668 777" STYLE_REF="5">course</W>
			<W BOX="674 748 691 777" STYLE_REF="5">of</W>
			<Q BOX="700 748 779 777" STYLE_REF="5" QID="38">reforma</Q>
			<Q BOX="780 748 788 777" STYLE_REF="5" QID="38">-</Q>
			<L BOX="72 770 787 801"/>
			<q BOX="72 770 112 799" STYLE_REF="5" QID="38">tion</q>
			<QW QID="38">reformation</QW>
			<W BOX="127 770 148 799" STYLE_REF="5">in</W>
			<W BOX="161 770 186 799" STYLE_REF="5">all</W>
			<W BOX="201 770 251 799" STYLE_REF="5" NS="y">cases</W>
			<W BOX="252 771 257 799" STYLE_REF="5">,</W>
			<W BOX="270 771 336 799" STYLE_REF="5">almost</W>
			<W BOX="350 771 431 799" STYLE_REF="5">without</W>
			<W BOX="443 772 482 800" STYLE_REF="5">any</W>
			<Q BOX="496 772 594 800" STYLE_REF="5" QID="39">exception</Q>
			<q BOX="616 772 652 800" STYLE_REF="5" QID="39">and</q>
			<QW QID="39">exceptionand</QW>
			<W BOX="666 772 706 800" STYLE_REF="5">this</W>
			<W BOX="717 772 734 800" STYLE_REF="5">is</W>
			<W BOX="746 772 787 801" STYLE_REF="5">that</W>
		</Primitive>
		<Primitive BOX="24 794 829 848" ID="Ar0220015" SEQ_NO="15" TOC_ENTRY_ID="18" DEPTH_LEVEL="1">
			<L BOX="597 772 602 800"/>
			<W BOX="597 772 602 800" STYLE_REF="5">,</W>
			<L BOX="72 794 786 825"/>
			<W BOX="72 794 118 822" STYLE_REF="5">after</W>
			<W BOX="132 794 189 822" STYLE_REF="5">about</W>
			<W BOX="200 794 238 822" STYLE_REF="5">two</W>
			<W BOX="249 794 327 822" STYLE_REF="5">months</W>
			<Q BOX="336 794 381 823" STYLE_REF="5" QID="40">from</Q>
			<q BOX="380 794 388 823" STYLE_REF="5" QID="40">-</q>
			<QW QID="40">from-</QW>
			<W BOX="394 795 428 823" STYLE_REF="5">the</W>
			<W BOX="439 795 486 823" STYLE_REF="5">time</W>
			<W BOX="494 795 505 823" STYLE_REF="5">a</W>
			<Q BOX="512 796 526 824" STYLE_REF="5" QID="41">g</Q>
			<q BOX="525 795 551 824" STYLE_REF="5" QID="41">irl</q>
			<QW QID="41">girl</QW>
			<W BOX="558 795 593 824" STYLE_REF="5">has</W>
			<W BOX="605 795 681 824" STYLE_REF="5">entered</W>
			<W BOX="693 796 704 825" STYLE_REF="5">a</W>
			<W BOX="714 796 786 825" STYLE_REF="5">Refuge</W>
			<L BOX="73 817 786 848"/>
			<W BOX="73 817 106 845" STYLE_REF="5">she</W>
			<Q BOX="115 817 152 845" STYLE_REF="5" QID="42">beg</Q>
			<q BOX="152 817 182 845" STYLE_REF="5" QID="42">ins</q>
			<QW QID="42">begins</QW>
			<W BOX="189 817 209 845" STYLE_REF="5">to</W>
			<W BOX="218 818 289 846" STYLE_REF="5">change</W>
			<W BOX="295 818 300 846" STYLE_REF="5">;</W>
			<W BOX="313 818 346 846" STYLE_REF="5">not</W>
			<W BOX="358 818 385 846" STYLE_REF="5">for</W>
			<W BOX="394 818 427 846" STYLE_REF="5">the</W>
			<W BOX="438 818 500 846" STYLE_REF="5" NS="y">better</W>
			<W BOX="502 818 507 846" STYLE_REF="5">,</W>
			<W BOX="517 819 544 847" STYLE_REF="6">but</W>
			<W BOX="553 819 606 847" STYLE_REF="6">rather</W>
			<W BOX="615 819 648 847" STYLE_REF="6">for</W>
			<W BOX="656 819 681 847" STYLE_REF="6">the</W>
			<W BOX="690 819 737 847" STYLE_REF="6" NS="y">worse</W>
			<W BOX="739 819 747 848" STYLE_REF="6">.</W>
			<W BOX="768 819 786 848" STYLE_REF="5">A</W>
		</Primitive>
		<Primitive BOX="24 841 829 895" ID="Ar0220016" SEQ_NO="16" TOC_ENTRY_ID="18" DEPTH_LEVEL="1">
			<L BOX="72 841 786 871"/>
			<W BOX="72 841 119 869" STYLE_REF="5">time</W>
			<W BOX="128 841 146 869" STYLE_REF="5">of</W>
			<W BOX="155 841 198 869" STYLE_REF="5">trial</W>
			<W BOX="207 841 240 869" STYLE_REF="5">has</W>
			<W BOX="248 841 322 869" STYLE_REF="5" NS="y">arrived</W>
			<W BOX="322 841 328 869" STYLE_REF="5">.</W>
			<W BOX="354 842 394 870" STYLE_REF="5">The</W>
			<W BOX="402 842 445 870" STYLE_REF="5">new</W>
			<W BOX="453 842 486 870" STYLE_REF="5">life</W>
			<W BOX="495 842 529 870" STYLE_REF="5">has</W>
			<W BOX="537 842 573 870" STYLE_REF="5">lost</W>
			<W BOX="582 842 608 871" STYLE_REF="5">its</W>
			<Q BOX="615 842 680 871" STYLE_REF="5" QID="43">novelt</Q>
			<q BOX="680 843 693 871" STYLE_REF="5" NS="y" QID="43">y</q>
			<QW QID="43">novelty</QW>
			<W BOX="693 843 700 871" STYLE_REF="5">,</W>
			<W BOX="708 843 745 871" STYLE_REF="5">and</W>
			<W BOX="753 843 786 871" STYLE_REF="5">the</W>
			<L BOX="71 864 784 895"/>
			<W BOX="71 864 116 893" STYLE_REF="5">poor</W>
			<W BOX="131 864 201 893" STYLE_REF="5">human</W>
			<W BOX="215 864 298 893" STYLE_REF="5">creature</W>
			<Q BOX="311 866 324 894" STYLE_REF="5" QID="44">p</Q>
			<q BOX="324 865 365 894" STYLE_REF="5" QID="44">ines</q>
			<QW QID="44">pines</QW>
			<W BOX="378 865 406 894" STYLE_REF="5">for</W>
			<W BOX="420 865 430 894" STYLE_REF="5">a</W>
			<W BOX="444 866 517 894" STYLE_REF="5" NS="y">change</W>
			<W BOX="517 866 523 894" STYLE_REF="5">.</W>
			<W BOX="549 866 595 894" STYLE_REF="5">This</W>
			<W BOX="606 866 623 894" STYLE_REF="5">is</W>
			<W BOX="635 866 645 894" STYLE_REF="5">a</W>
			<W BOX="656 866 703 894" STYLE_REF="5">very</W>
			<W BOX="713 867 784 895" STYLE_REF="5">critical</W>
		</Primitive>
		<Primitive BOX="24 888 829 943" ID="Ar0220017" SEQ_NO="17" TOC_ENTRY_ID="18" DEPTH_LEVEL="1">
			<L BOX="70 888 784 918"/>
			<W BOX="70 888 118 917" STYLE_REF="5" NS="y">time</W>
			<W BOX="118 888 124 917" STYLE_REF="5">.</W>
			<W BOX="150 888 186 917" STYLE_REF="5">She</W>
			<W BOX="199 888 249 917" STYLE_REF="5">must</W>
			<W BOX="262 888 285 917" STYLE_REF="5">be</W>
			<W BOX="298 888 430 917" STYLE_REF="5" NS="y">strengthened</W>
			<W BOX="434 889 439 917" STYLE_REF="5">,</W>
			<W BOX="453 890 569 918" STYLE_REF="5" NS="y">encouraged</W>
			<W BOX="571 890 576 918" STYLE_REF="5">,</W>
			<W BOX="590 890 699 918" STYLE_REF="5" NS="y">stimulated</W>
			<W BOX="699 890 706 918" STYLE_REF="5">.</W>
			<W BOX="734 890 784 918" STYLE_REF="5">Most</W>
			<L BOX="70 912 783 943"/>
			<Q BOX="70 912 147 940" STYLE_REF="5" QID="45">probabl</Q>
			<q BOX="148 912 161 941" STYLE_REF="5" QID="45">y</q>
			<QW QID="45">probably</QW>
			<W BOX="170 912 204 941" STYLE_REF="5">she</W>
			<W BOX="212 912 303 941" STYLE_REF="5">conquers</W>
			<W BOX="311 912 346 941" STYLE_REF="5">her</W>
			<W BOX="354 913 467 941" STYLE_REF="5">temptation</W>
			<W BOX="476 913 513 941" STYLE_REF="5">and</W>
			<W BOX="522 914 601 942" STYLE_REF="5">pursues</W>
			<W BOX="608 914 643 942" STYLE_REF="5">her</W>
			<W BOX="652 914 716 942" STYLE_REF="5">course</W>
			<Q BOX="728 915 769 943" STYLE_REF="5" QID="46">agai</Q>
			<q BOX="770 915 783 943" STYLE_REF="5" QID="46">n</q>
			<QW QID="46">again</QW>
		</Primitive>
		<Primitive BOX="24 936 829 990" ID="Ar0220018" SEQ_NO="18" TOC_ENTRY_ID="18" DEPTH_LEVEL="1">
			<L BOX="70 936 782 966"/>
			<Q BOX="70 936 125 964" STYLE_REF="5" QID="47">calml</Q>
			<q BOX="125 936 142 964" STYLE_REF="5" NS="y" QID="47">y</q>
			<QW QID="47">calmly</QW>
			<W BOX="142 936 150 964" STYLE_REF="5">:</W>
			<W BOX="164 936 198 964" STYLE_REF="5">but</W>
			<W BOX="212 936 266 964" STYLE_REF="5">again</W>
			<W BOX="280 936 317 965" STYLE_REF="5">and</W>
			<W BOX="331 936 387 965" STYLE_REF="5">again</W>
			<W BOX="400 936 439 965" STYLE_REF="5">this</W>
			<W BOX="453 936 499 965" STYLE_REF="5">trial</W>
			<W BOX="513 937 574 965" STYLE_REF="5">comes</W>
			<W BOX="589 937 608 966" STYLE_REF="5">at</W>
			<W BOX="623 937 694 966" STYLE_REF="5">certain</W>
			<W BOX="709 938 782 966" STYLE_REF="5">periods</W>
			<L BOX="70 960 783 990"/>
			<W BOX="70 960 88 988" STYLE_REF="5">of</W>
			<W BOX="98 960 131 988" STYLE_REF="5">her</W>
			<W BOX="143 960 241 988" STYLE_REF="5" NS="y">probation</W>
			<W BOX="243 960 248 988" STYLE_REF="5">,</W>
			<W BOX="257 960 290 988" STYLE_REF="5">but</W>
			<Q BOX="302 960 384 988" STYLE_REF="5" QID="48">generall</Q>
			<q BOX="385 961 399 989" STYLE_REF="5" QID="48">y</q>
			<QW QID="48">generally</QW>
			<W BOX="411 961 456 989" STYLE_REF="5">each</W>
			<W BOX="467 961 558 989" STYLE_REF="5">conquest</W>
			<W BOX="567 961 644 989" STYLE_REF="5">renders</W>
			<W BOX="653 961 687 989" STYLE_REF="5">the</W>
			<Q BOX="696 962 775 990" STYLE_REF="5" QID="49">succeed</Q>
			<Q BOX="775 962 783 990" STYLE_REF="5" QID="49">-</Q>
		</Primitive>
		<Primitive BOX="24 983 829 1038" ID="Ar0220019" SEQ_NO="19" TOC_ENTRY_ID="18" DEPTH_LEVEL="1">
			<L BOX="68 983 781 1014"/>
			<q BOX="68 983 102 1012" STYLE_REF="5" QID="49">ing</q>
			<QW QID="49">succeeding</QW>
			<W BOX="109 983 182 1012" STYLE_REF="5">attacks</W>
			<W BOX="191 983 209 1012" STYLE_REF="5">of</W>
			<W BOX="218 983 249 1012" STYLE_REF="5">the</W>
			<W BOX="258 983 326 1012" STYLE_REF="5">enemy</W>
			<W BOX="334 983 409 1012" STYLE_REF="5" NS="y">weaker</W>
			<W BOX="409 983 416 1012" STYLE_REF="5">.</W>
			<W BOX="434 985 475 1013" STYLE_REF="5">The</W>
			<W BOX="483 985 570 1013" STYLE_REF="5">prospect</W>
			<W BOX="577 985 595 1013" STYLE_REF="5">of</W>
			<W BOX="605 985 681 1013" STYLE_REF="5">leaving</W>
			<W BOX="690 986 701 1014" STYLE_REF="5">a</W>
			<W BOX="710 986 781 1014" STYLE_REF="5">Refuge</W>
			<L BOX="68 1007 783 1038"/>
			<W BOX="68 1007 104 1035" STYLE_REF="5">and</W>
			<W BOX="117 1007 205 1035" STYLE_REF="5">entering</W>
			<W BOX="213 1007 224 1035" STYLE_REF="5">a</W>
			<W BOX="236 1007 365 1035" STYLE_REF="5" NS="y">Penitentiary</W>
			<W BOX="367 1008 372 1037" STYLE_REF="5">,</W>
			<W BOX="384 1008 402 1036" STYLE_REF="5">of</W>
			<W BOX="417 1008 490 1036" STYLE_REF="5">change</W>
			<W BOX="502 1008 548 1037" STYLE_REF="5">from</W>
			<W BOX="563 1008 598 1037" STYLE_REF="5">one</W>
			<W BOX="609 1009 658 1037" STYLE_REF="5">class</W>
			<W BOX="668 1009 687 1038" STYLE_REF="5">to</W>
			<W BOX="698 1009 776 1038" STYLE_REF="5" NS="y">another</W>
			<W BOX="777 1009 783 1038" STYLE_REF="5">,</W>
		</Primitive>
		<Primitive BOX="24 1031 829 1085" ID="Ar0220020" SEQ_NO="20" TOC_ENTRY_ID="18" DEPTH_LEVEL="1">
			<L BOX="68 1031 782 1061"/>
			<W BOX="68 1031 114 1059" STYLE_REF="5">from</W>
			<W BOX="125 1031 161 1059" STYLE_REF="5">one</W>
			<W BOX="169 1031 216 1059" STYLE_REF="5">kind</W>
			<W BOX="225 1031 242 1059" STYLE_REF="5">of</W>
			<W BOX="254 1031 307 1059" STYLE_REF="5">work</W>
			<W BOX="315 1031 335 1059" STYLE_REF="5">to</W>
			<Q BOX="343 1031 366 1059" STYLE_REF="5" QID="50">an</Q>
			<Q BOX="368 1031 379 1059" STYLE_REF="5" QID="50">o</Q>
			<q BOX="379 1031 422 1059" STYLE_REF="5" NS="y" QID="50">ther</q>
			<QW QID="50">another</QW>
			<W BOX="423 1032 428 1060" STYLE_REF="5">,</W>
			<W BOX="436 1032 462 1060" STYLE_REF="5">all</W>
			<W BOX="471 1032 503 1060" STYLE_REF="5">act</W>
			<W BOX="512 1032 532 1060" STYLE_REF="5">as</W>
			<W BOX="540 1032 624 1060" STYLE_REF="5">salutary</W>
			<W BOX="634 1033 756 1061" STYLE_REF="5">incitements</W>
			<W BOX="762 1033 782 1061" STYLE_REF="5">to</W>
			<L BOX="68 1054 781 1085"/>
			<W BOX="68 1054 98 1083" STYLE_REF="5">his</W>
			<W BOX="106 1055 168 1083" STYLE_REF="5">hands</W>
			<Q BOX="177 1054 190 1083" STYLE_REF="5" QID="51">b</Q>
			<q BOX="190 1055 203 1084" STYLE_REF="5" QID="51">y</q>
			<QW QID="51">by</QW>
			<W BOX="212 1055 274 1084" STYLE_REF="5">which</W>
			<W BOX="286 1055 310 1084" STYLE_REF="5">he</W>
			<W BOX="321 1055 356 1084" STYLE_REF="5">can</W>
			<W BOX="366 1055 459 1084" STYLE_REF="5">influence</W>
			<W BOX="471 1055 522 1084" STYLE_REF="5">their</W>
			<Q BOX="534 1055 614 1084" STYLE_REF="5" QID="52">conduct</Q>
			<q BOX="629 1057 665 1085" STYLE_REF="5" QID="52">and</q>
			<QW QID="52">conductand</QW>
			<W BOX="676 1057 781 1085" STYLE_REF="5">encourage</W>
		</Primitive>
		<Primitive BOX="24 1078 829 1132" ID="Ar0220021" SEQ_NO="21" TOC_ENTRY_ID="18" DEPTH_LEVEL="1">
			<L BOX="615 1056 620 1085"/>
			<W BOX="615 1056 620 1085" STYLE_REF="5">,</W>
			<L BOX="66 1078 285 1107"/>
			<W BOX="66 1078 116 1106" STYLE_REF="5">their</W>
			<W BOX="124 1078 207 1106" STYLE_REF="5">fainting</W>
			<Q BOX="214 1079 235 1107" STYLE_REF="5" QID="53">sp</Q>
			<q BOX="236 1079 277 1107" STYLE_REF="5" NS="y" QID="53">irits</q>
			<QW QID="53">spirits</QW>
			<W BOX="277 1079 285 1107" STYLE_REF="5">.</W>
			<L BOX="91 1102 780 1132"/>
			<W BOX="91 1102 101 1130" STYLE_REF="5">I</W>
			<W BOX="114 1102 163 1130" STYLE_REF="5">have</W>
			<W BOX="174 1102 210 1130" STYLE_REF="5">had</W>
			<W BOX="223 1102 294 1130" STYLE_REF="5">further</W>
			<W BOX="307 1103 436 1131" STYLE_REF="5">conversation</W>
			<W BOX="446 1103 494 1131" STYLE_REF="5">with</W>
			<W BOX="504 1103 537 1131" STYLE_REF="5">the</W>
			<W BOX="545 1103 625 1132" STYLE_REF="5">Warden</W>
			<W BOX="636 1104 737 1132" STYLE_REF="5">regarding</W>
			<W BOX="748 1104 780 1132" STYLE_REF="5">the</W>
		</Primitive>
		<Primitive BOX="24 1126 829 1180" ID="Ar0220022" SEQ_NO="22" TOC_ENTRY_ID="18" DEPTH_LEVEL="1">
			<L BOX="65 1126 778 1156"/>
			<Q BOX="65 1126 161 1154" STYLE_REF="5" QID="54">Penitenti</Q>
			<q BOX="162 1126 196 1154" STYLE_REF="5" NS="y" QID="54">ary</q>
			<QW QID="54">Penitentiary</QW>
			<W BOX="197 1126 201 1154" STYLE_REF="5">.</W>
			<W BOX="227 1126 286 1154" STYLE_REF="5">When</W>
			<W BOX="300 1126 333 1154" STYLE_REF="5">the</W>
			<W BOX="345 1127 426 1155" STYLE_REF="5">Warden</W>
			<W BOX="436 1127 476 1155" STYLE_REF="5">first</W>
			<W BOX="489 1127 564 1155" STYLE_REF="5">entered</W>
			<W BOX="579 1128 630 1156" STYLE_REF="5">upon</W>
			<W BOX="643 1128 673 1156" STYLE_REF="5">his</W>
			<W BOX="686 1128 737 1156" STYLE_REF="5" NS="y">office</W>
			<W BOX="739 1127 744 1156" STYLE_REF="5">,</W>
			<W BOX="754 1128 778 1156" STYLE_REF="5">an</W>
			<L BOX="65 1150 780 1180"/>
			<W BOX="65 1150 162 1178" STYLE_REF="5">infirmary</W>
			<W BOX="168 1150 204 1178" STYLE_REF="5">and</W>
			<W BOX="214 1150 290 1178" STYLE_REF="5">surgery</W>
			<W BOX="297 1150 368 1179" STYLE_REF="5">existed</W>
			<W BOX="377 1150 398 1179" STYLE_REF="5">in</W>
			<W BOX="407 1150 439 1179" STYLE_REF="5">the</W>
			<W BOX="445 1150 505 1179" STYLE_REF="5" NS="y">house</W>
			<W BOX="505 1150 512 1179" STYLE_REF="5">.</W>
			<W BOX="527 1151 569 1179" STYLE_REF="5">The</W>
			<Q BOX="576 1152 589 1180" STYLE_REF="5" QID="55">p</Q>
			<Q BOX="589 1152 602 1180" STYLE_REF="5" QID="55">h</Q>
			<q BOX="602 1151 677 1180" STYLE_REF="5" QID="55">ysician</q>
			<QW QID="55">physician</QW>
			<W BOX="683 1151 770 1179" STYLE_REF="5" NS="y">attended</W>
			<W BOX="773 1151 780 1179" STYLE_REF="5">,</W>
		</Primitive>
		<Primitive BOX="24 1180 829 1219" ID="Ar0220023" SEQ_NO="23" TOC_ENTRY_ID="18" DEPTH_LEVEL="1">
			<L BOX="64 1173 778 1203"/>
			<W BOX="64 1174 97 1202" STYLE_REF="5">but</W>
			<W BOX="111 1174 144 1202" STYLE_REF="5">the</W>
			<W BOX="162 1173 228 1202" STYLE_REF="5">Sisters</W>
			<W BOX="245 1174 344 1203" STYLE_REF="5">dispensed</W>
			<W BOX="358 1174 394 1203" STYLE_REF="5">and</W>
			<W BOX="409 1175 542 1203" STYLE_REF="5">administered</W>
			<W BOX="557 1175 589 1203" STYLE_REF="5">the</W>
			<W BOX="602 1175 706 1203" STYLE_REF="5" NS="y">medicines</W>
			<W BOX="706 1175 713 1203" STYLE_REF="5">.</W>
			<W BOX="737 1175 778 1203" STYLE_REF="5">The</W>
		</Primitive>
	</Content>
	<TOC_Entries><TOC_Entry TOC_ENTRY_ID="47" TITLE=". at A few This High days institution ga..." ENTITY_ID_REF="Ar02200" PAGE_NO="22" PAGE_LABEL="22" PRIM_ID_REF="Ar0220000" IS_IC="true"/></TOC_Entries></XMD-entity>
