<?xml version="1.0" encoding="windows-1252" standalone="no"?>
<XMD-entity REPOSITORY_FORMAT="1.0" PRXML_VER="2.0" ENTITY_TYPE="Article" DOC_UID="EWJ_01/03/1858" DOC_VER="1" FIRST_TOC_ENTRY_ID="27" DEPTH_LEVEL="1" INDEX_IN_DOC="53" PAGE_NO="22" ID="Ar02201" BOX="24 12 829 78" LANGUAGE="English" SNP="Ar02201S.png" SNP_WIDTH="806" SNP_HEIGHT="67" LOGICAL_NAME="true">
	<Meta NAME="22 A HOUSE OF MERCY." DESCRIPTION="" SUBTYPE="" BASE_HREF="EWJ/1858/03/01" SOURCE_TYPE="TIFF" PUBLICATION="EWJ" SECTION="None" ISSUE_DATE="01/03/1858" WORDCNT="6" RELEASE_NO="041-EWJ-1858-03-01-001-SINGLE" PAGE_ID="" PAGE_TYPE="Single" PAGE_WIDTH="842" PAGE_HEIGHT="1244" DEFAULT_IMG_EXT="png" PDF_DESTINATION_MAPPED="OLV0_Entity_0022_0002" IMAGES_RESOLUTION="86" XMD_VER="2.6.238.8" PAGE_LABEL="22"/>
	<Link SOURCE="041-EWJ-1858-03-01-001-SINGLE.PDF" FIRST_ID="Ar00200" LAST_ID="Ar07201" NEXT_ID="" PREV_ID="Ar02200" TOC_ID="d:/Olive/Repository/EWJ/1858/03/01/TOC.xml"/>
	<DataFiles>
		<Files TYPE="DOC_PDF" PRESENT="1"/>
		<Files TYPE="PAGE_PDF" PRESENT="0"/>
		<Files TYPE="DOC_IMG" PRESENT="0"/>
		<Files TYPE="PAGE_IMG" PRESENT="0"/>
		<Files TYPE="PAGE_VIEW_IMG" PRESENT="1"/>
		<Files TYPE="PAGE_PREVIEW_IMG" PRESENT="1"/>
		<Files TYPE="PRIMITIVE_IMG" PRESENT="1"/>
		<Files TYPE="SNIPPET_IMG" PRESENT="1"/>
	</DataFiles>
	<Content>
		<Primitive BOX="24 12 829 78" ID="Ar0220100" SEQ_NO="0" TOC_ENTRY_ID="27" DEPTH_LEVEL="1">
			<L BOX="87 44 559 68"/>
			<W BOX="87 44 114 67" STYLE_REF="7">22</W>
			<W BOX="328 44 343 67" STYLE_REF="7">A</W>
			<W BOX="357 44 426 67" STYLE_REF="7">HOUSE</W>
			<W BOX="440 44 467 67" STYLE_REF="7">OF</W>
			<W BOX="481 44 554 68" STYLE_REF="7" NS="y">MERCY</W>
			<W BOX="554 44 559 68" STYLE_REF="7">.</W>
		</Primitive>
	</Content>
	<TOC_Entries><TOC_Entry TOC_ENTRY_ID="48" TITLE="22 A HOUSE OF MERCY." ENTITY_ID_REF="Ar02201" PAGE_NO="22" PAGE_LABEL="22" PRIM_ID_REF="Ar0220100" IS_IC="true"/></TOC_Entries></XMD-entity>
