<?xml version="1.0" encoding="windows-1252" standalone="no"?>
<XMD-entity REPOSITORY_FORMAT="1.0" PRXML_VER="2.0" ENTITY_TYPE="Article" DOC_UID="EWJ_01/04/1858" DOC_VER="1" FIRST_TOC_ENTRY_ID="15" DEPTH_LEVEL="1" INDEX_IN_DOC="41" PAGE_NO="10" ID="Ar01001" BOX="24 12 811 91" LANGUAGE="English" SNP="Ar01001S.png" SNP_WIDTH="788" SNP_HEIGHT="79" LOGICAL_NAME="true">
	<Meta NAME="82 &lt; ELIZABETH BI^ACKWELL." DESCRIPTION="" SUBTYPE="" BASE_HREF="EWJ/1858/04/01" SOURCE_TYPE="TIFF" PUBLICATION="EWJ" SECTION="None" ISSUE_DATE="01/04/1858" WORDCNT="7" RELEASE_NO="041-EWJ-1858-04-01-001-SINGLE" PAGE_ID="" PAGE_TYPE="Single" PAGE_WIDTH="823" PAGE_HEIGHT="1239" DEFAULT_IMG_EXT="png" PDF_DESTINATION_MAPPED="OLV0_Entity_0010_0002" IMAGES_RESOLUTION="86" XMD_VER="2.6.238.8" PAGE_LABEL="82"/>
	<Link SOURCE="041-EWJ-1858-04-01-001-SINGLE.PDF" FIRST_ID="Ar00200" LAST_ID="Ar07201" NEXT_ID="" PREV_ID="Ar01000" TOC_ID="d:/Olive/Repository/EWJ/1858/04/01/TOC.xml"/>
	<DataFiles>
		<Files TYPE="DOC_PDF" PRESENT="1"/>
		<Files TYPE="PAGE_PDF" PRESENT="0"/>
		<Files TYPE="DOC_IMG" PRESENT="0"/>
		<Files TYPE="PAGE_IMG" PRESENT="0"/>
		<Files TYPE="PAGE_VIEW_IMG" PRESENT="1"/>
		<Files TYPE="PAGE_PREVIEW_IMG" PRESENT="1"/>
		<Files TYPE="PRIMITIVE_IMG" PRESENT="1"/>
		<Files TYPE="SNIPPET_IMG" PRESENT="1"/>
	</DataFiles>
	<Content>
		<Primitive BOX="24 12 811 91" ID="Ar0100100" SEQ_NO="0" TOC_ENTRY_ID="15" DEPTH_LEVEL="1">
			<L BOX="80 47 570 80"/>
			<W BOX="80 50 108 80" STYLE_REF="14">82</W>
			<W BOX="113 48 116 78" STYLE_REF="14">&lt;</W>
			<W BOX="298 48 419 78" STYLE_REF="14">ELIZABETH</W>
			<Q BOX="434 47 448 77" STYLE_REF="14" QID="1">B</Q>
			<q BOX="448 47 455 76" STYLE_REF="14" NS="y" QID="1">I</q>
			<QW QID="1">BI</QW>
			<W BOX="454 47 463 76" STYLE_REF="14" NS="y" M="1 * ">_^</W>
			<Q BOX="462 47 476 76" STYLE_REF="14" QID="2">A</Q>
			<q BOX="477 47 565 76" STYLE_REF="14" NS="y" QID="2">CKWELL</q>
			<QW QID="2">ACKWELL</QW>
			<W BOX="565 47 570 76" STYLE_REF="14">.</W>
		</Primitive>
	</Content>
	<TOC_Entries><TOC_Entry TOC_ENTRY_ID="23" TITLE="82 &lt; ELIZABETH BI^ACKWELL." ENTITY_ID_REF="Ar01001" PAGE_NO="10" PAGE_LABEL="82" PRIM_ID_REF="Ar0100100" IS_IC="true"/></TOC_Entries></XMD-entity>
