<?xml version="1.0" encoding="windows-1252" standalone="no"?>
<XMD-entity REPOSITORY_FORMAT="1.0" PRXML_VER="2.0" ENTITY_TYPE="Article" DOC_UID="EWJ_01/04/1858" DOC_VER="1" FIRST_TOC_ENTRY_ID="71" DEPTH_LEVEL="1" INDEX_IN_DOC="122" PAGE_NO="56" ID="Ar05601" BOX="24 12 811 88" LANGUAGE="English" SNP="Ar05601S.png" SNP_WIDTH="788" SNP_HEIGHT="76" LOGICAL_NAME="true">
	<Meta NAME="128 NOTICES OF BOOKS -" DESCRIPTION="" SUBTYPE="" BASE_HREF="EWJ/1858/04/01" SOURCE_TYPE="TIFF" PUBLICATION="EWJ" SECTION="None" ISSUE_DATE="01/04/1858" WORDCNT="5" RELEASE_NO="041-EWJ-1858-04-01-001-SINGLE" PAGE_ID="" PAGE_TYPE="Single" PAGE_WIDTH="823" PAGE_HEIGHT="1239" DEFAULT_IMG_EXT="png" PDF_DESTINATION_MAPPED="OLV0_Entity_0056_0002" IMAGES_RESOLUTION="86" XMD_VER="2.6.238.8" PAGE_LABEL="128"/>
	<Link SOURCE="041-EWJ-1858-04-01-001-SINGLE.PDF" FIRST_ID="Ar00200" LAST_ID="Ar07201" NEXT_ID="" PREV_ID="Ar05600" TOC_ID="d:/Olive/Repository/EWJ/1858/04/01/TOC.xml"/>
	<DataFiles>
		<Files TYPE="DOC_PDF" PRESENT="1"/>
		<Files TYPE="PAGE_PDF" PRESENT="0"/>
		<Files TYPE="DOC_IMG" PRESENT="0"/>
		<Files TYPE="PAGE_IMG" PRESENT="0"/>
		<Files TYPE="PAGE_VIEW_IMG" PRESENT="1"/>
		<Files TYPE="PAGE_PREVIEW_IMG" PRESENT="1"/>
		<Files TYPE="PRIMITIVE_IMG" PRESENT="1"/>
		<Files TYPE="SNIPPET_IMG" PRESENT="1"/>
	</DataFiles>
	<Content>
		<Primitive BOX="24 12 811 88" ID="Ar0560100" SEQ_NO="0" TOC_ENTRY_ID="71" DEPTH_LEVEL="1">
			<L BOX="46 49 509 80"/>
			<W BOX="46 51 80 78" STYLE_REF="1">128</W>
			<Q BOX="292 51 371 77" STYLE_REF="1" QID="1">NOTICE</Q>
			<q BOX="371 49 381 76" STYLE_REF="1" QID="1">S</q>
			<QW QID="1">NOTICES</QW>
			<W BOX="394 49 422 76" STYLE_REF="1">OF</W>
			<W BOX="434 49 503 76" STYLE_REF="1">BOOKS</W>
			<W BOX="503 53 509 80" STYLE_REF="1">-</W>
		</Primitive>
	</Content>
	<TOC_Entries><TOC_Entry TOC_ENTRY_ID="122" TITLE="128 NOTICES OF BOOKS -" ENTITY_ID_REF="Ar05601" PAGE_NO="56" PAGE_LABEL="128" PRIM_ID_REF="Ar0560100" IS_IC="true"/></TOC_Entries></XMD-entity>
