<?xml version="1.0" encoding="windows-1252" standalone="no"?>
<XMD-PAGE REPOSITORY_FORMAT="1.0" PRXML_VER="2.0">
	<Meta ISSUE_DATE="01/04/1858" RELEASE_NO="041-EWJ-1858-04-01-001-SINGLE" PAGE_NO="56" NAME="" PAGE_LABEL="128" PAGE_TYPE="Single" PUBLISHER="Olive" PUBLICATION="EWJ" SOURCE_TYPE="TIFF" SOURCE_RESOLUTION="72" IMAGES_RESOLUTION="86" PAGE_THUMBNAIL_RESOLUTION="86" PAGE_PREVIEW_RESOLUTION="15" DEFAULT_IMG_EXT="png" IMG_EXT="png" PREVIEW_IMG_EXT="png" XMD_VER="2.6.238.8" PROFILE_ID="D:\pdfs\EWJ\XMD_EWJ.ini" SECTION="None" PAGE_WIDTH="823" PAGE_HEIGHT="1239" PAGES_NUMBER="72" BASE_HREF="EWJ/1858/04/01" PDF_DESTINATION_MAPPED="OLV0_Page_0056">
		<Resolutions>
			<Resolution DEFAULT="true">86</Resolution>
		</Resolutions>
	</Meta>
	<Link SOURCE="041-EWJ-1858-04-01-001-SINGLE.PDF" NEXT_SECTION="" PREV_SECTION="1"/>
	<DataFiles>
		<Files TYPE="DOC_PDF" PRESENT="1"/>
		<Files TYPE="PAGE_PDF" PRESENT="0"/>
		<Files TYPE="DOC_IMG" PRESENT="0"/>
		<Files TYPE="PAGE_IMG" PRESENT="0"/>
		<Files TYPE="PAGE_VIEW_IMG" PRESENT="1"/>
		<Files TYPE="PAGE_PREVIEW_IMG" PRESENT="1"/>
		<Files TYPE="PRIMITIVE_IMG" PRESENT="1"/>
		<Files TYPE="SNIPPET_IMG" PRESENT="1"/>
	</DataFiles>
	<Entity ENTITY_TYPE="Article" FIRST_TOC_ENTRY_ID="67" INDEX_IN_DOC="118" DEPTH_LEVEL="1" ID="Ar05600" SIZE="XLarge" BOX="24 88 811 1214" NEXT_SECTION="" PREV_SECTION="1" CONTINUATION_FROM="Ar05500" FIRST_CHUNK="Ar05202" IMAGES_RESOLUTION="86" LOGICAL_NAME="true">
		<Name>--- - 1.�Tlwrndale; or B the lackwood Co...</Name>
		<Primitive ID="Ar0560000" BOX="24 88 811 145" ELEMENT_TYPE="Content" SEQ_NO="0" TOC_ENTRY_ID="67" DEPTH_LEVEL="1"/>
		<Primitive ID="Ar0560001" BOX="24 138 811 192" ELEMENT_TYPE="Content" SEQ_NO="1" TOC_ENTRY_ID="67" DEPTH_LEVEL="1"/>
		<Primitive ID="Ar0560002" BOX="24 185 811 239" ELEMENT_TYPE="Content" SEQ_NO="2" TOC_ENTRY_ID="67" DEPTH_LEVEL="1"/>
		<Primitive ID="Ar0560003" BOX="24 231 811 285" ELEMENT_TYPE="Content" SEQ_NO="3" TOC_ENTRY_ID="67" DEPTH_LEVEL="1"/>
		<Primitive ID="Ar0560004" BOX="24 279 811 331" ELEMENT_TYPE="Content" SEQ_NO="4" TOC_ENTRY_ID="67" DEPTH_LEVEL="1"/>
		<Primitive ID="Ar0560005" BOX="24 325 811 377" ELEMENT_TYPE="Content" SEQ_NO="5" TOC_ENTRY_ID="67" DEPTH_LEVEL="1"/>
		<Primitive ID="Ar0560006" BOX="24 372 811 425" ELEMENT_TYPE="Content" SEQ_NO="6" TOC_ENTRY_ID="67" DEPTH_LEVEL="1"/>
		<Primitive ID="Ar0560007" BOX="24 421 811 471" ELEMENT_TYPE="Content" SEQ_NO="7" TOC_ENTRY_ID="67" DEPTH_LEVEL="1"/>
		<Primitive ID="Ar0560008" BOX="24 466 811 519" ELEMENT_TYPE="Content" SEQ_NO="8" TOC_ENTRY_ID="67" DEPTH_LEVEL="1"/>
		<Primitive ID="Ar0560009" BOX="24 513 811 564" ELEMENT_TYPE="Content" SEQ_NO="9" TOC_ENTRY_ID="67" DEPTH_LEVEL="1"/>
		<Primitive ID="Ar0560010" BOX="24 559 811 611" ELEMENT_TYPE="Content" SEQ_NO="10" TOC_ENTRY_ID="67" DEPTH_LEVEL="1"/>
		<Primitive ID="Ar0560011" BOX="24 606 811 658" ELEMENT_TYPE="Content" SEQ_NO="11" TOC_ENTRY_ID="67" DEPTH_LEVEL="1"/>
		<Primitive ID="Ar0560012" BOX="24 653 811 705" ELEMENT_TYPE="Content" SEQ_NO="12" TOC_ENTRY_ID="67" DEPTH_LEVEL="1"/>
		<Primitive ID="Ar0560013" BOX="24 700 811 752" ELEMENT_TYPE="Content" SEQ_NO="13" TOC_ENTRY_ID="67" DEPTH_LEVEL="1"/>
		<Primitive ID="Ar0560014" BOX="24 752 811 793" ELEMENT_TYPE="Content" SEQ_NO="14" TOC_ENTRY_ID="67" DEPTH_LEVEL="1"/>
		<Primitive ID="Ar0560015" BOX="24 781 811 829" ELEMENT_TYPE="Content" SEQ_NO="15" TOC_ENTRY_ID="67" DEPTH_LEVEL="1"/>
		<Primitive ID="Ar0560016" BOX="24 817 811 873" ELEMENT_TYPE="Content" SEQ_NO="16" TOC_ENTRY_ID="67" DEPTH_LEVEL="1"/>
		<Primitive ID="Ar0560017" BOX="24 864 811 947" ELEMENT_TYPE="Content" SEQ_NO="17" TOC_ENTRY_ID="67" DEPTH_LEVEL="1"/>
		<Primitive ID="Ar0560018" BOX="24 938 811 1039" ELEMENT_TYPE="Content" SEQ_NO="18" TOC_ENTRY_ID="67" DEPTH_LEVEL="1"/>
		<Primitive ID="Ar0560019" BOX="24 1031 811 1093" ELEMENT_TYPE="Content" SEQ_NO="19" TOC_ENTRY_ID="67" DEPTH_LEVEL="1"/>
		<Primitive ID="Ar0560020" BOX="24 1088 811 1115" ELEMENT_TYPE="Content" SEQ_NO="20" TOC_ENTRY_ID="67" DEPTH_LEVEL="1"/>
		<Primitive ID="Ar0560021" BOX="24 1115 811 1214" ELEMENT_TYPE="Content" SEQ_NO="21" TOC_ENTRY_ID="67" DEPTH_LEVEL="1"/>
	</Entity>
	<Entity ENTITY_TYPE="Article" FIRST_TOC_ENTRY_ID="71" INDEX_IN_DOC="122" DEPTH_LEVEL="1" ID="Ar05601" SIZE="Small" BOX="24 12 811 88" NEXT_SECTION="" PREV_SECTION="1" IMAGES_RESOLUTION="86" LOGICAL_NAME="true">
		<Name>128 NOTICES OF BOOKS -</Name>
		<Primitive ID="Ar0560100" BOX="24 12 811 88" ELEMENT_TYPE="Content" SEQ_NO="0" TOC_ENTRY_ID="71" DEPTH_LEVEL="1"/>
	</Entity>
</XMD-PAGE>