<?xml version="1.0" encoding="windows-1252" standalone="no"?>
<XMD-entity REPOSITORY_FORMAT="1.0" PRXML_VER="2.0" ENTITY_TYPE="Article" DOC_UID="EWJ_01/03/1858" DOC_VER="1" FIRST_TOC_ENTRY_ID="53" DEPTH_LEVEL="1" INDEX_IN_DOC="107" PAGE_NO="44" ID="Ar04401" BOX="24 12 829 88" LANGUAGE="English" SNP="Ar04401S.png" SNP_WIDTH="806" SNP_HEIGHT="76" LOGICAL_NAME="true">
	<Meta NAME="44 BBADSHAW THE BETBAYEB." DESCRIPTION="" SUBTYPE="" BASE_HREF="EWJ/1858/03/01" SOURCE_TYPE="TIFF" PUBLICATION="EWJ" SECTION="None" ISSUE_DATE="01/03/1858" WORDCNT="5" RELEASE_NO="041-EWJ-1858-03-01-001-SINGLE" PAGE_ID="" PAGE_TYPE="Single" PAGE_WIDTH="842" PAGE_HEIGHT="1244" DEFAULT_IMG_EXT="png" PDF_DESTINATION_MAPPED="OLV0_Entity_0044_0002" IMAGES_RESOLUTION="86" XMD_VER="2.6.238.8" PAGE_LABEL="44"/>
	<Link SOURCE="041-EWJ-1858-03-01-001-SINGLE.PDF" FIRST_ID="Ar00200" LAST_ID="Ar07201" NEXT_ID="" PREV_ID="Ar04400" TOC_ID="d:/Olive/Repository/EWJ/1858/03/01/TOC.xml"/>
	<DataFiles>
		<Files TYPE="DOC_PDF" PRESENT="1"/>
		<Files TYPE="PAGE_PDF" PRESENT="0"/>
		<Files TYPE="DOC_IMG" PRESENT="0"/>
		<Files TYPE="PAGE_IMG" PRESENT="0"/>
		<Files TYPE="PAGE_VIEW_IMG" PRESENT="1"/>
		<Files TYPE="PAGE_PREVIEW_IMG" PRESENT="1"/>
		<Files TYPE="PRIMITIVE_IMG" PRESENT="1"/>
		<Files TYPE="SNIPPET_IMG" PRESENT="1"/>
	</DataFiles>
	<Content>
		<Primitive BOX="24 12 829 88" ID="Ar0440100" SEQ_NO="0" TOC_ENTRY_ID="53" DEPTH_LEVEL="1">
			<L BOX="93 49 602 88"/>
			<W BOX="93 50 117 88" STYLE_REF="15">44</W>
			<W BOX="294 50 407 88" STYLE_REF="15">BBADSHAW</W>
			<W BOX="423 50 465 88" STYLE_REF="15">THE</W>
			<W BOX="479 49 586 87" STYLE_REF="15" NS="y">BETBAYEB</W>
			<W BOX="586 49 602 87" STYLE_REF="15">.</W>
		</Primitive>
	</Content>
	<TOC_Entries><TOC_Entry TOC_ENTRY_ID="95" TITLE="44 BBADSHAW THE BETBAYEB." ENTITY_ID_REF="Ar04401" PAGE_NO="44" PAGE_LABEL="44" PRIM_ID_REF="Ar0440100" IS_IC="true"/></TOC_Entries></XMD-entity>
