<?xml version="1.0" encoding="windows-1252" standalone="no"?>
<XMD-entity REPOSITORY_FORMAT="1.0" PRXML_VER="2.0" ENTITY_TYPE="Article" FIRST_TOC_ENTRY_ID="45" DEPTH_LEVEL="1" INDEX_IN_DOC="87" PAGE_NO="44" ID="Ar04400" BOX="24 88 829 1219" LANGUAGE="English" CONTINUATION_TO="Ar04500" CONTINUATION_FROM="Ar04300" LOGICAL_NAME="true">
	<Meta NAME=".+. &quot; Oh Doricles ! your praises are too..." DESCRIPTION="" SUBTYPE="" BASE_HREF="EWJ/1858/03/01" SOURCE_TYPE="TIFF" PUBLICATION="EWJ" SECTION="None" ISSUE_DATE="01/03/1858" WORDCNT="547" RELEASE_NO="041-EWJ-1858-03-01-001-SINGLE" PAGE_ID="" PAGE_TYPE="Single" PAGE_WIDTH="842" PAGE_HEIGHT="1244" DEFAULT_IMG_EXT="png" PDF_DESTINATION_MAPPED="OLV0_Entity_0044_0001" IMAGES_RESOLUTION="86" XMD_VER="2.6.238.8" PAGE_LABEL="44"/>
	<Link SOURCE="041-EWJ-1858-03-01-001-SINGLE.PDF" FIRST_ID="Ar00200" LAST_ID="Ar07201" NEXT_ID="Ar04401" PREV_ID="" TOC_ID="d:/Olive/Repository/EWJ/1858/03/01/TOC.xml"/>
	<DataFiles>
		<Files TYPE="DOC_PDF" PRESENT="1"/>
		<Files TYPE="PAGE_PDF" PRESENT="0"/>
		<Files TYPE="DOC_IMG" PRESENT="0"/>
		<Files TYPE="PAGE_IMG" PRESENT="0"/>
		<Files TYPE="PAGE_VIEW_IMG" PRESENT="1"/>
		<Files TYPE="PAGE_PREVIEW_IMG" PRESENT="1"/>
		<Files TYPE="PRIMITIVE_IMG" PRESENT="1"/>
		<Files TYPE="SNIPPET_IMG" PRESENT="1"/>
	</DataFiles>
	<Content>
		<Primitive BOX="24 88 829 145" ID="Ar0440000" SEQ_NO="0" TOC_ENTRY_ID="45" DEPTH_LEVEL="1">
			<L BOX="92 95 786 122"/>
			<W BOX="92 95 125 122" STYLE_REF="9">my</W>
			<W BOX="131 95 242 122" STYLE_REF="9">adventures</W>
			<W BOX="250 95 273 122" STYLE_REF="9">on</W>
			<W BOX="282 95 315 122" STYLE_REF="9">the</W>
			<W BOX="323 95 384 122" STYLE_REF="9">Rhine</W>
			<W BOX="391 95 426 122" STYLE_REF="9">and</W>
			<W BOX="435 95 467 122" STYLE_REF="9">the</W>
			<W BOX="475 95 552 121" STYLE_REF="9" NS="y">Moselle</W>
			<W BOX="557 95 563 121" STYLE_REF="9">;</W>
			<W BOX="572 95 605 121" STYLE_REF="9">my</W>
			<W BOX="611 95 658 121" STYLE_REF="9">feats</W>
			<W BOX="666 95 702 121" STYLE_REF="9">and</W>
			<W BOX="710 95 786 121" STYLE_REF="9">failures</W>
			<L BOX="92 117 786 145"/>
			<W BOX="92 118 115 145" STYLE_REF="9">on</W>
			<W BOX="124 118 155 145" STYLE_REF="9">the</W>
			<W BOX="162 118 205 145" STYLE_REF="9">Cam</W>
			<W BOX="213 118 233 144" STYLE_REF="9">in</W>
			<W BOX="242 118 310 144" STYLE_REF="9">college</W>
			<W BOX="320 118 367 144" STYLE_REF="9">days</W>
			<W BOX="374 118 420 144" STYLE_REF="9">long</W>
			<W BOX="427 118 477 144" STYLE_REF="9">since</W>
			<W BOX="485 118 532 144" STYLE_REF="9">gone</W>
			<Q BOX="539 118 553 144" STYLE_REF="9" QID="1">b</Q>
			<q BOX="552 117 569 144" STYLE_REF="9" NS="y" QID="1">y</q>
			<QW QID="1">by</QW>
			<W BOX="569 117 577 144" STYLE_REF="9">;</W>
			<W BOX="588 117 624 144" STYLE_REF="9">and</W>
			<W BOX="632 117 675 144" STYLE_REF="9">thus</W>
			<Q BOX="682 117 695 144" STYLE_REF="9" QID="2">p</Q>
			<Q BOX="695 117 771 144" STYLE_REF="9" QID="2">leasantl</Q>
			<q BOX="772 117 786 144" STYLE_REF="9" QID="2">y</q>
			<QW QID="2">pleasantly</QW>
		</Primitive>
		<Primitive BOX="24 139 829 190" ID="Ar0440001" SEQ_NO="1" TOC_ENTRY_ID="45" DEPTH_LEVEL="1">
			<L BOX="90 139 785 170"/>
			<W BOX="90 141 173 167" STYLE_REF="9">running</W>
			<W BOX="180 141 222 167" STYLE_REF="9">over</W>
			<W BOX="234 141 267 167" STYLE_REF="9">my</W>
			<W BOX="275 143 292 170" STYLE_REF="9" NS="y">"</W>
			<W BOX="293 141 371 167" STYLE_REF="9">rambles</W>
			<Q BOX="383 141 396 167" STYLE_REF="9" QID="3">b</Q>
			<q BOX="396 140 409 167" STYLE_REF="9" QID="3">y</q>
			<QW QID="3">by</QW>
			<W BOX="417 140 475 167" STYLE_REF="9" NS="y">rivers</W>
			<W BOX="476 140 483 167" STYLE_REF="9" NS="y">,</W>
			<W BOX="483 139 492 166" STYLE_REF="9">"</W>
			<W BOX="501 140 554 167" STYLE_REF="9">made</W>
			<W BOX="565 140 597 167" STYLE_REF="9">my</W>
			<W BOX="605 140 646 167" STYLE_REF="9">way</W>
			<W BOX="653 140 733 167" STYLE_REF="9">towards</W>
			<W BOX="742 140 785 167" STYLE_REF="9">that</W>
			<L BOX="90 163 560 190"/>
			<W BOX="90 163 131 190" STYLE_REF="9">part</W>
			<W BOX="139 163 156 190" STYLE_REF="9">of</W>
			<W BOX="164 163 198 190" STYLE_REF="9">the</W>
			<W BOX="206 163 277 190" STYLE_REF="9">Somme</W>
			<Q BOX="285 163 331 190" STYLE_REF="9" QID="4">calle</Q>
			<q BOX="332 163 344 190" STYLE_REF="9" QID="4">d</q>
			<QW QID="4">called</QW>
			<W BOX="352 163 385 190" STYLE_REF="9">the</W>
			<W BOX="392 163 433 190" STYLE_REF="10">Hive</W>
			<W BOX="440 163 466 190" STYLE_REF="10">des</W>
			<W BOX="473 163 553 190" STYLE_REF="10" NS="y">Bateaux</W>
			<W BOX="553 163 560 190" STYLE_REF="10">.</W>
		</Primitive>
		<Primitive BOX="24 185 829 236" ID="Ar0440002" SEQ_NO="2" TOC_ENTRY_ID="45" DEPTH_LEVEL="1">
			<L BOX="113 185 782 212"/>
			<W BOX="113 186 131 212" STYLE_REF="9">It</W>
			<W BOX="142 186 182 212" STYLE_REF="9">was</W>
			<W BOX="188 186 199 212" STYLE_REF="9">a</W>
			<W BOX="207 186 272 212" STYLE_REF="9">dismal</W>
			<W BOX="283 186 323 212" STYLE_REF="9">spot</W>
			<W BOX="333 186 372 212" STYLE_REF="9">just</W>
			<W BOX="384 186 452 212" STYLE_REF="9">within</W>
			<W BOX="462 185 495 212" STYLE_REF="9">the</W>
			<W BOX="507 185 634 212" STYLE_REF="9" NS="y">fortifications</W>
			<W BOX="634 185 641 212" STYLE_REF="9">.</W>
			<W BOX="666 185 691 212" STYLE_REF="9">To</W>
			<W BOX="703 185 736 212" STYLE_REF="9">the</W>
			<W BOX="748 185 782 212" STYLE_REF="9">left</W>
			<L BOX="89 208 784 236"/>
			<W BOX="89 208 119 235" STYLE_REF="9">lay</W>
			<W BOX="135 208 167 235" STYLE_REF="9">the</W>
			<W BOX="183 208 222 235" STYLE_REF="9" NS="y">city</W>
			<W BOX="226 208 232 235" STYLE_REF="9">;</W>
			<W BOX="245 208 265 235" STYLE_REF="9">to</W>
			<W BOX="279 208 312 235" STYLE_REF="9">the</W>
			<Q BOX="327 208 343 235" STYLE_REF="9" QID="5">ri</Q>
			<Q BOX="344 209 358 236" STYLE_REF="9" QID="5">g</Q>
			<q BOX="357 208 378 235" STYLE_REF="9" QID="5">ht</q>
			<QW QID="5">right</QW>
			<Q BOX="392 208 413 235" STYLE_REF="9" QID="6">hi</Q>
			<Q BOX="413 209 427 235" STYLE_REF="9" QID="6">g</Q>
			<q BOX="426 208 438 235" STYLE_REF="9" QID="6">h</q>
			<QW QID="6">high</QW>
			<W BOX="455 208 593 235" STYLE_REF="9" NS="y">embankments</W>
			<W BOX="593 208 598 235" STYLE_REF="9">,</W>
			<W BOX="612 208 623 235" STYLE_REF="9">a</W>
			<Q BOX="639 208 730 235" STYLE_REF="9" QID="7">drawbrid</Q>
			<q BOX="729 208 753 235" STYLE_REF="9" NS="y" QID="7">ge</q>
			<QW QID="7">drawbridge</QW>
			<W BOX="753 209 758 235" STYLE_REF="9">,</W>
			<W BOX="772 208 784 235" STYLE_REF="9">a</W>
		</Primitive>
		<Primitive BOX="24 231 829 281" ID="Ar0440003" SEQ_NO="3" TOC_ENTRY_ID="45" DEPTH_LEVEL="1">
			<L BOX="89 231 783 258"/>
			<Q BOX="89 231 100 258" STYLE_REF="9" QID="8">s</Q>
			<q BOX="98 231 157 258" STYLE_REF="9" QID="8">tretch</q>
			<QW QID="8">stretch</QW>
			<W BOX="170 231 188 258" STYLE_REF="9">of</W>
			<W BOX="200 231 230 258" STYLE_REF="9">flat</W>
			<W BOX="242 231 322 258" STYLE_REF="9" NS="y">country</W>
			<W BOX="322 231 328 258" STYLE_REF="9">,</W>
			<W BOX="336 231 372 258" STYLE_REF="9">and</W>
			<W BOX="385 231 396 258" STYLE_REF="9">a</W>
			<Q BOX="409 231 440 258" STYLE_REF="9" QID="9">lon</Q>
			<q BOX="441 231 453 258" STYLE_REF="9" QID="9">g</q>
			<QW QID="9">long</QW>
			<W BOX="463 231 579 258" STYLE_REF="9">perspective</W>
			<W BOX="592 231 609 258" STYLE_REF="9">of</W>
			<Q BOX="624 231 675 258" STYLE_REF="9" QID="10">canal</Q>
			<Q BOX="675 231 683 258" STYLE_REF="9" LH="y" QID="10">-</Q>
			<q BOX="683 231 720 258" STYLE_REF="9" QID="10">like</q>
			<QW QID="10">canal-like</QW>
			<W BOX="732 231 783 258" STYLE_REF="9">river</W>
			<L BOX="87 254 783 281"/>
			<Q BOX="87 254 163 281" STYLE_REF="9" QID="11">bordere</Q>
			<q BOX="164 254 176 281" STYLE_REF="9" QID="11">d</q>
			<QW QID="11">bordered</QW>
			<Q BOX="185 254 198 281" STYLE_REF="9" QID="12">b</Q>
			<q BOX="197 254 210 281" STYLE_REF="9" QID="12">y</q>
			<QW QID="12">by</QW>
			<W BOX="218 254 256 280" STYLE_REF="9">files</W>
			<W BOX="267 254 284 280" STYLE_REF="9">of</W>
			<W BOX="295 254 415 280" STYLE_REF="9">monotonous</W>
			<Q BOX="426 254 462 280" STYLE_REF="9" QID="13">pop</Q>
			<q BOX="462 254 499 280" STYLE_REF="9" NS="y" QID="13">lars</q>
			<QW QID="13">poplars</QW>
			<W BOX="500 254 504 280" STYLE_REF="9">.</W>
			<W BOX="529 254 570 281" STYLE_REF="9">The</W>
			<W BOX="577 254 614 280" STYLE_REF="9">first</W>
			<W BOX="625 254 681 280" STYLE_REF="9">object</W>
			<Q BOX="695 254 716 280" STYLE_REF="9" QID="14">th</Q>
			<q BOX="718 254 736 280" STYLE_REF="9" QID="14">at</q>
			<QW QID="14">that</QW>
			<W BOX="743 254 783 280" STYLE_REF="9">met</W>
		</Primitive>
		<Primitive BOX="24 277 829 326" ID="Ar0440004" SEQ_NO="4" TOC_ENTRY_ID="45" DEPTH_LEVEL="1">
			<L BOX="87 277 781 303"/>
			<W BOX="87 278 119 303" STYLE_REF="14">mv</W>
			<Q BOX="132 278 143 303" STYLE_REF="14" QID="15">e</Q>
			<q BOX="142 277 177 303" STYLE_REF="9" QID="15" M="2 * ">yes</q>
			<QW QID="15">_eyes</QW>
			<W BOX="188 278 206 303" STYLE_REF="14" NS="y">w</W>
			<W BOX="206 277 220 303" STYLE_REF="9" NS="y" M="1 * ">_&amp;</W>
			<W BOX="219 277 226 303" STYLE_REF="9">s</W>
			<W BOX="238 277 270 303" STYLE_REF="9">the</W>
			<Q BOX="282 277 357 303" STYLE_REF="9" QID="16">passage</Q>
			<Q BOX="357 277 365 303" STYLE_REF="9" LH="y" QID="16">-</Q>
			<q BOX="365 277 407 303" STYLE_REF="9" QID="16">boat</q>
			<QW QID="16">passage-boat</QW>
			<W BOX="422 277 495 303" STYLE_REF="9">moored</W>
			<W BOX="508 277 534 303" STYLE_REF="9">up</W>
			<W BOX="550 277 612 303" STYLE_REF="9">beside</W>
			<W BOX="627 277 637 303" STYLE_REF="9">a</W>
			<W BOX="650 277 691 303" STYLE_REF="9">tiny</W>
			<Q BOX="705 277 709 303" STYLE_REF="9" QID="17">'</Q>
			<q BOX="707 277 781 303" STYLE_REF="9" QID="17">wooden</q>
			<QW QID="17">'wooden</QW>
			<L BOX="86 299 784 326"/>
			<Q BOX="86 299 161 326" STYLE_REF="9" QID="18">landing</Q>
			<Q BOX="161 299 169 326" STYLE_REF="9" LH="y" QID="18">-</Q>
			<Q BOX="169 299 183 326" STYLE_REF="9" QID="18">p</Q>
			<q BOX="182 299 222 326" STYLE_REF="9" NS="y" QID="18">lace</q>
			<QW QID="18">landing-place</QW>
			<W BOX="222 299 227 326" STYLE_REF="9">.</W>
			<W BOX="252 299 270 326" STYLE_REF="9">It</W>
			<W BOX="279 299 317 326" STYLE_REF="9">was</W>
			<W BOX="324 299 334 326" STYLE_REF="9">a</W>
			<W BOX="342 299 403 326" STYLE_REF="9" NS="y">heavy</W>
			<W BOX="403 299 409 326" STYLE_REF="9">,</W>
			<Q BOX="416 299 480 326" STYLE_REF="9" QID="19">square</Q>
			<Q BOX="480 299 488 326" STYLE_REF="9" LH="y" QID="19">-</Q>
			<q BOX="488 299 534 326" STYLE_REF="9" NS="y" QID="19">built</q>
			<QW QID="19">square-built</QW>
			<W BOX="536 299 541 326" STYLE_REF="9">,</W>
			<W BOX="549 299 605 326" STYLE_REF="9">green</W>
			<W BOX="614 299 650 326" STYLE_REF="9">and</W>
			<W BOX="657 299 724 326" STYLE_REF="9">yellow</W>
			<W BOX="732 299 774 326" STYLE_REF="9" NS="y">boat</W>
			<W BOX="775 300 784 326" STYLE_REF="9">,</W>
		</Primitive>
		<Primitive BOX="24 322 829 372" ID="Ar0440005" SEQ_NO="5" TOC_ENTRY_ID="45" DEPTH_LEVEL="1">
			<L BOX="86 322 782 349"/>
			<W BOX="86 322 133 349" STYLE_REF="9">with</W>
			<W BOX="148 322 158 349" STYLE_REF="9">a</W>
			<W BOX="175 322 224 349" STYLE_REF="9">dirty</W>
			<Q BOX="236 322 275 348" STYLE_REF="9" QID="20">littl</Q>
			<q BOX="275 322 285 348" STYLE_REF="9" QID="20">e</q>
			<QW QID="20">little</QW>
			<Q BOX="301 322 314 349" STYLE_REF="9" QID="21">p</Q>
			<q BOX="314 322 382 348" STYLE_REF="9" QID="21">avilion</q>
			<QW QID="21">pavilion</QW>
			<W BOX="399 322 418 348" STYLE_REF="9">at</W>
			<W BOX="433 322 465 348" STYLE_REF="9">the</W>
			<W BOX="480 322 528 349" STYLE_REF="9" NS="y">poop</W>
			<W BOX="528 322 534 349" STYLE_REF="9">.</W>
			<W BOX="560 322 599 349" STYLE_REF="9">The</W>
			<W BOX="615 322 692 349" STYLE_REF="9">interior</W>
			<W BOX="708 322 726 349" STYLE_REF="9">of</W>
			<W BOX="742 322 782 349" STYLE_REF="9">this</W>
			<L BOX="84 344 780 372"/>
			<Q BOX="84 345 98 371" STYLE_REF="9" QID="22">p</Q>
			<q BOX="98 344 166 371" STYLE_REF="9" QID="22">avilion</q>
			<QW QID="22">pavilion</QW>
			<W BOX="179 344 217 371" STYLE_REF="9">was</W>
			<W BOX="231 344 327 371" STYLE_REF="9">furnished</W>
			<W BOX="339 344 386 371" STYLE_REF="9">with</W>
			<W BOX="400 344 478 371" STYLE_REF="9" NS="y">benches</W>
			<W BOX="479 345 484 372" STYLE_REF="9">,</W>
			<W BOX="498 345 534 371" STYLE_REF="9">and</W>
			<W BOX="548 345 571 371" STYLE_REF="9">lit</W>
			<Q BOX="585 345 597 371" STYLE_REF="9" QID="23">b</Q>
			<q BOX="597 345 611 372" STYLE_REF="9" QID="23">y</q>
			<QW QID="23">by</QW>
			<W BOX="623 345 634 372" STYLE_REF="9">a</W>
			<W BOX="648 345 686 372" STYLE_REF="9">row</W>
			<W BOX="699 345 717 372" STYLE_REF="9">of</W>
			<W BOX="730 344 780 371" STYLE_REF="9">little</W>
		</Primitive>
		<Primitive BOX="24 367 829 417" ID="Ar0440006" SEQ_NO="6" TOC_ENTRY_ID="45" DEPTH_LEVEL="1">
			<L BOX="84 367 779 394"/>
			<W BOX="84 367 174 394" STYLE_REF="9">windows</W>
			<W BOX="181 367 206 394" STYLE_REF="9">all</W>
			<W BOX="218 367 251 394" STYLE_REF="9">the</W>
			<W BOX="258 368 300 394" STYLE_REF="9">way</W>
			<W BOX="308 367 366 394" STYLE_REF="9" NS="y">round</W>
			<W BOX="366 367 373 394" STYLE_REF="9">.</W>
			<W BOX="398 367 426 394" STYLE_REF="9">On</W>
			<W BOX="434 367 445 394" STYLE_REF="9">a</W>
			<W BOX="453 367 499 394" STYLE_REF="9">shelf</W>
			<W BOX="508 367 525 394" STYLE_REF="9">of</W>
			<W BOX="534 367 580 394" STYLE_REF="9">deck</W>
			<W BOX="593 367 637 394" STYLE_REF="9">near</W>
			<W BOX="650 367 681 394" STYLE_REF="9">the</W>
			<W BOX="691 368 742 394" STYLE_REF="9">prow</W>
			<W BOX="751 368 779 394" STYLE_REF="9">sat</W>
			<L BOX="84 389 782 417"/>
			<W BOX="84 390 134 417" STYLE_REF="9">some</W>
			<Q BOX="141 390 184 417" STYLE_REF="9" QID="24">thre</Q>
			<q BOX="184 390 194 417" STYLE_REF="9" QID="24">e</q>
			<QW QID="24">three</QW>
			<W BOX="202 390 222 417" STYLE_REF="9">or</W>
			<W BOX="230 390 272 417" STYLE_REF="9">four</W>
			<W BOX="280 390 342 417" STYLE_REF="9">grimy</W>
			<W BOX="348 390 392 417" STYLE_REF="9" NS="y">men</W>
			<W BOX="392 389 398 416" STYLE_REF="9">,</W>
			<W BOX="406 390 483 417" STYLE_REF="9">cooking</W>
			<W BOX="494 390 542 417" STYLE_REF="9">their</W>
			<W BOX="551 390 617 417" STYLE_REF="9">dinner</W>
			<W BOX="625 390 668 417" STYLE_REF="9">over</W>
			<W BOX="676 390 687 417" STYLE_REF="9">a</W>
			<W BOX="694 390 765 417" STYLE_REF="9">brazier</W>
			<W BOX="773 390 782 417" STYLE_REF="9">;</W>
		</Primitive>
		<Primitive BOX="24 413 829 463" ID="Ar0440007" SEQ_NO="7" TOC_ENTRY_ID="45" DEPTH_LEVEL="1">
			<L BOX="83 413 779 439"/>
			<W BOX="83 413 120 439" STYLE_REF="9">and</W>
			<W BOX="132 413 216 439" STYLE_REF="9">between</W>
			<W BOX="226 413 264 439" STYLE_REF="9">this</W>
			<W BOX="277 413 323 439" STYLE_REF="9">shelf</W>
			<W BOX="336 413 372 439" STYLE_REF="9">and</W>
			<W BOX="384 413 418 439" STYLE_REF="9">the</W>
			<W BOX="428 413 509 439" STYLE_REF="9">pavilion</W>
			<W BOX="521 413 554 439" STYLE_REF="9">the</W>
			<W BOX="564 413 606 439" STYLE_REF="9">boat</W>
			<W BOX="620 413 659 439" STYLE_REF="9">was</W>
			<W BOX="669 413 722 439" STYLE_REF="9">laden</W>
			<W BOX="732 413 779 439" STYLE_REF="9">with</W>
			<L BOX="83 435 779 463"/>
			<W BOX="83 436 136 462" STYLE_REF="9" NS="y">wood</W>
			<W BOX="136 436 142 463" STYLE_REF="9">,</W>
			<W BOX="149 436 187 462" STYLE_REF="9" NS="y">hay</W>
			<W BOX="187 436 194 462" STYLE_REF="9">,</W>
			<W BOX="206 435 287 462" STYLE_REF="9" NS="y">charcoal</W>
			<W BOX="289 435 294 462" STYLE_REF="9">,</W>
			<W BOX="302 435 338 462" STYLE_REF="9">and</W>
			<W BOX="346 435 417 462" STYLE_REF="9">market</W>
			<W BOX="425 435 504 462" STYLE_REF="9" NS="y">produce</W>
			<W BOX="504 435 510 462" STYLE_REF="9">.</W>
			<W BOX="534 436 643 462" STYLE_REF="9">Altogether</W>
			<W BOX="650 436 665 462" STYLE_REF="9">it</W>
			<W BOX="672 436 711 462" STYLE_REF="9">was</W>
			<Q BOX="720 436 733 462" STYLE_REF="9" QID="25">b</Q>
			<q BOX="732 436 745 462" STYLE_REF="9" QID="25">y</q>
			<QW QID="25">by</QW>
			<W BOX="753 436 779 462" STYLE_REF="9">no</W>
		</Primitive>
		<Primitive BOX="24 458 829 508" ID="Ar0440008" SEQ_NO="8" TOC_ENTRY_ID="45" DEPTH_LEVEL="1">
			<L BOX="82 458 777 485"/>
			<W BOX="82 458 145 485" STYLE_REF="9">means</W>
			<W BOX="156 458 178 485" STYLE_REF="9">an</W>
			<W BOX="190 458 272 485" STYLE_REF="9">inviting</W>
			<W BOX="282 458 398 485" STYLE_REF="9" NS="y">conveyance</W>
			<W BOX="399 458 404 484" STYLE_REF="9">,</W>
			<W BOX="413 458 448 485" STYLE_REF="9">and</W>
			<W BOX="459 458 523 485" STYLE_REF="9">looked</W>
			<W BOX="535 458 586 485" STYLE_REF="9">more</W>
			<W BOX="599 458 638 485" STYLE_REF="9">like</W>
			<W BOX="648 459 658 485" STYLE_REF="9">a</W>
			<W BOX="668 459 708 485" STYLE_REF="9">coal</W>
			<W BOX="721 459 777 485" STYLE_REF="9">barge</W>
			<L BOX="82 481 777 508"/>
			<W BOX="82 481 129 508" STYLE_REF="9">with</W>
			<W BOX="143 481 153 508" STYLE_REF="9">a</W>
			<Q BOX="169 481 227 508" STYLE_REF="9" QID="26">shabb</Q>
			<q BOX="226 482 240 508" STYLE_REF="9" QID="26">y</q>
			<QW QID="26">shabby</QW>
			<W BOX="252 481 338 507" STYLE_REF="9">omnibus</W>
			<W BOX="353 481 376 507" STYLE_REF="9">on</W>
			<W BOX="391 481 437 507" STYLE_REF="9">deck</W>
			<W BOX="453 481 498 507" STYLE_REF="9">than</W>
			<W BOX="512 481 603 507" STYLE_REF="9">anything</W>
			<W BOX="616 481 653 508" STYLE_REF="9">else</W>
			<W BOX="666 481 705 508" STYLE_REF="9">that</W>
			<W BOX="718 481 729 508" STYLE_REF="9">I</W>
			<W BOX="742 481 777 508" STYLE_REF="9">can</W>
		</Primitive>
		<Primitive BOX="24 504 829 553" ID="Ar0440009" SEQ_NO="9" TOC_ENTRY_ID="45" DEPTH_LEVEL="1">
			<L BOX="81 504 169 531"/>
			<W BOX="81 504 136 531" STYLE_REF="9">think</W>
			<W BOX="144 504 163 531" STYLE_REF="9" NS="y">of</W>
			<W BOX="163 504 169 531" STYLE_REF="9">.</W>
			<L BOX="104 526 775 553"/>
			<W BOX="104 526 165 553" STYLE_REF="9">While</W>
			<W BOX="173 526 184 553" STYLE_REF="9">I</W>
			<W BOX="192 526 229 553" STYLE_REF="9">was</W>
			<W BOX="238 526 270 553" STYLE_REF="9">yet</W>
			<W BOX="281 526 380 553" STYLE_REF="9">observing</W>
			<W BOX="386 526 438 553" STYLE_REF="9">these</W>
			<W BOX="446 526 509 553" STYLE_REF="9" NS="y">things</W>
			<W BOX="510 526 515 553" STYLE_REF="9">,</W>
			<W BOX="523 526 534 553" STYLE_REF="9">a</W>
			<W BOX="542 526 568 553" STYLE_REF="9">fat</W>
			<W BOX="577 526 641 553" STYLE_REF="9" NS="y">official</W>
			<W BOX="645 526 650 553" STYLE_REF="9">,</W>
			<W BOX="658 526 704 553" STYLE_REF="9">with</W>
			<W BOX="711 526 722 553" STYLE_REF="9">a</W>
			<Q BOX="730 526 760 553" STYLE_REF="9" QID="27">gol</Q>
			<q BOX="761 526 775 553" STYLE_REF="9" QID="27">d</q>
			<QW QID="27">gold</QW>
		</Primitive>
		<Primitive BOX="24 549 829 599" ID="Ar0440010" SEQ_NO="10" TOC_ENTRY_ID="45" DEPTH_LEVEL="1">
			<L BOX="80 549 776 576"/>
			<W BOX="80 549 128 576" STYLE_REF="9">band</W>
			<W BOX="137 549 155 576" STYLE_REF="9">to</W>
			<W BOX="163 549 194 576" STYLE_REF="9">his</W>
			<W BOX="202 549 235 576" STYLE_REF="9" NS="y">cap</W>
			<W BOX="235 549 241 576" STYLE_REF="9">,</W>
			<W BOX="248 549 306 576" STYLE_REF="9">rolled</W>
			<Q BOX="320 549 363 576" STYLE_REF="9" QID="28">lazil</Q>
			<q BOX="364 550 377 576" STYLE_REF="9" QID="28">y</q>
			<QW QID="28">lazily</QW>
			<W BOX="385 549 416 576" STYLE_REF="9">out</W>
			<W BOX="428 549 445 575" STYLE_REF="9">of</W>
			<W BOX="456 549 466 575" STYLE_REF="9">a</W>
			<Q BOX="477 549 514 575" STYLE_REF="9" QID="29">littl</Q>
			<q BOX="515 549 525 575" STYLE_REF="9" QID="29">e</q>
			<QW QID="29">little</QW>
			<W BOX="536 549 568 575" STYLE_REF="9">red</W>
			<W BOX="582 549 650 575" STYLE_REF="9">bureau</W>
			<W BOX="661 549 744 575" STYLE_REF="9">attached</W>
			<W BOX="754 549 776 575" STYLE_REF="9">to</W>
			<L BOX="79 571 776 599"/>
			<W BOX="79 572 111 599" STYLE_REF="9">the</W>
			<W BOX="125 572 174 599" STYLE_REF="9" NS="y">quay</W>
			<W BOX="174 572 181 599" STYLE_REF="9">,</W>
			<W BOX="192 572 228 598" STYLE_REF="9">and</W>
			<W BOX="241 572 294 598" STYLE_REF="9">hung</W>
			<W BOX="307 572 339 598" STYLE_REF="9">out</W>
			<W BOX="352 572 362 598" STYLE_REF="9">a</W>
			<W BOX="374 571 424 598" STYLE_REF="9">tariff</W>
			<W BOX="437 571 453 598" STYLE_REF="9">of</W>
			<W BOX="467 571 497 598" STYLE_REF="9">the</W>
			<W BOX="509 571 551 598" STYLE_REF="9">tolls</W>
			<W BOX="561 571 598 598" STYLE_REF="9">and</W>
			<W BOX="610 571 659 598" STYLE_REF="9">rates</W>
			<W BOX="665 572 682 599" STYLE_REF="9">of</W>
			<Q BOX="696 572 768 599" STYLE_REF="9" QID="30">convey</Q>
			<Q BOX="768 572 776 599" STYLE_REF="9" QID="30">-</Q>
		</Primitive>
		<Primitive BOX="24 595 829 646" ID="Ar0440011" SEQ_NO="11" TOC_ENTRY_ID="45" DEPTH_LEVEL="1">
			<L BOX="79 595 131 622"/>
			<q BOX="79 595 125 622" STYLE_REF="9" NS="y" QID="30">ance</q>
			<QW QID="30">conveyance</QW>
			<W BOX="125 595 131 622" STYLE_REF="9">.</W>
			<L BOX="104 617 773 646"/>
			<W BOX="104 620 118 646" STYLE_REF="9" NS="y">"</W>
			<W BOX="119 617 168 644" STYLE_REF="9">Pray</W>
			<W BOX="175 617 230 644" STYLE_REF="9">when</W>
			<W BOX="238 617 280 644" STYLE_REF="9">does</W>
			<W BOX="288 617 327 644" STYLE_REF="9">this</W>
			<W BOX="333 617 375 644" STYLE_REF="9">boat</W>
			<W BOX="384 617 437 644" STYLE_REF="9" NS="y">leave</W>
			<W BOX="438 617 444 644" STYLE_REF="9" NS="y">,</W>
			<W BOX="444 617 454 644" STYLE_REF="9">"</W>
			<W BOX="462 617 473 644" STYLE_REF="9">I</W>
			<Q BOX="480 617 491 644" STYLE_REF="9" QID="31">a</Q>
			<q BOX="492 617 537 644" STYLE_REF="9" NS="y" QID="31">sked</q>
			<QW QID="31">asked</QW>
			<W BOX="542 617 547 644" STYLE_REF="9">;</W>
			<W BOX="562 619 579 645" STYLE_REF="9" NS="y">"</W>
			<W BOX="579 617 615 644" STYLE_REF="9">and</W>
			<W BOX="629 617 670 644" STYLE_REF="9">how</W>
			<Q BOX="677 617 708 644" STYLE_REF="9" QID="32">lon</Q>
			<q BOX="709 617 722 644" STYLE_REF="9" QID="32">g</q>
			<QW QID="32">long</QW>
			<W BOX="730 618 773 645" STYLE_REF="9">does</W>
		</Primitive>
		<Primitive BOX="24 640 829 690" ID="Ar0440012" SEQ_NO="12" TOC_ENTRY_ID="45" DEPTH_LEVEL="1">
			<L BOX="77 640 483 667"/>
			<W BOX="77 640 93 667" STYLE_REF="9">it</W>
			<Q BOX="101 640 133 667" STYLE_REF="9" QID="33">tak</Q>
			<q BOX="134 640 144 667" STYLE_REF="9" QID="33">e</q>
			<QW QID="33">take</QW>
			<W BOX="152 640 171 667" STYLE_REF="9">to</W>
			<W BOX="179 640 203 667" STYLE_REF="9">go</W>
			<Q BOX="210 640 236 667" STYLE_REF="9" QID="34">fro</Q>
			<q BOX="238 640 257 667" STYLE_REF="9" QID="34">m</q>
			<QW QID="34">from</QW>
			<W BOX="264 640 309 667" STYLE_REF="9">here</W>
			<W BOX="316 640 336 667" STYLE_REF="9">to</W>
			<W BOX="345 640 365 667" STYLE_REF="9" NS="y">St</W>
			<W BOX="365 640 371 667" STYLE_REF="9">.</W>
			<W BOX="380 640 449 667" STYLE_REF="9">Valery</W>
			<W BOX="455 640 463 666" STYLE_REF="9">?</W>
			<W BOX="469 640 483 666" STYLE_REF="9">"</W>
			<L BOX="101 663 772 690"/>
			<W BOX="101 663 140 689" STYLE_REF="9">The</W>
			<W BOX="147 663 175 689" STYLE_REF="9">fat</W>
			<W BOX="184 663 246 689" STYLE_REF="9">official</W>
			<Q BOX="256 663 314 689" STYLE_REF="9" QID="35">broug</Q>
			<q BOX="314 663 335 689" STYLE_REF="9" QID="35">ht</q>
			<QW QID="35">brought</QW>
			<W BOX="343 663 353 689" STYLE_REF="9">a</W>
			<W BOX="363 663 413 689" STYLE_REF="9">huge</W>
			<Q BOX="420 663 437 689" STYLE_REF="9" QID="36">ci</Q>
			<q BOX="438 663 470 689" STYLE_REF="9" QID="36">gar</q>
			<QW QID="36">cigar</QW>
			<W BOX="478 663 510 689" STYLE_REF="9">out</W>
			<W BOX="522 663 539 689" STYLE_REF="9">of</W>
			<W BOX="552 663 582 689" STYLE_REF="9">his</W>
			<W BOX="589 663 656 689" STYLE_REF="9" NS="y">pocket</W>
			<W BOX="658 663 663 689" STYLE_REF="9">,</W>
			<W BOX="671 664 746 690" STYLE_REF="9">stabbed</W>
			<W BOX="755 664 772 690" STYLE_REF="9">it</W>
		</Primitive>
		<Primitive BOX="24 685 829 736" ID="Ar0440013" SEQ_NO="13" TOC_ENTRY_ID="45" DEPTH_LEVEL="1">
			<L BOX="76 685 771 713"/>
			<Q BOX="76 686 180 713" STYLE_REF="9" QID="37">deliberatel</Q>
			<q BOX="183 686 196 713" STYLE_REF="9" QID="37">y</q>
			<QW QID="37">deliberately</QW>
			<W BOX="207 686 256 712" STYLE_REF="9">with</W>
			<W BOX="266 686 277 712" STYLE_REF="9">a</W>
			<Q BOX="287 687 300 713" STYLE_REF="9" QID="38">p</Q>
			<q BOX="300 686 319 712" STYLE_REF="9" QID="38">in</q>
			<QW QID="38">pin</QW>
			<W BOX="332 686 353 712" STYLE_REF="9">in</W>
			<W BOX="364 686 402 712" STYLE_REF="9">two</W>
			<Q BOX="414 686 428 712" STYLE_REF="9" QID="39">p</Q>
			<q BOX="428 686 477 712" STYLE_REF="9" NS="y" QID="39">laces</q>
			<QW QID="39">places</QW>
			<W BOX="477 686 482 713" STYLE_REF="9">,</W>
			<W BOX="490 685 526 712" STYLE_REF="9">and</W>
			<W BOX="536 685 589 712" STYLE_REF="9">stuck</W>
			<W BOX="605 685 620 712" STYLE_REF="9">it</W>
			<W BOX="633 685 653 712" STYLE_REF="9">in</W>
			<W BOX="665 685 695 712" STYLE_REF="9">his</W>
			<Q BOX="706 685 725 712" STYLE_REF="9" QID="40">m</Q>
			<q BOX="725 686 771 713" STYLE_REF="9" QID="40">outh</q>
			<QW QID="40">mouth</QW>
			<L BOX="75 709 238 736"/>
			<W BOX="75 709 135 736" STYLE_REF="9">before</W>
			<Q BOX="144 709 177 736" STYLE_REF="9" QID="41">rep</Q>
			<Q BOX="177 709 186 735" STYLE_REF="9" QID="41">l</Q>
			<Q BOX="185 710 197 736" STYLE_REF="9" QID="41">y</Q>
			<q BOX="198 709 232 735" STYLE_REF="9" NS="y" QID="41">ing</q>
			<QW QID="41">replying</QW>
			<W BOX="232 709 238 735" STYLE_REF="9">.</W>
		</Primitive>
		<Primitive BOX="24 731 829 781" ID="Ar0440014" SEQ_NO="14" TOC_ENTRY_ID="45" DEPTH_LEVEL="1">
			<L BOX="100 731 770 761"/>
			<W BOX="100 734 117 761" STYLE_REF="9" NS="y">"</W>
			<W BOX="118 732 175 758" STYLE_REF="9">Starts</W>
			<W BOX="188 732 207 758" STYLE_REF="9">at</W>
			<W BOX="219 731 294 758" STYLE_REF="9">midday</W>
			<Q BOX="304 731 358 758" STYLE_REF="10" QID="42">precis</Q>
			<q BOX="365 731 371 758" STYLE_REF="10" QID="42">"</q>
			<QW QID="42">precis"</QW>
			<W BOX="388 731 426 758" STYLE_REF="9">said</W>
			<W BOX="440 731 464 758" STYLE_REF="9" NS="y">he</W>
			<W BOX="464 731 470 758" STYLE_REF="9">.</W>
			<W BOX="495 733 509 760" STYLE_REF="9" NS="y">"</W>
			<W BOX="511 731 587 758" STYLE_REF="9">Arrives</W>
			<W BOX="598 731 680 758" STYLE_REF="9">between</W>
			<W BOX="691 731 721 758" STYLE_REF="9">six</W>
			<W BOX="734 732 770 759" STYLE_REF="9">and</W>
			<L BOX="75 755 154 781"/>
			<W BOX="75 755 131 781" STYLE_REF="9" NS="y">seven</W>
			<W BOX="131 755 137 781" STYLE_REF="9" NS="y">.</W>
			<W BOX="139 755 154 781" STYLE_REF="9">"</W>
		</Primitive>
		<Primitive BOX="24 777 829 827" ID="Ar0440015" SEQ_NO="15" TOC_ENTRY_ID="45" DEPTH_LEVEL="1">
			<L BOX="99 777 769 806"/>
			<W BOX="99 779 110 806" STYLE_REF="9">"</W>
			<W BOX="117 777 149 804" STYLE_REF="9">Six</W>
			<W BOX="156 777 212 804" STYLE_REF="9">hours</W>
			<W BOX="219 777 238 804" STYLE_REF="9">to</W>
			<W BOX="246 777 305 804" STYLE_REF="9">travel</W>
			<W BOX="313 777 381 804" STYLE_REF="9">twelve</W>
			<W BOX="388 777 443 804" STYLE_REF="9">miles</W>
			<W BOX="448 777 453 804" STYLE_REF="9">!</W>
			<W BOX="460 777 470 804" STYLE_REF="9">"</W>
			<W BOX="478 777 488 804" STYLE_REF="9">I</W>
			<W BOX="497 777 598 804" STYLE_REF="9" NS="y">exclaimed</W>
			<W BOX="598 777 604 804" STYLE_REF="9">.</W>
			<W BOX="629 779 640 806" STYLE_REF="9">"</W>
			<Q BOX="646 777 698 804" STYLE_REF="9" QID="43">Surel</Q>
			<q BOX="697 778 711 804" STYLE_REF="9" QID="43">y</q>
			<QW QID="43">Surely</QW>
			<W BOX="717 778 769 805" STYLE_REF="9">there</W>
			<L BOX="73 800 326 827"/>
			<W BOX="73 801 122 827" STYLE_REF="9">must</W>
			<W BOX="130 800 153 827" STYLE_REF="9">be</W>
			<W BOX="161 800 210 827" STYLE_REF="9">some</W>
			<W BOX="218 800 296 827" STYLE_REF="9" NS="y">mistake</W>
			<W BOX="300 800 306 827" STYLE_REF="9">!</W>
			<W BOX="312 800 326 827" STYLE_REF="9">"</W>
		</Primitive>
		<Primitive BOX="24 822 829 874" ID="Ar0440016" SEQ_NO="16" TOC_ENTRY_ID="45" DEPTH_LEVEL="1">
			<L BOX="98 822 768 852"/>
			<W BOX="98 825 109 852" STYLE_REF="9">"</W>
			<W BOX="116 823 208 850" STYLE_REF="9">Fourteen</W>
			<W BOX="225 823 279 850" STYLE_REF="9">miles</W>
			<Q BOX="297 823 310 850" STYLE_REF="9" QID="44">b</Q>
			<q BOX="309 824 323 850" STYLE_REF="9" QID="44">y</q>
			<QW QID="44">by</QW>
			<W BOX="338 824 371 850" STYLE_REF="9">the</W>
			<W BOX="389 823 439 849" STYLE_REF="9" NS="y">river</W>
			<W BOX="440 823 446 850" STYLE_REF="9" NS="y">,</W>
			<W BOX="446 822 456 849" STYLE_REF="9">"</W>
			<Q BOX="472 822 505 849" STYLE_REF="9" QID="45">rep</Q>
			<q BOX="505 822 541 849" STYLE_REF="9" QID="45">lied</q>
			<QW QID="45">replied</QW>
			<W BOX="562 822 586 849" STYLE_REF="9" NS="y">he</W>
			<W BOX="587 823 592 849" STYLE_REF="9">,</W>
			<Q BOX="610 823 623 849" STYLE_REF="9" QID="46">p</Q>
			<Q BOX="624 823 748 849" STYLE_REF="9" QID="46">hlegmaticall</Q>
			<q BOX="748 824 761 850" STYLE_REF="9" NS="y" QID="46">y</q>
			<QW QID="46">phlegmatically</QW>
			<W BOX="761 824 768 850" STYLE_REF="9">.</W>
			<L BOX="75 845 248 874"/>
			<W BOX="75 848 85 874" STYLE_REF="9">"</W>
			<W BOX="93 846 142 872" STYLE_REF="9">Nine</W>
			<W BOX="149 846 227 872" STYLE_REF="9" NS="y">stations</W>
			<W BOX="228 846 237 872" STYLE_REF="9" NS="y">.</W>
			<W BOX="235 845 248 872" STYLE_REF="9">"</W>
		</Primitive>
		<Primitive BOX="24 871 829 923" ID="Ar0440017" SEQ_NO="17" TOC_ENTRY_ID="45" DEPTH_LEVEL="1">
			<L BOX="98 871 279 900"/>
			<W BOX="98 873 114 900" STYLE_REF="9" NS="y">"</W>
			<W BOX="115 871 157 898" STYLE_REF="9">And</W>
			<W BOX="165 871 198 898" STYLE_REF="9">the</W>
			<W BOX="206 871 255 898" STYLE_REF="9" NS="y">fare</W>
			<Q BOX="255 871 268 898" STYLE_REF="9" QID="47">?</Q>
			<q BOX="268 871 279 898" STYLE_REF="9" QID="47">"</q>
			<QW QID="47">?"</QW>
			<L BOX="97 893 481 923"/>
			<W BOX="97 896 107 923" STYLE_REF="9">"</W>
			<W BOX="114 894 198 921" STYLE_REF="9" NS="y">Pavilion</W>
			<W BOX="200 894 205 921" STYLE_REF="9">,</W>
			<Q BOX="214 894 257 920" STYLE_REF="9" QID="48">seve</Q>
			<q BOX="257 894 270 920" STYLE_REF="9" QID="48">n</q>
			<QW QID="48">seven</QW>
			<W BOX="278 894 337 920" STYLE_REF="9">francs</W>
			<W BOX="345 894 350 920" STYLE_REF="9">:</W>
			<W BOX="362 893 409 920" STYLE_REF="9">deck</W>
			<W BOX="417 893 458 920" STYLE_REF="9" NS="y">four</W>
			<W BOX="458 893 464 920" STYLE_REF="9" NS="y">.</W>
			<W BOX="466 893 481 920" STYLE_REF="9">"</W>
		</Primitive>
		<Primitive BOX="24 916 829 968" ID="Ar0440018" SEQ_NO="18" TOC_ENTRY_ID="45" DEPTH_LEVEL="1">
			<L BOX="96 916 765 944"/>
			<W BOX="96 917 106 943" STYLE_REF="9">I</W>
			<W BOX="114 917 204 943" STYLE_REF="9" NS="y">hesitated</W>
			<W BOX="206 917 211 944" STYLE_REF="9">,</W>
			<W BOX="219 917 284 943" STYLE_REF="9">looked</W>
			<W BOX="298 917 352 943" STYLE_REF="9">again</W>
			<W BOX="363 917 381 943" STYLE_REF="9">at</W>
			<W BOX="392 916 424 942" STYLE_REF="9">the</W>
			<W BOX="434 916 475 942" STYLE_REF="9" NS="y">boat</W>
			<W BOX="477 916 482 943" STYLE_REF="9">,</W>
			<W BOX="490 916 525 942" STYLE_REF="9">and</W>
			<Q BOX="538 916 598 942" STYLE_REF="9" QID="49">thoug</Q>
			<q BOX="597 916 618 942" STYLE_REF="9" QID="49">ht</q>
			<QW QID="49">thought</QW>
			<W BOX="629 916 644 942" STYLE_REF="9">it</W>
			<Q BOX="655 916 681 943" STYLE_REF="9" QID="50">ug</Q>
			<q BOX="680 916 715 943" STYLE_REF="9" QID="50">lier</q>
			<QW QID="50">uglier</QW>
			<W BOX="729 916 765 943" STYLE_REF="9">and</W>
			<L BOX="71 941 381 968"/>
			<W BOX="71 941 122 968" STYLE_REF="9">more</W>
			<W BOX="129 941 271 968" STYLE_REF="9">uncomfortable</W>
			<W BOX="279 941 325 968" STYLE_REF="9">than</W>
			<W BOX="332 941 374 968" STYLE_REF="9" NS="y">ever</W>
			<W BOX="374 941 381 968" STYLE_REF="9">.</W>
		</Primitive>
		<Primitive BOX="24 963 829 1015" ID="Ar0440019" SEQ_NO="19" TOC_ENTRY_ID="45" DEPTH_LEVEL="1">
			<L BOX="96 963 678 993"/>
			<W BOX="96 966 107 993" STYLE_REF="9">"</W>
			<W BOX="112 964 156 991" STYLE_REF="9">And</W>
			<W BOX="162 964 179 991" STYLE_REF="9">is</W>
			<W BOX="187 964 219 991" STYLE_REF="9">the</W>
			<W BOX="226 964 299 991" STYLE_REF="9">scenery</W>
			<W BOX="311 964 419 990" STYLE_REF="9">interesting</W>
			<W BOX="427 963 435 990" STYLE_REF="9">?</W>
			<W BOX="440 963 449 990" STYLE_REF="9">"</W>
			<W BOX="458 963 468 990" STYLE_REF="9">I</W>
			<W BOX="475 963 560 990" STYLE_REF="9" NS="y">inquired</W>
			<W BOX="562 963 568 989" STYLE_REF="9">,</W>
			<Q BOX="576 963 656 990" STYLE_REF="9" QID="51">presentl</Q>
			<q BOX="658 964 671 990" STYLE_REF="9" NS="y" QID="51">y</q>
			<QW QID="51">presently</QW>
			<W BOX="671 964 678 990" STYLE_REF="9">.</W>
			<L BOX="97 985 694 1015"/>
			<W BOX="97 989 103 1015" STYLE_REF="10">"</W>
			<Q BOX="114 987 155 1013" STYLE_REF="10" QID="52">Plait</Q>
			<Q BOX="155 987 163 1013" STYLE_REF="10" LH="y" QID="52">-</Q>
			<q BOX="163 987 175 1013" STYLE_REF="10" QID="52">il</q>
			<QW QID="52">Plait-il</QW>
			<W BOX="185 987 193 1013" STYLE_REF="10">?</W>
			<W BOX="200 985 203 1012" STYLE_REF="10" NS="y">'</W>
			<W BOX="203 985 210 1012" STYLE_REF="10">*</W>
			<W BOX="218 987 257 1014" STYLE_REF="9">said</W>
			<W BOX="266 987 298 1014" STYLE_REF="9">the</W>
			<W BOX="305 987 331 1014" STYLE_REF="9">fat</W>
			<Q BOX="340 986 404 1013" STYLE_REF="9" QID="53">official</Q>
			<q BOX="421 986 496 1013" STYLE_REF="9" QID="53">looking</q>
			<QW QID="53">officiallooking</QW>
			<W BOX="503 985 602 1012" STYLE_REF="9">somewhat</W>
			<W BOX="610 986 688 1012" STYLE_REF="9" NS="y">puzzled</W>
			<W BOX="688 986 694 1012" STYLE_REF="9">.</W>
		</Primitive>
		<Primitive BOX="24 1008 829 1060" ID="Ar0440020" SEQ_NO="20" TOC_ENTRY_ID="45" DEPTH_LEVEL="1">
			<L BOX="407 987 412 1014"/>
			<W BOX="407 987 412 1014" STYLE_REF="9">,</W>
			<L BOX="97 1008 763 1038"/>
			<W BOX="97 1012 113 1038" STYLE_REF="9" NS="y">"</W>
			<Q BOX="114 1010 153 1036" STYLE_REF="9" QID="54">The</Q>
			<Q BOX="153 1010 177 1036" STYLE_REF="9" LH="y" QID="54">�</Q>
			<Q BOX="177 1010 196 1036" STYLE_REF="9" QID="54">th</Q>
			<q BOX="198 1010 208 1036" STYLE_REF="9" QID="54">e</q>
			<QW QID="54">The�the</QW>
			<W BOX="220 1010 269 1036" STYLE_REF="9" NS="y">river</W>
			<W BOX="270 1010 275 1036" STYLE_REF="9">,</W>
			<W BOX="283 1010 321 1036" STYLE_REF="9">you</W>
			<W BOX="333 1009 388 1036" STYLE_REF="9" NS="y">know</W>
			<W BOX="395 1009 400 1035" STYLE_REF="9">!</W>
			<W BOX="425 1009 444 1035" STYLE_REF="9">Is</W>
			<W BOX="455 1009 470 1035" STYLE_REF="9">it</W>
			<W BOX="482 1008 544 1035" STYLE_REF="9" NS="y">pretty</W>
			<W BOX="551 1008 559 1035" STYLE_REF="9">?</W>
			<W BOX="582 1008 601 1035" STYLE_REF="9">Is</W>
			<W BOX="612 1008 665 1035" STYLE_REF="9">there</W>
			<W BOX="673 1009 763 1036" STYLE_REF="9">anything</W>
			<L BOX="71 1032 160 1060"/>
			<W BOX="71 1033 90 1060" STYLE_REF="9">to</W>
			<W BOX="99 1033 129 1060" STYLE_REF="9">see</W>
			<W BOX="134 1032 141 1059" STYLE_REF="9">?</W>
			<W BOX="147 1032 160 1059" STYLE_REF="9">"</W>
		</Primitive>
		<Primitive BOX="24 1054 829 1105" ID="Ar0440021" SEQ_NO="21" TOC_ENTRY_ID="45" DEPTH_LEVEL="1">
			<L BOX="95 1054 763 1082"/>
			<Q BOX="95 1054 115 1082" STYLE_REF="5" QID="55">H</Q>
			<q BOX="115 1055 125 1082" STYLE_REF="9" QID="55">e</q>
			<QW QID="55">He</QW>
			<Q BOX="137 1055 148 1082" STYLE_REF="9" QID="56">s</Q>
			<Q BOX="146 1054 169 1082" STYLE_REF="5" QID="56">uc</Q>
			<Q BOX="169 1055 182 1082" STYLE_REF="9" QID="56">k</Q>
			<q BOX="183 1054 206 1082" STYLE_REF="5" QID="56">ed</q>
			<QW QID="56">sucked</QW>
			<W BOX="219 1054 296 1082" STYLE_REF="5">silently</W>
			<Q BOX="307 1055 318 1082" STYLE_REF="9" QID="57">a</Q>
			<q BOX="318 1054 326 1082" STYLE_REF="5" QID="57">t</q>
			<QW QID="57">at</QW>
			<W BOX="338 1054 369 1082" STYLE_REF="5">his</W>
			<Q BOX="382 1055 393 1081" STYLE_REF="9" QID="58">c</Q>
			<Q BOX="392 1054 413 1082" STYLE_REF="5" QID="58">ig</Q>
			<q BOX="412 1055 432 1081" STYLE_REF="9" NS="y" QID="58">ar</q>
			<QW QID="58">cigar</QW>
			<W BOX="434 1055 438 1081" STYLE_REF="9">,</W>
			<W BOX="450 1054 517 1081" STYLE_REF="9">turned</W>
			<W BOX="530 1054 540 1081" STYLE_REF="9">a</W>
			<Q BOX="555 1054 588 1081" STYLE_REF="9" QID="59">fish</Q>
			<q BOX="590 1054 604 1082" STYLE_REF="5" QID="59">y</q>
			<QW QID="59">fishy</QW>
			<Q BOX="617 1054 640 1082" STYLE_REF="5" QID="60">ey</Q>
			<q BOX="640 1055 651 1081" STYLE_REF="9" QID="60">e</q>
			<QW QID="60">eye</QW>
			<Q BOX="664 1054 689 1082" STYLE_REF="5" QID="61">up</Q>
			<q BOX="689 1055 713 1081" STYLE_REF="9" QID="61">on</q>
			<QW QID="61">upon</QW>
			<W BOX="726 1054 755 1082" STYLE_REF="5" NS="y">me</W>
			<W BOX="756 1055 763 1082" STYLE_REF="9">,</W>
			<L BOX="70 1077 762 1105"/>
			<Q BOX="70 1078 118 1105" STYLE_REF="9" QID="62">stare</Q>
			<q BOX="118 1078 130 1105" STYLE_REF="9" QID="62">d</q>
			<QW QID="62">stared</QW>
			<Q BOX="143 1078 226 1105" STYLE_REF="9" QID="63">languidl</Q>
			<q BOX="225 1078 238 1105" STYLE_REF="9" QID="63">y</q>
			<QW QID="63">languidly</QW>
			<W BOX="247 1078 273 1105" STYLE_REF="9">up</W>
			<W BOX="283 1078 316 1105" STYLE_REF="9">the</W>
			<W BOX="328 1077 394 1104" STYLE_REF="9">stream</W>
			<W BOX="408 1077 443 1104" STYLE_REF="9">and</W>
			<W BOX="456 1077 510 1104" STYLE_REF="9">down</W>
			<W BOX="521 1077 553 1104" STYLE_REF="9">the</W>
			<W BOX="566 1077 632 1104" STYLE_REF="9" NS="y">stream</W>
			<W BOX="634 1077 639 1104" STYLE_REF="9">,</W>
			<W BOX="650 1078 685 1104" STYLE_REF="9">and</W>
			<Q BOX="698 1078 746 1104" STYLE_REF="9" QID="64">finall</Q>
			<q BOX="749 1078 762 1105" STYLE_REF="9" QID="64">y</q>
			<QW QID="64">finally</QW>
		</Primitive>
		<Primitive BOX="24 1100 829 1155" ID="Ar0440022" SEQ_NO="22" TOC_ENTRY_ID="45" DEPTH_LEVEL="1">
			<L BOX="70 1100 672 1128"/>
			<W BOX="70 1101 146 1127" STYLE_REF="9">pointed</W>
			<W BOX="152 1101 200 1127" STYLE_REF="9">with</W>
			<W BOX="207 1101 237 1127" STYLE_REF="9">his</W>
			<W BOX="244 1101 311 1127" STYLE_REF="9">thumb</W>
			<W BOX="318 1101 397 1127" STYLE_REF="9">towards</W>
			<W BOX="404 1100 436 1127" STYLE_REF="9">the</W>
			<W BOX="443 1100 557 1127" STYLE_REF="9">perspective</W>
			<W BOX="565 1100 583 1127" STYLE_REF="9">of</W>
			<Q BOX="591 1100 628 1128" STYLE_REF="5" QID="65">pop</Q>
			<q BOX="628 1100 665 1127" STYLE_REF="9" NS="y" QID="65">lars</q>
			<QW QID="65">poplars</QW>
			<W BOX="665 1100 672 1127" STYLE_REF="9">.</W>
			<L BOX="95 1123 763 1155"/>
			<W BOX="95 1126 105 1152" STYLE_REF="9">"</W>
			<W BOX="116 1123 132 1150" STYLE_REF="10" NS="y">C</W>
			<W BOX="132 1123 136 1150" STYLE_REF="10" NS="y">'</W>
			<W BOX="136 1123 158 1150" STYLE_REF="10">est</W>
			<W BOX="172 1124 208 1150" STYLE_REF="10" NS="y">bien</W>
			<S S_TYPE="SUB">
				<W BOX="206 1130 211 1155" STYLE_REF="24" NS="y">9</W>
			</S>
			<W BOX="212 1123 218 1150" STYLE_REF="10">"</W>
			<W BOX="234 1124 272 1151" STYLE_REF="9">said</W>
			<W BOX="286 1124 311 1151" STYLE_REF="9" NS="y">he</W>
			<W BOX="311 1124 317 1151" STYLE_REF="9">,</W>
			<Q BOX="329 1123 356 1151" STYLE_REF="5" QID="66">wi</Q>
			<q BOX="356 1123 377 1151" STYLE_REF="5" QID="66">th</q>
			<QW QID="66">with</QW>
			<Q BOX="390 1125 403 1151" STYLE_REF="9" QID="67">p</Q>
			<q BOX="404 1123 451 1150" STYLE_REF="9" QID="67">lacid</q>
			<QW QID="67">placid</QW>
			<W BOX="468 1123 580 1150" STYLE_REF="9" NS="y">satisfaction</W>
			<W BOX="586 1124 592 1151" STYLE_REF="9">;</W>
			<W BOX="606 1125 620 1152" STYLE_REF="10" NS="y">"</W>
			<W BOX="622 1123 632 1150" STYLE_REF="10" NS="y">c</W>
			<W BOX="632 1123 637 1149" STYLE_REF="10" NS="y" M="1 * ">_'</W>
			<W BOX="637 1123 659 1150" STYLE_REF="10" M="2 * ">_est</W>
			<W BOX="673 1123 704 1150" STYLE_REF="10">tres</W>
			<W BOX="720 1123 754 1150" STYLE_REF="10" NS="y">bien</W>
			<W BOX="754 1124 763 1151" STYLE_REF="10" M="1 * ">_,</W>
		</Primitive>
		<Primitive BOX="24 1155 829 1219" ID="Ar0440023" SEQ_NO="23" TOC_ENTRY_ID="45" DEPTH_LEVEL="1">
			<L BOX="68 1146 543 1174"/>
			<W BOX="68 1147 107 1174" STYLE_REF="10">cette</W>
			<Q BOX="115 1147 175 1174" STYLE_REF="10" QID="68">riviere</Q>
			<Q BOX="175 1147 182 1174" STYLE_REF="10" LH="y" QID="68">-</Q>
			<q BOX="182 1147 198 1174" STYLE_REF="10" NS="y" QID="68">ci</q>
			<QW QID="68">riviere-ci</QW>
			<W BOX="198 1147 203 1174" STYLE_REF="10">.</W>
			<W BOX="221 1147 239 1174" STYLE_REF="9">It</W>
			<W BOX="248 1147 265 1174" STYLE_REF="9">is</W>
			<W BOX="270 1147 312 1174" STYLE_REF="9">just</W>
			<W BOX="317 1147 356 1174" STYLE_REF="9">like</W>
			<Q BOX="364 1147 392 1174" STYLE_REF="9" QID="69">thi</Q>
			<q BOX="393 1146 402 1173" STYLE_REF="9" QID="69">s</q>
			<QW QID="69">this</QW>
			<W BOX="410 1146 434 1173" STYLE_REF="9">all</W>
			<W BOX="443 1146 475 1173" STYLE_REF="9">the</W>
			<W BOX="483 1147 522 1174" STYLE_REF="9" NS="y">way</W>
			<W BOX="522 1147 529 1174" STYLE_REF="9" NS="y">.</W>
			<W BOX="529 1146 543 1173" STYLE_REF="9">"</W>
		</Primitive>
	</Content>
	<TOC_Entries><TOC_Entry TOC_ENTRY_ID="94" TITLE=".+. &quot; Oh Doricles ! your praises are too..." ENTITY_ID_REF="Ar04400" PAGE_NO="44" PAGE_LABEL="44" PRIM_ID_REF="Ar0440000" IS_IC="true"/></TOC_Entries></XMD-entity>
