<?xml version="1.0" encoding="windows-1252" standalone="no"?>
<XMD-PAGE REPOSITORY_FORMAT="1.0" PRXML_VER="2.0">
	<Meta ISSUE_DATE="01/03/1858" RELEASE_NO="041-EWJ-1858-03-01-001-SINGLE" PAGE_NO="44" NAME="" PAGE_LABEL="44" PAGE_TYPE="Single" PUBLISHER="Olive" PUBLICATION="EWJ" SOURCE_TYPE="TIFF" SOURCE_RESOLUTION="72" IMAGES_RESOLUTION="86" PAGE_THUMBNAIL_RESOLUTION="86" PAGE_PREVIEW_RESOLUTION="15" DEFAULT_IMG_EXT="png" IMG_EXT="png" PREVIEW_IMG_EXT="png" XMD_VER="2.6.238.8" PROFILE_ID="D:\pdfs\EWJ\XMD_EWJ.ini" SECTION="None" PAGE_WIDTH="842" PAGE_HEIGHT="1244" PAGES_NUMBER="72" BASE_HREF="EWJ/1858/03/01" PDF_DESTINATION_MAPPED="OLV0_Page_0044">
		<Resolutions>
			<Resolution DEFAULT="true">86</Resolution>
		</Resolutions>
	</Meta>
	<Link SOURCE="041-EWJ-1858-03-01-001-SINGLE.PDF" NEXT_SECTION="" PREV_SECTION="1"/>
	<DataFiles>
		<Files TYPE="DOC_PDF" PRESENT="1"/>
		<Files TYPE="PAGE_PDF" PRESENT="0"/>
		<Files TYPE="DOC_IMG" PRESENT="0"/>
		<Files TYPE="PAGE_IMG" PRESENT="0"/>
		<Files TYPE="PAGE_VIEW_IMG" PRESENT="1"/>
		<Files TYPE="PAGE_PREVIEW_IMG" PRESENT="1"/>
		<Files TYPE="PRIMITIVE_IMG" PRESENT="1"/>
		<Files TYPE="SNIPPET_IMG" PRESENT="1"/>
	</DataFiles>
	<Entity ENTITY_TYPE="Article" FIRST_TOC_ENTRY_ID="45" INDEX_IN_DOC="87" DEPTH_LEVEL="1" ID="Ar04400" SIZE="XLarge" BOX="24 88 829 1219" NEXT_SECTION="" PREV_SECTION="1" CONTINUATION_TO="Ar04500" CONTINUATION_FROM="Ar04300" FIRST_CHUNK="Ar03603" IMAGES_RESOLUTION="86" LOGICAL_NAME="true">
		<Name>.+. " Oh Doricles ! your praises are too...</Name>
		<Primitive ID="Ar0440000" BOX="24 88 829 145" ELEMENT_TYPE="Content" SEQ_NO="0" TOC_ENTRY_ID="45" DEPTH_LEVEL="1"/>
		<Primitive ID="Ar0440001" BOX="24 139 829 190" ELEMENT_TYPE="Content" SEQ_NO="1" TOC_ENTRY_ID="45" DEPTH_LEVEL="1"/>
		<Primitive ID="Ar0440002" BOX="24 185 829 236" ELEMENT_TYPE="Content" SEQ_NO="2" TOC_ENTRY_ID="45" DEPTH_LEVEL="1"/>
		<Primitive ID="Ar0440003" BOX="24 231 829 281" ELEMENT_TYPE="Content" SEQ_NO="3" TOC_ENTRY_ID="45" DEPTH_LEVEL="1"/>
		<Primitive ID="Ar0440004" BOX="24 277 829 326" ELEMENT_TYPE="Content" SEQ_NO="4" TOC_ENTRY_ID="45" DEPTH_LEVEL="1"/>
		<Primitive ID="Ar0440005" BOX="24 322 829 372" ELEMENT_TYPE="Content" SEQ_NO="5" TOC_ENTRY_ID="45" DEPTH_LEVEL="1"/>
		<Primitive ID="Ar0440006" BOX="24 367 829 417" ELEMENT_TYPE="Content" SEQ_NO="6" TOC_ENTRY_ID="45" DEPTH_LEVEL="1"/>
		<Primitive ID="Ar0440007" BOX="24 413 829 463" ELEMENT_TYPE="Content" SEQ_NO="7" TOC_ENTRY_ID="45" DEPTH_LEVEL="1"/>
		<Primitive ID="Ar0440008" BOX="24 458 829 508" ELEMENT_TYPE="Content" SEQ_NO="8" TOC_ENTRY_ID="45" DEPTH_LEVEL="1"/>
		<Primitive ID="Ar0440009" BOX="24 504 829 553" ELEMENT_TYPE="Content" SEQ_NO="9" TOC_ENTRY_ID="45" DEPTH_LEVEL="1"/>
		<Primitive ID="Ar0440010" BOX="24 549 829 599" ELEMENT_TYPE="Content" SEQ_NO="10" TOC_ENTRY_ID="45" DEPTH_LEVEL="1"/>
		<Primitive ID="Ar0440011" BOX="24 595 829 646" ELEMENT_TYPE="Content" SEQ_NO="11" TOC_ENTRY_ID="45" DEPTH_LEVEL="1"/>
		<Primitive ID="Ar0440012" BOX="24 640 829 690" ELEMENT_TYPE="Content" SEQ_NO="12" TOC_ENTRY_ID="45" DEPTH_LEVEL="1"/>
		<Primitive ID="Ar0440013" BOX="24 685 829 736" ELEMENT_TYPE="Content" SEQ_NO="13" TOC_ENTRY_ID="45" DEPTH_LEVEL="1"/>
		<Primitive ID="Ar0440014" BOX="24 731 829 781" ELEMENT_TYPE="Content" SEQ_NO="14" TOC_ENTRY_ID="45" DEPTH_LEVEL="1"/>
		<Primitive ID="Ar0440015" BOX="24 777 829 827" ELEMENT_TYPE="Content" SEQ_NO="15" TOC_ENTRY_ID="45" DEPTH_LEVEL="1"/>
		<Primitive ID="Ar0440016" BOX="24 822 829 874" ELEMENT_TYPE="Content" SEQ_NO="16" TOC_ENTRY_ID="45" DEPTH_LEVEL="1"/>
		<Primitive ID="Ar0440017" BOX="24 871 829 923" ELEMENT_TYPE="Content" SEQ_NO="17" TOC_ENTRY_ID="45" DEPTH_LEVEL="1"/>
		<Primitive ID="Ar0440018" BOX="24 916 829 968" ELEMENT_TYPE="Content" SEQ_NO="18" TOC_ENTRY_ID="45" DEPTH_LEVEL="1"/>
		<Primitive ID="Ar0440019" BOX="24 963 829 1015" ELEMENT_TYPE="Content" SEQ_NO="19" TOC_ENTRY_ID="45" DEPTH_LEVEL="1"/>
		<Primitive ID="Ar0440020" BOX="24 1008 829 1060" ELEMENT_TYPE="Content" SEQ_NO="20" TOC_ENTRY_ID="45" DEPTH_LEVEL="1"/>
		<Primitive ID="Ar0440021" BOX="24 1054 829 1105" ELEMENT_TYPE="Content" SEQ_NO="21" TOC_ENTRY_ID="45" DEPTH_LEVEL="1"/>
		<Primitive ID="Ar0440022" BOX="24 1100 829 1155" ELEMENT_TYPE="Content" SEQ_NO="22" TOC_ENTRY_ID="45" DEPTH_LEVEL="1"/>
		<Primitive ID="Ar0440023" BOX="24 1155 829 1219" ELEMENT_TYPE="Content" SEQ_NO="23" TOC_ENTRY_ID="45" DEPTH_LEVEL="1"/>
	</Entity>
	<Entity ENTITY_TYPE="Article" FIRST_TOC_ENTRY_ID="53" INDEX_IN_DOC="107" DEPTH_LEVEL="1" ID="Ar04401" SIZE="Small" BOX="24 12 829 88" NEXT_SECTION="" PREV_SECTION="1" IMAGES_RESOLUTION="86" LOGICAL_NAME="true">
		<Name>44 BBADSHAW THE BETBAYEB.</Name>
		<Primitive ID="Ar0440100" BOX="24 12 829 88" ELEMENT_TYPE="Content" SEQ_NO="0" TOC_ENTRY_ID="53" DEPTH_LEVEL="1"/>
	</Entity>
</XMD-PAGE>