<?xml version="1.0" encoding="windows-1252" standalone="no"?>
<XMD-entity REPOSITORY_FORMAT="1.0" PRXML_VER="2.0" ENTITY_TYPE="Article" DOC_UID="EWJ_01/03/1858" DOC_VER="1" FIRST_TOC_ENTRY_ID="85" DEPTH_LEVEL="1" INDEX_IN_DOC="150" PAGE_NO="68" ID="Ar06800" BOX="24 12 829 93" LANGUAGE="English" SNP="Ar06800S.png" SNP_WIDTH="806" SNP_HEIGHT="81" LOGICAL_NAME="true">
	<Meta NAME="6$ NOTICES OF BOOKS." DESCRIPTION="" SUBTYPE="" BASE_HREF="EWJ/1858/03/01" SOURCE_TYPE="TIFF" PUBLICATION="EWJ" SECTION="None" ISSUE_DATE="01/03/1858" WORDCNT="6" RELEASE_NO="041-EWJ-1858-03-01-001-SINGLE" PAGE_ID="" PAGE_TYPE="Single" PAGE_WIDTH="842" PAGE_HEIGHT="1244" DEFAULT_IMG_EXT="png" PDF_DESTINATION_MAPPED="OLV0_Entity_0068_0001" IMAGES_RESOLUTION="86" XMD_VER="2.6.238.8" PAGE_LABEL="68"/>
	<Link SOURCE="041-EWJ-1858-03-01-001-SINGLE.PDF" FIRST_ID="Ar00200" LAST_ID="Ar07201" NEXT_ID="Ar06801" PREV_ID="" TOC_ID="d:/Olive/Repository/EWJ/1858/03/01/TOC.xml"/>
	<DataFiles>
		<Files TYPE="DOC_PDF" PRESENT="1"/>
		<Files TYPE="PAGE_PDF" PRESENT="0"/>
		<Files TYPE="DOC_IMG" PRESENT="0"/>
		<Files TYPE="PAGE_IMG" PRESENT="0"/>
		<Files TYPE="PAGE_VIEW_IMG" PRESENT="1"/>
		<Files TYPE="PAGE_PREVIEW_IMG" PRESENT="1"/>
		<Files TYPE="PRIMITIVE_IMG" PRESENT="1"/>
		<Files TYPE="SNIPPET_IMG" PRESENT="1"/>
	</DataFiles>
	<Content>
		<Primitive BOX="24 12 829 93" ID="Ar0680000" SEQ_NO="0" TOC_ENTRY_ID="85" DEPTH_LEVEL="1">
			<L BOX="72 56 534 81"/>
			<W BOX="72 58 87 81" STYLE_REF="7" NS="y">6</W>
			<W BOX="86 58 99 81" STYLE_REF="7">$</W>
			<W BOX="319 57 407 81" STYLE_REF="7">NOTICES</W>
			<W BOX="421 57 447 80" STYLE_REF="7">OF</W>
			<W BOX="461 56 529 79" STYLE_REF="7" NS="y">BOOKS</W>
			<W BOX="529 56 534 79" STYLE_REF="7">.</W>
		</Primitive>
	</Content>
	<TOC_Entries><TOC_Entry TOC_ENTRY_ID="149" TITLE="6$ NOTICES OF BOOKS." ENTITY_ID_REF="Ar06800" PAGE_NO="68" PAGE_LABEL="68" PRIM_ID_REF="Ar0680000" IS_IC="true"/></TOC_Entries></XMD-entity>
