<?xml version="1.0" encoding="windows-1252" standalone="no"?>
<XMD-entity REPOSITORY_FORMAT="1.0" PRXML_VER="2.0" ENTITY_TYPE="Article" FIRST_TOC_ENTRY_ID="84" DEPTH_LEVEL="1" INDEX_IN_DOC="149" PAGE_NO="68" ID="Ar06803" BOX="24 93 829 174" LANGUAGE="English" CONTINUATION_FROM="Ar06702" LOGICAL_NAME="true">
	<Meta NAME="3.�The Morals of May Fair. Hurst, Blacke..." DESCRIPTION="" SUBTYPE="" BASE_HREF="EWJ/1858/03/01" SOURCE_TYPE="TIFF" PUBLICATION="EWJ" SECTION="None" ISSUE_DATE="01/03/1858" WORDCNT="26" RELEASE_NO="041-EWJ-1858-03-01-001-SINGLE" PAGE_ID="" PAGE_TYPE="Single" PAGE_WIDTH="842" PAGE_HEIGHT="1244" DEFAULT_IMG_EXT="png" PDF_DESTINATION_MAPPED="OLV0_Entity_0068_0004" IMAGES_RESOLUTION="86" XMD_VER="2.6.238.8" PAGE_LABEL="68"/>
	<Link SOURCE="041-EWJ-1858-03-01-001-SINGLE.PDF" FIRST_ID="Ar00200" LAST_ID="Ar07201" NEXT_ID="" PREV_ID="Ar06802" TOC_ID="d:/Olive/Repository/EWJ/1858/03/01/TOC.xml"/>
	<DataFiles>
		<Files TYPE="DOC_PDF" PRESENT="1"/>
		<Files TYPE="PAGE_PDF" PRESENT="0"/>
		<Files TYPE="DOC_IMG" PRESENT="0"/>
		<Files TYPE="PAGE_IMG" PRESENT="0"/>
		<Files TYPE="PAGE_VIEW_IMG" PRESENT="1"/>
		<Files TYPE="PAGE_PREVIEW_IMG" PRESENT="1"/>
		<Files TYPE="PRIMITIVE_IMG" PRESENT="1"/>
		<Files TYPE="SNIPPET_IMG" PRESENT="1"/>
	</DataFiles>
	<Content>
		<Primitive BOX="24 93 829 129" ID="Ar0680300" SEQ_NO="0" TOC_ENTRY_ID="84" DEPTH_LEVEL="1">
			<L BOX="71 98 775 129"/>
			<W BOX="71 102 166 129" STYLE_REF="9">sustained</W>
			<W BOX="175 102 195 129" STYLE_REF="9">to</W>
			<W BOX="204 102 237 129" STYLE_REF="9">the</W>
			<W BOX="247 101 283 128" STYLE_REF="9" NS="y">end</W>
			<W BOX="283 101 289 128" STYLE_REF="9">.</W>
			<W BOX="320 103 328 129" STYLE_REF="9" NS="y">'</W>
			<W BOX="331 101 371 127" STYLE_REF="9">The</W>
			<W BOX="382 100 452 127" STYLE_REF="9">Morals</W>
			<W BOX="464 100 481 127" STYLE_REF="9">of</W>
			<W BOX="493 100 538 127" STYLE_REF="9">May</W>
			<Q BOX="547 99 591 126" STYLE_REF="9" QID="1">Fair</Q>
			<q BOX="597 98 601 125" STYLE_REF="9" QID="1">'</q>
			<QW QID="1">Fair'</QW>
			<W BOX="617 98 634 125" STYLE_REF="9">is</W>
			<W BOX="645 98 656 125" STYLE_REF="9">a</W>
			<W BOX="667 98 775 125" STYLE_REF="9">favourable</W>
		</Primitive>
		<Primitive BOX="24 129 829 174" ID="Ar0680301" SEQ_NO="1" TOC_ENTRY_ID="84" DEPTH_LEVEL="1">
			<L BOX="71 122 729 152"/>
			<W BOX="71 125 164 152" STYLE_REF="9">specimen</W>
			<W BOX="173 125 191 152" STYLE_REF="9">of</W>
			<W BOX="199 125 232 152" STYLE_REF="9">the</W>
			<W BOX="240 124 286 151" STYLE_REF="9">class</W>
			<W BOX="294 124 312 151" STYLE_REF="9">of</W>
			<W BOX="321 124 435 151" STYLE_REF="9">fashionable</W>
			<W BOX="443 123 510 149" STYLE_REF="9">novels</W>
			<W BOX="517 123 537 149" STYLE_REF="9">to</W>
			<W BOX="545 123 607 149" STYLE_REF="9">which</W>
			<W BOX="615 122 631 149" STYLE_REF="9">it</W>
			<W BOX="639 122 718 149" STYLE_REF="9" NS="y">belongs</W>
			<W BOX="720 122 729 149" STYLE_REF="9">.</W>
		</Primitive>
	</Content>
	<TOC_Entries><TOC_Entry TOC_ENTRY_ID="152" TITLE="3.�The Morals of May Fair. Hurst, Blacke..." ENTITY_ID_REF="Ar06803" PAGE_NO="68" PAGE_LABEL="68" PRIM_ID_REF="Ar0680300" IS_IC="true"/></TOC_Entries></XMD-entity>
