<?xml version="1.0" encoding="windows-1252" standalone="no"?>
<XMD-entity REPOSITORY_FORMAT="1.0" PRXML_VER="2.0" ENTITY_TYPE="Article" FIRST_TOC_ENTRY_ID="90" DEPTH_LEVEL="1" INDEX_IN_DOC="158" PAGE_NO="72" ID="Ar07201" BOX="46 83 799 1222" LANGUAGE="English" CONTINUATION_FROM="Ar07100" LOGICAL_NAME="true">
	<Meta NAME="great The heavy revolt in gloom India wh..." DESCRIPTION="" SUBTYPE="" BASE_HREF="EWJ/1858/03/01" SOURCE_TYPE="TIFF" PUBLICATION="EWJ" SECTION="None" ISSUE_DATE="01/03/1858" WORDCNT="918" RELEASE_NO="041-EWJ-1858-03-01-001-SINGLE" PAGE_ID="" PAGE_TYPE="Single" PAGE_WIDTH="841" PAGE_HEIGHT="1244" DEFAULT_IMG_EXT="png" PDF_DESTINATION_MAPPED="OLV0_Entity_0072_0002" IMAGES_RESOLUTION="86" XMD_VER="2.6.238.8" PAGE_LABEL="72"/>
	<Link SOURCE="041-EWJ-1858-03-01-001-SINGLE.PDF" FIRST_ID="Ar00200" LAST_ID="Ar07201" NEXT_ID="" PREV_ID="Ar07200" TOC_ID="d:/Olive/Repository/EWJ/1858/03/01/TOC.xml"/>
	<DataFiles>
		<Files TYPE="DOC_PDF" PRESENT="1"/>
		<Files TYPE="PAGE_PDF" PRESENT="0"/>
		<Files TYPE="DOC_IMG" PRESENT="0"/>
		<Files TYPE="PAGE_IMG" PRESENT="0"/>
		<Files TYPE="PAGE_VIEW_IMG" PRESENT="1"/>
		<Files TYPE="PAGE_PREVIEW_IMG" PRESENT="1"/>
		<Files TYPE="PRIMITIVE_IMG" PRESENT="1"/>
		<Files TYPE="SNIPPET_IMG" PRESENT="1"/>
	</DataFiles>
	<Content>
		<Primitive BOX="46 83 799 164" ID="Ar0720100" SEQ_NO="0" TOC_ENTRY_ID="90" DEPTH_LEVEL="1">
			<L BOX="93 89 772 116"/>
			<W BOX="93 91 117 116" STYLE_REF="14">As</W>
			<W BOX="123 91 198 116" STYLE_REF="14">however</W>
			<W BOX="203 91 233 116" STYLE_REF="14">the</W>
			<W BOX="239 91 279 116" STYLE_REF="14">facts</W>
			<Q BOX="291 91 348 116" STYLE_REF="14" QID="1">relatin</Q>
			<q BOX="350 91 360 116" STYLE_REF="14" QID="1">g</q>
			<QW QID="1">relating</QW>
			<W BOX="367 91 385 116" STYLE_REF="14">to</W>
			<Q BOX="391 90 416 115" STYLE_REF="14" QID="2">thi</Q>
			<q BOX="416 90 424 115" STYLE_REF="14" QID="2">s</q>
			<QW QID="2">this</QW>
			<W BOX="435 90 495 115" STYLE_REF="14">subject</W>
			<W BOX="508 90 535 115" STYLE_REF="14">are</W>
			<W BOX="541 90 578 115" STYLE_REF="14">now</W>
			<W BOX="585 90 667 115" STYLE_REF="14">embodied</W>
			<W BOX="675 90 692 115" STYLE_REF="14">in</W>
			<W BOX="703 90 712 115" STYLE_REF="14">a</W>
			<Q BOX="719 89 754 114" STYLE_REF="14" QID="3">rath</Q>
			<q BOX="755 89 772 114" STYLE_REF="14" QID="3">er</q>
			<QW QID="3">rather</QW>
			<L BOX="71 108 775 154"/>
			<W BOX="71 128 94 153" STYLE_REF="14">Ni</W>
			<W BOX="71 110 111 135" STYLE_REF="14">bulk</W>
			<Q BOX="94 129 106 154" STYLE_REF="14" QID="4">g</Q>
			<q BOX="104 128 166 153" STYLE_REF="14" QID="4">htingal</q>
			<QW QID="4">ghtingal</QW>
			<W BOX="112 110 123 135" STYLE_REF="14">y</W>
			<W BOX="131 109 170 134" STYLE_REF="14">Blue</W>
			<W BOX="167 128 176 153" STYLE_REF="14">e</W>
			<W BOX="170 109 177 134" STYLE_REF="14" LH="y">-</W>
			<W BOX="176 129 181 154" STYLE_REF="14">,</W>
			<W BOX="177 109 223 134" STYLE_REF="14">Book</W>
			<W BOX="186 127 211 152" STYLE_REF="14">we</W>
			<W BOX="214 127 279 152" STYLE_REF="14">propose</W>
			<W BOX="231 109 324 134" STYLE_REF="14">containing</W>
			<W BOX="284 127 303 152" STYLE_REF="14">to</W>
			<W BOX="309 127 364 152" STYLE_REF="14">return</W>
			<W BOX="334 109 343 134" STYLE_REF="14">a</W>
			<W BOX="351 109 394 134" STYLE_REF="14">large</W>
			<W BOX="369 127 386 152" STYLE_REF="14">to</W>
			<W BOX="393 127 407 152" STYLE_REF="14">it</W>
			<W BOX="405 109 472 134" STYLE_REF="14">amount</W>
			<W BOX="411 127 434 152" STYLE_REF="14">for</W>
			<W BOX="440 127 484 152" STYLE_REF="14">some</W>
			<W BOX="480 109 496 134" STYLE_REF="14">of</W>
			<W BOX="490 127 553 152" STYLE_REF="14">further</W>
			<W BOX="509 108 583 133" STYLE_REF="14">evidence</W>
			<W BOX="558 127 639 152" STYLE_REF="14">informati</W>
			<W BOX="592 108 632 133" STYLE_REF="14">from</W>
			<W BOX="640 127 660 152" STYLE_REF="14">on</W>
			<W BOX="641 108 683 133" STYLE_REF="14">Miss</W>
			<W BOX="665 126 704 151" STYLE_REF="14">next</W>
			<W BOX="695 108 772 133" STYLE_REF="14">Florence</W>
			<W BOX="708 126 766 151" STYLE_REF="14" NS="y">month</W>
			<W BOX="767 126 775 151" STYLE_REF="14">.</W>
		</Primitive>
		<Primitive BOX="46 152 799 209" ID="Ar0720101" SEQ_NO="1" TOC_ENTRY_ID="90" DEPTH_LEVEL="1">
			<L BOX="70 144 772 209"/>
			<W BOX="70 184 88 209" STYLE_REF="14">or</W>
			<W BOX="70 165 89 190" STYLE_REF="14">to</W>
			<W BOX="93 146 127 172" STYLE_REF="14">The</W>
			<W BOX="95 184 143 209" STYLE_REF="14">heard</W>
			<W BOX="95 165 142 190" STYLE_REF="14">mark</W>
			<W BOX="135 146 156 172" STYLE_REF="14">31</W>
			<W BOX="148 165 162 190" STYLE_REF="14">it</W>
			<W BOX="151 184 166 209" STYLE_REF="14">of</W>
			<W BOX="156 146 169 172" STYLE_REF="14">st</W>
			<W BOX="169 165 186 190" STYLE_REF="14">as</W>
			<W BOX="174 184 190 209" STYLE_REF="14">in</W>
			<W BOX="177 146 191 172" STYLE_REF="14">of</W>
			<W BOX="193 165 220 190" STYLE_REF="14">the</W>
			<W BOX="198 183 226 208" STYLE_REF="14">the</W>
			<W BOX="199 146 272 172" STYLE_REF="14">January</W>
			<W BOX="227 165 258 190" STYLE_REF="14">day</W>
			<W BOX="234 183 282 208" STYLE_REF="14">world</W>
			<W BOX="263 165 283 190" STYLE_REF="14">on</W>
			<W BOX="279 146 313 172" STYLE_REF="14">also</W>
			<W BOX="283 183 288 209" STYLE_REF="14">,</W>
			<W BOX="292 165 346 190" STYLE_REF="14">which</W>
			<W BOX="296 183 335 208" STYLE_REF="14">took</W>
			<W BOX="324 146 370 172" STYLE_REF="14">must</W>
			<W BOX="342 183 370 208" STYLE_REF="14">the</W>
			<W BOX="349 164 376 189" STYLE_REF="14">the</W>
			<W BOX="380 183 415 208" STYLE_REF="14">first</W>
			<W BOX="381 145 410 170" STYLE_REF="14">not</W>
			<W BOX="382 164 471 189" STYLE_REF="14">Leviathan</W>
			<W BOX="420 145 440 170" STYLE_REF="14">be</W>
			<W BOX="423 183 459 208" STYLE_REF="14">step</W>
			<W BOX="451 145 517 170" STYLE_REF="14">allowed</W>
			<W BOX="465 183 534 208" STYLE_REF="14">towards</W>
			<W BOX="472 165 477 190" STYLE_REF="14">,</W>
			<W BOX="482 164 510 189" STYLE_REF="14">the</W>
			<W BOX="516 164 555 189" STYLE_REF="14">very</W>
			<W BOX="526 145 543 170" STYLE_REF="14">to</W>
			<W BOX="542 183 614 208" STYLE_REF="14">showing</W>
			<W BOX="554 145 591 170" STYLE_REF="14">pass</W>
			<Q BOX="560 165 576 190" STYLE_REF="14" QID="5">bi</Q>
			<q BOX="577 165 622 190" STYLE_REF="14" QID="5">ggest</q>
			<QW QID="5">biggest</QW>
			<W BOX="597 145 637 170" STYLE_REF="14">with</W>
			<W BOX="625 183 659 208" STYLE_REF="14">that</W>
			<W BOX="630 164 654 189" STYLE_REF="14">shi</W>
			<W BOX="637 145 665 170" STYLE_REF="14">out</W>
			<W BOX="655 165 666 190" STYLE_REF="14">p</W>
			<W BOX="667 182 695 207" STYLE_REF="14">she</W>
			<W BOX="670 163 706 188" STYLE_REF="14">ever</W>
			<W BOX="673 145 682 170" STYLE_REF="14">a</W>
			<W BOX="689 144 718 170" STYLE_REF="14">red</W>
			<W BOX="702 181 736 207" STYLE_REF="14">was</W>
			<W BOX="711 163 772 188" STYLE_REF="14">known</W>
			<W BOX="724 144 772 169" STYLE_REF="14">letter</W>
			<W BOX="742 181 771 207" STYLE_REF="14">not</W>
		</Primitive>
		<Primitive BOX="46 201 799 275" ID="Ar0720102" SEQ_NO="2" TOC_ENTRY_ID="90" DEPTH_LEVEL="1">
			<L BOX="69 201 772 264"/>
			<W BOX="69 239 176 264" STYLE_REF="14">incontinentl</W>
			<W BOX="71 202 143 227" STYLE_REF="14">likewise</W>
			<W BOX="93 220 128 246" STYLE_REF="14">One</W>
			<W BOX="138 220 169 246" STYLE_REF="14">last</W>
			<W BOX="148 202 177 227" STYLE_REF="14">the</W>
			<W BOX="177 239 187 264" STYLE_REF="14">y</W>
			<W BOX="182 220 248 245" STYLE_REF="14">sacrifice</W>
			<W BOX="183 202 199 227" STYLE_REF="14">bi</W>
			<W BOX="194 239 263 264" STYLE_REF="14">scuttled</W>
			<W BOX="199 201 244 227" STYLE_REF="14">ggest</W>
			<W BOX="251 201 319 227" STYLE_REF="14">blunder</W>
			<W BOX="263 220 278 245" STYLE_REF="14">of</W>
			<W BOX="271 239 294 264" STYLE_REF="14">for</W>
			<W BOX="291 220 301 245" STYLE_REF="14">a</W>
			<W BOX="303 239 350 264" STYLE_REF="14">being</W>
			<W BOX="313 220 381 245" STYLE_REF="14">humble</W>
			<W BOX="327 201 363 227" STYLE_REF="14">ever</W>
			<W BOX="359 238 376 264" STYLE_REF="14">in</W>
			<W BOX="370 201 417 227" STYLE_REF="14">made</W>
			<W BOX="386 238 414 264" STYLE_REF="14">her</W>
			<W BOX="392 220 426 245" STYLE_REF="14">coal</W>
			<W BOX="424 201 435 227" STYLE_REF="14">b</W>
			<W BOX="425 238 461 264" STYLE_REF="14">way</W>
			<Q BOX="426 220 433 245" STYLE_REF="14" LH="y" QID="6">-</Q>
			<q BOX="433 220 480 245" STYLE_REF="14" QID="6">barge</q>
			<QW QID="6">-barge</QW>
			<W BOX="435 201 446 226" STYLE_REF="14">y</W>
			<W BOX="453 201 500 226" STYLE_REF="14">naval</W>
			<W BOX="461 238 466 264" STYLE_REF="14">,</W>
			<W BOX="472 238 506 264" STYLE_REF="14">was</W>
			<W BOX="480 221 485 246" STYLE_REF="14">,</W>
			<W BOX="492 220 545 245" STYLE_REF="14">which</W>
			<W BOX="507 201 584 226" STYLE_REF="14">architect</W>
			<W BOX="514 238 569 264" STYLE_REF="14">offered</W>
			<W BOX="556 220 590 245" STYLE_REF="14">was</W>
			<W BOX="582 238 605 264" STYLE_REF="14">up</W>
			<W BOX="584 201 590 226" STYLE_REF="14">.</W>
			<Q BOX="601 220 607 245" STYLE_REF="14" QID="7">i</Q>
			<q BOX="608 219 700 244" STYLE_REF="14" QID="7">gnominiou</q>
			<QW QID="7">ignominiou</QW>
			<W BOX="612 238 628 264" STYLE_REF="14">to</W>
			<W BOX="635 238 663 264" STYLE_REF="14">her</W>
			<W BOX="674 238 692 264" STYLE_REF="14">as</W>
			<W BOX="701 219 716 244" STYLE_REF="14">sl</W>
			<W BOX="703 237 731 262" STYLE_REF="14">she</W>
			<W BOX="716 218 727 243" STYLE_REF="14">y</W>
			<W BOX="738 237 772 262" STYLE_REF="14">was</W>
			<W BOX="740 218 772 243" STYLE_REF="14">and</W>
		</Primitive>
		<Primitive BOX="46 263 799 320" ID="Ar0720103" SEQ_NO="3" TOC_ENTRY_ID="90" DEPTH_LEVEL="1">
			<L BOX="69 255 772 301"/>
			<W BOX="69 276 104 301" STYLE_REF="14">Not</W>
			<W BOX="69 257 136 282" STYLE_REF="14">lowered</W>
			<W BOX="111 276 139 301" STYLE_REF="14">onl</W>
			<W BOX="144 257 183 282" STYLE_REF="14">from</W>
			<Q BOX="156 276 178 301" STYLE_REF="14" QID="8">ha</Q>
			<q BOX="179 276 197 301" STYLE_REF="14" QID="8">ve</q>
			<QW QID="8">have</QW>
			<W BOX="189 257 216 282" STYLE_REF="14">her</W>
			<W BOX="204 276 240 301" STYLE_REF="14">thre</W>
			<W BOX="224 257 283 282" STYLE_REF="14">cradles</W>
			<W BOX="240 276 249 301" STYLE_REF="14">e</W>
			<W BOX="254 276 322 301" STYLE_REF="14">months</W>
			<W BOX="283 257 288 282" STYLE_REF="14">,</W>
			<W BOX="296 257 329 282" STYLE_REF="14">and</W>
			<W BOX="332 276 363 301" STYLE_REF="14">and</W>
			<W BOX="334 257 373 282" STYLE_REF="14">then</W>
			<W BOX="371 275 396 300" STYLE_REF="14">we</W>
			<W BOX="380 257 409 282" STYLE_REF="14">the</W>
			<W BOX="402 275 429 301" STYLE_REF="14">are</W>
			<W BOX="413 257 477 282" STYLE_REF="14">heroine</W>
			<W BOX="435 275 484 301" STYLE_REF="14">afraid</W>
			<W BOX="484 257 499 282" STYLE_REF="14">of</W>
			<W BOX="496 275 513 301" STYLE_REF="14">to</W>
			<W BOX="507 257 582 282" STYLE_REF="14">Millwall</W>
			<W BOX="558 275 596 300" STYLE_REF="14">how</W>
			<W BOX="586 257 619 282" STYLE_REF="14">was</W>
			<W BOX="626 256 701 281" STYLE_REF="14">positivel</W>
			<W BOX="660 274 750 299" STYLE_REF="14">thousands</W>
			<W BOX="701 256 712 281" STYLE_REF="14">y</W>
			<W BOX="718 255 767 280" STYLE_REF="14">afloat</W>
			<W BOX="755 274 772 299" STYLE_REF="14">of</W>
			<W BOX="767 255 772 280" STYLE_REF="14">.</W>
			<L BOX="69 275 771 320"/>
			<W BOX="69 295 132 320" STYLE_REF="14" NS="y">pounds</W>
			<W BOX="133 295 138 320" STYLE_REF="14">,</W>
			<W BOX="138 276 150 301" STYLE_REF="14">y</W>
			<W BOX="145 294 184 319" STYLE_REF="14">been</W>
			<Q BOX="196 294 237 319" STYLE_REF="14" QID="9">devo</Q>
			<q BOX="237 294 262 319" STYLE_REF="14" QID="9">ted</q>
			<QW QID="9">devoted</QW>
			<W BOX="272 294 291 319" STYLE_REF="14">to</W>
			<W BOX="302 294 331 319" STYLE_REF="14">her</W>
			<W BOX="321 277 326 302" STYLE_REF="14">,</W>
			<Q BOX="344 294 382 319" STYLE_REF="14" QID="10">laun</Q>
			<q BOX="383 294 403 319" STYLE_REF="14" NS="y" QID="10">ch</q>
			<QW QID="10">launch</QW>
			<W BOX="404 295 409 320" STYLE_REF="14">,</W>
			<W BOX="416 294 446 319" STYLE_REF="14">but</W>
			<W BOX="453 294 477 319" STYLE_REF="14">we</W>
			<W BOX="488 294 514 319" STYLE_REF="14">are</W>
			<W BOX="523 275 552 301" STYLE_REF="14">say</W>
			<W BOX="527 294 571 319" STYLE_REF="14">sorry</W>
			<W BOX="578 294 596 319" STYLE_REF="14">to</W>
			<W BOX="602 275 653 300" STYLE_REF="14">many</W>
			<W BOX="607 294 627 319" STYLE_REF="14">be</W>
			<Q BOX="635 294 668 319" STYLE_REF="14" QID="11">obli</Q>
			<q BOX="669 293 699 318" STYLE_REF="14" QID="11">ged</q>
			<QW QID="11">obliged</QW>
			<W BOX="710 292 728 317" STYLE_REF="14">to</W>
			<W BOX="740 292 771 317" STYLE_REF="14">add</W>
		</Primitive>
		<Primitive BOX="46 311 799 375" ID="Ar0720104" SEQ_NO="4" TOC_ENTRY_ID="90" DEPTH_LEVEL="1">
			<L BOX="69 311 772 357"/>
			<W BOX="69 332 106 357" STYLE_REF="14">gear</W>
			<W BOX="69 313 130 338" STYLE_REF="14">several</W>
			<W BOX="107 332 112 357" STYLE_REF="14">,</W>
			<W BOX="119 331 150 356" STYLE_REF="14">and</W>
			<W BOX="137 313 177 338" STYLE_REF="14">lives</W>
			<W BOX="163 331 184 356" STYLE_REF="14">on</W>
			<W BOX="177 313 198 338" STYLE_REF="14" LH="y">�</W>
			<W BOX="195 331 261 356" STYLE_REF="14">another</W>
			<W BOX="198 313 219 338" STYLE_REF="14">on</W>
			<W BOX="226 313 256 338" STYLE_REF="14">one</W>
			<W BOX="263 313 334 338" STYLE_REF="14">occasion</W>
			<Q BOX="273 331 285 356" STYLE_REF="14" QID="12">b</Q>
			<q BOX="284 331 297 356" STYLE_REF="14" QID="12">y</q>
			<QW QID="12">by</QW>
			<W BOX="308 331 336 356" STYLE_REF="14">the</W>
			<W BOX="344 313 367 338" STYLE_REF="14">by</W>
			<W BOX="349 331 425 356" STYLE_REF="14">downfall</W>
			<W BOX="374 313 402 338" STYLE_REF="14">the</W>
			<W BOX="411 312 488 338" STYLE_REF="14">breaking</W>
			<W BOX="437 331 453 356" STYLE_REF="14">of</W>
			<W BOX="465 331 474 356" STYLE_REF="14">a</W>
			<W BOX="487 330 579 356" STYLE_REF="14">scaffolding</W>
			<W BOX="495 312 510 338" STYLE_REF="14">of</W>
			<W BOX="517 312 576 338" STYLE_REF="14">certain</W>
			<W BOX="584 312 655 338" STYLE_REF="14">portions</W>
			<W BOX="591 330 611 356" STYLE_REF="14">on</W>
			<W BOX="624 330 677 356" STYLE_REF="14">which</W>
			<W BOX="662 312 677 338" STYLE_REF="14">of</W>
			<W BOX="684 330 745 355" STYLE_REF="14">crowds</W>
			<W BOX="685 311 772 336" STYLE_REF="14">launching</W>
			<W BOX="755 329 772 354" STYLE_REF="14">of</W>
			<L BOX="68 348 771 375"/>
			<W BOX="68 350 162 375" STYLE_REF="14">imprudent</W>
			<Q BOX="174 350 231 375" STYLE_REF="14" QID="13">worshi</Q>
			<q BOX="231 350 277 375" STYLE_REF="14" QID="13">ppers</q>
			<QW QID="13">worshippers</QW>
			<W BOX="290 350 305 375" STYLE_REF="14">of</W>
			<W BOX="318 350 346 375" STYLE_REF="14" NS="y">Mr</W>
			<W BOX="346 350 351 375" STYLE_REF="14">.</W>
			<Q BOX="363 349 425 375" STYLE_REF="14" QID="14">Brunei</Q>
			<Q BOX="425 349 429 375" STYLE_REF="14" QID="14">'</Q>
			<q BOX="428 349 436 375" STYLE_REF="14" QID="14">s</q>
			<QW QID="14">Brunei's</QW>
			<W BOX="447 349 490 375" STYLE_REF="14">huge</W>
			<W BOX="503 349 612 375" STYLE_REF="14">performance</W>
			<W BOX="622 349 654 375" STYLE_REF="14">had</W>
			<W BOX="667 348 735 373" STYLE_REF="14" NS="y">climbed</W>
			<W BOX="737 349 742 374" STYLE_REF="14">,</W>
			<W BOX="753 348 771 373" STYLE_REF="14">in</W>
		</Primitive>
		<Primitive BOX="46 365 799 430" ID="Ar0720105" SEQ_NO="5" TOC_ENTRY_ID="90" DEPTH_LEVEL="1">
			<L BOX="68 365 772 412"/>
			<W BOX="68 368 113 393" STYLE_REF="14">order</W>
			<W BOX="69 387 107 412" STYLE_REF="14">over</W>
			<W BOX="113 387 130 412" STYLE_REF="14">to</W>
			<W BOX="122 368 139 393" STYLE_REF="14">to</W>
			<W BOX="136 387 161 412" STYLE_REF="14">see</W>
			<W BOX="146 368 171 393" STYLE_REF="14">see</W>
			<W BOX="169 387 196 412" STYLE_REF="14">the</W>
			<W BOX="177 368 214 393" STYLE_REF="14">over</W>
			<W BOX="202 387 261 412" STYLE_REF="14">launch</W>
			<W BOX="222 368 256 393" STYLE_REF="14">into</W>
			<W BOX="263 368 292 393" STYLE_REF="14">the</W>
			<W BOX="268 387 301 412" STYLE_REF="14">earl</W>
			<Q BOX="297 368 309 393" STYLE_REF="14" QID="15">y</Q>
			<q BOX="310 368 337 393" STYLE_REF="14" QID="15">ard</q>
			<QW QID="15">yard</QW>
			<W BOX="318 386 336 411" STYLE_REF="14">in</W>
			<W BOX="343 386 434 411" STYLE_REF="24">November</W>
			<W BOX="345 368 375 393" STYLE_REF="14">and</W>
			<W BOX="383 368 437 393" STYLE_REF="14" NS="y">watch</W>
			<S S_TYPE="SUB">
				<W BOX="440 387 471 411" STYLE_REF="7">and</W>
			</S>
			<W BOX="443 368 471 393" STYLE_REF="14">her</W>
			<W BOX="475 387 518 411" STYLE_REF="7">were</W>
			<W BOX="478 368 550 393" STYLE_REF="14">progress</W>
			<Q BOX="525 386 542 411" STYLE_REF="14" QID="16">th</Q>
			<q BOX="544 387 553 411" STYLE_REF="7" QID="16">e</q>
			<QW QID="16">the</QW>
			<W BOX="550 368 555 393" STYLE_REF="14">.</W>
			<W BOX="552 386 563 411" STYLE_REF="14">n</W>
			<W BOX="563 365 566 390" STYLE_REF="14">"</W>
			<W BOX="570 387 581 411" STYLE_REF="7">u</W>
			<W BOX="577 368 629 393" STYLE_REF="14">Many</W>
			<Q BOX="583 386 594 411" STYLE_REF="14" QID="17">n</Q>
			<q BOX="594 387 621 411" STYLE_REF="7" QID="17">der</q>
			<QW QID="17">nder</QW>
			<W BOX="635 367 719 392" STYLE_REF="14">foreigners</W>
			<Q BOX="638 387 664 411" STYLE_REF="7" QID="18">rea</Q>
			<q BOX="665 386 672 411" STYLE_REF="14" QID="18">t</q>
			<QW QID="18">reat</QW>
			<Q BOX="679 386 702 411" STYLE_REF="14" QID="19">un</Q>
			<q BOX="703 386 730 410" STYLE_REF="7" QID="19">eas</q>
			<QW QID="19">uneas</QW>
			<W BOX="727 367 772 392" STYLE_REF="14">came</W>
			<Q BOX="729 385 736 410" STYLE_REF="14" QID="20">i</Q>
			<q BOX="736 386 772 410" STYLE_REF="7" QID="20">ness</q>
			<QW QID="20">iness</QW>
			<L BOX="69 386 772 430"/>
			<W BOX="69 405 100 430" STYLE_REF="14">lest</W>
			<W BOX="109 405 148 430" STYLE_REF="14">they</W>
			<W BOX="154 405 209 430" STYLE_REF="14">should</W>
			<W BOX="216 405 236 430" STYLE_REF="14">be</W>
			<W BOX="243 405 269 430" STYLE_REF="14">too</W>
			<W BOX="277 405 310 430" STYLE_REF="14">late</W>
			<W BOX="301 387 313 412" STYLE_REF="14">y</W>
			<W BOX="310 405 316 430" STYLE_REF="14">.</W>
			<W BOX="337 405 353 430" STYLE_REF="14">It</W>
			<W BOX="361 405 375 430" STYLE_REF="14">is</W>
			<W BOX="382 405 399 430" STYLE_REF="14">to</W>
			<W BOX="406 405 426 430" STYLE_REF="14">be</W>
			<W BOX="431 388 438 413" STYLE_REF="24">,</W>
			<W BOX="432 405 483 430" STYLE_REF="14">hoped</W>
			<W BOX="491 405 531 430" STYLE_REF="14">they</W>
			<W BOX="535 405 561 430" STYLE_REF="14">did</W>
			<W BOX="568 405 597 430" STYLE_REF="14">not</W>
			<W BOX="605 405 636 430" STYLE_REF="14">find</W>
			<W BOX="628 386 638 411" STYLE_REF="14">g</W>
			<W BOX="646 405 674 430" STYLE_REF="14">the</W>
			<W BOX="681 404 721 429" STYLE_REF="14">time</W>
			<W BOX="727 404 766 429" STYLE_REF="14" NS="y">long</W>
			<W BOX="766 404 772 429" STYLE_REF="14">.</W>
		</Primitive>
		<Primitive BOX="46 422 799 504" ID="Ar0720106" SEQ_NO="6" TOC_ENTRY_ID="90" DEPTH_LEVEL="1">
			<L BOX="69 422 771 468"/>
			<W BOX="69 443 98 468" STYLE_REF="14">the</W>
			<W BOX="91 424 112 449" STYLE_REF="14">In</W>
			<W BOX="105 443 126 468" STYLE_REF="14">23</W>
			<W BOX="119 424 148 449" STYLE_REF="14">the</W>
			<W BOX="126 443 144 468" STYLE_REF="14">rd</W>
			<W BOX="153 443 168 468" STYLE_REF="14">of</W>
			<W BOX="154 424 201 449" STYLE_REF="14">latter</W>
			<W BOX="179 443 263 468" STYLE_REF="14">December</W>
			<W BOX="211 424 246 449" STYLE_REF="14">part</W>
			<W BOX="255 424 270 449" STYLE_REF="14">of</W>
			<W BOX="271 443 303 468" STYLE_REF="14">last</W>
			<W BOX="282 424 366 449" STYLE_REF="14">February</W>
			<Q BOX="310 443 347 468" STYLE_REF="14" QID="21">Eng</Q>
			<q BOX="347 442 377 467" STYLE_REF="14" QID="21">lish</q>
			<QW QID="21">English</QW>
			<W BOX="371 424 423 449" STYLE_REF="14">intelli</W>
			<W BOX="385 442 416 467" STYLE_REF="14">and</W>
			<W BOX="424 424 472 449" STYLE_REF="14">gence</W>
			<W BOX="427 442 488 467" STYLE_REF="14">French</W>
			<W BOX="478 424 512 449" STYLE_REF="14">was</W>
			<W BOX="496 442 521 467" STYLE_REF="14">shi</W>
			<W BOX="520 424 590 449" STYLE_REF="14">received</W>
			<W BOX="521 442 540 467" STYLE_REF="14">ps</W>
			<W BOX="550 442 565 467" STYLE_REF="14">of</W>
			<W BOX="572 442 606 467" STYLE_REF="14">war</W>
			<W BOX="600 423 638 448" STYLE_REF="14">from</W>
			<W BOX="611 442 661 467" STYLE_REF="14">began</W>
			<W BOX="648 423 701 448" STYLE_REF="14">China</W>
			<W BOX="669 441 688 467" STYLE_REF="14">to</W>
			<W BOX="694 441 771 466" STYLE_REF="14">assemble</W>
			<W BOX="708 422 743 447" STYLE_REF="14">that</W>
			<W BOX="750 422 771 447" STYLE_REF="14">on</W>
			<L BOX="69 459 772 504"/>
			<W BOX="69 461 87 486" STYLE_REF="14">in</W>
			<W BOX="69 479 158 504" STYLE_REF="14">attempted</W>
			<W BOX="94 461 123 486" STYLE_REF="14">the</W>
			<W BOX="130 461 195 486" STYLE_REF="14">Canton</W>
			<W BOX="168 479 272 504" STYLE_REF="14">negotiations</W>
			<W BOX="199 461 241 486" STYLE_REF="14">river</W>
			<W BOX="247 461 318 486" STYLE_REF="14">opposite</W>
			<W BOX="282 479 324 504" STYLE_REF="14">with</W>
			<W BOX="326 461 356 486" STYLE_REF="14">the</W>
			<W BOX="334 479 363 504" STYLE_REF="14">the</W>
			<W BOX="361 461 394 486" STYLE_REF="14">city</W>
			<W BOX="369 479 438 504" STYLE_REF="14">Chinese</W>
			<W BOX="394 461 399 486" STYLE_REF="14">,</W>
			<W BOX="407 460 447 485" STYLE_REF="14">with</W>
			<W BOX="443 479 510 504" STYLE_REF="14">Viceroy</W>
			<W BOX="455 460 485 485" STYLE_REF="14">the</W>
			<W BOX="489 460 557 485" STYLE_REF="14">purpose</W>
			<W BOX="519 479 553 504" STYLE_REF="14">Yeh</W>
			<W BOX="560 479 616 504" STYLE_REF="14">should</W>
			<W BOX="565 460 580 485" STYLE_REF="14">of</W>
			<W BOX="590 460 695 485" STYLE_REF="14">bombarding</W>
			<W BOX="629 479 657 504" STYLE_REF="14" NS="y">fail</W>
			<W BOX="657 479 663 504" STYLE_REF="14">.</W>
			<W BOX="685 478 719 503" STYLE_REF="14">The</W>
			<W BOX="702 459 716 484" STYLE_REF="14">it</W>
			<W BOX="723 459 735 484" STYLE_REF="14">if</W>
			<W BOX="728 477 771 502" STYLE_REF="14">river</W>
			<W BOX="743 459 772 484" STYLE_REF="14">the</W>
		</Primitive>
		<Primitive BOX="46 496 799 582" ID="Ar0720107" SEQ_NO="7" TOC_ENTRY_ID="90" DEPTH_LEVEL="1">
			<L BOX="68 496 772 542"/>
			<W BOX="68 517 110 542" STYLE_REF="14">porti</W>
			<W BOX="69 498 103 523" STYLE_REF="14">was</W>
			<W BOX="110 498 127 523" STYLE_REF="14">so</W>
			<W BOX="111 517 131 542" STYLE_REF="14">on</W>
			<W BOX="134 498 188 523" STYLE_REF="14">densel</W>
			<W BOX="142 517 157 542" STYLE_REF="14">of</W>
			<W BOX="168 517 196 542" STYLE_REF="14">the</W>
			<W BOX="189 498 199 523" STYLE_REF="14">y</W>
			<W BOX="206 516 273 541" STYLE_REF="14">Chinese</W>
			<W BOX="207 498 271 523" STYLE_REF="14">covered</W>
			<W BOX="282 498 292 523" STYLE_REF="14">b</W>
			<W BOX="283 516 377 541" STYLE_REF="14">population</W>
			<W BOX="292 498 304 523" STYLE_REF="14">y</W>
			<W BOX="311 498 339 523" STYLE_REF="14">the</W>
			<W BOX="349 498 391 523" STYLE_REF="14">large</W>
			<W BOX="388 516 424 541" STYLE_REF="14">pass</W>
			<W BOX="400 497 451 522" STYLE_REF="14">house</W>
			<W BOX="434 516 477 541" STYLE_REF="14">nearl</W>
			<Q BOX="451 497 458 522" STYLE_REF="14" LH="y" QID="22">-</Q>
			<q BOX="458 497 491 522" STYLE_REF="14" QID="22">like</q>
			<QW QID="22">-like</QW>
			<W BOX="477 516 489 541" STYLE_REF="14">y</W>
			<W BOX="497 516 539 541" STYLE_REF="14">their</W>
			<W BOX="500 497 545 522" STYLE_REF="14">boats</W>
			<W BOX="545 516 597 541" STYLE_REF="14">whole</W>
			<W BOX="556 497 573 522" STYLE_REF="14">in</W>
			<W BOX="581 497 634 522" STYLE_REF="14">which</W>
			<W BOX="607 516 648 541" STYLE_REF="14">lives</W>
			<W BOX="644 497 653 522" STYLE_REF="14">a</W>
			<W BOX="648 516 653 541" STYLE_REF="14">,</W>
			<W BOX="664 515 700 540" STYLE_REF="14">that</W>
			<W BOX="664 496 772 522" STYLE_REF="14">considerable</W>
			<W BOX="710 515 726 540" STYLE_REF="14">at</W>
			<W BOX="735 514 769 539" STYLE_REF="14">first</W>
			<L BOX="68 533 771 582"/>
			<W BOX="68 535 95 560" STYLE_REF="14">onl</W>
			<W BOX="69 553 107 578" STYLE_REF="14">from</W>
			<W BOX="96 535 107 560" STYLE_REF="14">y</W>
			<W BOX="114 535 124 560" STYLE_REF="14">a</W>
			<W BOX="121 553 150 579" STYLE_REF="14">the</W>
			<W BOX="132 535 170 560" STYLE_REF="14">very</W>
			<W BOX="159 553 252 579" STYLE_REF="14">impending</W>
			<Q BOX="177 535 187 560" STYLE_REF="14" QID="23">n</Q>
			<q BOX="188 535 237 560" STYLE_REF="14" QID="23">arrow</q>
			<QW QID="23">narrow</QW>
			<W BOX="245 534 312 559" STYLE_REF="14">channel</W>
			<W BOX="262 553 321 578" STYLE_REF="14">danger</W>
			<W BOX="320 534 335 559" STYLE_REF="14">of</W>
			<W BOX="338 553 370 578" STYLE_REF="14">and</W>
			<W BOX="343 534 391 559" STYLE_REF="14">water</W>
			<W BOX="373 557 375 582" STYLE_REF="14" NS="y">'</W>
			<W BOX="380 553 437 578" STYLE_REF="14">retired</W>
			<W BOX="398 534 431 559" STYLE_REF="14">was</W>
			<W BOX="437 534 494 559" STYLE_REF="14">visible</W>
			<W BOX="447 553 547 578" STYLE_REF="14">unmolested</W>
			<W BOX="499 534 504 559" STYLE_REF="14">;</W>
			<W BOX="513 534 543 559" STYLE_REF="14">but</W>
			<W BOX="550 534 590 559" STYLE_REF="14">they</W>
			<W BOX="559 553 593 578" STYLE_REF="14">into</W>
			<W BOX="595 534 654 559" STYLE_REF="14">moved</W>
			<W BOX="604 553 667 578" STYLE_REF="14">various</W>
			<W BOX="661 534 708 559" STYLE_REF="14">slowl</W>
			<W BOX="677 552 721 577" STYLE_REF="14">creek</W>
			<W BOX="707 533 717 559" STYLE_REF="14">y</W>
			<W BOX="724 551 732 577" STYLE_REF="14">s</W>
			<W BOX="725 533 749 558" STYLE_REF="14">aw</W>
			<W BOX="739 551 771 577" STYLE_REF="14">and</W>
			<W BOX="750 533 771 558" STYLE_REF="14">ay</W>
		</Primitive>
		<Primitive BOX="46 571 799 634" ID="Ar0720108" SEQ_NO="8" TOC_ENTRY_ID="90" DEPTH_LEVEL="1">
			<L BOX="69 553 772 634"/>
			<W BOX="69 609 85 634" STYLE_REF="14">di</W>
			<W BOX="69 590 155 615" STYLE_REF="14">continued</W>
			<W BOX="69 572 114 597" STYLE_REF="14">canal</W>
			<W BOX="87 609 130 634" STYLE_REF="14">spose</W>
			<W BOX="107 553 112 578" STYLE_REF="14">,</W>
			<W BOX="115 572 124 597" STYLE_REF="14" NS="y">s</W>
			<W BOX="122 573 127 598" STYLE_REF="14">,</W>
			<W BOX="134 572 185 597" STYLE_REF="14">thoug</W>
			<W BOX="139 609 154 634" STYLE_REF="14">of</W>
			<W BOX="162 609 226 634" STYLE_REF="14">oranges</W>
			<W BOX="162 590 185 615" STYLE_REF="14">up</W>
			<W BOX="184 572 195 597" STYLE_REF="14">h</W>
			<W BOX="191 590 209 615" STYLE_REF="14">to</W>
			<W BOX="203 572 253 597" STYLE_REF="14">many</W>
			<W BOX="215 590 244 615" STYLE_REF="14">the</W>
			<W BOX="232 609 264 634" STYLE_REF="14">and</W>
			<W BOX="250 590 281 615" STYLE_REF="14">last</W>
			<W BOX="257 572 272 597" STYLE_REF="14">of</W>
			<W BOX="271 609 318 634" STYLE_REF="14">other</W>
			<W BOX="280 572 310 597" STYLE_REF="14">the</W>
			<W BOX="288 590 361 615" STYLE_REF="14">moment</W>
			<W BOX="315 572 378 597" STYLE_REF="14">smaller</W>
			<W BOX="323 553 328 579" STYLE_REF="14">,</W>
			<W BOX="325 609 412 634" STYLE_REF="14">acceptable</W>
			<W BOX="368 590 384 615" STYLE_REF="14">to</W>
			<W BOX="384 572 430 597" STYLE_REF="14">boats</W>
			<W BOX="391 590 448 615" STYLE_REF="14">paddle</W>
			<W BOX="421 609 450 634" STYLE_REF="14">arti</W>
			<W BOX="431 572 435 597" STYLE_REF="14">,</W>
			<W BOX="441 571 457 596" STYLE_REF="14">m</W>
			<W BOX="452 609 483 634" STYLE_REF="14">cles</W>
			<W BOX="458 590 506 615" STYLE_REF="14">about</W>
			<W BOX="459 571 484 596" STYLE_REF="14">ore</W>
			<W BOX="488 571 542 596" STYLE_REF="14">intent</W>
			<W BOX="491 609 506 634" STYLE_REF="14">of</W>
			<W BOX="513 608 592 633" STYLE_REF="14">provision</W>
			<Q BOX="517 590 543 615" STYLE_REF="14" QID="24">am</Q>
			<q BOX="544 590 575 615" STYLE_REF="14" QID="24">ong</q>
			<QW QID="24">among</QW>
			<W BOX="549 571 569 596" STYLE_REF="14">on</W>
			<W BOX="574 571 612 596" STYLE_REF="14">profi</W>
			<W BOX="582 590 611 615" STYLE_REF="14">the</W>
			<W BOX="601 608 622 633" STYLE_REF="14">for</W>
			<W BOX="615 571 622 596" STYLE_REF="14">t</W>
			<W BOX="617 590 675 615" STYLE_REF="14">hostile</W>
			<W BOX="628 571 644 596" STYLE_REF="14">th</W>
			<W BOX="632 608 659 633" STYLE_REF="14">the</W>
			<W BOX="646 571 667 596" STYLE_REF="14">an</W>
			<W BOX="666 607 770 632" STYLE_REF="14">refreshment</W>
			<W BOX="674 571 764 596" STYLE_REF="14">patriotism</W>
			<Q BOX="682 589 707 614" STYLE_REF="14" QID="25">shi</Q>
			<q BOX="706 589 726 614" STYLE_REF="14" NS="y" QID="25">ps</q>
			<QW QID="25">ships</QW>
			<W BOX="726 589 731 614" STYLE_REF="14">,</W>
			<W BOX="738 588 769 614" STYLE_REF="14">and</W>
			<W BOX="765 571 772 596" STYLE_REF="14">,</W>
		</Primitive>
		<Primitive BOX="46 627 799 690" ID="Ar0720109" SEQ_NO="9" TOC_ENTRY_ID="90" DEPTH_LEVEL="1">
			<L BOX="69 627 772 690"/>
			<W BOX="69 627 84 652" STYLE_REF="14">of</W>
			<W BOX="69 664 102 689" STYLE_REF="14">900</W>
			<W BOX="91 646 115 671" STYLE_REF="14">At</W>
			<W BOX="92 627 121 652" STYLE_REF="14">the</W>
			<W BOX="109 664 124 689" STYLE_REF="14">of</W>
			<W BOX="122 646 177 671" STYLE_REF="14">length</W>
			<W BOX="127 627 196 652" STYLE_REF="14">enemies</W>
			<W BOX="132 664 161 689" STYLE_REF="14">the</W>
			<W BOX="167 664 208 689" STYLE_REF="14">Fren</W>
			<W BOX="177 646 182 671" STYLE_REF="14">,</W>
			<W BOX="189 646 209 671" STYLE_REF="14">on</W>
			<W BOX="202 627 251 652" STYLE_REF="14">about</W>
			<W BOX="209 664 229 689" STYLE_REF="14">ch</W>
			<W BOX="217 646 246 671" STYLE_REF="14">the</W>
			<W BOX="236 664 260 689" STYLE_REF="14">tro</W>
			<W BOX="252 646 327 671" STYLE_REF="14">morning</W>
			<W BOX="257 627 274 652" STYLE_REF="14">to</W>
			<Q BOX="261 664 281 689" STYLE_REF="14" QID="26">op</Q>
			<q BOX="281 664 289 689" STYLE_REF="14" QID="26">s</q>
			<QW QID="26">ops</QW>
			<W BOX="282 627 336 652" STYLE_REF="14">attack</W>
			<W BOX="296 664 327 689" STYLE_REF="14">and</W>
			<W BOX="334 646 349 671" STYLE_REF="14">of</W>
			<W BOX="337 664 380 689" STYLE_REF="14">4600</W>
			<W BOX="344 627 384 652" STYLE_REF="14">their</W>
			<W BOX="356 646 385 671" STYLE_REF="14">the</W>
			<W BOX="390 664 405 689" STYLE_REF="14">of</W>
			<W BOX="392 646 414 671" STYLE_REF="14">28</W>
			<W BOX="392 627 426 652" STYLE_REF="14">city</W>
			<W BOX="414 646 431 671" STYLE_REF="14">th</W>
			<W BOX="417 664 445 689" STYLE_REF="14">the</W>
			<W BOX="426 627 432 652" STYLE_REF="14">.</W>
			<W BOX="433 646 438 671" STYLE_REF="14">,</W>
			<W BOX="445 645 454 670" STYLE_REF="14">a</W>
			<W BOX="455 664 492 689" STYLE_REF="14">Eng</W>
			<W BOX="461 645 514 670" STYLE_REF="14">heavy</W>
			<W BOX="491 664 523 689" STYLE_REF="14">lish</W>
			<W BOX="520 645 547 670" STYLE_REF="14">fire</W>
			<W BOX="531 664 577 689" STYLE_REF="14">lande</W>
			<W BOX="555 645 588 670" STYLE_REF="14">was</W>
			<W BOX="577 664 587 689" STYLE_REF="14" NS="y">d</W>
			<W BOX="589 665 593 690" STYLE_REF="14">,</W>
			<W BOX="594 645 654 670" STYLE_REF="14">opened</W>
			<W BOX="601 663 632 688" STYLE_REF="14">and</W>
			<W BOX="643 663 703 688" STYLE_REF="14">almost</W>
			<W BOX="661 645 703 670" STYLE_REF="14">upon</W>
			<W BOX="712 644 725 669" STYLE_REF="14">it</W>
			<W BOX="714 662 765 688" STYLE_REF="14">imme</W>
			<W BOX="726 645 731 670" STYLE_REF="14">,</W>
			<W BOX="739 644 770 669" STYLE_REF="14">and</W>
			<Q BOX="765 662 772 688" STYLE_REF="14" QID="27">-</Q>
		</Primitive>
		<Primitive BOX="46 680 799 745" ID="Ar0720110" SEQ_NO="10" TOC_ENTRY_ID="90" DEPTH_LEVEL="1">
			<L BOX="69 680 771 727"/>
			<q BOX="69 701 114 726" STYLE_REF="14" QID="27">town</q>
			<QW QID="27">town</QW>
			<W BOX="69 683 118 708" STYLE_REF="14">diatel</W>
			<W BOX="114 702 119 727" STYLE_REF="14">,</W>
			<W BOX="118 683 129 708" STYLE_REF="14">y</W>
			<W BOX="127 701 155 726" STYLE_REF="14">the</W>
			<W BOX="136 683 210 708" STYLE_REF="14">captured</W>
			<W BOX="161 701 219 726" STYLE_REF="14">houses</W>
			<W BOX="218 683 251 708" STYLE_REF="14">two</W>
			<W BOX="225 701 241 726" STYLE_REF="14">of</W>
			<W BOX="249 701 301 726" STYLE_REF="14">which</W>
			<W BOX="257 683 297 708" STYLE_REF="14" NS="y">forts</W>
			<W BOX="297 683 302 708" STYLE_REF="14">.</W>
			<W BOX="309 701 350 726" STYLE_REF="14">were</W>
			<W BOX="325 682 355 708" STYLE_REF="14">All</W>
			<W BOX="357 701 392 726" STYLE_REF="14">seen</W>
			<Q BOX="365 682 381 708" STYLE_REF="14" QID="28">ni</Q>
			<q BOX="382 683 392 708" STYLE_REF="14" QID="28">g</q>
			<QW QID="28">nig</QW>
			<W BOX="391 701 398 726" STYLE_REF="14">-</W>
			<W BOX="392 682 411 708" STYLE_REF="14">ht</W>
			<W BOX="403 701 467 726" STYLE_REF="14">blazing</W>
			<Q BOX="419 682 424 708" STYLE_REF="14" QID="29">l</Q>
			<q BOX="425 682 456 708" STYLE_REF="14" QID="29">ong</q>
			<QW QID="29">long</QW>
			<W BOX="462 682 525 708" STYLE_REF="14">rockets</W>
			<W BOX="477 701 494 726" STYLE_REF="14">in</W>
			<W BOX="504 701 526 726" STYLE_REF="14">all</W>
			<W BOX="533 682 574 708" STYLE_REF="14">were</W>
			<W BOX="538 701 591 726" STYLE_REF="14">directi</W>
			<W BOX="574 680 576 705" STYLE_REF="14">,</W>
			<W BOX="580 682 617 707" STYLE_REF="14">fired</W>
			<W BOX="593 701 622 726" STYLE_REF="14">ons</W>
			<W BOX="626 682 660 707" STYLE_REF="14">into</W>
			<W BOX="628 701 632 726" STYLE_REF="14">;</W>
			<W BOX="642 701 673 726" STYLE_REF="14">and</W>
			<W BOX="667 682 697 707" STYLE_REF="14">the</W>
			<W BOX="685 700 731 725" STYLE_REF="14">when</W>
			<W BOX="703 681 771 706" STYLE_REF="14">devoted</W>
			<W BOX="742 700 771 725" STYLE_REF="14">the</W>
			<L BOX="69 719 771 745"/>
			<W BOX="69 719 108 745" STYLE_REF="14">mail</W>
			<W BOX="115 719 143 745" STYLE_REF="14">left</W>
			<W BOX="152 719 172 745" STYLE_REF="14">on</W>
			<W BOX="180 719 207 745" STYLE_REF="14">the</W>
			<W BOX="215 719 296 745" STYLE_REF="14">following</W>
			<W BOX="307 720 339 745" STYLE_REF="14" NS="y">day</W>
			<W BOX="339 720 344 745" STYLE_REF="14">,</W>
			<W BOX="351 719 365 745" STYLE_REF="14">it</W>
			<Q BOX="372 719 421 745" STYLE_REF="14" QID="30">broug</Q>
			<q BOX="421 719 440 745" STYLE_REF="14" QID="30">ht</q>
			<QW QID="30">brought</QW>
			<W BOX="450 719 460 745" STYLE_REF="14">a</W>
			<W BOX="470 719 510 745" STYLE_REF="14">brief</W>
			<W BOX="521 719 559 745" STYLE_REF="14">note</W>
			<W BOX="569 719 608 745" STYLE_REF="14">from</W>
			<W BOX="620 719 648 745" STYLE_REF="14">the</W>
			<W BOX="658 719 771 744" STYLE_REF="14">commanding</W>
		</Primitive>
		<Primitive BOX="46 737 799 819" ID="Ar0720111" SEQ_NO="11" TOC_ENTRY_ID="90" DEPTH_LEVEL="1">
			<L BOX="69 737 770 782"/>
			<W BOX="69 738 117 763" STYLE_REF="14">officer</W>
			<W BOX="90 756 122 782" STYLE_REF="14">We</W>
			<W BOX="129 738 177 763" STYLE_REF="14">statin</W>
			<W BOX="130 756 175 782" STYLE_REF="14">must</W>
			<W BOX="178 738 188 763" STYLE_REF="14">g</W>
			<W BOX="182 756 210 782" STYLE_REF="14">not</W>
			<W BOX="194 738 231 763" STYLE_REF="14">that</W>
			<W BOX="237 738 266 763" STYLE_REF="14">the</W>
			<W BOX="261 756 281 782" STYLE_REF="14">wi</W>
			<W BOX="272 738 305 763" STYLE_REF="14">city</W>
			<Q BOX="282 756 299 782" STYLE_REF="14" QID="31">th</Q>
			<q BOX="302 756 331 782" STYLE_REF="14" QID="31">out</q>
			<QW QID="31">thout</QW>
			<W BOX="313 738 345 763" STYLE_REF="14">had</W>
			<W BOX="338 756 347 782" STYLE_REF="14">a</W>
			<W BOX="351 738 390 763" STYLE_REF="14">been</W>
			<Q BOX="355 756 369 782" STYLE_REF="14" QID="32">w</Q>
			<q BOX="370 756 397 782" STYLE_REF="14" QID="32">ord</q>
			<QW QID="32">word</QW>
			<W BOX="400 738 475 763" STYLE_REF="14">captured</W>
			<W BOX="405 756 426 782" STYLE_REF="14">an</W>
			<W BOX="433 756 504 782" STYLE_REF="14">incident</W>
			<W BOX="476 738 481 763" STYLE_REF="14" NS="y">,</W>
			<W BOX="482 737 494 762" STYLE_REF="14">*</W>
			<Q BOX="511 756 529 782" STYLE_REF="14" QID="33">th</Q>
			<q BOX="531 756 547 782" STYLE_REF="14" QID="33">at</q>
			<QW QID="33">that</QW>
			<W BOX="601 756 676 781" STYLE_REF="14">hereafter</W>
			<W BOX="689 756 709 781" STYLE_REF="14">be</W>
			<W BOX="721 755 770 780" STYLE_REF="14">found</W>
			<L BOX="218 756 594 782"/>
			<W BOX="218 756 254 782" STYLE_REF="14">pass</W>
			<W BOX="557 756 594 782" STYLE_REF="14">may</W>
			<L BOX="69 774 773 819"/>
			<W BOX="69 793 123 819" STYLE_REF="14">David</W>
			<W BOX="69 775 87 800" STYLE_REF="14">to</W>
			<W BOX="93 775 114 800" STYLE_REF="14">be</W>
			<W BOX="121 775 136 800" STYLE_REF="14">of</W>
			<W BOX="131 793 236 819" STYLE_REF="14">Livingstone</W>
			<W BOX="145 775 184 800" STYLE_REF="14">even</W>
			<Q BOX="192 775 208 800" STYLE_REF="14" QID="34">hi</Q>
			<Q BOX="209 775 220 800" STYLE_REF="14" QID="34">g</Q>
			<q BOX="219 775 247 800" STYLE_REF="14" QID="34">her</q>
			<QW QID="34">higher</QW>
			<W BOX="243 793 260 819" STYLE_REF="14">to</W>
			<W BOX="254 775 314 800" STYLE_REF="14">import</W>
			<W BOX="266 793 293 819" STYLE_REF="14">the</W>
			<W BOX="301 793 348 819" STYLE_REF="14">wilds</W>
			<Q BOX="325 775 342 800" STYLE_REF="14" QID="35">th</Q>
			<q BOX="344 775 364 800" STYLE_REF="14" QID="35">an</q>
			<QW QID="35">than</QW>
			<W BOX="355 793 370 818" STYLE_REF="14">of</W>
			<W BOX="375 775 388 800" STYLE_REF="14">it</W>
			<W BOX="378 793 412 818" STYLE_REF="14">Afri</W>
			<W BOX="398 775 436 800" STYLE_REF="14">may</W>
			<W BOX="415 793 434 818" STYLE_REF="14">ca</W>
			<W BOX="443 775 479 800" STYLE_REF="14">now</W>
			<W BOX="446 793 496 818" STYLE_REF="14">under</W>
			<W BOX="486 775 529 800" STYLE_REF="14">seem</W>
			<W BOX="508 793 531 818" STYLE_REF="14">far</W>
			<W BOX="529 775 550 800" STYLE_REF="14" LH="y">�</W>
			<W BOX="544 793 559 818" STYLE_REF="14">m</W>
			<W BOX="550 775 561 800" STYLE_REF="14">n</W>
			<W BOX="561 793 587 818" STYLE_REF="14">ore</W>
			<W BOX="562 775 604 800" STYLE_REF="14">amel</W>
			<W BOX="597 793 688 818" STYLE_REF="14">favourable</W>
			<W BOX="604 775 615 800" STYLE_REF="14">y</W>
			<W BOX="623 775 651 800" STYLE_REF="14">the</W>
			<Q BOX="657 775 692 800" STYLE_REF="14" QID="36">retu</Q>
			<q BOX="694 774 712 799" STYLE_REF="14" QID="36">rn</q>
			<QW QID="36">return</QW>
			<W BOX="700 792 740 817" STYLE_REF="14">ausp</W>
			<W BOX="719 774 735 799" STYLE_REF="14">of</W>
			<W BOX="740 792 764 817" STYLE_REF="14">ice</W>
			<W BOX="742 774 766 799" STYLE_REF="14">Dr</W>
			<W BOX="764 792 773 817" STYLE_REF="14">s</W>
			<W BOX="766 774 772 799" STYLE_REF="14">.</W>
		</Primitive>
		<Primitive BOX="46 811 799 893" ID="Ar0720112" SEQ_NO="12" TOC_ENTRY_ID="90" DEPTH_LEVEL="1">
			<L BOX="69 794 771 837"/>
			<W BOX="69 812 109 837" STYLE_REF="14">than</W>
			<W BOX="116 812 136 837" STYLE_REF="14">on</W>
			<W BOX="144 812 170 837" STYLE_REF="14">his</W>
			<W BOX="177 812 235 837" STYLE_REF="14">former</W>
			<W BOX="241 812 310 837" STYLE_REF="14" NS="y">journey</W>
			<W BOX="310 812 316 837" STYLE_REF="14">,</W>
			<W BOX="326 812 358 837" STYLE_REF="14">and</W>
			<Q BOX="370 812 417 837" STYLE_REF="14" QID="37">carry</Q>
			<q BOX="416 812 444 837" STYLE_REF="14" QID="37">ing</q>
			<QW QID="37">carrying</QW>
			<W BOX="434 794 439 819" STYLE_REF="14">,</W>
			<W BOX="451 812 490 837" STYLE_REF="14">with</W>
			<W BOX="497 812 532 837" STYLE_REF="14" NS="y">him</W>
			<W BOX="533 811 538 837" STYLE_REF="14">,</W>
			<W BOX="545 811 585 837" STYLE_REF="14">with</W>
			<W BOX="591 811 641 837" STYLE_REF="14">much</W>
			<W BOX="648 811 721 837" STYLE_REF="14">material</W>
			<Q BOX="727 811 754 837" STYLE_REF="14" QID="38">hel</Q>
			<q BOX="755 811 766 837" STYLE_REF="14" NS="y" QID="38">p</q>
			<QW QID="38">help</QW>
			<W BOX="766 811 771 837" STYLE_REF="14">,</W>
			<L BOX="69 830 771 856"/>
			<W BOX="69 830 96 856" STYLE_REF="14">the</W>
			<W BOX="108 830 170 856" STYLE_REF="14">fervent</W>
			<W BOX="181 830 220 856" STYLE_REF="14">good</W>
			<W BOX="229 830 287 856" STYLE_REF="14">wishes</W>
			<W BOX="298 830 315 856" STYLE_REF="14">of</W>
			<W BOX="327 830 349 856" STYLE_REF="14">all</W>
			<W BOX="361 830 397 856" STYLE_REF="14">who</W>
			<W BOX="408 830 458 856" STYLE_REF="14">desire</W>
			<W BOX="469 830 497 856" STYLE_REF="14">the</W>
			<W BOX="507 830 583 856" STYLE_REF="14">abolition</W>
			<W BOX="595 830 610 856" STYLE_REF="14">of</W>
			<W BOX="622 830 685 856" STYLE_REF="14" NS="y">slavery</W>
			<W BOX="685 830 690 856" STYLE_REF="14">,</W>
			<W BOX="701 830 732 855" STYLE_REF="14">and</W>
			<W BOX="743 830 771 855" STYLE_REF="14">the</W>
			<L BOX="68 848 772 893"/>
			<W BOX="68 868 122 893" STYLE_REF="14">effects</W>
			<W BOX="69 849 143 874" STYLE_REF="14">diffusion</W>
			<W BOX="130 868 166 893" STYLE_REF="14">that</W>
			<W BOX="157 849 172 874" STYLE_REF="14">of</W>
			<W BOX="183 849 230 874" STYLE_REF="14">genui</W>
			<W BOX="218 868 238 893" STYLE_REF="14">be</W>
			<W BOX="230 849 251 874" STYLE_REF="14">ne</W>
			<W BOX="243 868 294 893" STYLE_REF="14">hoped</W>
			<W BOX="258 849 366 874" STYLE_REF="14">Christianity</W>
			<W BOX="303 868 326 893" STYLE_REF="14">for</W>
			<Q BOX="335 868 347 893" STYLE_REF="14" QID="39">fr</Q>
			<q BOX="349 868 375 893" STYLE_REF="14" QID="39">om</q>
			<QW QID="39">from</QW>
			<W BOX="366 849 370 874" STYLE_REF="14">.</W>
			<W BOX="383 868 392 893" STYLE_REF="14">a</W>
			<W BOX="392 849 409 874" STYLE_REF="14">It</W>
			<W BOX="400 868 443 893" STYLE_REF="14">work</W>
			<W BOX="416 849 469 874" STYLE_REF="14">would</W>
			<W BOX="452 868 469 893" STYLE_REF="14">so</W>
			<W BOX="476 868 485 893" STYLE_REF="14">h</W>
			<W BOX="480 849 500 874" STYLE_REF="14">be</W>
			<W BOX="509 849 526 874" STYLE_REF="14">di</W>
			<W BOX="518 867 530 892" STYLE_REF="14">il</W>
			<W BOX="527 849 570 874" STYLE_REF="14">fficul</W>
			<W BOX="549 867 602 892" STYLE_REF="14">begun</W>
			<W BOX="571 849 578 874" STYLE_REF="14">t</W>
			<W BOX="587 849 605 874" STYLE_REF="14">to</W>
			<W BOX="613 849 684 874" STYLE_REF="14">overrate</W>
			<W BOX="620 867 649 892" STYLE_REF="14">but</W>
			<W BOX="657 867 674 892" STYLE_REF="14">in</W>
			<W BOX="682 867 716 892" STYLE_REF="14">this</W>
			<W BOX="695 848 723 873" STYLE_REF="14">the</W>
			<W BOX="729 866 747 891" STYLE_REF="14">as</W>
			<W BOX="731 848 772 873" STYLE_REF="14">good</W>
			<W BOX="754 866 771 891" STYLE_REF="14">in</W>
		</Primitive>
		<Primitive BOX="46 885 799 941" ID="Ar0720113" SEQ_NO="13" TOC_ENTRY_ID="90" DEPTH_LEVEL="1">
			<L BOX="68 867 772 911"/>
			<W BOX="68 886 113 911" STYLE_REF="14">other</W>
			<W BOX="121 886 201 911" STYLE_REF="14">instances</W>
			<W BOX="173 868 211 893" STYLE_REF="14">may</W>
			<W BOX="213 886 238 911" STYLE_REF="14">we</W>
			<W BOX="249 886 275 911" STYLE_REF="14">are</W>
			<W BOX="285 886 368 911" STYLE_REF="14">reminded</W>
			<W BOX="380 886 395 911" STYLE_REF="14">of</W>
			<W BOX="407 886 437 911" STYLE_REF="14">one</W>
			<W BOX="448 886 463 911" STYLE_REF="14">of</W>
			<W BOX="475 886 503 911" STYLE_REF="14">the</W>
			<W BOX="487 868 519 893" STYLE_REF="14">app</W>
			<W BOX="513 886 555 911" STYLE_REF="14">chief</W>
			<W BOX="531 868 542 893" STYLE_REF="14">y</W>
			<Q BOX="566 886 598 911" STYLE_REF="14" QID="40">diffi</Q>
			<q BOX="600 886 656 911" STYLE_REF="14" QID="40">culties</q>
			<QW QID="40">difficulties</QW>
			<W BOX="608 867 613 892" STYLE_REF="14">;</W>
			<W BOX="665 886 681 911" STYLE_REF="14">of</W>
			<W BOX="690 885 772 910" STYLE_REF="14">recording</W>
			<W BOX="717 867 721 892" STYLE_REF="14">,</W>
			<L BOX="68 887 772 930"/>
			<W BOX="68 905 124 930" STYLE_REF="14">events</W>
			<W BOX="131 905 148 930" STYLE_REF="14">so</W>
			<W BOX="155 905 193 930" STYLE_REF="14">near</W>
			<W BOX="201 887 205 913" STYLE_REF="14">,</W>
			<W BOX="203 905 231 930" STYLE_REF="14">the</W>
			<W BOX="242 905 294 930" STYLE_REF="14">period</W>
			<W BOX="304 905 320 930" STYLE_REF="14">of</W>
			<W BOX="332 905 372 930" STYLE_REF="14">their</W>
			<W BOX="383 905 475 930" STYLE_REF="14" NS="y">occurrence</W>
			<W BOX="475 905 480 930" STYLE_REF="14">.</W>
			<W BOX="501 905 536 930" STYLE_REF="14">The</W>
			<Q BOX="545 905 556 930" STYLE_REF="14" QID="41">p</Q>
			<q BOX="556 904 607 929" STYLE_REF="14" QID="41">icture</q>
			<QW QID="41">picture</QW>
			<W BOX="617 904 656 929" STYLE_REF="14">may</W>
			<W BOX="663 904 719 929" STYLE_REF="14">indeed</W>
			<Q BOX="729 904 740 929" STYLE_REF="14" QID="42">g</Q>
			<q BOX="740 903 772 928" STYLE_REF="14" QID="42">low</q>
			<QW QID="42">glow</QW>
			<L BOX="68 922 767 948"/>
			<W BOX="68 923 108 948" STYLE_REF="14">with</W>
			<W BOX="116 923 125 948" STYLE_REF="14">a</W>
			<W BOX="132 923 220 948" STYLE_REF="14">somewhat</W>
			<Q BOX="225 923 240 948" STYLE_REF="14" QID="43">w</Q>
			<q BOX="241 923 291 948" STYLE_REF="14" QID="43">armer</q>
			<QW QID="43">warmer</QW>
			<W BOX="298 923 352 948" STYLE_REF="14">colour</W>
			<W BOX="360 923 400 948" STYLE_REF="14">than</W>
			<Q BOX="407 923 433 948" STYLE_REF="14" QID="44">wh</Q>
			<q BOX="434 923 452 948" STYLE_REF="14" QID="44">en</q>
			<QW QID="44">when</QW>
			<W BOX="461 923 490 948" STYLE_REF="14">the</W>
			<Q BOX="495 923 512 948" STYLE_REF="14" QID="45">hi</Q>
			<q BOX="513 923 572 948" STYLE_REF="14" QID="45">storian</q>
			<QW QID="45">historian</QW>
			<W BOX="580 923 610 948" STYLE_REF="14">sits</W>
			<Q BOX="617 923 651 948" STYLE_REF="14" QID="46">dow</Q>
			<q BOX="652 923 663 948" STYLE_REF="14" QID="46">n</q>
			<QW QID="46">down</QW>
			<W BOX="671 923 688 948" STYLE_REF="14">to</W>
			<Q BOX="696 922 757 947" STYLE_REF="14" QID="47">describ</Q>
			<q BOX="757 922 767 947" STYLE_REF="14" QID="47">e</q>
			<QW QID="47">describe</QW>
		</Primitive>
		<Primitive BOX="46 929 799 1004" ID="Ar0720114" SEQ_NO="14" TOC_ENTRY_ID="90" DEPTH_LEVEL="1">
			<L BOX="68 922 774 968"/>
			<W BOX="68 942 96 967" STYLE_REF="14">not</W>
			<W BOX="104 942 132 967" STYLE_REF="14">the</W>
			<W BOX="138 942 190 967" STYLE_REF="14">living</W>
			<W BOX="197 942 236 967" STYLE_REF="14">time</W>
			<W BOX="243 942 259 967" STYLE_REF="14">of</W>
			<W BOX="268 942 321 967" STYLE_REF="14">which</W>
			<W BOX="333 942 354 967" STYLE_REF="14">he</W>
			<W BOX="365 942 379 967" STYLE_REF="14">is</W>
			<Q BOX="389 942 448 967" STYLE_REF="14" QID="48">himsel</Q>
			<q BOX="448 942 454 967" STYLE_REF="14" QID="48">f</q>
			<QW QID="48">himself</QW>
			<W BOX="466 942 475 967" STYLE_REF="14">a</W>
			<W BOX="486 942 521 967" STYLE_REF="14" NS="y">part</W>
			<W BOX="523 942 528 968" STYLE_REF="14">,</W>
			<W BOX="535 942 566 967" STYLE_REF="14">but</W>
			<W BOX="576 942 614 967" STYLE_REF="14">men</W>
			<W BOX="624 942 655 967" STYLE_REF="14">and</W>
			<W BOX="667 941 722 966" STYLE_REF="14">things</W>
			<Q BOX="732 940 761 966" STYLE_REF="14" QID="49">lon</Q>
			<q BOX="761 940 771 966" STYLE_REF="14" QID="49">g</q>
			<QW QID="49">long</QW>
			<W BOX="767 922 774 948" STYLE_REF="14">,</W>
			<L BOX="68 959 771 1004"/>
			<W BOX="68 960 111 985" STYLE_REF="14">since</W>
			<W BOX="69 979 105 1004" STYLE_REF="14">true</W>
			<W BOX="118 960 173 985" STYLE_REF="14">passed</W>
			<W BOX="119 978 159 1003" STYLE_REF="14">focal</W>
			<W BOX="171 978 242 1003" STYLE_REF="14">distance</W>
			<W BOX="183 960 229 985" STYLE_REF="14">away</W>
			<W BOX="234 960 239 985" STYLE_REF="14">;</W>
			<W BOX="249 960 279 985" STYLE_REF="14">but</W>
			<W BOX="254 978 294 1003" STYLE_REF="14">from</W>
			<W BOX="286 960 300 985" STYLE_REF="14">it</W>
			<W BOX="306 978 372 1003" STYLE_REF="14">whence</W>
			<W BOX="307 960 322 985" STYLE_REF="14">is</W>
			<W BOX="332 960 361 985" STYLE_REF="14">not</W>
			<W BOX="368 960 420 985" STYLE_REF="14">alway</W>
			<W BOX="384 978 401 1003" STYLE_REF="14">to</W>
			<W BOX="413 978 451 1003" STYLE_REF="14">mak</W>
			<W BOX="421 960 429 985" STYLE_REF="14">s</W>
			<W BOX="439 960 476 985" STYLE_REF="14">easy</W>
			<W BOX="452 978 461 1003" STYLE_REF="14">e</W>
			<W BOX="472 978 481 1003" STYLE_REF="14">a</W>
			<W BOX="483 960 501 985" STYLE_REF="14">to</W>
			<W BOX="497 978 555 1003" STYLE_REF="14">correct</W>
			<W BOX="512 960 541 985" STYLE_REF="14">the</W>
			<W BOX="547 960 666 985" STYLE_REF="14">contemporary</W>
			<W BOX="570 978 646 1003" STYLE_REF="14">estimate</W>
			<W BOX="656 978 672 1003" STYLE_REF="14">of</W>
			<W BOX="673 960 691 985" STYLE_REF="14">to</W>
			<W BOX="683 978 725 1003" STYLE_REF="14">their</W>
			<W BOX="702 959 734 984" STYLE_REF="14">find</W>
			<W BOX="738 977 770 1002" STYLE_REF="14">real</W>
			<W BOX="743 959 771 984" STYLE_REF="14">the</W>
		</Primitive>
		<Primitive BOX="46 997 799 1053" ID="Ar0720115" SEQ_NO="15" TOC_ENTRY_ID="90" DEPTH_LEVEL="1">
			<L BOX="68 997 771 1022"/>
			<W BOX="68 997 167 1022" STYLE_REF="14" NS="y">importance</W>
			<W BOX="167 997 173 1022" STYLE_REF="14">.</W>
			<Q BOX="194 997 210 1022" STYLE_REF="14" QID="50">M</Q>
			<q BOX="212 997 244 1022" STYLE_REF="14" QID="50">any</q>
			<QW QID="50">Many</QW>
			<W BOX="252 997 261 1022" STYLE_REF="14">a</W>
			<W BOX="268 997 313 1022" STYLE_REF="14">great</W>
			<Q BOX="323 997 335 1022" STYLE_REF="14" QID="51">fl</Q>
			<q BOX="335 997 379 1022" STYLE_REF="14" QID="51">aring</q>
			<QW QID="51">flaring</QW>
			<W BOX="386 997 462 1022" STYLE_REF="14">impostor</W>
			<W BOX="471 997 485 1022" STYLE_REF="14">of</W>
			<W BOX="494 997 515 1022" STYLE_REF="14">an</W>
			<W BOX="525 997 574 1022" STYLE_REF="14">event</W>
			<W BOX="583 997 619 1022" STYLE_REF="14">that</W>
			<W BOX="625 997 655 1022" STYLE_REF="14">has</W>
			<W BOX="661 997 740 1022" STYLE_REF="14">attracted</W>
			<W BOX="749 997 771 1022" STYLE_REF="14">all</W>
			<L BOX="68 1015 771 1042"/>
			<W BOX="68 1016 105 1041" STYLE_REF="14" NS="y">eyes</W>
			<W BOX="105 1016 110 1041" STYLE_REF="14">,</W>
			<W BOX="122 1016 153 1041" STYLE_REF="14">and</W>
			<W BOX="166 1016 234 1041" STYLE_REF="14">stunned</W>
			<W BOX="245 1016 267 1041" STYLE_REF="14">all</W>
			<W BOX="279 1016 314 1041" STYLE_REF="14" NS="y">ears</W>
			<W BOX="315 1017 320 1042" STYLE_REF="14">,</W>
			<W BOX="332 1016 362 1041" STYLE_REF="14">has</W>
			<W BOX="372 1016 411 1041" STYLE_REF="14">been</W>
			<Q BOX="422 1016 474 1041" STYLE_REF="14" QID="52">speedi</Q>
			<Q BOX="476 1016 482 1041" STYLE_REF="14" QID="52">l</Q>
			<q BOX="481 1016 493 1041" STYLE_REF="14" QID="52">y</q>
			<QW QID="52">speedily</QW>
			<W BOX="503 1015 557 1040" STYLE_REF="14">blown</W>
			<W BOX="568 1015 614 1040" STYLE_REF="14">away</W>
			<W BOX="625 1015 658 1040" STYLE_REF="14">into</W>
			<W BOX="669 1015 728 1040" STYLE_REF="14">silence</W>
			<W BOX="739 1015 771 1040" STYLE_REF="14">and</W>
		</Primitive>
		<Primitive BOX="46 1041 799 1097" ID="Ar0720116" SEQ_NO="16" TOC_ENTRY_ID="90" DEPTH_LEVEL="1">
			<L BOX="67 1033 773 1079"/>
			<W BOX="67 1053 140 1078" STYLE_REF="14">moment</W>
			<W BOX="67 1034 128 1059" STYLE_REF="14">eternal</W>
			<W BOX="140 1053 145 1078" STYLE_REF="14">,</W>
			<W BOX="140 1034 251 1059" STYLE_REF="14">forgetfulness</W>
			<W BOX="153 1052 187 1077" STYLE_REF="14">will</W>
			<W BOX="193 1052 212 1077" STYLE_REF="14">be</W>
			<W BOX="220 1052 268 1077" STYLE_REF="14">found</W>
			<W BOX="252 1035 256 1060" STYLE_REF="14">,</W>
			<W BOX="267 1034 318 1059" STYLE_REF="14">while</W>
			<W BOX="277 1052 294 1077" STYLE_REF="14">to</W>
			<W BOX="301 1052 342 1077" STYLE_REF="14">have</W>
			<W BOX="327 1034 370 1059" STYLE_REF="14">some</W>
			<W BOX="350 1052 437 1077" STYLE_REF="14">whispered</W>
			<W BOX="384 1034 417 1059" STYLE_REF="14">still</W>
			<W BOX="431 1034 479 1059" STYLE_REF="14">small</W>
			<W BOX="445 1052 460 1077" STYLE_REF="14">of</W>
			<Q BOX="467 1052 492 1077" STYLE_REF="14" QID="53">wh</Q>
			<q BOX="493 1052 510 1077" STYLE_REF="14" QID="53">at</q>
			<QW QID="53">what</QW>
			<W BOX="493 1034 539 1059" STYLE_REF="14">voice</W>
			<W BOX="510 1054 515 1079" STYLE_REF="14">,</W>
			<W BOX="523 1053 597 1078" STYLE_REF="14">regarded</W>
			<W BOX="539 1035 544 1060" STYLE_REF="14">,</W>
			<W BOX="552 1034 609 1059" STYLE_REF="14">scarcel</W>
			<W BOX="605 1053 622 1078" STYLE_REF="14">in</W>
			<W BOX="611 1034 622 1059" STYLE_REF="14">y</W>
			<W BOX="626 1053 648 1078" STYLE_REF="14">its</W>
			<W BOX="634 1033 699 1058" STYLE_REF="14">audible</W>
			<W BOX="654 1052 698 1077" STYLE_REF="14">great</W>
			<W BOX="706 1052 765 1077" STYLE_REF="14">results</W>
			<W BOX="711 1033 728 1058" STYLE_REF="14">at</W>
			<W BOX="742 1033 772 1058" STYLE_REF="14">the</W>
			<W BOX="766 1053 773 1078" STYLE_REF="14">,</W>
			<L BOX="67 1071 445 1097"/>
			<Q BOX="67 1071 91 1096" STYLE_REF="14" QID="54">mi</Q>
			<Q BOX="91 1071 101 1097" STYLE_REF="14" QID="54">g</Q>
			<q BOX="100 1071 119 1096" STYLE_REF="14" QID="54">ht</q>
			<QW QID="54">might</QW>
			<W BOX="127 1071 146 1096" STYLE_REF="14">be</W>
			<W BOX="154 1071 243 1096" STYLE_REF="14">considered</W>
			<W BOX="251 1071 278 1096" STYLE_REF="14">the</W>
			<W BOX="285 1071 334 1096" STYLE_REF="14">event</W>
			<W BOX="341 1071 357 1096" STYLE_REF="14">of</W>
			<W BOX="364 1071 392 1096" STYLE_REF="14">the</W>
			<W BOX="399 1071 439 1096" STYLE_REF="14" NS="y">time</W>
			<W BOX="439 1071 445 1096" STYLE_REF="14">.</W>
		</Primitive>
		<Primitive BOX="46 1089 799 1152" ID="Ar0720117" SEQ_NO="17" TOC_ENTRY_ID="90" DEPTH_LEVEL="1">
			<L BOX="67 1089 771 1134"/>
			<Q BOX="67 1108 78 1133" STYLE_REF="14" QID="55">b</Q>
			<q BOX="78 1108 90 1133" STYLE_REF="14" QID="55">y</q>
			<QW QID="55">by</QW>
			<W BOX="89 1090 130 1115" STYLE_REF="14">Lord</W>
			<W BOX="97 1108 106 1133" STYLE_REF="14">a</W>
			<W BOX="114 1108 147 1133" STYLE_REF="14">maj</W>
			<W BOX="138 1090 237 1115" STYLE_REF="14">Palmerston</W>
			<W BOX="148 1108 189 1133" STYLE_REF="14">ority</W>
			<W BOX="197 1108 212 1133" STYLE_REF="14">of</W>
			<W BOX="220 1108 294 1133" STYLE_REF="14">nineteen</W>
			<W BOX="238 1090 245 1115" STYLE_REF="14" NS="y">'</W>
			<W BOX="242 1090 250 1115" STYLE_REF="14">s</W>
			<W BOX="257 1090 335 1115" STYLE_REF="14">Ministry</W>
			<W BOX="295 1109 300 1134" STYLE_REF="14">,</W>
			<W BOX="308 1108 340 1133" STYLE_REF="14">and</W>
			<W BOX="345 1090 375 1115" STYLE_REF="14">has</W>
			<W BOX="347 1108 376 1133" STYLE_REF="14">has</W>
			<W BOX="384 1108 455 1133" STYLE_REF="14">resigned</W>
			<W BOX="385 1090 424 1115" STYLE_REF="14">been</W>
			<Q BOX="434 1090 454 1115" STYLE_REF="14" QID="56">de</Q>
			<q BOX="454 1090 468 1115" STYLE_REF="14" QID="56">fe</q>
			<QW QID="56">defe</QW>
			<W BOX="463 1108 467 1134" STYLE_REF="14">;</W>
			<W BOX="469 1090 503 1115" STYLE_REF="14">ated</W>
			<W BOX="478 1108 520 1134" STYLE_REF="14">Lord</W>
			<W BOX="515 1090 535 1115" STYLE_REF="14">on</W>
			<W BOX="528 1108 571 1134" STYLE_REF="14">Derb</W>
			<W BOX="543 1090 571 1115" STYLE_REF="14">the</W>
			<W BOX="571 1108 582 1134" STYLE_REF="14">y</W>
			<W BOX="578 1090 622 1115" STYLE_REF="14">Forei</W>
			<W BOX="589 1108 637 1134" STYLE_REF="14">being</W>
			<W BOX="624 1090 645 1115" STYLE_REF="14">gn</W>
			<W BOX="644 1108 723 1133" STYLE_REF="14">intrusted</W>
			<Q BOX="653 1090 692 1115" STYLE_REF="14" QID="57">Refu</Q>
			<q BOX="694 1089 731 1114" STYLE_REF="14" QID="57">gees</q>
			<QW QID="57">Refugees</QW>
			<W BOX="730 1107 771 1132" STYLE_REF="14">with</W>
			<W BOX="738 1089 770 1114" STYLE_REF="14">Bill</W>
			<L BOX="68 1127 345 1152"/>
			<W BOX="68 1127 95 1152" STYLE_REF="14">the</W>
			<Q BOX="102 1127 166 1152" STYLE_REF="14" QID="58">formati</Q>
			<q BOX="167 1127 187 1152" STYLE_REF="14" QID="58">on</q>
			<QW QID="58">formation</QW>
			<W BOX="195 1127 209 1152" STYLE_REF="14">of</W>
			<W BOX="217 1127 226 1152" STYLE_REF="14">a</W>
			<W BOX="232 1127 268 1152" STYLE_REF="14">new</W>
			<W BOX="275 1127 339 1152" STYLE_REF="14" NS="y">cabinet</W>
			<W BOX="339 1127 345 1152" STYLE_REF="14">.</W>
		</Primitive>
		<Primitive BOX="46 1152 799 1222" ID="Ar0720118" SEQ_NO="18" TOC_ENTRY_ID="90" DEPTH_LEVEL="1">
			<L BOX="67 1151 771 1194"/>
			<W BOX="67 1168 152 1193" STYLE_REF="14">attempting</W>
			<W BOX="88 1152 98 1177" STYLE_REF="14">*</W>
			<W BOX="108 1151 148 1177" STYLE_REF="14">Later</W>
			<W BOX="159 1168 174 1193" STYLE_REF="14">to</W>
			<W BOX="159 1151 237 1177" STYLE_REF="14">despatches</W>
			<W BOX="181 1168 227 1193" STYLE_REF="14">escape</W>
			<W BOX="233 1168 247 1193" STYLE_REF="14">in</W>
			<W BOX="247 1152 282 1177" STYLE_REF="14">state</W>
			<W BOX="254 1168 278 1193" STYLE_REF="14">the</W>
			<W BOX="284 1169 323 1194" STYLE_REF="14">dress</W>
			<W BOX="294 1152 326 1177" STYLE_REF="14">that</W>
			<W BOX="330 1169 344 1194" STYLE_REF="14">of</W>
			<W BOX="337 1152 428 1177" STYLE_REF="14">Commission</W>
			<W BOX="351 1169 359 1194" STYLE_REF="14">a</W>
			<W BOX="366 1168 409 1193" STYLE_REF="14" NS="y">coolie</W>
			<W BOX="410 1168 414 1193" STYLE_REF="14">.</W>
			<W BOX="429 1152 443 1177" STYLE_REF="14">er</W>
			<W BOX="454 1152 483 1177" STYLE_REF="14">Yeh</W>
			<W BOX="492 1152 521 1177" STYLE_REF="14">was</W>
			<W BOX="531 1152 570 1177" STYLE_REF="14">taken</W>
			<W BOX="583 1152 599 1177" STYLE_REF="14">on</W>
			<W BOX="609 1152 633 1177" STYLE_REF="14">the</W>
			<W BOX="642 1151 652 1176" STYLE_REF="14" NS="y">5</W>
			<W BOX="650 1151 665 1176" STYLE_REF="14">th</W>
			<W BOX="677 1151 692 1176" STYLE_REF="14">of</W>
			<W BOX="703 1151 765 1176" STYLE_REF="14" NS="y">January</W>
			<W BOX="766 1151 771 1176" STYLE_REF="14">,</W>
		</Primitive>
	</Content>
	<TOC_Entries><TOC_Entry TOC_ENTRY_ID="161" TITLE="great The heavy revolt in gloom India wh..." ENTITY_ID_REF="Ar07201" PAGE_NO="72" PAGE_LABEL="72" PRIM_ID_REF="Ar0720100" IS_IC="true"/></TOC_Entries></XMD-entity>
