<?xml version="1.0" encoding="windows-1252" standalone="no"?>
<XMD-entity REPOSITORY_FORMAT="1.0" PRXML_VER="2.0" ENTITY_TYPE="Article" DOC_UID="EWJ_01/03/1858" DOC_VER="1" FIRST_TOC_ENTRY_ID="93" DEPTH_LEVEL="1" INDEX_IN_DOC="161" PAGE_NO="72" ID="Ar07200" BOX="46 25 799 83" LANGUAGE="English" SNP="Ar07200S.png" SNP_WIDTH="754" SNP_HEIGHT="58" LOGICAL_NAME="true">
	<Meta NAME="72 PASSING EVENTS." DESCRIPTION="" SUBTYPE="" BASE_HREF="EWJ/1858/03/01" SOURCE_TYPE="TIFF" PUBLICATION="EWJ" SECTION="None" ISSUE_DATE="01/03/1858" WORDCNT="4" RELEASE_NO="041-EWJ-1858-03-01-001-SINGLE" PAGE_ID="" PAGE_TYPE="Single" PAGE_WIDTH="841" PAGE_HEIGHT="1244" DEFAULT_IMG_EXT="png" PDF_DESTINATION_MAPPED="OLV0_Entity_0072_0001" IMAGES_RESOLUTION="86" XMD_VER="2.6.238.8" PAGE_LABEL="72"/>
	<Link SOURCE="041-EWJ-1858-03-01-001-SINGLE.PDF" FIRST_ID="Ar00200" LAST_ID="Ar07201" NEXT_ID="Ar07201" PREV_ID="" TOC_ID="d:/Olive/Repository/EWJ/1858/03/01/TOC.xml"/>
	<DataFiles>
		<Files TYPE="DOC_PDF" PRESENT="1"/>
		<Files TYPE="PAGE_PDF" PRESENT="0"/>
		<Files TYPE="DOC_IMG" PRESENT="0"/>
		<Files TYPE="PAGE_IMG" PRESENT="0"/>
		<Files TYPE="PAGE_VIEW_IMG" PRESENT="1"/>
		<Files TYPE="PAGE_PREVIEW_IMG" PRESENT="1"/>
		<Files TYPE="PRIMITIVE_IMG" PRESENT="1"/>
		<Files TYPE="SNIPPET_IMG" PRESENT="1"/>
	</DataFiles>
	<Content>
		<Primitive BOX="46 25 799 83" ID="Ar0720000" SEQ_NO="0" TOC_ENTRY_ID="93" DEPTH_LEVEL="1">
			<L BOX="73 47 512 73"/>
			<W BOX="73 48 98 73" STYLE_REF="14">72</W>
			<W BOX="327 47 413 72" STYLE_REF="14">PASSING</W>
			<W BOX="426 47 507 72" STYLE_REF="14" NS="y">EVENTS</W>
			<W BOX="507 47 512 72" STYLE_REF="14">.</W>
		</Primitive>
	</Content>
	<TOC_Entries><TOC_Entry TOC_ENTRY_ID="160" TITLE="72 PASSING EVENTS." ENTITY_ID_REF="Ar07200" PAGE_NO="72" PAGE_LABEL="72" PRIM_ID_REF="Ar0720000" IS_IC="true"/></TOC_Entries></XMD-entity>
