<?xml version="1.0" encoding="windows-1252" standalone="no"?>
<XMD-PAGE REPOSITORY_FORMAT="1.0" PRXML_VER="2.0">
	<Meta ISSUE_DATE="01/03/1858" RELEASE_NO="041-EWJ-1858-03-01-001-SINGLE" PAGE_NO="72" NAME="" PAGE_LABEL="72" PAGE_TYPE="Single" PUBLISHER="Olive" PUBLICATION="EWJ" SOURCE_TYPE="TIFF" SOURCE_RESOLUTION="72" IMAGES_RESOLUTION="86" PAGE_THUMBNAIL_RESOLUTION="86" PAGE_PREVIEW_RESOLUTION="15" DEFAULT_IMG_EXT="png" IMG_EXT="png" PREVIEW_IMG_EXT="png" XMD_VER="2.6.238.8" PROFILE_ID="D:\pdfs\EWJ\XMD_EWJ.ini" SECTION="None" PAGE_WIDTH="841" PAGE_HEIGHT="1244" PAGES_NUMBER="72" BASE_HREF="EWJ/1858/03/01" PDF_DESTINATION_MAPPED="OLV0_Page_0072">
		<Resolutions>
			<Resolution DEFAULT="true">86</Resolution>
		</Resolutions>
	</Meta>
	<Link SOURCE="041-EWJ-1858-03-01-001-SINGLE.PDF" NEXT_SECTION="" PREV_SECTION="1"/>
	<DataFiles>
		<Files TYPE="DOC_PDF" PRESENT="1"/>
		<Files TYPE="PAGE_PDF" PRESENT="0"/>
		<Files TYPE="DOC_IMG" PRESENT="0"/>
		<Files TYPE="PAGE_IMG" PRESENT="0"/>
		<Files TYPE="PAGE_VIEW_IMG" PRESENT="1"/>
		<Files TYPE="PAGE_PREVIEW_IMG" PRESENT="1"/>
		<Files TYPE="PRIMITIVE_IMG" PRESENT="1"/>
		<Files TYPE="SNIPPET_IMG" PRESENT="1"/>
	</DataFiles>
	<Entity ENTITY_TYPE="Article" FIRST_TOC_ENTRY_ID="93" INDEX_IN_DOC="161" DEPTH_LEVEL="1" ID="Ar07200" SIZE="Small" BOX="46 25 799 83" NEXT_SECTION="" PREV_SECTION="1" IMAGES_RESOLUTION="86" LOGICAL_NAME="true">
		<Name>72 PASSING EVENTS.</Name>
		<Primitive ID="Ar0720000" BOX="46 25 799 83" ELEMENT_TYPE="Content" SEQ_NO="0" TOC_ENTRY_ID="93" DEPTH_LEVEL="1"/>
	</Entity>
	<Entity ENTITY_TYPE="Article" FIRST_TOC_ENTRY_ID="90" INDEX_IN_DOC="158" DEPTH_LEVEL="1" ID="Ar07201" SIZE="XLarge" BOX="46 83 799 1222" NEXT_SECTION="" PREV_SECTION="1" CONTINUATION_FROM="Ar07100" FIRST_CHUNK="Ar06900" IMAGES_RESOLUTION="86" LOGICAL_NAME="true">
		<Name>great The heavy revolt in gloom India wh...</Name>
		<Primitive ID="Ar0720100" BOX="46 83 799 164" ELEMENT_TYPE="Content" SEQ_NO="0" TOC_ENTRY_ID="90" DEPTH_LEVEL="1"/>
		<Primitive ID="Ar0720101" BOX="46 152 799 209" ELEMENT_TYPE="Content" SEQ_NO="1" TOC_ENTRY_ID="90" DEPTH_LEVEL="1"/>
		<Primitive ID="Ar0720102" BOX="46 201 799 275" ELEMENT_TYPE="Content" SEQ_NO="2" TOC_ENTRY_ID="90" DEPTH_LEVEL="1"/>
		<Primitive ID="Ar0720103" BOX="46 263 799 320" ELEMENT_TYPE="Content" SEQ_NO="3" TOC_ENTRY_ID="90" DEPTH_LEVEL="1"/>
		<Primitive ID="Ar0720104" BOX="46 311 799 375" ELEMENT_TYPE="Content" SEQ_NO="4" TOC_ENTRY_ID="90" DEPTH_LEVEL="1"/>
		<Primitive ID="Ar0720105" BOX="46 365 799 430" ELEMENT_TYPE="Content" SEQ_NO="5" TOC_ENTRY_ID="90" DEPTH_LEVEL="1"/>
		<Primitive ID="Ar0720106" BOX="46 422 799 504" ELEMENT_TYPE="Content" SEQ_NO="6" TOC_ENTRY_ID="90" DEPTH_LEVEL="1"/>
		<Primitive ID="Ar0720107" BOX="46 496 799 582" ELEMENT_TYPE="Content" SEQ_NO="7" TOC_ENTRY_ID="90" DEPTH_LEVEL="1"/>
		<Primitive ID="Ar0720108" BOX="46 571 799 634" ELEMENT_TYPE="Content" SEQ_NO="8" TOC_ENTRY_ID="90" DEPTH_LEVEL="1"/>
		<Primitive ID="Ar0720109" BOX="46 627 799 690" ELEMENT_TYPE="Content" SEQ_NO="9" TOC_ENTRY_ID="90" DEPTH_LEVEL="1"/>
		<Primitive ID="Ar0720110" BOX="46 680 799 745" ELEMENT_TYPE="Content" SEQ_NO="10" TOC_ENTRY_ID="90" DEPTH_LEVEL="1"/>
		<Primitive ID="Ar0720111" BOX="46 737 799 819" ELEMENT_TYPE="Content" SEQ_NO="11" TOC_ENTRY_ID="90" DEPTH_LEVEL="1"/>
		<Primitive ID="Ar0720112" BOX="46 811 799 893" ELEMENT_TYPE="Content" SEQ_NO="12" TOC_ENTRY_ID="90" DEPTH_LEVEL="1"/>
		<Primitive ID="Ar0720113" BOX="46 885 799 941" ELEMENT_TYPE="Content" SEQ_NO="13" TOC_ENTRY_ID="90" DEPTH_LEVEL="1"/>
		<Primitive ID="Ar0720114" BOX="46 929 799 1004" ELEMENT_TYPE="Content" SEQ_NO="14" TOC_ENTRY_ID="90" DEPTH_LEVEL="1"/>
		<Primitive ID="Ar0720115" BOX="46 997 799 1053" ELEMENT_TYPE="Content" SEQ_NO="15" TOC_ENTRY_ID="90" DEPTH_LEVEL="1"/>
		<Primitive ID="Ar0720116" BOX="46 1041 799 1097" ELEMENT_TYPE="Content" SEQ_NO="16" TOC_ENTRY_ID="90" DEPTH_LEVEL="1"/>
		<Primitive ID="Ar0720117" BOX="46 1089 799 1152" ELEMENT_TYPE="Content" SEQ_NO="17" TOC_ENTRY_ID="90" DEPTH_LEVEL="1"/>
		<Primitive ID="Ar0720118" BOX="46 1152 799 1222" ELEMENT_TYPE="Content" SEQ_NO="18" TOC_ENTRY_ID="90" DEPTH_LEVEL="1"/>
	</Entity>
</XMD-PAGE>