<?xml version="1.0" encoding="windows-1252" standalone="no"?>
<XMD-entity REPOSITORY_FORMAT="1.0" PRXML_VER="2.0" ENTITY_TYPE="Article" DOC_UID="EWJ_01/03/1858" DOC_VER="1" FIRST_TOC_ENTRY_ID="63" DEPTH_LEVEL="1" INDEX_IN_DOC="117" PAGE_NO="54" ID="Ar05401" BOX="24 12 829 89" LANGUAGE="English" SNP="Ar05401S.png" SNP_WIDTH="806" SNP_HEIGHT="77" LOGICAL_NAME="true">
	<Meta NAME="54 BRADSHAW THE BBTRAYEE." DESCRIPTION="" SUBTYPE="" BASE_HREF="EWJ/1858/03/01" SOURCE_TYPE="TIFF" PUBLICATION="EWJ" SECTION="None" ISSUE_DATE="01/03/1858" WORDCNT="5" RELEASE_NO="041-EWJ-1858-03-01-001-SINGLE" PAGE_ID="" PAGE_TYPE="Single" PAGE_WIDTH="842" PAGE_HEIGHT="1244" DEFAULT_IMG_EXT="png" PDF_DESTINATION_MAPPED="OLV0_Entity_0054_0002" IMAGES_RESOLUTION="86" XMD_VER="2.6.238.8" PAGE_LABEL="54"/>
	<Link SOURCE="041-EWJ-1858-03-01-001-SINGLE.PDF" FIRST_ID="Ar00200" LAST_ID="Ar07201" NEXT_ID="" PREV_ID="Ar05400" TOC_ID="d:/Olive/Repository/EWJ/1858/03/01/TOC.xml"/>
	<DataFiles>
		<Files TYPE="DOC_PDF" PRESENT="1"/>
		<Files TYPE="PAGE_PDF" PRESENT="0"/>
		<Files TYPE="DOC_IMG" PRESENT="0"/>
		<Files TYPE="PAGE_IMG" PRESENT="0"/>
		<Files TYPE="PAGE_VIEW_IMG" PRESENT="1"/>
		<Files TYPE="PAGE_PREVIEW_IMG" PRESENT="1"/>
		<Files TYPE="PRIMITIVE_IMG" PRESENT="1"/>
		<Files TYPE="SNIPPET_IMG" PRESENT="1"/>
	</DataFiles>
	<Content>
		<Primitive BOX="24 12 829 89" ID="Ar0540100" SEQ_NO="0" TOC_ENTRY_ID="63" DEPTH_LEVEL="1">
			<L BOX="78 48 592 93"/>
			<W BOX="78 54 104 93" STYLE_REF="15">54</W>
			<Q BOX="282 50 311 89" STYLE_REF="15" QID="1">BR</Q>
			<Q BOX="310 50 340 89" STYLE_REF="15" QID="1">AD</Q>
			<Q BOX="339 50 353 89" STYLE_REF="15" QID="1">S</Q>
			<q BOX="350 49 396 88" STYLE_REF="15" QID="1">HAW</q>
			<QW QID="1">BRADSHAW</QW>
			<W BOX="413 49 455 87" STYLE_REF="15">THE</W>
			<W BOX="470 48 576 86" STYLE_REF="15" NS="y">BBTRAYEE</W>
			<W BOX="576 48 592 86" STYLE_REF="15">.</W>
		</Primitive>
	</Content>
	<TOC_Entries><TOC_Entry TOC_ENTRY_ID="115" TITLE="54 BRADSHAW THE BBTRAYEE." ENTITY_ID_REF="Ar05401" PAGE_NO="54" PAGE_LABEL="54" PRIM_ID_REF="Ar0540100" IS_IC="true"/></TOC_Entries></XMD-entity>
