<?xml version="1.0" encoding="windows-1252" standalone="no"?>
<XMD-entity REPOSITORY_FORMAT="1.0" PRXML_VER="2.0" ENTITY_TYPE="Article" DOC_UID="EWJ_01/03/1858" DOC_VER="1" FIRST_TOC_ENTRY_ID="15" DEPTH_LEVEL="1" INDEX_IN_DOC="27" PAGE_NO="12" ID="Ar01201" BOX="24 12 829 80" LANGUAGE="English" SNP="Ar01201S.png" SNP_WIDTH="806" SNP_HEIGHT="68" LOGICAL_NAME="true">
	<Meta NAME="12 THE PROFESSION OF THE TEACHER." DESCRIPTION="" SUBTYPE="" BASE_HREF="EWJ/1858/03/01" SOURCE_TYPE="TIFF" PUBLICATION="EWJ" SECTION="None" ISSUE_DATE="01/03/1858" WORDCNT="7" RELEASE_NO="041-EWJ-1858-03-01-001-SINGLE" PAGE_ID="" PAGE_TYPE="Single" PAGE_WIDTH="842" PAGE_HEIGHT="1244" DEFAULT_IMG_EXT="png" PDF_DESTINATION_MAPPED="OLV0_Entity_0012_0002" IMAGES_RESOLUTION="86" XMD_VER="2.6.238.8" PAGE_LABEL="12"/>
	<Link SOURCE="041-EWJ-1858-03-01-001-SINGLE.PDF" FIRST_ID="Ar00200" LAST_ID="Ar07201" NEXT_ID="" PREV_ID="Ar01200" TOC_ID="d:/Olive/Repository/EWJ/1858/03/01/TOC.xml"/>
	<DataFiles>
		<Files TYPE="DOC_PDF" PRESENT="1"/>
		<Files TYPE="PAGE_PDF" PRESENT="0"/>
		<Files TYPE="DOC_IMG" PRESENT="0"/>
		<Files TYPE="PAGE_IMG" PRESENT="0"/>
		<Files TYPE="PAGE_VIEW_IMG" PRESENT="1"/>
		<Files TYPE="PAGE_PREVIEW_IMG" PRESENT="1"/>
		<Files TYPE="PRIMITIVE_IMG" PRESENT="1"/>
		<Files TYPE="SNIPPET_IMG" PRESENT="1"/>
	</DataFiles>
	<Content>
		<Primitive BOX="24 12 829 80" ID="Ar0120100" SEQ_NO="0" TOC_ENTRY_ID="15" DEPTH_LEVEL="1">
			<L BOX="96 38 656 77"/>
			<W BOX="96 39 123 77" STYLE_REF="15">12</W>
			<W BOX="250 39 293 77" STYLE_REF="15">THE</W>
			<W BOX="307 38 432 77" STYLE_REF="15">PROFESSION</W>
			<W BOX="449 38 476 77" STYLE_REF="15">OF</W>
			<W BOX="489 38 532 77" STYLE_REF="15">THE</W>
			<W BOX="547 38 639 77" STYLE_REF="15" NS="y">TEACHER</W>
			<W BOX="639 38 656 77" STYLE_REF="15">.</W>
		</Primitive>
	</Content>
	<TOC_Entries><TOC_Entry TOC_ENTRY_ID="26" TITLE="12 THE PROFESSION OF THE TEACHER." ENTITY_ID_REF="Ar01201" PAGE_NO="12" PAGE_LABEL="12" PRIM_ID_REF="Ar0120100" IS_IC="true"/></TOC_Entries></XMD-entity>
