<?xml version="1.0" encoding="windows-1252" standalone="no"?>
<XMD-PAGE REPOSITORY_FORMAT="1.0" PRXML_VER="2.0">
	<Meta ISSUE_DATE="01/03/1858" RELEASE_NO="041-EWJ-1858-03-01-001-SINGLE" PAGE_NO="12" NAME="" PAGE_LABEL="12" PAGE_TYPE="Single" PUBLISHER="Olive" PUBLICATION="EWJ" SOURCE_TYPE="TIFF" SOURCE_RESOLUTION="72" IMAGES_RESOLUTION="86" PAGE_THUMBNAIL_RESOLUTION="86" PAGE_PREVIEW_RESOLUTION="15" DEFAULT_IMG_EXT="png" IMG_EXT="png" PREVIEW_IMG_EXT="png" XMD_VER="2.6.238.8" PROFILE_ID="D:\pdfs\EWJ\XMD_EWJ.ini" SECTION="None" PAGE_WIDTH="842" PAGE_HEIGHT="1244" PAGES_NUMBER="72" BASE_HREF="EWJ/1858/03/01" PDF_DESTINATION_MAPPED="OLV0_Page_0012">
		<Resolutions>
			<Resolution DEFAULT="true">86</Resolution>
		</Resolutions>
	</Meta>
	<Link SOURCE="041-EWJ-1858-03-01-001-SINGLE.PDF" NEXT_SECTION="" PREV_SECTION="1"/>
	<DataFiles>
		<Files TYPE="DOC_PDF" PRESENT="1"/>
		<Files TYPE="PAGE_PDF" PRESENT="0"/>
		<Files TYPE="DOC_IMG" PRESENT="0"/>
		<Files TYPE="PAGE_IMG" PRESENT="0"/>
		<Files TYPE="PAGE_VIEW_IMG" PRESENT="1"/>
		<Files TYPE="PAGE_PREVIEW_IMG" PRESENT="1"/>
		<Files TYPE="PRIMITIVE_IMG" PRESENT="1"/>
		<Files TYPE="SNIPPET_IMG" PRESENT="1"/>
	</DataFiles>
	<Entity ENTITY_TYPE="Article" FIRST_TOC_ENTRY_ID="4" INDEX_IN_DOC="15" DEPTH_LEVEL="1" ID="Ar01200" SIZE="XLarge" BOX="24 80 829 1219" NEXT_SECTION="" PREV_SECTION="1" CONTINUATION_TO="Ar01300" CONTINUATION_FROM="Ar01100" FIRST_CHUNK="Ar00103" IMAGES_RESOLUTION="86" LOGICAL_NAME="true">
		<Name>The Annual Reports of the Governesses' B...</Name>
		<Primitive ID="Ar0120000" BOX="24 80 829 134" ELEMENT_TYPE="Content" SEQ_NO="0" TOC_ENTRY_ID="4" DEPTH_LEVEL="1"/>
		<Primitive ID="Ar0120001" BOX="24 126 829 180" ELEMENT_TYPE="Content" SEQ_NO="1" TOC_ENTRY_ID="4" DEPTH_LEVEL="1"/>
		<Primitive ID="Ar0120002" BOX="24 173 829 228" ELEMENT_TYPE="Content" SEQ_NO="2" TOC_ENTRY_ID="4" DEPTH_LEVEL="1"/>
		<Primitive ID="Ar0120003" BOX="24 220 829 275" ELEMENT_TYPE="Content" SEQ_NO="3" TOC_ENTRY_ID="4" DEPTH_LEVEL="1"/>
		<Primitive ID="Ar0120004" BOX="24 267 829 321" ELEMENT_TYPE="Content" SEQ_NO="4" TOC_ENTRY_ID="4" DEPTH_LEVEL="1"/>
		<Primitive ID="Ar0120005" BOX="24 314 829 369" ELEMENT_TYPE="Content" SEQ_NO="5" TOC_ENTRY_ID="4" DEPTH_LEVEL="1"/>
		<Primitive ID="Ar0120006" BOX="24 362 829 418" ELEMENT_TYPE="Content" SEQ_NO="6" TOC_ENTRY_ID="4" DEPTH_LEVEL="1"/>
		<Primitive ID="Ar0120007" BOX="24 409 829 463" ELEMENT_TYPE="Content" SEQ_NO="7" TOC_ENTRY_ID="4" DEPTH_LEVEL="1"/>
		<Primitive ID="Ar0120008" BOX="24 456 829 510" ELEMENT_TYPE="Content" SEQ_NO="8" TOC_ENTRY_ID="4" DEPTH_LEVEL="1"/>
		<Primitive ID="Ar0120009" BOX="24 502 829 557" ELEMENT_TYPE="Content" SEQ_NO="9" TOC_ENTRY_ID="4" DEPTH_LEVEL="1"/>
		<Primitive ID="Ar0120010" BOX="24 550 829 604" ELEMENT_TYPE="Content" SEQ_NO="10" TOC_ENTRY_ID="4" DEPTH_LEVEL="1"/>
		<Primitive ID="Ar0120011" BOX="24 597 829 651" ELEMENT_TYPE="Content" SEQ_NO="11" TOC_ENTRY_ID="4" DEPTH_LEVEL="1"/>
		<Primitive ID="Ar0120012" BOX="24 643 829 699" ELEMENT_TYPE="Content" SEQ_NO="12" TOC_ENTRY_ID="4" DEPTH_LEVEL="1"/>
		<Primitive ID="Ar0120013" BOX="24 690 829 745" ELEMENT_TYPE="Content" SEQ_NO="13" TOC_ENTRY_ID="4" DEPTH_LEVEL="1"/>
		<Primitive ID="Ar0120014" BOX="24 738 829 792" ELEMENT_TYPE="Content" SEQ_NO="14" TOC_ENTRY_ID="4" DEPTH_LEVEL="1"/>
		<Primitive ID="Ar0120015" BOX="24 785 829 839" ELEMENT_TYPE="Content" SEQ_NO="15" TOC_ENTRY_ID="4" DEPTH_LEVEL="1"/>
		<Primitive ID="Ar0120016" BOX="24 833 829 885" ELEMENT_TYPE="Content" SEQ_NO="16" TOC_ENTRY_ID="4" DEPTH_LEVEL="1"/>
		<Primitive ID="Ar0120017" BOX="24 879 829 933" ELEMENT_TYPE="Content" SEQ_NO="17" TOC_ENTRY_ID="4" DEPTH_LEVEL="1"/>
		<Primitive ID="Ar0120018" BOX="24 926 829 980" ELEMENT_TYPE="Content" SEQ_NO="18" TOC_ENTRY_ID="4" DEPTH_LEVEL="1"/>
		<Primitive ID="Ar0120019" BOX="24 973 829 1027" ELEMENT_TYPE="Content" SEQ_NO="19" TOC_ENTRY_ID="4" DEPTH_LEVEL="1"/>
		<Primitive ID="Ar0120020" BOX="24 1019 829 1074" ELEMENT_TYPE="Content" SEQ_NO="20" TOC_ENTRY_ID="4" DEPTH_LEVEL="1"/>
		<Primitive ID="Ar0120021" BOX="24 1067 829 1122" ELEMENT_TYPE="Content" SEQ_NO="21" TOC_ENTRY_ID="4" DEPTH_LEVEL="1"/>
		<Primitive ID="Ar0120022" BOX="24 1113 829 1169" ELEMENT_TYPE="Content" SEQ_NO="22" TOC_ENTRY_ID="4" DEPTH_LEVEL="1"/>
		<Primitive ID="Ar0120023" BOX="24 1169 829 1219" ELEMENT_TYPE="Content" SEQ_NO="23" TOC_ENTRY_ID="4" DEPTH_LEVEL="1"/>
	</Entity>
	<Entity ENTITY_TYPE="Article" FIRST_TOC_ENTRY_ID="15" INDEX_IN_DOC="27" DEPTH_LEVEL="1" ID="Ar01201" SIZE="Small" BOX="24 12 829 80" NEXT_SECTION="" PREV_SECTION="1" IMAGES_RESOLUTION="86" LOGICAL_NAME="true">
		<Name>12 THE PROFESSION OF THE TEACHER.</Name>
		<Primitive ID="Ar0120100" BOX="24 12 829 80" ELEMENT_TYPE="Content" SEQ_NO="0" TOC_ENTRY_ID="15" DEPTH_LEVEL="1"/>
	</Entity>
</XMD-PAGE>
