<?xml version="1.0" encoding="windows-1252" standalone="no"?>
<XMD-entity REPOSITORY_FORMAT="1.0" PRXML_VER="2.0" ENTITY_TYPE="Article" DOC_UID="EWJ_01/03/1858" DOC_VER="1" FIRST_TOC_ENTRY_ID="42" DEPTH_LEVEL="1" INDEX_IN_DOC="76" PAGE_NO="35" ID="Ar03501" BOX="24 12 829 78" LANGUAGE="English" SNP="Ar03501S.png" SNP_WIDTH="806" SNP_HEIGHT="67" LOGICAL_NAME="true">
	<Meta NAME="MISS BOSANQUET. 85" DESCRIPTION="" SUBTYPE="" BASE_HREF="EWJ/1858/03/01" SOURCE_TYPE="TIFF" PUBLICATION="EWJ" SECTION="None" ISSUE_DATE="01/03/1858" WORDCNT="4" RELEASE_NO="041-EWJ-1858-03-01-001-SINGLE" PAGE_ID="" PAGE_TYPE="Single" PAGE_WIDTH="842" PAGE_HEIGHT="1244" DEFAULT_IMG_EXT="png" PDF_DESTINATION_MAPPED="OLV0_Entity_0035_0002" IMAGES_RESOLUTION="86" XMD_VER="2.6.238.8" PAGE_LABEL="35"/>
	<Link SOURCE="041-EWJ-1858-03-01-001-SINGLE.PDF" FIRST_ID="Ar00200" LAST_ID="Ar07201" NEXT_ID="" PREV_ID="Ar03500" TOC_ID="d:/Olive/Repository/EWJ/1858/03/01/TOC.xml"/>
	<DataFiles>
		<Files TYPE="DOC_PDF" PRESENT="1"/>
		<Files TYPE="PAGE_PDF" PRESENT="0"/>
		<Files TYPE="DOC_IMG" PRESENT="0"/>
		<Files TYPE="PAGE_IMG" PRESENT="0"/>
		<Files TYPE="PAGE_VIEW_IMG" PRESENT="1"/>
		<Files TYPE="PAGE_PREVIEW_IMG" PRESENT="1"/>
		<Files TYPE="PRIMITIVE_IMG" PRESENT="1"/>
		<Files TYPE="SNIPPET_IMG" PRESENT="1"/>
	</DataFiles>
	<Content>
		<Primitive BOX="24 12 829 78" ID="Ar0350100" SEQ_NO="0" TOC_ENTRY_ID="42" DEPTH_LEVEL="1">
			<L BOX="313 31 763 66"/>
			<W BOX="313 37 363 65" STYLE_REF="5">MISS</W>
			<W BOX="377 36 500 65" STYLE_REF="5" NS="y">BOSANQUET</W>
			<W BOX="500 36 505 65" STYLE_REF="5">.</W>
			<W BOX="737 31 763 66" STYLE_REF="28">85</W>
		</Primitive>
	</Content>
	<TOC_Entries><TOC_Entry TOC_ENTRY_ID="75" TITLE="MISS BOSANQUET. 85" ENTITY_ID_REF="Ar03501" PAGE_NO="35" PAGE_LABEL="35" PRIM_ID_REF="Ar0350100" IS_IC="true"/></TOC_Entries></XMD-entity>
