<?xml version="1.0" encoding="windows-1252" standalone="no"?>
<XMD-entity REPOSITORY_FORMAT="1.0" PRXML_VER="2.0" ENTITY_TYPE="Article" DOC_UID="EWJ_01/03/1858" DOC_VER="1" FIRST_TOC_ENTRY_ID="6" DEPTH_LEVEL="1" INDEX_IN_DOC="18" PAGE_NO="3" ID="Ar00301" BOX="24 12 829 72" LANGUAGE="English" SNP="Ar00301S.png" SNP_WIDTH="806" SNP_HEIGHT="61" LOGICAL_NAME="true">
	<Meta NAME="THE PROFESSION&quot; OF THE TEACHER. 3" DESCRIPTION="" SUBTYPE="" BASE_HREF="EWJ/1858/03/01" SOURCE_TYPE="TIFF" PUBLICATION="EWJ" SECTION="None" ISSUE_DATE="01/03/1858" WORDCNT="7" RELEASE_NO="041-EWJ-1858-03-01-001-SINGLE" PAGE_ID="" PAGE_TYPE="Single" PAGE_WIDTH="842" PAGE_HEIGHT="1244" DEFAULT_IMG_EXT="png" PDF_DESTINATION_MAPPED="OLV0_Entity_0003_0002" IMAGES_RESOLUTION="86" XMD_VER="2.6.238.8" PAGE_LABEL="3"/>
	<Link SOURCE="041-EWJ-1858-03-01-001-SINGLE.PDF" FIRST_ID="Ar00200" LAST_ID="Ar07201" NEXT_ID="" PREV_ID="Ar00300" TOC_ID="d:/Olive/Repository/EWJ/1858/03/01/TOC.xml"/>
	<DataFiles>
		<Files TYPE="DOC_PDF" PRESENT="1"/>
		<Files TYPE="PAGE_PDF" PRESENT="0"/>
		<Files TYPE="DOC_IMG" PRESENT="0"/>
		<Files TYPE="PAGE_IMG" PRESENT="0"/>
		<Files TYPE="PAGE_VIEW_IMG" PRESENT="1"/>
		<Files TYPE="PAGE_PREVIEW_IMG" PRESENT="1"/>
		<Files TYPE="PRIMITIVE_IMG" PRESENT="1"/>
		<Files TYPE="SNIPPET_IMG" PRESENT="1"/>
	</DataFiles>
	<Content>
		<Primitive BOX="24 12 829 72" ID="Ar0030100" SEQ_NO="0" TOC_ENTRY_ID="6" DEPTH_LEVEL="1">
			<L BOX="218 34 780 69"/>
			<W BOX="218 35 261 69" STYLE_REF="13">THE</W>
			<Q BOX="277 34 396 69" STYLE_REF="13" QID="1">PROFESSION</Q>
			<q BOX="396 34 408 69" STYLE_REF="13" QID="1">"</q>
			<QW QID="1">PROFESSION"</QW>
			<W BOX="418 34 445 68" STYLE_REF="13">OF</W>
			<W BOX="460 34 502 68" STYLE_REF="13">THE</W>
			<W BOX="518 34 610 68" STYLE_REF="13" NS="y">TEACHER</W>
			<W BOX="610 34 623 68" STYLE_REF="13">.</W>
			<W BOX="762 34 780 68" STYLE_REF="13">3</W>
		</Primitive>
	</Content>
	<TOC_Entries><TOC_Entry TOC_ENTRY_ID="8" TITLE="THE PROFESSION&quot; OF THE TEACHER. 3" ENTITY_ID_REF="Ar00301" PAGE_NO="3" PAGE_LABEL="3" PRIM_ID_REF="Ar0030100" IS_IC="true"/></TOC_Entries></XMD-entity>
