<?xml version="1.0" encoding="windows-1252" standalone="no"?>
<XMD-PAGE REPOSITORY_FORMAT="1.0" PRXML_VER="2.0">
	<Meta ISSUE_DATE="01/03/1858" RELEASE_NO="041-EWJ-1858-03-01-001-SINGLE" PAGE_NO="3" NAME="" PAGE_LABEL="3" PAGE_TYPE="Single" PUBLISHER="Olive" PUBLICATION="EWJ" SOURCE_TYPE="TIFF" SOURCE_RESOLUTION="72" IMAGES_RESOLUTION="86" PAGE_THUMBNAIL_RESOLUTION="86" PAGE_PREVIEW_RESOLUTION="15" DEFAULT_IMG_EXT="png" IMG_EXT="png" PREVIEW_IMG_EXT="png" XMD_VER="2.6.238.8" PROFILE_ID="D:\pdfs\EWJ\XMD_EWJ.ini" SECTION="None" PAGE_WIDTH="842" PAGE_HEIGHT="1244" PAGES_NUMBER="72" BASE_HREF="EWJ/1858/03/01" PDF_DESTINATION_MAPPED="OLV0_Page_0003">
		<Resolutions>
			<Resolution DEFAULT="true">86</Resolution>
		</Resolutions>
	</Meta>
	<Link SOURCE="041-EWJ-1858-03-01-001-SINGLE.PDF" NEXT_SECTION="" PREV_SECTION="1"/>
	<DataFiles>
		<Files TYPE="DOC_PDF" PRESENT="1"/>
		<Files TYPE="PAGE_PDF" PRESENT="0"/>
		<Files TYPE="DOC_IMG" PRESENT="0"/>
		<Files TYPE="PAGE_IMG" PRESENT="0"/>
		<Files TYPE="PAGE_VIEW_IMG" PRESENT="1"/>
		<Files TYPE="PAGE_PREVIEW_IMG" PRESENT="1"/>
		<Files TYPE="PRIMITIVE_IMG" PRESENT="1"/>
		<Files TYPE="SNIPPET_IMG" PRESENT="1"/>
	</DataFiles>
	<Entity ENTITY_TYPE="Article" FIRST_TOC_ENTRY_ID="4" INDEX_IN_DOC="6" DEPTH_LEVEL="1" ID="Ar00300" SIZE="XLarge" BOX="24 72 829 1219" NEXT_SECTION="" PREV_SECTION="1" CONTINUATION_TO="Ar00400" CONTINUATION_FROM="Ar00200" FIRST_CHUNK="Ar00103" IMAGES_RESOLUTION="86" LOGICAL_NAME="true">
		<Name>The Annual Reports of the Governesses' B...</Name>
		<Primitive ID="Ar0030000" BOX="24 72 829 131" ELEMENT_TYPE="Content" SEQ_NO="0" TOC_ENTRY_ID="4" DEPTH_LEVEL="1"/>
		<Primitive ID="Ar0030001" BOX="24 123 829 178" ELEMENT_TYPE="Content" SEQ_NO="1" TOC_ENTRY_ID="4" DEPTH_LEVEL="1"/>
		<Primitive ID="Ar0030002" BOX="24 170 829 224" ELEMENT_TYPE="Content" SEQ_NO="2" TOC_ENTRY_ID="4" DEPTH_LEVEL="1"/>
		<Primitive ID="Ar0030003" BOX="24 217 829 272" ELEMENT_TYPE="Content" SEQ_NO="3" TOC_ENTRY_ID="4" DEPTH_LEVEL="1"/>
		<Primitive ID="Ar0030004" BOX="24 263 829 317" ELEMENT_TYPE="Content" SEQ_NO="4" TOC_ENTRY_ID="4" DEPTH_LEVEL="1"/>
		<Primitive ID="Ar0030005" BOX="24 310 829 366" ELEMENT_TYPE="Content" SEQ_NO="5" TOC_ENTRY_ID="4" DEPTH_LEVEL="1"/>
		<Primitive ID="Ar0030006" BOX="24 357 829 410" ELEMENT_TYPE="Content" SEQ_NO="6" TOC_ENTRY_ID="4" DEPTH_LEVEL="1"/>
		<Primitive ID="Ar0030007" BOX="24 403 829 457" ELEMENT_TYPE="Content" SEQ_NO="7" TOC_ENTRY_ID="4" DEPTH_LEVEL="1"/>
		<Primitive ID="Ar0030008" BOX="24 450 829 504" ELEMENT_TYPE="Content" SEQ_NO="8" TOC_ENTRY_ID="4" DEPTH_LEVEL="1"/>
		<Primitive ID="Ar0030009" BOX="24 497 829 552" ELEMENT_TYPE="Content" SEQ_NO="9" TOC_ENTRY_ID="4" DEPTH_LEVEL="1"/>
		<Primitive ID="Ar0030010" BOX="24 544 829 598" ELEMENT_TYPE="Content" SEQ_NO="10" TOC_ENTRY_ID="4" DEPTH_LEVEL="1"/>
		<Primitive ID="Ar0030011" BOX="24 590 829 645" ELEMENT_TYPE="Content" SEQ_NO="11" TOC_ENTRY_ID="4" DEPTH_LEVEL="1"/>
		<Primitive ID="Ar0030012" BOX="24 639 829 683" ELEMENT_TYPE="Content" SEQ_NO="12" TOC_ENTRY_ID="4" DEPTH_LEVEL="1"/>
		<Primitive ID="Ar0030013" BOX="24 671 829 738" ELEMENT_TYPE="Content" SEQ_NO="13" TOC_ENTRY_ID="4" DEPTH_LEVEL="1"/>
		<Primitive ID="Ar0030014" BOX="24 731 829 785" ELEMENT_TYPE="Content" SEQ_NO="14" TOC_ENTRY_ID="4" DEPTH_LEVEL="1"/>
		<Primitive ID="Ar0030015" BOX="24 778 829 832" ELEMENT_TYPE="Content" SEQ_NO="15" TOC_ENTRY_ID="4" DEPTH_LEVEL="1"/>
		<Primitive ID="Ar0030016" BOX="24 825 829 879" ELEMENT_TYPE="Content" SEQ_NO="16" TOC_ENTRY_ID="4" DEPTH_LEVEL="1"/>
		<Primitive ID="Ar0030017" BOX="24 873 829 927" ELEMENT_TYPE="Content" SEQ_NO="17" TOC_ENTRY_ID="4" DEPTH_LEVEL="1"/>
		<Primitive ID="Ar0030018" BOX="24 920 829 973" ELEMENT_TYPE="Content" SEQ_NO="18" TOC_ENTRY_ID="4" DEPTH_LEVEL="1"/>
		<Primitive ID="Ar0030019" BOX="24 967 829 1020" ELEMENT_TYPE="Content" SEQ_NO="19" TOC_ENTRY_ID="4" DEPTH_LEVEL="1"/>
		<Primitive ID="Ar0030020" BOX="24 1013 829 1068" ELEMENT_TYPE="Content" SEQ_NO="20" TOC_ENTRY_ID="4" DEPTH_LEVEL="1"/>
		<Primitive ID="Ar0030021" BOX="24 1060 829 1113" ELEMENT_TYPE="Content" SEQ_NO="21" TOC_ENTRY_ID="4" DEPTH_LEVEL="1"/>
		<Primitive ID="Ar0030022" BOX="24 1107 829 1160" ELEMENT_TYPE="Content" SEQ_NO="22" TOC_ENTRY_ID="4" DEPTH_LEVEL="1"/>
		<Primitive ID="Ar0030023" BOX="24 1154 829 1184" ELEMENT_TYPE="Content" SEQ_NO="23" TOC_ENTRY_ID="4" DEPTH_LEVEL="1"/>
		<Primitive ID="Ar0030024" BOX="24 1184 829 1219" ELEMENT_TYPE="Content" SEQ_NO="24" TOC_ENTRY_ID="4" DEPTH_LEVEL="1"/>
	</Entity>
	<Entity ENTITY_TYPE="Article" FIRST_TOC_ENTRY_ID="6" INDEX_IN_DOC="18" DEPTH_LEVEL="1" ID="Ar00301" SIZE="Small" BOX="24 12 829 72" NEXT_SECTION="" PREV_SECTION="1" IMAGES_RESOLUTION="86" LOGICAL_NAME="true">
		<Name>THE PROFESSION" OF THE TEACHER. 3</Name>
		<Primitive ID="Ar0030100" BOX="24 12 829 72" ELEMENT_TYPE="Content" SEQ_NO="0" TOC_ENTRY_ID="6" DEPTH_LEVEL="1"/>
	</Entity>
</XMD-PAGE>
