<?xml version="1.0" encoding="windows-1252" standalone="no"?>
<XMD-entity REPOSITORY_FORMAT="1.0" PRXML_VER="2.0" ENTITY_TYPE="Article" DOC_UID="EWJ_01/04/1858" DOC_VER="1" FIRST_TOC_ENTRY_ID="49" DEPTH_LEVEL="1" INDEX_IN_DOC="91" PAGE_NO="40" ID="Ar04001" BOX="24 12 811 91" LANGUAGE="English" SNP="Ar04001S.png" SNP_WIDTH="788" SNP_HEIGHT="80" LOGICAL_NAME="true">
	<Meta NAME="112 MY GREAT AUNT POLLY' S ELOPEMENT." DESCRIPTION="" SUBTYPE="" BASE_HREF="EWJ/1858/04/01" SOURCE_TYPE="TIFF" PUBLICATION="EWJ" SECTION="None" ISSUE_DATE="01/04/1858" WORDCNT="8" RELEASE_NO="041-EWJ-1858-04-01-001-SINGLE" PAGE_ID="" PAGE_TYPE="Single" PAGE_WIDTH="823" PAGE_HEIGHT="1239" DEFAULT_IMG_EXT="png" PDF_DESTINATION_MAPPED="OLV0_Entity_0040_0002" IMAGES_RESOLUTION="86" XMD_VER="2.6.238.8" PAGE_LABEL="112"/>
	<Link SOURCE="041-EWJ-1858-04-01-001-SINGLE.PDF" FIRST_ID="Ar00200" LAST_ID="Ar07201" NEXT_ID="" PREV_ID="Ar04000" TOC_ID="d:/Olive/Repository/EWJ/1858/04/01/TOC.xml"/>
	<DataFiles>
		<Files TYPE="DOC_PDF" PRESENT="1"/>
		<Files TYPE="PAGE_PDF" PRESENT="0"/>
		<Files TYPE="DOC_IMG" PRESENT="0"/>
		<Files TYPE="PAGE_IMG" PRESENT="0"/>
		<Files TYPE="PAGE_VIEW_IMG" PRESENT="1"/>
		<Files TYPE="PAGE_PREVIEW_IMG" PRESENT="1"/>
		<Files TYPE="PRIMITIVE_IMG" PRESENT="1"/>
		<Files TYPE="SNIPPET_IMG" PRESENT="1"/>
	</DataFiles>
	<Content>
		<Primitive BOX="24 12 811 91" ID="Ar0400100" SEQ_NO="0" TOC_ENTRY_ID="49" DEPTH_LEVEL="1">
			<L BOX="64 48 646 88"/>
			<W BOX="64 51 104 88" STYLE_REF="26">112</W>
			<Q BOX="208 51 226 88" STYLE_REF="26" QID="1">M</Q>
			<q BOX="226 51 240 88" STYLE_REF="26" QID="1">Y</q>
			<QW QID="1">MY</QW>
			<W BOX="253 51 322 88" STYLE_REF="26">GREAT</W>
			<W BOX="335 51 392 88" STYLE_REF="26">AUNT</W>
			<W BOX="406 51 472 88" STYLE_REF="26" NS="y">POLLY</W>
			<W BOX="472 48 490 84" STYLE_REF="26">'</W>
			<W BOX="478 55 489 84" STYLE_REF="28">S</W>
			<Q BOX="501 55 610 84" STYLE_REF="28" QID="2">ELOPEMEN</Q>
			<q BOX="615 50 631 86" STYLE_REF="26" NS="y" QID="2">T</q>
			<QW QID="2">ELOPEMENT</QW>
			<W BOX="630 50 646 86" STYLE_REF="26">.</W>
		</Primitive>
	</Content>
	<TOC_Entries><TOC_Entry TOC_ENTRY_ID="86" TITLE="112 MY GREAT AUNT POLLY' S ELOPEMENT." ENTITY_ID_REF="Ar04001" PAGE_NO="40" PAGE_LABEL="112" PRIM_ID_REF="Ar0400100" IS_IC="true"/></TOC_Entries></XMD-entity>
