<?xml version="1.0" encoding="windows-1252" standalone="no"?>
<XMD-entity REPOSITORY_FORMAT="1.0" PRXML_VER="2.0" ENTITY_TYPE="Article" DOC_UID="EWJ_01/03/1858" DOC_VER="1" FIRST_TOC_ENTRY_ID="72" DEPTH_LEVEL="1" INDEX_IN_DOC="128" PAGE_NO="59" ID="Ar05901" BOX="24 12 829 89" LANGUAGE="English" SNP="Ar05901S.png" SNP_WIDTH="806" SNP_HEIGHT="77" LOGICAL_NAME="true">
	<Meta NAME="NOTICES OF BOOKS. 59" DESCRIPTION="" SUBTYPE="" BASE_HREF="EWJ/1858/03/01" SOURCE_TYPE="TIFF" PUBLICATION="EWJ" SECTION="None" ISSUE_DATE="01/03/1858" WORDCNT="5" RELEASE_NO="041-EWJ-1858-03-01-001-SINGLE" PAGE_ID="" PAGE_TYPE="Single" PAGE_WIDTH="842" PAGE_HEIGHT="1244" DEFAULT_IMG_EXT="png" PDF_DESTINATION_MAPPED="OLV0_Entity_0059_0002" IMAGES_RESOLUTION="86" XMD_VER="2.6.238.8" PAGE_LABEL="59"/>
	<Link SOURCE="041-EWJ-1858-03-01-001-SINGLE.PDF" FIRST_ID="Ar00200" LAST_ID="Ar07201" NEXT_ID="Ar05902" PREV_ID="Ar05900" TOC_ID="d:/Olive/Repository/EWJ/1858/03/01/TOC.xml"/>
	<DataFiles>
		<Files TYPE="DOC_PDF" PRESENT="1"/>
		<Files TYPE="PAGE_PDF" PRESENT="0"/>
		<Files TYPE="DOC_IMG" PRESENT="0"/>
		<Files TYPE="PAGE_IMG" PRESENT="0"/>
		<Files TYPE="PAGE_VIEW_IMG" PRESENT="1"/>
		<Files TYPE="PAGE_PREVIEW_IMG" PRESENT="1"/>
		<Files TYPE="PRIMITIVE_IMG" PRESENT="1"/>
		<Files TYPE="SNIPPET_IMG" PRESENT="1"/>
	</DataFiles>
	<Content>
		<Primitive BOX="24 12 829 89" ID="Ar0590100" SEQ_NO="0" TOC_ENTRY_ID="72" DEPTH_LEVEL="1">
			<L BOX="311 47 770 80"/>
			<W BOX="311 57 401 80" STYLE_REF="7">NOTICES</W>
			<W BOX="414 56 442 79" STYLE_REF="7">OF</W>
			<W BOX="456 55 523 78" STYLE_REF="7" NS="y">BOOKS</W>
			<W BOX="523 55 527 78" STYLE_REF="7">.</W>
			<W BOX="742 47 770 77" STYLE_REF="1">59</W>
		</Primitive>
	</Content>
	<TOC_Entries><TOC_Entry TOC_ENTRY_ID="128" TITLE="NOTICES OF BOOKS. 59" ENTITY_ID_REF="Ar05901" PAGE_NO="59" PAGE_LABEL="59" PRIM_ID_REF="Ar0590100" IS_IC="true"/></TOC_Entries></XMD-entity>
