<?xml version="1.0" encoding="windows-1252" standalone="no"?>
<XMD-entity REPOSITORY_FORMAT="1.0" PRXML_VER="2.0" ENTITY_TYPE="Article" FIRST_TOC_ENTRY_ID="71" DEPTH_LEVEL="1" INDEX_IN_DOC="127" PAGE_NO="59" ID="Ar05900" BOX="24 89 829 731" LANGUAGE="English" CONTINUATION_FROM="Ar05802" LOGICAL_NAME="true">
	<Meta NAME="In the summer and autumn of 1855 petitio..." DESCRIPTION="" SUBTYPE="" BASE_HREF="EWJ/1858/03/01" SOURCE_TYPE="TIFF" PUBLICATION="EWJ" SECTION="None" ISSUE_DATE="01/03/1858" WORDCNT="395" RELEASE_NO="041-EWJ-1858-03-01-001-SINGLE" PAGE_ID="" PAGE_TYPE="Single" PAGE_WIDTH="842" PAGE_HEIGHT="1244" DEFAULT_IMG_EXT="png" PDF_DESTINATION_MAPPED="OLV0_Entity_0059_0001" IMAGES_RESOLUTION="86" XMD_VER="2.6.238.8" PAGE_LABEL="59"/>
	<Link SOURCE="041-EWJ-1858-03-01-001-SINGLE.PDF" FIRST_ID="Ar00200" LAST_ID="Ar07201" NEXT_ID="Ar05901" PREV_ID="" TOC_ID="d:/Olive/Repository/EWJ/1858/03/01/TOC.xml"/>
	<DataFiles>
		<Files TYPE="DOC_PDF" PRESENT="1"/>
		<Files TYPE="PAGE_PDF" PRESENT="0"/>
		<Files TYPE="DOC_IMG" PRESENT="0"/>
		<Files TYPE="PAGE_IMG" PRESENT="0"/>
		<Files TYPE="PAGE_VIEW_IMG" PRESENT="1"/>
		<Files TYPE="PAGE_PREVIEW_IMG" PRESENT="1"/>
		<Files TYPE="PRIMITIVE_IMG" PRESENT="1"/>
		<Files TYPE="SNIPPET_IMG" PRESENT="1"/>
	</DataFiles>
	<Content>
		<Primitive BOX="24 89 829 166" ID="Ar0590000" SEQ_NO="0" TOC_ENTRY_ID="71" DEPTH_LEVEL="1">
			<L BOX="87 92 771 125"/>
			<W BOX="87 98 122 125" STYLE_REF="9">The</W>
			<W BOX="128 98 178 125" STYLE_REF="9">object</W>
			<W BOX="188 98 203 125" STYLE_REF="9">of</W>
			<W BOX="211 98 240 125" STYLE_REF="9">the</W>
			<W BOX="245 98 277 125" STYLE_REF="9">bill</W>
			<Q BOX="282 98 294 124" STYLE_REF="9" QID="1">p</Q>
			<Q BOX="293 100 337 123" STYLE_REF="7" QID="1">resen</Q>
			<Q BOX="337 98 345 124" STYLE_REF="9" QID="1">t</Q>
			<Q BOX="345 100 354 123" STYLE_REF="7" QID="1">e</Q>
			<q BOX="354 98 364 124" STYLE_REF="9" QID="1">d</q>
			<QW QID="1">presented</QW>
			<W BOX="371 100 395 123" STYLE_REF="7">by</W>
			<W BOX="401 96 445 122" STYLE_REF="9">Lord</W>
			<Q BOX="452 95 506 122" STYLE_REF="9" QID="2">Broug</Q>
			<Q BOX="504 95 515 121" STYLE_REF="9" QID="2">h</Q>
			<q BOX="516 97 542 121" STYLE_REF="7" QID="2">am</q>
			<QW QID="2">Brougham</QW>
			<W BOX="552 96 583 120" STYLE_REF="7">and</W>
			<Q BOX="592 94 605 120" STYLE_REF="9" QID="3">S</Q>
			<q BOX="603 96 616 120" STYLE_REF="7" QID="3">ir</q>
			<QW QID="3">Sir</QW>
			<Q BOX="624 94 639 120" STYLE_REF="9" QID="4">E</Q>
			<Q BOX="639 95 685 118" STYLE_REF="7" QID="4">rskin</Q>
			<q BOX="684 95 693 118" STYLE_REF="7" QID="4">e</q>
			<QW QID="4">Erskine</QW>
			<Q BOX="700 92 723 119" STYLE_REF="9" QID="5">Pe</Q>
			<q BOX="721 95 747 118" STYLE_REF="7" QID="5">rry</q>
			<QW QID="5">Perry</QW>
			<W BOX="754 92 771 119" STYLE_REF="9">is</W>
			<L BOX="64 115 771 166"/>
			<W BOX="64 119 72 145" STYLE_REF="9">t</W>
			<W BOX="65 140 80 166" STYLE_REF="9" NS="y">ei</W>
			<S S_TYPE="SUP">
				<W BOX="72 121 82 145" STYLE_REF="7">o</W>
			</S>
			<W BOX="79 140 115 166" STYLE_REF="9">ther</W>
			<W BOX="89 121 143 145" STYLE_REF="7">secure</W>
			<W BOX="126 140 179 166" STYLE_REF="9">before</W>
			<Q BOX="150 119 158 145" STYLE_REF="9" QID="6">t</Q>
			<q BOX="158 121 168 145" STYLE_REF="7" QID="6">o</q>
			<QW QID="6">to</QW>
			<W BOX="175 121 197 145" STYLE_REF="7">all</W>
			<W BOX="203 121 269 145" STYLE_REF="7">married</W>
			<W BOX="220 140 259 166" STYLE_REF="9">after</W>
			<W BOX="271 140 349 166" STYLE_REF="9">marriage</W>
			<W BOX="274 121 336 145" STYLE_REF="7">women</W>
			<Q BOX="340 121 369 145" STYLE_REF="7" QID="7">con</Q>
			<Q BOX="369 119 377 145" STYLE_REF="9" QID="7">t</Q>
			<q BOX="377 120 402 144" STYLE_REF="7" QID="7">rol</q>
			<QW QID="7">control</QW>
			<W BOX="391 138 422 165" STYLE_REF="9">law</W>
			<W BOX="408 119 446 143" STYLE_REF="7">over</W>
			<W BOX="434 137 467 164" STYLE_REF="9">thu</W>
			<Q BOX="452 117 460 143" STYLE_REF="9" QID="8">t</Q>
			<q BOX="459 118 492 142" STYLE_REF="7" QID="8">heir</q>
			<QW QID="8">their</QW>
			<W BOX="467 137 475 164" STYLE_REF="9">s</W>
			<W BOX="484 137 525 163" STYLE_REF="9">simp</W>
			<W BOX="498 118 553 142" STYLE_REF="7">proper</W>
			<W BOX="525 136 541 163" STYLE_REF="9">le</W>
			<W BOX="552 136 584 163" STYLE_REF="9">and</W>
			<Q BOX="554 116 562 142" STYLE_REF="9" QID="9">t</Q>
			<q BOX="562 117 573 141" STYLE_REF="7" QID="9">y</q>
			<QW QID="9">ty</QW>
			<W BOX="579 117 610 140" STYLE_REF="7">and</W>
			<W BOX="596 135 692 161" STYLE_REF="9">comprehen</W>
			<W BOX="616 116 689 140" STYLE_REF="7">earnings</W>
			<W BOX="691 134 725 160" STYLE_REF="9">sive</W>
			<W BOX="696 115 769 139" STYLE_REF="7">acquired</W>
			<W BOX="736 133 771 160" STYLE_REF="9">will</W>
		</Primitive>
		<Primitive BOX="24 155 829 208" ID="Ar0590001" SEQ_NO="1" TOC_ENTRY_ID="71" DEPTH_LEVEL="1">
			<L BOX="191 140 378 166"/>
			<W BOX="191 140 209 166" STYLE_REF="9">or</W>
			<W BOX="353 140 358 166" STYLE_REF="9">:</W>
			<W BOX="369 140 378 166" STYLE_REF="9">a</W>
			<L BOX="64 155 771 188"/>
			<W BOX="64 161 110 188" STYLE_REF="9">reach</W>
			<W BOX="118 161 140 188" STYLE_REF="9">all</W>
			<W BOX="147 161 205 188" STYLE_REF="9">classes</W>
			<W BOX="212 161 228 188" STYLE_REF="9">of</W>
			<Q BOX="238 161 248 188" STYLE_REF="9" QID="10">s</Q>
			<q BOX="246 161 298 188" STYLE_REF="9" NS="y" QID="10">ociety</q>
			<QW QID="10">society</QW>
			<W BOX="298 161 303 188" STYLE_REF="9">,</W>
			<W BOX="311 163 343 186" STYLE_REF="7">and</W>
			<Q BOX="350 163 372 186" STYLE_REF="7" QID="11">wi</Q>
			<Q BOX="373 160 379 187" STYLE_REF="9" QID="11">t</Q>
			<q BOX="379 162 391 185" STYLE_REF="7" QID="11">h</q>
			<QW QID="11">with</QW>
			<Q BOX="398 162 419 185" STYLE_REF="7" QID="12">no</Q>
			<Q BOX="419 159 426 186" STYLE_REF="9" QID="12">t</Q>
			<Q BOX="426 160 457 184" STYLE_REF="7" QID="12">hin</Q>
			<q BOX="456 158 467 185" STYLE_REF="9" QID="12">g</q>
			<QW QID="12">nothing</QW>
			<Q BOX="476 160 513 184" STYLE_REF="7" QID="13">shor</Q>
			<q BOX="513 158 520 185" STYLE_REF="9" QID="13">t</q>
			<QW QID="13">short</QW>
			<Q BOX="527 160 537 184" STYLE_REF="7" QID="14">o</Q>
			<q BOX="536 157 543 184" STYLE_REF="9" QID="14">f</q>
			<QW QID="14">of</QW>
			<Q BOX="553 157 561 184" STYLE_REF="9" QID="15">t</Q>
			<q BOX="561 159 589 183" STYLE_REF="7" QID="15">his</q>
			<QW QID="15">this</QW>
			<W BOX="599 158 628 182" STYLE_REF="7">can</W>
			<W BOX="635 158 667 182" STYLE_REF="7">law</W>
			<W BOX="674 157 706 181" STYLE_REF="7">and</W>
			<Q BOX="712 157 739 181" STYLE_REF="7" QID="16">jus</Q>
			<Q BOX="739 155 746 181" STYLE_REF="9" QID="16">t</Q>
			<q BOX="746 157 771 181" STYLE_REF="7" QID="16">ice</q>
			<QW QID="16">justice</QW>
			<L BOX="65 182 190 209"/>
			<W BOX="65 182 85 209" STYLE_REF="9">be</W>
			<W BOX="92 182 180 209" STYLE_REF="9" NS="y">reconciled</W>
			<W BOX="182 182 190 209" STYLE_REF="9">.</W>
			<L BOX="656 197 763 224"/>
			<W BOX="656 197 690 224" STYLE_REF="9">this</W>
			<W BOX="704 197 763 223" STYLE_REF="9">session</W>
		</Primitive>
		<Primitive BOX="24 196 829 250" ID="Ar0590002" SEQ_NO="2" TOC_ENTRY_ID="71" DEPTH_LEVEL="1">
			<L BOX="85 196 773 250"/>
			<W BOX="85 203 121 229" STYLE_REF="9">The</W>
			<W BOX="133 203 211 229" STYLE_REF="9">importan</W>
			<Q BOX="152 226 191 250" STYLE_REF="7" QID="17">affec</Q>
			<Q BOX="193 224 199 250" STYLE_REF="9" QID="17">t</Q>
			<q BOX="199 226 228 250" STYLE_REF="7" QID="17">ing</q>
			<QW QID="17">affecting</QW>
			<W BOX="215 202 222 229" STYLE_REF="9">t</W>
			<W BOX="235 223 242 250" STYLE_REF="9">t</W>
			<W BOX="237 202 268 229" STYLE_REF="9">and</W>
			<W BOX="242 226 262 249" STYLE_REF="7">he</W>
			<W BOX="272 225 362 249" STYLE_REF="7">prosperity</W>
			<W BOX="284 202 367 229" STYLE_REF="9">absorbing</W>
			<W BOX="383 201 457 227" STYLE_REF="9">measure</W>
			<W BOX="412 222 419 249" STYLE_REF="9">t</W>
			<W BOX="457 201 465 227" STYLE_REF="9" NS="y">s</W>
			<S S_TYPE="SUB">
				<W BOX="470 223 501 247" STYLE_REF="7">and</W>
			</S>
			<W BOX="475 200 528 226" STYLE_REF="9">before</W>
			<Q BOX="512 223 529 247" STYLE_REF="7" QID="18">di</Q>
			<q BOX="529 222 577 246" STYLE_REF="7" QID="18">gnity</q>
			<QW QID="18">dignity</QW>
			<W BOX="542 199 633 225" STYLE_REF="9">Parliamen</W>
			<W BOX="583 222 598 245" STYLE_REF="7">of</W>
			<Q BOX="608 219 616 246" STYLE_REF="9" QID="19">t</Q>
			<q BOX="616 222 638 245" STYLE_REF="7" QID="19">he</q>
			<QW QID="19">the</QW>
			<W BOX="634 199 642 225" STYLE_REF="9" NS="y">t</W>
			<S S_TYPE="SUB">
				<Q BOX="648 222 669 245" STYLE_REF="7" QID="20">na</Q>
			</S>
			<Q BOX="669 219 677 246" STYLE_REF="9" QID="20">t</Q>
			<Q BOX="677 221 703 244" STYLE_REF="7" QID="20">ion</Q>
			<Q BOX="716 218 763 244" STYLE_REF="9" QID="20">neces</Q>
			<q BOX="763 218 771 244" STYLE_REF="9" LH="y" QID="20">-</q>
			<QW QID="20">nationneces-</QW>
			<W BOX="764 196 773 223" STYLE_REF="9">,</W>
		</Primitive>
		<Primitive BOX="24 238 829 292" ID="Ar0590003" SEQ_NO="3" TOC_ENTRY_ID="71" DEPTH_LEVEL="1">
			<L BOX="64 219 770 293"/>
			<W BOX="64 266 80 293" STYLE_REF="9">at</W>
			<W BOX="65 247 102 271" STYLE_REF="7">saril</W>
			<W BOX="65 226 144 250" STYLE_REF="7">measures</W>
			<W BOX="87 266 152 293" STYLE_REF="9">present</W>
			<W BOX="102 247 114 271" STYLE_REF="7">y</W>
			<W BOX="120 247 196 271" STYLE_REF="7">preclude</W>
			<W BOX="157 266 162 293" STYLE_REF="9">:</W>
			<Q BOX="174 266 183 293" STYLE_REF="9" QID="21">s</Q>
			<q BOX="183 266 208 293" STYLE_REF="9" NS="y" QID="21">till</q>
			<QW QID="21">still</QW>
			<S S_TYPE="SUP">
				<W BOX="202 247 224 270" STYLE_REF="7">all</W>
			</S>
			<W BOX="221 266 248 293" STYLE_REF="9">the</W>
			<W BOX="231 247 272 270" STYLE_REF="7">hope</W>
			<W BOX="259 264 332 291" STYLE_REF="9">question</W>
			<W BOX="279 247 294 270" STYLE_REF="7">of</W>
			<W BOX="302 247 311 270" STYLE_REF="7">a</W>
			<W BOX="323 245 333 272" STYLE_REF="9">"</W>
			<W BOX="338 243 409 270" STYLE_REF="9">Woman</W>
			<W BOX="341 264 376 291" STYLE_REF="9">will</W>
			<W BOX="362 222 367 249" STYLE_REF="9">,</W>
			<W BOX="375 225 411 248" STYLE_REF="7">grea</W>
			<W BOX="386 264 414 290" STYLE_REF="9">not</W>
			<W BOX="410 244 417 270" STYLE_REF="9" NS="y">'</W>
			<S S_TYPE="SUP">
				<W BOX="414 245 422 268" STYLE_REF="7">s</W>
			</S>
			<W BOX="419 225 457 248" STYLE_REF="7">ness</W>
			<W BOX="426 264 448 290" STYLE_REF="9">be</W>
			<Q BOX="429 242 444 269" STYLE_REF="9" QID="22">P</Q>
			<q BOX="444 245 489 268" STYLE_REF="7" QID="22">roper</q>
			<QW QID="22">Proper</QW>
			<W BOX="457 222 462 248" STYLE_REF="9">,</W>
			<W BOX="458 262 525 289" STYLE_REF="9">allowed</W>
			<Q BOX="489 242 497 269" STYLE_REF="9" QID="23">t</Q>
			<q BOX="497 244 509 268" STYLE_REF="7" QID="23">y</q>
			<QW QID="23">ty</QW>
			<W BOX="515 241 548 268" STYLE_REF="9">Bill</W>
			<W BOX="535 261 553 288" STYLE_REF="9">to</W>
			<W BOX="552 241 561 268" STYLE_REF="9">"</W>
			<W BOX="562 261 602 288" STYLE_REF="9">drop</W>
			<W BOX="570 240 618 267" STYLE_REF="9">being</W>
			<W BOX="603 261 607 288" STYLE_REF="9">.</W>
			<W BOX="624 240 687 266" STYLE_REF="9">brough</W>
			<W BOX="630 261 646 288" STYLE_REF="9">A</W>
			<W BOX="653 260 743 286" STYLE_REF="9">committee</W>
			<W BOX="687 239 694 265" STYLE_REF="9">t</W>
			<W BOX="701 238 768 265" STYLE_REF="9">forward</W>
			<W BOX="704 219 710 245" STYLE_REF="9">,</W>
			<W BOX="754 259 770 286" STYLE_REF="9">is</W>
			<L BOX="524 279 768 308"/>
			<W BOX="524 281 598 308" STYLE_REF="9">evidence</W>
			<W BOX="607 281 623 308" STYLE_REF="9">of</W>
			<W BOX="633 280 662 307" STYLE_REF="9">the</W>
			<W BOX="736 279 768 306" STYLE_REF="9">and</W>
		</Primitive>
		<Primitive BOX="24 280 829 346" ID="Ar0590004" SEQ_NO="4" TOC_ENTRY_ID="71" DEPTH_LEVEL="1">
			<L BOX="63 280 771 349"/>
			<W BOX="63 307 106 334" STYLE_REF="9">injus</W>
			<W BOX="64 289 137 312" STYLE_REF="7">working</W>
			<W BOX="108 307 138 334" STYLE_REF="9">tice</W>
			<W BOX="143 286 161 313" STYLE_REF="9">in</W>
			<W BOX="146 307 162 334" STYLE_REF="9">of</W>
			<W BOX="170 307 198 334" STYLE_REF="9">the</W>
			<W BOX="171 286 235 313" STYLE_REF="9">London</W>
			<W BOX="204 307 244 334" STYLE_REF="9">laws</W>
			<W BOX="246 286 269 313" STYLE_REF="9">for</W>
			<W BOX="251 307 323 333" STYLE_REF="9">affecting</W>
			<W BOX="280 285 310 312" STYLE_REF="9">the</W>
			<W BOX="320 284 389 311" STYLE_REF="9">purpose</W>
			<W BOX="328 305 358 332" STYLE_REF="9">the</W>
			<W BOX="364 305 441 332" STYLE_REF="9">property</W>
			<W BOX="400 284 415 310" STYLE_REF="9">of</W>
			<W BOX="427 283 512 310" STYLE_REF="9">collecting</W>
			<W BOX="448 304 478 330" STYLE_REF="9">and</W>
			<W BOX="486 303 558 330" STYLE_REF="9">earnings</W>
			<W BOX="566 302 581 329" STYLE_REF="9">of</W>
			<W BOX="589 302 657 328" STYLE_REF="9">married</W>
			<W BOX="605 323 643 349" STYLE_REF="9">that</W>
			<W BOX="649 322 695 349" STYLE_REF="9">when</W>
			<W BOX="662 301 724 328" STYLE_REF="9">women</W>
			<W BOX="668 280 729 307" STYLE_REF="9">cruelty</W>
			<W BOX="704 321 732 348" STYLE_REF="9">the</W>
			<W BOX="724 301 729 328" STYLE_REF="9">,</W>
			<W BOX="736 302 769 326" STYLE_REF="7">and</W>
			<W BOX="738 321 771 348" STYLE_REF="9">bill</W>
		</Primitive>
		<Primitive BOX="24 335 829 396" ID="Ar0590005" SEQ_NO="5" TOC_ENTRY_ID="71" DEPTH_LEVEL="1">
			<L BOX="64 323 599 355"/>
			<W BOX="64 331 86 354" STYLE_REF="7">for</W>
			<W BOX="94 331 123 354" STYLE_REF="7">the</W>
			<Q BOX="133 331 190 354" STYLE_REF="7" QID="24">promo</Q>
			<Q BOX="190 328 196 355" STYLE_REF="9" QID="24">t</Q>
			<q BOX="197 331 223 354" STYLE_REF="7" QID="24">ion</q>
			<QW QID="24">promotion</QW>
			<W BOX="231 331 245 354" STYLE_REF="7">of</W>
			<Q BOX="257 330 277 353" STYLE_REF="7" QID="25">pe</Q>
			<Q BOX="277 327 284 354" STYLE_REF="9" QID="25">t</Q>
			<Q BOX="284 330 291 353" STYLE_REF="7" QID="25">i</Q>
			<Q BOX="291 327 298 354" STYLE_REF="9" QID="25">t</Q>
			<q BOX="298 329 333 352" STYLE_REF="7" QID="25">ions</q>
			<QW QID="25">petitions</QW>
			<Q BOX="343 329 391 352" STYLE_REF="7" QID="26">throu</Q>
			<Q BOX="392 326 403 353" STYLE_REF="9" QID="26">g</Q>
			<q BOX="402 325 443 352" STYLE_REF="9" QID="26">hout</q>
			<QW QID="26">throughout</QW>
			<W BOX="454 325 482 352" STYLE_REF="9">the</W>
			<W BOX="492 324 561 351" STYLE_REF="9">country</W>
			<W BOX="566 324 571 351" STYLE_REF="9">;</W>
			<W BOX="582 323 599 350" STYLE_REF="9">so</W>
			<L BOX="63 342 769 412"/>
			<W BOX="63 372 123 396" STYLE_REF="7">publicl</W>
			<W BOX="63 351 77 375" STYLE_REF="7">is</W>
			<W BOX="84 351 131 375" STYLE_REF="7">again</W>
			<W BOX="123 370 136 397" STYLE_REF="9">y</W>
			<W BOX="139 351 190 375" STYLE_REF="7">broug</W>
			<W BOX="142 370 226 397" STYLE_REF="9">expressed</W>
			<W BOX="190 349 209 375" STYLE_REF="9">ht</W>
			<W BOX="217 349 285 375" STYLE_REF="9">forward</W>
			<W BOX="226 370 231 397" STYLE_REF="9">.</W>
			<W BOX="253 369 301 396" STYLE_REF="9">Cases</W>
			<W BOX="291 348 304 374" STYLE_REF="9">it</W>
			<W BOX="309 369 323 396" STYLE_REF="9">of</W>
			<W BOX="313 347 351 373" STYLE_REF="9">may</W>
			<W BOX="336 367 399 394" STYLE_REF="9">cruelty</W>
			<W BOX="355 347 376 373" STYLE_REF="9">be</W>
			<W BOX="380 347 410 373" STYLE_REF="9">sup</W>
			<W BOX="405 367 437 394" STYLE_REF="9">and</W>
			<W BOX="410 346 465 373" STYLE_REF="9">ported</W>
			<W BOX="448 366 526 393" STYLE_REF="9">hardship</W>
			<W BOX="467 346 472 373" STYLE_REF="9">,</W>
			<W BOX="477 348 495 371" STYLE_REF="7">as</W>
			<W BOX="501 347 554 371" STYLE_REF="7">before</W>
			<W BOX="532 386 554 412" STYLE_REF="9">all</W>
			<W BOX="534 365 586 392" STYLE_REF="9">under</W>
			<W BOX="555 345 560 372" STYLE_REF="9">,</W>
			<W BOX="567 386 647 412" STYLE_REF="9">members</W>
			<Q BOX="567 345 578 371" STYLE_REF="9" QID="27">b</Q>
			<q BOX="578 347 590 370" STYLE_REF="7" QID="27">y</q>
			<QW QID="27">by</QW>
			<W BOX="596 365 624 392" STYLE_REF="9">the</W>
			<W BOX="596 346 652 370" STYLE_REF="7">public</W>
			<W BOX="631 364 705 390" STYLE_REF="9">working</W>
			<W BOX="658 384 673 411" STYLE_REF="9">of</W>
			<Q BOX="658 346 679 369" STYLE_REF="7" QID="28">op</Q>
			<q BOX="679 345 723 368" STYLE_REF="7" QID="28">inion</q>
			<QW QID="28">opinion</QW>
			<W BOX="686 384 714 411" STYLE_REF="9">the</W>
			<W BOX="715 363 729 390" STYLE_REF="9">of</W>
			<W BOX="730 342 749 369" STYLE_REF="9">th</W>
			<W BOX="740 363 769 390" STYLE_REF="9">the</W>
			<W BOX="749 344 769 368" STYLE_REF="7">us</W>
		</Primitive>
		<Primitive BOX="24 384 829 480" ID="Ar0590006" SEQ_NO="6" TOC_ENTRY_ID="71" DEPTH_LEVEL="1">
			<L BOX="48 384 770 480"/>
			<W BOX="48 422 48 448" STYLE_REF="9">�</W>
			<W BOX="64 433 78 459" STYLE_REF="9">to</W>
			<W BOX="64 412 118 438" STYLE_REF="9">munit</W>
			<W BOX="64 390 126 417" STYLE_REF="9">present</W>
			<W BOX="64 453 105 480" STYLE_REF="9">their</W>
			<W BOX="78 433 83 459" STYLE_REF="9">.</W>
			<W BOX="82 429 84 456" STYLE_REF="9">,</W>
			<Q BOX="92 433 101 459" STYLE_REF="9" QID="29">s</Q>
			<q BOX="100 433 186 459" STYLE_REF="9" QID="29">trengthen</q>
			<QW QID="29">strengthen</QW>
			<W BOX="117 411 130 438" STYLE_REF="9" NS="y">y</W>
			<W BOX="130 411 137 438" STYLE_REF="9">.</W>
			<W BOX="139 390 171 417" STYLE_REF="9">law</W>
			<Q BOX="158 411 167 438" STYLE_REF="9" QID="30">I</Q>
			<q BOX="167 411 175 438" STYLE_REF="9" QID="30">t</q>
			<QW QID="30">It</QW>
			<W BOX="171 453 243 480" STYLE_REF="9">personal</W>
			<W BOX="177 390 223 417" STYLE_REF="9">come</W>
			<W BOX="181 411 196 438" STYLE_REF="9">is</W>
			<W BOX="195 433 225 459" STYLE_REF="9">the</W>
			<W BOX="203 411 232 438" STYLE_REF="9">the</W>
			<W BOX="235 390 272 417" STYLE_REF="9">cons</W>
			<W BOX="236 431 279 458" STYLE_REF="9">hand</W>
			<W BOX="240 411 281 437" STYLE_REF="9">duty</W>
			<W BOX="258 452 321 478" STYLE_REF="9">authori</W>
			<W BOX="272 390 314 416" STYLE_REF="9">tantl</W>
			<W BOX="280 431 288 458" STYLE_REF="9">s</W>
			<W BOX="289 410 305 437" STYLE_REF="9">of</W>
			<W BOX="300 431 316 458" STYLE_REF="9">of</W>
			<W BOX="314 389 326 416" STYLE_REF="9">y</W>
			<W BOX="317 410 366 437" STYLE_REF="9">every</W>
			<W BOX="322 452 341 478" STYLE_REF="9">ty</W>
			<W BOX="328 431 353 458" STYLE_REF="9">thi</W>
			<W BOX="336 388 388 415" STYLE_REF="9">before</W>
			<W BOX="353 452 386 478" STYLE_REF="9">and</W>
			<W BOX="354 431 362 458" STYLE_REF="9">s</W>
			<W BOX="373 409 410 435" STYLE_REF="9">man</W>
			<W BOX="375 430 467 456" STYLE_REF="9">committee</W>
			<W BOX="400 388 428 415" STYLE_REF="9">the</W>
			<W BOX="400 450 487 477" STYLE_REF="9">guarantee</W>
			<W BOX="422 409 454 435" STYLE_REF="9">and</W>
			<W BOX="440 387 493 414" STYLE_REF="9">notice</W>
			<W BOX="466 408 528 434" STYLE_REF="9">woman</W>
			<W BOX="472 431 482 458" STYLE_REF="9" NS="y">*</W>
			<S S_TYPE="SUP">
				<W BOX="491 431 515 455" STYLE_REF="7">by</W>
			</S>
			<W BOX="504 387 519 414" STYLE_REF="9">of</W>
			<Q BOX="507 449 523 476" STYLE_REF="9" QID="31">in</Q>
			<q BOX="525 449 602 476" STYLE_REF="9" QID="31">quisition</q>
			<QW QID="31">inquisition</QW>
			<W BOX="526 431 571 454" STYLE_REF="7">repor</W>
			<Q BOX="538 407 563 433" STYLE_REF="9" QID="32">int</Q>
			<q BOX="564 407 624 433" STYLE_REF="9" QID="32">erested</q>
			<QW QID="32">interested</QW>
			<Q BOX="571 427 578 454" STYLE_REF="9" QID="33">t</Q>
			<q BOX="578 430 606 453" STYLE_REF="7" QID="33">ing</q>
			<QW QID="33">ting</QW>
			<W BOX="616 448 652 474" STYLE_REF="9">into</W>
			<W BOX="616 430 657 453" STYLE_REF="7">such</W>
			<W BOX="631 407 649 433" STYLE_REF="9">in</W>
			<W BOX="656 405 685 432" STYLE_REF="9">the</W>
			<W BOX="666 448 694 474" STYLE_REF="9">the</W>
			<W BOX="669 430 712 453" STYLE_REF="7">cases</W>
			<W BOX="694 405 769 432" STYLE_REF="9">question</W>
			<W BOX="706 447 769 473" STYLE_REF="9">private</W>
			<W BOX="723 428 768 452" STYLE_REF="7">upon</W>
			<Q BOX="724 384 761 411" STYLE_REF="9" QID="34">com</Q>
			<Q BOX="761 384 770 411" STYLE_REF="9" QID="34">-</Q>
		</Primitive>
		<Primitive BOX="24 468 829 522" ID="Ar0590007" SEQ_NO="7" TOC_ENTRY_ID="71" DEPTH_LEVEL="1">
			<L BOX="64 450 770 522"/>
			<q BOX="64 498 81 522" STYLE_REF="7" QID="34">in</q>
			<QW QID="34">comin</QW>
			<W BOX="64 477 106 500" STYLE_REF="7">affair</W>
			<Q BOX="81 496 88 522" STYLE_REF="9" QID="35">t</Q>
			<q BOX="89 498 122 522" STYLE_REF="7" QID="35">eres</q>
			<QW QID="35">teres</QW>
			<W BOX="109 474 117 501" STYLE_REF="9">s</W>
			<W BOX="120 453 157 480" STYLE_REF="9">own</W>
			<W BOX="123 496 130 522" STYLE_REF="9" NS="y">t</W>
			<S S_TYPE="SUP">
				<W BOX="128 477 143 500" STYLE_REF="7">of</W>
			</S>
			<W BOX="130 498 138 522" STYLE_REF="7">s</W>
			<W BOX="145 498 160 522" STYLE_REF="7">of</W>
			<W BOX="157 477 191 500" STYLE_REF="7">any</W>
			<Q BOX="169 496 175 522" STYLE_REF="9" QID="36">t</Q>
			<q BOX="176 498 197 522" STYLE_REF="7" QID="36">he</q>
			<QW QID="36">the</QW>
			<W BOX="197 476 258 500" STYLE_REF="7">sufferer</W>
			<Q BOX="204 496 223 522" STYLE_REF="9" QID="37">ca</Q>
			<q BOX="222 498 251 522" STYLE_REF="7" QID="37">use</q>
			<QW QID="37">cause</QW>
			<W BOX="257 496 283 520" STYLE_REF="7">are</W>
			<W BOX="262 474 267 501" STYLE_REF="9">,</W>
			<W BOX="278 475 294 499" STYLE_REF="7">or</W>
			<W BOX="291 496 329 520" STYLE_REF="7">subs</W>
			<Q BOX="306 475 326 499" STYLE_REF="7" QID="38">ex</Q>
			<q BOX="326 473 338 499" STYLE_REF="9" QID="38">p</q>
			<QW QID="38">exp</QW>
			<Q BOX="329 493 336 520" STYLE_REF="9" QID="39">t</Q>
			<q BOX="337 495 357 519" STYLE_REF="7" QID="39">an</q>
			<QW QID="39">tan</QW>
			<W BOX="338 475 383 498" STYLE_REF="7">osure</W>
			<Q BOX="358 493 365 520" STYLE_REF="9" QID="40">t</Q>
			<Q BOX="365 495 394 519" STYLE_REF="7" QID="40">iall</Q>
			<q BOX="393 493 405 520" STYLE_REF="9" QID="40">y</q>
			<QW QID="40">tially</QW>
			<Q BOX="396 472 403 499" STYLE_REF="9" QID="41">t</Q>
			<q BOX="403 474 458 498" STYLE_REF="7" QID="41">hereof</q>
			<QW QID="41">thereof</QW>
			<W BOX="411 492 500 519" STYLE_REF="9">forwarded</W>
			<W BOX="458 471 464 498" STYLE_REF="9">,</W>
			<W BOX="474 470 521 497" STYLE_REF="9">being</W>
			<W BOX="491 450 496 477" STYLE_REF="9">;</W>
			<W BOX="500 492 505 519" STYLE_REF="9">.</W>
			<Q BOX="531 470 562 496" STYLE_REF="9" QID="42">thu</Q>
			<q BOX="563 470 571 496" STYLE_REF="9" QID="42">s</q>
			<QW QID="42">thus</QW>
			<Q BOX="581 470 657 496" STYLE_REF="9" QID="43">preclude</Q>
			<q BOX="656 468 666 495" STYLE_REF="9" NS="y" QID="43">d</q>
			<QW QID="43">precluded</QW>
			<W BOX="666 469 672 496" STYLE_REF="9">,</W>
			<W BOX="682 471 730 494" STYLE_REF="7">while</W>
			<Q BOX="739 468 748 495" STYLE_REF="9" QID="44">t</Q>
			<q BOX="747 470 770 494" STYLE_REF="7" QID="44">he</q>
			<QW QID="44">the</QW>
			<L BOX="536 511 768 538"/>
			<Q BOX="536 511 554 538" STYLE_REF="9" QID="45">at</Q>
			<q BOX="599 511 618 538" STYLE_REF="9" QID="45">th</q>
			<QW QID="45">atth</QW>
			<Q BOX="628 511 636 538" STYLE_REF="9" QID="46">t</Q>
			<q BOX="636 513 658 537" STYLE_REF="7" QID="46">he</q>
			<QW QID="46">the</QW>
			<Q BOX="707 512 724 536" STYLE_REF="7" QID="47">le</Q>
			<q BOX="735 512 768 535" STYLE_REF="7" QID="47">and</q>
			<QW QID="47">leand</QW>
		</Primitive>
		<Primitive BOX="24 510 829 585" ID="Ar0590008" SEQ_NO="8" TOC_ENTRY_ID="71" DEPTH_LEVEL="1">
			<L BOX="64 510 768 586"/>
			<W BOX="64 538 100 564" STYLE_REF="9">that</W>
			<W BOX="64 559 81 586" STYLE_REF="9">to</W>
			<W BOX="85 517 101 544" STYLE_REF="9">It</W>
			<W BOX="104 559 189 586" STYLE_REF="9">successful</W>
			<W BOX="107 538 138 564" STYLE_REF="9">the</W>
			<W BOX="108 517 166 544" STYLE_REF="9">should</W>
			<W BOX="142 538 225 564" STYLE_REF="9">sustained</W>
			<W BOX="173 516 223 543" STYLE_REF="9">never</W>
			<W BOX="199 559 242 585" STYLE_REF="9">issue</W>
			<W BOX="228 516 248 542" STYLE_REF="9">be</W>
			<W BOX="232 537 263 564" STYLE_REF="9">and</W>
			<W BOX="255 515 335 542" STYLE_REF="9">forgotten</W>
			<W BOX="267 558 311 584" STYLE_REF="9">Lord</W>
			<W BOX="273 536 355 563" STYLE_REF="9">organised</W>
			<W BOX="317 556 371 583" STYLE_REF="9">Broug</W>
			<W BOX="345 515 382 541" STYLE_REF="9">that</W>
			<W BOX="367 534 455 561" STYLE_REF="9">expression</W>
			<W BOX="370 556 408 583" STYLE_REF="9">ham</W>
			<W BOX="389 513 410 540" STYLE_REF="9">all</W>
			<W BOX="415 555 447 582" STYLE_REF="9">and</W>
			<W BOX="420 513 479 540" STYLE_REF="9">reform</W>
			<W BOX="455 555 480 581" STYLE_REF="9">Sir</W>
			<W BOX="469 534 485 561" STYLE_REF="9">of</W>
			<W BOX="485 554 555 581" STYLE_REF="9">Erskine</W>
			<W BOX="485 513 509 540" STYLE_REF="9">ori</W>
			<W BOX="496 533 552 560" STYLE_REF="9">public</W>
			<Q BOX="509 512 520 539" STYLE_REF="9" QID="48">g</Q>
			<Q BOX="519 514 536 537" STYLE_REF="7" QID="48">in</Q>
			<q BOX="554 514 571 537" STYLE_REF="7" QID="48">es</q>
			<QW QID="48">gines</QW>
			<W BOX="559 554 608 580" STYLE_REF="9">Perry</W>
			<W BOX="562 533 584 560" STYLE_REF="9" NS="y">op</W>
			<S S_TYPE="SUP">
				<W BOX="578 514 599 537" STYLE_REF="7">wi</W>
			</S>
			<W BOX="583 535 626 558" STYLE_REF="7">inion</W>
			<W BOX="618 552 641 579" STYLE_REF="9" NS="y">wi</W>
			<S S_TYPE="SUP">
				<W BOX="634 534 661 558" STYLE_REF="7">can</W>
			</S>
			<W BOX="641 552 660 579" STYLE_REF="9">th</W>
			<W BOX="666 552 715 579" STYLE_REF="9">many</W>
			<W BOX="667 513 709 537" STYLE_REF="7">peop</W>
			<W BOX="675 533 721 557" STYLE_REF="7">alone</W>
			<W BOX="722 552 768 578" STYLE_REF="9">other</W>
			<W BOX="723 510 728 537" STYLE_REF="9">,</W>
			<W BOX="731 533 768 557" STYLE_REF="7">lead</W>
		</Primitive>
		<Primitive BOX="24 573 829 620" ID="Ar0590009" SEQ_NO="9" TOC_ENTRY_ID="71" DEPTH_LEVEL="1">
			<L BOX="64 554 770 628"/>
			<W BOX="64 601 137 628" STYLE_REF="9">measure</W>
			<W BOX="64 582 89 606" STYLE_REF="7">dis</W>
			<W BOX="87 559 97 586" STYLE_REF="9">a</W>
			<Q BOX="90 580 96 607" STYLE_REF="9" QID="49">t</Q>
			<Q BOX="96 582 152 606" STYLE_REF="7" QID="49">inguis</Q>
			<q BOX="150 580 162 607" STYLE_REF="9" QID="49">h</q>
			<QW QID="49">tinguish</QW>
			<W BOX="152 601 177 628" STYLE_REF="9">bu</W>
			<W BOX="162 582 181 606" STYLE_REF="7">ed</W>
			<W BOX="175 601 184 628" STYLE_REF="9" NS="y">t</W>
			<S S_TYPE="SUP">
				<W BOX="188 582 227 606" STYLE_REF="7">men</W>
			</S>
			<Q BOX="194 600 218 627" STYLE_REF="9" QID="50">wi</Q>
			<q BOX="216 600 264 627" STYLE_REF="9" QID="50">thout</q>
			<QW QID="50">without</QW>
			<W BOX="227 580 232 607" STYLE_REF="9">,</W>
			<W BOX="238 579 259 605" STYLE_REF="9">bo</W>
			<W BOX="242 559 246 585" STYLE_REF="9">.</W>
			<W BOX="258 579 279 605" STYLE_REF="9">th</W>
			<W BOX="268 600 296 627" STYLE_REF="9">the</W>
			<W BOX="285 579 303 605" STYLE_REF="9">in</W>
			<W BOX="302 599 363 625" STYLE_REF="9">earnest</W>
			<W BOX="311 577 343 604" STYLE_REF="9">and</W>
			<W BOX="350 577 379 604" STYLE_REF="9">out</W>
			<W BOX="372 598 403 624" STYLE_REF="9">and</W>
			<W BOX="390 577 406 603" STYLE_REF="9">of</W>
			<W BOX="410 597 476 624" STYLE_REF="9">unflagg</W>
			<W BOX="418 576 447 603" STYLE_REF="9">the</W>
			<W BOX="453 576 510 602" STYLE_REF="9">House</W>
			<W BOX="476 596 504 623" STYLE_REF="9">ing</W>
			<W BOX="509 596 567 623" STYLE_REF="9">suppor</W>
			<W BOX="510 576 515 602" STYLE_REF="9">,</W>
			<W BOX="521 575 547 601" STYLE_REF="9">are</W>
			<W BOX="555 575 606 601" STYLE_REF="9">warm</W>
			<W BOX="569 596 576 623" STYLE_REF="9">t</W>
			<W BOX="581 595 597 622" STYLE_REF="9">of</W>
			<W BOX="603 595 625 622" STYLE_REF="9">all</W>
			<W BOX="608 554 614 580" STYLE_REF="9">,</W>
			<W BOX="615 573 676 600" STYLE_REF="9">advoca</W>
			<W BOX="632 595 718 622" STYLE_REF="9">interested</W>
			<W BOX="676 573 701 600" STYLE_REF="9">tes</W>
			<W BOX="707 573 723 600" STYLE_REF="9">of</W>
			<W BOX="722 594 740 620" STYLE_REF="9">in</W>
			<W BOX="734 573 770 600" STYLE_REF="9">this</W>
			<W BOX="747 594 762 620" STYLE_REF="9" NS="y">it</W>
			<W BOX="762 594 769 621" STYLE_REF="9">,</W>
			<L BOX="141 601 146 628"/>
			<W BOX="141 601 146 628" STYLE_REF="9">;</W>
		</Primitive>
		<Primitive BOX="24 620 829 731" ID="Ar0590010" SEQ_NO="10" TOC_ENTRY_ID="71" DEPTH_LEVEL="1">
			<L BOX="64 601 591 649"/>
			<W BOX="64 622 89 649" STYLE_REF="9">we</W>
			<W BOX="95 622 135 649" STYLE_REF="9">may</W>
			<W BOX="141 622 190 649" STYLE_REF="9">never</W>
			<W BOX="184 601 189 628" STYLE_REF="9">,</W>
			<W BOX="196 622 239 649" STYLE_REF="9">hope</W>
			<W BOX="244 621 261 648" STYLE_REF="9">to</W>
			<W BOX="268 621 294 648" STYLE_REF="9">see</W>
			<W BOX="298 620 311 647" STYLE_REF="9">it</W>
			<W BOX="319 620 355 647" STYLE_REF="9">pass</W>
			<W BOX="362 619 398 646" STYLE_REF="9">into</W>
			<W BOX="404 619 432 646" STYLE_REF="9">the</W>
			<W BOX="439 618 480 644" STYLE_REF="9">laws</W>
			<W BOX="485 618 501 644" STYLE_REF="9">of</W>
			<W BOX="509 618 538 644" STYLE_REF="9">the</W>
			<W BOX="542 617 581 643" STYLE_REF="9" NS="y">land</W>
			<W BOX="582 617 591 643" STYLE_REF="9">.</W>
		</Primitive>
	</Content>
	<TOC_Entries><TOC_Entry TOC_ENTRY_ID="127" TITLE="In the summer and autumn of 1855 petitio..." ENTITY_ID_REF="Ar05900" PAGE_NO="59" PAGE_LABEL="59" PRIM_ID_REF="Ar0590000" IS_IC="true"/></TOC_Entries></XMD-entity>
