<?xml version="1.0" encoding="windows-1252" standalone="no"?>
<XMD-PAGE REPOSITORY_FORMAT="1.0" PRXML_VER="2.0">
	<Meta ISSUE_DATE="01/03/1858" RELEASE_NO="041-EWJ-1858-03-01-001-SINGLE" PAGE_NO="59" NAME="" PAGE_LABEL="59" PAGE_TYPE="Single" PUBLISHER="Olive" PUBLICATION="EWJ" SOURCE_TYPE="TIFF" SOURCE_RESOLUTION="72" IMAGES_RESOLUTION="86" PAGE_THUMBNAIL_RESOLUTION="86" PAGE_PREVIEW_RESOLUTION="15" DEFAULT_IMG_EXT="png" IMG_EXT="png" PREVIEW_IMG_EXT="png" XMD_VER="2.6.238.8" PROFILE_ID="D:\pdfs\EWJ\XMD_EWJ.ini" SECTION="None" PAGE_WIDTH="842" PAGE_HEIGHT="1244" PAGES_NUMBER="72" BASE_HREF="EWJ/1858/03/01" PDF_DESTINATION_MAPPED="OLV0_Page_0059">
		<Resolutions>
			<Resolution DEFAULT="true">86</Resolution>
		</Resolutions>
	</Meta>
	<Link SOURCE="041-EWJ-1858-03-01-001-SINGLE.PDF" NEXT_SECTION="" PREV_SECTION="1"/>
	<DataFiles>
		<Files TYPE="DOC_PDF" PRESENT="1"/>
		<Files TYPE="PAGE_PDF" PRESENT="0"/>
		<Files TYPE="DOC_IMG" PRESENT="0"/>
		<Files TYPE="PAGE_IMG" PRESENT="0"/>
		<Files TYPE="PAGE_VIEW_IMG" PRESENT="1"/>
		<Files TYPE="PAGE_PREVIEW_IMG" PRESENT="1"/>
		<Files TYPE="PRIMITIVE_IMG" PRESENT="1"/>
		<Files TYPE="SNIPPET_IMG" PRESENT="1"/>
	</DataFiles>
	<Entity ENTITY_TYPE="Article" FIRST_TOC_ENTRY_ID="71" INDEX_IN_DOC="127" DEPTH_LEVEL="1" ID="Ar05900" SIZE="XLarge" BOX="24 89 829 731" NEXT_SECTION="" PREV_SECTION="1" CONTINUATION_FROM="Ar05802" FIRST_CHUNK="Ar05802" IMAGES_RESOLUTION="86" LOGICAL_NAME="true">
		<Name>In the summer and autumn of 1855 petitio...</Name>
		<Primitive ID="Ar0590000" BOX="24 89 829 166" ELEMENT_TYPE="Content" SEQ_NO="0" TOC_ENTRY_ID="71" DEPTH_LEVEL="1"/>
		<Primitive ID="Ar0590001" BOX="24 155 829 208" ELEMENT_TYPE="Content" SEQ_NO="1" TOC_ENTRY_ID="71" DEPTH_LEVEL="1"/>
		<Primitive ID="Ar0590002" BOX="24 196 829 250" ELEMENT_TYPE="Content" SEQ_NO="2" TOC_ENTRY_ID="71" DEPTH_LEVEL="1"/>
		<Primitive ID="Ar0590003" BOX="24 238 829 292" ELEMENT_TYPE="Content" SEQ_NO="3" TOC_ENTRY_ID="71" DEPTH_LEVEL="1"/>
		<Primitive ID="Ar0590004" BOX="24 280 829 346" ELEMENT_TYPE="Content" SEQ_NO="4" TOC_ENTRY_ID="71" DEPTH_LEVEL="1"/>
		<Primitive ID="Ar0590005" BOX="24 335 829 396" ELEMENT_TYPE="Content" SEQ_NO="5" TOC_ENTRY_ID="71" DEPTH_LEVEL="1"/>
		<Primitive ID="Ar0590006" BOX="24 384 829 480" ELEMENT_TYPE="Content" SEQ_NO="6" TOC_ENTRY_ID="71" DEPTH_LEVEL="1"/>
		<Primitive ID="Ar0590007" BOX="24 468 829 522" ELEMENT_TYPE="Content" SEQ_NO="7" TOC_ENTRY_ID="71" DEPTH_LEVEL="1"/>
		<Primitive ID="Ar0590008" BOX="24 510 829 585" ELEMENT_TYPE="Content" SEQ_NO="8" TOC_ENTRY_ID="71" DEPTH_LEVEL="1"/>
		<Primitive ID="Ar0590009" BOX="24 573 829 620" ELEMENT_TYPE="Content" SEQ_NO="9" TOC_ENTRY_ID="71" DEPTH_LEVEL="1"/>
		<Primitive ID="Ar0590010" BOX="24 620 829 731" ELEMENT_TYPE="Content" SEQ_NO="10" TOC_ENTRY_ID="71" DEPTH_LEVEL="1"/>
	</Entity>
	<Entity ENTITY_TYPE="Article" FIRST_TOC_ENTRY_ID="72" INDEX_IN_DOC="128" DEPTH_LEVEL="1" ID="Ar05901" SIZE="Small" BOX="24 12 829 89" NEXT_SECTION="" PREV_SECTION="1" IMAGES_RESOLUTION="86" LOGICAL_NAME="true">
		<Name>NOTICES OF BOOKS. 59</Name>
		<Primitive ID="Ar0590100" BOX="24 12 829 89" ELEMENT_TYPE="Content" SEQ_NO="0" TOC_ENTRY_ID="72" DEPTH_LEVEL="1"/>
	</Entity>
	<Entity ENTITY_TYPE="Article" ENTITY_SUBTYPE="Section" FIRST_TOC_ENTRY_ID="73" INDEX_IN_DOC="129" DEPTH_LEVEL="1" ID="Ar05902" SIZE="Small" BOX="24 731 829 817" NEXT_SECTION="" PREV_SECTION="1" IMAGES_RESOLUTION="86" LOGICAL_NAME="true">
		<Name>VII.�NOTICES OF BOOKS.</Name>
		<Primitive ID="Ar0590200" BOX="24 731 829 817" ELEMENT_TYPE="HedLine_hl1" SEQ_NO="0" TOC_ENTRY_ID="73" DEPTH_LEVEL="1"/>
	</Entity>
	<Entity ENTITY_TYPE="Article" FIRST_TOC_ENTRY_ID="74" INDEX_IN_DOC="130" DEPTH_LEVEL="1" ID="Ar05903" SIZE="XLarge" BOX="24 817 829 1219" NEXT_SECTION="" PREV_SECTION="1" CONTINUATION_TO="Ar06000" IMAGES_RESOLUTION="86" LOGICAL_NAME="true">
		<Name>* * 1.�The Angel John in the W House . P...</Name>
		<Primitive ID="Ar0590300" BOX="24 817 829 892" ELEMENT_TYPE="Content" SEQ_NO="0" TOC_ENTRY_ID="74" DEPTH_LEVEL="1"/>
		<Primitive ID="Ar0590301" BOX="24 891 829 951" ELEMENT_TYPE="Content" SEQ_NO="1" TOC_ENTRY_ID="74" DEPTH_LEVEL="1"/>
		<Primitive ID="Ar0590302" BOX="24 939 829 998" ELEMENT_TYPE="Content" SEQ_NO="2" TOC_ENTRY_ID="74" DEPTH_LEVEL="1"/>
		<Primitive ID="Ar0590303" BOX="24 986 829 1044" ELEMENT_TYPE="Content" SEQ_NO="3" TOC_ENTRY_ID="74" DEPTH_LEVEL="1"/>
		<Primitive ID="Ar0590304" BOX="24 1032 829 1085" ELEMENT_TYPE="Content" SEQ_NO="4" TOC_ENTRY_ID="74" DEPTH_LEVEL="1"/>
		<Primitive ID="Ar0590305" BOX="24 1074 829 1140" ELEMENT_TYPE="Content" SEQ_NO="5" TOC_ENTRY_ID="74" DEPTH_LEVEL="1"/>
		<Primitive ID="Ar0590306" BOX="24 1140 829 1189" ELEMENT_TYPE="Content" SEQ_NO="6" TOC_ENTRY_ID="74" DEPTH_LEVEL="1"/>
		<Primitive ID="Ar0590307" BOX="24 1189 829 1219" ELEMENT_TYPE="Content" SEQ_NO="7" TOC_ENTRY_ID="74" DEPTH_LEVEL="1"/>
	</Entity>
</XMD-PAGE>
