<?xml version="1.0" encoding="windows-1252" standalone="no"?>
<XMD-entity REPOSITORY_FORMAT="1.0" PRXML_VER="2.0" ENTITY_TYPE="Article" FIRST_TOC_ENTRY_ID="4" DEPTH_LEVEL="1" INDEX_IN_DOC="14" PAGE_NO="11" ID="Ar01100" BOX="24 79 829 1219" LANGUAGE="English" CONTINUATION_TO="Ar01200" CONTINUATION_FROM="Ar01000" LOGICAL_NAME="true">
	<Meta NAME="The Annual Reports of the Governesses' B..." DESCRIPTION="" SUBTYPE="" BASE_HREF="EWJ/1858/03/01" SOURCE_TYPE="TIFF" PUBLICATION="EWJ" SECTION="None" ISSUE_DATE="01/03/1858" WORDCNT="587" RELEASE_NO="041-EWJ-1858-03-01-001-SINGLE" PAGE_ID="" PAGE_TYPE="Single" PAGE_WIDTH="842" PAGE_HEIGHT="1244" DEFAULT_IMG_EXT="png" PDF_DESTINATION_MAPPED="OLV0_Entity_0011_0001" IMAGES_RESOLUTION="86" XMD_VER="2.6.238.8" PAGE_LABEL="11"/>
	<Link SOURCE="041-EWJ-1858-03-01-001-SINGLE.PDF" FIRST_ID="Ar00200" LAST_ID="Ar07201" NEXT_ID="Ar01101" PREV_ID="" TOC_ID="d:/Olive/Repository/EWJ/1858/03/01/TOC.xml"/>
	<DataFiles>
		<Files TYPE="DOC_PDF" PRESENT="1"/>
		<Files TYPE="PAGE_PDF" PRESENT="0"/>
		<Files TYPE="DOC_IMG" PRESENT="0"/>
		<Files TYPE="PAGE_IMG" PRESENT="0"/>
		<Files TYPE="PAGE_VIEW_IMG" PRESENT="1"/>
		<Files TYPE="PAGE_PREVIEW_IMG" PRESENT="1"/>
		<Files TYPE="PRIMITIVE_IMG" PRESENT="1"/>
		<Files TYPE="SNIPPET_IMG" PRESENT="1"/>
	</DataFiles>
	<Content>
		<Primitive BOX="24 79 829 169" ID="Ar0110000" SEQ_NO="0" TOC_ENTRY_ID="4" DEPTH_LEVEL="1">
			<L BOX="47 87 760 122"/>
			<W BOX="47 94 121 122" STYLE_REF="5">women</W>
			<W BOX="135 92 179 121" STYLE_REF="5">will</W>
			<W BOX="193 92 227 120" STYLE_REF="5">not</W>
			<W BOX="247 92 325 120" STYLE_REF="5">manage</W>
			<W BOX="341 91 427 120" STYLE_REF="5">washing</W>
			<W BOX="442 90 479 118" STYLE_REF="5">and</W>
			<W BOX="500 89 571 117" STYLE_REF="5">sewing</W>
			<W BOX="588 88 686 116" STYLE_REF="5" NS="y">machines</W>
			<W BOX="685 87 690 116" STYLE_REF="5">,</W>
			<Q BOX="707 90 746 115" STYLE_REF="14" QID="1">wor</Q>
			<q BOX="746 87 760 116" STYLE_REF="5" QID="1">k</q>
			<QW QID="1">work</QW>
			<L BOX="47 111 762 169"/>
			<W BOX="47 119 77 147" STYLE_REF="5">ele</W>
			<W BOX="73 141 121 169" STYLE_REF="5">they</W>
			<W BOX="77 117 125 146" STYLE_REF="5">ctric</W>
			<W BOX="126 140 186 168" STYLE_REF="5">think</W>
			<W BOX="130 116 215 144" STYLE_REF="5">telegrap</W>
			<W BOX="198 139 234 167" STYLE_REF="5">and</W>
			<W BOX="215 116 239 144" STYLE_REF="5" NS="y">hs</W>
			<W BOX="240 115 245 144" STYLE_REF="5">,</W>
			<W BOX="249 139 269 167" STYLE_REF="5">so</W>
			<W BOX="253 115 302 144" STYLE_REF="5">keep</W>
			<W BOX="282 139 327 167" STYLE_REF="5">long</W>
			<W BOX="309 115 417 143" STYLE_REF="5">tradesmen</W>
			<W BOX="340 139 360 167" STYLE_REF="5">as</W>
			<W BOX="373 138 443 166" STYLE_REF="5">society</W>
			<W BOX="417 115 425 143" STYLE_REF="5" NS="y">'</W>
			<W BOX="423 114 433 142" STYLE_REF="5">s</W>
			<W BOX="441 113 500 142" STYLE_REF="5">books</W>
			<W BOX="454 136 538 164" STYLE_REF="5">enforces</W>
			<W BOX="500 114 505 142" STYLE_REF="5">,</W>
			<W BOX="513 112 535 140" STYLE_REF="5">or</W>
			<W BOX="542 112 571 140" STYLE_REF="5">set</W>
			<W BOX="549 135 583 164" STYLE_REF="5">the</W>
			<W BOX="580 112 608 140" STYLE_REF="5">up</W>
			<W BOX="595 135 638 163" STYLE_REF="5">idea</W>
			<W BOX="615 111 671 140" STYLE_REF="5">shops</W>
			<W BOX="640 135 645 163" STYLE_REF="5">,</W>
			<W BOX="655 134 697 162" STYLE_REF="5">that</W>
			<W BOX="672 111 677 140" STYLE_REF="5">,</W>
			<W BOX="686 111 705 139" STYLE_REF="5">so</W>
			<W BOX="703 134 718 162" STYLE_REF="5">b</W>
			<W BOX="714 111 760 139" STYLE_REF="5">long</W>
			<W BOX="717 134 731 163" STYLE_REF="5">y</W>
			<W BOX="739 134 762 163" STYLE_REF="5">so</W>
		</Primitive>
		<Primitive BOX="24 157 829 232" ID="Ar0110001" SEQ_NO="1" TOC_ENTRY_ID="4" DEPTH_LEVEL="1">
			<L BOX="46 139 761 237"/>
			<W BOX="46 142 67 170" STYLE_REF="5">as</W>
			<W BOX="46 165 104 193" STYLE_REF="5">doing</W>
			<W BOX="47 191 59 220" STYLE_REF="5">"</W>
			<W BOX="66 188 126 216" STYLE_REF="5">ladies</W>
			<W BOX="116 164 164 192" STYLE_REF="5">they</W>
			<W BOX="126 187 132 215" STYLE_REF="5" NS="y">,</W>
			<W BOX="132 186 142 215" STYLE_REF="5">"</W>
			<W BOX="155 186 216 215" STYLE_REF="5">thoug</W>
			<W BOX="174 162 232 191" STYLE_REF="5">forfeit</W>
			<W BOX="184 139 190 167" STYLE_REF="5">,</W>
			<W BOX="214 186 229 214" STYLE_REF="5">h</W>
			<W BOX="241 186 289 214" STYLE_REF="5">their</W>
			<W BOX="252 162 300 191" STYLE_REF="5">caste</W>
			<W BOX="303 185 371 214" STYLE_REF="5">fathers</W>
			<W BOX="315 162 352 190" STYLE_REF="5">and</W>
			<W BOX="355 209 376 237" STYLE_REF="5">in</W>
			<W BOX="366 161 396 189" STYLE_REF="5">are</W>
			<W BOX="375 185 380 213" STYLE_REF="5">,</W>
			<W BOX="388 184 474 213" STYLE_REF="5">brothers</W>
			<W BOX="409 160 500 189" STYLE_REF="5">rendered</W>
			<W BOX="443 207 492 236" STYLE_REF="5">form</W>
			<W BOX="475 184 480 212" STYLE_REF="5">,</W>
			<W BOX="489 183 525 212" STYLE_REF="5">and</W>
			<W BOX="499 207 517 235" STYLE_REF="5">of</W>
			<W BOX="513 159 562 187" STYLE_REF="5">unfit</W>
			<W BOX="525 205 614 234" STYLE_REF="5">business</W>
			<W BOX="537 182 655 210" STYLE_REF="5">prospective</W>
			<W BOX="575 158 596 187" STYLE_REF="5">to</W>
			<W BOX="608 158 698 186" STYLE_REF="5">associate</W>
			<W BOX="664 181 761 209" STYLE_REF="5">husbands</W>
			<Q BOX="711 156 719 185" STYLE_REF="5" LH="y" QID="2">-</Q>
			<q BOX="717 156 761 185" STYLE_REF="5" QID="2">with</q>
			<QW QID="2">-with</QW>
		</Primitive>
		<Primitive BOX="24 220 829 287" ID="Ar0110002" SEQ_NO="2" TOC_ENTRY_ID="4" DEPTH_LEVEL="1">
			<L BOX="46 205 758 263"/>
			<W BOX="46 212 90 241" STYLE_REF="5">may</W>
			<W BOX="70 235 106 263" STYLE_REF="5">For</W>
			<W BOX="97 211 142 239" STYLE_REF="5">each</W>
			<W BOX="115 233 134 262" STYLE_REF="5">in</W>
			<W BOX="143 233 200 262" STYLE_REF="5">truth</W>
			<W BOX="151 210 188 238" STYLE_REF="5">and</W>
			<W BOX="197 210 223 238" STYLE_REF="5">all</W>
			<W BOX="204 233 215 262" STYLE_REF="5">a</W>
			<W BOX="222 232 270 261" STYLE_REF="5">most</W>
			<W BOX="231 210 256 238" STYLE_REF="5">be</W>
			<W BOX="264 209 346 237" STYLE_REF="5">engaged</W>
			<W BOX="278 232 343 261" STYLE_REF="5">insane</W>
			<W BOX="351 231 418 259" STYLE_REF="5">notion</W>
			<W BOX="385 208 435 236" STYLE_REF="5">some</W>
			<W BOX="430 231 490 259" STYLE_REF="5">seems</W>
			<W BOX="501 230 522 258" STYLE_REF="5">to</W>
			<W BOX="535 229 609 257" STYLE_REF="5">prevail</W>
			<W BOX="614 205 621 234" STYLE_REF="5">.</W>
			<W BOX="616 229 657 257" STYLE_REF="5">that</W>
			<W BOX="665 228 720 256" STYLE_REF="5">there</W>
			<W BOX="725 228 758 256" STYLE_REF="5">are</W>
			<L BOX="46 252 759 287"/>
			<Q BOX="46 259 80 287" STYLE_REF="5" QID="3">onl</Q>
			<q BOX="101 258 136 286" STYLE_REF="5" QID="3">one</q>
			<QW QID="3">onlone</QW>
			<W BOX="145 257 166 286" STYLE_REF="5">or</W>
			<W BOX="175 257 215 285" STYLE_REF="5">two</W>
			<W BOX="223 256 344 284" STYLE_REF="5">occupations</W>
			<W BOX="352 255 416 283" STYLE_REF="5">which</W>
			<W BOX="422 255 434 283" STYLE_REF="5">a</W>
			<W BOX="441 254 515 282" STYLE_REF="5">woman</W>
			<W BOX="523 253 558 282" STYLE_REF="5">can</W>
			<W BOX="566 252 637 280" STYLE_REF="5">pursue</W>
			<W BOX="648 252 684 280" STYLE_REF="5">and</W>
			<W BOX="697 252 759 280" STYLE_REF="5">retain</W>
		</Primitive>
		<Primitive BOX="24 275 829 324" ID="Ar0110003" SEQ_NO="3" TOC_ENTRY_ID="4" DEPTH_LEVEL="1">
			<L BOX="79 259 93 287"/>
			<W BOX="79 259 93 287" STYLE_REF="5">y</W>
			<L BOX="46 274 760 334"/>
			<W BOX="46 306 83 334" STYLE_REF="5">wei</W>
			<W BOX="46 282 79 310" STYLE_REF="5">the</W>
			<W BOX="86 281 142 309" STYLE_REF="5">social</W>
			<W BOX="94 304 131 333" STYLE_REF="5">hed</W>
			<W BOX="139 304 179 332" STYLE_REF="5">like</W>
			<W BOX="152 280 209 308" STYLE_REF="5">status</W>
			<W BOX="188 303 211 332" STYLE_REF="5">an</W>
			<W BOX="220 303 299 332" STYLE_REF="5">incubus</W>
			<W BOX="220 280 238 308" STYLE_REF="5">of</W>
			<W BOX="248 280 259 308" STYLE_REF="5">a</W>
			<W BOX="266 279 403 307" STYLE_REF="5">gentlewoman</W>
			<W BOX="366 302 400 331" STYLE_REF="5">the</W>
			<W BOX="403 279 409 307" STYLE_REF="5">.</W>
			<W BOX="433 278 452 306" STYLE_REF="5">A</W>
			<W BOX="459 277 510 305" STYLE_REF="5">more</W>
			<W BOX="465 300 493 328" STYLE_REF="5">ies</W>
			<W BOX="499 300 516 328" STYLE_REF="5">of</W>
			<W BOX="517 276 601 304" STYLE_REF="5">baseless</W>
			<W BOX="525 299 597 327" STYLE_REF="5">human</W>
			<W BOX="602 299 692 327" STYLE_REF="5">creatures</W>
			<W BOX="609 275 692 303" STYLE_REF="5">chimera</W>
			<W BOX="692 299 697 327" STYLE_REF="5">.</W>
			<W BOX="699 274 759 303" STYLE_REF="5">never</W>
			<W BOX="722 297 760 326" STYLE_REF="5">Let</W>
			<L BOX="307 301 465 331"/>
			<W BOX="307 302 358 331" STYLE_REF="5">upon</W>
			<W BOX="407 301 465 329" STYLE_REF="5">energ</W>
		</Primitive>
		<Primitive BOX="24 312 829 439" ID="Ar0110004" SEQ_NO="4" TOC_ENTRY_ID="4" DEPTH_LEVEL="1">
			<L BOX="46 306 759 381"/>
			<W BOX="46 353 57 381" STYLE_REF="5">a</W>
			<W BOX="46 329 82 357" STYLE_REF="5">any</W>
			<W BOX="64 352 148 380" STYLE_REF="5">telegrap</W>
			<W BOX="82 306 96 335" STYLE_REF="5">g</W>
			<W BOX="91 328 156 356" STYLE_REF="5">young</W>
			<W BOX="147 351 162 379" STYLE_REF="5">h</W>
			<W BOX="163 327 195 355" STYLE_REF="5">lad</W>
			<W BOX="175 351 223 379" STYLE_REF="5">office</W>
			<W BOX="195 327 209 355" STYLE_REF="5">y</W>
			<W BOX="215 327 240 355" STYLE_REF="6">try</W>
			<W BOX="228 352 234 380" STYLE_REF="5">,</W>
			<W BOX="243 350 264 378" STYLE_REF="5">or</W>
			<W BOX="250 326 294 354" STYLE_REF="5">how</W>
			<W BOX="277 350 347 378" STYLE_REF="5">opened</W>
			<W BOX="301 326 328 354" STYLE_REF="5">far</W>
			<Q BOX="338 326 360 354" STYLE_REF="5" QID="4">so</Q>
			<q BOX="359 325 408 353" STYLE_REF="5" QID="4">ciety</q>
			<QW QID="4">society</QW>
			<W BOX="360 348 371 377" STYLE_REF="5">a</W>
			<W BOX="379 348 469 376" STYLE_REF="5">stationer</W>
			<W BOX="415 324 480 353" STYLE_REF="5">would</W>
			<W BOX="471 347 478 375" STYLE_REF="5" NS="y">'</W>
			<W BOX="476 347 486 376" STYLE_REF="5">s</W>
			<W BOX="487 323 563 351" STYLE_REF="5">support</W>
			<W BOX="497 347 545 376" STYLE_REF="5" NS="y">shop</W>
			<W BOX="546 346 551 375" STYLE_REF="5">,</W>
			<W BOX="559 346 580 374" STYLE_REF="5">or</W>
			<W BOX="572 322 607 350" STYLE_REF="5">her</W>
			<W BOX="589 346 634 374" STYLE_REF="5">took</W>
			<W BOX="616 322 630 350" STYLE_REF="5">if</W>
			<W BOX="639 321 671 350" STYLE_REF="5">she</W>
			<W BOX="647 346 658 374" STYLE_REF="5">a</W>
			<W BOX="669 346 683 374" STYLE_REF="5">p</W>
			<W BOX="680 321 757 349" STYLE_REF="5">entered</W>
			<Q BOX="683 345 713 373" STYLE_REF="5" QID="5">lac</Q>
			<q BOX="713 345 724 373" STYLE_REF="5" QID="5">e</q>
			<QW QID="5">lace</QW>
			<W BOX="737 345 759 373" STYLE_REF="5">as</W>
			<L BOX="45 368 758 444"/>
			<W BOX="45 399 78 428" STYLE_REF="5">can</W>
			<W BOX="45 375 96 404" STYLE_REF="5">show</W>
			<W BOX="93 398 194 426" STYLE_REF="5">guarantee</W>
			<Q BOX="96 375 104 404" STYLE_REF="5" LH="y" QID="6">-</Q>
			<q BOX="104 375 176 404" STYLE_REF="5" QID="6">woman</q>
			<QW QID="6">-woman</QW>
			<W BOX="189 374 209 402" STYLE_REF="5">in</W>
			<W BOX="210 398 230 426" STYLE_REF="5">to</W>
			<W BOX="222 374 259 402" STYLE_REF="5">any</W>
			<W BOX="247 396 283 425" STYLE_REF="5">any</W>
			<W BOX="269 373 286 402" STYLE_REF="5">of</W>
			<W BOX="296 373 329 401" STYLE_REF="5">our</W>
			<W BOX="298 396 345 425" STYLE_REF="5">such</W>
			<W BOX="338 372 436 400" STYLE_REF="5">enormous</W>
			<W BOX="359 395 487 423" STYLE_REF="5">enterprising</W>
			<W BOX="444 370 529 399" STYLE_REF="5">clothing</W>
			<W BOX="503 393 610 421" STYLE_REF="5">individual</W>
			<W BOX="540 369 687 397" STYLE_REF="5">establishments</W>
			<Q BOX="586 415 595 444" STYLE_REF="5" QID="7">i</Q>
			<q BOX="605 415 612 444" STYLE_REF="5" QID="7">l</q>
			<QW QID="7">il</QW>
			<W BOX="611 391 617 420" STYLE_REF="5">,</W>
			<W BOX="624 417 677 442" STYLE_REF="14">suffra</W>
			<W BOX="634 391 648 419" STYLE_REF="5">if</W>
			<W BOX="665 391 686 419" STYLE_REF="5">in</W>
			<W BOX="687 369 692 397" STYLE_REF="5">.</W>
			<W BOX="702 391 756 419" STYLE_REF="5">other</W>
			<W BOX="722 368 758 396" STYLE_REF="5">We</W>
			<W BOX="739 414 758 443" STYLE_REF="5">of</W>
		</Primitive>
		<Primitive BOX="24 427 829 498" ID="Ar0110005" SEQ_NO="5" TOC_ENTRY_ID="4" DEPTH_LEVEL="1">
			<L BOX="45 414 757 498"/>
			<W BOX="45 470 64 498" STYLE_REF="5">of</W>
			<W BOX="45 446 56 474" STYLE_REF="5">a</W>
			<W BOX="45 422 125 451" STYLE_REF="5">respects</W>
			<W BOX="69 446 120 474" STYLE_REF="5">large</W>
			<W BOX="77 469 127 497" STYLE_REF="5">their</W>
			<W BOX="133 445 190 473" STYLE_REF="5">circle</W>
			<W BOX="134 422 145 451" STYLE_REF="5">a</W>
			<W BOX="140 468 215 496" STYLE_REF="5">private</W>
			<W BOX="153 421 256 449" STYLE_REF="5">cultivated</W>
			<W BOX="204 444 222 473" STYLE_REF="5">of</W>
			<W BOX="228 467 307 495" STYLE_REF="5">gentilit</W>
			<W BOX="237 445 246 473" STYLE_REF="5" NS="y">*</W>
			<W BOX="245 445 248 473" STYLE_REF="5">'</W>
			<W BOX="254 443 312 472" STYLE_REF="5">ladies</W>
			<W BOX="266 420 301 448" STYLE_REF="5">and</W>
			<W BOX="305 467 320 495" STYLE_REF="5">y</W>
			<W BOX="311 421 325 449" STYLE_REF="5">p</W>
			<W BOX="321 467 328 495" STYLE_REF="5">,</W>
			<W BOX="321 442 331 471" STYLE_REF="5">"</W>
			<W BOX="324 419 392 447" STYLE_REF="5">leasant</W>
			<W BOX="336 465 401 493" STYLE_REF="5">would</W>
			<W BOX="340 442 383 470" STYLE_REF="5">who</W>
			<W BOX="390 441 455 470" STYLE_REF="5">would</W>
			<W BOX="404 418 480 446" STYLE_REF="5">woman</W>
			<W BOX="414 464 474 492" STYLE_REF="5">invite</W>
			<W BOX="466 440 530 469" STYLE_REF="5">eagerl</W>
			<W BOX="480 418 485 446" STYLE_REF="5">,</W>
			<W BOX="489 464 524 492" STYLE_REF="5">her</W>
			<W BOX="493 417 526 445" STYLE_REF="5">the</W>
			<W BOX="529 441 542 469" STYLE_REF="5">y</W>
			<W BOX="535 419 546 447" STYLE_REF="5">"</W>
			<W BOX="538 464 558 492" STYLE_REF="5">to</W>
			<W BOX="551 439 595 467" STYLE_REF="5">lend</W>
			<W BOX="555 418 587 443" STYLE_REF="14">soc</W>
			<W BOX="571 462 621 490" STYLE_REF="5">their</W>
			<W BOX="593 418 606 443" STYLE_REF="14">a</W>
			<W BOX="609 438 645 467" STYLE_REF="5">the</W>
			<W BOX="634 462 702 490" STYLE_REF="5">houses</W>
			<W BOX="655 438 756 466" STYLE_REF="5">assistance</W>
			<Q BOX="681 415 695 443" STYLE_REF="5" QID="8">g</Q>
			<q BOX="694 417 714 442" STYLE_REF="14" QID="8">es</q>
			<QW QID="8">ges</QW>
			<W BOX="702 462 707 490" STYLE_REF="5">,</W>
			<W BOX="720 461 757 490" STYLE_REF="5">and</W>
			<W BOX="720 414 730 443" STYLE_REF="5">"</W>
		</Primitive>
		<Primitive BOX="24 493 829 560" ID="Ar0110006" SEQ_NO="6" TOC_ENTRY_ID="4" DEPTH_LEVEL="1">
			<L BOX="44 493 556 536"/>
			<Q BOX="44 494 81 522" STYLE_REF="5" QID="9">app</Q>
			<q BOX="81 493 125 521" STYLE_REF="5" QID="9">laud</q>
			<QW QID="9">applaud</QW>
			<W BOX="368 508 397 536" STYLE_REF="5">the</W>
			<Q BOX="404 507 456 535" STYLE_REF="5" QID="10">adven</Q>
			<q BOX="457 507 513 535" STYLE_REF="5" QID="10">turous</q>
			<QW QID="10">adventurous</QW>
			<W BOX="520 510 546 533" STYLE_REF="18" NS="y">she</W>
			<W BOX="546 507 556 535" STYLE_REF="6">,</W>
			<L BOX="187 528 614 560"/>
			<W BOX="187 532 231 560" STYLE_REF="5">Who</W>
			<W BOX="239 532 257 560" STYLE_REF="5">in</W>
			<W BOX="263 531 292 559" STYLE_REF="5">the</W>
			<W BOX="298 531 331 559" STYLE_REF="5">first</W>
			<W BOX="341 530 381 558" STYLE_REF="5">bark</W>
			<Q BOX="389 530 399 558" STYLE_REF="5" QID="11">d</Q>
			<Q BOX="400 530 427 558" STYLE_REF="5" QID="11">are</Q>
			<q BOX="427 529 437 557" STYLE_REF="5" QID="11">d</q>
			<QW QID="11">dared</QW>
			<W BOX="444 529 474 557" STYLE_REF="5">the</W>
			<W BOX="480 528 564 556" STYLE_REF="5">unknown</W>
			<W BOX="571 528 598 556" STYLE_REF="5">sea</W>
			<W BOX="605 528 614 556" STYLE_REF="5">;</W>
		</Primitive>
		<Primitive BOX="24 560 829 628" ID="Ar0110007" SEQ_NO="7" TOC_ENTRY_ID="4" DEPTH_LEVEL="1">
			<L BOX="44 569 757 605" P="S"/>
			<W BOX="44 577 103 605" STYLE_REF="5">while</W>
			<W BOX="114 576 128 604" STYLE_REF="5">if</W>
			<Q BOX="141 575 181 603" STYLE_REF="5" QID="12">two</Q>
			<Q BOX="198 574 254 603" STYLE_REF="5" QID="12">three</Q>
			<q BOX="271 573 292 601" STYLE_REF="5" QID="12">or</q>
			<QW QID="12">twothreeor</QW>
			<W BOX="305 573 316 601" STYLE_REF="5">a</W>
			<W BOX="330 573 387 601" STYLE_REF="5">dozen</W>
			<W BOX="400 571 473 599" STYLE_REF="5">women</W>
			<W BOX="487 571 504 599" STYLE_REF="5">of</W>
			<W BOX="517 571 551 599" STYLE_REF="5">the</W>
			<W BOX="564 569 684 597" STYLE_REF="5">professional</W>
			<W BOX="699 569 757 597" STYLE_REF="5">ranks</W>
			<L BOX="43 574 755 629"/>
			<W BOX="43 600 87 629" STYLE_REF="5">took</W>
			<W BOX="114 599 153 627" STYLE_REF="5">like</W>
			<W BOX="163 598 227 627" STYLE_REF="5">course</W>
			<W BOX="181 575 187 603" STYLE_REF="5">,</W>
			<W BOX="243 597 276 625" STYLE_REF="5">the</W>
			<W BOX="254 574 259 602" STYLE_REF="5">,</W>
			<W BOX="287 596 363 625" STYLE_REF="5">fanciful</W>
			<W BOX="375 595 487 623" STYLE_REF="5">distinction</W>
			<W BOX="497 593 585 621" STYLE_REF="5">between</W>
			<W BOX="592 592 677 621" STYLE_REF="5">different</W>
			<W BOX="689 592 755 620" STYLE_REF="5">grades</W>
		</Primitive>
		<Primitive BOX="24 616 829 676" ID="Ar0110008" SEQ_NO="8" TOC_ENTRY_ID="4" DEPTH_LEVEL="1">
			<L BOX="96 598 234 629"/>
			<W BOX="96 600 106 629" STYLE_REF="5">a</W>
			<W BOX="228 598 234 626" STYLE_REF="5">,</W>
			<L BOX="42 616 758 676"/>
			<W BOX="42 647 88 676" STYLE_REF="5">tible</W>
			<W BOX="43 624 60 652" STYLE_REF="5">of</W>
			<W BOX="73 623 184 651" STYLE_REF="5">occupation</W>
			<W BOX="98 647 118 676" STYLE_REF="5">as</W>
			<W BOX="126 646 169 674" STYLE_REF="5">that</W>
			<W BOX="177 645 264 673" STYLE_REF="5">between</W>
			<W BOX="197 622 224 650" STYLE_REF="5">for</W>
			<W BOX="234 621 245 650" STYLE_REF="5">a</W>
			<W BOX="254 621 281 649" STYLE_REF="5">liv</W>
			<W BOX="275 643 309 672" STYLE_REF="5">the</W>
			<W BOX="283 620 356 648" STYLE_REF="5">elihood</W>
			<W BOX="319 643 392 672" STYLE_REF="5">famous</W>
			<W BOX="367 619 429 648" STYLE_REF="5">would</W>
			<Q BOX="404 642 434 670" STYLE_REF="5" QID="13">eni</Q>
			<q BOX="435 641 522 670" STYLE_REF="5" QID="13">gmatical</q>
			<QW QID="13">enigmatical</QW>
			<W BOX="440 619 464 647" STYLE_REF="5">be</W>
			<W BOX="479 618 499 646" STYLE_REF="5">as</W>
			<W BOX="510 617 560 646" STYLE_REF="5">little</W>
			<W BOX="537 640 589 668" STYLE_REF="5">sums</W>
			<W BOX="574 616 659 644" STYLE_REF="5">generall</W>
			<W BOX="601 640 619 668" STYLE_REF="5">of</W>
			<W BOX="635 642 646 670" STYLE_REF="5">"</W>
			<W BOX="654 639 683 667" STYLE_REF="5">six</W>
			<W BOX="658 616 671 644" STYLE_REF="5">y</W>
			<W BOX="679 616 748 644" STYLE_REF="5">percep</W>
			<W BOX="696 639 755 667" STYLE_REF="5">dozen</W>
			<Q BOX="751 616 758 644" STYLE_REF="5" QID="14">-</Q>
		</Primitive>
		<Primitive BOX="24 666 829 736" ID="Ar0110009" SEQ_NO="9" TOC_ENTRY_ID="4" DEPTH_LEVEL="1">
			<L BOX="43 666 373 699"/>
			<q BOX="43 671 101 699" STYLE_REF="5" QID="14">dozen</q>
			<QW QID="14">dozen</QW>
			<W BOX="111 669 148 698" STYLE_REF="5">and</W>
			<W BOX="155 669 197 697" STYLE_REF="5">half</W>
			<W BOX="204 669 215 697" STYLE_REF="5">a</W>
			<W BOX="223 668 281 696" STYLE_REF="5">dozen</W>
			<W BOX="291 667 349 695" STYLE_REF="5" NS="y">dozen</W>
			<W BOX="352 667 360 695" STYLE_REF="5" NS="y">.</W>
			<W BOX="358 666 373 695" STYLE_REF="5">"</W>
			<L BOX="65 686 755 741"/>
			<W BOX="65 694 100 722" STYLE_REF="5">We</W>
			<W BOX="109 693 141 722" STYLE_REF="5">can</W>
			<Q BOX="150 692 226 721" STYLE_REF="5" QID="15">willing</Q>
			<Q BOX="225 692 235 720" STYLE_REF="5" QID="15">l</Q>
			<q BOX="233 692 247 721" STYLE_REF="5" QID="15">y</q>
			<QW QID="15">willingly</QW>
			<W BOX="255 691 314 719" STYLE_REF="5" NS="y">admit</W>
			<W BOX="315 691 321 719" STYLE_REF="5">,</W>
			<W BOX="327 690 379 718" STYLE_REF="5">what</W>
			<W BOX="381 712 433 741" STYLE_REF="5">these</W>
			<W BOX="385 690 418 718" STYLE_REF="5">the</W>
			<Q BOX="427 689 451 717" STYLE_REF="5" QID="16">sli</Q>
			<Q BOX="450 689 465 718" STYLE_REF="5" QID="16">g</Q>
			<q BOX="463 688 513 716" STYLE_REF="5" QID="16">htest</q>
			<QW QID="16">slightest</QW>
			<W BOX="522 687 632 715" STYLE_REF="5">experience</W>
			<W BOX="624 710 652 738" STYLE_REF="5">far</W>
			<W BOX="641 686 659 714" STYLE_REF="5">of</W>
			<W BOX="666 709 724 737" STYLE_REF="5">easier</W>
			<W BOX="667 686 753 714" STYLE_REF="5">different</W>
			<W BOX="734 709 755 737" STYLE_REF="5">in</W>
		</Primitive>
		<Primitive BOX="24 724 829 792" ID="Ar0110010" SEQ_NO="10" TOC_ENTRY_ID="4" DEPTH_LEVEL="1">
			<L BOX="42 710 756 769"/>
			<W BOX="42 717 99 746" STYLE_REF="5">social</W>
			<W BOX="42 741 120 769" STYLE_REF="5">London</W>
			<W BOX="108 717 175 745" STYLE_REF="5">circles</W>
			<W BOX="132 740 180 768" STYLE_REF="5">than</W>
			<W BOX="184 715 247 744" STYLE_REF="5">would</W>
			<W BOX="191 740 211 768" STYLE_REF="5">in</W>
			<W BOX="225 738 260 767" STYLE_REF="5">the</W>
			<W BOX="258 715 316 743" STYLE_REF="5">prove</W>
			<W BOX="271 738 377 766" STYLE_REF="5">provincial</W>
			<W BOX="318 714 323 742" STYLE_REF="5">,</W>
			<W BOX="332 714 373 742" STYLE_REF="5">that</W>
			<W BOX="386 736 468 765" STYLE_REF="5">villages</W>
			<W BOX="441 711 567 740" STYLE_REF="5">experiments</W>
			<W BOX="475 735 510 763" STYLE_REF="5">and</W>
			<W BOX="518 734 580 762" STYLE_REF="5">towns</W>
			<W BOX="579 710 611 738" STYLE_REF="5">are</W>
			<W BOX="580 734 586 762" STYLE_REF="5">.</W>
			<W BOX="611 733 635 762" STYLE_REF="5">In</W>
			<W BOX="647 733 683 761" STYLE_REF="5">the</W>
			<W BOX="691 733 747 761" STYLE_REF="5" NS="y">latter</W>
			<W BOX="749 733 756 761" STYLE_REF="5">,</W>
			<L BOX="42 756 754 792"/>
			<W BOX="42 764 105 792" STYLE_REF="5">where</W>
			<W BOX="112 764 146 792" STYLE_REF="5">the</W>
			<W BOX="152 763 203 791" STYLE_REF="5">local</W>
			<W BOX="211 762 266 790" STYLE_REF="5">strata</W>
			<W BOX="281 761 313 790" STYLE_REF="5">are</W>
			<W BOX="324 761 385 789" STYLE_REF="5">better</W>
			<Q BOX="394 759 467 788" STYLE_REF="5" QID="17">defined</Q>
			<q BOX="484 758 520 787" STYLE_REF="5" QID="17">and</q>
			<QW QID="17">definedand</QW>
			<Q BOX="528 758 578 787" STYLE_REF="5" QID="18">peop</Q>
			<q BOX="576 757 596 785" STYLE_REF="5" QID="18">le</q>
			<QW QID="18">people</QW>
			<W BOX="604 757 647 785" STYLE_REF="5">care</W>
			<Q BOX="658 756 738 784" STYLE_REF="5" QID="19">infinitel</Q>
			<q BOX="741 756 754 784" STYLE_REF="5" QID="19">y</q>
			<QW QID="19">infinitely</QW>
		</Primitive>
		<Primitive BOX="24 780 829 839" ID="Ar0110011" SEQ_NO="11" TOC_ENTRY_ID="4" DEPTH_LEVEL="1">
			<L BOX="41 760 755 839"/>
			<W BOX="41 788 92 816" STYLE_REF="5">more</W>
			<W BOX="41 811 78 839" STYLE_REF="5">and</W>
			<W BOX="91 811 129 839" STYLE_REF="5">don</W>
			<W BOX="101 788 158 816" STYLE_REF="5">about</W>
			<Q BOX="129 810 134 838" STYLE_REF="5" QID="20">'</Q>
			<q BOX="134 810 142 838" STYLE_REF="5" QID="20">t</q>
			<QW QID="20">'t</QW>
			<W BOX="155 810 196 838" STYLE_REF="5">like</W>
			<W BOX="165 787 277 815" STYLE_REF="5">preserving</W>
			<W BOX="209 810 229 838" STYLE_REF="5">to</W>
			<W BOX="241 809 319 837" STYLE_REF="5">tolerate</W>
			<W BOX="284 785 337 813" STYLE_REF="5">them</W>
			<W BOX="329 807 381 836" STYLE_REF="5">what</W>
			<W BOX="344 784 403 813" STYLE_REF="5">intact</W>
			<W BOX="391 807 458 835" STYLE_REF="5">geolog</W>
			<W BOX="411 783 459 811" STYLE_REF="5">than</W>
			<W BOX="458 806 491 834" STYLE_REF="5">ists</W>
			<W BOX="467 782 515 811" STYLE_REF="5">they</W>
			<W BOX="470 760 475 788" STYLE_REF="5">,</W>
			<W BOX="503 805 568 833" STYLE_REF="5">would</W>
			<W BOX="523 781 548 810" STYLE_REF="5">do</W>
			<W BOX="562 781 582 810" STYLE_REF="5">in</W>
			<W BOX="579 804 615 832" STYLE_REF="5">call</W>
			<W BOX="595 780 629 808" STYLE_REF="5">the</W>
			<W BOX="631 804 648 832" STYLE_REF="5">"</W>
			<W BOX="638 780 748 808" STYLE_REF="5">metropolis</W>
			<W BOX="650 803 660 831" STYLE_REF="5">a</W>
			<Q BOX="673 803 693 831" STYLE_REF="5" QID="21">di</Q>
			<Q BOX="692 804 706 832" STYLE_REF="5" QID="21">p</Q>
			<q BOX="712 802 722 831" STYLE_REF="5" QID="21">"</q>
			<QW QID="21">dip"</QW>
			<W BOX="733 802 755 831" STYLE_REF="5">or</W>
			<W BOX="749 780 755 808" STYLE_REF="5">,</W>
		</Primitive>
		<Primitive BOX="24 827 829 876" ID="Ar0110012" SEQ_NO="12" TOC_ENTRY_ID="4" DEPTH_LEVEL="1">
			<L BOX="41 826 754 886"/>
			<W BOX="41 858 77 886" STYLE_REF="5">the</W>
			<W BOX="42 837 52 865" STYLE_REF="5">"</W>
			<W BOX="58 834 69 862" STYLE_REF="5">a</W>
			<W BOX="77 834 125 862" STYLE_REF="5">fault</W>
			<W BOX="82 858 127 886" STYLE_REF="5">desk</W>
			<W BOX="130 834 140 862" STYLE_REF="5">"</W>
			<W BOX="140 858 161 886" STYLE_REF="5">or</W>
			<W BOX="152 834 174 862" STYLE_REF="5">in</W>
			<W BOX="174 858 208 886" STYLE_REF="5">the</W>
			<W BOX="187 833 220 862" STYLE_REF="5">the</W>
			<W BOX="219 856 295 884" STYLE_REF="5">counter</W>
			<W BOX="232 832 305 860" STYLE_REF="5" NS="y">ground</W>
			<W BOX="307 831 313 860" STYLE_REF="5">,</W>
			<W BOX="312 855 333 883" STYLE_REF="5">or</W>
			<W BOX="319 831 353 860" STYLE_REF="5">the</W>
			<W BOX="345 854 421 882" STYLE_REF="5">worked</W>
			<W BOX="365 831 431 859" STYLE_REF="5">young</W>
			<W BOX="435 853 470 881" STYLE_REF="5">the</W>
			<Q BOX="437 829 470 858" STYLE_REF="5" QID="22">lad</Q>
			<q BOX="469 830 483 858" STYLE_REF="5" QID="22">y</q>
			<QW QID="22">lady</QW>
			<W BOX="483 852 561 880" STYLE_REF="5">needles</W>
			<W BOX="490 828 535 857" STYLE_REF="5">who</W>
			<W BOX="542 827 651 855" STYLE_REF="5">audaciousl</W>
			<W BOX="573 851 591 879" STYLE_REF="5">at</W>
			<W BOX="600 850 612 878" STYLE_REF="5">a</W>
			<Q BOX="620 850 640 878" STYLE_REF="5" QID="23">lo</Q>
			<q BOX="639 850 667 878" STYLE_REF="5" QID="23">cal</q>
			<QW QID="23">local</QW>
			<W BOX="650 827 664 855" STYLE_REF="5">y</W>
			<W BOX="671 826 754 854" STYLE_REF="5">invaded</W>
			<W BOX="677 850 746 878" STYLE_REF="5" NS="y">station</W>
			<W BOX="748 849 754 878" STYLE_REF="5">,</W>
		</Primitive>
		<Primitive BOX="24 864 829 923" ID="Ar0110013" SEQ_NO="13" TOC_ENTRY_ID="4" DEPTH_LEVEL="1">
			<L BOX="40 855 753 933"/>
			<W BOX="40 881 67 909" STYLE_REF="5">mi</W>
			<W BOX="53 905 109 933" STYLE_REF="5">arties</W>
			<Q BOX="66 882 81 910" STYLE_REF="5" QID="24">g</Q>
			<q BOX="79 881 101 909" STYLE_REF="5" QID="24">ht</q>
			<QW QID="24">ght</QW>
			<W BOX="111 881 148 909" STYLE_REF="5">find</W>
			<W BOX="140 904 181 932" STYLE_REF="5">The</W>
			<W BOX="164 881 216 909" STYLE_REF="5">some</W>
			<W BOX="226 879 277 908" STYLE_REF="5">little</W>
			<W BOX="288 878 376 906" STYLE_REF="5">difficulty</W>
			<W BOX="291 901 385 930" STYLE_REF="5">entlemen</W>
			<W BOX="298 855 303 883" STYLE_REF="5">,</W>
			<W BOX="390 877 410 905" STYLE_REF="5">in</W>
			<W BOX="398 900 426 928" STYLE_REF="5">mi</W>
			<W BOX="423 876 552 904" STYLE_REF="5">maintaining</W>
			<W BOX="437 899 460 927" STYLE_REF="5">ht</W>
			<W BOX="474 899 544 927" STYLE_REF="5">refrain</W>
			<W BOX="558 897 587 925" STYLE_REF="5">for</W>
			<W BOX="560 874 594 902" STYLE_REF="5">her</W>
			<W BOX="605 897 616 925" STYLE_REF="5">a</W>
			<W BOX="607 874 681 902" STYLE_REF="5">ground</W>
			<W BOX="632 897 691 925" STYLE_REF="5">while</W>
			<W BOX="691 874 709 902" STYLE_REF="5">at</W>
			<W BOX="703 896 750 924" STYLE_REF="5">from</W>
			<W BOX="722 873 753 901" STYLE_REF="5">tea</W>
			<L BOX="425 901 438 929"/>
			<W BOX="425 901 438 929" STYLE_REF="5">g</W>
		</Primitive>
		<Primitive BOX="24 911 829 981" ID="Ar0110014" SEQ_NO="14" TOC_ENTRY_ID="4" DEPTH_LEVEL="1">
			<L BOX="40 904 753 957"/>
			<W BOX="40 905 53 933" STYLE_REF="5">p</W>
			<W BOX="40 928 106 957" STYLE_REF="5">asking</W>
			<W BOX="111 905 116 933" STYLE_REF="5">.</W>
			<W BOX="119 928 153 956" STYLE_REF="5">her</W>
			<W BOX="167 928 187 956" STYLE_REF="5">to</W>
			<W BOX="198 904 263 932" STYLE_REF="5">young</W>
			<W BOX="200 927 257 955" STYLE_REF="5">dance</W>
			<W BOX="265 925 270 954" STYLE_REF="5">;</W>
			<W BOX="277 904 292 932" STYLE_REF="5">g</W>
			<Q BOX="282 925 322 954" STYLE_REF="5" QID="25">thei</Q>
			<q BOX="324 925 333 954" STYLE_REF="5" QID="25">r</q>
			<QW QID="25">their</QW>
			<W BOX="345 924 435 952" STYLE_REF="5">mammas</W>
			<Q BOX="446 923 473 951" STYLE_REF="6" QID="26">mi</Q>
			<Q BOX="467 923 478 951" STYLE_REF="6" QID="26">g</Q>
			<q BOX="478 922 498 950" STYLE_REF="6" QID="26">ht</q>
			<QW QID="26">might</QW>
			<W BOX="503 922 539 950" STYLE_REF="5">feel</W>
			<W BOX="555 921 566 949" STYLE_REF="5">a</W>
			<W BOX="577 920 650 949" STYLE_REF="5">greater</W>
			<W BOX="663 920 718 948" STYLE_REF="5">dread</W>
			<W BOX="733 920 753 948" STYLE_REF="5">of</W>
			<L BOX="41 944 751 982"/>
			<W BOX="41 952 50 980" STYLE_REF="5">a</W>
			<W BOX="59 954 70 982" STYLE_REF="5">"</W>
			<W BOX="76 952 114 980" STYLE_REF="5">low</W>
			<Q BOX="122 951 233 980" STYLE_REF="5" QID="27">connection</Q>
			<q BOX="233 950 243 978" STYLE_REF="5" QID="27">"</q>
			<QW QID="27">connection"</QW>
			<W BOX="253 950 299 978" STYLE_REF="5">than</W>
			<W BOX="312 949 326 977" STYLE_REF="5">if</W>
			<W BOX="338 949 372 977" STYLE_REF="5">she</W>
			<W BOX="379 947 417 975" STYLE_REF="5">had</W>
			<W BOX="425 946 523 975" STYLE_REF="5">remained</W>
			<W BOX="533 945 544 973" STYLE_REF="5">a</W>
			<W BOX="556 944 636 972" STYLE_REF="5">nursery</W>
			<W BOX="644 944 744 972" STYLE_REF="5" NS="y">governess</W>
			<W BOX="744 944 751 972" STYLE_REF="5">.</W>
			<L BOX="484 967 752 998"/>
			<W BOX="484 969 525 998" STYLE_REF="5">that</W>
			<W BOX="538 969 573 997" STYLE_REF="5">the</W>
			<W BOX="692 967 752 995" STYLE_REF="5">eldest</W>
		</Primitive>
		<Primitive BOX="24 969 829 1049" ID="Ar0110015" SEQ_NO="15" TOC_ENTRY_ID="4" DEPTH_LEVEL="1">
			<L BOX="41 967 752 1050"/>
			<W BOX="41 975 78 1004" STYLE_REF="5">But</W>
			<W BOX="41 999 89 1027" STYLE_REF="5">daug</W>
			<W BOX="42 1022 77 1050" STYLE_REF="5">Less</W>
			<W BOX="88 999 129 1027" STYLE_REF="5">hter</W>
			<W BOX="89 1022 101 1050" STYLE_REF="5">a</W>
			<W BOX="91 975 138 1004" STYLE_REF="5">even</W>
			<W BOX="115 1022 178 1050" STYLE_REF="5">Queen</W>
			<W BOX="137 999 165 1027" STYLE_REF="5">mi</W>
			<W BOX="152 975 174 1004" STYLE_REF="5">in</W>
			<Q BOX="164 999 179 1028" STYLE_REF="5" QID="28">g</Q>
			<q BOX="177 998 200 1026" STYLE_REF="5" QID="28">ht</q>
			<QW QID="28">ght</QW>
			<W BOX="189 977 200 1005" STYLE_REF="5">"</W>
			<W BOX="192 1021 210 1050" STYLE_REF="5">of</W>
			<W BOX="206 975 240 1003" STYLE_REF="5">our</W>
			<W BOX="206 998 266 1026" STYLE_REF="5">brave</W>
			<W BOX="223 1020 302 1049" STYLE_REF="5">Twelfth</W>
			<W BOX="254 973 327 1002" STYLE_REF="5">village</W>
			<W BOX="272 997 308 1025" STYLE_REF="5">and</W>
			<W BOX="314 1020 341 1048" STYLE_REF="5">Ni</W>
			<W BOX="317 996 397 1024" STYLE_REF="5">conquer</W>
			<W BOX="332 972 342 1001" STYLE_REF="5">"</W>
			<Q BOX="341 1020 354 1048" STYLE_REF="5" QID="29">g</Q>
			<q BOX="353 1019 379 1047" STYLE_REF="5" QID="29">ht</q>
			<QW QID="29">ght</QW>
			<W BOX="356 971 386 1000" STYLE_REF="5">we</W>
			<W BOX="379 1019 388 1047" STYLE_REF="5">;</W>
			<W BOX="398 970 473 999" STYLE_REF="5">believe</W>
			<W BOX="399 1018 435 1046" STYLE_REF="5">and</W>
			<W BOX="406 994 459 1023" STYLE_REF="5">these</W>
			<W BOX="444 1017 505 1046" STYLE_REF="5">thoug</W>
			<W BOX="468 993 560 1021" STYLE_REF="5">obstacles</W>
			<W BOX="503 1016 517 1045" STYLE_REF="5">h</W>
			<W BOX="525 1016 543 1044" STYLE_REF="5">at</W>
			<W BOX="552 1015 591 1043" STYLE_REF="5">first</W>
			<W BOX="572 991 609 1020" STYLE_REF="5">and</W>
			<W BOX="583 968 663 996" STYLE_REF="5">surgeon</W>
			<W BOX="604 1015 631 1043" STYLE_REF="5">all</W>
			<W BOX="624 991 649 1019" STYLE_REF="5">be</W>
			<W BOX="640 1014 673 1043" STYLE_REF="5">the</W>
			<W BOX="660 991 710 1019" STYLE_REF="5">none</W>
			<Q BOX="665 967 672 995" STYLE_REF="5" QID="30">'</Q>
			<q BOX="670 967 680 995" STYLE_REF="5" QID="30">s</q>
			<QW QID="30">'s</QW>
			<Q BOX="685 1014 717 1042" STYLE_REF="5" QID="31">nei</Q>
			<q BOX="716 1014 731 1042" STYLE_REF="5" QID="31">g</q>
			<QW QID="31">neig</QW>
			<W BOX="718 991 752 1019" STYLE_REF="5">the</W>
			<Q BOX="729 1013 743 1042" STYLE_REF="5" QID="32">h</Q>
			<Q BOX="743 1013 752 1042" STYLE_REF="5" QID="32">-</Q>
			<L BOX="539 1037 750 1067"/>
			<Q BOX="539 1038 620 1067" STYLE_REF="5" QID="32">certainl</Q>
			<q BOX="638 1038 668 1066" STYLE_REF="6" QID="32">had</q>
			<QW QID="32">hcertainlhad</QW>
			<W BOX="714 1037 750 1065" STYLE_REF="5">bee</W>
		</Primitive>
		<Primitive BOX="24 1038 829 1121" ID="Ar0110016" SEQ_NO="16" TOC_ENTRY_ID="4" DEPTH_LEVEL="1">
			<L BOX="42 1037 709 1074"/>
			<W BOX="42 1046 95 1074" STYLE_REF="5">bours</W>
			<W BOX="102 1046 165 1074" STYLE_REF="5">would</W>
			<W BOX="171 1045 254 1074" STYLE_REF="5">whisper</W>
			<Q BOX="261 1043 382 1072" STYLE_REF="5" QID="33">mysteriousl</Q>
			<q BOX="381 1042 394 1071" STYLE_REF="5" QID="33">y</q>
			<QW QID="33">mysteriously</QW>
			<W BOX="400 1042 445 1070" STYLE_REF="5">that</W>
			<W BOX="449 1041 497 1069" STYLE_REF="5">Miss</W>
			<W BOX="505 1040 526 1069" STYLE_REF="5" NS="y">H</W>
			<W BOX="526 1040 533 1069" STYLE_REF="5">.</W>
			<W BOX="618 1038 633 1066" STYLE_REF="5">y</W>
			<W BOX="678 1037 689 1066" STYLE_REF="5">a</W>
			<W BOX="698 1039 709 1068" STYLE_REF="5">"</W>
			<L BOX="42 1060 750 1121"/>
			<W BOX="42 1068 59 1097" STYLE_REF="5">in</W>
			<W BOX="67 1069 101 1097" STYLE_REF="5">her</W>
			<W BOX="108 1092 154 1121" STYLE_REF="5">than</W>
			<W BOX="108 1069 179 1097" STYLE_REF="5">bonnet</W>
			<W BOX="164 1092 217 1121" STYLE_REF="5">other</W>
			<W BOX="179 1069 186 1097" STYLE_REF="5" NS="y">,</W>
			<W BOX="186 1070 196 1098" STYLE_REF="5">"</W>
			<W BOX="205 1068 220 1096" STYLE_REF="5">it</W>
			<W BOX="228 1068 292 1096" STYLE_REF="5">would</W>
			<Q BOX="230 1091 281 1120" STYLE_REF="5" QID="34">peop</Q>
			<q BOX="280 1091 299 1119" STYLE_REF="5" QID="34">le</q>
			<QW QID="34">people</QW>
			<W BOX="299 1067 323 1096" STYLE_REF="5">be</W>
			<Q BOX="299 1090 307 1119" STYLE_REF="5" QID="35">'</Q>
			<q BOX="304 1090 314 1119" STYLE_REF="5" QID="35">s</q>
			<QW QID="35">'s</QW>
			<W BOX="325 1089 429 1117" STYLE_REF="5">butterflies</W>
			<W BOX="331 1066 376 1095" STYLE_REF="5">soon</W>
			<W BOX="384 1065 442 1093" STYLE_REF="5">found</W>
			<W BOX="431 1088 436 1116" STYLE_REF="5">,</W>
			<W BOX="445 1087 482 1115" STYLE_REF="5">and</W>
			<W BOX="451 1064 494 1092" STYLE_REF="5">that</W>
			<W BOX="490 1086 555 1115" STYLE_REF="5">would</W>
			<W BOX="500 1064 534 1092" STYLE_REF="5">the</W>
			<W BOX="541 1062 579 1090" STYLE_REF="5">said</W>
			<W BOX="566 1086 590 1114" STYLE_REF="5">be</W>
			<W BOX="589 1061 624 1089" STYLE_REF="5">bee</W>
			<W BOX="601 1084 685 1112" STYLE_REF="5">declared</W>
			<W BOX="632 1061 686 1089" STYLE_REF="5">made</W>
			<W BOX="695 1084 727 1112" STYLE_REF="5">qui</W>
			<W BOX="697 1060 750 1088" STYLE_REF="5">more</W>
			<W BOX="729 1083 749 1112" STYLE_REF="5">te</W>
		</Primitive>
		<Primitive BOX="24 1112 829 1167" ID="Ar0110017" SEQ_NO="17" TOC_ENTRY_ID="4" DEPTH_LEVEL="1">
			<L BOX="42 1093 749 1168"/>
			<W BOX="42 1093 100 1121" STYLE_REF="5">aoney</W>
			<W BOX="43 1116 49 1144" STYLE_REF="5">i</W>
			<W BOX="56 1116 171 1144" STYLE_REF="5">respectable</W>
			<W BOX="61 1140 105 1168" STYLE_REF="5">And</W>
			<W BOX="112 1140 126 1168" STYLE_REF="5">if</W>
			<W BOX="134 1140 167 1168" STYLE_REF="5">the</W>
			<W BOX="175 1139 232 1167" STYLE_REF="5">worst</W>
			<W BOX="179 1116 216 1144" STYLE_REF="5">and</W>
			<W BOX="225 1114 351 1142" STYLE_REF="5">praiseworth</W>
			<W BOX="244 1137 294 1166" STYLE_REF="5">came</W>
			<W BOX="308 1137 328 1165" STYLE_REF="5">to</W>
			<W BOX="338 1137 372 1165" STYLE_REF="5">the</W>
			<W BOX="348 1114 362 1142" STYLE_REF="5">y</W>
			<W BOX="370 1112 431 1140" STYLE_REF="5">insect</W>
			<W BOX="379 1135 437 1163" STYLE_REF="5">worst</W>
			<W BOX="431 1112 438 1140" STYLE_REF="5">.</W>
			<W BOX="456 1134 493 1162" STYLE_REF="5">and</W>
			<W BOX="506 1132 542 1161" STYLE_REF="5">one</W>
			<W BOX="550 1132 600 1160" STYLE_REF="5">were</W>
			<W BOX="608 1131 641 1160" STYLE_REF="5">not</W>
			<W BOX="650 1131 706 1159" STYLE_REF="5">asked</W>
			<W BOX="716 1131 749 1159" STYLE_REF="5">out</W>
			<L BOX="437 1135 634 1184"/>
			<W BOX="437 1135 443 1163" STYLE_REF="5">,</W>
			<W BOX="571 1155 604 1184" STYLE_REF="5">fire</W>
			<W BOX="616 1155 634 1184" STYLE_REF="5">of</W>
		</Primitive>
		<Primitive BOX="24 1167 829 1219" ID="Ar0110018" SEQ_NO="18" TOC_ENTRY_ID="4" DEPTH_LEVEL="1">
			<L BOX="43 1153 748 1192"/>
			<W BOX="43 1161 49 1190" STYLE_REF="5" NS="y" M="1 * ">_,</W>
			<W BOX="47 1161 57 1190" STYLE_REF="5">o</W>
			<Q BOX="66 1163 96 1192" STYLE_REF="5" QID="36">tea</Q>
			<Q BOX="96 1163 122 1192" STYLE_REF="5" LH="y" QID="36">�</Q>
			<Q BOX="122 1163 153 1192" STYLE_REF="5" QID="36">wh</Q>
			<q BOX="152 1164 165 1192" STYLE_REF="5" QID="36">y</q>
			<QW QID="36">tea�why</QW>
			<W BOX="177 1163 222 1191" STYLE_REF="5">then</W>
			<W BOX="231 1161 266 1190" STYLE_REF="5">one</W>
			<Q BOX="275 1161 303 1189" STYLE_REF="5" QID="37">mi</Q>
			<Q BOX="302 1161 316 1190" STYLE_REF="5" QID="37">g</Q>
			<q BOX="314 1160 337 1188" STYLE_REF="5" QID="37">ht</q>
			<QW QID="37">might</QW>
			<W BOX="347 1160 388 1188" STYLE_REF="5">stay</W>
			<W BOX="399 1159 418 1187" STYLE_REF="5">at</W>
			<W BOX="430 1158 486 1186" STYLE_REF="5">home</W>
			<Q BOX="493 1158 506 1186" STYLE_REF="5" QID="38">b</Q>
			<q BOX="505 1158 519 1186" STYLE_REF="5" QID="38">y</q>
			<QW QID="38">by</QW>
			<W BOX="525 1157 560 1185" STYLE_REF="5">the</W>
			<W BOX="646 1155 682 1183" STYLE_REF="5" NS="y">one</W>
			<W BOX="683 1153 690 1182" STYLE_REF="5" NS="y">'</W>
			<W BOX="688 1155 697 1183" STYLE_REF="5">s</W>
			<W BOX="706 1154 748 1182" STYLE_REF="5">own</W>
		</Primitive>
	</Content>
	<TOC_Entries><TOC_Entry TOC_ENTRY_ID="23" TITLE="The Annual Reports of the Governesses' B..." ENTITY_ID_REF="Ar01100" PAGE_NO="11" PAGE_LABEL="11" PRIM_ID_REF="Ar0110000" IS_IC="true"/></TOC_Entries></XMD-entity>
