<?xml version="1.0" encoding="windows-1252" standalone="no"?>
<XMD-entity REPOSITORY_FORMAT="1.0" PRXML_VER="2.0" ENTITY_TYPE="Article" DOC_UID="EWJ_01/03/1858" DOC_VER="1" FIRST_TOC_ENTRY_ID="14" DEPTH_LEVEL="1" INDEX_IN_DOC="26" PAGE_NO="11" ID="Ar01101" BOX="24 12 829 79" LANGUAGE="English" SNP="Ar01101S.png" SNP_WIDTH="806" SNP_HEIGHT="68" LOGICAL_NAME="true">
	<Meta NAME="THE PROFESSION OF THE TEACHER. 11" DESCRIPTION="" SUBTYPE="" BASE_HREF="EWJ/1858/03/01" SOURCE_TYPE="TIFF" PUBLICATION="EWJ" SECTION="None" ISSUE_DATE="01/03/1858" WORDCNT="7" RELEASE_NO="041-EWJ-1858-03-01-001-SINGLE" PAGE_ID="" PAGE_TYPE="Single" PAGE_WIDTH="842" PAGE_HEIGHT="1244" DEFAULT_IMG_EXT="png" PDF_DESTINATION_MAPPED="OLV0_Entity_0011_0002" IMAGES_RESOLUTION="86" XMD_VER="2.6.238.8" PAGE_LABEL="11"/>
	<Link SOURCE="041-EWJ-1858-03-01-001-SINGLE.PDF" FIRST_ID="Ar00200" LAST_ID="Ar07201" NEXT_ID="" PREV_ID="Ar01100" TOC_ID="d:/Olive/Repository/EWJ/1858/03/01/TOC.xml"/>
	<DataFiles>
		<Files TYPE="DOC_PDF" PRESENT="1"/>
		<Files TYPE="PAGE_PDF" PRESENT="0"/>
		<Files TYPE="DOC_IMG" PRESENT="0"/>
		<Files TYPE="PAGE_IMG" PRESENT="0"/>
		<Files TYPE="PAGE_VIEW_IMG" PRESENT="1"/>
		<Files TYPE="PAGE_PREVIEW_IMG" PRESENT="1"/>
		<Files TYPE="PRIMITIVE_IMG" PRESENT="1"/>
		<Files TYPE="SNIPPET_IMG" PRESENT="1"/>
	</DataFiles>
	<Content>
		<Primitive BOX="24 12 829 79" ID="Ar0110100" SEQ_NO="0" TOC_ENTRY_ID="14" DEPTH_LEVEL="1">
			<L BOX="200 39 764 87"/>
			<W BOX="200 48 243 87" STYLE_REF="15">THE</W>
			<W BOX="258 47 385 86" STYLE_REF="15">PROFESSION</W>
			<W BOX="400 46 428 85" STYLE_REF="15">OF</W>
			<W BOX="441 46 484 84" STYLE_REF="15">THE</W>
			<W BOX="498 45 594 84" STYLE_REF="15" NS="y">TEACHER</W>
			<W BOX="594 45 608 84" STYLE_REF="15">.</W>
			<W BOX="734 39 764 85" STYLE_REF="19">11</W>
		</Primitive>
	</Content>
	<TOC_Entries><TOC_Entry TOC_ENTRY_ID="24" TITLE="THE PROFESSION OF THE TEACHER. 11" ENTITY_ID_REF="Ar01101" PAGE_NO="11" PAGE_LABEL="11" PRIM_ID_REF="Ar0110100" IS_IC="true"/></TOC_Entries></XMD-entity>
