<?xml version="1.0" encoding="windows-1252" standalone="no"?>
<XMD-entity REPOSITORY_FORMAT="1.0" PRXML_VER="2.0" ENTITY_TYPE="Article" DOC_UID="EWJ_01/04/1858" DOC_VER="1" FIRST_TOC_ENTRY_ID="37" DEPTH_LEVEL="1" INDEX_IN_DOC="66" PAGE_NO="30" ID="Ar03001" BOX="24 12 811 89" LANGUAGE="English" SNP="Ar03001S.png" SNP_WIDTH="788" SNP_HEIGHT="77" LOGICAL_NAME="true">
	<Meta NAME="102 MORE THAN FIFTY YEARS AGO." DESCRIPTION="" SUBTYPE="" BASE_HREF="EWJ/1858/04/01" SOURCE_TYPE="TIFF" PUBLICATION="EWJ" SECTION="None" ISSUE_DATE="01/04/1858" WORDCNT="7" RELEASE_NO="041-EWJ-1858-04-01-001-SINGLE" PAGE_ID="" PAGE_TYPE="Single" PAGE_WIDTH="823" PAGE_HEIGHT="1239" DEFAULT_IMG_EXT="png" PDF_DESTINATION_MAPPED="OLV0_Entity_0030_0002" IMAGES_RESOLUTION="86" XMD_VER="2.6.238.8" PAGE_LABEL="102"/>
	<Link SOURCE="041-EWJ-1858-04-01-001-SINGLE.PDF" FIRST_ID="Ar00200" LAST_ID="Ar07201" NEXT_ID="" PREV_ID="Ar03000" TOC_ID="d:/Olive/Repository/EWJ/1858/04/01/TOC.xml"/>
	<DataFiles>
		<Files TYPE="DOC_PDF" PRESENT="1"/>
		<Files TYPE="PAGE_PDF" PRESENT="0"/>
		<Files TYPE="DOC_IMG" PRESENT="0"/>
		<Files TYPE="PAGE_IMG" PRESENT="0"/>
		<Files TYPE="PAGE_VIEW_IMG" PRESENT="1"/>
		<Files TYPE="PAGE_PREVIEW_IMG" PRESENT="1"/>
		<Files TYPE="PRIMITIVE_IMG" PRESENT="1"/>
		<Files TYPE="SNIPPET_IMG" PRESENT="1"/>
	</DataFiles>
	<Content>
		<Primitive BOX="24 12 811 89" ID="Ar0300100" SEQ_NO="0" TOC_ENTRY_ID="37" DEPTH_LEVEL="1">
			<L BOX="61 47 594 73"/>
			<W BOX="61 48 96 73" STYLE_REF="10">102</W>
			<W BOX="242 48 301 73" STYLE_REF="10">MORE</W>
			<W BOX="314 47 374 72" STYLE_REF="10">THAN</W>
			<W BOX="387 47 451 72" STYLE_REF="10">FIFTY</W>
			<Q BOX="464 47 491 72" STYLE_REF="10" QID="1">YE</Q>
			<q BOX="491 47 532 72" STYLE_REF="10" QID="1">ARS</q>
			<QW QID="1">YEARS</QW>
			<W BOX="544 47 588 72" STYLE_REF="10" NS="y">AGO</W>
			<W BOX="588 47 594 72" STYLE_REF="10">.</W>
		</Primitive>
	</Content>
	<TOC_Entries><TOC_Entry TOC_ENTRY_ID="65" TITLE="102 MORE THAN FIFTY YEARS AGO." ENTITY_ID_REF="Ar03001" PAGE_NO="30" PAGE_LABEL="102" PRIM_ID_REF="Ar0300100" IS_IC="true"/></TOC_Entries></XMD-entity>
