<?xml version="1.0" encoding="windows-1252" standalone="no"?>
<XMD-PAGE REPOSITORY_FORMAT="1.0" PRXML_VER="2.0">
	<Meta ISSUE_DATE="01/04/1858" RELEASE_NO="041-EWJ-1858-04-01-001-SINGLE" PAGE_NO="30" NAME="" PAGE_LABEL="102" PAGE_TYPE="Single" PUBLISHER="Olive" PUBLICATION="EWJ" SOURCE_TYPE="TIFF" SOURCE_RESOLUTION="72" IMAGES_RESOLUTION="86" PAGE_THUMBNAIL_RESOLUTION="86" PAGE_PREVIEW_RESOLUTION="15" DEFAULT_IMG_EXT="png" IMG_EXT="png" PREVIEW_IMG_EXT="png" XMD_VER="2.6.238.8" PROFILE_ID="D:\pdfs\EWJ\XMD_EWJ.ini" SECTION="None" PAGE_WIDTH="823" PAGE_HEIGHT="1239" PAGES_NUMBER="72" BASE_HREF="EWJ/1858/04/01" PDF_DESTINATION_MAPPED="OLV0_Page_0030">
		<Resolutions>
			<Resolution DEFAULT="true">86</Resolution>
		</Resolutions>
	</Meta>
	<Link SOURCE="041-EWJ-1858-04-01-001-SINGLE.PDF" NEXT_SECTION="" PREV_SECTION="1"/>
	<DataFiles>
		<Files TYPE="DOC_PDF" PRESENT="1"/>
		<Files TYPE="PAGE_PDF" PRESENT="0"/>
		<Files TYPE="DOC_IMG" PRESENT="0"/>
		<Files TYPE="PAGE_IMG" PRESENT="0"/>
		<Files TYPE="PAGE_VIEW_IMG" PRESENT="1"/>
		<Files TYPE="PAGE_PREVIEW_IMG" PRESENT="1"/>
		<Files TYPE="PRIMITIVE_IMG" PRESENT="1"/>
		<Files TYPE="SNIPPET_IMG" PRESENT="1"/>
	</DataFiles>
	<Entity ENTITY_TYPE="Article" FIRST_TOC_ENTRY_ID="35" INDEX_IN_DOC="63" DEPTH_LEVEL="1" ID="Ar03000" SIZE="XLarge" BOX="24 89 811 1214" NEXT_SECTION="" PREV_SECTION="1" CONTINUATION_TO="Ar03100" CONTINUATION_FROM="Ar02900" FIRST_CHUNK="Ar02803" IMAGES_RESOLUTION="86" LOGICAL_NAME="true">
		<Name>-^_ It is considerably more than fifty y...</Name>
		<Primitive ID="Ar0300000" BOX="24 89 811 142" ELEMENT_TYPE="Content" SEQ_NO="0" TOC_ENTRY_ID="35" DEPTH_LEVEL="1"/>
		<Primitive ID="Ar0300001" BOX="24 135 811 190" ELEMENT_TYPE="Content" SEQ_NO="1" TOC_ENTRY_ID="35" DEPTH_LEVEL="1"/>
		<Primitive ID="Ar0300002" BOX="24 182 811 236" ELEMENT_TYPE="Content" SEQ_NO="2" TOC_ENTRY_ID="35" DEPTH_LEVEL="1"/>
		<Primitive ID="Ar0300003" BOX="24 230 811 286" ELEMENT_TYPE="Content" SEQ_NO="3" TOC_ENTRY_ID="35" DEPTH_LEVEL="1"/>
		<Primitive ID="Ar0300004" BOX="24 277 811 331" ELEMENT_TYPE="Content" SEQ_NO="4" TOC_ENTRY_ID="35" DEPTH_LEVEL="1"/>
		<Primitive ID="Ar0300005" BOX="24 324 811 378" ELEMENT_TYPE="Content" SEQ_NO="5" TOC_ENTRY_ID="35" DEPTH_LEVEL="1"/>
		<Primitive ID="Ar0300006" BOX="24 371 811 426" ELEMENT_TYPE="Content" SEQ_NO="6" TOC_ENTRY_ID="35" DEPTH_LEVEL="1"/>
		<Primitive ID="Ar0300007" BOX="24 419 811 474" ELEMENT_TYPE="Content" SEQ_NO="7" TOC_ENTRY_ID="35" DEPTH_LEVEL="1"/>
		<Primitive ID="Ar0300008" BOX="24 466 811 520" ELEMENT_TYPE="Content" SEQ_NO="8" TOC_ENTRY_ID="35" DEPTH_LEVEL="1"/>
		<Primitive ID="Ar0300009" BOX="24 513 811 567" ELEMENT_TYPE="Content" SEQ_NO="9" TOC_ENTRY_ID="35" DEPTH_LEVEL="1"/>
		<Primitive ID="Ar0300010" BOX="24 562 811 613" ELEMENT_TYPE="Content" SEQ_NO="10" TOC_ENTRY_ID="35" DEPTH_LEVEL="1"/>
		<Primitive ID="Ar0300011" BOX="24 607 811 661" ELEMENT_TYPE="Content" SEQ_NO="11" TOC_ENTRY_ID="35" DEPTH_LEVEL="1"/>
		<Primitive ID="Ar0300012" BOX="24 653 811 707" ELEMENT_TYPE="Content" SEQ_NO="12" TOC_ENTRY_ID="35" DEPTH_LEVEL="1"/>
		<Primitive ID="Ar0300013" BOX="24 700 811 755" ELEMENT_TYPE="Content" SEQ_NO="13" TOC_ENTRY_ID="35" DEPTH_LEVEL="1"/>
		<Primitive ID="Ar0300014" BOX="24 747 811 804" ELEMENT_TYPE="Content" SEQ_NO="14" TOC_ENTRY_ID="35" DEPTH_LEVEL="1"/>
		<Primitive ID="Ar0300015" BOX="24 794 811 849" ELEMENT_TYPE="Content" SEQ_NO="15" TOC_ENTRY_ID="35" DEPTH_LEVEL="1"/>
		<Primitive ID="Ar0300016" BOX="24 843 811 896" ELEMENT_TYPE="Content" SEQ_NO="16" TOC_ENTRY_ID="35" DEPTH_LEVEL="1"/>
		<Primitive ID="Ar0300017" BOX="24 890 811 944" ELEMENT_TYPE="Content" SEQ_NO="17" TOC_ENTRY_ID="35" DEPTH_LEVEL="1"/>
		<Primitive ID="Ar0300018" BOX="24 938 811 992" ELEMENT_TYPE="Content" SEQ_NO="18" TOC_ENTRY_ID="35" DEPTH_LEVEL="1"/>
		<Primitive ID="Ar0300019" BOX="24 985 811 1041" ELEMENT_TYPE="Content" SEQ_NO="19" TOC_ENTRY_ID="35" DEPTH_LEVEL="1"/>
		<Primitive ID="Ar0300020" BOX="24 1032 811 1087" ELEMENT_TYPE="Content" SEQ_NO="20" TOC_ENTRY_ID="35" DEPTH_LEVEL="1"/>
		<Primitive ID="Ar0300021" BOX="24 1080 811 1134" ELEMENT_TYPE="Content" SEQ_NO="21" TOC_ENTRY_ID="35" DEPTH_LEVEL="1"/>
		<Primitive ID="Ar0300022" BOX="24 1127 811 1181" ELEMENT_TYPE="Content" SEQ_NO="22" TOC_ENTRY_ID="35" DEPTH_LEVEL="1"/>
		<Primitive ID="Ar0300023" BOX="24 1181 811 1214" ELEMENT_TYPE="Content" SEQ_NO="23" TOC_ENTRY_ID="35" DEPTH_LEVEL="1"/>
	</Entity>
	<Entity ENTITY_TYPE="Article" FIRST_TOC_ENTRY_ID="37" INDEX_IN_DOC="66" DEPTH_LEVEL="1" ID="Ar03001" SIZE="Small" BOX="24 12 811 89" NEXT_SECTION="" PREV_SECTION="1" IMAGES_RESOLUTION="86" LOGICAL_NAME="true">
		<Name>102 MORE THAN FIFTY YEARS AGO.</Name>
		<Primitive ID="Ar0300100" BOX="24 12 811 89" ELEMENT_TYPE="Content" SEQ_NO="0" TOC_ENTRY_ID="37" DEPTH_LEVEL="1"/>
	</Entity>
</XMD-PAGE>