<?xml version="1.0" encoding="windows-1252" standalone="no"?>
<XMD-entity REPOSITORY_FORMAT="1.0" PRXML_VER="2.0" ENTITY_TYPE="Article" DOC_UID="EWJ_01/03/1858" DOC_VER="1" FIRST_TOC_ENTRY_ID="58" DEPTH_LEVEL="1" INDEX_IN_DOC="112" PAGE_NO="49" ID="Ar04901" BOX="24 12 829 70" LANGUAGE="English" SNP="Ar04901S.png" SNP_WIDTH="806" SNP_HEIGHT="58" LOGICAL_NAME="true">
	<Meta NAME="BRADSHAW THE BETRAYER. 49" DESCRIPTION="" SUBTYPE="" BASE_HREF="EWJ/1858/03/01" SOURCE_TYPE="TIFF" PUBLICATION="EWJ" SECTION="None" ISSUE_DATE="01/03/1858" WORDCNT="5" RELEASE_NO="041-EWJ-1858-03-01-001-SINGLE" PAGE_ID="" PAGE_TYPE="Single" PAGE_WIDTH="842" PAGE_HEIGHT="1244" DEFAULT_IMG_EXT="png" PDF_DESTINATION_MAPPED="OLV0_Entity_0049_0002" IMAGES_RESOLUTION="86" XMD_VER="2.6.238.8" PAGE_LABEL="49"/>
	<Link SOURCE="041-EWJ-1858-03-01-001-SINGLE.PDF" FIRST_ID="Ar00200" LAST_ID="Ar07201" NEXT_ID="" PREV_ID="Ar04900" TOC_ID="d:/Olive/Repository/EWJ/1858/03/01/TOC.xml"/>
	<DataFiles>
		<Files TYPE="DOC_PDF" PRESENT="1"/>
		<Files TYPE="PAGE_PDF" PRESENT="0"/>
		<Files TYPE="DOC_IMG" PRESENT="0"/>
		<Files TYPE="PAGE_IMG" PRESENT="0"/>
		<Files TYPE="PAGE_VIEW_IMG" PRESENT="1"/>
		<Files TYPE="PAGE_PREVIEW_IMG" PRESENT="1"/>
		<Files TYPE="PRIMITIVE_IMG" PRESENT="1"/>
		<Files TYPE="SNIPPET_IMG" PRESENT="1"/>
	</DataFiles>
	<Content>
		<Primitive BOX="24 12 829 70" ID="Ar0490100" SEQ_NO="0" TOC_ENTRY_ID="58" DEPTH_LEVEL="1">
			<L BOX="283 25 792 71"/>
			<W BOX="283 32 396 70" STYLE_REF="15">BRADSHAW</W>
			<W BOX="415 32 458 70" STYLE_REF="15">THE</W>
			<W BOX="472 31 574 69" STYLE_REF="15" NS="y">BETRAYER</W>
			<W BOX="574 31 587 69" STYLE_REF="15">.</W>
			<W BOX="759 25 792 71" STYLE_REF="19">49</W>
		</Primitive>
	</Content>
	<TOC_Entries><TOC_Entry TOC_ENTRY_ID="105" TITLE="BRADSHAW THE BETRAYER. 49" ENTITY_ID_REF="Ar04901" PAGE_NO="49" PAGE_LABEL="49" PRIM_ID_REF="Ar0490100" IS_IC="true"/></TOC_Entries></XMD-entity>
