<?xml version="1.0" encoding="windows-1252" standalone="no"?>
<XMD-entity REPOSITORY_FORMAT="1.0" PRXML_VER="2.0" ENTITY_TYPE="Article" DOC_UID="EWJ_01/04/1858" DOC_VER="1" FIRST_TOC_ENTRY_ID="74" DEPTH_LEVEL="1" INDEX_IN_DOC="125" PAGE_NO="58" ID="Ar05801" BOX="24 12 811 124" LANGUAGE="English" SNP="Ar05801S.png" SNP_WIDTH="788" SNP_HEIGHT="106" LOGICAL_NAME="true">
	<Meta NAME="180 NOTICES OF BOOKS." DESCRIPTION="" SUBTYPE="" BASE_HREF="EWJ/1858/04/01" SOURCE_TYPE="TIFF" PUBLICATION="EWJ" SECTION="None" ISSUE_DATE="01/04/1858" WORDCNT="5" RELEASE_NO="041-EWJ-1858-04-01-001-SINGLE" PAGE_ID="" PAGE_TYPE="Single" PAGE_WIDTH="823" PAGE_HEIGHT="1239" DEFAULT_IMG_EXT="png" PDF_DESTINATION_MAPPED="OLV0_Entity_0058_0002" IMAGES_RESOLUTION="86" XMD_VER="2.6.238.8" PAGE_LABEL="130"/>
	<Link SOURCE="041-EWJ-1858-04-01-001-SINGLE.PDF" FIRST_ID="Ar00200" LAST_ID="Ar07201" NEXT_ID="Ar05802" PREV_ID="Ar05800" TOC_ID="d:/Olive/Repository/EWJ/1858/04/01/TOC.xml"/>
	<DataFiles>
		<Files TYPE="DOC_PDF" PRESENT="1"/>
		<Files TYPE="PAGE_PDF" PRESENT="0"/>
		<Files TYPE="DOC_IMG" PRESENT="0"/>
		<Files TYPE="PAGE_IMG" PRESENT="0"/>
		<Files TYPE="PAGE_VIEW_IMG" PRESENT="1"/>
		<Files TYPE="PAGE_PREVIEW_IMG" PRESENT="1"/>
		<Files TYPE="PRIMITIVE_IMG" PRESENT="1"/>
		<Files TYPE="SNIPPET_IMG" PRESENT="1"/>
	</DataFiles>
	<Content>
		<Primitive BOX="24 12 811 124" ID="Ar0580100" SEQ_NO="0" TOC_ENTRY_ID="74" DEPTH_LEVEL="1">
			<L BOX="125 75 563 103"/>
			<W BOX="125 77 159 103" STYLE_REF="1">180</W>
			<W BOX="358 77 442 103" STYLE_REF="1">NOTICES</W>
			<W BOX="454 77 480 103" STYLE_REF="1">OF</W>
			<W BOX="493 75 557 102" STYLE_REF="1" NS="y">BOOKS</W>
			<W BOX="558 75 563 102" STYLE_REF="1">.</W>
		</Primitive>
	</Content>
	<TOC_Entries><TOC_Entry TOC_ENTRY_ID="126" TITLE="180 NOTICES OF BOOKS." ENTITY_ID_REF="Ar05801" PAGE_NO="58" PAGE_LABEL="130" PRIM_ID_REF="Ar0580100" IS_IC="true"/></TOC_Entries></XMD-entity>
