<?xml version="1.0" encoding="windows-1252" standalone="no"?>
<XMD-PAGE REPOSITORY_FORMAT="1.0" PRXML_VER="2.0">
	<Meta ISSUE_DATE="01/04/1858" RELEASE_NO="041-EWJ-1858-04-01-001-SINGLE" PAGE_NO="58" NAME="" PAGE_LABEL="130" PAGE_TYPE="Single" PUBLISHER="Olive" PUBLICATION="EWJ" SOURCE_TYPE="TIFF" SOURCE_RESOLUTION="72" IMAGES_RESOLUTION="86" PAGE_THUMBNAIL_RESOLUTION="86" PAGE_PREVIEW_RESOLUTION="15" DEFAULT_IMG_EXT="png" IMG_EXT="png" PREVIEW_IMG_EXT="png" XMD_VER="2.6.238.8" PROFILE_ID="D:\pdfs\EWJ\XMD_EWJ.ini" SECTION="None" PAGE_WIDTH="823" PAGE_HEIGHT="1239" PAGES_NUMBER="72" BASE_HREF="EWJ/1858/04/01" PDF_DESTINATION_MAPPED="OLV0_Page_0058">
		<Resolutions>
			<Resolution DEFAULT="true">86</Resolution>
		</Resolutions>
	</Meta>
	<Link SOURCE="041-EWJ-1858-04-01-001-SINGLE.PDF" NEXT_SECTION="" PREV_SECTION="1"/>
	<DataFiles>
		<Files TYPE="DOC_PDF" PRESENT="1"/>
		<Files TYPE="PAGE_PDF" PRESENT="0"/>
		<Files TYPE="DOC_IMG" PRESENT="0"/>
		<Files TYPE="PAGE_IMG" PRESENT="0"/>
		<Files TYPE="PAGE_VIEW_IMG" PRESENT="1"/>
		<Files TYPE="PAGE_PREVIEW_IMG" PRESENT="1"/>
		<Files TYPE="PRIMITIVE_IMG" PRESENT="1"/>
		<Files TYPE="SNIPPET_IMG" PRESENT="1"/>
	</DataFiles>
	<Entity ENTITY_TYPE="Article" FIRST_TOC_ENTRY_ID="75" INDEX_IN_DOC="126" DEPTH_LEVEL="1" ID="Ar05800" SIZE="XLarge" BOX="24 124 811 705" NEXT_SECTION="" PREV_SECTION="1" IMAGES_RESOLUTION="86" LOGICAL_NAME="true">
		<Name>3.�Becollections of the Last Days of She...</Name>
		<Primitive ID="Ar0580000" BOX="24 124 811 181" ELEMENT_TYPE="Content" SEQ_NO="0" TOC_ENTRY_ID="75" DEPTH_LEVEL="1"/>
		<Primitive ID="Ar0580001" BOX="24 181 811 235" ELEMENT_TYPE="Content" SEQ_NO="1" TOC_ENTRY_ID="75" DEPTH_LEVEL="1"/>
		<Primitive ID="Ar0580002" BOX="24 227 811 279" ELEMENT_TYPE="Content" SEQ_NO="2" TOC_ENTRY_ID="75" DEPTH_LEVEL="1"/>
		<Primitive ID="Ar0580003" BOX="24 271 811 324" ELEMENT_TYPE="Content" SEQ_NO="3" TOC_ENTRY_ID="75" DEPTH_LEVEL="1"/>
		<Primitive ID="Ar0580004" BOX="24 315 811 367" ELEMENT_TYPE="Content" SEQ_NO="4" TOC_ENTRY_ID="75" DEPTH_LEVEL="1"/>
		<Primitive ID="Ar0580005" BOX="24 359 811 412" ELEMENT_TYPE="Content" SEQ_NO="5" TOC_ENTRY_ID="75" DEPTH_LEVEL="1"/>
		<Primitive ID="Ar0580006" BOX="24 406 811 455" ELEMENT_TYPE="Content" SEQ_NO="6" TOC_ENTRY_ID="75" DEPTH_LEVEL="1"/>
		<Primitive ID="Ar0580007" BOX="24 448 811 499" ELEMENT_TYPE="Content" SEQ_NO="7" TOC_ENTRY_ID="75" DEPTH_LEVEL="1"/>
		<Primitive ID="Ar0580008" BOX="24 492 811 543" ELEMENT_TYPE="Content" SEQ_NO="8" TOC_ENTRY_ID="75" DEPTH_LEVEL="1"/>
		<Primitive ID="Ar0580009" BOX="24 536 811 587" ELEMENT_TYPE="Content" SEQ_NO="9" TOC_ENTRY_ID="75" DEPTH_LEVEL="1"/>
		<Primitive ID="Ar0580010" BOX="24 581 811 632" ELEMENT_TYPE="Content" SEQ_NO="10" TOC_ENTRY_ID="75" DEPTH_LEVEL="1"/>
		<Primitive ID="Ar0580011" BOX="24 626 811 677" ELEMENT_TYPE="Content" SEQ_NO="11" TOC_ENTRY_ID="75" DEPTH_LEVEL="1"/>
		<Primitive ID="Ar0580012" BOX="24 677 811 705" ELEMENT_TYPE="Content" SEQ_NO="12" TOC_ENTRY_ID="75" DEPTH_LEVEL="1"/>
	</Entity>
	<Entity ENTITY_TYPE="Article" FIRST_TOC_ENTRY_ID="74" INDEX_IN_DOC="125" DEPTH_LEVEL="1" ID="Ar05801" SIZE="Medium" BOX="24 12 811 124" NEXT_SECTION="" PREV_SECTION="1" IMAGES_RESOLUTION="86" LOGICAL_NAME="true">
		<Name>180 NOTICES OF BOOKS.</Name>
		<Primitive ID="Ar0580100" BOX="24 12 811 124" ELEMENT_TYPE="Content" SEQ_NO="0" TOC_ENTRY_ID="74" DEPTH_LEVEL="1"/>
	</Entity>
	<Entity ENTITY_TYPE="Article" FIRST_TOC_ENTRY_ID="76" INDEX_IN_DOC="127" DEPTH_LEVEL="1" ID="Ar05802" SIZE="XLarge" BOX="24 705 811 1214" NEXT_SECTION="" PREV_SECTION="1" CONTINUATION_TO="Ar05900" IMAGES_RESOLUTION="86" LOGICAL_NAME="true">
		<Name>4.�TJie National Magazine. January, Febr...</Name>
		<Primitive ID="Ar0580200" BOX="24 705 811 773" ELEMENT_TYPE="Content" SEQ_NO="0" TOC_ENTRY_ID="76" DEPTH_LEVEL="1"/>
		<Primitive ID="Ar0580201" BOX="24 773 811 828" ELEMENT_TYPE="Content" SEQ_NO="1" TOC_ENTRY_ID="76" DEPTH_LEVEL="1"/>
		<Primitive ID="Ar0580202" BOX="24 821 811 871" ELEMENT_TYPE="Content" SEQ_NO="2" TOC_ENTRY_ID="76" DEPTH_LEVEL="1"/>
		<Primitive ID="Ar0580203" BOX="24 865 811 916" ELEMENT_TYPE="Content" SEQ_NO="3" TOC_ENTRY_ID="76" DEPTH_LEVEL="1"/>
		<Primitive ID="Ar0580204" BOX="24 910 811 961" ELEMENT_TYPE="Content" SEQ_NO="4" TOC_ENTRY_ID="76" DEPTH_LEVEL="1"/>
		<Primitive ID="Ar0580205" BOX="24 954 811 1004" ELEMENT_TYPE="Content" SEQ_NO="5" TOC_ENTRY_ID="76" DEPTH_LEVEL="1"/>
		<Primitive ID="Ar0580206" BOX="24 998 811 1048" ELEMENT_TYPE="Content" SEQ_NO="6" TOC_ENTRY_ID="76" DEPTH_LEVEL="1"/>
		<Primitive ID="Ar0580207" BOX="24 1044 811 1094" ELEMENT_TYPE="Content" SEQ_NO="7" TOC_ENTRY_ID="76" DEPTH_LEVEL="1"/>
		<Primitive ID="Ar0580208" BOX="24 1089 811 1139" ELEMENT_TYPE="Content" SEQ_NO="8" TOC_ENTRY_ID="76" DEPTH_LEVEL="1"/>
		<Primitive ID="Ar0580209" BOX="24 1139 811 1214" ELEMENT_TYPE="Content" SEQ_NO="9" TOC_ENTRY_ID="76" DEPTH_LEVEL="1"/>
	</Entity>
</XMD-PAGE>