<?xml version="1.0" encoding="windows-1252" standalone="no"?>
<XMD-entity REPOSITORY_FORMAT="1.0" PRXML_VER="2.0" ENTITY_TYPE="Article" FIRST_TOC_ENTRY_ID="18" DEPTH_LEVEL="1" INDEX_IN_DOC="33" PAGE_NO="16" ID="Ar01600" BOX="24 90 829 1219" LANGUAGE="English" CONTINUATION_TO="Ar01700" CONTINUATION_FROM="Ar01500" LOGICAL_NAME="true">
	<Meta NAME=". at A few This High days institution ga..." DESCRIPTION="" SUBTYPE="" BASE_HREF="EWJ/1858/03/01" SOURCE_TYPE="TIFF" PUBLICATION="EWJ" SECTION="None" ISSUE_DATE="01/03/1858" WORDCNT="584" RELEASE_NO="041-EWJ-1858-03-01-001-SINGLE" PAGE_ID="" PAGE_TYPE="Single" PAGE_WIDTH="842" PAGE_HEIGHT="1244" DEFAULT_IMG_EXT="png" PDF_DESTINATION_MAPPED="OLV0_Entity_0016_0001" IMAGES_RESOLUTION="86" XMD_VER="2.6.238.8" PAGE_LABEL="16"/>
	<Link SOURCE="041-EWJ-1858-03-01-001-SINGLE.PDF" FIRST_ID="Ar00200" LAST_ID="Ar07201" NEXT_ID="Ar01601" PREV_ID="" TOC_ID="d:/Olive/Repository/EWJ/1858/03/01/TOC.xml"/>
	<DataFiles>
		<Files TYPE="DOC_PDF" PRESENT="1"/>
		<Files TYPE="PAGE_PDF" PRESENT="0"/>
		<Files TYPE="DOC_IMG" PRESENT="0"/>
		<Files TYPE="PAGE_IMG" PRESENT="0"/>
		<Files TYPE="PAGE_VIEW_IMG" PRESENT="1"/>
		<Files TYPE="PAGE_PREVIEW_IMG" PRESENT="1"/>
		<Files TYPE="PRIMITIVE_IMG" PRESENT="1"/>
		<Files TYPE="SNIPPET_IMG" PRESENT="1"/>
	</DataFiles>
	<Content>
		<Primitive BOX="24 90 829 143" ID="Ar0160000" SEQ_NO="0" TOC_ENTRY_ID="18" DEPTH_LEVEL="1">
			<L BOX="80 89 793 118"/>
			<W BOX="80 90 169 118" STYLE_REF="5" NS="y">elegance</W>
			<W BOX="169 90 175 118" STYLE_REF="5">.</W>
			<W BOX="200 90 259 118" STYLE_REF="5">Sister</W>
			<W BOX="268 90 286 118" STYLE_REF="5" NS="y">A</W>
			<W BOX="286 90 292 118" STYLE_REF="5">.</W>
			<W BOX="300 90 340 118" STYLE_REF="5">said</W>
			<W BOX="355 90 395 118" STYLE_REF="5">this</W>
			<W BOX="408 90 447 118" STYLE_REF="5">was</W>
			<W BOX="459 90 492 118" STYLE_REF="5">the</W>
			<W BOX="505 89 558 118" STYLE_REF="5">work</W>
			<W BOX="571 89 589 118" STYLE_REF="5">of</W>
			<W BOX="603 89 637 118" STYLE_REF="5">the</W>
			<Q BOX="647 89 662 118" STYLE_REF="5" QID="1">g</Q>
			<q BOX="661 89 694 118" STYLE_REF="5" QID="1">irls</q>
			<QW QID="1">girls</QW>
			<W BOX="707 89 729 118" STYLE_REF="5">in</W>
			<W BOX="741 90 793 118" STYLE_REF="5">spare</W>
			<L BOX="79 111 794 142"/>
			<Q BOX="79 116 129 141" STYLE_REF="14" QID="2">mom</Q>
			<Q BOX="130 114 141 142" STYLE_REF="5" QID="2">e</Q>
			<Q BOX="140 116 153 141" STYLE_REF="14" QID="2">n</Q>
			<Q BOX="153 114 161 142" STYLE_REF="5" QID="2">t</Q>
			<Q BOX="162 116 172 141" STYLE_REF="14" QID="2">s</Q>
			<q BOX="184 113 221 142" STYLE_REF="5" QID="2">and</q>
			<QW QID="2">momentsand</QW>
			<W BOX="234 113 285 142" STYLE_REF="5">upon</W>
			<W BOX="298 113 362 142" STYLE_REF="5" NS="y">Saints</W>
			<W BOX="363 113 370 141" STYLE_REF="5" NS="y">'</W>
			<Q BOX="368 113 376 141" STYLE_REF="5" LH="y" QID="3">-</Q>
			<q BOX="376 113 421 141" STYLE_REF="5" QID="3">days</q>
			<QW QID="3">-days</QW>
			<W BOX="433 113 470 141" STYLE_REF="5">and</W>
			<W BOX="484 113 571 141" STYLE_REF="5" NS="y">holidays</W>
			<W BOX="572 113 577 141" STYLE_REF="5">,</W>
			<W BOX="586 113 622 141" STYLE_REF="5">and</W>
			<Q BOX="636 111 643 140" STYLE_REF="5" LH="y" QID="4">-</Q>
			<q BOX="641 111 674 140" STYLE_REF="5" QID="4">was</q>
			<QW QID="4">-was</QW>
			<W BOX="687 113 737 141" STYLE_REF="5">their</W>
			<Q BOX="749 113 780 141" STYLE_REF="5" QID="5">onl</Q>
			<q BOX="780 114 794 142" STYLE_REF="5" QID="5">y</q>
			<QW QID="5">only</QW>
		</Primitive>
		<Primitive BOX="24 136 829 188" ID="Ar0160001" SEQ_NO="1" TOC_ENTRY_ID="18" DEPTH_LEVEL="1">
			<L BOX="80 115 794 168"/>
			<W BOX="80 139 95 168" STYLE_REF="5" NS="y">"</W>
			<Q BOX="98 137 154 165" STYLE_REF="5" QID="6">fancy</Q>
			<Q BOX="154 137 162 165" STYLE_REF="5" LH="y" QID="6">-</Q>
			<q BOX="162 137 214 165" STYLE_REF="5" QID="6">work</q>
			<QW QID="6">fancy-work</QW>
			<W BOX="171 115 176 143" STYLE_REF="5">,</W>
			<W BOX="215 136 221 165" STYLE_REF="5" NS="y">,</W>
			<W BOX="222 136 232 165" STYLE_REF="5">"</W>
			<W BOX="245 137 281 165" STYLE_REF="5">and</W>
			<W BOX="294 137 334 165" STYLE_REF="5">also</W>
			<W BOX="345 137 356 165" STYLE_REF="5">a</W>
			<W BOX="369 137 422 165" STYLE_REF="5">great</W>
			<Q BOX="434 136 473 165" STYLE_REF="5" QID="7">deli</Q>
			<Q BOX="473 137 487 165" STYLE_REF="5" QID="7">g</Q>
			<q BOX="486 136 511 164" STYLE_REF="5" NS="y" QID="7">ht</q>
			<QW QID="7">delight</QW>
			<W BOX="511 136 519 164" STYLE_REF="5">;</W>
			<W BOX="532 136 584 164" STYLE_REF="5">some</W>
			<W BOX="596 136 614 164" STYLE_REF="5">of</W>
			<W BOX="628 136 680 164" STYLE_REF="5">them</W>
			<W BOX="693 136 794 164" STYLE_REF="5">executing</W>
			<L BOX="78 160 794 188"/>
			<W BOX="78 160 117 188" STYLE_REF="5">this</W>
			<Q BOX="125 160 162 188" STYLE_REF="5" QID="8">leaf</Q>
			<Q BOX="162 160 170 188" STYLE_REF="5" LH="y" QID="8">-</Q>
			<q BOX="170 160 284 188" STYLE_REF="5" QID="8">embroidery</q>
			<QW QID="8">leaf-embroidery</QW>
			<W BOX="291 160 340 188" STYLE_REF="5">with</W>
			<W BOX="347 160 404 188" STYLE_REF="5">much</W>
			<W BOX="411 160 520 188" STYLE_REF="5">expertness</W>
			<W BOX="528 160 566 188" STYLE_REF="5">and</W>
			<W BOX="572 160 619 188" STYLE_REF="5" NS="y">taste</W>
			<W BOX="620 160 625 188" STYLE_REF="5">.</W>
			<W BOX="643 160 660 188" STYLE_REF="5">A</W>
			<W BOX="665 160 732 188" STYLE_REF="5">square</W>
			<Q BOX="741 160 784 188" STYLE_REF="5" QID="9">aper</Q>
			<Q BOX="784 160 794 188" STYLE_REF="5" QID="9">-</Q>
		</Primitive>
		<Primitive BOX="24 183 829 236" ID="Ar0160002" SEQ_NO="2" TOC_ENTRY_ID="18" DEPTH_LEVEL="1">
			<L BOX="77 183 794 212"/>
			<q BOX="77 184 121 212" STYLE_REF="5" QID="9">ture</q>
			<QW QID="9">aperture</QW>
			<W BOX="129 184 149 212" STYLE_REF="5">in</W>
			<W BOX="157 184 191 212" STYLE_REF="5">the</W>
			<Q BOX="199 184 257 212" STYLE_REF="5" QID="10">Sister</Q>
			<Q BOX="259 183 266 212" STYLE_REF="5" QID="10">'</Q>
			<q BOX="264 183 273 212" STYLE_REF="5" QID="10">s</q>
			<QW QID="10">Sister's</QW>
			<W BOX="281 183 332 212" STYLE_REF="5">room</W>
			<W BOX="342 183 414 212" STYLE_REF="5">opened</W>
			<W BOX="423 183 464 212" STYLE_REF="5">into</W>
			<W BOX="472 183 506 212" STYLE_REF="5">the</W>
			<W BOX="515 183 619 212" STYLE_REF="5" NS="y">dormitory</W>
			<W BOX="619 183 626 212" STYLE_REF="5">,</W>
			<W BOX="634 183 679 211" STYLE_REF="5">thus</W>
			<Q BOX="686 183 759 211" STYLE_REF="5" QID="11">convey</Q>
			<q BOX="760 184 794 212" STYLE_REF="5" QID="11">ing</q>
			<QW QID="11">conveying</QW>
			<L BOX="78 207 792 236"/>
			<W BOX="78 207 103 236" STYLE_REF="5">all</W>
			<W BOX="111 207 181 236" STYLE_REF="5">sounds</W>
			<W BOX="188 207 209 236" STYLE_REF="5">to</W>
			<W BOX="216 207 251 236" STYLE_REF="5">her</W>
			<W BOX="263 207 355 236" STYLE_REF="5">attentive</W>
			<W BOX="369 207 400 236" STYLE_REF="5" NS="y">ear</W>
			<W BOX="401 207 406 235" STYLE_REF="5">,</W>
			<W BOX="415 207 463 235" STYLE_REF="5">even</W>
			<W BOX="472 207 527 235" STYLE_REF="5">when</W>
			<W BOX="540 207 575 235" STYLE_REF="5">the</W>
			<W BOX="583 207 637 235" STYLE_REF="5">walls</W>
			<W BOX="647 207 743 235" STYLE_REF="5">separated</W>
			<W BOX="758 207 792 235" STYLE_REF="5">her</W>
		</Primitive>
		<Primitive BOX="24 231 829 282" ID="Ar0160003" SEQ_NO="3" TOC_ENTRY_ID="18" DEPTH_LEVEL="1">
			<L BOX="77 231 368 259"/>
			<W BOX="77 231 178 259" STYLE_REF="5">otherwise</W>
			<W BOX="184 231 230 259" STYLE_REF="5">from</W>
			<W BOX="240 231 275 259" STYLE_REF="5">her</W>
			<W BOX="283 231 362 259" STYLE_REF="5" NS="y">charges</W>
			<W BOX="362 231 368 259" STYLE_REF="5">.</W>
			<L BOX="101 253 790 282"/>
			<W BOX="101 254 141 282" STYLE_REF="5">The</W>
			<W BOX="150 254 252 282" STYLE_REF="5">dormitory</W>
			<W BOX="261 254 300 282" STYLE_REF="5">was</W>
			<W BOX="305 254 316 282" STYLE_REF="5">a</W>
			<W BOX="325 254 377 282" STYLE_REF="5">large</W>
			<W BOX="384 253 470 282" STYLE_REF="5">chamber</W>
			<W BOX="476 253 589 282" STYLE_REF="5">subdivided</W>
			<W BOX="597 253 638 282" STYLE_REF="5">into</W>
			<W BOX="646 253 703 282" STYLE_REF="5">about</W>
			<W BOX="711 253 722 282" STYLE_REF="5">a</W>
			<W BOX="731 253 790 282" STYLE_REF="5">dozen</W>
		</Primitive>
		<Primitive BOX="24 276 829 329" ID="Ar0160004" SEQ_NO="4" TOC_ENTRY_ID="18" DEPTH_LEVEL="1">
			<L BOX="76 276 790 306"/>
			<W BOX="76 278 158 306" STYLE_REF="5">cubicles</W>
			<W BOX="173 278 194 306" STYLE_REF="5">or</W>
			<W BOX="210 278 265 306" STYLE_REF="5">small</W>
			<Q BOX="278 278 330 306" STYLE_REF="5" QID="12">sleep</Q>
			<q BOX="330 277 364 305" STYLE_REF="5" QID="12">ing</q>
			<QW QID="12">sleeping</QW>
			<W BOX="377 277 491 305" STYLE_REF="5">apartments</W>
			<W BOX="503 277 530 305" STYLE_REF="5">by</W>
			<W BOX="543 277 620 305" STYLE_REF="5">wooden</W>
			<Q BOX="637 277 650 305" STYLE_REF="5" QID="13">p</Q>
			<Q BOX="650 276 700 305" STYLE_REF="5" QID="13">artiti</Q>
			<q BOX="703 276 737 305" STYLE_REF="5" QID="13">ons</q>
			<QW QID="13">partitions</QW>
			<W BOX="754 277 790 305" STYLE_REF="5">and</W>
			<L BOX="76 300 791 329"/>
			<W BOX="76 301 130 329" STYLE_REF="5">doors</W>
			<W BOX="139 301 202 329" STYLE_REF="5">which</W>
			<W BOX="213 301 255 329" STYLE_REF="5">rose</W>
			<W BOX="266 301 334 329" STYLE_REF="5">within</W>
			<W BOX="346 301 357 329" STYLE_REF="5">a</W>
			<W BOX="370 301 406 329" STYLE_REF="5">few</W>
			<W BOX="414 301 451 329" STYLE_REF="5">feet</W>
			<W BOX="464 300 482 328" STYLE_REF="5">of</W>
			<W BOX="495 300 529 328" STYLE_REF="5">the</W>
			<W BOX="542 300 620 328" STYLE_REF="5" M="8 * ">_ceilings</W>
			<Q BOX="627 300 662 328" STYLE_REF="5" QID="14">thu</Q>
			<q BOX="663 300 672 328" STYLE_REF="5" QID="14">s</q>
			<QW QID="14">thus</QW>
			<W BOX="684 300 791 329" STYLE_REF="5">producing</W>
		</Primitive>
		<Primitive BOX="24 323 829 376" ID="Ar0160005" SEQ_NO="5" TOC_ENTRY_ID="18" DEPTH_LEVEL="1">
			<L BOX="74 323 788 353"/>
			<W BOX="74 325 154 353" STYLE_REF="5">privacy</W>
			<W BOX="162 325 182 353" STYLE_REF="5">to</W>
			<W BOX="190 324 236 353" STYLE_REF="5">each</W>
			<W BOX="245 324 334 352" STYLE_REF="5">occupant</W>
			<W BOX="350 324 368 352" STYLE_REF="5">of</W>
			<W BOX="381 324 415 352" STYLE_REF="5">the</W>
			<W BOX="428 323 502 352" STYLE_REF="5" NS="y">cubicle</W>
			<W BOX="503 323 508 351" STYLE_REF="5">,</W>
			<W BOX="517 323 555 351" STYLE_REF="5">and</W>
			<W BOX="563 323 596 351" STYLE_REF="5">not</W>
			<W BOX="610 323 723 351" STYLE_REF="5">preventing</W>
			<W BOX="731 324 742 352" STYLE_REF="5">a</W>
			<W BOX="750 324 788 352" STYLE_REF="5">free</W>
			<L BOX="75 347 793 376"/>
			<W BOX="75 348 185 376" STYLE_REF="5">circulation</W>
			<W BOX="199 348 217 376" STYLE_REF="5">of</W>
			<W BOX="232 348 260 376" STYLE_REF="5" NS="y">air</W>
			<W BOX="260 348 266 376" STYLE_REF="5">.</W>
			<W BOX="290 348 324 376" STYLE_REF="5">All</W>
			<W BOX="338 348 383 376" STYLE_REF="5">here</W>
			<W BOX="395 347 435 375" STYLE_REF="5">was</W>
			<W BOX="449 347 492 375" STYLE_REF="5" NS="y">scru</W>
			<W BOX="492 347 497 375" STYLE_REF="5" NS="y" M="1 * ">_|</W>
			<W BOX="497 347 511 375" STYLE_REF="5" NS="y" M="1 * ">_3</W>
			<Q BOX="508 347 571 375" STYLE_REF="5" QID="15">ulousl</Q>
			<q BOX="568 347 581 375" STYLE_REF="5" QID="15">y</q>
			<QW QID="15">ulously</QW>
			<W BOX="596 347 649 375" STYLE_REF="5" NS="y">clean</W>
			<W BOX="655 347 660 375" STYLE_REF="5">;</W>
			<W BOX="677 347 723 375" STYLE_REF="5">each</W>
			<W BOX="737 347 793 375" STYLE_REF="5">little</W>
		</Primitive>
		<Primitive BOX="24 370 829 423" ID="Ar0160006" SEQ_NO="6" TOC_ENTRY_ID="18" DEPTH_LEVEL="1">
			<L BOX="73 370 789 400"/>
			<W BOX="73 371 116 400" STYLE_REF="5">iron</W>
			<W BOX="128 371 216 400" STYLE_REF="5">bedstead</W>
			<W BOX="229 371 282 400" STYLE_REF="5">stood</W>
			<Q BOX="296 371 341 400" STYLE_REF="5" QID="16">cove</Q>
			<Q BOX="342 370 361 398" STYLE_REF="5" QID="16">re</Q>
			<q BOX="362 370 374 398" STYLE_REF="5" QID="16">d</q>
			<QW QID="16">covered</QW>
			<W BOX="383 370 430 398" STYLE_REF="5">with</W>
			<W BOX="442 370 467 398" STYLE_REF="5">its</W>
			<W BOX="479 370 567 398" STYLE_REF="5">mattress</W>
			<W BOX="580 370 616 398" STYLE_REF="5">and</W>
			<Q BOX="627 370 659 398" STYLE_REF="5" QID="17">blu</Q>
			<q BOX="661 370 671 398" STYLE_REF="5" QID="17">e</q>
			<QW QID="17">blue</QW>
			<W BOX="684 370 720 398" STYLE_REF="5">and</W>
			<W BOX="730 370 789 398" STYLE_REF="5">white</W>
			<L BOX="73 393 788 423"/>
			<W BOX="73 394 155 423" STYLE_REF="5">checked</W>
			<W BOX="169 394 250 423" STYLE_REF="5" NS="y">coverlet</W>
			<W BOX="256 394 262 423" STYLE_REF="5">;</W>
			<W BOX="274 394 374 423" STYLE_REF="5">apparatus</W>
			<W BOX="386 393 414 422" STYLE_REF="5">for</W>
			<W BOX="422 393 509 422" STYLE_REF="5">washing</W>
			<W BOX="518 393 608 422" STYLE_REF="5">standing</W>
			<Q BOX="621 393 634 422" STYLE_REF="5" QID="18">b</Q>
			<q BOX="633 394 646 422" STYLE_REF="5" QID="18">y</q>
			<QW QID="18">by</QW>
			<W BOX="654 394 700 422" STYLE_REF="5">each</W>
			<W BOX="709 394 746 422" STYLE_REF="5" NS="y">bed</W>
			<W BOX="746 394 752 422" STYLE_REF="5">.</W>
			<W BOX="776 394 788 422" STYLE_REF="5">I</W>
		</Primitive>
		<Primitive BOX="24 416 829 472" ID="Ar0160007" SEQ_NO="7" TOC_ENTRY_ID="18" DEPTH_LEVEL="1">
			<L BOX="72 416 786 446"/>
			<W BOX="72 418 147 446" STYLE_REF="5">noticed</W>
			<W BOX="156 418 215 446" STYLE_REF="5">above</W>
			<W BOX="224 418 296 446" STYLE_REF="5">several</W>
			<W BOX="305 418 323 446" STYLE_REF="5">of</W>
			<W BOX="337 417 370 445" STYLE_REF="5">the</W>
			<W BOX="378 417 424 445" STYLE_REF="5">beds</W>
			<W BOX="432 417 486 445" STYLE_REF="5">those</W>
			<Q BOX="494 417 532 445" STYLE_REF="5" QID="19">littl</Q>
			<q BOX="535 416 546 445" STYLE_REF="5" QID="19">e</q>
			<QW QID="19">little</QW>
			<Q BOX="556 416 592 445" STYLE_REF="5" QID="20">reli</Q>
			<Q BOX="592 418 606 446" STYLE_REF="5" QID="20">g</Q>
			<q BOX="605 416 646 445" STYLE_REF="5" QID="20">ious</q>
			<QW QID="20">religious</QW>
			<W BOX="654 417 716 445" STYLE_REF="5">prints</W>
			<Q BOX="724 417 774 445" STYLE_REF="5" QID="21">calle</Q>
			<q BOX="773 418 786 446" STYLE_REF="5" QID="21">d</q>
			<QW QID="21">called</QW>
			<L BOX="72 440 787 472"/>
			<W BOX="72 442 92 470" STYLE_REF="5">in</W>
			<W BOX="100 442 172 470" STYLE_REF="5">France</W>
			<W BOX="186 444 197 472" STYLE_REF="5">"</W>
			<W BOX="205 441 276 470" STYLE_REF="5" NS="y">images</W>
			<W BOX="276 441 283 469" STYLE_REF="5" NS="y">,</W>
			<W BOX="282 442 292 470" STYLE_REF="5">"</W>
			<W BOX="305 441 343 469" STYLE_REF="5">and</W>
			<Q BOX="355 441 360 469" STYLE_REF="5" QID="22">'</Q>
			<q BOX="358 441 418 469" STYLE_REF="5" NS="y" QID="22">which</q>
			<QW QID="22">'which</QW>
			<W BOX="420 440 425 468" STYLE_REF="5">,</W>
			<Q BOX="433 440 493 469" STYLE_REF="5" QID="23">thoug</Q>
			<q BOX="493 440 505 468" STYLE_REF="5" QID="23">h</q>
			<QW QID="23">though</QW>
			<Q BOX="520 440 632 468" STYLE_REF="5" QID="24">occasionall</Q>
			<q BOX="633 440 647 469" STYLE_REF="5" QID="24">y</q>
			<QW QID="24">occasionally</QW>
			<W BOX="659 440 780 469" STYLE_REF="5" NS="y">sentimental</W>
			<W BOX="781 440 787 468" STYLE_REF="5">,</W>
		</Primitive>
		<Primitive BOX="24 464 829 517" ID="Ar0160008" SEQ_NO="8" TOC_ENTRY_ID="18" DEPTH_LEVEL="1">
			<L BOX="71 464 786 494"/>
			<Q BOX="71 465 164 494" STYLE_REF="5" QID="25">frequentl</Q>
			<q BOX="166 465 178 494" STYLE_REF="5" QID="25">y</q>
			<QW QID="25">frequently</QW>
			<W BOX="187 465 226 493" STYLE_REF="5">also</W>
			<W BOX="237 465 287 493" STYLE_REF="5">have</W>
			<W BOX="294 465 305 493" STYLE_REF="5">a</W>
			<W BOX="313 465 397 493" STYLE_REF="5">peculiar</W>
			<W BOX="411 464 472 492" STYLE_REF="5">sacred</W>
			<W BOX="487 464 542 492" STYLE_REF="5">grace</W>
			<W BOX="556 464 613 492" STYLE_REF="5">about</W>
			<W BOX="621 464 674 492" STYLE_REF="5" NS="y">them</W>
			<W BOX="675 464 680 492" STYLE_REF="5">.</W>
			<W BOX="705 464 766 492" STYLE_REF="5">These</W>
			<W BOX="774 465 786 493" STYLE_REF="5">I</W>
			<L BOX="71 487 786 517"/>
			<Q BOX="71 489 149 517" STYLE_REF="5" QID="26">observe</Q>
			<q BOX="150 489 162 517" STYLE_REF="5" QID="26">d</q>
			<QW QID="26">observed</QW>
			<W BOX="174 489 212 517" STYLE_REF="5">had</W>
			<W BOX="224 489 271 517" STYLE_REF="5">been</W>
			<W BOX="281 488 325 516" STYLE_REF="5">well</W>
			<W BOX="338 488 419 516" STYLE_REF="5" NS="y">selected</W>
			<W BOX="426 488 431 516" STYLE_REF="5">;</W>
			<W BOX="439 488 486 516" STYLE_REF="5">they</W>
			<W BOX="494 487 531 516" STYLE_REF="5">had</W>
			<W BOX="544 487 592 516" STYLE_REF="5">been</W>
			<Q BOX="603 487 618 516" STYLE_REF="5" QID="27">g</Q>
			<q BOX="616 487 660 516" STYLE_REF="5" QID="27">iven</q>
			<QW QID="27">given</QW>
			<W BOX="669 487 689 516" STYLE_REF="5">to</W>
			<W BOX="696 487 730 516" STYLE_REF="5">the</W>
			<Q BOX="737 489 752 517" STYLE_REF="5" QID="28">g</Q>
			<Q BOX="750 488 775 516" STYLE_REF="5" QID="28">irl</Q>
			<q BOX="775 488 786 516" STYLE_REF="5" QID="28">s</q>
			<QW QID="28">girls</QW>
		</Primitive>
		<Primitive BOX="24 510 829 564" ID="Ar0160009" SEQ_NO="9" TOC_ENTRY_ID="18" DEPTH_LEVEL="1">
			<L BOX="70 510 784 541"/>
			<Q BOX="70 513 83 541" STYLE_REF="5" QID="29">b</Q>
			<q BOX="82 512 95 541" STYLE_REF="5" QID="29">y</q>
			<QW QID="29">by</QW>
			<W BOX="104 512 138 541" STYLE_REF="5">the</W>
			<W BOX="150 511 215 539" STYLE_REF="5">Sisters</W>
			<W BOX="229 511 266 539" STYLE_REF="5">and</W>
			<W BOX="279 511 355 539" STYLE_REF="5" NS="y">visitors</W>
			<W BOX="357 511 362 539" STYLE_REF="5">.</W>
			<W BOX="387 511 427 539" STYLE_REF="5">One</W>
			<Q BOX="440 510 550 539" STYLE_REF="5" QID="30">particularl</Q>
			<q BOX="551 511 564 539" STYLE_REF="5" QID="30">y</q>
			<QW QID="30">particularly</QW>
			<Q BOX="577 511 616 539" STYLE_REF="5" QID="31">stru</Q>
			<q BOX="617 511 640 539" STYLE_REF="5" QID="31">ck</q>
			<QW QID="31">struck</QW>
			<W BOX="653 511 684 539" STYLE_REF="5" NS="y">me</W>
			<W BOX="684 511 690 539" STYLE_REF="5">.</W>
			<W BOX="714 511 733 539" STYLE_REF="5">It</W>
			<W BOX="745 511 784 539" STYLE_REF="5">was</W>
			<L BOX="70 534 781 564"/>
			<W BOX="70 535 103 564" STYLE_REF="5">not</W>
			<W BOX="110 535 147 564" STYLE_REF="5">bad</W>
			<W BOX="156 535 176 564" STYLE_REF="5">in</W>
			<W BOX="185 535 209 564" STYLE_REF="5">an</W>
			<Q BOX="216 534 276 563" STYLE_REF="5" QID="32">artisti</Q>
			<q BOX="278 534 288 563" STYLE_REF="5" QID="32">c</q>
			<QW QID="32">artistic</QW>
			<W BOX="296 534 350 563" STYLE_REF="5">point</W>
			<W BOX="359 534 377 563" STYLE_REF="5">of</W>
			<W BOX="385 534 435 563" STYLE_REF="5" NS="y">view</W>
			<W BOX="436 534 441 562" STYLE_REF="5">,</W>
			<W BOX="450 534 486 562" STYLE_REF="5">and</W>
			<W BOX="494 534 528 562" STYLE_REF="5">the</W>
			<W BOX="536 534 639 562" STYLE_REF="5">sentiment</W>
			<W BOX="647 534 686 562" STYLE_REF="5">was</W>
			<W BOX="693 534 781 562" STYLE_REF="5">affecting</W>
		</Primitive>
		<Primitive BOX="24 558 829 611" ID="Ar0160010" SEQ_NO="10" TOC_ENTRY_ID="18" DEPTH_LEVEL="1">
			<L BOX="69 558 782 587"/>
			<W BOX="69 559 126 587" STYLE_REF="5">when</W>
			<W BOX="137 559 175 587" STYLE_REF="5">you</W>
			<W BOX="187 559 243 587" STYLE_REF="5">knew</W>
			<W BOX="256 558 297 587" STYLE_REF="5">that</W>
			<W BOX="305 558 320 587" STYLE_REF="5">it</W>
			<W BOX="329 558 366 587" STYLE_REF="5">had</W>
			<W BOX="377 558 424 587" STYLE_REF="5">been</W>
			<Q BOX="438 558 450 587" STYLE_REF="5" QID="33">p</Q>
			<q BOX="451 558 502 586" STYLE_REF="5" QID="33">laced</q>
			<QW QID="33">placed</QW>
			<Q BOX="512 558 525 586" STYLE_REF="5" QID="34">b</Q>
			<q BOX="524 558 538 586" STYLE_REF="5" QID="34">y</q>
			<QW QID="34">by</QW>
			<W BOX="546 558 580 586" STYLE_REF="5">the</W>
			<W BOX="588 558 648 586" STYLE_REF="5">hands</W>
			<W BOX="660 558 678 586" STYLE_REF="5">of</W>
			<W BOX="692 558 725 586" STYLE_REF="5">the</W>
			<W BOX="736 558 782 586" STYLE_REF="5">poor</W>
			<L BOX="68 581 782 611"/>
			<W BOX="68 583 155 611" STYLE_REF="5">penitent</W>
			<W BOX="166 583 225 611" STYLE_REF="5">above</W>
			<W BOX="236 582 271 611" STYLE_REF="5">her</W>
			<Q BOX="284 582 297 611" STYLE_REF="5" QID="35">p</Q>
			<q BOX="297 581 351 610" STYLE_REF="5" NS="y" QID="35">illow</q>
			<QW QID="35">pillow</QW>
			<W BOX="351 581 357 610" STYLE_REF="5">.</W>
			<W BOX="381 581 400 610" STYLE_REF="5">A</W>
			<W BOX="408 581 455 610" STYLE_REF="5">very</W>
			<W BOX="463 581 536 609" STYLE_REF="5">narrow</W>
			<Q BOX="545 581 587 609" STYLE_REF="5" QID="36">brid</Q>
			<q BOX="588 581 611 610" STYLE_REF="5" QID="36">ge</q>
			<QW QID="36">bridge</QW>
			<W BOX="624 581 707 609" STYLE_REF="5">spanned</W>
			<W BOX="715 581 726 609" STYLE_REF="5">a</W>
			<W BOX="735 582 782 610" STYLE_REF="5">deep</W>
		</Primitive>
		<Primitive BOX="24 604 829 657" ID="Ar0160011" SEQ_NO="11" TOC_ENTRY_ID="18" DEPTH_LEVEL="1">
			<L BOX="68 604 782 634"/>
			<W BOX="68 606 134 634" STYLE_REF="5" NS="y">chasm</W>
			<W BOX="134 606 140 634" STYLE_REF="5">.</W>
			<W BOX="164 606 182 634" STYLE_REF="5">A</W>
			<W BOX="190 606 224 634" STYLE_REF="5" NS="y">tall</W>
			<W BOX="225 606 230 634" STYLE_REF="5">,</W>
			<W BOX="239 605 373 633" STYLE_REF="5">commanding</W>
			<Q BOX="385 605 398 633" STYLE_REF="5" QID="37">fi</Q>
			<q BOX="399 605 444 633" STYLE_REF="5" QID="37">gure</q>
			<QW QID="37">figure</QW>
			<W BOX="458 604 476 633" STYLE_REF="5">of</W>
			<W BOX="490 604 555 633" STYLE_REF="5">Christ</W>
			<W BOX="568 604 683 633" STYLE_REF="5">approached</W>
			<W BOX="692 604 739 633" STYLE_REF="5">from</W>
			<W BOX="749 604 782 633" STYLE_REF="5">the</W>
			<L BOX="68 628 783 657"/>
			<W BOX="68 629 139 657" STYLE_REF="5">farther</W>
			<W BOX="148 629 189 657" STYLE_REF="5">side</W>
			<W BOX="196 629 277 657" STYLE_REF="5">towards</W>
			<W BOX="286 629 297 657" STYLE_REF="5">a</W>
			<Q BOX="304 629 319 657" STYLE_REF="5" QID="38">g</Q>
			<q BOX="317 628 342 657" STYLE_REF="5" QID="38">irl</q>
			<QW QID="38">girl</QW>
			<W BOX="350 628 395 657" STYLE_REF="5" NS="y">who</W>
			<W BOX="395 628 400 657" STYLE_REF="5">,</W>
			<W BOX="408 628 456 656" STYLE_REF="5">with</W>
			<W BOX="468 628 595 656" STYLE_REF="5">outstretched</W>
			<W BOX="609 628 659 656" STYLE_REF="5">arms</W>
			<W BOX="668 628 705 656" STYLE_REF="5">and</W>
			<W BOX="713 628 756 656" STYLE_REF="5">face</W>
			<W BOX="764 628 783 656" STYLE_REF="5">of</W>
		</Primitive>
		<Primitive BOX="24 649 829 705" ID="Ar0160012" SEQ_NO="12" TOC_ENTRY_ID="18" DEPTH_LEVEL="1">
			<L BOX="67 649 782 682"/>
			<W BOX="67 653 149 681" STYLE_REF="5" NS="y">anguish</W>
			<W BOX="150 653 155 681" STYLE_REF="5">,</W>
			<W BOX="170 653 181 682" STYLE_REF="6">p</W>
			<W BOX="170 649 173 677" STYLE_REF="6" LH="y">-</W>
			<W BOX="183 652 246 681" STYLE_REF="6">leaded</W>
			<W BOX="262 652 289 681" STYLE_REF="5">for</W>
			<W BOX="305 652 334 681" STYLE_REF="5" NS="y">aid</W>
			<W BOX="337 653 343 681" STYLE_REF="5">,</W>
			<Q BOX="358 652 402 680" STYLE_REF="5" QID="39">read</Q>
			<q BOX="402 652 416 680" STYLE_REF="5" QID="39">y</q>
			<QW QID="39">ready</QW>
			<W BOX="428 652 447 680" STYLE_REF="5">to</W>
			<W BOX="461 652 494 680" STYLE_REF="5">fall</W>
			<W BOX="507 651 528 680" STYLE_REF="5">as</W>
			<W BOX="540 651 575 680" STYLE_REF="5">she</W>
			<W BOX="587 651 664 680" STYLE_REF="5">stepped</W>
			<W BOX="680 651 737 680" STYLE_REF="5">along</W>
			<W BOX="749 652 782 680" STYLE_REF="5">the</W>
			<L BOX="66 675 780 704"/>
			<Q BOX="66 676 141 704" STYLE_REF="5" QID="40">narrow</Q>
			<q BOX="156 676 211 704" STYLE_REF="5" QID="40">dizzy</q>
			<QW QID="40">narrowdizzy</QW>
			<Q BOX="218 676 231 704" STYLE_REF="5" QID="41">p</Q>
			<q BOX="231 675 277 704" STYLE_REF="5" NS="y" QID="41">lank</q>
			<QW QID="41">plank</QW>
			<W BOX="277 675 283 704" STYLE_REF="5">.</W>
			<W BOX="306 675 392 704" STYLE_REF="5">Beneath</W>
			<W BOX="403 675 419 704" STYLE_REF="5" NS="y">it</W>
			<W BOX="420 675 425 703" STYLE_REF="5">,</W>
			<W BOX="434 675 448 703" STYLE_REF="5">if</W>
			<W BOX="462 675 472 703" STYLE_REF="5">I</W>
			<Q BOX="484 675 501 703" STYLE_REF="5" QID="42">ri</Q>
			<Q BOX="502 676 516 704" STYLE_REF="5" QID="42">g</Q>
			<Q BOX="514 675 542 703" STYLE_REF="5" QID="42">htl</Q>
			<q BOX="541 675 558 703" STYLE_REF="5" QID="42">y</q>
			<QW QID="42">rightly</QW>
			<W BOX="565 675 670 703" STYLE_REF="5" NS="y">remember</W>
			<W BOX="670 675 675 703" STYLE_REF="5">,</W>
			<W BOX="683 675 734 703" STYLE_REF="5">were</W>
			<W BOX="746 675 780 703" STYLE_REF="5">the</W>
		</Primitive>
		<Primitive BOX="24 698 829 751" ID="Ar0160013" SEQ_NO="13" TOC_ENTRY_ID="18" DEPTH_LEVEL="1">
			<L BOX="141 676 146 705"/>
			<W BOX="141 676 146 705" STYLE_REF="5">,</W>
			<L BOX="66 698 781 730"/>
			<W BOX="66 700 129 728" STYLE_REF="5" NS="y">words</W>
			<W BOX="130 700 135 728" STYLE_REF="5">,</W>
			<W BOX="144 702 155 730" STYLE_REF="5">"</W>
			<W BOX="160 699 198 728" STYLE_REF="5">Aid</W>
			<W BOX="207 699 237 728" STYLE_REF="5" NS="y">me</W>
			<W BOX="238 699 243 728" STYLE_REF="5">,</W>
			<W BOX="252 699 268 727" STYLE_REF="5">O</W>
			<W BOX="277 699 326 727" STYLE_REF="5" NS="y">Lord</W>
			<W BOX="329 699 334 728" STYLE_REF="5">,</W>
			<W BOX="342 699 362 727" STYLE_REF="5">or</W>
			<W BOX="371 699 381 727" STYLE_REF="5">I</W>
			<W BOX="389 699 454 727" STYLE_REF="5" NS="y">perish</W>
			<W BOX="454 699 461 727" STYLE_REF="5" NS="y">.</W>
			<W BOX="461 698 472 727" STYLE_REF="5">"</W>
			<W BOX="491 698 552 727" STYLE_REF="5">There</W>
			<W BOX="559 698 610 727" STYLE_REF="5">were</W>
			<W BOX="618 698 656 727" STYLE_REF="5">also</W>
			<Q BOX="665 698 697 727" STYLE_REF="5" QID="43">hol</Q>
			<q BOX="697 699 711 728" STYLE_REF="5" QID="43">y</q>
			<QW QID="43">holy</QW>
			<W BOX="717 699 781 728" STYLE_REF="5">words</W>
			<L BOX="66 722 779 751"/>
			<W BOX="66 723 102 751" STYLE_REF="5">and</W>
			<W BOX="111 723 208 751" STYLE_REF="5">sentences</W>
			<W BOX="221 723 347 751" STYLE_REF="5">embroidered</W>
			<W BOX="358 723 378 751" STYLE_REF="5">in</W>
			<W BOX="387 723 423 751" STYLE_REF="5">box</W>
			<W BOX="431 723 468 751" STYLE_REF="5">and</W>
			<W BOX="476 723 515 751" STYLE_REF="5">ilex</W>
			<W BOX="523 722 587 750" STYLE_REF="5">leaves</W>
			<W BOX="596 722 640 750" STYLE_REF="5">over</W>
			<W BOX="648 722 706 750" STYLE_REF="5">many</W>
			<W BOX="714 722 732 750" STYLE_REF="5">of</W>
			<W BOX="746 722 779 750" STYLE_REF="5">the</W>
		</Primitive>
		<Primitive BOX="24 745 829 798" ID="Ar0160014" SEQ_NO="14" TOC_ENTRY_ID="18" DEPTH_LEVEL="1">
			<L BOX="65 745 778 776"/>
			<W BOX="65 747 111 775" STYLE_REF="5" NS="y">beds</W>
			<W BOX="111 747 117 775" STYLE_REF="5">.</W>
			<W BOX="142 747 182 775" STYLE_REF="5">The</W>
			<Q BOX="195 747 209 775" STYLE_REF="5" QID="44">g</Q>
			<q BOX="209 746 242 775" STYLE_REF="5" QID="44">irls</q>
			<QW QID="44">girls</QW>
			<W BOX="250 746 326 775" STYLE_REF="5">become</W>
			<Q BOX="338 746 399 775" STYLE_REF="5" QID="45">greatl</Q>
			<q BOX="399 746 413 774" STYLE_REF="5" QID="45">y</q>
			<QW QID="45">greatly</QW>
			<W BOX="420 746 507 774" STYLE_REF="5">attached</W>
			<W BOX="515 745 535 773" STYLE_REF="5">to</W>
			<W BOX="543 745 594 773" STYLE_REF="5">their</W>
			<W BOX="609 747 620 776" STYLE_REF="5">"</W>
			<W BOX="627 745 711 774" STYLE_REF="5" NS="y">cubicles</W>
			<W BOX="713 745 719 774" STYLE_REF="5" NS="y">,</W>
			<W BOX="719 745 729 774" STYLE_REF="5">"</W>
			<W BOX="741 746 778 774" STYLE_REF="5">and</W>
			<L BOX="65 769 780 798"/>
			<W BOX="65 770 131 798" STYLE_REF="5">regard</W>
			<W BOX="140 770 174 798" STYLE_REF="5">the</W>
			<W BOX="181 770 258 798" STYLE_REF="5">privacy</W>
			<W BOX="268 770 304 798" STYLE_REF="5">and</W>
			<W BOX="317 770 370 798" STYLE_REF="5">sense</W>
			<W BOX="379 770 397 798" STYLE_REF="5">of</W>
			<W BOX="411 769 516 797" STYLE_REF="5">possession</W>
			<W BOX="528 769 584 797" STYLE_REF="5">there</W>
			<W BOX="595 769 672 797" STYLE_REF="5">enjoyed</W>
			<W BOX="684 769 704 797" STYLE_REF="5">as</W>
			<W BOX="715 769 752 797" STYLE_REF="5">one</W>
			<W BOX="760 770 780 798" STYLE_REF="5">of</W>
		</Primitive>
		<Primitive BOX="24 792 829 846" ID="Ar0160015" SEQ_NO="15" TOC_ENTRY_ID="18" DEPTH_LEVEL="1">
			<L BOX="64 792 779 822"/>
			<W BOX="64 794 113 822" STYLE_REF="5">their</W>
			<W BOX="121 794 201 822" STYLE_REF="5">greatest</W>
			<W BOX="210 793 310 821" STYLE_REF="5" NS="y">privileges</W>
			<W BOX="310 793 316 821" STYLE_REF="5">.</W>
			<W BOX="343 793 396 821" STYLE_REF="5">They</W>
			<W BOX="405 793 436 821" STYLE_REF="5">are</W>
			<W BOX="441 793 500 821" STYLE_REF="5">found</W>
			<Q BOX="508 792 569 820" STYLE_REF="5" QID="46">greatl</Q>
			<q BOX="569 793 583 822" STYLE_REF="5" QID="46">y</q>
			<QW QID="46">greatly</QW>
			<W BOX="589 792 608 821" STYLE_REF="5">to</W>
			<Q BOX="617 792 671 821" STYLE_REF="5" QID="47">devel</Q>
			<q BOX="672 793 695 821" STYLE_REF="5" QID="47">op</q>
			<QW QID="47">develop</QW>
			<W BOX="704 793 715 821" STYLE_REF="5">a</W>
			<W BOX="724 793 779 821" STYLE_REF="5">sense</W>
			<L BOX="64 814 358 846"/>
			<W BOX="64 817 82 846" STYLE_REF="5">of</W>
			<Q BOX="91 817 118 846" STYLE_REF="5" QID="48">sel</Q>
			<Q BOX="119 817 127 845" STYLE_REF="5" QID="48">f</Q>
			<Q BOX="127 817 135 845" STYLE_REF="5" LH="y" QID="48">-</Q>
			<q BOX="135 817 205 845" STYLE_REF="5" QID="48">respect</q>
			<QW QID="48">self-respect</QW>
			<W BOX="213 817 233 845" STYLE_REF="5">in</W>
			<W BOX="242 817 275 845" STYLE_REF="5">the</W>
			<Q BOX="283 817 297 845" STYLE_REF="5" QID="49">g</Q>
			<q BOX="296 817 330 845" STYLE_REF="5" NS="y" QID="49">irls</q>
			<QW QID="49">girls</QW>
			<W BOX="330 817 336 845" STYLE_REF="5">.</W>
			<W BOX="354 814 358 842" STYLE_REF="5" LH="y">-</W>
		</Primitive>
		<Primitive BOX="24 839 829 892" ID="Ar0160016" SEQ_NO="16" TOC_ENTRY_ID="18" DEPTH_LEVEL="1">
			<L BOX="88 839 777 869"/>
			<W BOX="88 840 98 869" STYLE_REF="5">I</W>
			<W BOX="106 840 194 869" STYLE_REF="5">inquired</W>
			<W BOX="202 840 248 868" STYLE_REF="5">from</W>
			<W BOX="259 839 316 868" STYLE_REF="5">Sister</W>
			<W BOX="326 839 345 868" STYLE_REF="5" NS="y">A</W>
			<W BOX="345 839 351 868" STYLE_REF="5">.</W>
			<W BOX="359 839 444 868" STYLE_REF="5">whether</W>
			<W BOX="451 839 504 868" STYLE_REF="5">there</W>
			<W BOX="512 839 563 868" STYLE_REF="5">were</W>
			<W BOX="571 839 609 868" STYLE_REF="5">any</W>
			<Q BOX="616 839 629 868" STYLE_REF="5" QID="50">p</Q>
			<q BOX="630 839 718 868" STYLE_REF="5" QID="50">articular</q>
			<QW QID="50">particular</QW>
			<W BOX="727 839 777 868" STYLE_REF="5">rules</W>
			<L BOX="63 863 776 892"/>
			<W BOX="63 864 164 892" STYLE_REF="5">regarding</W>
			<W BOX="172 863 283 891" STYLE_REF="5">cleanliness</W>
			<W BOX="291 863 328 891" STYLE_REF="5">and</W>
			<W BOX="336 863 415 891" STYLE_REF="5" NS="y">bathing</W>
			<W BOX="415 863 422 891" STYLE_REF="5">,</W>
			<W BOX="430 863 450 891" STYLE_REF="5">as</W>
			<W BOX="459 863 469 891" STYLE_REF="5">I</W>
			<W BOX="477 863 544 891" STYLE_REF="5">should</W>
			<Q BOX="557 863 608 891" STYLE_REF="5" QID="51">imag</Q>
			<q BOX="608 863 640 891" STYLE_REF="5" QID="51">ine</q>
			<QW QID="51">imagine</QW>
			<W BOX="647 863 689 891" STYLE_REF="5">that</W>
			<W BOX="696 863 730 891" STYLE_REF="5">the</W>
			<W BOX="737 863 776 891" STYLE_REF="5">free</W>
		</Primitive>
		<Primitive BOX="24 886 829 939" ID="Ar0160017" SEQ_NO="17" TOC_ENTRY_ID="18" DEPTH_LEVEL="1">
			<L BOX="62 886 777 916"/>
			<W BOX="62 888 99 916" STYLE_REF="5">and</W>
			<Q BOX="107 888 151 916" STYLE_REF="5" QID="52">amp</Q>
			<q BOX="150 887 169 915" STYLE_REF="5" QID="52">le</q>
			<QW QID="52">ample</QW>
			<W BOX="177 887 211 915" STYLE_REF="5">use</W>
			<W BOX="223 887 241 915" STYLE_REF="5">of</W>
			<W BOX="255 887 297 915" STYLE_REF="5">cold</W>
			<W BOX="306 886 364 915" STYLE_REF="5">water</W>
			<W BOX="373 886 436 914" STYLE_REF="5">would</W>
			<W BOX="444 886 468 914" STYLE_REF="5">be</W>
			<W BOX="476 886 500 914" STYLE_REF="5">an</W>
			<Q BOX="507 886 599 914" STYLE_REF="5" QID="53">importan</Q>
			<q BOX="602 886 610 914" STYLE_REF="5" QID="53">t</q>
			<QW QID="53">important</QW>
			<Q BOX="623 886 678 914" STYLE_REF="5" QID="54">mean</Q>
			<q BOX="678 886 687 914" STYLE_REF="5" QID="54">s</q>
			<QW QID="54">means</QW>
			<W BOX="695 886 777 914" STYLE_REF="5">towards</W>
			<L BOX="61 909 777 939"/>
			<W BOX="61 911 179 939" STYLE_REF="5" NS="y">reformation</W>
			<W BOX="179 911 185 939" STYLE_REF="5">.</W>
			<W BOX="213 910 248 938" STYLE_REF="5">She</W>
			<W BOX="264 910 303 938" STYLE_REF="5">said</W>
			<W BOX="317 910 360 938" STYLE_REF="5">that</W>
			<W BOX="371 910 416 938" STYLE_REF="5">each</W>
			<W BOX="425 910 478 938" STYLE_REF="5">week</W>
			<W BOX="491 910 539 938" STYLE_REF="5">they</W>
			<W BOX="545 910 590 938" STYLE_REF="5">took</W>
			<W BOX="602 910 614 938" STYLE_REF="5">a</W>
			<W BOX="624 910 670 938" STYLE_REF="5" NS="y">bath</W>
			<W BOX="671 910 676 938" STYLE_REF="5">,</W>
			<W BOX="685 909 722 938" STYLE_REF="5">and</W>
			<W BOX="733 909 777 938" STYLE_REF="5">that</W>
		</Primitive>
		<Primitive BOX="24 933 829 987" ID="Ar0160018" SEQ_NO="18" TOC_ENTRY_ID="18" DEPTH_LEVEL="1">
			<L BOX="61 933 772 963"/>
			<W BOX="61 934 149 963" STYLE_REF="5">personal</W>
			<W BOX="162 933 273 962" STYLE_REF="5">cleanliness</W>
			<W BOX="282 933 321 961" STYLE_REF="5">was</W>
			<Q BOX="335 933 414 961" STYLE_REF="5" QID="55">especial</Q>
			<Q BOX="417 933 424 961" STYLE_REF="5" QID="55">l</Q>
			<q BOX="423 933 436 961" STYLE_REF="5" QID="55">y</q>
			<QW QID="55">especially</QW>
			<W BOX="444 933 530 961" STYLE_REF="5" NS="y">enjoined</W>
			<W BOX="538 933 543 961" STYLE_REF="5">;</W>
			<W BOX="557 933 592 961" STYLE_REF="5">but</W>
			<W BOX="605 933 647 961" STYLE_REF="5">that</W>
			<W BOX="655 933 671 961" STYLE_REF="5">it</W>
			<W BOX="680 933 719 961" STYLE_REF="5">was</W>
			<Q BOX="727 933 765 961" STYLE_REF="5" QID="56">diffi</Q>
			<Q BOX="765 933 772 961" STYLE_REF="5" QID="56">-</Q>
			<L BOX="61 956 775 987"/>
			<Q BOX="61 958 101 987" STYLE_REF="5" QID="56">cult</Q>
			<q BOX="116 958 181 986" STYLE_REF="5" QID="56">whilst</q>
			<QW QID="56">difficultwhilst</QW>
			<W BOX="189 958 210 986" STYLE_REF="5">so</W>
			<W BOX="217 957 274 986" STYLE_REF="5">many</W>
			<Q BOX="281 956 305 985" STYLE_REF="5" QID="57">du</Q>
			<q BOX="307 956 343 985" STYLE_REF="5" QID="57">ties</q>
			<QW QID="57">duties</QW>
			<W BOX="351 956 441 985" STYLE_REF="5">devolved</W>
			<W BOX="450 956 501 985" STYLE_REF="5">upon</W>
			<W BOX="510 956 545 985" STYLE_REF="5">one</W>
			<W BOX="554 956 612 985" STYLE_REF="5" NS="y">Sister</W>
			<W BOX="613 956 618 985" STYLE_REF="5">,</W>
			<W BOX="624 956 644 984" STYLE_REF="5">to</W>
			<W BOX="651 956 675 984" STYLE_REF="5">be</W>
			<W BOX="684 956 727 984" STYLE_REF="5">sure</W>
			<W BOX="733 956 775 984" STYLE_REF="5">that</W>
		</Primitive>
		<Primitive BOX="24 980 829 1033" ID="Ar0160019" SEQ_NO="19" TOC_ENTRY_ID="18" DEPTH_LEVEL="1">
			<L BOX="60 958 774 1010"/>
			<W BOX="60 982 111 1010" STYLE_REF="5">their</W>
			<W BOX="102 958 107 987" STYLE_REF="5">,</W>
			<W BOX="125 980 219 1009" STYLE_REF="5">ablutions</W>
			<W BOX="230 980 281 1009" STYLE_REF="5">were</W>
			<W BOX="293 980 314 1009" STYLE_REF="5">as</W>
			<Q BOX="326 980 408 1008" STYLE_REF="5" QID="58">thoroug</Q>
			<q BOX="407 980 420 1008" STYLE_REF="5" QID="58">h</q>
			<QW QID="58">thorough</QW>
			<W BOX="435 980 455 1008" STYLE_REF="5">as</W>
			<Q BOX="469 980 495 1008" STYLE_REF="5" QID="59">mi</Q>
			<Q BOX="495 981 509 1009" STYLE_REF="5" QID="59">g</Q>
			<q BOX="508 980 530 1008" STYLE_REF="5" QID="59">ht</q>
			<QW QID="59">might</QW>
			<W BOX="544 980 569 1008" STYLE_REF="5">be</W>
			<W BOX="583 980 674 1008" STYLE_REF="5" NS="y">desirable</W>
			<W BOX="674 980 680 1008" STYLE_REF="5">.</W>
			<W BOX="706 980 716 1008" STYLE_REF="5">I</W>
			<W BOX="724 980 774 1008" STYLE_REF="5">have</W>
			<L BOX="59 1003 773 1033"/>
			<W BOX="59 1005 135 1033" STYLE_REF="5">learned</W>
			<Q BOX="145 1005 266 1033" STYLE_REF="5" QID="60">subsequentl</Q>
			<q BOX="266 1005 280 1033" STYLE_REF="5" QID="60">y</q>
			<QW QID="60">subsequently</QW>
			<W BOX="288 1004 329 1032" STYLE_REF="5">that</W>
			<W BOX="336 1004 370 1032" STYLE_REF="5">the</W>
			<W BOX="379 1004 458 1032" STYLE_REF="5">Warden</W>
			<W BOX="467 1004 484 1032" STYLE_REF="5">is</W>
			<W BOX="491 1004 538 1032" STYLE_REF="5">very</W>
			<W BOX="547 1003 632 1032" STYLE_REF="5">desirous</W>
			<W BOX="643 1003 661 1032" STYLE_REF="5">of</W>
			<W BOX="674 1003 738 1032" STYLE_REF="5">fitting</W>
			<W BOX="747 1004 773 1032" STYLE_REF="5">up</W>
		</Primitive>
		<Primitive BOX="24 1027 829 1081" ID="Ar0160020" SEQ_NO="20" TOC_ENTRY_ID="18" DEPTH_LEVEL="1">
			<L BOX="59 1027 772 1057"/>
			<W BOX="59 1029 70 1057" STYLE_REF="5">a</W>
			<W BOX="79 1029 130 1057" STYLE_REF="5">room</W>
			<W BOX="138 1028 158 1057" STYLE_REF="5">in</W>
			<W BOX="167 1028 200 1056" STYLE_REF="5">the</W>
			<W BOX="213 1028 272 1056" STYLE_REF="5">house</W>
			<W BOX="284 1028 304 1056" STYLE_REF="5">as</W>
			<W BOX="315 1028 326 1056" STYLE_REF="5">a</W>
			<Q BOX="337 1027 381 1055" STYLE_REF="5" QID="61">bath</Q>
			<Q BOX="381 1027 389 1055" STYLE_REF="5" LH="y" QID="61">-</Q>
			<q BOX="389 1027 442 1055" STYLE_REF="5" NS="y" QID="61">room</q>
			<QW QID="61">bath-room</QW>
			<W BOX="442 1028 447 1056" STYLE_REF="5">,</W>
			<W BOX="456 1027 490 1055" STYLE_REF="5">but</W>
			<W BOX="503 1027 520 1055" STYLE_REF="5">is</W>
			<W BOX="532 1027 553 1055" STYLE_REF="5">as</W>
			<W BOX="565 1027 599 1055" STYLE_REF="5">yet</W>
			<W BOX="610 1027 713 1055" STYLE_REF="5">restrained</W>
			<W BOX="725 1027 772 1055" STYLE_REF="5">from</W>
			<L BOX="59 1050 772 1081"/>
			<W BOX="59 1052 117 1081" STYLE_REF="5">doing</W>
			<W BOX="125 1052 145 1081" STYLE_REF="5">so</W>
			<Q BOX="154 1052 197 1080" STYLE_REF="5" QID="62">unti</Q>
			<q BOX="196 1051 203 1079" STYLE_REF="5" QID="62">l</q>
			<QW QID="62">until</QW>
			<W BOX="216 1051 249 1079" STYLE_REF="5">the</W>
			<W BOX="261 1051 354 1079" STYLE_REF="5">requisite</W>
			<W BOX="364 1050 420 1078" STYLE_REF="5">funds</W>
			<W BOX="432 1050 464 1078" STYLE_REF="5">are</W>
			<W BOX="476 1050 565 1078" STYLE_REF="5" NS="y">obtained</W>
			<W BOX="565 1050 571 1078" STYLE_REF="5">.</W>
			<W BOX="596 1050 634 1078" STYLE_REF="5">The</W>
			<Q BOX="643 1050 705 1078" STYLE_REF="5" QID="63">weekl</Q>
			<q BOX="704 1052 718 1080" STYLE_REF="5" QID="63">y</q>
			<QW QID="63">weekly</QW>
			<W BOX="725 1051 772 1079" STYLE_REF="5">bath</W>
		</Primitive>
		<Primitive BOX="24 1074 829 1128" ID="Ar0160021" SEQ_NO="21" TOC_ENTRY_ID="18" DEPTH_LEVEL="1">
			<L BOX="58 1074 773 1104"/>
			<W BOX="58 1076 112 1104" STYLE_REF="5">takes</W>
			<Q BOX="120 1076 133 1104" STYLE_REF="5" QID="64">p</Q>
			<q BOX="133 1075 172 1104" STYLE_REF="5" QID="64">lace</q>
			<QW QID="64">place</QW>
			<W BOX="180 1075 201 1104" STYLE_REF="5">in</W>
			<W BOX="212 1074 245 1102" STYLE_REF="5">the</W>
			<W BOX="258 1074 340 1102" STYLE_REF="5">laundry</W>
			<W BOX="347 1074 365 1102" STYLE_REF="5">at</W>
			<W BOX="374 1074 450 1102" STYLE_REF="5" NS="y">present</W>
			<W BOX="452 1074 457 1102" STYLE_REF="5">,</W>
			<W BOX="465 1074 529 1102" STYLE_REF="5">where</W>
			<W BOX="541 1074 576 1102" STYLE_REF="5">the</W>
			<W BOX="587 1074 744 1102" STYLE_REF="5">accommodation</W>
			<W BOX="754 1074 773 1102" STYLE_REF="5">is</W>
			<L BOX="58 1097 771 1128"/>
			<Q BOX="58 1099 71 1128" STYLE_REF="5" QID="65">b</Q>
			<q BOX="71 1099 85 1128" STYLE_REF="5" QID="65">y</q>
			<QW QID="65">by</QW>
			<W BOX="92 1099 117 1128" STYLE_REF="5">no</W>
			<Q BOX="125 1099 179 1127" STYLE_REF="5" QID="66">mean</Q>
			<q BOX="180 1099 189 1127" STYLE_REF="5" QID="66">s</q>
			<QW QID="66">means</QW>
			<W BOX="201 1098 246 1126" STYLE_REF="5">such</W>
			<W BOX="260 1097 280 1126" STYLE_REF="5">as</W>
			<W BOX="292 1097 325 1126" STYLE_REF="5">the</W>
			<W BOX="334 1097 402 1125" STYLE_REF="5">Sisters</W>
			<W BOX="416 1097 501 1125" STYLE_REF="5">consider</W>
			<W BOX="514 1097 607 1125" STYLE_REF="5" NS="y">desirable</W>
			<W BOX="609 1098 613 1126" STYLE_REF="5">,</W>
			<W BOX="622 1097 659 1126" STYLE_REF="5">and</W>
			<W BOX="667 1097 729 1126" STYLE_REF="5">where</W>
			<W BOX="737 1097 771 1126" STYLE_REF="5">the</W>
		</Primitive>
		<Primitive BOX="24 1121 829 1174" ID="Ar0160022" SEQ_NO="22" TOC_ENTRY_ID="18" DEPTH_LEVEL="1">
			<L BOX="58 1121 417 1151"/>
			<W BOX="58 1123 112 1151" STYLE_REF="5">stone</W>
			<W BOX="119 1123 163 1151" STYLE_REF="5">floor</W>
			<W BOX="172 1122 190 1150" STYLE_REF="5">is</W>
			<W BOX="198 1121 307 1149" STYLE_REF="5">prejudicial</W>
			<W BOX="316 1121 336 1149" STYLE_REF="5">to</W>
			<W BOX="344 1121 408 1149" STYLE_REF="5" NS="y">health</W>
			<W BOX="410 1121 417 1149" STYLE_REF="5">.</W>
			<L BOX="83 1144 768 1174"/>
			<W BOX="83 1146 156 1174" STYLE_REF="5">Silence</W>
			<W BOX="169 1146 209 1174" STYLE_REF="5" NS="y">was</W>
			<W BOX="210 1145 215 1174" STYLE_REF="5">,</W>
			<W BOX="227 1145 285 1173" STYLE_REF="5">Sister</W>
			<W BOX="294 1145 312 1173" STYLE_REF="5" NS="y">A</W>
			<W BOX="312 1145 318 1173" STYLE_REF="5">.</W>
			<W BOX="326 1144 421 1172" STYLE_REF="5">informed</W>
			<W BOX="433 1144 463 1172" STYLE_REF="5" NS="y">me</W>
			<W BOX="465 1144 470 1172" STYLE_REF="5">,</W>
			<W BOX="479 1144 566 1172" STYLE_REF="5">enjoined</W>
			<W BOX="579 1144 628 1172" STYLE_REF="5">upon</W>
			<W BOX="641 1144 673 1172" STYLE_REF="5">the</W>
			<Q BOX="688 1145 702 1173" STYLE_REF="5" QID="67">g</Q>
			<q BOX="702 1144 735 1172" STYLE_REF="5" QID="67">irls</q>
			<QW QID="67">girls</QW>
			<W BOX="749 1144 768 1172" STYLE_REF="5">in</W>
		</Primitive>
		<Primitive BOX="24 1174 829 1219" ID="Ar0160023" SEQ_NO="23" TOC_ENTRY_ID="18" DEPTH_LEVEL="1">
			<L BOX="57 1167 769 1198"/>
			<W BOX="57 1170 107 1198" STYLE_REF="5">their</W>
			<Q BOX="115 1169 151 1198" STYLE_REF="5" QID="68">bed</Q>
			<Q BOX="151 1169 159 1198" STYLE_REF="5" LH="y" QID="68">-</Q>
			<q BOX="159 1169 222 1198" STYLE_REF="5" NS="y" QID="68">rooms</q>
			<QW QID="68">bed-rooms</QW>
			<W BOX="222 1169 227 1197" STYLE_REF="5">,</W>
			<W BOX="235 1168 271 1197" STYLE_REF="5">and</W>
			<W BOX="281 1168 313 1197" STYLE_REF="5">the</W>
			<W BOX="321 1168 363 1197" STYLE_REF="5">rule</W>
			<W BOX="370 1168 410 1197" STYLE_REF="5">was</W>
			<Q BOX="417 1168 465 1197" STYLE_REF="5" QID="69">rarel</Q>
			<q BOX="466 1168 479 1197" STYLE_REF="5" QID="69">y</q>
			<QW QID="69">rarely</QW>
			<W BOX="487 1168 559 1197" STYLE_REF="5" NS="y">broken</W>
			<W BOX="559 1168 566 1197" STYLE_REF="5">.</W>
			<W BOX="591 1168 616 1196" STYLE_REF="5">At</W>
			<W BOX="625 1168 647 1196" STYLE_REF="5">10</W>
			<W BOX="656 1168 668 1196" STYLE_REF="5" NS="y">o</W>
			<W BOX="668 1167 676 1196" STYLE_REF="5" NS="y">'</W>
			<W BOX="674 1168 726 1196" STYLE_REF="5">clock</W>
			<W BOX="736 1168 769 1196" STYLE_REF="5">the</W>
		</Primitive>
	</Content>
	<TOC_Entries><TOC_Entry TOC_ENTRY_ID="35" TITLE=". at A few This High days institution ga..." ENTITY_ID_REF="Ar01600" PAGE_NO="16" PAGE_LABEL="16" PRIM_ID_REF="Ar0160000" IS_IC="true"/></TOC_Entries></XMD-entity>
