<?xml version="1.0" encoding="windows-1252" standalone="no"?>
<XMD-entity REPOSITORY_FORMAT="1.0" PRXML_VER="2.0" ENTITY_TYPE="Article" FIRST_TOC_ENTRY_ID="4" DEPTH_LEVEL="1" INDEX_IN_DOC="7" PAGE_NO="4" ID="Ar00400" BOX="24 114 811 1214" LANGUAGE="English" CONTINUATION_TO="Ar00501" CONTINUATION_FROM="Ar00300" LOGICAL_NAME="true">
	<Meta NAME="+ To the well-known services of Miss Nig..." DESCRIPTION="" SUBTYPE="" BASE_HREF="EWJ/1858/04/01" SOURCE_TYPE="TIFF" PUBLICATION="EWJ" SECTION="None" ISSUE_DATE="01/04/1858" WORDCNT="650" RELEASE_NO="041-EWJ-1858-04-01-001-SINGLE" PAGE_ID="" PAGE_TYPE="Single" PAGE_WIDTH="823" PAGE_HEIGHT="1239" DEFAULT_IMG_EXT="png" PDF_DESTINATION_MAPPED="OLV0_Entity_0004_0001" IMAGES_RESOLUTION="86" XMD_VER="2.6.238.8" PAGE_LABEL="76"/>
	<Link SOURCE="041-EWJ-1858-04-01-001-SINGLE.PDF" FIRST_ID="Ar00200" LAST_ID="Ar07201" NEXT_ID="Ar00401" PREV_ID="" TOC_ID="d:/Olive/Repository/EWJ/1858/04/01/TOC.xml"/>
	<DataFiles>
		<Files TYPE="DOC_PDF" PRESENT="1"/>
		<Files TYPE="PAGE_PDF" PRESENT="0"/>
		<Files TYPE="DOC_IMG" PRESENT="0"/>
		<Files TYPE="PAGE_IMG" PRESENT="0"/>
		<Files TYPE="PAGE_VIEW_IMG" PRESENT="1"/>
		<Files TYPE="PAGE_PREVIEW_IMG" PRESENT="1"/>
		<Files TYPE="PRIMITIVE_IMG" PRESENT="1"/>
		<Files TYPE="SNIPPET_IMG" PRESENT="1"/>
	</DataFiles>
	<Content>
		<Primitive BOX="24 114 811 168" ID="Ar0040000" SEQ_NO="0" TOC_ENTRY_ID="4" DEPTH_LEVEL="1">
			<L BOX="83 110 754 168"/>
			<W BOX="83 118 110 146" STYLE_REF="4">for</W>
			<S S_TYPE="BUL">
				<W BOX="83 140 92 168" STYLE_REF="4" NS="y">�</W>
			</S>
			<W BOX="89 140 144 168" STYLE_REF="4">would</W>
			<W BOX="119 118 166 146" STYLE_REF="4">their</W>
			<W BOX="151 140 206 168" STYLE_REF="4">injure</W>
			<W BOX="173 117 215 146" STYLE_REF="4" NS="y">men</W>
			<W BOX="216 117 221 145" STYLE_REF="4">,</W>
			<W BOX="222 139 270 167" STYLE_REF="4">their</W>
			<W BOX="228 118 247 144" STYLE_REF="10">or</W>
			<W BOX="257 118 285 144" STYLE_REF="10">for</W>
			<W BOX="278 138 366 166" STYLE_REF="4">prospects</W>
			<W BOX="293 118 360 143" STYLE_REF="10" NS="y">repairs</W>
			<W BOX="360 114 365 143" STYLE_REF="4">,</W>
			<W BOX="366 138 372 166" STYLE_REF="4">.</W>
			<W BOX="372 117 446 142" STYLE_REF="10">because</W>
			<W BOX="399 136 436 165" STYLE_REF="11">This</W>
			<W BOX="447 136 479 164" STYLE_REF="11">will</W>
			<Q BOX="457 114 465 142" STYLE_REF="4" QID="1">t</Q>
			<q BOX="464 117 501 142" STYLE_REF="10" QID="1">hey</q>
			<QW QID="1">they</QW>
			<W BOX="485 135 502 164" STYLE_REF="11">be</W>
			<W BOX="507 115 566 141" STYLE_REF="10">feared</W>
			<W BOX="512 135 564 164" STYLE_REF="11" NS="y">denied</W>
			<W BOX="563 136 572 164" STYLE_REF="11" M="1 * ">_,</W>
			<W BOX="576 134 602 163" STYLE_REF="11">but</W>
			<Q BOX="576 113 585 141" STYLE_REF="4" QID="2">t</Q>
			<Q BOX="584 114 608 139" STYLE_REF="10" QID="2">ha</Q>
			<q BOX="607 112 616 140" STYLE_REF="4" QID="2">t</q>
			<QW QID="2">that</QW>
			<W BOX="613 133 624 161" STYLE_REF="11">it</W>
			<W BOX="626 113 669 138" STYLE_REF="10">such</W>
			<W BOX="633 133 646 161" STYLE_REF="11">is</W>
			<W BOX="654 132 684 161" STYLE_REF="11">true</W>
			<W BOX="678 112 744 137" STYLE_REF="10">conduc</W>
			<W BOX="694 132 732 160" STYLE_REF="11">for</W>
			<W BOX="732 131 753 160" STYLE_REF="11">all</W>
			<W BOX="745 110 754 138" STYLE_REF="4">t</W>
		</Primitive>
		<Primitive BOX="24 160 811 200" ID="Ar0040001" SEQ_NO="1" TOC_ENTRY_ID="4" DEPTH_LEVEL="1">
			<L BOX="85 160 754 210"/>
			<W BOX="85 160 118 188" STYLE_REF="11">that</W>
			<W BOX="109 182 141 210" STYLE_REF="4">We</W>
			<W BOX="118 160 123 188" STYLE_REF="11" NS="y">:</W>
			<W BOX="123 160 128 188" STYLE_REF="11">'</W>
			<W BOX="148 181 194 210" STYLE_REF="4">need</W>
			<W BOX="201 181 232 209" STYLE_REF="4">not</W>
			<W BOX="270 180 289 208" STYLE_REF="4">to</W>
			<W BOX="295 179 325 207" STYLE_REF="4">the</W>
			<W BOX="388 178 407 207" STYLE_REF="4">or</W>
			<W BOX="413 178 443 206" STYLE_REF="4">the</W>
			<W BOX="450 178 519 206" STYLE_REF="4">Crimea</W>
			<W BOX="527 176 553 205" STYLE_REF="4">for</W>
			<W BOX="560 175 689 203" STYLE_REF="4">corroboration</W>
			<W BOX="698 174 714 202" STYLE_REF="4">of</W>
			<W BOX="722 173 754 201" STYLE_REF="4">the</W>
			<L BOX="239 179 380 208"/>
			<W BOX="239 180 262 208" STYLE_REF="4">go</W>
			<W BOX="330 179 380 207" STYLE_REF="4">arony</W>
		</Primitive>
		<Primitive BOX="24 189 811 262" ID="Ar0040002" SEQ_NO="2" TOC_ENTRY_ID="4" DEPTH_LEVEL="1">
			<L BOX="84 195 754 254"/>
			<W BOX="84 204 120 232" STYLE_REF="4">fact</W>
			<W BOX="85 226 117 254" STYLE_REF="4">our</W>
			<W BOX="127 225 177 254" STYLE_REF="4">large</W>
			<W BOX="129 204 146 232" STYLE_REF="4">of</W>
			<W BOX="154 203 216 231" STYLE_REF="4">public</W>
			<W BOX="186 224 311 252" STYLE_REF="4">metropolitan</W>
			<Q BOX="224 202 255 230" STYLE_REF="4" QID="3">dut</Q>
			<q BOX="256 202 269 230" STYLE_REF="4" QID="3">y</q>
			<QW QID="3">duty</QW>
			<W BOX="276 201 331 229" STYLE_REF="4">being</W>
			<Q BOX="322 222 332 251" STYLE_REF="4" QID="4">"</Q>
			<q BOX="330 222 435 251" STYLE_REF="4" QID="4">workhouses</q>
			<QW QID="4">"workhouses</QW>
			<W BOX="338 200 426 228" STYLE_REF="4">sacrificed</W>
			<W BOX="437 222 442 250" STYLE_REF="4">,</W>
			<W BOX="438 200 456 228" STYLE_REF="4" NS="y">to</W>
			<S S_TYPE="SUB">
				<W BOX="451 225 461 249" STYLE_REF="7">a</W>
			</S>
			<W BOX="464 200 522 228" STYLE_REF="4">privat</W>
			<W BOX="469 225 545 249" STYLE_REF="7">medical</W>
			<W BOX="523 199 532 227" STYLE_REF="4">e</W>
			<W BOX="541 198 639 227" STYLE_REF="4">selfishness</W>
			<W BOX="553 224 606 247" STYLE_REF="7" NS="y">officer</W>
			<W BOX="612 220 617 249" STYLE_REF="4">,</W>
			<W BOX="629 219 648 247" STYLE_REF="4">to</W>
			<W BOX="640 198 645 227" STYLE_REF="4">.</W>
			<W BOX="657 218 715 246" STYLE_REF="4">whom</W>
			<W BOX="665 197 687 225" STYLE_REF="4">In</W>
			<W BOX="696 196 728 224" STYLE_REF="4">one</W>
			<W BOX="723 217 754 246" STYLE_REF="4">the</W>
			<W BOX="736 195 754 224" STYLE_REF="4">of</W>
		</Primitive>
		<Primitive BOX="24 251 811 310" ID="Ar0040003" SEQ_NO="3" TOC_ENTRY_ID="4" DEPTH_LEVEL="1">
			<L BOX="83 240 758 314"/>
			<W BOX="83 248 137 276" STYLE_REF="4">unfor</W>
			<Q BOX="83 270 107 298" STYLE_REF="4" QID="5">pa</Q>
			<q BOX="106 270 153 298" STYLE_REF="4" QID="5">tient</q>
			<QW QID="5">patient</QW>
			<W BOX="136 248 197 276" STYLE_REF="4">tunate</W>
			<W BOX="160 269 206 297" STYLE_REF="4">with</W>
			<W BOX="204 246 280 274" STYLE_REF="4">paupers</W>
			<W BOX="212 268 303 296" STYLE_REF="4">medicine</W>
			<W BOX="292 246 320 274" STYLE_REF="4">are</W>
			<W BOX="303 268 307 296" STYLE_REF="4">,</W>
			<W BOX="315 267 339 295" STYLE_REF="4">on</W>
			<W BOX="334 248 345 276" STYLE_REF="4">"</W>
			<W BOX="345 267 378 295" STYLE_REF="4">the</W>
			<W BOX="350 245 416 273" STYLE_REF="4">farmed</W>
			<Q BOX="384 266 417 295" STYLE_REF="4" QID="6">gro</Q>
			<q BOX="416 266 453 295" STYLE_REF="4" QID="6">und</q>
			<QW QID="6">ground</QW>
			<Q BOX="426 245 449 273" STYLE_REF="4" QID="7">ou</Q>
			<q BOX="449 245 456 273" STYLE_REF="4" NS="y" QID="7">t</q>
			<QW QID="7">out</QW>
			<W BOX="458 245 464 273" STYLE_REF="4">,</W>
			<W BOX="461 266 500 295" STYLE_REF="4">that</W>
			<W BOX="464 245 474 273" STYLE_REF="4">"</W>
			<W BOX="484 244 536 272" STYLE_REF="4">recen</W>
			<W BOX="509 265 564 293" STYLE_REF="4">drugs</W>
			<Q BOX="535 244 551 272" STYLE_REF="4" QID="8">tl</Q>
			<q BOX="550 243 564 271" STYLE_REF="4" QID="8">y</q>
			<QW QID="8">tly</QW>
			<W BOX="570 242 637 270" STYLE_REF="4">refused</W>
			<W BOX="571 265 578 293" STYLE_REF="4">"</W>
			<W BOX="573 286 614 314" STYLE_REF="4">food</W>
			<Q BOX="576 265 589 293" STYLE_REF="4" QID="9">w</Q>
			<Q BOX="588 264 618 292" STYLE_REF="4" QID="9">oul</Q>
			<q BOX="619 264 630 292" STYLE_REF="4" QID="9">d</q>
			<QW QID="9">would</QW>
			<W BOX="637 263 660 291" STYLE_REF="4">do</W>
			<W BOX="646 242 665 270" STYLE_REF="4">to</W>
			<W BOX="662 285 696 313" STYLE_REF="4">Wh</W>
			<W BOX="667 263 691 291" STYLE_REF="4">no</W>
			<W BOX="672 241 716 269" STYLE_REF="4">supp</W>
			<W BOX="699 262 744 291" STYLE_REF="4">good</W>
			<Q BOX="717 240 726 268" STYLE_REF="4" QID="10">l</Q>
			<q BOX="724 240 736 268" STYLE_REF="4" QID="10">y</q>
			<QW QID="10">ly</QW>
			<W BOX="743 240 755 268" STYLE_REF="4">a</W>
			<W BOX="746 284 754 312" STYLE_REF="4">t</W>
			<W BOX="748 262 758 291" STYLE_REF="4">;</W>
		</Primitive>
		<Primitive BOX="24 298 811 356" ID="Ar0040004" SEQ_NO="4" TOC_ENTRY_ID="4" DEPTH_LEVEL="1">
			<L BOX="83 286 746 320"/>
			<W BOX="83 292 123 320" STYLE_REF="4">that</W>
			<W BOX="134 292 159 320" STYLE_REF="4">all</W>
			<W BOX="171 291 203 320" STYLE_REF="4">she</W>
			<Q BOX="217 289 225 318" STYLE_REF="4" LH="y" QID="11">-</Q>
			<q BOX="223 289 287 318" STYLE_REF="4" QID="11">wanted</q>
			<QW QID="11">-wanted</QW>
			<W BOX="300 290 336 318" STYLE_REF="4">was</W>
			<W BOX="347 288 395 317" STYLE_REF="4">wine</W>
			<W BOX="407 288 441 317" STYLE_REF="4">and</W>
			<Q BOX="455 288 535 316" STYLE_REF="4" QID="12">nourishi</Q>
			<q BOX="535 287 561 316" STYLE_REF="4" QID="12">ng</q>
			<QW QID="12">nourishing</QW>
			<W BOX="615 286 620 314" STYLE_REF="4">.</W>
			<W BOX="644 288 655 316" STYLE_REF="4">"</W>
			<W BOX="697 288 710 313" STYLE_REF="10">y</W>
			<W BOX="723 286 746 312" STYLE_REF="10">no</W>
			<L BOX="83 306 755 366"/>
			<W BOX="83 314 128 342" STYLE_REF="4">then</W>
			<Q BOX="84 335 91 364" STYLE_REF="4" QID="13">t</Q>
			<q BOX="91 339 114 363" STYLE_REF="7" QID="13">he</q>
			<QW QID="13">the</QW>
			<W BOX="122 339 190 363" STYLE_REF="7">answer</W>
			<W BOX="129 313 135 342" STYLE_REF="4" NS="y">,</W>
			<W BOX="135 314 145 342" STYLE_REF="4">"</W>
			<Q BOX="157 313 183 341" STYLE_REF="4" QID="14">sai</Q>
			<q BOX="183 313 194 341" STYLE_REF="4" QID="14">d</q>
			<QW QID="14">said</QW>
			<W BOX="202 313 234 341" STYLE_REF="4">the</W>
			<W BOX="206 338 217 366" STYLE_REF="4">"</W>
			<W BOX="224 334 236 362" STYLE_REF="4">if</W>
			<W BOX="241 312 284 341" STYLE_REF="4">poor</W>
			<W BOX="246 334 255 362" STYLE_REF="4">I</W>
			<W BOX="264 334 314 362" STYLE_REF="4">order</W>
			<W BOX="291 312 360 340" STYLE_REF="4">sufferer</W>
			<W BOX="322 332 369 361" STYLE_REF="4">wine</W>
			<W BOX="364 311 369 339" STYLE_REF="4">,</W>
			<W BOX="374 332 401 361" STYLE_REF="4">for</W>
			<W BOX="382 313 398 342" STYLE_REF="4" NS="y">"</W>
			<W BOX="400 310 450 339" STYLE_REF="4">order</W>
			<W BOX="409 332 440 361" STYLE_REF="4">my</W>
			<W BOX="447 332 516 360" STYLE_REF="4">patient</W>
			<W BOX="458 310 489 339" STYLE_REF="4">the</W>
			<W BOX="497 309 544 338" STYLE_REF="4">wine</W>
			<W BOX="516 331 525 360" STYLE_REF="4">s</W>
			<W BOX="534 331 548 360" STYLE_REF="4">it</W>
			<W BOX="549 309 556 338" STYLE_REF="4">?</W>
			<W BOX="556 330 596 359" STYLE_REF="4">will</W>
			<W BOX="562 309 571 338" STYLE_REF="4">"</W>
			<W BOX="595 311 605 339" STYLE_REF="4">"</W>
			<W BOX="601 330 623 358" STYLE_REF="4">be</W>
			<W BOX="611 307 689 336" STYLE_REF="4">Because</W>
			<Q BOX="631 329 687 358" STYLE_REF="4" QID="15">thoug</Q>
			<q BOX="686 329 707 357" STYLE_REF="4" QID="15">ht</q>
			<QW QID="15">thought</QW>
			<W BOX="690 306 697 335" STYLE_REF="4" NS="y">,</W>
			<W BOX="695 308 706 336" STYLE_REF="4">"</W>
			<W BOX="714 329 753 357" STYLE_REF="4">that</W>
			<W BOX="719 310 755 334" STYLE_REF="7">was</W>
		</Primitive>
		<Primitive BOX="24 344 811 430" ID="Ar0040005" SEQ_NO="5" TOC_ENTRY_ID="4" DEPTH_LEVEL="1">
			<L BOX="83 335 754 386"/>
			<W BOX="83 357 94 386" STYLE_REF="4">I</W>
			<W BOX="102 357 152 386" STYLE_REF="4">want</W>
			<W BOX="157 357 176 386" STYLE_REF="4">to</W>
			<W BOX="184 357 227 385" STYLE_REF="4">save</W>
			<W BOX="191 335 196 363" STYLE_REF="4">,</W>
			<W BOX="238 357 270 385" STYLE_REF="4">my</W>
			<W BOX="278 355 332 384" STYLE_REF="4" NS="y">drugs</W>
			<W BOX="333 355 337 383" STYLE_REF="4">,</W>
			<W BOX="346 355 380 383" STYLE_REF="4">and</W>
			<W BOX="388 355 398 383" STYLE_REF="4">I</W>
			<W BOX="407 354 452 382" STYLE_REF="4">shall</W>
			<W BOX="466 354 499 382" STYLE_REF="4">run</W>
			<W BOX="506 353 538 381" STYLE_REF="4">the</W>
			<W BOX="548 353 614 381" STYLE_REF="4">chance</W>
			<W BOX="626 352 643 380" STYLE_REF="4">of</W>
			<W BOX="655 351 715 379" STYLE_REF="4">losing</W>
			<W BOX="722 351 754 379" STYLE_REF="4">the</W>
			<L BOX="81 380 754 430"/>
			<W BOX="81 380 201 408" STYLE_REF="4">appointment</W>
			<Q BOX="106 402 134 430" STYLE_REF="4" QID="16">Le</Q>
			<q BOX="133 402 141 430" STYLE_REF="4" QID="16">t</q>
			<QW QID="16">Let</QW>
			<W BOX="176 402 225 430" STYLE_REF="4">view</W>
			<W BOX="201 380 208 408" STYLE_REF="4" NS="y">.</W>
			<W BOX="210 380 223 408" STYLE_REF="4">"</W>
			<W BOX="232 400 285 429" STYLE_REF="4">social</W>
			<W BOX="297 399 415 427" STYLE_REF="4">organization</W>
			<W BOX="426 398 446 426" STYLE_REF="4">as</W>
			<W BOX="453 398 482 426" STYLE_REF="4">we</W>
			<Q BOX="487 397 527 426" STYLE_REF="4" QID="17">will</Q>
			<q BOX="539 397 563 425" STYLE_REF="4" QID="17">on</q>
			<QW QID="17">willon</QW>
			<W BOX="572 397 602 425" STYLE_REF="4">the</W>
			<W BOX="612 396 666 424" STYLE_REF="4">broad</W>
			<W BOX="679 395 728 424" STYLE_REF="4">stage</W>
			<W BOX="736 395 754 423" STYLE_REF="4">of</W>
		</Primitive>
		<Primitive BOX="24 418 811 488" ID="Ar0040006" SEQ_NO="6" TOC_ENTRY_ID="4" DEPTH_LEVEL="1">
			<L BOX="148 397 532 430"/>
			<W BOX="148 402 170 430" STYLE_REF="4">us</W>
			<W BOX="526 397 532 426" STYLE_REF="4">,</W>
			<L BOX="83 418 754 452"/>
			<W BOX="83 424 114 452" STYLE_REF="4">the</W>
			<W BOX="126 424 184 452" STYLE_REF="4">whole</W>
			<W BOX="197 423 280 451" STYLE_REF="4">civilized</W>
			<W BOX="293 422 348 450" STYLE_REF="4" NS="y">world</W>
			<W BOX="349 422 354 450" STYLE_REF="4">,</W>
			<W BOX="368 425 387 448" STYLE_REF="7">or</W>
			<W BOX="400 425 420 448" STYLE_REF="7">in</W>
			<Q BOX="436 425 458 448" STYLE_REF="7" QID="18">de</Q>
			<Q BOX="457 420 465 448" STYLE_REF="4" QID="18">t</Q>
			<q BOX="466 424 490 447" STYLE_REF="7" NS="y" QID="18">ail</q>
			<QW QID="18">detail</QW>
			<W BOX="491 420 496 448" STYLE_REF="4">,</W>
			<W BOX="510 419 530 448" STYLE_REF="4">in</W>
			<W BOX="541 419 573 448" STYLE_REF="4">the</W>
			<Q BOX="587 419 633 447" STYLE_REF="4" QID="19">hosp</Q>
			<Q BOX="632 421 640 445" STYLE_REF="7" QID="19">i</Q>
			<Q BOX="639 418 646 446" STYLE_REF="4" QID="19">t</Q>
			<q BOX="647 421 664 445" STYLE_REF="7" QID="19">al</q>
			<QW QID="19">hospital</QW>
			<W BOX="677 421 711 445" STYLE_REF="7">and</W>
			<Q BOX="724 418 731 446" STYLE_REF="4" QID="20">t</Q>
			<q BOX="731 421 754 444" STYLE_REF="7" QID="20">he</q>
			<QW QID="20">the</QW>
			<L BOX="82 439 756 496"/>
			<W BOX="82 471 101 496" STYLE_REF="10">bl</W>
			<W BOX="82 446 188 474" STYLE_REF="4">workhouse</W>
			<Q BOX="103 471 141 496" STYLE_REF="10" QID="21">ems</Q>
			<q BOX="159 467 262 495" STYLE_REF="4" QID="21">insurmoun</q>
			<QW QID="21">emsinsurmoun</QW>
			<W BOX="189 446 194 474" STYLE_REF="4">,</W>
			<W BOX="203 444 315 473" STYLE_REF="4">everywhere</W>
			<W BOX="264 466 310 494" STYLE_REF="4">table</W>
			<W BOX="325 465 423 493" STYLE_REF="4">difficulties</W>
			<W BOX="328 443 373 472" STYLE_REF="4">shall</W>
			<W BOX="386 443 415 471" STYLE_REF="4">we</W>
			<W BOX="428 465 432 493" STYLE_REF="4">,</W>
			<W BOX="428 442 479 471" STYLE_REF="4">behol</W>
			<W BOX="445 464 564 492" STYLE_REF="4">ineradicable</W>
			<W BOX="481 442 492 470" STYLE_REF="4">d</W>
			<W BOX="505 442 595 470" STYLE_REF="4">apparentl</W>
			<W BOX="579 462 706 491" STYLE_REF="4">incongruities</W>
			<W BOX="596 441 608 469" STYLE_REF="4">y</W>
			<Q BOX="616 440 693 468" STYLE_REF="4" QID="22">insolubl</Q>
			<q BOX="694 439 704 468" STYLE_REF="4" QID="22">e</q>
			<QW QID="22">insoluble</QW>
			<W BOX="707 462 712 490" STYLE_REF="4">.</W>
			<W BOX="715 439 746 468" STYLE_REF="4">pro</W>
			<W BOX="735 461 756 489" STYLE_REF="4">Is</W>
			<Q BOX="746 439 754 468" STYLE_REF="4" QID="23">-</Q>
		</Primitive>
		<Primitive BOX="24 476 811 563" ID="Ar0040007" SEQ_NO="7" TOC_ENTRY_ID="4" DEPTH_LEVEL="1">
			<L BOX="82 468 754 519"/>
			<q BOX="82 490 120 519" STYLE_REF="4" QID="23">this</q>
			<QW QID="23">this</QW>
			<W BOX="129 490 161 519" STYLE_REF="4">the</W>
			<W BOX="141 468 145 497" STYLE_REF="4">,</W>
			<W BOX="168 489 276 518" STYLE_REF="4">irrevocable</W>
			<W BOX="288 488 386 516" STYLE_REF="4">ordination</W>
			<W BOX="399 487 416 515" STYLE_REF="4">of</W>
			<W BOX="423 486 533 515" STYLE_REF="4" NS="y">Providence</W>
			<W BOX="534 486 539 515" STYLE_REF="4">,</W>
			<W BOX="548 486 567 514" STYLE_REF="4">or</W>
			<W BOX="576 486 598 514" STYLE_REF="4">do</W>
			<W BOX="605 485 655 513" STYLE_REF="4">these</W>
			<W BOX="665 484 754 512" STYLE_REF="4">problems</W>
			<L BOX="81 506 754 564"/>
			<W BOX="81 536 107 564" STYLE_REF="4">bu</W>
			<W BOX="82 512 102 541" STYLE_REF="4">in</W>
			<W BOX="107 536 115 564" STYLE_REF="4">t</W>
			<Q BOX="110 512 153 541" STYLE_REF="4" QID="24">grea</Q>
			<q BOX="152 512 161 541" STYLE_REF="4" QID="24">t</q>
			<QW QID="24">great</QW>
			<W BOX="165 534 182 562" STYLE_REF="4">of</W>
			<W BOX="168 512 207 541" STYLE_REF="4">part</W>
			<W BOX="194 534 226 562" STYLE_REF="4">the</W>
			<W BOX="219 511 262 539" STYLE_REF="4">arise</W>
			<W BOX="236 533 273 561" STYLE_REF="4">two</W>
			<W BOX="272 511 315 539" STYLE_REF="4">from</W>
			<W BOX="280 532 327 560" STYLE_REF="4">great</W>
			<W BOX="327 509 369 538" STYLE_REF="4">man</W>
			<W BOX="336 532 391 560" STYLE_REF="4">forces</W>
			<W BOX="375 509 441 538" STYLE_REF="4">setting</W>
			<W BOX="402 532 435 560" STYLE_REF="4">she</W>
			<W BOX="442 531 475 559" STYLE_REF="4">has</W>
			<W BOX="453 508 483 537" STYLE_REF="4">his</W>
			<W BOX="483 530 552 559" STYLE_REF="4">created</W>
			<W BOX="494 508 532 537" STYLE_REF="4">face</W>
			<W BOX="544 507 614 536" STYLE_REF="4">against</W>
			<W BOX="558 529 566 558" STYLE_REF="4">?</W>
			<W BOX="588 529 662 557" STYLE_REF="4">Strange</W>
			<W BOX="624 507 688 535" STYLE_REF="4">nature</W>
			<W BOX="663 529 668 557" STYLE_REF="4">,</W>
			<W BOX="676 528 716 557" STYLE_REF="4">that</W>
			<W BOX="688 506 693 534" STYLE_REF="4">,</W>
			<W BOX="700 506 754 534" STYLE_REF="4">using</W>
			<W BOX="723 528 753 557" STYLE_REF="4">the</W>
		</Primitive>
		<Primitive BOX="24 551 811 607" ID="Ar0040008" SEQ_NO="8" TOC_ENTRY_ID="4" DEPTH_LEVEL="1">
			<L BOX="123 534 156 563"/>
			<W BOX="123 534 156 563" STYLE_REF="4">one</W>
			<L BOX="81 551 754 608"/>
			<W BOX="81 560 152 585" STYLE_REF="10">necessi</W>
			<W BOX="82 580 114 608" STYLE_REF="4">the</W>
			<W BOX="122 578 239 606" STYLE_REF="4">government</W>
			<Q BOX="151 557 159 585" STYLE_REF="4" QID="25">t</Q>
			<q BOX="159 559 171 584" STYLE_REF="10" QID="25">y</q>
			<QW QID="25">ty</QW>
			<W BOX="179 555 205 584" STYLE_REF="4">for</W>
			<W BOX="217 555 248 584" STYLE_REF="4">the</W>
			<W BOX="247 577 264 605" STYLE_REF="4">of</W>
			<W BOX="256 554 292 583" STYLE_REF="4">mal</W>
			<W BOX="272 576 303 604" STYLE_REF="4">the</W>
			<W BOX="292 554 302 582" STYLE_REF="4">e</W>
			<W BOX="309 576 359 604" STYLE_REF="4">famil</W>
			<W BOX="314 554 348 582" STYLE_REF="4">and</W>
			<W BOX="356 553 407 582" STYLE_REF="4">femal</W>
			<W BOX="359 576 372 604" STYLE_REF="4" NS="y">y</W>
			<W BOX="372 576 377 604" STYLE_REF="4">,</W>
			<W BOX="386 578 410 603" STYLE_REF="10">bu</W>
			<W BOX="409 553 419 581" STYLE_REF="4">e</W>
			<W BOX="411 575 418 604" STYLE_REF="4">t</W>
			<W BOX="426 578 433 603" STYLE_REF="10">i</W>
			<W BOX="432 553 508 581" STYLE_REF="4">element</W>
			<W BOX="434 575 500 603" STYLE_REF="4">gnored</W>
			<W BOX="508 574 526 603" STYLE_REF="4">in</W>
			<W BOX="520 552 583 580" STYLE_REF="4">should</W>
			<W BOX="535 574 567 602" STYLE_REF="4">the</W>
			<W BOX="574 573 690 602" STYLE_REF="4">government</W>
			<W BOX="591 552 613 580" STYLE_REF="4">be</W>
			<W BOX="623 551 726 579" STYLE_REF="4">recognised</W>
			<W BOX="699 573 716 601" STYLE_REF="4">of</W>
			<W BOX="724 573 754 601" STYLE_REF="4">the</W>
			<W BOX="734 551 752 579" STYLE_REF="4">in</W>
			<L BOX="673 595 753 623"/>
			<W BOX="673 595 712 623" STYLE_REF="4">rich</W>
			<W BOX="719 595 753 623" STYLE_REF="4">and</W>
		</Primitive>
		<Primitive BOX="24 595 811 674" ID="Ar0040009" SEQ_NO="9" TOC_ENTRY_ID="4" DEPTH_LEVEL="1">
			<L BOX="81 596 665 629"/>
			<Q BOX="81 604 140 629" STYLE_REF="10" QID="26">world</Q>
			<q BOX="153 600 193 629" STYLE_REF="4" QID="26">that</q>
			<QW QID="26">worldthat</QW>
			<W BOX="200 599 292 628" STYLE_REF="4">universal</W>
			<W BOX="297 598 330 627" STYLE_REF="4">and</W>
			<W BOX="339 597 483 626" STYLE_REF="4">comprehensive</W>
			<Q BOX="487 597 537 625" STYLE_REF="4" QID="27">famil</Q>
			<q BOX="537 597 550 625" STYLE_REF="4" NS="y" QID="27">y</q>
			<QW QID="27">family</QW>
			<W BOX="550 597 557 625" STYLE_REF="4">,</W>
			<W BOX="565 596 665 624" STYLE_REF="4">embracing</W>
			<L BOX="80 601 754 674"/>
			<W BOX="80 625 94 653" STYLE_REF="4">p</W>
			<W BOX="80 646 120 674" STYLE_REF="4">that</W>
			<W BOX="94 626 125 652" STYLE_REF="10" NS="y">oor</W>
			<W BOX="126 624 131 653" STYLE_REF="4">,</W>
			<W BOX="132 645 207 673" STYLE_REF="4">nothing</W>
			<W BOX="139 623 177 651" STYLE_REF="4">sick</W>
			<W BOX="141 601 145 630" STYLE_REF="4">,</W>
			<W BOX="189 622 222 650" STYLE_REF="4">and</W>
			<W BOX="220 643 268 672" STYLE_REF="4">short</W>
			<W BOX="236 621 299 649" STYLE_REF="4">health</W>
			<W BOX="282 643 299 671" STYLE_REF="4">of</W>
			<W BOX="297 621 309 649" STYLE_REF="4" NS="y">y</W>
			<W BOX="309 621 316 649" STYLE_REF="4">,</W>
			<W BOX="311 643 342 671" STYLE_REF="4">the</W>
			<W BOX="323 620 394 648" STYLE_REF="4">learned</W>
			<Q BOX="352 642 384 670" STYLE_REF="4" QID="28">uni</Q>
			<q BOX="384 642 414 670" STYLE_REF="4" QID="28">ted</q>
			<QW QID="28">united</QW>
			<W BOX="403 619 437 648" STYLE_REF="4">and</W>
			<W BOX="426 642 482 670" STYLE_REF="4">forces</W>
			<Q BOX="449 619 457 648" STYLE_REF="4" QID="29">i</Q>
			<q BOX="456 619 525 647" STYLE_REF="4" QID="29">gnoran</q>
			<QW QID="29">ignoran</QW>
			<W BOX="495 641 512 669" STYLE_REF="4">of</W>
			<W BOX="524 619 531 647" STYLE_REF="4">t</W>
			<W BOX="526 641 551 669" STYLE_REF="4">all</W>
			<W BOX="533 618 538 647" STYLE_REF="4">,</W>
			<W BOX="546 621 614 646" STYLE_REF="10">elemen</W>
			<W BOX="562 640 658 668" STYLE_REF="4">humanity</W>
			<Q BOX="613 617 622 646" STYLE_REF="4" QID="30">t</Q>
			<q BOX="622 620 630 645" STYLE_REF="10" QID="30">s</q>
			<QW QID="30">ts</QW>
			<W BOX="640 620 660 645" STYLE_REF="10">so</W>
			<W BOX="663 639 694 668" STYLE_REF="4">can</W>
			<W BOX="670 620 745 645" STYLE_REF="10">opposed</W>
			<Q BOX="707 639 743 667" STYLE_REF="4" QID="31">hop</Q>
			<q BOX="743 639 754 667" STYLE_REF="4" QID="31">e</q>
			<QW QID="31">hope</QW>
			<W BOX="747 617 754 645" STYLE_REF="4">,</W>
		</Primitive>
		<Primitive BOX="24 662 811 740" ID="Ar0040010" SEQ_NO="10" TOC_ENTRY_ID="4" DEPTH_LEVEL="1">
			<L BOX="347 643 350 671"/>
			<W BOX="347 643 350 671" STYLE_REF="4">.</W>
			<L BOX="81 661 757 740"/>
			<W BOX="81 690 124 718" STYLE_REF="4">Man</W>
			<W BOX="81 668 101 696" STYLE_REF="4">to</W>
			<W BOX="81 712 114 740" STYLE_REF="4">All</W>
			<W BOX="106 668 143 696" STYLE_REF="4">win</W>
			<W BOX="125 712 163 740" STYLE_REF="4">that</W>
			<W BOX="140 689 191 718" STYLE_REF="4">alone</W>
			<W BOX="150 667 174 695" STYLE_REF="4">its</W>
			<W BOX="175 711 206 739" STYLE_REF="4">the</W>
			<W BOX="182 666 283 694" STYLE_REF="4">confidence</W>
			<W BOX="206 689 238 717" STYLE_REF="4">has</W>
			<W BOX="218 710 266 738" STYLE_REF="4">male</W>
			<W BOX="253 687 344 715" STYLE_REF="4">organised</W>
			<W BOX="276 709 355 737" STYLE_REF="4">intellect</W>
			<W BOX="286 666 291 694" STYLE_REF="4">,</W>
			<W BOX="297 667 348 692" STYLE_REF="10">reach</W>
			<W BOX="356 667 364 692" STYLE_REF="10">i</W>
			<W BOX="361 687 396 715" STYLE_REF="4">and</W>
			<W BOX="363 665 370 693" STYLE_REF="4">t</W>
			<W BOX="368 709 399 737" STYLE_REF="4">can</W>
			<W BOX="371 667 381 692" STYLE_REF="10" NS="y">s</W>
			<W BOX="378 666 381 694" STYLE_REF="4" NS="y">.</W>
			<S S_TYPE="SUP">
				<W BOX="385 666 426 692" STYLE_REF="10">sym</W>
			</S>
			<W BOX="412 686 504 714" STYLE_REF="4">organised</W>
			<W BOX="413 708 483 736" STYLE_REF="4">suggest</W>
			<Q BOX="425 664 438 692" STYLE_REF="4" QID="32">p</Q>
			<Q BOX="438 666 448 692" STYLE_REF="10" QID="32">a</Q>
			<Q BOX="448 664 455 692" STYLE_REF="4" QID="32">t</Q>
			<q BOX="455 666 495 692" STYLE_REF="10" NS="y" QID="32">hies</q>
			<QW QID="32">pathies</QW>
			<W BOX="496 664 501 692" STYLE_REF="4">,</W>
			<W BOX="496 708 528 736" STYLE_REF="4">has</W>
			<W BOX="506 686 511 714" STYLE_REF="4">,</W>
			<W BOX="507 663 526 692" STYLE_REF="4">or</W>
			<W BOX="524 685 559 714" STYLE_REF="4">and</W>
			<W BOX="533 662 598 691" STYLE_REF="4">allevia</W>
			<W BOX="538 707 584 736" STYLE_REF="4">been</W>
			<W BOX="574 685 628 713" STYLE_REF="4">failed</W>
			<W BOX="595 707 651 735" STYLE_REF="4">broug</W>
			<W BOX="597 662 615 691" STYLE_REF="4">te</W>
			<W BOX="622 662 646 691" STYLE_REF="4">its</W>
			<W BOX="642 684 676 712" STYLE_REF="4">and</W>
			<W BOX="651 708 664 733" STYLE_REF="10">h</W>
			<W BOX="654 661 746 690" STYLE_REF="4">sufferings</W>
			<W BOX="665 706 672 734" STYLE_REF="4">t</W>
			<Q BOX="682 706 689 734" STYLE_REF="4" QID="33">t</Q>
			<q BOX="690 708 700 733" STYLE_REF="10" QID="33">o</q>
			<QW QID="33">to</QW>
			<W BOX="692 684 745 712" STYLE_REF="4">failed</W>
			<W BOX="711 708 753 733" STYLE_REF="10">bear</W>
			<W BOX="745 684 751 712" STYLE_REF="4">.</W>
			<W BOX="749 661 757 690" STYLE_REF="4">.</W>
		</Primitive>
		<Primitive BOX="24 728 811 776" ID="Ar0040011" SEQ_NO="11" TOC_ENTRY_ID="4" DEPTH_LEVEL="1">
			<L BOX="81 712 755 784"/>
			<W BOX="81 736 147 762" STYLE_REF="10">directl</W>
			<Q BOX="84 758 109 783" STYLE_REF="10" QID="34">Le</Q>
			<q BOX="108 756 117 784" STYLE_REF="4" QID="34">t</q>
			<QW QID="34">Let</QW>
			<W BOX="117 712 119 740" STYLE_REF="4">.</W>
			<Q BOX="125 756 142 784" STYLE_REF="4" QID="35">A</Q>
			<q BOX="142 758 208 783" STYLE_REF="10" QID="35">merica</q>
			<QW QID="35">America</QW>
			<W BOX="146 737 159 762" STYLE_REF="10">y</W>
			<W BOX="173 736 208 761" STYLE_REF="10">and</W>
			<W BOX="220 754 245 782" STYLE_REF="4">wi</W>
			<W BOX="221 734 290 759" STYLE_REF="10">indirec</W>
			<W BOX="244 754 265 782" STYLE_REF="4">th</W>
			<W BOX="274 754 307 782" STYLE_REF="4">her</W>
			<Q BOX="290 731 298 760" STYLE_REF="4" QID="36">t</Q>
			<Q BOX="297 734 305 759" STYLE_REF="10" QID="36">l</Q>
			<q BOX="304 735 317 760" STYLE_REF="10" QID="36">y</q>
			<QW QID="36">tly</QW>
			<W BOX="316 753 397 781" STYLE_REF="4">millions</W>
			<W BOX="330 733 376 758" STYLE_REF="10">upon</W>
			<W BOX="393 733 501 758" STYLE_REF="10">civilization</W>
			<W BOX="407 752 424 781" STYLE_REF="4">of</W>
			<W BOX="437 752 496 781" STYLE_REF="4" NS="y">slaves</W>
			<W BOX="495 752 500 780" STYLE_REF="4">,</W>
			<W BOX="504 730 509 758" STYLE_REF="4">,</W>
			<W BOX="509 751 577 780" STYLE_REF="4">answer</W>
			<W BOX="522 729 556 758" STYLE_REF="4">and</W>
			<W BOX="569 728 593 756" STYLE_REF="4">wi</W>
			<W BOX="582 751 588 779" STYLE_REF="4">;</W>
			<W BOX="593 728 613 756" STYLE_REF="4">th</W>
			<W BOX="599 750 624 778" STYLE_REF="4">let</W>
			<W BOX="626 728 676 756" STYLE_REF="4">what</W>
			<W BOX="635 750 668 778" STYLE_REF="4">our</W>
			<W BOX="679 750 723 778" STYLE_REF="4">dead</W>
			<W BOX="686 728 743 756" STYLE_REF="4">result</W>
			<W BOX="731 749 755 778" STYLE_REF="4">on</W>
			<W BOX="746 727 755 756" STYLE_REF="4">?</W>
		</Primitive>
		<Primitive BOX="24 764 811 842" ID="Ar0040012" SEQ_NO="12" TOC_ENTRY_ID="4" DEPTH_LEVEL="1">
			<L BOX="82 755 752 806"/>
			<W BOX="82 778 116 806" STYLE_REF="4">the</W>
			<W BOX="82 757 86 785" STYLE_REF="4">.</W>
			<W BOX="127 778 187 806" STYLE_REF="4">shores</W>
			<W BOX="201 777 218 805" STYLE_REF="4">of</W>
			<W BOX="207 755 212 783" STYLE_REF="4">,</W>
			<W BOX="231 776 262 804" STYLE_REF="4">the</W>
			<W BOX="269 775 338 804" STYLE_REF="4">Crimea</W>
			<W BOX="350 775 418 803" STYLE_REF="4" NS="y">answer</W>
			<W BOX="424 775 429 803" STYLE_REF="4">;</W>
			<Q BOX="441 777 459 802" STYLE_REF="10" QID="37">le</Q>
			<q BOX="458 775 466 803" STYLE_REF="4" QID="37">t</q>
			<QW QID="37">let</QW>
			<W BOX="478 773 482 798" STYLE_REF="10" LH="y">-</W>
			<Q BOX="481 774 485 802" STYLE_REF="4" QID="38">t</Q>
			<q BOX="486 776 510 802" STYLE_REF="10" QID="38">he</q>
			<QW QID="38">the</QW>
			<Q BOX="520 776 573 802" STYLE_REF="10" QID="39">recen</Q>
			<q BOX="573 774 581 802" STYLE_REF="4" QID="39">t</q>
			<QW QID="39">recent</QW>
			<Q BOX="592 773 599 801" STYLE_REF="4" QID="40">t</Q>
			<q BOX="600 775 677 800" STYLE_REF="10" QID="40">ragedies</q>
			<QW QID="40">tragedies</QW>
			<W BOX="690 775 710 800" STYLE_REF="10">in</W>
			<W BOX="722 775 752 800" STYLE_REF="10">our</W>
			<L BOX="82 796 752 847"/>
			<W BOX="82 800 147 828" STYLE_REF="4">Indian</W>
			<W BOX="159 799 268 827" STYLE_REF="4">possessions</W>
			<W BOX="281 798 312 826" STYLE_REF="4">tell</W>
			<W BOX="324 798 371 826" STYLE_REF="4">their</W>
			<W BOX="383 797 420 825" STYLE_REF="4" NS="y">tale</W>
			<W BOX="425 797 430 825" STYLE_REF="4">;</W>
			<W BOX="443 797 477 825" STYLE_REF="4" NS="y">and</W>
			<W BOX="479 796 483 824" STYLE_REF="4">,</W>
			<W BOX="494 799 513 824" STYLE_REF="10">as</W>
			<Q BOX="498 819 506 847" STYLE_REF="4" QID="41">t</Q>
			<q BOX="516 819 524 847" STYLE_REF="4" QID="41">t</q>
			<QW QID="41">tt</QW>
			<Q BOX="525 796 532 824" STYLE_REF="4" QID="42">t</Q>
			<q BOX="533 799 574 824" STYLE_REF="10" QID="42">hese</q>
			<QW QID="42">these</QW>
			<W BOX="566 820 598 845" STYLE_REF="10">and</W>
			<Q BOX="584 796 592 824" STYLE_REF="4" QID="43">f</Q>
			<Q BOX="592 797 607 822" STYLE_REF="10" QID="43">ar</Q>
			<Q BOX="607 797 614 822" STYLE_REF="10" LH="y" QID="43">-</Q>
			<q BOX="614 797 638 822" STYLE_REF="10" QID="43">off</q>
			<QW QID="43">far-off</QW>
			<W BOX="652 817 674 846" STYLE_REF="4">th</W>
			<W BOX="654 797 716 822" STYLE_REF="10">echoes</W>
			<W BOX="684 817 691 845" STYLE_REF="4">t</W>
			<W BOX="700 819 752 844" STYLE_REF="10">reach</W>
			<W BOX="724 797 752 822" STYLE_REF="10">die</W>
		</Primitive>
		<Primitive BOX="24 830 811 907" ID="Ar0040013" SEQ_NO="13" TOC_ENTRY_ID="4" DEPTH_LEVEL="1">
			<L BOX="82 819 753 872"/>
			<W BOX="82 847 104 872" STYLE_REF="10">us</W>
			<W BOX="82 823 134 851" STYLE_REF="4">away</W>
			<W BOX="111 847 155 872" STYLE_REF="10">from</W>
			<W BOX="134 823 140 851" STYLE_REF="4">,</W>
			<Q BOX="146 824 164 849" STYLE_REF="10" QID="44">le</Q>
			<q BOX="164 822 172 850" STYLE_REF="4" NS="y" QID="44">t</q>
			<QW QID="44">let</QW>
			<S S_TYPE="SUB">
				<W BOX="166 847 198 872" STYLE_REF="10">our</W>
			</S>
			<W BOX="179 824 200 849" STYLE_REF="10">us</W>
			<W BOX="206 845 320 870" STYLE_REF="10">workhouses</W>
			<Q BOX="212 824 236 849" STYLE_REF="10" QID="45">lis</Q>
			<Q BOX="235 821 243 849" STYLE_REF="4" QID="45">t</Q>
			<q BOX="243 823 265 848" STYLE_REF="10" QID="45">en</q>
			<QW QID="45">listen</QW>
			<Q BOX="275 820 283 848" STYLE_REF="4" QID="46">t</Q>
			<q BOX="283 822 294 847" STYLE_REF="10" QID="46">o</q>
			<QW QID="46">to</QW>
			<Q BOX="301 820 309 848" STYLE_REF="4" QID="47">t</Q>
			<q BOX="309 822 331 847" STYLE_REF="10" QID="47">he</q>
			<QW QID="47">the</QW>
			<W BOX="320 843 325 871" STYLE_REF="4">,</W>
			<W BOX="333 845 366 870" STYLE_REF="10">and</W>
			<W BOX="338 822 397 847" STYLE_REF="10">voices</W>
			<Q BOX="379 842 391 870" STYLE_REF="4" QID="48">p</Q>
			<q BOX="392 844 450 869" STYLE_REF="10" QID="48">risons</q>
			<QW QID="48">prisons</QW>
			<W BOX="410 821 427 846" STYLE_REF="10">of</W>
			<W BOX="439 821 499 846" STYLE_REF="10">lamen</W>
			<W BOX="451 841 455 870" STYLE_REF="4">,</W>
			<W BOX="463 841 497 869" STYLE_REF="4" NS="y">and</W>
			<S S_TYPE="SUP">
				<W BOX="507 821 517 846" STYLE_REF="10">a</W>
			</S>
			<W BOX="508 841 535 869" STYLE_REF="4" NS="y">fac</W>
			<S S_TYPE="SUP">
				<Q BOX="524 821 532 846" STYLE_REF="10" NS="y" QID="49">i</Q>
			</S>
			<S S_TYPE="SUP">
				<q BOX="532 819 543 847" STYLE_REF="4" QID="49">o</q>
			</S>
			<QW QID="49">io</QW>
			<W BOX="535 841 588 869" STYLE_REF="4">tories</W>
			<W BOX="542 821 554 846" STYLE_REF="10">n</W>
			<W BOX="590 840 594 868" STYLE_REF="4">,</W>
			<W BOX="601 839 609 868" STYLE_REF="4" NS="y">t</W>
			<S S_TYPE="SUP">
				<W BOX="608 820 646 845" STYLE_REF="10">woe</W>
			</S>
			<Q BOX="609 842 632 867" STYLE_REF="10" QID="50">ha</Q>
			<q BOX="632 839 640 868" STYLE_REF="4" QID="50">t</q>
			<QW QID="50">hat</QW>
			<W BOX="651 842 705 867" STYLE_REF="10">surge</W>
			<W BOX="674 820 685 845" STYLE_REF="10">a</W>
			<W BOX="712 842 753 867" STYLE_REF="10">ever</W>
			<L BOX="81 862 756 918"/>
			<W BOX="81 869 94 894" STYLE_REF="10">u</W>
			<W BOX="82 889 128 918" STYLE_REF="4">stree</W>
			<Q BOX="94 868 107 896" STYLE_REF="4" QID="51">p</Q>
			<q BOX="107 869 165 894" STYLE_REF="10" QID="51">wards</q>
			<QW QID="51">pwards</QW>
			<W BOX="129 889 146 918" STYLE_REF="4">ts</W>
			<W BOX="151 888 168 917" STYLE_REF="4">of</W>
			<W BOX="172 869 216 894" STYLE_REF="10">from</W>
			<W BOX="177 888 209 917" STYLE_REF="4">our</W>
			<W BOX="215 887 266 916" STYLE_REF="4">cities</W>
			<W BOX="225 868 256 893" STYLE_REF="10">the</W>
			<W BOX="263 865 276 894" STYLE_REF="4">p</W>
			<W BOX="266 887 271 916" STYLE_REF="4">.</W>
			<W BOX="276 867 340 892" STYLE_REF="10">inched</W>
			<W BOX="289 887 327 916" STYLE_REF="4">God</W>
			<W BOX="333 886 366 914" STYLE_REF="4">has</W>
			<W BOX="350 867 412 892" STYLE_REF="10">homes</W>
			<W BOX="371 886 439 914" STYLE_REF="4">created</W>
			<W BOX="421 866 438 891" STYLE_REF="10">of</W>
			<W BOX="448 886 484 914" STYLE_REF="4">two</W>
			<Q BOX="451 863 462 892" STYLE_REF="4" QID="52">o</Q>
			<q BOX="461 866 483 891" STYLE_REF="10" QID="52">ur</q>
			<QW QID="52">our</QW>
			<Q BOX="491 866 509 891" STYLE_REF="10" QID="53">ar</Q>
			<Q BOX="510 863 518 892" STYLE_REF="4" QID="53">t</Q>
			<q BOX="517 866 565 891" STYLE_REF="10" NS="y" QID="53">isans</q>
			<QW QID="53">artisans</QW>
			<W BOX="566 863 571 891" STYLE_REF="4">,</W>
			<W BOX="577 884 618 913" STYLE_REF="4">man</W>
			<W BOX="579 864 622 890" STYLE_REF="10">from</W>
			<W BOX="625 884 666 912" STYLE_REF="4">uses</W>
			<Q BOX="630 862 639 890" STYLE_REF="4" QID="54">t</Q>
			<q BOX="638 864 663 889" STYLE_REF="10" QID="54">he</q>
			<QW QID="54">the</QW>
			<W BOX="672 864 753 889" STYLE_REF="10">crowded</W>
			<W BOX="673 884 705 912" STYLE_REF="4">but</W>
			<W BOX="713 884 747 912" STYLE_REF="4" NS="y">one</W>
			<W BOX="747 884 756 912" STYLE_REF="4">.</W>
			<L BOX="489 885 569 914"/>
			<W BOX="489 885 558 914" STYLE_REF="4">powers</W>
			<W BOX="563 885 569 913" STYLE_REF="4">;</W>
		</Primitive>
		<Primitive BOX="24 895 811 983" ID="Ar0040014" SEQ_NO="14" TOC_ENTRY_ID="4" DEPTH_LEVEL="1">
			<L BOX="81 906 753 940"/>
			<Q BOX="81 912 104 940" STYLE_REF="4" QID="55">W</Q>
			<q BOX="105 914 147 939" STYLE_REF="10" QID="55">here</q>
			<QW QID="55">Where</QW>
			<Q BOX="159 911 172 939" STYLE_REF="4" QID="56">p</Q>
			<Q BOX="172 913 197 938" STYLE_REF="10" QID="56">oli</Q>
			<Q BOX="196 911 204 939" STYLE_REF="4" QID="56">t</Q>
			<q BOX="205 912 240 937" STYLE_REF="10" QID="56">ical</q>
			<QW QID="56">political</QW>
			<Q BOX="252 912 296 937" STYLE_REF="10" QID="57">econ</Q>
			<Q BOX="296 910 307 938" STYLE_REF="4" QID="57">o</Q>
			<q BOX="306 912 337 937" STYLE_REF="10" QID="57">my</q>
			<QW QID="57">economy</QW>
			<W BOX="349 911 380 936" STYLE_REF="10">has</W>
			<W BOX="391 910 445 936" STYLE_REF="10" NS="y">failed</W>
			<W BOX="447 908 453 936" STYLE_REF="4">,</W>
			<Q BOX="463 907 471 936" STYLE_REF="4" QID="58">t</Q>
			<q BOX="471 910 495 935" STYLE_REF="10" QID="58">he</q>
			<QW QID="58">the</QW>
			<W BOX="508 910 593 935" STYLE_REF="10">economy</W>
			<W BOX="604 909 621 934" STYLE_REF="10">of</W>
			<Q BOX="637 909 660 934" STYLE_REF="10" QID="59">na</Q>
			<Q BOX="661 906 667 934" STYLE_REF="4" QID="59">t</Q>
			<q BOX="668 908 700 933" STYLE_REF="10" QID="59">ure</q>
			<QW QID="59">nature</QW>
			<Q BOX="712 908 741 933" STYLE_REF="10" QID="60">ma</Q>
			<q BOX="740 906 753 934" STYLE_REF="4" QID="60">y</q>
			<QW QID="60">may</QW>
			<L BOX="82 928 753 983"/>
			<W BOX="82 958 122 983" STYLE_REF="10">gale</W>
			<W BOX="82 933 158 962" STYLE_REF="4">succeed</W>
			<W BOX="140 957 159 982" STYLE_REF="10">ar</W>
			<W BOX="158 933 163 962" STYLE_REF="4">.</W>
			<W BOX="159 955 169 983" STYLE_REF="4">e</W>
			<W BOX="181 957 196 982" STYLE_REF="10">si</W>
			<W BOX="187 932 281 960" STYLE_REF="4">Elizabeth</W>
			<W BOX="196 956 238 982" STYLE_REF="10">gnal</W>
			<Q BOX="252 956 281 981" STYLE_REF="10" QID="61">ins</Q>
			<q BOX="281 954 288 982" STYLE_REF="4" QID="61">t</q>
			<QW QID="61">inst</QW>
			<W BOX="288 932 324 960" STYLE_REF="4">Fry</W>
			<W BOX="289 956 339 981" STYLE_REF="10">ances</W>
			<W BOX="325 932 331 960" STYLE_REF="4">,</W>
			<Q BOX="337 931 352 959" STYLE_REF="4" QID="62">C</Q>
			<q BOX="351 933 419 958" STYLE_REF="10" QID="62">aroline</q>
			<QW QID="62">Caroline</QW>
			<W BOX="352 955 368 980" STYLE_REF="10">of</W>
			<Q BOX="380 955 422 980" STYLE_REF="10" QID="63">wha</Q>
			<q BOX="421 952 429 980" STYLE_REF="4" QID="63">t</q>
			<QW QID="63">what</QW>
			<W BOX="427 931 442 959" STYLE_REF="4">C</W>
			<W BOX="441 952 448 980" STYLE_REF="4">t</W>
			<W BOX="441 932 500 958" STYLE_REF="10">hishol</W>
			<W BOX="448 954 471 979" STYLE_REF="10">he</W>
			<W BOX="485 954 505 979" STYLE_REF="10">in</W>
			<W BOX="501 930 518 958" STYLE_REF="4">m</W>
			<Q BOX="505 952 512 980" STYLE_REF="4" QID="64">t</Q>
			<q BOX="512 953 566 979" STYLE_REF="10" QID="64">roduc</q>
			<QW QID="64">troduc</QW>
			<W BOX="520 930 524 958" STYLE_REF="4">,</W>
			<W BOX="532 932 567 957" STYLE_REF="10">and</W>
			<Q BOX="566 951 574 979" STYLE_REF="4" QID="65">t</Q>
			<q BOX="574 953 603 978" STYLE_REF="10" QID="65">ion</q>
			<QW QID="65">tion</QW>
			<Q BOX="576 928 591 956" STYLE_REF="4" QID="66">F</Q>
			<q BOX="591 930 662 955" STYLE_REF="10" QID="66">lorence</q>
			<QW QID="66">Florence</QW>
			<W BOX="616 953 633 978" STYLE_REF="10">of</W>
			<Q BOX="646 950 654 978" STYLE_REF="4" QID="67">t</Q>
			<q BOX="654 952 677 977" STYLE_REF="10" QID="67">he</q>
			<QW QID="67">the</QW>
			<Q BOX="669 928 686 956" STYLE_REF="4" QID="68">N</Q>
			<q BOX="687 930 693 955" STYLE_REF="10" QID="68">i</q>
			<QW QID="68">Ni</QW>
			<W BOX="689 952 736 977" STYLE_REF="10">fema</W>
			<Q BOX="694 928 707 956" STYLE_REF="4" QID="69">g</Q>
			<Q BOX="706 928 719 956" STYLE_REF="4" QID="69">h</Q>
			<q BOX="719 928 745 956" STYLE_REF="4" QID="69">tin</q>
			<QW QID="69">ghtin</QW>
			<W BOX="735 950 753 978" STYLE_REF="4">le</W>
			<Q BOX="745 928 753 956" STYLE_REF="4" QID="70">-</Q>
		</Primitive>
		<Primitive BOX="24 972 811 1019" ID="Ar0040015" SEQ_NO="15" TOC_ENTRY_ID="4" DEPTH_LEVEL="1">
			<L BOX="80 955 753 1028"/>
			<q BOX="80 1000 89 1028" STYLE_REF="4" QID="70">f</q>
			<QW QID="70">f</QW>
			<W BOX="81 978 151 1006" STYLE_REF="4">elemen</W>
			<Q BOX="89 1002 109 1027" STYLE_REF="10" QID="71">er</Q>
			<Q BOX="109 1000 115 1028" STYLE_REF="4" QID="71">t</Q>
			<q BOX="116 1002 168 1027" STYLE_REF="10" QID="71">ilised</q>
			<QW QID="71">ertilised</QW>
			<W BOX="123 955 128 983" STYLE_REF="4">,</W>
			<W BOX="151 977 159 1005" STYLE_REF="4">t</W>
			<W BOX="165 977 207 1005" STYLE_REF="4">may</W>
			<Q BOX="176 999 189 1027" STYLE_REF="4" QID="72">b</Q>
			<q BOX="208 998 240 1026" STYLE_REF="4" QID="72">the</q>
			<QW QID="72">bthe</QW>
			<W BOX="214 976 287 1004" STYLE_REF="4">achieve</W>
			<W BOX="279 997 298 1025" STYLE_REF="4">id</W>
			<W BOX="287 976 292 1004" STYLE_REF="4">.</W>
			<W BOX="310 997 329 1025" STYLE_REF="4">in</W>
			<W BOX="316 975 351 1003" STYLE_REF="4">Let</W>
			<Q BOX="329 997 357 1025" STYLE_REF="4" QID="73">tui</Q>
			<q BOX="356 997 384 1025" STYLE_REF="4" QID="73">tiv</q>
			<QW QID="73">tuitiv</QW>
			<W BOX="358 975 388 1003" STYLE_REF="4">the</W>
			<W BOX="383 997 393 1025" STYLE_REF="4">e</W>
			<W BOX="401 974 446 1003" STYLE_REF="4">slow</W>
			<W BOX="404 996 516 1024" STYLE_REF="4">perceptions</W>
			<W BOX="446 974 451 1002" STYLE_REF="4">,</W>
			<Q BOX="458 977 490 1002" STYLE_REF="10" QID="74">log</Q>
			<q BOX="490 976 524 1001" STYLE_REF="10" QID="74">ical</q>
			<QW QID="74">logical</QW>
			<W BOX="528 996 545 1024" STYLE_REF="4">of</W>
			<Q BOX="531 976 550 1001" STYLE_REF="10" QID="75">in</Q>
			<q BOX="551 973 558 1002" STYLE_REF="4" QID="75">t</q>
			<QW QID="75">int</QW>
			<W BOX="557 995 589 1023" STYLE_REF="4">the</W>
			<Q BOX="559 976 593 1001" STYLE_REF="10" QID="76">elle</Q>
			<q BOX="594 973 610 1001" STYLE_REF="4" QID="76">ct</q>
			<QW QID="76">ellect</QW>
			<W BOX="597 995 667 1023" STYLE_REF="4">woman</W>
			<W BOX="618 975 635 1000" STYLE_REF="10">of</W>
			<Q BOX="643 972 651 1001" STYLE_REF="4" QID="77">t</Q>
			<Q BOX="650 975 663 1000" STYLE_REF="10" QID="77">h</Q>
			<q BOX="664 972 674 1001" STYLE_REF="4" QID="77">e</q>
			<QW QID="77">the</QW>
			<W BOX="670 995 675 1023" STYLE_REF="4" NS="y">;</W>
			<S S_TYPE="SUP">
				<W BOX="682 975 723 1000" STYLE_REF="10">man</W>
			</S>
			<W BOX="687 995 713 1023" STYLE_REF="4">let</W>
			<W BOX="721 995 752 1023" STYLE_REF="4">the</W>
			<Q BOX="730 975 742 1000" STYLE_REF="10" QID="78">b</Q>
			<q BOX="742 972 753 1001" STYLE_REF="4" QID="78">e</q>
			<QW QID="78">be</QW>
			<L BOX="247 998 279 1026"/>
			<W BOX="247 998 279 1026" STYLE_REF="4">rap</W>
		</Primitive>
		<Primitive BOX="24 1007 811 1084" ID="Ar0040016" SEQ_NO="16" TOC_ENTRY_ID="4" DEPTH_LEVEL="1">
			<L BOX="81 999 753 1051"/>
			<Q BOX="81 1022 92 1051" STYLE_REF="4" QID="79">c</Q>
			<Q BOX="91 1024 131 1050" STYLE_REF="10" QID="79">alcu</Q>
			<Q BOX="130 1022 139 1050" STYLE_REF="4" QID="79">l</Q>
			<Q BOX="138 1024 149 1049" STYLE_REF="10" QID="79">a</Q>
			<Q BOX="148 1022 156 1050" STYLE_REF="4" QID="79">t</Q>
			<Q BOX="157 1024 175 1049" STYLE_REF="10" QID="79">in</Q>
			<q BOX="175 1022 188 1050" STYLE_REF="4" QID="79">g</q>
			<QW QID="79">calculating</QW>
			<W BOX="188 999 201 1027" STYLE_REF="4" NS="y">y</W>
			<S S_TYPE="SUB">
				<Q BOX="195 1023 225 1048" STYLE_REF="10" QID="80">ma</Q>
			</S>
			<Q BOX="224 1020 233 1048" STYLE_REF="4" QID="80">l</Q>
			<q BOX="232 1023 242 1048" STYLE_REF="10" QID="80">e</q>
			<QW QID="80">male</QW>
			<W BOX="249 1022 301 1047" STYLE_REF="10">brain</W>
			<Q BOX="307 1019 320 1048" STYLE_REF="4" QID="81">b</Q>
			<q BOX="320 1022 331 1047" STYLE_REF="10" QID="81">e</q>
			<QW QID="81">be</QW>
			<Q BOX="340 1019 348 1048" STYLE_REF="4" QID="82">t</Q>
			<Q BOX="349 1021 376 1046" STYLE_REF="10" QID="82">em</Q>
			<Q BOX="376 1019 388 1047" STYLE_REF="4" QID="82">p</Q>
			<q BOX="389 1021 430 1046" STYLE_REF="10" QID="82">ered</q>
			<QW QID="82">tempered</QW>
			<Q BOX="439 1019 451 1047" STYLE_REF="4" QID="83">b</Q>
			<q BOX="450 1018 463 1047" STYLE_REF="4" QID="83">y</q>
			<QW QID="83">by</QW>
			<W BOX="470 1018 502 1047" STYLE_REF="4">the</W>
			<W BOX="508 1017 563 1045" STYLE_REF="4">warm</W>
			<W BOX="571 1017 663 1045" STYLE_REF="4">emotional</W>
			<W BOX="671 1016 753 1045" STYLE_REF="4">faculties</W>
			<L BOX="81 1039 753 1089"/>
			<W BOX="81 1044 98 1073" STYLE_REF="4">of</W>
			<W BOX="110 1044 141 1072" STYLE_REF="4">the</W>
			<W BOX="148 1043 212 1072" STYLE_REF="4" NS="y">female</W>
			<W BOX="217 1043 222 1072" STYLE_REF="4">;</W>
			<W BOX="234 1042 259 1070" STYLE_REF="4">let</W>
			<W BOX="267 1042 296 1070" STYLE_REF="4">his</W>
			<Q BOX="305 1042 318 1070" STYLE_REF="4" QID="84">p</Q>
			<Q BOX="317 1041 330 1070" STYLE_REF="4" QID="84">h</Q>
			<q BOX="330 1041 386 1069" STYLE_REF="4" QID="84">ysical</q>
			<QW QID="84">physical</QW>
			<W BOX="401 1040 475 1068" STYLE_REF="4">courage</W>
			<W BOX="486 1040 508 1068" STYLE_REF="4">be</W>
			<W BOX="518 1040 583 1068" STYLE_REF="4">refined</W>
			<W BOX="523 1061 647 1089" STYLE_REF="4">characterizes</W>
			<W BOX="597 1039 631 1067" STYLE_REF="4">and</W>
			<Q BOX="641 1039 684 1067" STYLE_REF="4" QID="85">insp</Q>
			<q BOX="683 1041 720 1066" STYLE_REF="10" QID="85">ired</q>
			<QW QID="85">inspired</QW>
			<W BOX="698 1060 752 1088" STYLE_REF="4">social</W>
			<Q BOX="729 1041 741 1066" STYLE_REF="10" QID="86">b</Q>
			<q BOX="740 1039 753 1067" STYLE_REF="4" QID="86">y</q>
			<QW QID="86">by</QW>
		</Primitive>
		<Primitive BOX="24 1072 811 1138" ID="Ar0040017" SEQ_NO="17" TOC_ENTRY_ID="4" DEPTH_LEVEL="1">
			<L BOX="80 1060 753 1115"/>
			<W BOX="80 1068 113 1093" STYLE_REF="10">her</W>
			<Q BOX="81 1090 101 1115" STYLE_REF="10" QID="87">or</Q>
			<q BOX="113 1090 163 1115" STYLE_REF="10" QID="87">aniza</q>
			<QW QID="87">oraniza</QW>
			<W BOX="126 1067 180 1093" STYLE_REF="10">moral</W>
			<Q BOX="163 1087 171 1115" STYLE_REF="4" QID="88">t</Q>
			<q BOX="171 1089 201 1114" STYLE_REF="10" QID="88">ion</q>
			<QW QID="88">tion</QW>
			<W BOX="193 1067 267 1092" STYLE_REF="10">courage</W>
			<W BOX="213 1089 242 1114" STYLE_REF="10">ma</W>
			<W BOX="269 1063 274 1092" STYLE_REF="4" NS="y">,</W>
			<S S_TYPE="SUB">
				<W BOX="275 1088 304 1113" STYLE_REF="10">erc</W>
			</S>
			<W BOX="283 1063 317 1091" STYLE_REF="4">and</W>
			<Q BOX="304 1085 316 1113" STYLE_REF="4" QID="89">h</Q>
			<q BOX="317 1088 349 1113" STYLE_REF="10" QID="89">anc</q>
			<QW QID="89">hanc</QW>
			<W BOX="325 1063 355 1091" STYLE_REF="4">the</W>
			<W BOX="350 1085 360 1113" STYLE_REF="4">e</W>
			<W BOX="367 1062 444 1090" STYLE_REF="4">sterility</W>
			<W BOX="385 1087 414 1112" STYLE_REF="10">ive</W>
			<W BOX="439 1084 477 1112" STYLE_REF="4">lace</W>
			<W BOX="452 1062 512 1090" STYLE_REF="4">which</W>
			<W BOX="490 1084 508 1112" STYLE_REF="4">to</W>
			<W BOX="520 1084 629 1112" STYLE_REF="4">fruitfulness</W>
			<W BOX="643 1082 677 1110" STYLE_REF="4">and</W>
			<W BOX="656 1060 688 1088" STYLE_REF="4">our</W>
			<Q BOX="690 1083 702 1111" STYLE_REF="4" QID="90">p</Q>
			<Q BOX="702 1082 708 1110" STYLE_REF="4" QID="90">l</Q>
			<q BOX="710 1082 753 1110" STYLE_REF="4" QID="90">enty</q>
			<QW QID="90">plenty</QW>
			<L BOX="77 1084 461 1138"/>
			<W BOX="77 1109 171 1138" STYLE_REF="4">unknown</W>
			<W BOX="102 1088 114 1116" STYLE_REF="4">g</W>
			<W BOX="178 1109 197 1137" STYLE_REF="4">to</W>
			<W BOX="205 1109 237 1137" STYLE_REF="4">the</W>
			<W BOX="242 1087 254 1115" STYLE_REF="4">y</W>
			<W BOX="243 1108 302 1136" STYLE_REF="4">dream</W>
			<W BOX="262 1087 274 1115" STYLE_REF="4">p</W>
			<W BOX="311 1108 328 1136" STYLE_REF="4">of</W>
			<W BOX="335 1108 367 1136" STYLE_REF="4">the</W>
			<W BOX="373 1085 385 1113" STYLE_REF="4">g</W>
			<Q BOX="375 1107 422 1135" STYLE_REF="4" QID="91">Utop</Q>
			<q BOX="423 1106 453 1135" STYLE_REF="4" QID="91">ian</q>
			<QW QID="91">Utopian</QW>
			<W BOX="427 1084 439 1113" STYLE_REF="4">p</W>
			<W BOX="454 1106 461 1135" STYLE_REF="4">.</W>
			<L BOX="646 1127 704 1155"/>
			<W BOX="646 1127 704 1155" STYLE_REF="4">lished</W>
		</Primitive>
		<Primitive BOX="24 1138 811 1214" ID="Ar0040018" SEQ_NO="18" TOC_ENTRY_ID="4" DEPTH_LEVEL="1">
			<L BOX="104 1127 753 1160"/>
			<W BOX="104 1132 158 1160" STYLE_REF="4">What</W>
			<W BOX="165 1131 215 1159" STYLE_REF="4">these</W>
			<W BOX="226 1131 278 1159" STYLE_REF="4">noble</W>
			<Q BOX="291 1130 323 1158" STYLE_REF="4" QID="92">self</Q>
			<Q BOX="323 1130 330 1158" STYLE_REF="4" LH="y" QID="92">-</Q>
			<q BOX="330 1130 427 1158" STYLE_REF="4" QID="92">sacrificing</q>
			<QW QID="92">self-sacrificing</QW>
			<W BOX="438 1129 508 1157" STYLE_REF="4">women</W>
			<W BOX="517 1129 564 1157" STYLE_REF="4">have</W>
			<Q BOX="575 1127 646 1155" STYLE_REF="4" QID="93">accomp</Q>
			<q BOX="712 1127 735 1155" STYLE_REF="4" QID="93">on</q>
			<QW QID="93">accompon</QW>
			<W BOX="742 1127 753 1155" STYLE_REF="4">a</W>
		</Primitive>
	</Content>
	<TOC_Entries><TOC_Entry TOC_ENTRY_ID="9" TITLE="+ To the well-known services of Miss Nig..." ENTITY_ID_REF="Ar00400" PAGE_NO="4" PAGE_LABEL="76" PRIM_ID_REF="Ar0040000" IS_IC="true"/></TOC_Entries></XMD-entity>
