<?xml version="1.0" encoding="windows-1252" standalone="no"?>
<XMD-entity REPOSITORY_FORMAT="1.0" PRXML_VER="2.0" ENTITY_TYPE="Article" DOC_UID="EWJ_01/04/1858" DOC_VER="1" FIRST_TOC_ENTRY_ID="7" DEPTH_LEVEL="1" INDEX_IN_DOC="13" PAGE_NO="4" ID="Ar00401" BOX="24 12 811 114" LANGUAGE="English" SNP="Ar00401S.png" SNP_WIDTH="788" SNP_HEIGHT="87" LOGICAL_NAME="true">
	<Meta NAME="76 FLORENCE NIGHTINGALE AND THE ENGLISH ..." DESCRIPTION="" SUBTYPE="" BASE_HREF="EWJ/1858/04/01" SOURCE_TYPE="TIFF" PUBLICATION="EWJ" SECTION="None" ISSUE_DATE="01/04/1858" WORDCNT="8" RELEASE_NO="041-EWJ-1858-04-01-001-SINGLE" PAGE_ID="" PAGE_TYPE="Single" PAGE_WIDTH="823" PAGE_HEIGHT="1239" DEFAULT_IMG_EXT="png" PDF_DESTINATION_MAPPED="OLV0_Entity_0004_0002" IMAGES_RESOLUTION="86" XMD_VER="2.6.238.8" PAGE_LABEL="76"/>
	<Link SOURCE="041-EWJ-1858-04-01-001-SINGLE.PDF" FIRST_ID="Ar00200" LAST_ID="Ar07201" NEXT_ID="" PREV_ID="Ar00400" TOC_ID="d:/Olive/Repository/EWJ/1858/04/01/TOC.xml"/>
	<DataFiles>
		<Files TYPE="DOC_PDF" PRESENT="1"/>
		<Files TYPE="PAGE_PDF" PRESENT="0"/>
		<Files TYPE="DOC_IMG" PRESENT="0"/>
		<Files TYPE="PAGE_IMG" PRESENT="0"/>
		<Files TYPE="PAGE_VIEW_IMG" PRESENT="1"/>
		<Files TYPE="PAGE_PREVIEW_IMG" PRESENT="1"/>
		<Files TYPE="PRIMITIVE_IMG" PRESENT="1"/>
		<Files TYPE="SNIPPET_IMG" PRESENT="1"/>
	</DataFiles>
	<Content>
		<Primitive BOX="24 12 811 114" ID="Ar0040100" SEQ_NO="0" TOC_ENTRY_ID="7" DEPTH_LEVEL="1">
			<L BOX="86 74 704 103"/>
			<W BOX="86 81 110 103" STYLE_REF="12">76</W>
			<W BOX="136 80 240 102" STYLE_REF="12">FLORENCE</W>
			<W BOX="252 78 391 100" STYLE_REF="12">NIGHTINGALE</W>
			<W BOX="403 77 445 99" STYLE_REF="12">AND</W>
			<W BOX="458 76 499 98" STYLE_REF="12">THE</W>
			<W BOX="512 75 600 97" STYLE_REF="12">ENGLISH</W>
			<W BOX="612 74 698 96" STYLE_REF="12" NS="y">SOLDIER</W>
			<W BOX="699 74 704 96" STYLE_REF="12">.</W>
		</Primitive>
	</Content>
	<TOC_Entries><TOC_Entry TOC_ENTRY_ID="10" TITLE="76 FLORENCE NIGHTINGALE AND THE ENGLISH ..." ENTITY_ID_REF="Ar00401" PAGE_NO="4" PAGE_LABEL="76" PRIM_ID_REF="Ar0040100" IS_IC="true"/></TOC_Entries></XMD-entity>
