<?xml version="1.0" encoding="windows-1252" standalone="no"?>
<XMD-entity REPOSITORY_FORMAT="1.0" PRXML_VER="2.0" ENTITY_TYPE="Article" FIRST_TOC_ENTRY_ID="57" DEPTH_LEVEL="1" INDEX_IN_DOC="101" PAGE_NO="48" ID="Ar04800" BOX="23 84 811 1215" LANGUAGE="English" CONTINUATION_TO="Ar04900" CONTINUATION_FROM="Ar04700" LOGICAL_NAME="true">
	<Meta NAME="~ ^U - , just There as trul is a y commo..." DESCRIPTION="" SUBTYPE="" BASE_HREF="EWJ/1858/04/01" SOURCE_TYPE="TIFF" PUBLICATION="EWJ" SECTION="None" ISSUE_DATE="01/04/1858" WORDCNT="604" RELEASE_NO="041-EWJ-1858-04-01-001-SINGLE" PAGE_ID="" PAGE_TYPE="Single" PAGE_WIDTH="823" PAGE_HEIGHT="1239" DEFAULT_IMG_EXT="png" PDF_DESTINATION_MAPPED="OLV0_Entity_0048_0001" IMAGES_RESOLUTION="86" XMD_VER="2.6.238.8" PAGE_LABEL="120"/>
	<Link SOURCE="041-EWJ-1858-04-01-001-SINGLE.PDF" FIRST_ID="Ar00200" LAST_ID="Ar07201" NEXT_ID="Ar04801" PREV_ID="" TOC_ID="d:/Olive/Repository/EWJ/1858/04/01/TOC.xml"/>
	<DataFiles>
		<Files TYPE="DOC_PDF" PRESENT="1"/>
		<Files TYPE="PAGE_PDF" PRESENT="0"/>
		<Files TYPE="DOC_IMG" PRESENT="0"/>
		<Files TYPE="PAGE_IMG" PRESENT="0"/>
		<Files TYPE="PAGE_VIEW_IMG" PRESENT="1"/>
		<Files TYPE="PAGE_PREVIEW_IMG" PRESENT="1"/>
		<Files TYPE="PRIMITIVE_IMG" PRESENT="1"/>
		<Files TYPE="SNIPPET_IMG" PRESENT="1"/>
	</DataFiles>
	<Content>
		<Primitive BOX="23 84 811 143" ID="Ar0480000" SEQ_NO="0" TOC_ENTRY_ID="57" DEPTH_LEVEL="1">
			<L BOX="53 88 754 119"/>
			<W BOX="53 93 67 119" STYLE_REF="1">if</W>
			<W BOX="76 93 156 119" STYLE_REF="1">systems</W>
			<W BOX="161 92 178 118" STYLE_REF="1">of</W>
			<W BOX="187 91 270 118" STYLE_REF="1">taxation</W>
			<W BOX="275 91 337 117" STYLE_REF="1">would</W>
			<W BOX="345 90 399 116" STYLE_REF="1">allow</W>
			<W BOX="405 89 445 116" STYLE_REF="1">hiin</W>
			<Q BOX="453 89 487 115" STYLE_REF="1" QID="1">tlm</Q>
			<q BOX="487 89 496 115" STYLE_REF="1" QID="1">s</q>
			<QW QID="1">tlms</QW>
			<W BOX="504 89 523 115" STYLE_REF="1">to</W>
			<W BOX="532 88 593 115" STYLE_REF="1">obtain</W>
			<W BOX="603 88 614 115" STYLE_REF="1">a</W>
			<W BOX="622 88 712 115" STYLE_REF="1">harmless</W>
			<W BOX="718 88 754 115" STYLE_REF="1">and</W>
			<L BOX="67 111 575 142"/>
			<W BOX="67 116 138 142" STYLE_REF="1">leasant</W>
			<W BOX="148 115 244 142" STYLE_REF="1">substitute</W>
			<W BOX="255 114 282 141" STYLE_REF="1">for</W>
			<W BOX="290 114 336 140" STYLE_REF="1">fatal</W>
			<Q BOX="344 114 357 141" STYLE_REF="1" QID="2">g</Q>
			<q BOX="356 113 376 140" STYLE_REF="1" QID="2">in</q>
			<QW QID="2">gin</QW>
			<W BOX="384 113 405 140" STYLE_REF="1">or</W>
			<Q BOX="414 113 459 140" STYLE_REF="1" QID="3">stup</Q>
			<Q BOX="457 112 472 139" STYLE_REF="1" QID="3">if</Q>
			<Q BOX="472 112 485 139" STYLE_REF="1" QID="3">y</Q>
			<q BOX="485 112 519 138" STYLE_REF="1" QID="3">ing</q>
			<QW QID="3">stupifying</QW>
			<W BOX="526 111 568 138" STYLE_REF="1" NS="y">beer</W>
			<W BOX="568 111 575 138" STYLE_REF="1">.</W>
		</Primitive>
		<Primitive BOX="23 134 811 189" ID="Ar0480001" SEQ_NO="1" TOC_ENTRY_ID="57" DEPTH_LEVEL="1">
			<L BOX="54 117 755 165"/>
			<W BOX="54 117 67 143" STYLE_REF="1">p</W>
			<W BOX="79 139 98 165" STYLE_REF="1">A</W>
			<Q BOX="105 139 152 165" STYLE_REF="1" QID="4">smal</Q>
			<q BOX="152 139 159 165" STYLE_REF="1" QID="4">l</q>
			<QW QID="4">small</QW>
			<W BOX="171 137 267 164" STYLE_REF="1">collection</W>
			<W BOX="281 137 298 163" STYLE_REF="1">of</W>
			<W BOX="311 136 414 163" STYLE_REF="1">household</W>
			<Q BOX="422 135 502 162" STYLE_REF="1" QID="5">utensils</Q>
			<Q BOX="515 135 573 161" STYLE_REF="1" QID="5">thoug</Q>
			<q BOX="573 134 586 161" STYLE_REF="1" QID="5">h</q>
			<QW QID="5">utensilsthough</QW>
			<W BOX="593 134 697 161" STYLE_REF="1">promising</W>
			<W BOX="704 134 755 161" STYLE_REF="1">great</W>
			<L BOX="502 136 507 163"/>
			<W BOX="502 136 507 163" STYLE_REF="1">,</W>
			<L BOX="54 157 755 189"/>
			<W BOX="54 162 117 189" STYLE_REF="1">future</W>
			<Q BOX="125 161 227 188" STYLE_REF="1" QID="6">usefulness</Q>
			<q BOX="241 160 259 187" STYLE_REF="1" QID="6">is</q>
			<QW QID="6">usefulnessis</QW>
			<W BOX="267 160 286 187" STYLE_REF="1">as</W>
			<W BOX="293 160 326 187" STYLE_REF="1">yet</W>
			<W BOX="334 160 363 187" STYLE_REF="1">too</W>
			<Q BOX="374 160 396 187" STYLE_REF="1" QID="7">in</Q>
			<Q BOX="397 159 413 185" STYLE_REF="1" QID="7">si</Q>
			<Q BOX="413 158 491 185" STYLE_REF="1" QID="7">gnifican</Q>
			<q BOX="495 158 502 185" STYLE_REF="1" QID="7">t</q>
			<QW QID="7">insignificant</QW>
			<W BOX="516 158 536 185" STYLE_REF="1">to</W>
			<W BOX="550 157 604 184" STYLE_REF="1">claim</W>
			<Q BOX="617 157 649 184" STYLE_REF="1" QID="8">mu</Q>
			<q BOX="650 157 673 184" STYLE_REF="1" QID="8">ch</q>
			<QW QID="8">much</QW>
			<W BOX="685 157 747 184" STYLE_REF="1" NS="y">notice</W>
			<W BOX="749 158 755 184" STYLE_REF="1">,</W>
		</Primitive>
		<Primitive BOX="23 180 811 235" ID="Ar0480002" SEQ_NO="2" TOC_ENTRY_ID="57" DEPTH_LEVEL="1">
			<L BOX="54 160 756 213"/>
			<W BOX="54 186 91 213" STYLE_REF="1">and</W>
			<W BOX="100 186 130 213" STYLE_REF="1">we</W>
			<W BOX="137 184 228 211" STYLE_REF="1">therefore</W>
			<W BOX="229 160 233 187" STYLE_REF="1">,</W>
			<W BOX="235 184 278 210" STYLE_REF="1">pass</W>
			<W BOX="286 184 304 210" STYLE_REF="1">at</W>
			<W BOX="313 183 357 209" STYLE_REF="1">once</W>
			<W BOX="366 182 385 209" STYLE_REF="1">to</W>
			<W BOX="394 182 427 209" STYLE_REF="1">the</W>
			<W BOX="439 181 490 208" STYLE_REF="1">great</W>
			<W BOX="503 181 573 208" STYLE_REF="1">feature</W>
			<W BOX="587 181 605 208" STYLE_REF="1">of</W>
			<W BOX="618 180 651 207" STYLE_REF="1">the</W>
			<W BOX="663 180 747 207" STYLE_REF="1" NS="y">Museum</W>
			<W BOX="749 181 756 207" STYLE_REF="1">,</W>
			<L BOX="54 203 756 235"/>
			<W BOX="54 208 171 235" STYLE_REF="1">Alimentary</W>
			<W BOX="179 207 290 233" STYLE_REF="1" NS="y">Substances</W>
			<W BOX="291 206 296 233" STYLE_REF="1">,</W>
			<W BOX="304 206 341 233" STYLE_REF="1">and</W>
			<Q BOX="353 205 439 232" STYLE_REF="1" QID="9">especiall</Q>
			<q BOX="440 206 453 233" STYLE_REF="1" QID="9">y</q>
			<QW QID="9">especially</QW>
			<W BOX="465 205 506 231" STYLE_REF="1">food</W>
			<Q BOX="521 205 567 231" STYLE_REF="1" QID="10">supp</Q>
			<q BOX="568 204 605 231" STYLE_REF="1" QID="10">lied</q>
			<QW QID="10">supplied</QW>
			<Q BOX="618 204 631 231" STYLE_REF="1" QID="11">b</Q>
			<q BOX="631 205 644 231" STYLE_REF="1" QID="11">y</q>
			<QW QID="11">by</QW>
			<W BOX="656 203 688 230" STYLE_REF="1">the</W>
			<Q BOX="701 203 748 230" STYLE_REF="1" QID="12">vege</Q>
			<Q BOX="748 203 756 230" STYLE_REF="1" QID="12">-</Q>
		</Primitive>
		<Primitive BOX="23 227 811 281" ID="Ar0480003" SEQ_NO="3" TOC_ENTRY_ID="57" DEPTH_LEVEL="1">
			<L BOX="54 227 755 258"/>
			<q BOX="54 232 104 258" STYLE_REF="1" QID="12">table</q>
			<QW QID="12">vegetable</QW>
			<Q BOX="112 231 160 258" STYLE_REF="1" QID="13">king</Q>
			<q BOX="158 230 200 257" STYLE_REF="1" NS="y" QID="13">dom</q>
			<QW QID="13">kingdom</QW>
			<W BOX="202 230 206 257" STYLE_REF="1">,</W>
			<W BOX="214 230 250 256" STYLE_REF="1">and</W>
			<W BOX="259 230 303 256" STYLE_REF="1" NS="y">here</W>
			<W BOX="304 230 309 256" STYLE_REF="1">,</W>
			<W BOX="318 229 385 255" STYLE_REF="1">within</W>
			<W BOX="394 229 427 255" STYLE_REF="1">the</W>
			<W BOX="434 228 518 255" STYLE_REF="1">compass</W>
			<W BOX="525 227 543 254" STYLE_REF="1">of</W>
			<W BOX="554 227 565 254" STYLE_REF="1">a</W>
			<W BOX="576 227 612 254" STYLE_REF="1">few</W>
			<W BOX="620 227 658 254" STYLE_REF="1" NS="y">feet</W>
			<W BOX="660 227 665 254" STYLE_REF="1">,</W>
			<W BOX="673 227 703 253" STYLE_REF="1">we</W>
			<W BOX="711 227 755 253" STYLE_REF="1">may</W>
			<L BOX="54 250 756 281"/>
			<W BOX="54 255 106 281" STYLE_REF="1">learn</W>
			<W BOX="116 254 167 280" STYLE_REF="1">more</W>
			<W BOX="176 253 232 280" STYLE_REF="1">about</W>
			<W BOX="242 253 275 280" STYLE_REF="1">the</W>
			<W BOX="288 255 298 281" STYLE_REF="1">"</W>
			<Q BOX="305 252 344 279" STYLE_REF="1" QID="14">dail</Q>
			<q BOX="344 253 356 280" STYLE_REF="1" QID="14">y</q>
			<QW QID="14">daily</QW>
			<W BOX="364 252 420 279" STYLE_REF="1">bread</W>
			<W BOX="426 252 436 278" STYLE_REF="1">"</W>
			<W BOX="448 251 490 278" STYLE_REF="1">man</W>
			<Q BOX="499 251 532 278" STYLE_REF="1" QID="15">ask</Q>
			<q BOX="533 251 542 278" STYLE_REF="1" QID="15">s</q>
			<QW QID="15">asks</QW>
			<W BOX="549 250 595 277" STYLE_REF="1">from</W>
			<W BOX="605 250 676 277" STYLE_REF="1">heaven</W>
			<W BOX="683 250 728 277" STYLE_REF="1">than</W>
			<W BOX="738 250 756 276" STYLE_REF="1">is</W>
		</Primitive>
		<Primitive BOX="23 273 811 328" ID="Ar0480004" SEQ_NO="4" TOC_ENTRY_ID="57" DEPTH_LEVEL="1">
			<L BOX="54 273 757 305"/>
			<W BOX="54 278 103 305" STYLE_REF="1">often</W>
			<W BOX="118 277 206 303" STYLE_REF="1">acquired</W>
			<W BOX="218 277 239 303" STYLE_REF="1">in</W>
			<W BOX="252 277 262 303" STYLE_REF="1">a</W>
			<Q BOX="276 275 282 302" STYLE_REF="1" QID="16">l</Q>
			<q BOX="284 275 354 302" STYLE_REF="1" QID="16">ifetime</q>
			<QW QID="16">lifetime</QW>
			<W BOX="366 275 412 302" STYLE_REF="1">from</W>
			<W BOX="425 274 484 301" STYLE_REF="1">books</W>
			<W BOX="496 274 516 301" STYLE_REF="1">or</W>
			<W BOX="528 274 617 300" STYLE_REF="1">scattered</W>
			<W BOX="631 273 745 300" STYLE_REF="1" NS="y">observation</W>
			<W BOX="749 273 757 300" STYLE_REF="1">.</W>
			<L BOX="53 297 753 328"/>
			<Q BOX="53 301 68 328" STYLE_REF="1" QID="17">S</Q>
			<q BOX="66 301 161 328" STYLE_REF="1" QID="17">pecimens</q>
			<QW QID="17">Specimens</QW>
			<W BOX="168 300 186 327" STYLE_REF="1">of</W>
			<W BOX="194 299 227 326" STYLE_REF="1">the</W>
			<W BOX="233 299 308 326" STYLE_REF="1">various</W>
			<W BOX="315 299 371 325" STYLE_REF="1">kinds</W>
			<W BOX="379 299 397 325" STYLE_REF="1">of</W>
			<W BOX="405 299 466 325" STYLE_REF="1">wheat</W>
			<W BOX="473 297 519 324" STYLE_REF="1">from</W>
			<W BOX="525 297 588 324" STYLE_REF="1">which</W>
			<W BOX="594 297 628 324" STYLE_REF="1">the</W>
			<W BOX="634 297 680 323" STYLE_REF="1">chief</W>
			<W BOX="689 297 753 323" STYLE_REF="1">article</W>
		</Primitive>
		<Primitive BOX="23 320 811 397" ID="Ar0480005" SEQ_NO="5" TOC_ENTRY_ID="57" DEPTH_LEVEL="1">
			<L BOX="53 320 754 351"/>
			<W BOX="53 324 71 351" STYLE_REF="1">of</W>
			<W BOX="89 324 122 351" STYLE_REF="1">our</W>
			<W BOX="135 323 175 350" STYLE_REF="1">own</W>
			<W BOX="189 323 227 349" STYLE_REF="1">diet</W>
			<W BOX="239 323 256 349" STYLE_REF="1">is</W>
			<W BOX="269 323 357 349" STYLE_REF="1">prepared</W>
			<W BOX="373 322 404 349" STYLE_REF="1">are</W>
			<Q BOX="419 321 493 348" STYLE_REF="1" QID="18">accomp</Q>
			<q BOX="494 321 548 347" STYLE_REF="1" QID="18">anied</q>
			<QW QID="18">accompanied</QW>
			<Q BOX="561 321 573 347" STYLE_REF="1" QID="19">b</Q>
			<q BOX="574 320 587 347" STYLE_REF="1" QID="19">y</q>
			<QW QID="19">by</QW>
			<Q BOX="598 320 650 347" STYLE_REF="1" QID="20">samp</Q>
			<q BOX="650 320 677 346" STYLE_REF="1" QID="20">les</q>
			<QW QID="20">samples</QW>
			<W BOX="690 320 707 346" STYLE_REF="1">of</W>
			<W BOX="722 320 754 346" STYLE_REF="1">the</W>
			<L BOX="52 343 755 397"/>
			<W BOX="52 371 95 397" STYLE_REF="1">anal</W>
			<W BOX="52 348 124 374" STYLE_REF="1">ground</W>
			<W BOX="94 370 141 397" STYLE_REF="1">ysed</W>
			<W BOX="133 347 182 374" STYLE_REF="1">meal</W>
			<W BOX="152 369 273 396" STYLE_REF="1">composition</W>
			<W BOX="183 347 188 374" STYLE_REF="1">,</W>
			<W BOX="196 346 284 373" STYLE_REF="1">classified</W>
			<W BOX="286 369 303 395" STYLE_REF="1">of</W>
			<W BOX="295 346 342 373" STYLE_REF="1">from</W>
			<W BOX="318 368 362 395" STYLE_REF="1">each</W>
			<W BOX="352 347 362 374" STYLE_REF="1">"</W>
			<W BOX="368 345 415 372" STYLE_REF="1">bran</W>
			<W BOX="381 368 410 395" STYLE_REF="1">set</W>
			<W BOX="421 345 431 371" STYLE_REF="1">"</W>
			<W BOX="422 367 472 394" STYLE_REF="1">forth</W>
			<W BOX="439 345 459 371" STYLE_REF="1">to</W>
			<W BOX="472 346 482 373" STYLE_REF="1">"</W>
			<W BOX="482 367 503 394" STYLE_REF="1">in</W>
			<W BOX="488 344 551 371" STYLE_REF="1">pastry</W>
			<W BOX="515 366 566 393" STYLE_REF="1">large</W>
			<W BOX="559 343 627 370" STYLE_REF="1">whites</W>
			<Q BOX="578 366 590 393" STYLE_REF="1" QID="21">fi</Q>
			<q BOX="591 366 638 393" STYLE_REF="1" QID="21">gure</q>
			<QW QID="21">figure</QW>
			<W BOX="631 343 639 370" STYLE_REF="1" NS="y">;</W>
			<W BOX="638 343 648 370" STYLE_REF="1">"</W>
			<W BOX="639 366 649 393" STYLE_REF="1" NS="y">s</W>
			<W BOX="649 367 654 393" STYLE_REF="1">,</W>
			<W BOX="657 343 713 370" STYLE_REF="1">while</W>
			<W BOX="663 366 708 393" STYLE_REF="1">fixes</W>
			<W BOX="720 366 746 393" STYLE_REF="1">im</W>
			<W BOX="721 343 754 370" STYLE_REF="1">the</W>
			<Q BOX="746 366 755 393" STYLE_REF="1" QID="22">-</Q>
		</Primitive>
		<Primitive BOX="23 389 811 444" ID="Ar0480006" SEQ_NO="6" TOC_ENTRY_ID="57" DEPTH_LEVEL="1">
			<L BOX="52 369 753 421"/>
			<Q BOX="52 394 143 421" STYLE_REF="1" QID="22">pressivel</Q>
			<q BOX="143 394 156 421" STYLE_REF="1" QID="22">y</q>
			<QW QID="22">pressively</QW>
			<W BOX="168 392 202 419" STYLE_REF="1">the</W>
			<Q BOX="214 392 247 419" STYLE_REF="1" QID="23">foll</Q>
			<q BOX="248 392 261 419" STYLE_REF="1" QID="23">y</q>
			<QW QID="23">folly</QW>
			<W BOX="274 392 291 419" STYLE_REF="1">of</W>
			<W BOX="305 391 394 418" STYLE_REF="1">preferrin</W>
			<W BOX="364 369 369 395" STYLE_REF="1">,</W>
			<W BOX="397 391 410 418" STYLE_REF="1">g</W>
			<W BOX="420 391 453 418" STYLE_REF="1">the</W>
			<Q BOX="466 390 509 416" STYLE_REF="1" QID="24">over</Q>
			<Q BOX="509 390 517 416" STYLE_REF="1" LH="y" QID="24">-</Q>
			<Q BOX="517 390 536 416" STYLE_REF="1" QID="24">re</Q>
			<q BOX="537 390 585 416" STYLE_REF="1" QID="24">fined</q>
			<QW QID="24">over-refined</QW>
			<W BOX="598 390 657 416" STYLE_REF="1">white</W>
			<W BOX="666 389 721 416" STYLE_REF="1">bread</W>
			<W BOX="734 389 753 416" STYLE_REF="1">of</W>
			<L BOX="52 412 753 444"/>
			<W BOX="52 417 90 444" STYLE_REF="1">city</W>
			<Q BOX="100 417 189 444" STYLE_REF="1" QID="25">consump</Q>
			<q BOX="189 416 228 442" STYLE_REF="1" QID="25">tion</q>
			<QW QID="25">consumption</QW>
			<W BOX="240 416 261 442" STYLE_REF="1">to</W>
			<W BOX="270 416 302 442" STYLE_REF="1">the</W>
			<W BOX="313 415 364 441" STYLE_REF="1">more</W>
			<W BOX="371 414 484 441" STYLE_REF="1">wholesome</W>
			<W BOX="491 413 525 440" STYLE_REF="1">and</W>
			<W BOX="535 413 636 439" STYLE_REF="1">nutritious</W>
			<W BOX="644 412 708 439" STYLE_REF="1">brown</W>
			<W BOX="716 412 753 439" STYLE_REF="1">loaf</W>
		</Primitive>
		<Primitive BOX="23 436 811 490" ID="Ar0480007" SEQ_NO="7" TOC_ENTRY_ID="57" DEPTH_LEVEL="1">
			<L BOX="52 436 752 467"/>
			<W BOX="52 440 70 467" STYLE_REF="1">of</W>
			<W BOX="80 440 112 467" STYLE_REF="1">the</W>
			<W BOX="120 439 201 466" STYLE_REF="1" NS="y">cottager</W>
			<W BOX="201 439 207 466" STYLE_REF="1">.</W>
			<W BOX="232 439 256 466" STYLE_REF="1">In</W>
			<W BOX="267 439 360 465" STYLE_REF="1">adjoining</W>
			<Q BOX="373 438 428 465" STYLE_REF="1" QID="26">comp</Q>
			<Q BOX="428 438 447 464" STYLE_REF="1" QID="26">ar</Q>
			<q BOX="449 437 517 464" STYLE_REF="1" QID="26">tments</q>
			<QW QID="26">compartments</QW>
			<W BOX="528 436 557 463" STYLE_REF="1">we</W>
			<W BOX="568 436 616 463" STYLE_REF="1">have</W>
			<W BOX="627 436 723 463" STYLE_REF="1">presented</W>
			<W BOX="733 436 752 463" STYLE_REF="1">to</W>
			<L BOX="51 459 752 490"/>
			<W BOX="51 464 75 490" STYLE_REF="1">us</W>
			<Q BOX="83 463 208 490" STYLE_REF="1" QID="27">consecutivel</Q>
			<q BOX="208 463 221 490" STYLE_REF="1" QID="27">y</q>
			<QW QID="27">consecutively</QW>
			<W BOX="229 463 240 490" STYLE_REF="1">a</W>
			<Q BOX="251 463 304 490" STYLE_REF="1" QID="28">comp</Q>
			<q BOX="303 462 341 489" STYLE_REF="1" QID="28">lete</q>
			<QW QID="28">complete</QW>
			<W BOX="352 462 401 489" STYLE_REF="1">view</W>
			<W BOX="413 462 431 489" STYLE_REF="1">of</W>
			<W BOX="446 461 479 488" STYLE_REF="1">the</W>
			<Q BOX="490 461 531 488" STYLE_REF="1" QID="29">stap</Q>
			<q BOX="531 460 549 487" STYLE_REF="1" QID="29">le</q>
			<QW QID="29">staple</QW>
			<W BOX="563 460 580 487" STYLE_REF="1">of</W>
			<Q BOX="592 460 680 487" STYLE_REF="1" QID="30">consump</Q>
			<q BOX="680 459 719 486" STYLE_REF="1" QID="30">tion</q>
			<QW QID="30">consumption</QW>
			<W BOX="733 459 752 486" STYLE_REF="1">in</W>
		</Primitive>
		<Primitive BOX="23 483 811 538" ID="Ar0480008" SEQ_NO="8" TOC_ENTRY_ID="57" DEPTH_LEVEL="1">
			<L BOX="52 483 753 514"/>
			<W BOX="52 488 118 514" STYLE_REF="1">almost</W>
			<W BOX="131 486 187 513" STYLE_REF="1">every</W>
			<Q BOX="198 486 210 513" STYLE_REF="1" QID="31">c</Q>
			<q BOX="209 486 277 513" STYLE_REF="1" NS="y" QID="31">ountry</q>
			<QW QID="31">country</QW>
			<W BOX="282 486 288 512" STYLE_REF="1">;</W>
			<W BOX="300 485 334 512" STYLE_REF="1">the</W>
			<W BOX="345 485 383 512" STYLE_REF="1">raw</W>
			<W BOX="396 485 483 511" STYLE_REF="1" NS="y">material</W>
			<W BOX="486 484 492 510" STYLE_REF="1">;</W>
			<W BOX="503 484 537 510" STYLE_REF="1">the</W>
			<W BOX="544 483 634 510" STYLE_REF="1">prepared</W>
			<W BOX="641 483 682 510" STYLE_REF="1" NS="y">food</W>
			<W BOX="685 483 689 510" STYLE_REF="1">,</W>
			<Q BOX="698 483 707 510" STYLE_REF="1" QID="32">"</Q>
			<q BOX="705 483 753 510" STYLE_REF="1" QID="32">when</q>
			<QW QID="32">"when</QW>
			<L BOX="52 505 752 538"/>
			<W BOX="52 511 70 538" STYLE_REF="1">of</W>
			<W BOX="79 511 89 538" STYLE_REF="1">a</W>
			<W BOX="98 510 165 536" STYLE_REF="1">nature</W>
			<W BOX="172 510 191 536" STYLE_REF="1">to</W>
			<W BOX="200 510 223 536" STYLE_REF="1">be</W>
			<W BOX="231 509 327 535" STYLE_REF="1" NS="y">exhibited</W>
			<W BOX="333 508 338 534" STYLE_REF="1">;</W>
			<Q BOX="350 509 363 536" STYLE_REF="1" QID="33">p</Q>
			<q BOX="363 508 432 534" STYLE_REF="1" QID="33">ictures</q>
			<QW QID="33">pictures</QW>
			<W BOX="440 508 458 534" STYLE_REF="1">of</W>
			<W BOX="470 508 502 534" STYLE_REF="1">the</W>
			<W BOX="508 506 562 533" STYLE_REF="1">mode</W>
			<W BOX="570 506 588 533" STYLE_REF="1">of</W>
			<W BOX="597 506 706 532" STYLE_REF="1">cultivation</W>
			<W BOX="715 505 752 532" STYLE_REF="1">and</W>
		</Primitive>
		<Primitive BOX="23 529 811 584" ID="Ar0480009" SEQ_NO="9" TOC_ENTRY_ID="57" DEPTH_LEVEL="1">
			<L BOX="50 529 751 560"/>
			<W BOX="50 534 169 560" STYLE_REF="1" NS="y">preparation</W>
			<W BOX="174 533 179 559" STYLE_REF="1">;</W>
			<Q BOX="191 533 204 559" STYLE_REF="1" QID="34">p</Q>
			<q BOX="204 532 267 559" STYLE_REF="1" QID="34">rinted</q>
			<QW QID="34">printed</QW>
			<Q BOX="277 531 335 558" STYLE_REF="1" QID="35">detail</Q>
			<q BOX="336 531 345 558" STYLE_REF="1" QID="35">s</q>
			<QW QID="35">details</QW>
			<W BOX="353 531 370 558" STYLE_REF="1">of</W>
			<W BOX="380 531 413 558" STYLE_REF="1">the</W>
			<W BOX="426 530 514 557" STYLE_REF="1">chemical</W>
			<W BOX="523 530 644 556" STYLE_REF="1" NS="y">composition</W>
			<W BOX="647 529 652 556" STYLE_REF="1">,</W>
			<W BOX="661 529 697 555" STYLE_REF="1">and</W>
			<W BOX="705 529 751 555" STYLE_REF="1">even</W>
			<L BOX="51 552 751 584"/>
			<Q BOX="51 557 112 584" STYLE_REF="1" QID="36">minut</Q>
			<q BOX="113 557 124 584" STYLE_REF="1" QID="36">e</q>
			<QW QID="36">minute</QW>
			<Q BOX="132 556 182 582" STYLE_REF="1" QID="37">culin</Q>
			<q BOX="184 556 218 582" STYLE_REF="1" QID="37">ary</q>
			<QW QID="37">culinary</QW>
			<W BOX="226 555 327 581" STYLE_REF="1">directions</W>
			<W BOX="334 555 354 581" STYLE_REF="1">as</W>
			<W BOX="361 555 381 581" STYLE_REF="1">to</W>
			<W BOX="389 554 432 581" STYLE_REF="1">how</W>
			<W BOX="440 554 457 581" STYLE_REF="1">it</W>
			<W BOX="464 554 508 581" STYLE_REF="1">may</W>
			<W BOX="512 553 553 579" STYLE_REF="1">best</W>
			<W BOX="561 553 585 579" STYLE_REF="1">be</W>
			<W BOX="594 553 662 579" STYLE_REF="1">cooked</W>
			<W BOX="671 553 691 579" STYLE_REF="1">in</W>
			<W BOX="700 552 751 578" STYLE_REF="1">order</W>
		</Primitive>
		<Primitive BOX="23 575 811 624" ID="Ar0480010" SEQ_NO="10" TOC_ENTRY_ID="57" DEPTH_LEVEL="1">
			<L BOX="50 575 753 607"/>
			<W BOX="50 580 71 607" STYLE_REF="1">to</W>
			<W BOX="80 580 156 607" STYLE_REF="1">develop</W>
			<W BOX="166 578 190 605" STYLE_REF="1">its</W>
			<W BOX="198 578 293 605" STYLE_REF="1">agreeable</W>
			<W BOX="302 578 336 604" STYLE_REF="1">and</W>
			<W BOX="348 577 449 604" STYLE_REF="1">nutritious</W>
			<W BOX="456 576 541 603" STYLE_REF="1" NS="y">qualities</W>
			<W BOX="541 576 547 603" STYLE_REF="1">.</W>
			<W BOX="564 576 607 603" STYLE_REF="1">And</W>
			<W BOX="614 576 628 603" STYLE_REF="1">it</W>
			<W BOX="635 576 651 603" STYLE_REF="1">is</W>
			<W BOX="658 575 745 602" STYLE_REF="1" NS="y">intended</W>
			<W BOX="747 575 753 602" STYLE_REF="1">,</W>
			<L BOX="50 598 752 631"/>
			<Q BOX="50 604 83 631" STYLE_REF="1" QID="38">too</Q>
			<q BOX="98 603 139 630" STYLE_REF="1" QID="38">that</q>
			<QW QID="38">toothat</QW>
			<W BOX="146 602 183 629" STYLE_REF="1">this</W>
			<Q BOX="192 602 231 629" STYLE_REF="1" QID="39">info</Q>
			<Q BOX="232 602 261 629" STYLE_REF="1" QID="39">rm</Q>
			<q BOX="261 602 310 628" STYLE_REF="1" QID="39">ation</q>
			<QW QID="39">information</QW>
			<Q BOX="319 600 360 627" STYLE_REF="1" QID="40">shal</Q>
			<q BOX="359 600 366 627" STYLE_REF="1" QID="40">l</q>
			<QW QID="40">shall</QW>
			<W BOX="373 600 408 627" STYLE_REF="1">not</W>
			<W BOX="415 600 464 627" STYLE_REF="1">have</W>
			<W BOX="471 600 490 627" STYLE_REF="1">to</W>
			<W BOX="497 600 521 627" STYLE_REF="1">be</W>
			<Q BOX="528 599 627 626" STYLE_REF="1" QID="41">laboriousl</Q>
			<q BOX="630 600 643 626" STYLE_REF="1" QID="41">y</q>
			<QW QID="41">laboriously</QW>
			<Q BOX="651 599 696 625" STYLE_REF="1" QID="42">soug</Q>
			<q BOX="695 598 718 625" STYLE_REF="1" QID="42">ht</q>
			<QW QID="42">sought</QW>
			<W BOX="724 598 752 625" STYLE_REF="1">for</W>
		</Primitive>
		<Primitive BOX="23 612 811 678" ID="Ar0480011" SEQ_NO="11" TOC_ENTRY_ID="57" DEPTH_LEVEL="1">
			<L BOX="51 604 752 654"/>
			<W BOX="51 627 71 654" STYLE_REF="1">in</W>
			<W BOX="84 604 89 631" STYLE_REF="1">,</W>
			<W BOX="85 627 95 654" STYLE_REF="1">a</W>
			<W BOX="108 625 210 652" STYLE_REF="1">purchased</W>
			<W BOX="223 624 323 651" STYLE_REF="1" NS="y" M="8 * 9 * ">_catalogiie</W>
			<W BOX="322 624 327 651" STYLE_REF="1">,</W>
			<W BOX="336 624 368 650" STYLE_REF="1">but</W>
			<W BOX="383 624 398 650" STYLE_REF="1">it</W>
			<W BOX="413 624 454 650" STYLE_REF="1">will</W>
			<W BOX="462 624 485 650" STYLE_REF="1">be</W>
			<W BOX="498 622 592 649" STYLE_REF="1">exhibited</W>
			<W BOX="605 622 625 649" STYLE_REF="1">in</W>
			<Q BOX="638 622 688 648" STYLE_REF="1" QID="43">large</Q>
			<Q BOX="688 622 696 648" STYLE_REF="1" LH="y" QID="43">-</Q>
			<q BOX="696 622 752 648" STYLE_REF="1" QID="43">typed</q>
			<QW QID="43">large-typed</QW>
			<L BOX="63 644 752 676"/>
			<W BOX="63 649 137 676" STYLE_REF="1">lacards</W>
			<W BOX="145 649 192 675" STYLE_REF="1">close</W>
			<W BOX="201 647 220 674" STYLE_REF="1">to</W>
			<W BOX="225 647 258 674" STYLE_REF="1">the</W>
			<W BOX="264 647 332 674" STYLE_REF="1">objects</W>
			<Q BOX="338 647 358 674" STYLE_REF="1" QID="44">in</Q>
			<Q BOX="358 647 430 674" STYLE_REF="1" QID="44">dicated</Q>
			<q BOX="444 646 464 673" STYLE_REF="1" QID="44">so</q>
			<QW QID="44">indicatedso</QW>
			<W BOX="472 646 492 673" STYLE_REF="1">as</W>
			<W BOX="499 646 540 672" STYLE_REF="1">best</W>
			<W BOX="546 645 565 672" STYLE_REF="1">to</W>
			<W BOX="572 645 629 672" STYLE_REF="1">arrest</W>
			<W BOX="636 645 670 672" STYLE_REF="1">the</W>
			<W BOX="677 645 711 672" STYLE_REF="1">eye</W>
			<W BOX="716 644 752 671" STYLE_REF="1">and</W>
		</Primitive>
		<Primitive BOX="23 667 811 716" ID="Ar0480012" SEQ_NO="12" TOC_ENTRY_ID="57" DEPTH_LEVEL="1">
			<L BOX="50 647 754 700"/>
			<W BOX="50 673 76 700" STYLE_REF="1">fix</W>
			<W BOX="50 651 63 678" STYLE_REF="1">p</W>
			<W BOX="90 672 138 699" STYLE_REF="1">itself</W>
			<W BOX="154 672 174 699" STYLE_REF="1">in</W>
			<W BOX="188 671 220 698" STYLE_REF="1">the</W>
			<W BOX="231 671 316 698" STYLE_REF="1" NS="y">memory</W>
			<W BOX="316 671 320 698" STYLE_REF="1">.</W>
			<W BOX="346 670 396 697" STYLE_REF="1">Here</W>
			<W BOX="404 670 434 697" STYLE_REF="1">we</W>
			<W BOX="433 647 438 674" STYLE_REF="1">,</W>
			<W BOX="442 670 484 697" STYLE_REF="1">may</W>
			<Q BOX="492 670 544 696" STYLE_REF="1" QID="45">comp</Q>
			<q BOX="545 668 575 695" STYLE_REF="1" QID="45">are</q>
			<QW QID="45">compare</QW>
			<W BOX="583 668 616 695" STYLE_REF="1">the</W>
			<W BOX="629 668 737 695" STYLE_REF="1" NS="y">Scotchman</W>
			<W BOX="738 667 744 694" STYLE_REF="1" NS="y">'</W>
			<W BOX="743 668 754 695" STYLE_REF="1">s</W>
			<L BOX="51 691 752 724"/>
			<Q BOX="51 697 81 724" STYLE_REF="1" QID="46">oat</Q>
			<Q BOX="96 696 107 722" STYLE_REF="1" QID="46">fi</Q>
			<q BOX="111 696 149 722" STYLE_REF="1" QID="46">tted</q>
			<QW QID="46">oatfitted</QW>
			<W BOX="157 695 184 722" STYLE_REF="1">for</W>
			<W BOX="194 694 219 721" STYLE_REF="1">its</W>
			<W BOX="226 694 292 721" STYLE_REF="1">humid</W>
			<W BOX="299 694 369 720" STYLE_REF="1">habitat</W>
			<Q BOX="377 694 391 720" STYLE_REF="1" QID="47">b</Q>
			<q BOX="390 693 403 720" STYLE_REF="1" QID="47">y</q>
			<QW QID="47">by</QW>
			<W BOX="412 693 445 720" STYLE_REF="1">the</W>
			<Q BOX="457 692 543 719" STYLE_REF="1" QID="48">shelterin</Q>
			<q BOX="547 692 559 719" STYLE_REF="1" QID="48">g</q>
			<QW QID="48">sheltering</QW>
			<W BOX="569 691 623 718" STYLE_REF="1">eaves</W>
			<W BOX="636 691 653 718" STYLE_REF="1">of</W>
			<W BOX="666 691 690 718" STYLE_REF="1">its</W>
			<W BOX="702 691 752 718" STYLE_REF="1">loose</W>
		</Primitive>
		<Primitive BOX="23 704 811 761" ID="Ar0480013" SEQ_NO="13" TOC_ENTRY_ID="57" DEPTH_LEVEL="1">
			<L BOX="51 697 752 770"/>
			<W BOX="51 743 61 770" STYLE_REF="1">s</W>
			<W BOX="51 719 107 746" STYLE_REF="1">down</W>
			<W BOX="61 742 138 769" STYLE_REF="1">outhern</W>
			<W BOX="83 697 87 724" STYLE_REF="1">,</W>
			<Q BOX="107 719 115 746" STYLE_REF="1" LH="y" QID="49">-</Q>
			<q BOX="115 719 190 746" STYLE_REF="1" QID="49">looking</q>
			<QW QID="49">-looking</QW>
			<W BOX="153 742 218 768" STYLE_REF="1">climes</W>
			<W BOX="211 718 262 744" STYLE_REF="1">husk</W>
			<W BOX="242 740 260 767" STYLE_REF="1">of</W>
			<W BOX="262 717 266 744" STYLE_REF="1">,</W>
			<W BOX="276 740 308 767" STYLE_REF="1">the</W>
			<W BOX="282 717 331 743" STYLE_REF="1">with</W>
			<W BOX="320 740 368 767" STYLE_REF="1">meal</W>
			<W BOX="348 717 380 743" STYLE_REF="1">the</W>
			<W BOX="384 739 464 766" STYLE_REF="1">whereof</W>
			<W BOX="401 717 449 743" STYLE_REF="1">erect</W>
			<W BOX="470 715 525 742" STYLE_REF="1">sunsh</W>
			<W BOX="481 739 513 766" STYLE_REF="1">the</W>
			<W BOX="527 715 557 742" STYLE_REF="1">ine</W>
			<W BOX="528 738 628 765" STYLE_REF="1">American</W>
			<Q BOX="557 715 565 742" STYLE_REF="1" LH="y" QID="50">-</Q>
			<q BOX="565 715 642 742" STYLE_REF="1" QID="50">seeking</q>
			<QW QID="50">-seeking</QW>
			<W BOX="644 737 707 764" STYLE_REF="1">makes</W>
			<W BOX="658 714 716 741" STYLE_REF="1">maize</W>
			<W BOX="721 737 751 764" STYLE_REF="1">his</W>
			<W BOX="733 714 752 741" STYLE_REF="1">of</W>
			<L BOX="223 740 228 767"/>
			<W BOX="223 740 228 767" STYLE_REF="1">;</W>
		</Primitive>
		<Primitive BOX="23 749 811 816" ID="Ar0480014" SEQ_NO="14" TOC_ENTRY_ID="57" DEPTH_LEVEL="1">
			<L BOX="53 761 752 794"/>
			<W BOX="53 768 69 794" STYLE_REF="1" NS="y">"</W>
			<Q BOX="70 766 126 792" STYLE_REF="1" QID="51">mush</Q>
			<q BOX="130 764 140 791" STYLE_REF="1" QID="51">"</q>
			<QW QID="51">mush"</QW>
			<W BOX="155 764 191 791" STYLE_REF="1">and</W>
			<W BOX="203 764 235 790" STYLE_REF="1">the</W>
			<W BOX="249 763 317 790" STYLE_REF="1">Italian</W>
			<W BOX="332 763 362 790" STYLE_REF="1">his</W>
			<W BOX="373 765 384 792" STYLE_REF="1">"</W>
			<W BOX="391 762 467 789" STYLE_REF="1" NS="y">polenta</W>
			<W BOX="472 762 480 789" STYLE_REF="1" NS="y">;</W>
			<W BOX="479 762 489 788" STYLE_REF="1">"</W>
			<W BOX="501 761 521 788" STYLE_REF="1">or</W>
			<W BOX="534 761 575 788" STYLE_REF="1">pass</W>
			<W BOX="588 761 633 788" STYLE_REF="1">from</W>
			<W BOX="647 761 679 787" STYLE_REF="1">the</W>
			<Q BOX="691 761 723 788" STYLE_REF="1" QID="52">rap</Q>
			<Q BOX="725 761 743 787" STYLE_REF="1" QID="52">id</Q>
			<Q BOX="743 761 752 787" STYLE_REF="1" QID="52">-</Q>
			<L BOX="51 784 752 816"/>
			<q BOX="51 789 138 816" STYLE_REF="1" QID="52">growing</q>
			<QW QID="52">rapidgrowing</QW>
			<W BOX="149 788 186 815" STYLE_REF="1">rice</W>
			<W BOX="199 787 233 813" STYLE_REF="1">the</W>
			<W BOX="244 787 319 813" STYLE_REF="1">Hindoo</W>
			<W BOX="328 786 348 813" STYLE_REF="1">or</W>
			<W BOX="357 786 409 813" STYLE_REF="1">Arab</W>
			<W BOX="416 786 463 813" STYLE_REF="1">boils</W>
			<W BOX="471 785 518 812" STYLE_REF="1">fresh</W>
			<W BOX="528 785 556 812" STYLE_REF="1">for</W>
			<W BOX="565 785 609 812" STYLE_REF="1">each</W>
			<W BOX="618 784 680 811" STYLE_REF="1" NS="y">repast</W>
			<W BOX="680 784 685 811" STYLE_REF="1">,</W>
			<W BOX="693 784 712 811" STYLE_REF="1">to</W>
			<W BOX="720 784 752 811" STYLE_REF="1">the</W>
		</Primitive>
		<Primitive BOX="23 807 811 862" ID="Ar0480015" SEQ_NO="15" TOC_ENTRY_ID="57" DEPTH_LEVEL="1">
			<L BOX="50 807 750 839"/>
			<Q BOX="50 812 96 839" STYLE_REF="1" QID="53">hard</Q>
			<q BOX="97 812 110 839" STYLE_REF="1" QID="53">y</q>
			<QW QID="53">hardy</QW>
			<W BOX="114 812 148 839" STYLE_REF="1">rye</W>
			<W BOX="156 811 173 838" STYLE_REF="1">of</W>
			<W BOX="182 810 244 837" STYLE_REF="1">which</W>
			<W BOX="252 810 284 837" STYLE_REF="1">the</W>
			<W BOX="292 809 386 836" STYLE_REF="1">Northern</W>
			<W BOX="392 809 467 836" STYLE_REF="1">peasant</W>
			<W BOX="475 808 538 835" STYLE_REF="1">makes</W>
			<W BOX="546 807 556 834" STYLE_REF="1">a</W>
			<W BOX="565 807 600 834" STYLE_REF="1">loaf</W>
			<W BOX="609 807 650 834" STYLE_REF="1">that</W>
			<W BOX="656 807 696 834" STYLE_REF="1">will</W>
			<W BOX="703 807 750 834" STYLE_REF="1">keep</W>
			<L BOX="50 830 753 862"/>
			<W BOX="50 835 78 862" STYLE_REF="1">for</W>
			<W BOX="89 835 163 861" STYLE_REF="1">months</W>
			<W BOX="170 834 190 861" STYLE_REF="1">or</W>
			<Q BOX="198 833 253 860" STYLE_REF="1" QID="54">years</Q>
			<q BOX="266 833 301 859" STYLE_REF="1" QID="54">and</q>
			<QW QID="54">yearsand</QW>
			<W BOX="309 833 362 859" STYLE_REF="1">serve</W>
			<W BOX="370 833 390 859" STYLE_REF="1">as</W>
			<W BOX="397 832 439 858" STYLE_REF="1">food</W>
			<Q BOX="448 832 486 858" STYLE_REF="1" QID="55">alik</Q>
			<q BOX="487 832 497 858" STYLE_REF="1" QID="55">e</q>
			<QW QID="55">alike</QW>
			<W BOX="505 832 532 858" STYLE_REF="1">for</W>
			<W BOX="541 830 571 857" STYLE_REF="1">his</W>
			<W BOX="578 830 633 857" STYLE_REF="1">horse</W>
			<W BOX="641 830 661 857" STYLE_REF="1">or</W>
			<W BOX="669 830 695 857" STYLE_REF="1">for</W>
			<Q BOX="704 830 744 857" STYLE_REF="1" QID="56">him</Q>
			<Q BOX="744 830 753 857" STYLE_REF="1" QID="56">-</Q>
		</Primitive>
		<Primitive BOX="23 854 811 908" ID="Ar0480016" SEQ_NO="16" TOC_ENTRY_ID="57" DEPTH_LEVEL="1">
			<L BOX="51 833 750 886"/>
			<q BOX="51 859 86 886" STYLE_REF="1" NS="y" QID="56">self</q>
			<QW QID="56">himself</QW>
			<W BOX="86 859 92 886" STYLE_REF="1">.</W>
			<W BOX="116 858 167 884" STYLE_REF="1">Here</W>
			<W BOX="181 857 213 883" STYLE_REF="1">too</W>
			<W BOX="223 857 253 883" STYLE_REF="1">we</W>
			<W BOX="254 833 258 860" STYLE_REF="1">,</W>
			<W BOX="264 857 311 883" STYLE_REF="1">have</W>
			<Q BOX="323 856 374 883" STYLE_REF="1" QID="57">bodil</Q>
			<q BOX="374 857 387 884" STYLE_REF="1" QID="57">y</q>
			<QW QID="57">bodily</QW>
			<W BOX="399 855 460 882" STYLE_REF="1">before</W>
			<W BOX="473 855 495 882" STYLE_REF="1">us</W>
			<Q BOX="508 855 552 881" STYLE_REF="1" QID="58">forei</Q>
			<q BOX="555 855 580 881" STYLE_REF="1" QID="58">gn</q>
			<QW QID="58">foreign</QW>
			<W BOX="593 854 666 880" STYLE_REF="1">articles</W>
			<W BOX="680 854 697 880" STYLE_REF="1">of</W>
			<W BOX="711 854 750 880" STYLE_REF="1">diet</W>
			<L BOX="53 877 751 908"/>
			<W BOX="53 881 114 908" STYLE_REF="1">whose</W>
			<W BOX="126 881 190 908" STYLE_REF="1">names</W>
			<W BOX="202 880 255 906" STYLE_REF="1">alone</W>
			<W BOX="267 879 315 906" STYLE_REF="1">have</W>
			<W BOX="327 879 373 906" STYLE_REF="1">been</W>
			<W BOX="386 879 469 905" STYLE_REF="1">hitherto</W>
			<W BOX="481 878 559 904" STYLE_REF="1">familiar</W>
			<W BOX="569 877 589 904" STYLE_REF="1">to</W>
			<W BOX="602 877 624 904" STYLE_REF="1" NS="y">us</W>
			<W BOX="625 878 630 904" STYLE_REF="1">,</W>
			<W BOX="638 877 683 904" STYLE_REF="1">such</W>
			<W BOX="691 877 711 904" STYLE_REF="1">as</W>
			<W BOX="718 877 751 904" STYLE_REF="1">the</W>
		</Primitive>
		<Primitive BOX="23 900 811 946" ID="Ar0480017" SEQ_NO="17" TOC_ENTRY_ID="57" DEPTH_LEVEL="1">
			<L BOX="51 900 752 931"/>
			<W BOX="51 905 112 931" STYLE_REF="1">edible</W>
			<Q BOX="125 905 160 931" STYLE_REF="1" QID="59">lup</Q>
			<q BOX="159 903 180 930" STYLE_REF="1" NS="y" QID="59">in</q>
			<QW QID="59">lupin</QW>
			<W BOX="182 904 186 931" STYLE_REF="1">,</W>
			<W BOX="195 903 259 930" STYLE_REF="1">lentils</W>
			<W BOX="272 903 289 929" STYLE_REF="1">of</W>
			<Q BOX="299 902 366 929" STYLE_REF="1" QID="60">birthri</Q>
			<Q BOX="368 903 381 930" STYLE_REF="1" QID="60">g</Q>
			<Q BOX="379 902 400 929" STYLE_REF="1" QID="60">ht</Q>
			<Q BOX="400 902 409 929" STYLE_REF="1" LH="y" QID="60">-</Q>
			<Q BOX="409 902 449 929" STYLE_REF="1" QID="60">buy</Q>
			<q BOX="448 901 481 928" STYLE_REF="1" QID="60">ing</q>
			<QW QID="60">birthright-buying</QW>
			<W BOX="492 901 580 928" STYLE_REF="1" NS="y">celebrity</W>
			<W BOX="580 901 586 928" STYLE_REF="1">,</W>
			<W BOX="597 900 617 927" STYLE_REF="1">or</W>
			<W BOX="630 900 663 927" STYLE_REF="1">the</W>
			<Q BOX="675 900 744 926" STYLE_REF="2" QID="61">multum</Q>
			<Q BOX="744 900 752 926" STYLE_REF="2" QID="61">-</Q>
			<L BOX="50 923 750 954"/>
			<Q BOX="50 927 66 954" STYLE_REF="2" QID="61">in</Q>
			<Q BOX="66 927 74 954" STYLE_REF="2" LH="y" QID="61">-</Q>
			<Q BOX="141 927 194 954" STYLE_REF="1" QID="61">chick</Q>
			<Q BOX="196 927 229 953" STYLE_REF="1" QID="61">pea</Q>
			<q BOX="254 925 315 952" STYLE_REF="1" QID="61">which</q>
			<QW QID="61">multumin-chickpeawhich</QW>
			<W BOX="329 925 384 952" STYLE_REF="1">forms</W>
			<W BOX="402 925 435 952" STYLE_REF="1">the</W>
			<W BOX="450 925 488 952" STYLE_REF="1">fare</W>
			<W BOX="505 924 522 951" STYLE_REF="1">of</W>
			<W BOX="540 924 572 951" STYLE_REF="1">the</W>
			<Q BOX="588 923 649 950" STYLE_REF="1" QID="62">desert</Q>
			<Q BOX="649 923 657 950" STYLE_REF="1" LH="y" QID="62">-</Q>
			<q BOX="657 923 742 950" STYLE_REF="1" NS="y" QID="62">traveller</q>
			<QW QID="62">desert-traveller</QW>
			<W BOX="744 923 750 949" STYLE_REF="1">,</W>
		</Primitive>
		<Primitive BOX="23 934 811 1000" ID="Ar0480018" SEQ_NO="18" TOC_ENTRY_ID="57" DEPTH_LEVEL="1">
			<L BOX="51 926 751 977"/>
			<W BOX="51 950 71 977" STYLE_REF="1">as</W>
			<W BOX="74 927 122 954" STYLE_REF="2">parvo</W>
			<Q BOX="87 950 162 977" STYLE_REF="1" QID="63">affordin</Q>
			<q BOX="165 949 177 976" STYLE_REF="1" QID="63">g</q>
			<QW QID="63">affording</QW>
			<W BOX="191 949 224 976" STYLE_REF="1">the</W>
			<W BOX="231 926 236 953" STYLE_REF="1">,</W>
			<W BOX="240 949 319 976" STYLE_REF="1">greatest</W>
			<W BOX="336 948 410 975" STYLE_REF="1">amount</W>
			<W BOX="427 948 445 975" STYLE_REF="1">of</W>
			<Q BOX="462 947 495 974" STYLE_REF="1" QID="64">life</Q>
			<Q BOX="495 947 503 974" STYLE_REF="1" LH="y" QID="64">-</Q>
			<q BOX="503 947 610 974" STYLE_REF="1" QID="64">supporting</q>
			<QW QID="64">life-supporting</QW>
			<W BOX="627 946 669 973" STYLE_REF="1">food</W>
			<W BOX="683 946 703 973" STYLE_REF="1">in</W>
			<W BOX="717 946 751 973" STYLE_REF="1">the</W>
			<L BOX="51 969 751 1000"/>
			<W BOX="51 974 134 1000" STYLE_REF="1">smallest</W>
			<Q BOX="142 972 212 999" STYLE_REF="1" QID="65">possibl</Q>
			<q BOX="213 972 222 999" STYLE_REF="1" QID="65">e</q>
			<QW QID="65">possible</QW>
			<W BOX="231 972 315 999" STYLE_REF="1" NS="y">compass</W>
			<W BOX="315 972 320 999" STYLE_REF="1">.</W>
			<W BOX="346 972 370 999" STYLE_REF="1">Or</W>
			<W BOX="380 972 410 999" STYLE_REF="1">we</W>
			<W BOX="422 971 465 998" STYLE_REF="1">may</W>
			<W BOX="475 970 526 997" STYLE_REF="1">learn</W>
			<W BOX="539 970 571 997" STYLE_REF="1">the</W>
			<W BOX="583 970 636 997" STYLE_REF="1">mode</W>
			<W BOX="649 969 666 996" STYLE_REF="1">of</W>
			<W BOX="678 969 751 996" STYLE_REF="1">growth</W>
		</Primitive>
		<Primitive BOX="23 992 811 1047" ID="Ar0480019" SEQ_NO="19" TOC_ENTRY_ID="57" DEPTH_LEVEL="1">
			<L BOX="50 992 751 1024"/>
			<W BOX="50 998 87 1024" STYLE_REF="1">and</W>
			<W BOX="99 996 131 1023" STYLE_REF="1">the</W>
			<W BOX="143 996 214 1022" STYLE_REF="1">history</W>
			<W BOX="227 995 246 1022" STYLE_REF="1">of</W>
			<W BOX="259 995 366 1022" STYLE_REF="1">substances</W>
			<Q BOX="374 994 413 1021" STYLE_REF="1" QID="66">dail</Q>
			<q BOX="413 995 425 1022" STYLE_REF="1" QID="66">y</q>
			<QW QID="66">daily</QW>
			<W BOX="434 994 477 1021" STYLE_REF="1" NS="y">seen</W>
			<W BOX="479 994 483 1021" STYLE_REF="1">,</W>
			<W BOX="492 993 526 1020" STYLE_REF="1">but</W>
			<W BOX="539 993 556 1020" STYLE_REF="1">of</W>
			<W BOX="569 993 631 1019" STYLE_REF="1">whose</W>
			<Q BOX="644 993 671 1019" STYLE_REF="1" QID="67">ori</Q>
			<Q BOX="672 993 685 1020" STYLE_REF="1" QID="67">g</Q>
			<q BOX="684 992 704 1019" STYLE_REF="1" QID="67">in</q>
			<QW QID="67">origin</QW>
			<W BOX="715 992 751 1019" STYLE_REF="1">few</W>
			<L BOX="50 1016 750 1047"/>
			<W BOX="50 1020 81 1047" STYLE_REF="1">are</W>
			<Q BOX="89 1020 149 1047" STYLE_REF="1" QID="68">aware</Q>
			<Q BOX="165 1019 186 1046" STYLE_REF="1" QID="68">as</Q>
			<q BOX="200 1018 227 1045" STYLE_REF="1" QID="68">for</q>
			<QW QID="68">awareasfor</QW>
			<Q BOX="235 1018 320 1045" STYLE_REF="1" QID="69">instance</Q>
			<q BOX="332 1018 364 1044" STYLE_REF="1" QID="69">the</q>
			<QW QID="69">instancethe</QW>
			<W BOX="368 1018 438 1044" STYLE_REF="1">Manna</W>
			<W BOX="443 1018 519 1044" STYLE_REF="1" NS="y">Krqupe</W>
			<W BOX="520 1017 525 1044" STYLE_REF="1">,</W>
			<W BOX="530 1016 593 1043" STYLE_REF="1">which</W>
			<W BOX="600 1016 654 1043" STYLE_REF="1">made</W>
			<W BOX="662 1016 672 1043" STYLE_REF="1">a</W>
			<W BOX="680 1016 750 1043" STYLE_REF="1">sudden</W>
		</Primitive>
		<Primitive BOX="23 1039 811 1094" ID="Ar0480020" SEQ_NO="20" TOC_ENTRY_ID="57" DEPTH_LEVEL="1">
			<L BOX="151 1019 326 1046"/>
			<W BOX="151 1020 155 1046" STYLE_REF="1">,</W>
			<W BOX="186 1020 191 1046" STYLE_REF="1">,</W>
			<W BOX="321 1019 326 1045" STYLE_REF="1">,</W>
			<L BOX="50 1039 752 1071"/>
			<Q BOX="50 1044 98 1071" STYLE_REF="1" QID="70">debu</Q>
			<q BOX="100 1044 107 1071" STYLE_REF="1" QID="70">t</q>
			<QW QID="70">debut</QW>
			<W BOX="115 1044 125 1071" STYLE_REF="1">a</W>
			<W BOX="134 1043 169 1069" STYLE_REF="1">few</W>
			<W BOX="177 1043 231 1069" STYLE_REF="1">years</W>
			<W BOX="238 1043 273 1069" STYLE_REF="1">ago</W>
			<W BOX="281 1042 300 1069" STYLE_REF="1">in</W>
			<W BOX="310 1041 366 1068" STYLE_REF="1">every</W>
			<W BOX="372 1041 437 1068" STYLE_REF="1" NS="y">grocer</W>
			<W BOX="439 1040 445 1067" STYLE_REF="1" NS="y">'</W>
			<W BOX="444 1041 453 1068" STYLE_REF="1">s</W>
			<W BOX="461 1041 506 1068" STYLE_REF="1" NS="y">shop</W>
			<W BOX="506 1041 512 1068" STYLE_REF="1">,</W>
			<W BOX="519 1040 577 1066" STYLE_REF="1">under</W>
			<Q BOX="586 1039 660 1066" STYLE_REF="1" QID="71">differen</Q>
			<q BOX="666 1039 673 1066" STYLE_REF="1" QID="71">t</q>
			<QW QID="71">different</QW>
			<W BOX="680 1039 744 1066" STYLE_REF="1" NS="y">names</W>
			<W BOX="745 1039 752 1066" STYLE_REF="1">,</W>
			<L BOX="50 1062 751 1094"/>
			<W BOX="50 1067 86 1094" STYLE_REF="1">and</W>
			<W BOX="100 1067 175 1093" STYLE_REF="1">offering</W>
			<W BOX="191 1066 298 1092" STYLE_REF="1">conflicting</W>
			<W BOX="313 1065 422 1092" STYLE_REF="1">statements</W>
			<W BOX="435 1065 455 1092" STYLE_REF="1">as</W>
			<W BOX="468 1064 487 1091" STYLE_REF="1">to</W>
			<W BOX="500 1064 525 1091" STYLE_REF="1">its</W>
			<W BOX="539 1065 549 1092" STYLE_REF="1">"</W>
			<W BOX="557 1063 675 1090" STYLE_REF="1" NS="y">antecedents</W>
			<W BOX="675 1063 681 1090" STYLE_REF="1" NS="y">.</W>
			<W BOX="682 1062 692 1089" STYLE_REF="1">"</W>
			<W BOX="716 1062 751 1089" STYLE_REF="1">We</W>
		</Primitive>
		<Primitive BOX="23 1085 811 1141" ID="Ar0480021" SEQ_NO="21" TOC_ENTRY_ID="57" DEPTH_LEVEL="1">
			<L BOX="50 1085 753 1117"/>
			<W BOX="50 1091 80 1117" STYLE_REF="1">see</W>
			<W BOX="89 1091 104 1117" STYLE_REF="1">it</W>
			<W BOX="111 1091 156 1117" STYLE_REF="1">here</W>
			<W BOX="164 1090 184 1116" STYLE_REF="1">in</W>
			<W BOX="193 1090 218 1116" STYLE_REF="1">its</W>
			<W BOX="225 1090 308 1116" STYLE_REF="1">primary</W>
			<W BOX="315 1089 362 1115" STYLE_REF="1">form</W>
			<W BOX="371 1089 391 1115" STYLE_REF="1">as</W>
			<W BOX="399 1089 422 1115" STYLE_REF="1">an</W>
			<W BOX="430 1088 502 1115" STYLE_REF="1">elegant</W>
			<W BOX="511 1088 594 1114" STYLE_REF="1">feathery</W>
			<W BOX="602 1087 675 1113" STYLE_REF="1">panicle</W>
			<W BOX="683 1086 701 1113" STYLE_REF="1">of</W>
			<W BOX="709 1085 753 1112" STYLE_REF="1">tiny</W>
			<L BOX="49 1109 750 1141"/>
			<Q BOX="49 1114 113 1141" STYLE_REF="1" QID="72">grains</Q>
			<q BOX="127 1114 163 1140" STYLE_REF="1" QID="72">and</q>
			<QW QID="72">grainsand</QW>
			<W BOX="171 1113 201 1139" STYLE_REF="1">are</W>
			<W BOX="210 1112 249 1139" STYLE_REF="1">told</W>
			<W BOX="258 1112 298 1139" STYLE_REF="1">that</W>
			<W BOX="306 1112 321 1139" STYLE_REF="1">it</W>
			<W BOX="333 1112 375 1139" STYLE_REF="1">does</W>
			<W BOX="387 1112 420 1139" STYLE_REF="1">not</W>
			<W BOX="433 1111 505 1138" STYLE_REF="1">dispute</W>
			<W BOX="518 1111 549 1137" STYLE_REF="1">the</W>
			<W BOX="559 1110 594 1137" STYLE_REF="1">soil</W>
			<W BOX="606 1110 652 1136" STYLE_REF="1">with</W>
			<Q BOX="662 1110 674 1137" STYLE_REF="1" QID="73">p</Q>
			<q BOX="674 1109 723 1136" STYLE_REF="1" QID="73">lants</q>
			<QW QID="73">plants</QW>
			<W BOX="732 1109 750 1136" STYLE_REF="1">of</W>
		</Primitive>
		<Primitive BOX="23 1132 811 1187" ID="Ar0480022" SEQ_NO="22" TOC_ENTRY_ID="57" DEPTH_LEVEL="1">
			<L BOX="48 1114 750 1187"/>
			<W BOX="48 1137 70 1164" STYLE_REF="1">hi</W>
			<W BOX="49 1160 104 1187" STYLE_REF="1">could</W>
			<Q BOX="70 1138 84 1164" STYLE_REF="1" QID="74">g</Q>
			<q BOX="83 1136 115 1163" STYLE_REF="1" QID="74">her</q>
			<QW QID="74">gher</QW>
			<W BOX="112 1160 136 1187" STYLE_REF="1">be</W>
			<W BOX="113 1114 118 1141" STYLE_REF="1">,</W>
			<W BOX="123 1136 237 1163" STYLE_REF="1">pretensions</W>
			<Q BOX="145 1159 188 1186" STYLE_REF="1" QID="75">culti</Q>
			<Q BOX="189 1159 202 1186" STYLE_REF="1" QID="75">v</Q>
			<q BOX="203 1159 245 1186" STYLE_REF="1" QID="75">ated</q>
			<QW QID="75">cultivated</QW>
			<W BOX="238 1136 243 1163" STYLE_REF="1">,</W>
			<W BOX="252 1136 285 1162" STYLE_REF="1">but</W>
			<W BOX="270 1159 294 1186" STYLE_REF="1">wi</W>
			<W BOX="291 1136 353 1162" STYLE_REF="1">grows</W>
			<W BOX="295 1159 316 1186" STYLE_REF="1">th</W>
			<W BOX="328 1159 359 1186" STYLE_REF="1">the</W>
			<W BOX="360 1136 400 1162" STYLE_REF="1">best</W>
			<W BOX="371 1158 454 1185" STYLE_REF="1">addition</W>
			<W BOX="409 1135 429 1161" STYLE_REF="1">in</W>
			<W BOX="437 1135 469 1161" STYLE_REF="1">the</W>
			<W BOX="468 1158 485 1185" STYLE_REF="1">of</W>
			<W BOX="476 1135 534 1161" STYLE_REF="1">water</W>
			<W BOX="498 1158 531 1185" STYLE_REF="1">the</W>
			<W BOX="535 1134 540 1161" STYLE_REF="1">,</W>
			<W BOX="538 1156 647 1183" STYLE_REF="1">instructive</W>
			<W BOX="548 1133 610 1160" STYLE_REF="1">where</W>
			<W BOX="616 1133 640 1160" STYLE_REF="1">no</W>
			<W BOX="649 1132 699 1159" STYLE_REF="1">other</W>
			<W BOX="660 1156 697 1182" STYLE_REF="1">fact</W>
			<W BOX="708 1132 750 1159" STYLE_REF="1">food</W>
			<W BOX="710 1156 750 1182" STYLE_REF="1">that</W>
			<L BOX="252 1159 257 1186"/>
			<W BOX="252 1159 257 1186" STYLE_REF="1">;</W>
		</Primitive>
		<Primitive BOX="23 1187 811 1215" ID="Ar0480023" SEQ_NO="23" TOC_ENTRY_ID="57" DEPTH_LEVEL="1">
			<L BOX="48 1179 750 1210"/>
			<W BOX="48 1184 64 1210" STYLE_REF="1">it</W>
			<W BOX="72 1184 111 1210" STYLE_REF="1">was</W>
			<W BOX="118 1183 163 1209" STYLE_REF="1">from</W>
			<W BOX="173 1183 223 1209" STYLE_REF="1">some</W>
			<W BOX="231 1183 329 1209" STYLE_REF="1">observant</W>
			<W BOX="337 1182 410 1209" STYLE_REF="1">student</W>
			<W BOX="426 1181 443 1208" STYLE_REF="1">of</W>
			<W BOX="457 1181 521 1207" STYLE_REF="1">nature</W>
			<W BOX="535 1179 640 1206" STYLE_REF="1">remarking</W>
			<W BOX="648 1179 693 1206" STYLE_REF="1">with</W>
			<W BOX="700 1179 750 1206" STYLE_REF="1">what</W>
		</Primitive>
	</Content>
	<TOC_Entries><TOC_Entry TOC_ENTRY_ID="102" TITLE="~ ^U - , just There as trul is a y commo..." ENTITY_ID_REF="Ar04800" PAGE_NO="48" PAGE_LABEL="120" PRIM_ID_REF="Ar0480000" IS_IC="true"/></TOC_Entries></XMD-entity>
