<?xml version="1.0" encoding="windows-1252" standalone="no"?>
<XMD-entity REPOSITORY_FORMAT="1.0" PRXML_VER="2.0" ENTITY_TYPE="Article" DOC_UID="EWJ_01/04/1858" DOC_VER="1" FIRST_TOC_ENTRY_ID="59" DEPTH_LEVEL="1" INDEX_IN_DOC="106" PAGE_NO="48" ID="Ar04801" BOX="24 12 811 79" LANGUAGE="English" SNP="Ar04801S.png" SNP_WIDTH="788" SNP_HEIGHT="68" LOGICAL_NAME="true">
	<Meta NAME="1.2.0. ILLUSTRATIONS OF EVEEY-DAY LIFE." DESCRIPTION="" SUBTYPE="" BASE_HREF="EWJ/1858/04/01" SOURCE_TYPE="TIFF" PUBLICATION="EWJ" SECTION="None" ISSUE_DATE="01/04/1858" WORDCNT="11" RELEASE_NO="041-EWJ-1858-04-01-001-SINGLE" PAGE_ID="" PAGE_TYPE="Single" PAGE_WIDTH="823" PAGE_HEIGHT="1239" DEFAULT_IMG_EXT="png" PDF_DESTINATION_MAPPED="OLV0_Entity_0048_0002" IMAGES_RESOLUTION="86" XMD_VER="2.6.238.8" PAGE_LABEL="120"/>
	<Link SOURCE="041-EWJ-1858-04-01-001-SINGLE.PDF" FIRST_ID="Ar00200" LAST_ID="Ar07201" NEXT_ID="" PREV_ID="Ar04800" TOC_ID="d:/Olive/Repository/EWJ/1858/04/01/TOC.xml"/>
	<DataFiles>
		<Files TYPE="DOC_PDF" PRESENT="1"/>
		<Files TYPE="PAGE_PDF" PRESENT="0"/>
		<Files TYPE="DOC_IMG" PRESENT="0"/>
		<Files TYPE="PAGE_IMG" PRESENT="0"/>
		<Files TYPE="PAGE_VIEW_IMG" PRESENT="1"/>
		<Files TYPE="PAGE_PREVIEW_IMG" PRESENT="1"/>
		<Files TYPE="PRIMITIVE_IMG" PRESENT="1"/>
		<Files TYPE="SNIPPET_IMG" PRESENT="1"/>
	</DataFiles>
	<Content>
		<Primitive BOX="24 12 811 79" ID="Ar0480100" SEQ_NO="0" TOC_ENTRY_ID="59" DEPTH_LEVEL="1">
			<L BOX="56 47 613 75"/>
			<W BOX="56 52 65 75" STYLE_REF="7" NS="y">1</W>
			<W BOX="65 52 68 75" STYLE_REF="7" NS="y">.</W>
			<W BOX="68 52 77 75" STYLE_REF="7" NS="y">2</W>
			<W BOX="77 52 79 75" STYLE_REF="7" NS="y">.</W>
			<W BOX="79 52 88 75" STYLE_REF="7" NS="y">0</W>
			<W BOX="88 52 91 75" STYLE_REF="7">.</W>
			<W BOX="206 50 369 74" STYLE_REF="7">ILLUSTRATIONS</W>
			<W BOX="383 49 411 73" STYLE_REF="7">OF</W>
			<Q BOX="425 48 492 71" STYLE_REF="7" QID="1">EVEEY</Q>
			<Q BOX="492 48 499 71" STYLE_REF="7" LH="y" QID="1">-</Q>
			<q BOX="499 48 544 71" STYLE_REF="7" QID="1">DAY</q>
			<QW QID="1">EVEEY-DAY</QW>
			<W BOX="558 47 607 71" STYLE_REF="7" NS="y">LIFE</W>
			<W BOX="607 47 613 71" STYLE_REF="7">.</W>
		</Primitive>
	</Content>
	<TOC_Entries><TOC_Entry TOC_ENTRY_ID="103" TITLE="1.2.0. ILLUSTRATIONS OF EVEEY-DAY LIFE." ENTITY_ID_REF="Ar04801" PAGE_NO="48" PAGE_LABEL="120" PRIM_ID_REF="Ar0480100" IS_IC="true"/></TOC_Entries></XMD-entity>
