<?xml version="1.0" encoding="windows-1252" standalone="no"?>
<XMD-PAGE REPOSITORY_FORMAT="1.0" PRXML_VER="2.0">
	<Meta ISSUE_DATE="01/04/1858" RELEASE_NO="041-EWJ-1858-04-01-001-SINGLE" PAGE_NO="48" NAME="" PAGE_LABEL="120" PAGE_TYPE="Single" PUBLISHER="Olive" PUBLICATION="EWJ" SOURCE_TYPE="TIFF" SOURCE_RESOLUTION="72" IMAGES_RESOLUTION="86" PAGE_THUMBNAIL_RESOLUTION="86" PAGE_PREVIEW_RESOLUTION="15" DEFAULT_IMG_EXT="png" IMG_EXT="png" PREVIEW_IMG_EXT="png" XMD_VER="2.6.238.8" PROFILE_ID="D:\pdfs\EWJ\XMD_EWJ.ini" SECTION="None" PAGE_WIDTH="823" PAGE_HEIGHT="1239" PAGES_NUMBER="72" BASE_HREF="EWJ/1858/04/01" PDF_DESTINATION_MAPPED="OLV0_Page_0048">
		<Resolutions>
			<Resolution DEFAULT="true">86</Resolution>
		</Resolutions>
	</Meta>
	<Link SOURCE="041-EWJ-1858-04-01-001-SINGLE.PDF" NEXT_SECTION="" PREV_SECTION="1"/>
	<DataFiles>
		<Files TYPE="DOC_PDF" PRESENT="1"/>
		<Files TYPE="PAGE_PDF" PRESENT="0"/>
		<Files TYPE="DOC_IMG" PRESENT="0"/>
		<Files TYPE="PAGE_IMG" PRESENT="0"/>
		<Files TYPE="PAGE_VIEW_IMG" PRESENT="1"/>
		<Files TYPE="PAGE_PREVIEW_IMG" PRESENT="1"/>
		<Files TYPE="PRIMITIVE_IMG" PRESENT="1"/>
		<Files TYPE="SNIPPET_IMG" PRESENT="1"/>
	</DataFiles>
	<Entity ENTITY_TYPE="Article" FIRST_TOC_ENTRY_ID="57" INDEX_IN_DOC="101" DEPTH_LEVEL="1" ID="Ar04800" SIZE="XLarge" BOX="23 84 811 1215" NEXT_SECTION="" PREV_SECTION="1" CONTINUATION_TO="Ar04900" CONTINUATION_FROM="Ar04700" FIRST_CHUNK="Ar04602" IMAGES_RESOLUTION="86" LOGICAL_NAME="true">
		<Name>~ ^U - , just There as trul is a y commo...</Name>
		<Primitive ID="Ar0480000" BOX="23 84 811 143" ELEMENT_TYPE="Content" SEQ_NO="0" TOC_ENTRY_ID="57" DEPTH_LEVEL="1"/>
		<Primitive ID="Ar0480001" BOX="23 134 811 189" ELEMENT_TYPE="Content" SEQ_NO="1" TOC_ENTRY_ID="57" DEPTH_LEVEL="1"/>
		<Primitive ID="Ar0480002" BOX="23 180 811 235" ELEMENT_TYPE="Content" SEQ_NO="2" TOC_ENTRY_ID="57" DEPTH_LEVEL="1"/>
		<Primitive ID="Ar0480003" BOX="23 227 811 281" ELEMENT_TYPE="Content" SEQ_NO="3" TOC_ENTRY_ID="57" DEPTH_LEVEL="1"/>
		<Primitive ID="Ar0480004" BOX="23 273 811 328" ELEMENT_TYPE="Content" SEQ_NO="4" TOC_ENTRY_ID="57" DEPTH_LEVEL="1"/>
		<Primitive ID="Ar0480005" BOX="23 320 811 397" ELEMENT_TYPE="Content" SEQ_NO="5" TOC_ENTRY_ID="57" DEPTH_LEVEL="1"/>
		<Primitive ID="Ar0480006" BOX="23 389 811 444" ELEMENT_TYPE="Content" SEQ_NO="6" TOC_ENTRY_ID="57" DEPTH_LEVEL="1"/>
		<Primitive ID="Ar0480007" BOX="23 436 811 490" ELEMENT_TYPE="Content" SEQ_NO="7" TOC_ENTRY_ID="57" DEPTH_LEVEL="1"/>
		<Primitive ID="Ar0480008" BOX="23 483 811 538" ELEMENT_TYPE="Content" SEQ_NO="8" TOC_ENTRY_ID="57" DEPTH_LEVEL="1"/>
		<Primitive ID="Ar0480009" BOX="23 529 811 584" ELEMENT_TYPE="Content" SEQ_NO="9" TOC_ENTRY_ID="57" DEPTH_LEVEL="1"/>
		<Primitive ID="Ar0480010" BOX="23 575 811 624" ELEMENT_TYPE="Content" SEQ_NO="10" TOC_ENTRY_ID="57" DEPTH_LEVEL="1"/>
		<Primitive ID="Ar0480011" BOX="23 612 811 678" ELEMENT_TYPE="Content" SEQ_NO="11" TOC_ENTRY_ID="57" DEPTH_LEVEL="1"/>
		<Primitive ID="Ar0480012" BOX="23 667 811 716" ELEMENT_TYPE="Content" SEQ_NO="12" TOC_ENTRY_ID="57" DEPTH_LEVEL="1"/>
		<Primitive ID="Ar0480013" BOX="23 704 811 761" ELEMENT_TYPE="Content" SEQ_NO="13" TOC_ENTRY_ID="57" DEPTH_LEVEL="1"/>
		<Primitive ID="Ar0480014" BOX="23 749 811 816" ELEMENT_TYPE="Content" SEQ_NO="14" TOC_ENTRY_ID="57" DEPTH_LEVEL="1"/>
		<Primitive ID="Ar0480015" BOX="23 807 811 862" ELEMENT_TYPE="Content" SEQ_NO="15" TOC_ENTRY_ID="57" DEPTH_LEVEL="1"/>
		<Primitive ID="Ar0480016" BOX="23 854 811 908" ELEMENT_TYPE="Content" SEQ_NO="16" TOC_ENTRY_ID="57" DEPTH_LEVEL="1"/>
		<Primitive ID="Ar0480017" BOX="23 900 811 946" ELEMENT_TYPE="Content" SEQ_NO="17" TOC_ENTRY_ID="57" DEPTH_LEVEL="1"/>
		<Primitive ID="Ar0480018" BOX="23 934 811 1000" ELEMENT_TYPE="Content" SEQ_NO="18" TOC_ENTRY_ID="57" DEPTH_LEVEL="1"/>
		<Primitive ID="Ar0480019" BOX="23 992 811 1047" ELEMENT_TYPE="Content" SEQ_NO="19" TOC_ENTRY_ID="57" DEPTH_LEVEL="1"/>
		<Primitive ID="Ar0480020" BOX="23 1039 811 1094" ELEMENT_TYPE="Content" SEQ_NO="20" TOC_ENTRY_ID="57" DEPTH_LEVEL="1"/>
		<Primitive ID="Ar0480021" BOX="23 1085 811 1141" ELEMENT_TYPE="Content" SEQ_NO="21" TOC_ENTRY_ID="57" DEPTH_LEVEL="1"/>
		<Primitive ID="Ar0480022" BOX="23 1132 811 1187" ELEMENT_TYPE="Content" SEQ_NO="22" TOC_ENTRY_ID="57" DEPTH_LEVEL="1"/>
		<Primitive ID="Ar0480023" BOX="23 1187 811 1215" ELEMENT_TYPE="Content" SEQ_NO="23" TOC_ENTRY_ID="57" DEPTH_LEVEL="1"/>
	</Entity>
	<Entity ENTITY_TYPE="Article" FIRST_TOC_ENTRY_ID="59" INDEX_IN_DOC="106" DEPTH_LEVEL="1" ID="Ar04801" SIZE="Small" BOX="24 12 811 79" NEXT_SECTION="" PREV_SECTION="1" IMAGES_RESOLUTION="86" LOGICAL_NAME="true">
		<Name>1.2.0. ILLUSTRATIONS OF EVEEY-DAY LIFE.</Name>
		<Primitive ID="Ar0480100" BOX="24 12 811 79" ELEMENT_TYPE="Content" SEQ_NO="0" TOC_ENTRY_ID="59" DEPTH_LEVEL="1"/>
	</Entity>
</XMD-PAGE>