<?xml version="1.0" encoding="windows-1252" standalone="no"?>
<XMD-entity REPOSITORY_FORMAT="1.0" PRXML_VER="2.0" ENTITY_TYPE="Article" DOC_UID="EWJ_01/04/1858" DOC_VER="1" FIRST_TOC_ENTRY_ID="11" DEPTH_LEVEL="1" INDEX_IN_DOC="17" PAGE_NO="8" ID="Ar00800" BOX="28 19 796 113" LANGUAGE="English" SNP="Ar00800S.png" SNP_WIDTH="769" SNP_HEIGHT="94" LOGICAL_NAME="true">
	<Meta NAME="..(.. 80- )" DESCRIPTION="" SUBTYPE="" BASE_HREF="EWJ/1858/04/01" SOURCE_TYPE="TIFF" PUBLICATION="EWJ" SECTION="None" ISSUE_DATE="01/04/1858" WORDCNT="5" RELEASE_NO="041-EWJ-1858-04-01-001-SINGLE" PAGE_ID="" PAGE_TYPE="Single" PAGE_WIDTH="823" PAGE_HEIGHT="1239" DEFAULT_IMG_EXT="png" PDF_DESTINATION_MAPPED="OLV0_Entity_0008_0001" IMAGES_RESOLUTION="86" XMD_VER="2.6.238.8" PAGE_LABEL="80"/>
	<Link SOURCE="041-EWJ-1858-04-01-001-SINGLE.PDF" FIRST_ID="Ar00200" LAST_ID="Ar07201" NEXT_ID="Ar00801" PREV_ID="" TOC_ID="d:/Olive/Repository/EWJ/1858/04/01/TOC.xml"/>
	<DataFiles>
		<Files TYPE="DOC_PDF" PRESENT="1"/>
		<Files TYPE="PAGE_PDF" PRESENT="0"/>
		<Files TYPE="DOC_IMG" PRESENT="0"/>
		<Files TYPE="PAGE_IMG" PRESENT="0"/>
		<Files TYPE="PAGE_VIEW_IMG" PRESENT="1"/>
		<Files TYPE="PAGE_PREVIEW_IMG" PRESENT="1"/>
		<Files TYPE="PRIMITIVE_IMG" PRESENT="1"/>
		<Files TYPE="SNIPPET_IMG" PRESENT="1"/>
	</DataFiles>
	<Content>
		<Primitive BOX="28 19 796 113" ID="Ar0080000" SEQ_NO="0" TOC_ENTRY_ID="11" DEPTH_LEVEL="1">
			<L BOX="347 37 455 76"/>
			<Q BOX="347 37 350 72" STYLE_REF="15" QID="1">.</Q>
			<q BOX="350 37 353 72" STYLE_REF="15" NS="y" QID="1">.</q>
			<QW QID="1">..</QW>
			<W BOX="358 39 366 73" STYLE_REF="15" NS="y">(</W>
			<Q BOX="366 39 370 73" STYLE_REF="15" QID="2">.</Q>
			<q BOX="370 39 375 73" STYLE_REF="15" QID="2">.</q>
			<QW QID="2">..</QW>
			<Q BOX="393 41 417 76" STYLE_REF="15" QID="3">80</Q>
			<q BOX="416 41 424 76" STYLE_REF="15" QID="3">-</q>
			<QW QID="3">80-</QW>
			<W BOX="445 41 455 76" STYLE_REF="15">)</W>
		</Primitive>
	</Content>
	<TOC_Entries><TOC_Entry TOC_ENTRY_ID="17" TITLE="..(.. 80- )" ENTITY_ID_REF="Ar00800" PAGE_NO="8" PAGE_LABEL="80" PRIM_ID_REF="Ar0080000" IS_IC="true"/></TOC_Entries></XMD-entity>
