<?xml version="1.0" encoding="windows-1252" standalone="no"?>
<XMD-entity REPOSITORY_FORMAT="1.0" PRXML_VER="2.0" ENTITY_TYPE="Article" DOC_UID="EWJ_01/04/1858" DOC_VER="1" FIRST_TOC_ENTRY_ID="17" DEPTH_LEVEL="1" INDEX_IN_DOC="43" PAGE_NO="12" ID="Ar01201" BOX="23 48 811 126" LANGUAGE="English" SNP="Ar01201S.png" SNP_WIDTH="789" SNP_HEIGHT="78" LOGICAL_NAME="true">
	<Meta NAME="84 ELIZABETH BLACKWEIX." DESCRIPTION="" SUBTYPE="" BASE_HREF="EWJ/1858/04/01" SOURCE_TYPE="TIFF" PUBLICATION="EWJ" SECTION="None" ISSUE_DATE="01/04/1858" WORDCNT="4" RELEASE_NO="041-EWJ-1858-04-01-001-SINGLE" PAGE_ID="" PAGE_TYPE="Single" PAGE_WIDTH="823" PAGE_HEIGHT="1239" DEFAULT_IMG_EXT="png" PDF_DESTINATION_MAPPED="OLV0_Entity_0012_0002" IMAGES_RESOLUTION="86" XMD_VER="2.6.238.8" PAGE_LABEL="84"/>
	<Link SOURCE="041-EWJ-1858-04-01-001-SINGLE.PDF" FIRST_ID="Ar00200" LAST_ID="Ar07201" NEXT_ID="" PREV_ID="Ar01200" TOC_ID="d:/Olive/Repository/EWJ/1858/04/01/TOC.xml"/>
	<DataFiles>
		<Files TYPE="DOC_PDF" PRESENT="1"/>
		<Files TYPE="PAGE_PDF" PRESENT="0"/>
		<Files TYPE="DOC_IMG" PRESENT="0"/>
		<Files TYPE="PAGE_IMG" PRESENT="0"/>
		<Files TYPE="PAGE_VIEW_IMG" PRESENT="1"/>
		<Files TYPE="PAGE_PREVIEW_IMG" PRESENT="1"/>
		<Files TYPE="PRIMITIVE_IMG" PRESENT="1"/>
		<Files TYPE="SNIPPET_IMG" PRESENT="1"/>
	</DataFiles>
	<Content>
		<Primitive BOX="23 48 811 126" ID="Ar0120100" SEQ_NO="0" TOC_ENTRY_ID="17" DEPTH_LEVEL="1">
			<L BOX="92 88 546 115"/>
			<W BOX="92 91 116 115" STYLE_REF="7">84</W>
			<W BOX="294 90 405 114" STYLE_REF="7" M="2 * ">_ELIZABETH</W>
			<Q BOX="418 90 444 113" STYLE_REF="7" QID="1">BL</Q>
			<q BOX="444 88 540 112" STYLE_REF="7" NS="y" QID="1">ACKWEIX</q>
			<QW QID="1">BLACKWEIX</QW>
			<W BOX="540 88 546 112" STYLE_REF="7">.</W>
		</Primitive>
	</Content>
	<TOC_Entries><TOC_Entry TOC_ENTRY_ID="27" TITLE="84 ELIZABETH BLACKWEIX." ENTITY_ID_REF="Ar01201" PAGE_NO="12" PAGE_LABEL="84" PRIM_ID_REF="Ar0120100" IS_IC="true"/></TOC_Entries></XMD-entity>
