<?xml version="1.0" encoding="windows-1252" standalone="no"?>
<XMD-entity REPOSITORY_FORMAT="1.0" PRXML_VER="2.0" ENTITY_TYPE="Article" DOC_UID="EWJ_01/04/1858" DOC_VER="1" FIRST_TOC_ENTRY_ID="18" DEPTH_LEVEL="1" INDEX_IN_DOC="44" PAGE_NO="13" ID="Ar01301" BOX="24 12 811 93" LANGUAGE="English" SNP="Ar01301S.png" SNP_WIDTH="788" SNP_HEIGHT="81" LOGICAL_NAME="true">
	<Meta NAME="ELIZABETH BLACKWELL. 85" DESCRIPTION="" SUBTYPE="" BASE_HREF="EWJ/1858/04/01" SOURCE_TYPE="TIFF" PUBLICATION="EWJ" SECTION="None" ISSUE_DATE="01/04/1858" WORDCNT="4" RELEASE_NO="041-EWJ-1858-04-01-001-SINGLE" PAGE_ID="" PAGE_TYPE="Single" PAGE_WIDTH="823" PAGE_HEIGHT="1239" DEFAULT_IMG_EXT="png" PDF_DESTINATION_MAPPED="OLV0_Entity_0013_0002" IMAGES_RESOLUTION="86" XMD_VER="2.6.238.8" PAGE_LABEL="85"/>
	<Link SOURCE="041-EWJ-1858-04-01-001-SINGLE.PDF" FIRST_ID="Ar00200" LAST_ID="Ar07201" NEXT_ID="" PREV_ID="Ar01300" TOC_ID="d:/Olive/Repository/EWJ/1858/04/01/TOC.xml"/>
	<DataFiles>
		<Files TYPE="DOC_PDF" PRESENT="1"/>
		<Files TYPE="PAGE_PDF" PRESENT="0"/>
		<Files TYPE="DOC_IMG" PRESENT="0"/>
		<Files TYPE="PAGE_IMG" PRESENT="0"/>
		<Files TYPE="PAGE_VIEW_IMG" PRESENT="1"/>
		<Files TYPE="PAGE_PREVIEW_IMG" PRESENT="1"/>
		<Files TYPE="PRIMITIVE_IMG" PRESENT="1"/>
		<Files TYPE="SNIPPET_IMG" PRESENT="1"/>
	</DataFiles>
	<Content>
		<Primitive BOX="24 12 811 93" ID="Ar0130100" SEQ_NO="0" TOC_ENTRY_ID="18" DEPTH_LEVEL="1">
			<L BOX="260 46 736 82"/>
			<W BOX="260 55 376 82" STYLE_REF="1">ELIZABETH</W>
			<W BOX="392 54 520 81" STYLE_REF="1" NS="y">BLACKWELL</W>
			<W BOX="520 54 525 81" STYLE_REF="1">.</W>
			<W BOX="710 46 736 81" STYLE_REF="18">85</W>
		</Primitive>
	</Content>
	<TOC_Entries><TOC_Entry TOC_ENTRY_ID="29" TITLE="ELIZABETH BLACKWELL. 85" ENTITY_ID_REF="Ar01301" PAGE_NO="13" PAGE_LABEL="85" PRIM_ID_REF="Ar0130100" IS_IC="true"/></TOC_Entries></XMD-entity>
