<?xml version="1.0" encoding="windows-1252" standalone="no"?>
<XMD-PAGE REPOSITORY_FORMAT="1.0" PRXML_VER="2.0">
	<Meta ISSUE_DATE="01/04/1858" RELEASE_NO="041-EWJ-1858-04-01-001-SINGLE" PAGE_NO="13" NAME="" PAGE_LABEL="85" PAGE_TYPE="Single" PUBLISHER="Olive" PUBLICATION="EWJ" SOURCE_TYPE="TIFF" SOURCE_RESOLUTION="72" IMAGES_RESOLUTION="86" PAGE_THUMBNAIL_RESOLUTION="86" PAGE_PREVIEW_RESOLUTION="15" DEFAULT_IMG_EXT="png" IMG_EXT="png" PREVIEW_IMG_EXT="png" XMD_VER="2.6.238.8" PROFILE_ID="D:\pdfs\EWJ\XMD_EWJ.ini" SECTION="None" PAGE_WIDTH="823" PAGE_HEIGHT="1239" PAGES_NUMBER="72" BASE_HREF="EWJ/1858/04/01" PDF_DESTINATION_MAPPED="OLV0_Page_0013">
		<Resolutions>
			<Resolution DEFAULT="true">86</Resolution>
		</Resolutions>
	</Meta>
	<Link SOURCE="041-EWJ-1858-04-01-001-SINGLE.PDF" NEXT_SECTION="" PREV_SECTION="1"/>
	<DataFiles>
		<Files TYPE="DOC_PDF" PRESENT="1"/>
		<Files TYPE="PAGE_PDF" PRESENT="0"/>
		<Files TYPE="DOC_IMG" PRESENT="0"/>
		<Files TYPE="PAGE_IMG" PRESENT="0"/>
		<Files TYPE="PAGE_VIEW_IMG" PRESENT="1"/>
		<Files TYPE="PAGE_PREVIEW_IMG" PRESENT="1"/>
		<Files TYPE="PRIMITIVE_IMG" PRESENT="1"/>
		<Files TYPE="SNIPPET_IMG" PRESENT="1"/>
	</DataFiles>
	<Entity ENTITY_TYPE="Article" FIRST_TOC_ENTRY_ID="13" INDEX_IN_DOC="24" DEPTH_LEVEL="1" ID="Ar01300" SIZE="XLarge" BOX="24 93 811 1214" NEXT_SECTION="" PREV_SECTION="1" CONTINUATION_TO="Ar01400" CONTINUATION_FROM="Ar01200" FIRST_CHUNK="Ar00802" IMAGES_RESOLUTION="86" LOGICAL_NAME="true">
		<Name>To the Editors of the English Woman's Jo...</Name>
		<Primitive ID="Ar0130000" BOX="24 93 811 148" ELEMENT_TYPE="Content" SEQ_NO="0" TOC_ENTRY_ID="13" DEPTH_LEVEL="1"/>
		<Primitive ID="Ar0130001" BOX="24 140 811 194" ELEMENT_TYPE="Content" SEQ_NO="1" TOC_ENTRY_ID="13" DEPTH_LEVEL="1"/>
		<Primitive ID="Ar0130002" BOX="24 186 811 239" ELEMENT_TYPE="Content" SEQ_NO="2" TOC_ENTRY_ID="13" DEPTH_LEVEL="1"/>
		<Primitive ID="Ar0130003" BOX="24 232 811 285" ELEMENT_TYPE="Content" SEQ_NO="3" TOC_ENTRY_ID="13" DEPTH_LEVEL="1"/>
		<Primitive ID="Ar0130004" BOX="24 277 811 330" ELEMENT_TYPE="Content" SEQ_NO="4" TOC_ENTRY_ID="13" DEPTH_LEVEL="1"/>
		<Primitive ID="Ar0130005" BOX="24 323 811 377" ELEMENT_TYPE="Content" SEQ_NO="5" TOC_ENTRY_ID="13" DEPTH_LEVEL="1"/>
		<Primitive ID="Ar0130006" BOX="24 369 811 422" ELEMENT_TYPE="Content" SEQ_NO="6" TOC_ENTRY_ID="13" DEPTH_LEVEL="1"/>
		<Primitive ID="Ar0130007" BOX="24 414 811 467" ELEMENT_TYPE="Content" SEQ_NO="7" TOC_ENTRY_ID="13" DEPTH_LEVEL="1"/>
		<Primitive ID="Ar0130008" BOX="24 459 811 513" ELEMENT_TYPE="Content" SEQ_NO="8" TOC_ENTRY_ID="13" DEPTH_LEVEL="1"/>
		<Primitive ID="Ar0130009" BOX="24 505 811 551" ELEMENT_TYPE="Content" SEQ_NO="9" TOC_ENTRY_ID="13" DEPTH_LEVEL="1"/>
		<Primitive ID="Ar0130010" BOX="24 539 811 604" ELEMENT_TYPE="Content" SEQ_NO="10" TOC_ENTRY_ID="13" DEPTH_LEVEL="1"/>
		<Primitive ID="Ar0130011" BOX="24 596 811 650" ELEMENT_TYPE="Content" SEQ_NO="11" TOC_ENTRY_ID="13" DEPTH_LEVEL="1"/>
		<Primitive ID="Ar0130012" BOX="24 642 811 696" ELEMENT_TYPE="Content" SEQ_NO="12" TOC_ENTRY_ID="13" DEPTH_LEVEL="1"/>
		<Primitive ID="Ar0130013" BOX="24 691 811 741" ELEMENT_TYPE="Content" SEQ_NO="13" TOC_ENTRY_ID="13" DEPTH_LEVEL="1"/>
		<Primitive ID="Ar0130014" BOX="24 732 811 788" ELEMENT_TYPE="Content" SEQ_NO="14" TOC_ENTRY_ID="13" DEPTH_LEVEL="1"/>
		<Primitive ID="Ar0130015" BOX="24 779 811 833" ELEMENT_TYPE="Content" SEQ_NO="15" TOC_ENTRY_ID="13" DEPTH_LEVEL="1"/>
		<Primitive ID="Ar0130016" BOX="24 824 811 879" ELEMENT_TYPE="Content" SEQ_NO="16" TOC_ENTRY_ID="13" DEPTH_LEVEL="1"/>
		<Primitive ID="Ar0130017" BOX="24 869 811 924" ELEMENT_TYPE="Content" SEQ_NO="17" TOC_ENTRY_ID="13" DEPTH_LEVEL="1"/>
		<Primitive ID="Ar0130018" BOX="24 915 811 969" ELEMENT_TYPE="Content" SEQ_NO="18" TOC_ENTRY_ID="13" DEPTH_LEVEL="1"/>
		<Primitive ID="Ar0130019" BOX="24 961 811 1016" ELEMENT_TYPE="Content" SEQ_NO="19" TOC_ENTRY_ID="13" DEPTH_LEVEL="1"/>
		<Primitive ID="Ar0130020" BOX="24 1006 811 1061" ELEMENT_TYPE="Content" SEQ_NO="20" TOC_ENTRY_ID="13" DEPTH_LEVEL="1"/>
		<Primitive ID="Ar0130021" BOX="24 1052 811 1106" ELEMENT_TYPE="Content" SEQ_NO="21" TOC_ENTRY_ID="13" DEPTH_LEVEL="1"/>
		<Primitive ID="Ar0130022" BOX="24 1097 811 1129" ELEMENT_TYPE="Content" SEQ_NO="22" TOC_ENTRY_ID="13" DEPTH_LEVEL="1"/>
		<Primitive ID="Ar0130023" BOX="24 1129 811 1214" ELEMENT_TYPE="Content" SEQ_NO="23" TOC_ENTRY_ID="13" DEPTH_LEVEL="1"/>
	</Entity>
	<Entity ENTITY_TYPE="Article" FIRST_TOC_ENTRY_ID="18" INDEX_IN_DOC="44" DEPTH_LEVEL="1" ID="Ar01301" SIZE="Small" BOX="24 12 811 93" NEXT_SECTION="" PREV_SECTION="1" IMAGES_RESOLUTION="86" LOGICAL_NAME="true">
		<Name>ELIZABETH BLACKWELL. 85</Name>
		<Primitive ID="Ar0130100" BOX="24 12 811 93" ELEMENT_TYPE="Content" SEQ_NO="0" TOC_ENTRY_ID="18" DEPTH_LEVEL="1"/>
	</Entity>
</XMD-PAGE>