<?xml version="1.0" encoding="windows-1252" standalone="no"?>
<XMD-entity REPOSITORY_FORMAT="1.0" PRXML_VER="2.0" ENTITY_TYPE="Article" DOC_UID="EWJ_01/03/1858" DOC_VER="1" FIRST_TOC_ENTRY_ID="5" DEPTH_LEVEL="1" INDEX_IN_DOC="17" PAGE_NO="2" ID="Ar00201" BOX="24 12 829 75" LANGUAGE="English" SNP="Ar00201S.png" SNP_WIDTH="806" SNP_HEIGHT="63" LOGICAL_NAME="true">
	<Meta NAME="2 THE PROFESSION OF THE TEACHER." DESCRIPTION="" SUBTYPE="" BASE_HREF="EWJ/1858/03/01" SOURCE_TYPE="TIFF" PUBLICATION="EWJ" SECTION="None" ISSUE_DATE="01/03/1858" WORDCNT="7" RELEASE_NO="041-EWJ-1858-03-01-001-SINGLE" PAGE_ID="" PAGE_TYPE="Single" PAGE_WIDTH="842" PAGE_HEIGHT="1244" DEFAULT_IMG_EXT="png" PDF_DESTINATION_MAPPED="OLV0_Entity_0002_0002" IMAGES_RESOLUTION="86" XMD_VER="2.6.238.8" PAGE_LABEL="2"/>
	<Link SOURCE="041-EWJ-1858-03-01-001-SINGLE.PDF" FIRST_ID="Ar00200" LAST_ID="Ar07201" NEXT_ID="" PREV_ID="Ar00200" TOC_ID="d:/Olive/Repository/EWJ/1858/03/01/TOC.xml"/>
	<DataFiles>
		<Files TYPE="DOC_PDF" PRESENT="1"/>
		<Files TYPE="PAGE_PDF" PRESENT="0"/>
		<Files TYPE="DOC_IMG" PRESENT="0"/>
		<Files TYPE="PAGE_IMG" PRESENT="0"/>
		<Files TYPE="PAGE_VIEW_IMG" PRESENT="1"/>
		<Files TYPE="PAGE_PREVIEW_IMG" PRESENT="1"/>
		<Files TYPE="PRIMITIVE_IMG" PRESENT="1"/>
		<Files TYPE="SNIPPET_IMG" PRESENT="1"/>
	</DataFiles>
	<Content>
		<Primitive BOX="24 12 829 75" ID="Ar0020100" SEQ_NO="0" TOC_ENTRY_ID="5" DEPTH_LEVEL="1">
			<L BOX="86 44 636 82"/>
			<W BOX="86 45 100 82" STYLE_REF="12">2</W>
			<W BOX="238 45 279 82" STYLE_REF="12">THE</W>
			<W BOX="294 44 416 81" STYLE_REF="12">PROFESSION</W>
			<W BOX="432 44 458 81" STYLE_REF="12">OF</W>
			<W BOX="472 44 513 81" STYLE_REF="12">THE</W>
			<W BOX="527 44 621 81" STYLE_REF="12" NS="y">TEACHER</W>
			<W BOX="621 44 636 81" STYLE_REF="12">.</W>
		</Primitive>
	</Content>
	<TOC_Entries><TOC_Entry TOC_ENTRY_ID="6" TITLE="2 THE PROFESSION OF THE TEACHER." ENTITY_ID_REF="Ar00201" PAGE_NO="2" PAGE_LABEL="2" PRIM_ID_REF="Ar0020100" IS_IC="true"/></TOC_Entries></XMD-entity>
