<?xml version="1.0" encoding="windows-1252" standalone="no"?>
<XMD-entity REPOSITORY_FORMAT="1.0" PRXML_VER="2.0" ENTITY_TYPE="Article" DOC_UID="EWJ_01/04/1858" DOC_VER="1" FIRST_TOC_ENTRY_ID="65" DEPTH_LEVEL="1" INDEX_IN_DOC="112" PAGE_NO="52" ID="Ar05200" BOX="24 12 811 101" LANGUAGE="English" SNP="Ar05200S.png" SNP_WIDTH="788" SNP_HEIGHT="89" LOGICAL_NAME="true">
	<Meta NAME="( 124 )" DESCRIPTION="" SUBTYPE="" BASE_HREF="EWJ/1858/04/01" SOURCE_TYPE="TIFF" PUBLICATION="EWJ" SECTION="None" ISSUE_DATE="01/04/1858" WORDCNT="3" RELEASE_NO="041-EWJ-1858-04-01-001-SINGLE" PAGE_ID="" PAGE_TYPE="Single" PAGE_WIDTH="823" PAGE_HEIGHT="1239" DEFAULT_IMG_EXT="png" PDF_DESTINATION_MAPPED="OLV0_Entity_0052_0001" IMAGES_RESOLUTION="86" XMD_VER="2.6.238.8" PAGE_LABEL="124"/>
	<Link SOURCE="041-EWJ-1858-04-01-001-SINGLE.PDF" FIRST_ID="Ar00200" LAST_ID="Ar07201" NEXT_ID="Ar05201" PREV_ID="" TOC_ID="d:/Olive/Repository/EWJ/1858/04/01/TOC.xml"/>
	<DataFiles>
		<Files TYPE="DOC_PDF" PRESENT="1"/>
		<Files TYPE="PAGE_PDF" PRESENT="0"/>
		<Files TYPE="DOC_IMG" PRESENT="0"/>
		<Files TYPE="PAGE_IMG" PRESENT="0"/>
		<Files TYPE="PAGE_VIEW_IMG" PRESENT="1"/>
		<Files TYPE="PAGE_PREVIEW_IMG" PRESENT="1"/>
		<Files TYPE="PRIMITIVE_IMG" PRESENT="1"/>
		<Files TYPE="SNIPPET_IMG" PRESENT="1"/>
	</DataFiles>
	<Content>
		<Primitive BOX="24 12 811 101" ID="Ar0520000" SEQ_NO="0" TOC_ENTRY_ID="65" DEPTH_LEVEL="1">
			<L BOX="354 51 464 83"/>
			<W BOX="354 53 363 83" STYLE_REF="14">(</W>
			<W BOX="389 51 425 81" STYLE_REF="14">124</W>
			<W BOX="453 51 464 81" STYLE_REF="14">)</W>
		</Primitive>
	</Content>
	<TOC_Entries><TOC_Entry TOC_ENTRY_ID="112" TITLE="( 124 )" ENTITY_ID_REF="Ar05200" PAGE_NO="52" PAGE_LABEL="124" PRIM_ID_REF="Ar0520000" IS_IC="true"/></TOC_Entries></XMD-entity>
