<?xml version="1.0" encoding="windows-1252" standalone="no"?>
<XMD-PAGE REPOSITORY_FORMAT="1.0" PRXML_VER="2.0">
	<Meta ISSUE_DATE="01/04/1858" RELEASE_NO="041-EWJ-1858-04-01-001-SINGLE" PAGE_NO="52" NAME="" PAGE_LABEL="124" PAGE_TYPE="Single" PUBLISHER="Olive" PUBLICATION="EWJ" SOURCE_TYPE="TIFF" SOURCE_RESOLUTION="72" IMAGES_RESOLUTION="86" PAGE_THUMBNAIL_RESOLUTION="86" PAGE_PREVIEW_RESOLUTION="15" DEFAULT_IMG_EXT="png" IMG_EXT="png" PREVIEW_IMG_EXT="png" XMD_VER="2.6.238.8" PROFILE_ID="D:\pdfs\EWJ\XMD_EWJ.ini" SECTION="None" PAGE_WIDTH="823" PAGE_HEIGHT="1239" PAGES_NUMBER="72" BASE_HREF="EWJ/1858/04/01" PDF_DESTINATION_MAPPED="OLV0_Page_0052">
		<Resolutions>
			<Resolution DEFAULT="true">86</Resolution>
		</Resolutions>
	</Meta>
	<Link SOURCE="041-EWJ-1858-04-01-001-SINGLE.PDF" NEXT_SECTION="" PREV_SECTION="1"/>
	<DataFiles>
		<Files TYPE="DOC_PDF" PRESENT="1"/>
		<Files TYPE="PAGE_PDF" PRESENT="0"/>
		<Files TYPE="DOC_IMG" PRESENT="0"/>
		<Files TYPE="PAGE_IMG" PRESENT="0"/>
		<Files TYPE="PAGE_VIEW_IMG" PRESENT="1"/>
		<Files TYPE="PAGE_PREVIEW_IMG" PRESENT="1"/>
		<Files TYPE="PRIMITIVE_IMG" PRESENT="1"/>
		<Files TYPE="SNIPPET_IMG" PRESENT="1"/>
	</DataFiles>
	<Entity ENTITY_TYPE="Article" FIRST_TOC_ENTRY_ID="65" INDEX_IN_DOC="112" DEPTH_LEVEL="1" ID="Ar05200" SIZE="Small" BOX="24 12 811 101" NEXT_SECTION="" PREV_SECTION="1" IMAGES_RESOLUTION="86" LOGICAL_NAME="true">
		<Name>( 124 )</Name>
		<Primitive ID="Ar0520000" BOX="24 12 811 101" ELEMENT_TYPE="Content" SEQ_NO="0" TOC_ENTRY_ID="65" DEPTH_LEVEL="1"/>
	</Entity>
	<Entity ENTITY_TYPE="Article" ENTITY_SUBTYPE="Section" FIRST_TOC_ENTRY_ID="66" INDEX_IN_DOC="113" DEPTH_LEVEL="1" ID="Ar05201" SIZE="Medium" BOX="24 101 811 192" NEXT_SECTION="" PREV_SECTION="1" IMAGES_RESOLUTION="86" LOGICAL_NAME="true">
		<Name>XV.�NOTICES OF BOOKS. ^^</Name>
		<Primitive ID="Ar0520100" BOX="24 101 811 192" ELEMENT_TYPE="HedLine_hl1" SEQ_NO="0" TOC_ENTRY_ID="66" DEPTH_LEVEL="1"/>
	</Entity>
	<Entity ENTITY_TYPE="Article" FIRST_TOC_ENTRY_ID="67" INDEX_IN_DOC="114" DEPTH_LEVEL="1" ID="Ar05202" SIZE="XLarge" BOX="24 192 811 1214" NEXT_SECTION="" PREV_SECTION="1" CONTINUATION_TO="Ar05300" IMAGES_RESOLUTION="86" LOGICAL_NAME="true">
		<Name>--- - 1.�Tlwrndale; or B the lackwood Co...</Name>
		<Primitive ID="Ar0520200" BOX="24 192 811 263" ELEMENT_TYPE="Content" SEQ_NO="0" TOC_ENTRY_ID="67" DEPTH_LEVEL="1"/>
		<Primitive ID="Ar0520201" BOX="24 261 811 359" ELEMENT_TYPE="Content" SEQ_NO="1" TOC_ENTRY_ID="67" DEPTH_LEVEL="1"/>
		<Primitive ID="Ar0520202" BOX="24 347 811 405" ELEMENT_TYPE="Content" SEQ_NO="2" TOC_ENTRY_ID="67" DEPTH_LEVEL="1"/>
		<Primitive ID="Ar0520203" BOX="24 393 811 451" ELEMENT_TYPE="Content" SEQ_NO="3" TOC_ENTRY_ID="67" DEPTH_LEVEL="1"/>
		<Primitive ID="Ar0520204" BOX="24 439 811 499" ELEMENT_TYPE="Content" SEQ_NO="4" TOC_ENTRY_ID="67" DEPTH_LEVEL="1"/>
		<Primitive ID="Ar0520205" BOX="24 487 811 553" ELEMENT_TYPE="Content" SEQ_NO="5" TOC_ENTRY_ID="67" DEPTH_LEVEL="1"/>
		<Primitive ID="Ar0520206" BOX="24 542 811 614" ELEMENT_TYPE="Content" SEQ_NO="6" TOC_ENTRY_ID="67" DEPTH_LEVEL="1"/>
		<Primitive ID="Ar0520207" BOX="24 602 811 685" ELEMENT_TYPE="Content" SEQ_NO="7" TOC_ENTRY_ID="67" DEPTH_LEVEL="1"/>
		<Primitive ID="Ar0520208" BOX="24 673 811 730" ELEMENT_TYPE="Content" SEQ_NO="8" TOC_ENTRY_ID="67" DEPTH_LEVEL="1"/>
		<Primitive ID="Ar0520209" BOX="24 719 811 779" ELEMENT_TYPE="Content" SEQ_NO="9" TOC_ENTRY_ID="67" DEPTH_LEVEL="1"/>
		<Primitive ID="Ar0520210" BOX="24 767 811 833" ELEMENT_TYPE="Content" SEQ_NO="10" TOC_ENTRY_ID="67" DEPTH_LEVEL="1"/>
		<Primitive ID="Ar0520211" BOX="24 821 811 871" ELEMENT_TYPE="Content" SEQ_NO="11" TOC_ENTRY_ID="67" DEPTH_LEVEL="1"/>
		<Primitive ID="Ar0520212" BOX="24 859 811 971" ELEMENT_TYPE="Content" SEQ_NO="12" TOC_ENTRY_ID="67" DEPTH_LEVEL="1"/>
		<Primitive ID="Ar0520213" BOX="24 961 811 1064" ELEMENT_TYPE="Content" SEQ_NO="13" TOC_ENTRY_ID="67" DEPTH_LEVEL="1"/>
		<Primitive ID="Ar0520214" BOX="24 1054 811 1134" ELEMENT_TYPE="Content" SEQ_NO="14" TOC_ENTRY_ID="67" DEPTH_LEVEL="1"/>
		<Primitive ID="Ar0520215" BOX="24 1123 811 1181" ELEMENT_TYPE="Content" SEQ_NO="15" TOC_ENTRY_ID="67" DEPTH_LEVEL="1"/>
		<Primitive ID="Ar0520216" BOX="24 1181 811 1214" ELEMENT_TYPE="Content" SEQ_NO="16" TOC_ENTRY_ID="67" DEPTH_LEVEL="1"/>
	</Entity>
</XMD-PAGE>
