<?xml version="1.0" encoding="windows-1252" standalone="no"?>
<XMD-entity REPOSITORY_FORMAT="1.0" PRXML_VER="2.0" ENTITY_TYPE="Article" DOC_UID="EWJ_01/04/1858" DOC_VER="1" FIRST_TOC_ENTRY_ID="46" DEPTH_LEVEL="1" INDEX_IN_DOC="88" PAGE_NO="37" ID="Ar03701" BOX="24 12 811 99" LANGUAGE="English" SNP="Ar03701S.png" SNP_WIDTH="788" SNP_HEIGHT="87" LOGICAL_NAME="true">
	<Meta NAME="MY GBEAT AUNT POLLY'S ELOPEMENT, 109" DESCRIPTION="" SUBTYPE="" BASE_HREF="EWJ/1858/04/01" SOURCE_TYPE="TIFF" PUBLICATION="EWJ" SECTION="None" ISSUE_DATE="01/04/1858" WORDCNT="9" RELEASE_NO="041-EWJ-1858-04-01-001-SINGLE" PAGE_ID="" PAGE_TYPE="Single" PAGE_WIDTH="823" PAGE_HEIGHT="1239" DEFAULT_IMG_EXT="png" PDF_DESTINATION_MAPPED="OLV0_Entity_0037_0002" IMAGES_RESOLUTION="86" XMD_VER="2.6.238.8" PAGE_LABEL="109"/>
	<Link SOURCE="041-EWJ-1858-04-01-001-SINGLE.PDF" FIRST_ID="Ar00200" LAST_ID="Ar07201" NEXT_ID="" PREV_ID="Ar03700" TOC_ID="d:/Olive/Repository/EWJ/1858/04/01/TOC.xml"/>
	<DataFiles>
		<Files TYPE="DOC_PDF" PRESENT="1"/>
		<Files TYPE="PAGE_PDF" PRESENT="0"/>
		<Files TYPE="DOC_IMG" PRESENT="0"/>
		<Files TYPE="PAGE_IMG" PRESENT="0"/>
		<Files TYPE="PAGE_VIEW_IMG" PRESENT="1"/>
		<Files TYPE="PAGE_PREVIEW_IMG" PRESENT="1"/>
		<Files TYPE="PRIMITIVE_IMG" PRESENT="1"/>
		<Files TYPE="SNIPPET_IMG" PRESENT="1"/>
	</DataFiles>
	<Content>
		<Primitive BOX="24 12 811 99" ID="Ar0370100" SEQ_NO="0" TOC_ENTRY_ID="46" DEPTH_LEVEL="1">
			<L BOX="204 57 769 85"/>
			<W BOX="204 60 235 84" STYLE_REF="7">MY</W>
			<W BOX="249 60 317 84" STYLE_REF="7">GBEAT</W>
			<Q BOX="331 60 374 84" STYLE_REF="7" QID="1">AUN</Q>
			<q BOX="375 60 387 84" STYLE_REF="7" QID="1">T</q>
			<QW QID="1">AUNT</QW>
			<W BOX="402 60 467 84" STYLE_REF="7" NS="y">POLLY</W>
			<W BOX="469 57 476 80" STYLE_REF="7" NS="y">'</W>
			<W BOX="474 60 484 84" STYLE_REF="7">S</W>
			<W BOX="498 60 624 84" STYLE_REF="7" NS="y">ELOPEMENT</W>
			<W BOX="625 60 630 84" STYLE_REF="7">,</W>
			<W BOX="732 62 769 85" STYLE_REF="7">109</W>
		</Primitive>
	</Content>
	<TOC_Entries><TOC_Entry TOC_ENTRY_ID="80" TITLE="MY GBEAT AUNT POLLY'S ELOPEMENT, 109" ENTITY_ID_REF="Ar03701" PAGE_NO="37" PAGE_LABEL="109" PRIM_ID_REF="Ar0370100" IS_IC="true"/></TOC_Entries></XMD-entity>
