<?xml version="1.0" encoding="windows-1252" standalone="no"?>
<XMD-PAGE REPOSITORY_FORMAT="1.0" PRXML_VER="2.0">
	<Meta ISSUE_DATE="01/04/1858" RELEASE_NO="041-EWJ-1858-04-01-001-SINGLE" PAGE_NO="37" NAME="" PAGE_LABEL="109" PAGE_TYPE="Single" PUBLISHER="Olive" PUBLICATION="EWJ" SOURCE_TYPE="TIFF" SOURCE_RESOLUTION="72" IMAGES_RESOLUTION="86" PAGE_THUMBNAIL_RESOLUTION="86" PAGE_PREVIEW_RESOLUTION="15" DEFAULT_IMG_EXT="png" IMG_EXT="png" PREVIEW_IMG_EXT="png" XMD_VER="2.6.238.8" PROFILE_ID="D:\pdfs\EWJ\XMD_EWJ.ini" SECTION="None" PAGE_WIDTH="823" PAGE_HEIGHT="1239" PAGES_NUMBER="72" BASE_HREF="EWJ/1858/04/01" PDF_DESTINATION_MAPPED="OLV0_Page_0037">
		<Resolutions>
			<Resolution DEFAULT="true">86</Resolution>
		</Resolutions>
	</Meta>
	<Link SOURCE="041-EWJ-1858-04-01-001-SINGLE.PDF" NEXT_SECTION="" PREV_SECTION="1"/>
	<DataFiles>
		<Files TYPE="DOC_PDF" PRESENT="1"/>
		<Files TYPE="PAGE_PDF" PRESENT="0"/>
		<Files TYPE="DOC_IMG" PRESENT="0"/>
		<Files TYPE="PAGE_IMG" PRESENT="0"/>
		<Files TYPE="PAGE_VIEW_IMG" PRESENT="1"/>
		<Files TYPE="PAGE_PREVIEW_IMG" PRESENT="1"/>
		<Files TYPE="PRIMITIVE_IMG" PRESENT="1"/>
		<Files TYPE="SNIPPET_IMG" PRESENT="1"/>
	</DataFiles>
	<Entity ENTITY_TYPE="Article" FIRST_TOC_ENTRY_ID="41" INDEX_IN_DOC="75" DEPTH_LEVEL="1" ID="Ar03700" SIZE="XLarge" BOX="24 99 811 1214" NEXT_SECTION="" PREV_SECTION="1" CONTINUATION_TO="Ar03800" CONTINUATION_FROM="Ar03600" FIRST_CHUNK="Ar03202" IMAGES_RESOLUTION="86" LOGICAL_NAME="true">
		<Name>babl Dear y be Reader declared .�The by ...</Name>
		<Primitive ID="Ar0370000" BOX="24 99 811 154" ELEMENT_TYPE="Content" SEQ_NO="0" TOC_ENTRY_ID="41" DEPTH_LEVEL="1"/>
		<Primitive ID="Ar0370001" BOX="24 148 811 200" ELEMENT_TYPE="Content" SEQ_NO="1" TOC_ENTRY_ID="41" DEPTH_LEVEL="1"/>
		<Primitive ID="Ar0370002" BOX="24 194 811 246" ELEMENT_TYPE="Content" SEQ_NO="2" TOC_ENTRY_ID="41" DEPTH_LEVEL="1"/>
		<Primitive ID="Ar0370003" BOX="24 240 811 293" ELEMENT_TYPE="Content" SEQ_NO="3" TOC_ENTRY_ID="41" DEPTH_LEVEL="1"/>
		<Primitive ID="Ar0370004" BOX="24 287 811 340" ELEMENT_TYPE="Content" SEQ_NO="4" TOC_ENTRY_ID="41" DEPTH_LEVEL="1"/>
		<Primitive ID="Ar0370005" BOX="24 334 811 386" ELEMENT_TYPE="Content" SEQ_NO="5" TOC_ENTRY_ID="41" DEPTH_LEVEL="1"/>
		<Primitive ID="Ar0370006" BOX="24 381 811 432" ELEMENT_TYPE="Content" SEQ_NO="6" TOC_ENTRY_ID="41" DEPTH_LEVEL="1"/>
		<Primitive ID="Ar0370007" BOX="24 427 811 478" ELEMENT_TYPE="Content" SEQ_NO="7" TOC_ENTRY_ID="41" DEPTH_LEVEL="1"/>
		<Primitive ID="Ar0370008" BOX="24 474 811 525" ELEMENT_TYPE="Content" SEQ_NO="8" TOC_ENTRY_ID="41" DEPTH_LEVEL="1"/>
		<Primitive ID="Ar0370009" BOX="24 521 811 572" ELEMENT_TYPE="Content" SEQ_NO="9" TOC_ENTRY_ID="41" DEPTH_LEVEL="1"/>
		<Primitive ID="Ar0370010" BOX="24 567 811 618" ELEMENT_TYPE="Content" SEQ_NO="10" TOC_ENTRY_ID="41" DEPTH_LEVEL="1"/>
		<Primitive ID="Ar0370011" BOX="24 614 811 665" ELEMENT_TYPE="Content" SEQ_NO="11" TOC_ENTRY_ID="41" DEPTH_LEVEL="1"/>
		<Primitive ID="Ar0370012" BOX="24 661 811 712" ELEMENT_TYPE="Content" SEQ_NO="12" TOC_ENTRY_ID="41" DEPTH_LEVEL="1"/>
		<Primitive ID="Ar0370013" BOX="24 708 811 760" ELEMENT_TYPE="Content" SEQ_NO="13" TOC_ENTRY_ID="41" DEPTH_LEVEL="1"/>
		<Primitive ID="Ar0370014" BOX="24 754 811 807" ELEMENT_TYPE="Content" SEQ_NO="14" TOC_ENTRY_ID="41" DEPTH_LEVEL="1"/>
		<Primitive ID="Ar0370015" BOX="24 801 811 852" ELEMENT_TYPE="Content" SEQ_NO="15" TOC_ENTRY_ID="41" DEPTH_LEVEL="1"/>
		<Primitive ID="Ar0370016" BOX="24 848 811 899" ELEMENT_TYPE="Content" SEQ_NO="16" TOC_ENTRY_ID="41" DEPTH_LEVEL="1"/>
		<Primitive ID="Ar0370017" BOX="24 895 811 946" ELEMENT_TYPE="Content" SEQ_NO="17" TOC_ENTRY_ID="41" DEPTH_LEVEL="1"/>
		<Primitive ID="Ar0370018" BOX="24 941 811 993" ELEMENT_TYPE="Content" SEQ_NO="18" TOC_ENTRY_ID="41" DEPTH_LEVEL="1"/>
		<Primitive ID="Ar0370019" BOX="24 988 811 1042" ELEMENT_TYPE="Content" SEQ_NO="19" TOC_ENTRY_ID="41" DEPTH_LEVEL="1"/>
		<Primitive ID="Ar0370020" BOX="24 1035 811 1089" ELEMENT_TYPE="Content" SEQ_NO="20" TOC_ENTRY_ID="41" DEPTH_LEVEL="1"/>
		<Primitive ID="Ar0370021" BOX="24 1081 811 1134" ELEMENT_TYPE="Content" SEQ_NO="21" TOC_ENTRY_ID="41" DEPTH_LEVEL="1"/>
		<Primitive ID="Ar0370022" BOX="24 1127 811 1182" ELEMENT_TYPE="Content" SEQ_NO="22" TOC_ENTRY_ID="41" DEPTH_LEVEL="1"/>
		<Primitive ID="Ar0370023" BOX="24 1182 811 1214" ELEMENT_TYPE="Content" SEQ_NO="23" TOC_ENTRY_ID="41" DEPTH_LEVEL="1"/>
	</Entity>
	<Entity ENTITY_TYPE="Article" FIRST_TOC_ENTRY_ID="46" INDEX_IN_DOC="88" DEPTH_LEVEL="1" ID="Ar03701" SIZE="Small" BOX="24 12 811 99" NEXT_SECTION="" PREV_SECTION="1" IMAGES_RESOLUTION="86" LOGICAL_NAME="true">
		<Name>MY GBEAT AUNT POLLY'S ELOPEMENT, 109</Name>
		<Primitive ID="Ar0370100" BOX="24 12 811 99" ELEMENT_TYPE="Content" SEQ_NO="0" TOC_ENTRY_ID="46" DEPTH_LEVEL="1"/>
	</Entity>
</XMD-PAGE>