<?xml version="1.0" encoding="windows-1252" standalone="no"?>
<XMD-entity REPOSITORY_FORMAT="1.0" PRXML_VER="2.0" ENTITY_TYPE="Article" DOC_UID="EWJ_01/04/1858" DOC_VER="1" FIRST_TOC_ENTRY_ID="45" DEPTH_LEVEL="1" INDEX_IN_DOC="87" PAGE_NO="36" ID="Ar03601" BOX="24 12 811 72" LANGUAGE="English" SNP="Ar03601S.png" SNP_WIDTH="788" SNP_HEIGHT="61" LOGICAL_NAME="true">
	<Meta NAME="108 MY GEE AT AUNT POLLY' S ELOPEMENT." DESCRIPTION="" SUBTYPE="" BASE_HREF="EWJ/1858/04/01" SOURCE_TYPE="TIFF" PUBLICATION="EWJ" SECTION="None" ISSUE_DATE="01/04/1858" WORDCNT="10" RELEASE_NO="041-EWJ-1858-04-01-001-SINGLE" PAGE_ID="" PAGE_TYPE="Single" PAGE_WIDTH="823" PAGE_HEIGHT="1239" DEFAULT_IMG_EXT="png" PDF_DESTINATION_MAPPED="OLV0_Entity_0036_0002" IMAGES_RESOLUTION="86" XMD_VER="2.6.238.8" PAGE_LABEL="108"/>
	<Link SOURCE="041-EWJ-1858-04-01-001-SINGLE.PDF" FIRST_ID="Ar00200" LAST_ID="Ar07201" NEXT_ID="" PREV_ID="Ar03600" TOC_ID="d:/Olive/Repository/EWJ/1858/04/01/TOC.xml"/>
	<DataFiles>
		<Files TYPE="DOC_PDF" PRESENT="1"/>
		<Files TYPE="PAGE_PDF" PRESENT="0"/>
		<Files TYPE="DOC_IMG" PRESENT="0"/>
		<Files TYPE="PAGE_IMG" PRESENT="0"/>
		<Files TYPE="PAGE_VIEW_IMG" PRESENT="1"/>
		<Files TYPE="PAGE_PREVIEW_IMG" PRESENT="1"/>
		<Files TYPE="PRIMITIVE_IMG" PRESENT="1"/>
		<Files TYPE="SNIPPET_IMG" PRESENT="1"/>
	</DataFiles>
	<Content>
		<Primitive BOX="24 12 811 72" ID="Ar0360100" SEQ_NO="0" TOC_ENTRY_ID="45" DEPTH_LEVEL="1">
			<L BOX="61 26 627 66"/>
			<W BOX="61 32 97 66" STYLE_REF="27">108</W>
			<W BOX="199 32 230 66" STYLE_REF="27">MY</W>
			<W BOX="243 32 283 66" STYLE_REF="27">GEE</W>
			<W BOX="284 31 315 65" STYLE_REF="27">AT</W>
			<W BOX="325 30 383 65" STYLE_REF="27">AUNT</W>
			<W BOX="396 30 462 65" STYLE_REF="27" NS="y">POLLY</W>
			<W BOX="462 26 480 61" STYLE_REF="27">'</W>
			<W BOX="467 30 479 65" STYLE_REF="27">S</W>
			<W BOX="492 30 611 65" STYLE_REF="27" NS="y">ELOPEMENT</W>
			<W BOX="611 30 627 65" STYLE_REF="27">.</W>
		</Primitive>
	</Content>
	<TOC_Entries><TOC_Entry TOC_ENTRY_ID="78" TITLE="108 MY GEE AT AUNT POLLY' S ELOPEMENT." ENTITY_ID_REF="Ar03601" PAGE_NO="36" PAGE_LABEL="108" PRIM_ID_REF="Ar0360100" IS_IC="true"/></TOC_Entries></XMD-entity>
