<?xml version="1.0" encoding="windows-1252" standalone="no"?>
<XMD-entity REPOSITORY_FORMAT="1.0" PRXML_VER="2.0" ENTITY_TYPE="Article" DOC_UID="EWJ_01/03/1858" DOC_VER="1" FIRST_TOC_ENTRY_ID="81" DEPTH_LEVEL="1" INDEX_IN_DOC="145" PAGE_NO="65" ID="Ar06501" BOX="24 12 829 76" LANGUAGE="English" SNP="Ar06501S.png" SNP_WIDTH="806" SNP_HEIGHT="64" LOGICAL_NAME="true">
	<Meta NAME="NOTICES OF BOOKS. 65" DESCRIPTION="" SUBTYPE="" BASE_HREF="EWJ/1858/03/01" SOURCE_TYPE="TIFF" PUBLICATION="EWJ" SECTION="None" ISSUE_DATE="01/03/1858" WORDCNT="5" RELEASE_NO="041-EWJ-1858-03-01-001-SINGLE" PAGE_ID="" PAGE_TYPE="Single" PAGE_WIDTH="842" PAGE_HEIGHT="1244" DEFAULT_IMG_EXT="png" PDF_DESTINATION_MAPPED="OLV0_Entity_0065_0002" IMAGES_RESOLUTION="86" XMD_VER="2.6.238.8" PAGE_LABEL="65"/>
	<Link SOURCE="041-EWJ-1858-03-01-001-SINGLE.PDF" FIRST_ID="Ar00200" LAST_ID="Ar07201" NEXT_ID="" PREV_ID="Ar06500" TOC_ID="d:/Olive/Repository/EWJ/1858/03/01/TOC.xml"/>
	<DataFiles>
		<Files TYPE="DOC_PDF" PRESENT="1"/>
		<Files TYPE="PAGE_PDF" PRESENT="0"/>
		<Files TYPE="DOC_IMG" PRESENT="0"/>
		<Files TYPE="PAGE_IMG" PRESENT="0"/>
		<Files TYPE="PAGE_VIEW_IMG" PRESENT="1"/>
		<Files TYPE="PAGE_PREVIEW_IMG" PRESENT="1"/>
		<Files TYPE="PRIMITIVE_IMG" PRESENT="1"/>
		<Files TYPE="SNIPPET_IMG" PRESENT="1"/>
	</DataFiles>
	<Content>
		<Primitive BOX="24 12 829 76" ID="Ar0650100" SEQ_NO="0" TOC_ENTRY_ID="81" DEPTH_LEVEL="1">
			<L BOX="306 33 769 69"/>
			<W BOX="306 42 396 68" STYLE_REF="14">NOTICES</W>
			<W BOX="410 42 436 67" STYLE_REF="14">OF</W>
			<W BOX="450 42 518 67" STYLE_REF="14" NS="y">BOOKS</W>
			<W BOX="518 42 523 67" STYLE_REF="14">.</W>
			<W BOX="743 33 769 69" STYLE_REF="40">65</W>
		</Primitive>
	</Content>
	<TOC_Entries><TOC_Entry TOC_ENTRY_ID="143" TITLE="NOTICES OF BOOKS. 65" ENTITY_ID_REF="Ar06501" PAGE_NO="65" PAGE_LABEL="65" PRIM_ID_REF="Ar0650100" IS_IC="true"/></TOC_Entries></XMD-entity>
