<?xml version="1.0" encoding="windows-1252" standalone="no"?>
<XMD-PAGE REPOSITORY_FORMAT="1.0" PRXML_VER="2.0">
	<Meta ISSUE_DATE="01/03/1858" RELEASE_NO="041-EWJ-1858-03-01-001-SINGLE" PAGE_NO="65" NAME="" PAGE_LABEL="65" PAGE_TYPE="Single" PUBLISHER="Olive" PUBLICATION="EWJ" SOURCE_TYPE="TIFF" SOURCE_RESOLUTION="72" IMAGES_RESOLUTION="86" PAGE_THUMBNAIL_RESOLUTION="86" PAGE_PREVIEW_RESOLUTION="15" DEFAULT_IMG_EXT="png" IMG_EXT="png" PREVIEW_IMG_EXT="png" XMD_VER="2.6.238.8" PROFILE_ID="D:\pdfs\EWJ\XMD_EWJ.ini" SECTION="None" PAGE_WIDTH="842" PAGE_HEIGHT="1244" PAGES_NUMBER="72" BASE_HREF="EWJ/1858/03/01" PDF_DESTINATION_MAPPED="OLV0_Page_0065">
		<Resolutions>
			<Resolution DEFAULT="true">86</Resolution>
		</Resolutions>
	</Meta>
	<Link SOURCE="041-EWJ-1858-03-01-001-SINGLE.PDF" NEXT_SECTION="" PREV_SECTION="1"/>
	<DataFiles>
		<Files TYPE="DOC_PDF" PRESENT="1"/>
		<Files TYPE="PAGE_PDF" PRESENT="0"/>
		<Files TYPE="DOC_IMG" PRESENT="0"/>
		<Files TYPE="PAGE_IMG" PRESENT="0"/>
		<Files TYPE="PAGE_VIEW_IMG" PRESENT="1"/>
		<Files TYPE="PAGE_PREVIEW_IMG" PRESENT="1"/>
		<Files TYPE="PRIMITIVE_IMG" PRESENT="1"/>
		<Files TYPE="SNIPPET_IMG" PRESENT="1"/>
	</DataFiles>
	<Entity ENTITY_TYPE="Article" FIRST_TOC_ENTRY_ID="79" INDEX_IN_DOC="141" DEPTH_LEVEL="1" ID="Ar06500" SIZE="XLarge" BOX="24 76 829 1219" NEXT_SECTION="" PREV_SECTION="1" CONTINUATION_TO="Ar06600" CONTINUATION_FROM="Ar06400" FIRST_CHUNK="Ar06302" IMAGES_RESOLUTION="86" LOGICAL_NAME="true">
		<Name>2.�Year After Year. By the Author of * P...</Name>
		<Primitive ID="Ar0650000" BOX="24 76 829 138" ELEMENT_TYPE="Content" SEQ_NO="0" TOC_ENTRY_ID="79" DEPTH_LEVEL="1"/>
		<Primitive ID="Ar0650001" BOX="24 132 829 183" ELEMENT_TYPE="Content" SEQ_NO="1" TOC_ENTRY_ID="79" DEPTH_LEVEL="1"/>
		<Primitive ID="Ar0650002" BOX="24 178 829 231" ELEMENT_TYPE="Content" SEQ_NO="2" TOC_ENTRY_ID="79" DEPTH_LEVEL="1"/>
		<Primitive ID="Ar0650003" BOX="24 225 829 277" ELEMENT_TYPE="Content" SEQ_NO="3" TOC_ENTRY_ID="79" DEPTH_LEVEL="1"/>
		<Primitive ID="Ar0650004" BOX="24 277 829 349" ELEMENT_TYPE="Content" SEQ_NO="4" TOC_ENTRY_ID="79" DEPTH_LEVEL="1"/>
		<Primitive ID="Ar0650005" BOX="24 339 829 397" ELEMENT_TYPE="Content" SEQ_NO="5" TOC_ENTRY_ID="79" DEPTH_LEVEL="1"/>
		<Primitive ID="Ar0650006" BOX="24 385 829 436" ELEMENT_TYPE="Content" SEQ_NO="6" TOC_ENTRY_ID="79" DEPTH_LEVEL="1"/>
		<Primitive ID="Ar0650007" BOX="24 424 829 478" ELEMENT_TYPE="Content" SEQ_NO="7" TOC_ENTRY_ID="79" DEPTH_LEVEL="1"/>
		<Primitive ID="Ar0650008" BOX="24 470 829 536" ELEMENT_TYPE="Content" SEQ_NO="8" TOC_ENTRY_ID="79" DEPTH_LEVEL="1"/>
		<Primitive ID="Ar0650009" BOX="24 526 829 590" ELEMENT_TYPE="Content" SEQ_NO="9" TOC_ENTRY_ID="79" DEPTH_LEVEL="1"/>
		<Primitive ID="Ar0650010" BOX="24 580 829 694" ELEMENT_TYPE="Content" SEQ_NO="10" TOC_ENTRY_ID="79" DEPTH_LEVEL="1"/>
		<Primitive ID="Ar0650011" BOX="24 682 829 758" ELEMENT_TYPE="Content" SEQ_NO="11" TOC_ENTRY_ID="79" DEPTH_LEVEL="1"/>
		<Primitive ID="Ar0650012" BOX="24 747 829 795" ELEMENT_TYPE="Content" SEQ_NO="12" TOC_ENTRY_ID="79" DEPTH_LEVEL="1"/>
		<Primitive ID="Ar0650013" BOX="24 785 829 870" ELEMENT_TYPE="Content" SEQ_NO="13" TOC_ENTRY_ID="79" DEPTH_LEVEL="1"/>
		<Primitive ID="Ar0650014" BOX="24 859 829 907" ELEMENT_TYPE="Content" SEQ_NO="14" TOC_ENTRY_ID="79" DEPTH_LEVEL="1"/>
		<Primitive ID="Ar0650015" BOX="24 899 829 961" ELEMENT_TYPE="Content" SEQ_NO="15" TOC_ENTRY_ID="79" DEPTH_LEVEL="1"/>
		<Primitive ID="Ar0650016" BOX="24 954 829 1017" ELEMENT_TYPE="Content" SEQ_NO="16" TOC_ENTRY_ID="79" DEPTH_LEVEL="1"/>
		<Primitive ID="Ar0650017" BOX="24 1006 829 1091" ELEMENT_TYPE="Content" SEQ_NO="17" TOC_ENTRY_ID="79" DEPTH_LEVEL="1"/>
		<Primitive ID="Ar0650018" BOX="24 1079 829 1127" ELEMENT_TYPE="Content" SEQ_NO="18" TOC_ENTRY_ID="79" DEPTH_LEVEL="1"/>
		<Primitive ID="Ar0650019" BOX="24 1121 829 1219" ELEMENT_TYPE="Content" SEQ_NO="19" TOC_ENTRY_ID="79" DEPTH_LEVEL="1"/>
	</Entity>
	<Entity ENTITY_TYPE="Article" FIRST_TOC_ENTRY_ID="81" INDEX_IN_DOC="145" DEPTH_LEVEL="1" ID="Ar06501" SIZE="Small" BOX="24 12 829 76" NEXT_SECTION="" PREV_SECTION="1" IMAGES_RESOLUTION="86" LOGICAL_NAME="true">
		<Name>NOTICES OF BOOKS. 65</Name>
		<Primitive ID="Ar0650100" BOX="24 12 829 76" ELEMENT_TYPE="Content" SEQ_NO="0" TOC_ENTRY_ID="81" DEPTH_LEVEL="1"/>
	</Entity>
</XMD-PAGE>