<?xml version="1.0" encoding="windows-1252" standalone="no"?>
<XMD-entity REPOSITORY_FORMAT="1.0" PRXML_VER="2.0" ENTITY_TYPE="Article" DOC_UID="EWJ_01/03/1858" DOC_VER="1" FIRST_TOC_ENTRY_ID="10" DEPTH_LEVEL="1" INDEX_IN_DOC="22" PAGE_NO="7" ID="Ar00701" BOX="24 12 829 84" LANGUAGE="English" SNP="Ar00701S.png" SNP_WIDTH="806" SNP_HEIGHT="73" LOGICAL_NAME="true">
	<Meta NAME="THE PROFESSION OF THE TEACHEE. 7" DESCRIPTION="" SUBTYPE="" BASE_HREF="EWJ/1858/03/01" SOURCE_TYPE="TIFF" PUBLICATION="EWJ" SECTION="None" ISSUE_DATE="01/03/1858" WORDCNT="7" RELEASE_NO="041-EWJ-1858-03-01-001-SINGLE" PAGE_ID="" PAGE_TYPE="Single" PAGE_WIDTH="842" PAGE_HEIGHT="1244" DEFAULT_IMG_EXT="png" PDF_DESTINATION_MAPPED="OLV0_Entity_0007_0002" IMAGES_RESOLUTION="86" XMD_VER="2.6.238.8" PAGE_LABEL="7"/>
	<Link SOURCE="041-EWJ-1858-03-01-001-SINGLE.PDF" FIRST_ID="Ar00200" LAST_ID="Ar07201" NEXT_ID="" PREV_ID="Ar00700" TOC_ID="d:/Olive/Repository/EWJ/1858/03/01/TOC.xml"/>
	<DataFiles>
		<Files TYPE="DOC_PDF" PRESENT="1"/>
		<Files TYPE="PAGE_PDF" PRESENT="0"/>
		<Files TYPE="DOC_IMG" PRESENT="0"/>
		<Files TYPE="PAGE_IMG" PRESENT="0"/>
		<Files TYPE="PAGE_VIEW_IMG" PRESENT="1"/>
		<Files TYPE="PAGE_PREVIEW_IMG" PRESENT="1"/>
		<Files TYPE="PRIMITIVE_IMG" PRESENT="1"/>
		<Files TYPE="SNIPPET_IMG" PRESENT="1"/>
	</DataFiles>
	<Content>
		<Primitive BOX="24 12 829 84" ID="Ar0070100" SEQ_NO="0" TOC_ENTRY_ID="10" DEPTH_LEVEL="1">
			<L BOX="222 39 782 70"/>
			<W BOX="222 46 265 70" STYLE_REF="7">THE</W>
			<W BOX="280 46 408 70" STYLE_REF="7">PROFESSION</W>
			<W BOX="421 46 449 70" STYLE_REF="7">OF</W>
			<W BOX="463 46 505 70" STYLE_REF="7">THE</W>
			<W BOX="520 46 619 69" STYLE_REF="7" NS="y">TEACHEE</W>
			<W BOX="619 46 624 69" STYLE_REF="7">.</W>
			<W BOX="767 39 782 70" STYLE_REF="16">7</W>
		</Primitive>
	</Content>
	<TOC_Entries><TOC_Entry TOC_ENTRY_ID="16" TITLE="THE PROFESSION OF THE TEACHEE. 7" ENTITY_ID_REF="Ar00701" PAGE_NO="7" PAGE_LABEL="7" PRIM_ID_REF="Ar0070100" IS_IC="true"/></TOC_Entries></XMD-entity>
