<?xml version="1.0" encoding="windows-1252" standalone="no"?>
<XMD-entity REPOSITORY_FORMAT="1.0" PRXML_VER="2.0" ENTITY_TYPE="Article" FIRST_TOC_ENTRY_ID="18" DEPTH_LEVEL="1" INDEX_IN_DOC="38" PAGE_NO="21" ID="Ar02100" BOX="24 76 828 1226" LANGUAGE="English" CONTINUATION_TO="Ar02200" CONTINUATION_FROM="Ar02001" LOGICAL_NAME="true">
	<Meta NAME=". at A few This High days institution ga..." DESCRIPTION="" SUBTYPE="" BASE_HREF="EWJ/1858/03/01" SOURCE_TYPE="TIFF" PUBLICATION="EWJ" SECTION="None" ISSUE_DATE="01/03/1858" WORDCNT="573" RELEASE_NO="041-EWJ-1858-03-01-001-SINGLE" PAGE_ID="" PAGE_TYPE="Single" PAGE_WIDTH="842" PAGE_HEIGHT="1244" DEFAULT_IMG_EXT="png" PDF_DESTINATION_MAPPED="OLV0_Entity_0021_0001" IMAGES_RESOLUTION="86" XMD_VER="2.6.238.8" PAGE_LABEL="21"/>
	<Link SOURCE="041-EWJ-1858-03-01-001-SINGLE.PDF" FIRST_ID="Ar00200" LAST_ID="Ar07201" NEXT_ID="Ar02101" PREV_ID="" TOC_ID="d:/Olive/Repository/EWJ/1858/03/01/TOC.xml"/>
	<DataFiles>
		<Files TYPE="DOC_PDF" PRESENT="1"/>
		<Files TYPE="PAGE_PDF" PRESENT="0"/>
		<Files TYPE="DOC_IMG" PRESENT="0"/>
		<Files TYPE="PAGE_IMG" PRESENT="0"/>
		<Files TYPE="PAGE_VIEW_IMG" PRESENT="1"/>
		<Files TYPE="PAGE_PREVIEW_IMG" PRESENT="1"/>
		<Files TYPE="PRIMITIVE_IMG" PRESENT="1"/>
		<Files TYPE="SNIPPET_IMG" PRESENT="1"/>
	</DataFiles>
	<Content>
		<Primitive BOX="24 76 828 137" ID="Ar0210000" SEQ_NO="0" TOC_ENTRY_ID="18" DEPTH_LEVEL="1">
			<L BOX="70 83 784 113"/>
			<W BOX="70 85 132 113" STYLE_REF="5">rather</W>
			<W BOX="140 85 161 113" STYLE_REF="5">In</W>
			<W BOX="170 85 205 113" STYLE_REF="5">one</W>
			<W BOX="214 84 267 112" STYLE_REF="5" NS="y">sense</W>
			<W BOX="269 84 274 112" STYLE_REF="5">,</W>
			<W BOX="282 84 311 113" STYLE_REF="5">for</W>
			<W BOX="318 84 364 113" STYLE_REF="5">here</W>
			<W BOX="372 84 418 113" STYLE_REF="5">they</W>
			<W BOX="425 83 478 112" STYLE_REF="5">learn</W>
			<W BOX="487 83 507 112" STYLE_REF="5">to</W>
			<Q BOX="515 83 616 112" STYLE_REF="5" QID="1">understan</Q>
			<q BOX="618 83 630 112" STYLE_REF="5" QID="1">d</q>
			<QW QID="1">understand</QW>
			<W BOX="638 83 692 112" STYLE_REF="5">those</W>
			<Q BOX="699 83 776 112" STYLE_REF="5" QID="2">wonder</Q>
			<Q BOX="776 83 784 112" STYLE_REF="5" QID="2">-</Q>
			<L BOX="70 107 783 137"/>
			<Q BOX="70 108 104 137" STYLE_REF="5" QID="2">full</Q>
			<q BOX="107 112 119 137" STYLE_REF="14" QID="2">y</q>
			<QW QID="2">wonderfully</QW>
			<Q BOX="127 111 183 136" STYLE_REF="14" QID="3">conso</Q>
			<Q BOX="183 108 192 136" STYLE_REF="5" QID="3">l</Q>
			<Q BOX="191 111 203 136" STYLE_REF="14" QID="3">a</Q>
			<Q BOX="202 108 210 136" STYLE_REF="5" QID="3">t</Q>
			<Q BOX="211 111 232 136" STYLE_REF="14" QID="3">or</Q>
			<q BOX="231 108 245 136" STYLE_REF="5" QID="3">y</q>
			<QW QID="3">consolatory</QW>
			<Q BOX="253 111 292 136" STYLE_REF="14" QID="4">wor</Q>
			<Q BOX="293 108 305 136" STYLE_REF="5" QID="4">d</Q>
			<q BOX="306 111 314 136" STYLE_REF="14" QID="4">s</q>
			<QW QID="4">words</QW>
			<Q BOX="323 111 333 136" STYLE_REF="14" QID="5">s</Q>
			<Q BOX="332 108 344 136" STYLE_REF="5" QID="5">p</Q>
			<Q BOX="345 111 357 136" STYLE_REF="14" QID="5">o</Q>
			<Q BOX="356 108 369 136" STYLE_REF="5" QID="5">k</Q>
			<q BOX="370 111 393 136" STYLE_REF="14" QID="5">en</q>
			<QW QID="5">spoken</QW>
			<Q BOX="402 108 415 136" STYLE_REF="5" QID="6">b</Q>
			<q BOX="414 108 428 136" STYLE_REF="5" QID="6">y</q>
			<QW QID="6">by</QW>
			<W BOX="436 108 470 136" STYLE_REF="5">the</W>
			<W BOX="477 107 554 135" STYLE_REF="5">Saviour</W>
			<W BOX="566 107 584 135" STYLE_REF="5">of</W>
			<W BOX="598 107 630 135" STYLE_REF="5">the</W>
			<Q BOX="638 107 668 135" STYLE_REF="5" QID="7">wo</Q>
			<Q BOX="667 107 686 135" STYLE_REF="5" QID="7">m</Q>
			<q BOX="687 107 710 135" STYLE_REF="5" QID="7">an</q>
			<QW QID="7">woman</QW>
			<W BOX="719 107 741 135" STYLE_REF="5">in</W>
			<W BOX="751 107 783 135" STYLE_REF="5">the</W>
		</Primitive>
		<Primitive BOX="24 130 828 183" ID="Ar0210001" SEQ_NO="1" TOC_ENTRY_ID="18" DEPTH_LEVEL="1">
			<L BOX="71 130 788 161"/>
			<W BOX="71 132 111 160" STYLE_REF="5">city</W>
			<W BOX="118 132 161 160" STYLE_REF="5">who</W>
			<W BOX="173 132 212 160" STYLE_REF="5">was</W>
			<W BOX="223 132 234 160" STYLE_REF="5">a</W>
			<W BOX="247 132 310 160" STYLE_REF="5" NS="y">sinner</W>
			<W BOX="317 132 322 160" STYLE_REF="5">:</W>
			<W BOX="335 133 344 161" STYLE_REF="5" NS="y">*</W>
			<W BOX="343 133 346 161" STYLE_REF="5">'</W>
			<W BOX="354 131 394 160" STYLE_REF="5">Her</W>
			<W BOX="402 131 444 160" STYLE_REF="5" NS="y">sins</W>
			<W BOX="443 131 448 159" STYLE_REF="5">,</W>
			<W BOX="457 131 521 159" STYLE_REF="5">which</W>
			<W BOX="530 131 562 159" STYLE_REF="5">are</W>
			<W BOX="572 131 631 159" STYLE_REF="5" NS="y">many</W>
			<W BOX="631 131 636 159" STYLE_REF="5">,</W>
			<W BOX="644 133 675 158" STYLE_REF="14">are</W>
			<Q BOX="685 131 693 159" STYLE_REF="5" QID="8">f</Q>
			<Q BOX="693 133 713 158" STYLE_REF="14" QID="8">or</Q>
			<Q BOX="713 131 727 159" STYLE_REF="5" QID="8">g</Q>
			<Q BOX="726 130 735 159" STYLE_REF="5" QID="8">i</Q>
			<q BOX="734 133 772 158" STYLE_REF="14" QID="8">ven</q>
			<QW QID="8">forgiven</QW>
			<W BOX="778 133 788 158" STYLE_REF="14">:</W>
			<L BOX="71 154 784 183"/>
			<W BOX="71 155 99 183" STYLE_REF="5">for</W>
			<W BOX="112 155 144 183" STYLE_REF="5">she</W>
			<W BOX="156 155 211 183" STYLE_REF="5">loved</W>
			<W BOX="224 155 284 183" STYLE_REF="5" NS="y">much</W>
			<W BOX="284 155 290 183" STYLE_REF="5" NS="y">.</W>
			<W BOX="289 155 299 183" STYLE_REF="5">"</W>
			<W BOX="323 155 383 183" STYLE_REF="5">These</W>
			<W BOX="392 155 457 183" STYLE_REF="5">divine</W>
			<W BOX="465 155 527 183" STYLE_REF="5">words</W>
			<W BOX="535 154 553 183" STYLE_REF="5">of</W>
			<W BOX="563 154 628 182" STYLE_REF="5">mercy</W>
			<W BOX="636 154 707 182" STYLE_REF="5">spoken</W>
			<Q BOX="715 154 729 182" STYLE_REF="5" QID="9">b</Q>
			<q BOX="728 154 742 182" STYLE_REF="5" QID="9">y</q>
			<QW QID="9">by</QW>
			<W BOX="750 154 784 182" STYLE_REF="5">the</W>
		</Primitive>
		<Primitive BOX="24 177 828 231" ID="Ar0210002" SEQ_NO="2" TOC_ENTRY_ID="18" DEPTH_LEVEL="1">
			<L BOX="70 177 783 207"/>
			<Q BOX="70 179 85 207" STYLE_REF="5" QID="10">li</Q>
			<q BOX="85 179 108 207" STYLE_REF="5" QID="10">ps</q>
			<QW QID="10">lips</QW>
			<W BOX="120 179 137 207" STYLE_REF="5">of</W>
			<Q BOX="150 179 209 207" STYLE_REF="5" QID="11">Divin</Q>
			<q BOX="210 178 221 207" STYLE_REF="5" QID="11">e</q>
			<QW QID="11">Divine</QW>
			<W BOX="230 178 282 207" STYLE_REF="5">Love</W>
			<W BOX="290 178 321 207" STYLE_REF="5">are</W>
			<Q BOX="329 178 341 207" STYLE_REF="5" QID="12">e</Q>
			<q BOX="340 178 450 207" STYLE_REF="5" QID="12">mblazoned</q>
			<QW QID="12">emblazoned</QW>
			<W BOX="459 178 478 207" STYLE_REF="5">in</W>
			<W BOX="488 178 537 206" STYLE_REF="5">clear</W>
			<W BOX="546 177 613 206" STYLE_REF="5">letters</W>
			<W BOX="622 177 680 206" STYLE_REF="5">above</W>
			<W BOX="687 177 720 206" STYLE_REF="5">the</W>
			<W BOX="728 177 776 206" STYLE_REF="5" NS="y">altar</W>
			<W BOX="776 177 783 206" STYLE_REF="5">.</W>
			<L BOX="70 201 782 231"/>
			<W BOX="70 203 131 231" STYLE_REF="5">Violet</W>
			<W BOX="140 203 178 231" STYLE_REF="5">and</W>
			<W BOX="186 203 249 231" STYLE_REF="5" NS="y">white</W>
			<W BOX="247 203 251 231" STYLE_REF="5">,</W>
			<W BOX="260 202 304 230" STYLE_REF="5">lilac</W>
			<W BOX="313 202 349 230" STYLE_REF="5">and</W>
			<W BOX="358 202 405 230" STYLE_REF="5" NS="y">grey</W>
			<W BOX="406 202 411 230" STYLE_REF="5">,</W>
			<W BOX="421 201 469 229" STYLE_REF="5">with</W>
			<W BOX="480 201 491 229" STYLE_REF="5">a</W>
			<W BOX="503 201 554 229" STYLE_REF="5">little</W>
			<W BOX="567 201 647 229" STYLE_REF="5">crimson</W>
			<W BOX="660 201 710 229" STYLE_REF="5">cloth</W>
			<W BOX="724 201 782 229" STYLE_REF="5">about</W>
		</Primitive>
		<Primitive BOX="24 224 828 278" ID="Ar0210003" SEQ_NO="3" TOC_ENTRY_ID="18" DEPTH_LEVEL="1">
			<L BOX="69 224 782 255"/>
			<W BOX="69 226 103 254" STYLE_REF="5">the</W>
			<Q BOX="110 226 128 254" STYLE_REF="5" QID="13">al</Q>
			<q BOX="128 226 157 254" STYLE_REF="5" NS="y" QID="13">tar</q>
			<QW QID="13">altar</QW>
			<W BOX="158 227 163 255" STYLE_REF="5">,</W>
			<W BOX="172 226 208 254" STYLE_REF="5">and</W>
			<Q BOX="218 225 299 254" STYLE_REF="5" QID="14">crimson</Q>
			<Q BOX="299 225 307 254" STYLE_REF="5" LH="y" QID="14">-</Q>
			<q BOX="307 225 356 254" STYLE_REF="5" QID="14">cloth</q>
			<QW QID="14">crimson-cloth</QW>
			<W BOX="366 225 450 253" STYLE_REF="5">curtains</W>
			<W BOX="457 225 505 253" STYLE_REF="5">with</W>
			<W BOX="517 225 527 253" STYLE_REF="5">a</W>
			<W BOX="539 225 595 253" STYLE_REF="5">black</W>
			<Q BOX="608 224 655 253" STYLE_REF="5" QID="15">fleur</Q>
			<Q BOX="655 224 663 253" STYLE_REF="5" LH="y" QID="15">-</Q>
			<Q BOX="663 224 686 253" STYLE_REF="5" QID="15">de</Q>
			<Q BOX="686 224 694 253" STYLE_REF="5" LH="y" QID="15">-</Q>
			<q BOX="694 224 717 253" STYLE_REF="5" QID="15">lis</q>
			<QW QID="15">fleur-de-lis</QW>
			<W BOX="730 224 782 253" STYLE_REF="5">upon</W>
			<L BOX="69 248 782 278"/>
			<W BOX="69 250 121 278" STYLE_REF="5">them</W>
			<W BOX="128 250 192 278" STYLE_REF="5">which</W>
			<W BOX="201 250 253 278" STYLE_REF="5">hang</W>
			<Q BOX="261 249 300 277" STYLE_REF="5" QID="16">half</Q>
			<Q BOX="300 249 308 277" STYLE_REF="5" LH="y" QID="16">-</Q>
			<q BOX="308 249 350 277" STYLE_REF="5" QID="16">way</q>
			<QW QID="16">half-way</QW>
			<W BOX="358 249 413 277" STYLE_REF="5">down</W>
			<W BOX="425 249 458 277" STYLE_REF="5">the</W>
			<W BOX="469 249 535 277" STYLE_REF="5" NS="y">chapel</W>
			<W BOX="537 249 541 277" STYLE_REF="5">,</W>
			<W BOX="550 248 582 276" STYLE_REF="5">are</W>
			<W BOX="590 248 623 276" STYLE_REF="5">the</W>
			<W BOX="631 248 669 276" STYLE_REF="5">sole</W>
			<W BOX="679 248 752 276" STYLE_REF="5">colours</W>
			<W BOX="761 248 782 276" STYLE_REF="5">in</W>
		</Primitive>
		<Primitive BOX="24 271 828 325" ID="Ar0210004" SEQ_NO="4" TOC_ENTRY_ID="18" DEPTH_LEVEL="1">
			<L BOX="68 271 783 302"/>
			<W BOX="68 273 103 302" STYLE_REF="5">the</W>
			<W BOX="113 273 217 302" STYLE_REF="5" NS="y">apartment</W>
			<Q BOX="218 272 223 300" STYLE_REF="5" QID="17">,</Q>
			<q BOX="222 272 227 300" STYLE_REF="5" QID="17">,</q>
			<QW QID="17">,,</QW>
			<W BOX="235 272 301 301" STYLE_REF="5" NS="y">which</W>
			<W BOX="300 273 305 301" STYLE_REF="5">,</W>
			<Q BOX="317 273 376 301" STYLE_REF="5" QID="18">thoug</Q>
			<q BOX="374 272 388 301" STYLE_REF="5" QID="18">h</q>
			<QW QID="18">though</QW>
			<W BOX="400 272 449 301" STYLE_REF="5">most</W>
			<Q BOX="463 272 512 301" STYLE_REF="5" QID="19">simp</Q>
			<Q BOX="512 272 521 300" STYLE_REF="5" QID="19">l</Q>
			<q BOX="519 273 533 301" STYLE_REF="5" QID="19">y</q>
			<QW QID="19">simply</QW>
			<W BOX="545 272 596 300" STYLE_REF="5">fitted</W>
			<W BOX="613 272 640 300" STYLE_REF="5" NS="y">up</W>
			<W BOX="640 272 647 300" STYLE_REF="5">,</W>
			<Q BOX="660 272 673 300" STYLE_REF="5" QID="20">h</Q>
			<q BOX="674 274 693 299" STYLE_REF="14" QID="20">as</q>
			<QW QID="20">has</QW>
			<W BOX="704 274 715 299" STYLE_REF="14">a</W>
			<Q BOX="727 272 740 300" STYLE_REF="5" QID="21">p</Q>
			<q BOX="741 274 774 299" STYLE_REF="14" NS="y" QID="21">ure</q>
			<QW QID="21">pure</QW>
			<W BOX="776 271 783 299" STYLE_REF="5">,</W>
			<L BOX="69 295 782 325"/>
			<Q BOX="69 297 149 325" STYLE_REF="5" QID="22">cheerful</Q>
			<q BOX="171 297 207 325" STYLE_REF="5" QID="22">and</q>
			<QW QID="22">cheerfuland</QW>
			<Q BOX="221 297 269 325" STYLE_REF="5" QID="23">devo</Q>
			<q BOX="269 297 328 325" STYLE_REF="5" QID="23">tional</q>
			<QW QID="23">devotional</QW>
			<W BOX="342 296 436 324" STYLE_REF="5" NS="y">character</W>
			<W BOX="436 296 442 324" STYLE_REF="5">.</W>
			<W BOX="468 296 509 324" STYLE_REF="5">The</W>
			<Q BOX="522 296 568 324" STYLE_REF="5" QID="24">altar</Q>
			<Q BOX="568 296 576 324" STYLE_REF="5" LH="y" QID="24">-</Q>
			<q BOX="576 296 628 324" STYLE_REF="5" QID="24">cloth</q>
			<QW QID="24">altar-cloth</QW>
			<W BOX="642 295 659 323" STYLE_REF="5">is</W>
			<W BOX="672 295 730 323" STYLE_REF="5">violet</W>
			<W BOX="744 295 782 323" STYLE_REF="5">and</W>
		</Primitive>
		<Primitive BOX="24 319 828 373" ID="Ar0210005" SEQ_NO="5" TOC_ENTRY_ID="18" DEPTH_LEVEL="1">
			<L BOX="152 297 157 325"/>
			<W BOX="152 297 157 325" STYLE_REF="5">,</W>
			<L BOX="68 319 781 351"/>
			<W BOX="68 320 127 349" STYLE_REF="5" NS="y">white</W>
			<W BOX="127 321 132 349" STYLE_REF="5">,</W>
			<W BOX="140 320 189 349" STYLE_REF="5">with</W>
			<W BOX="199 320 233 349" STYLE_REF="5">the</W>
			<W BOX="243 320 306 349" STYLE_REF="5">words</W>
			<W BOX="318 323 329 351" STYLE_REF="5">"</W>
			<W BOX="337 319 368 348" STYLE_REF="5">He</W>
			<W BOX="380 319 421 348" STYLE_REF="5">that</W>
			<W BOX="434 319 494 348" STYLE_REF="5">eateth</W>
			<W BOX="508 319 538 348" STYLE_REF="5" NS="y">me</W>
			<W BOX="539 320 544 348" STYLE_REF="5">,</W>
			<W BOX="553 319 601 347" STYLE_REF="5">even</W>
			<W BOX="611 319 637 347" STYLE_REF="5">he</W>
			<W BOX="648 319 696 347" STYLE_REF="5">shall</W>
			<W BOX="707 319 747 347" STYLE_REF="5">live</W>
			<Q BOX="755 319 768 347" STYLE_REF="5" QID="25">b</Q>
			<q BOX="768 319 781 347" STYLE_REF="5" QID="25">y</q>
			<QW QID="25">by</QW>
			<L BOX="68 342 783 373"/>
			<W BOX="68 347 98 372" STYLE_REF="14" NS="y">me</W>
			<W BOX="100 344 106 373" STYLE_REF="5" NS="y">,</W>
			<W BOX="106 344 116 372" STYLE_REF="5">"</W>
			<W BOX="129 344 256 372" STYLE_REF="5">embroidered</W>
			<W BOX="272 344 321 372" STYLE_REF="5">upon</W>
			<W BOX="335 343 350 372" STYLE_REF="5" NS="y">it</W>
			<W BOX="350 343 357 372" STYLE_REF="5">.</W>
			<W BOX="386 343 426 372" STYLE_REF="5">The</W>
			<W BOX="439 343 483 372" STYLE_REF="5">floor</W>
			<W BOX="499 342 515 371" STYLE_REF="5">is</W>
			<W BOX="528 342 607 371" STYLE_REF="5">covered</W>
			<W BOX="622 342 669 371" STYLE_REF="5">with</W>
			<Q BOX="682 342 742 370" STYLE_REF="5" QID="26">cocoa</Q>
			<Q BOX="742 342 751 370" STYLE_REF="5" LH="y" QID="26">-</Q>
			<q BOX="750 342 783 370" STYLE_REF="5" QID="26">nut</q>
			<QW QID="26">cocoa-nut</QW>
		</Primitive>
		<Primitive BOX="24 366 828 421" ID="Ar0210006" SEQ_NO="6" TOC_ENTRY_ID="18" DEPTH_LEVEL="1">
			<L BOX="67 366 780 396"/>
			<W BOX="67 368 147 396" STYLE_REF="5" NS="y">matting</W>
			<W BOX="147 368 153 396" STYLE_REF="5">,</W>
			<W BOX="166 368 202 396" STYLE_REF="5">and</W>
			<W BOX="215 368 250 396" STYLE_REF="5">the</W>
			<Q BOX="261 367 317 395" STYLE_REF="5" QID="27">wood</Q>
			<Q BOX="317 367 325 395" STYLE_REF="5" LH="y" QID="27">-</Q>
			<q BOX="325 367 376 395" STYLE_REF="5" QID="27">work</q>
			<QW QID="27">wood-work</QW>
			<W BOX="391 367 408 395" STYLE_REF="5">is</W>
			<W BOX="425 367 442 395" STYLE_REF="5">of</W>
			<W BOX="459 366 560 394" STYLE_REF="5">varnished</W>
			<W BOX="578 366 620 394" STYLE_REF="5" NS="y">deal</W>
			<W BOX="620 366 626 394" STYLE_REF="5">.</W>
			<W BOX="656 366 696 394" STYLE_REF="5">The</W>
			<W BOX="713 366 780 394" STYLE_REF="5">chapel</W>
			<L BOX="67 389 779 421"/>
			<W BOX="67 391 131 420" STYLE_REF="5">makes</W>
			<W BOX="138 391 149 420" STYLE_REF="5">a</W>
			<W BOX="157 391 240 420" STYLE_REF="5">striking</W>
			<Q BOX="247 391 256 419" STYLE_REF="5" QID="28">i</Q>
			<Q BOX="255 393 274 418" STYLE_REF="14" QID="28">m</Q>
			<Q BOX="273 392 287 421" STYLE_REF="5" QID="28">p</Q>
			<Q BOX="287 393 326 418" STYLE_REF="14" QID="28">ress</Q>
			<Q BOX="326 391 335 419" STYLE_REF="5" QID="28">i</Q>
			<q BOX="334 393 359 418" STYLE_REF="14" NS="y" QID="28">on</q>
			<QW QID="28">impression</QW>
			<W BOX="361 390 366 419" STYLE_REF="5">,</W>
			<Q BOX="374 390 421 419" STYLE_REF="5" QID="29">simp</Q>
			<q BOX="423 390 442 418" STYLE_REF="5" QID="29">le</q>
			<QW QID="29">simple</QW>
			<W BOX="450 390 470 418" STYLE_REF="5">as</W>
			<W BOX="478 390 494 418" STYLE_REF="5">it</W>
			<W BOX="503 390 520 418" STYLE_REF="5" NS="y">is</W>
			<W BOX="520 390 525 418" STYLE_REF="5">,</W>
			<W BOX="534 389 591 417" STYLE_REF="5">when</W>
			<W BOX="598 389 637 417" STYLE_REF="5">you</W>
			<W BOX="645 389 697 417" STYLE_REF="5">enter</W>
			<W BOX="707 389 721 417" STYLE_REF="5">it</W>
			<W BOX="731 389 779 417" STYLE_REF="5">from</W>
		</Primitive>
		<Primitive BOX="24 413 828 467" ID="Ar0210007" SEQ_NO="7" TOC_ENTRY_ID="18" DEPTH_LEVEL="1">
			<L BOX="67 413 780 443"/>
			<W BOX="67 415 100 443" STYLE_REF="5">the</W>
			<W BOX="108 415 151 443" STYLE_REF="5">bare</W>
			<W BOX="159 415 247 443" STYLE_REF="5">passages</W>
			<W BOX="256 415 292 443" STYLE_REF="5">and</W>
			<W BOX="301 414 448 442" STYLE_REF="5">unornamented</W>
			<W BOX="456 413 517 442" STYLE_REF="5">rooms</W>
			<W BOX="525 413 545 442" STYLE_REF="5">in</W>
			<W BOX="553 413 587 441" STYLE_REF="5">the</W>
			<W BOX="595 413 633 441" STYLE_REF="5">rest</W>
			<W BOX="644 413 662 441" STYLE_REF="5">of</W>
			<W BOX="674 413 707 441" STYLE_REF="5">the</W>
			<W BOX="714 413 774 441" STYLE_REF="5" NS="y">house</W>
			<W BOX="774 413 780 441" STYLE_REF="5">.</W>
			<L BOX="67 436 779 467"/>
			<W BOX="67 438 78 467" STYLE_REF="5">I</W>
			<W BOX="88 438 142 467" STYLE_REF="5">could</W>
			<W BOX="149 438 223 467" STYLE_REF="5">believe</W>
			<W BOX="231 438 273 467" STYLE_REF="5">that</W>
			<W BOX="281 438 297 467" STYLE_REF="5">it</W>
			<W BOX="305 437 344 466" STYLE_REF="5">was</W>
			<W BOX="352 437 399 466" STYLE_REF="5">very</W>
			<W BOX="407 437 508 466" STYLE_REF="5" NS="y">efficacious</W>
			<W BOX="513 437 518 465" STYLE_REF="5">,</W>
			<W BOX="526 436 572 465" STYLE_REF="5">thus</W>
			<W BOX="578 436 657 465" STYLE_REF="5">making</W>
			<W BOX="668 436 701 465" STYLE_REF="5">the</W>
			<W BOX="712 436 779 465" STYLE_REF="5">chapel</W>
		</Primitive>
		<Primitive BOX="24 461 828 515" ID="Ar0210008" SEQ_NO="8" TOC_ENTRY_ID="18" DEPTH_LEVEL="1">
			<L BOX="66 461 504 491"/>
			<W BOX="66 463 101 491" STYLE_REF="5">the</W>
			<W BOX="106 463 142 491" STYLE_REF="6" M="4 * ">_chief</W>
			<W BOX="156 463 207 491" STYLE_REF="6">point</W>
			<W BOX="211 463 229 491" STYLE_REF="6">of</W>
			<W BOX="238 462 294 490" STYLE_REF="6">beauty</W>
			<W BOX="304 461 325 490" STYLE_REF="5">in</W>
			<W BOX="333 461 367 490" STYLE_REF="5">the</W>
			<W BOX="374 461 436 490" STYLE_REF="5">whole</W>
			<Q BOX="443 461 457 490" STYLE_REF="5" QID="30">p</Q>
			<q BOX="456 461 497 489" STYLE_REF="5" NS="y" QID="30">lace</q>
			<QW QID="30">place</QW>
			<W BOX="497 461 504 489" STYLE_REF="5">.</W>
			<L BOX="92 484 780 515"/>
			<W BOX="92 487 130 515" STYLE_REF="5">The</W>
			<Q BOX="142 487 156 515" STYLE_REF="5" QID="31">g</Q>
			<q BOX="155 486 190 514" STYLE_REF="5" NS="y" QID="31">irls</q>
			<QW QID="31">girls</QW>
			<W BOX="191 486 196 514" STYLE_REF="5">,</W>
			<W BOX="208 485 229 514" STYLE_REF="5">as</W>
			<W BOX="239 485 250 514" STYLE_REF="5">I</W>
			<W BOX="264 485 339 514" STYLE_REF="5">learned</W>
			<W BOX="354 485 400 513" STYLE_REF="5">from</W>
			<W BOX="415 485 448 513" STYLE_REF="5">the</W>
			<W BOX="461 485 528 513" STYLE_REF="5" NS="y">Sisters</W>
			<W BOX="530 485 535 513" STYLE_REF="5">,</W>
			<W BOX="548 484 594 512" STYLE_REF="5">take</W>
			<W BOX="607 484 660 512" STYLE_REF="5">great</W>
			<Q BOX="672 484 709 512" STYLE_REF="5" QID="32">deli</Q>
			<Q BOX="710 485 724 513" STYLE_REF="5" QID="32">g</Q>
			<q BOX="722 484 745 512" STYLE_REF="5" QID="32">ht</q>
			<QW QID="32">delight</QW>
			<W BOX="758 484 780 512" STYLE_REF="5">in</W>
		</Primitive>
		<Primitive BOX="24 508 828 562" ID="Ar0210009" SEQ_NO="9" TOC_ENTRY_ID="18" DEPTH_LEVEL="1">
			<L BOX="66 508 778 539"/>
			<W BOX="66 510 115 538" STYLE_REF="5">their</W>
			<Q BOX="123 510 158 538" STYLE_REF="5" QID="33">reli</Q>
			<Q BOX="158 511 172 539" STYLE_REF="5" QID="33">g</Q>
			<Q BOX="171 510 202 538" STYLE_REF="5" QID="33">iou</Q>
			<q BOX="203 510 213 538" STYLE_REF="5" QID="33">s</q>
			<QW QID="33">religious</QW>
			<Q BOX="221 510 232 538" STYLE_REF="5" QID="34">s</Q>
			<q BOX="231 510 303 538" STYLE_REF="5" NS="y" QID="34">ervices</q>
			<QW QID="34">services</QW>
			<W BOX="304 509 309 537" STYLE_REF="5">,</W>
			<W BOX="318 508 355 537" STYLE_REF="5">and</W>
			<W BOX="363 508 393 537" STYLE_REF="5">are</W>
			<W BOX="405 508 485 537" STYLE_REF="5">allowed</W>
			<W BOX="497 508 547 536" STYLE_REF="5">upon</W>
			<W BOX="558 508 646 536" STYLE_REF="5">holidays</W>
			<W BOX="658 508 678 536" STYLE_REF="5">to</W>
			<W BOX="692 508 778 536" STYLE_REF="5">decorate</W>
			<L BOX="65 531 780 562"/>
			<W BOX="65 534 99 562" STYLE_REF="5">the</W>
			<W BOX="111 534 176 562" STYLE_REF="5">chapel</W>
			<W BOX="186 534 234 562" STYLE_REF="5">with</W>
			<W BOX="245 532 326 561" STYLE_REF="5" NS="y">wreaths</W>
			<W BOX="326 532 331 561" STYLE_REF="5">.</W>
			<W BOX="357 532 374 561" STYLE_REF="5">If</W>
			<W BOX="387 532 490 560" STYLE_REF="5">prevented</W>
			<Q BOX="503 532 517 560" STYLE_REF="5" QID="35">b</Q>
			<q BOX="516 532 529 561" STYLE_REF="5" QID="35">y</q>
			<QW QID="35">by</QW>
			<W BOX="541 531 606 560" STYLE_REF="5">illness</W>
			<W BOX="620 531 667 560" STYLE_REF="5">from</W>
			<Q BOX="680 531 764 560" STYLE_REF="5" QID="36">attendin</Q>
			<q BOX="766 531 780 560" STYLE_REF="5" QID="36">g</q>
			<QW QID="36">attending</QW>
		</Primitive>
		<Primitive BOX="24 555 828 610" ID="Ar0210010" SEQ_NO="10" TOC_ENTRY_ID="18" DEPTH_LEVEL="1">
			<L BOX="66 555 779 586"/>
			<W BOX="66 557 100 586" STYLE_REF="5">the</W>
			<W BOX="112 557 192 586" STYLE_REF="5" NS="y">services</W>
			<W BOX="193 557 198 586" STYLE_REF="5">,</W>
			<W BOX="206 557 253 585" STYLE_REF="5">they</W>
			<W BOX="261 557 293 585" STYLE_REF="5">are</W>
			<W BOX="303 557 357 585" STYLE_REF="5">quite</W>
			<W BOX="369 556 468 584" STYLE_REF="5">impatient</W>
			<W BOX="475 555 503 584" STYLE_REF="5">for</W>
			<W BOX="512 555 625 584" STYLE_REF="5">permission</W>
			<W BOX="633 555 653 584" STYLE_REF="5">to</W>
			<W BOX="662 555 717 584" STYLE_REF="5">again</W>
			<W BOX="726 555 779 584" STYLE_REF="5">enter</W>
			<L BOX="65 579 779 610"/>
			<W BOX="65 581 100 610" STYLE_REF="5">the</W>
			<W BOX="112 581 178 610" STYLE_REF="5" NS="y">chapel</W>
			<W BOX="179 581 184 610" STYLE_REF="5">.</W>
			<W BOX="210 581 250 609" STYLE_REF="5">The</W>
			<Q BOX="263 581 344 609" STYLE_REF="5" QID="37">services</Q>
			<q BOX="359 580 424 608" STYLE_REF="5" QID="37">which</q>
			<QW QID="37">serviceswhich</QW>
			<W BOX="435 580 479 608" STYLE_REF="5">take</W>
			<Q BOX="490 580 504 608" STYLE_REF="5" QID="38">p</Q>
			<q BOX="504 579 543 607" STYLE_REF="5" QID="38">lace</q>
			<QW QID="38">place</QW>
			<W BOX="557 579 629 607" STYLE_REF="5">several</W>
			<W BOX="642 579 697 607" STYLE_REF="5">times</W>
			<W BOX="710 579 721 607" STYLE_REF="5">a</W>
			<W BOX="735 579 772 607" STYLE_REF="5" NS="y">day</W>
			<W BOX="772 579 779 607" STYLE_REF="5">,</W>
		</Primitive>
		<Primitive BOX="24 602 828 656" ID="Ar0210011" SEQ_NO="11" TOC_ENTRY_ID="18" DEPTH_LEVEL="1">
			<L BOX="346 581 351 609"/>
			<W BOX="346 581 351 609" STYLE_REF="5">,</W>
			<L BOX="66 602 779 633"/>
			<W BOX="66 605 97 633" STYLE_REF="5">are</W>
			<Q BOX="110 605 192 633" STYLE_REF="5" QID="39">generall</Q>
			<q BOX="192 605 205 633" STYLE_REF="5" QID="39">y</q>
			<QW QID="39">generally</QW>
			<W BOX="218 604 237 633" STYLE_REF="5">of</W>
			<W BOX="250 604 307 632" STYLE_REF="5">about</W>
			<W BOX="320 604 352 632" STYLE_REF="5">ten</W>
			<Q BOX="366 603 449 632" STYLE_REF="5" QID="40">minutes</Q>
			<q BOX="449 603 453 631" STYLE_REF="5" QID="40">'</q>
			<QW QID="40">minutes'</QW>
			<W BOX="464 603 551 631" STYLE_REF="5" NS="y">duration</W>
			<W BOX="552 603 558 631" STYLE_REF="5">,</W>
			<Q BOX="566 603 625 631" STYLE_REF="5" QID="41">excep</Q>
			<q BOX="625 602 634 631" STYLE_REF="5" QID="41">t</q>
			<QW QID="41">except</QW>
			<W BOX="644 602 678 631" STYLE_REF="5">the</W>
			<W BOX="689 602 779 631" STYLE_REF="5">morning</W>
			<L BOX="66 625 779 656"/>
			<W BOX="66 628 103 656" STYLE_REF="5">and</W>
			<W BOX="116 628 197 656" STYLE_REF="5">evening</W>
			<W BOX="210 628 292 656" STYLE_REF="5" NS="y">services</W>
			<W BOX="292 628 298 656" STYLE_REF="5">.</W>
			<W BOX="324 626 365 655" STYLE_REF="5">The</W>
			<W BOX="378 626 450 655" STYLE_REF="5">service</W>
			<W BOX="461 626 479 655" STYLE_REF="5">at</W>
			<W BOX="492 626 557 655" STYLE_REF="5">which</W>
			<W BOX="569 626 580 655" STYLE_REF="5">I</W>
			<W BOX="593 626 632 655" STYLE_REF="5">was</W>
			<W BOX="645 626 721 654" STYLE_REF="5">present</W>
			<Q BOX="734 625 769 654" STYLE_REF="5" QID="42">con</Q>
			<Q BOX="771 625 779 654" STYLE_REF="5" QID="42">-</Q>
		</Primitive>
		<Primitive BOX="24 649 828 704" ID="Ar0210012" SEQ_NO="12" TOC_ENTRY_ID="18" DEPTH_LEVEL="1">
			<L BOX="65 649 778 680"/>
			<q BOX="65 652 120 680" STYLE_REF="5" QID="42">sisted</q>
			<QW QID="42">consisted</QW>
			<Q BOX="130 652 189 680" STYLE_REF="5" QID="43">merel</Q>
			<q BOX="188 651 202 680" STYLE_REF="5" QID="43">y</q>
			<QW QID="43">merely</QW>
			<W BOX="211 651 230 680" STYLE_REF="5">of</W>
			<W BOX="242 651 276 680" STYLE_REF="5">the</W>
			<W BOX="284 651 354 679" STYLE_REF="5">Litany</W>
			<W BOX="363 651 441 679" STYLE_REF="5">chanted</W>
			<Q BOX="452 651 465 679" STYLE_REF="5" QID="44">b</Q>
			<q BOX="464 651 478 679" STYLE_REF="5" QID="44">y</q>
			<QW QID="44">by</QW>
			<W BOX="485 650 519 678" STYLE_REF="5">the</W>
			<W BOX="527 650 608 678" STYLE_REF="5" NS="y">Warden</W>
			<W BOX="610 650 615 678" STYLE_REF="5">,</W>
			<W BOX="624 650 661 678" STYLE_REF="5">and</W>
			<W BOX="672 649 778 678" STYLE_REF="5">responded</W>
			<L BOX="65 673 778 704"/>
			<W BOX="65 676 84 704" STYLE_REF="5">to</W>
			<W BOX="93 676 119 704" STYLE_REF="5">by</W>
			<W BOX="123 675 156 703" STYLE_REF="5">the</W>
			<W BOX="163 675 260 703" STYLE_REF="5">penitents</W>
			<W BOX="267 675 303 703" STYLE_REF="5">and</W>
			<W BOX="313 674 346 702" STYLE_REF="5">the</W>
			<W BOX="354 674 422 702" STYLE_REF="5" NS="y">Sisters</W>
			<W BOX="424 674 428 702" STYLE_REF="5">.</W>
			<W BOX="446 674 541 702" STYLE_REF="5">Kneeling</W>
			<W BOX="549 673 617 702" STYLE_REF="5">amidst</W>
			<W BOX="624 673 678 701" STYLE_REF="5">those</W>
			<W BOX="685 673 778 701" STYLE_REF="5">unhappy</W>
		</Primitive>
		<Primitive BOX="24 697 828 752" ID="Ar0210013" SEQ_NO="13" TOC_ENTRY_ID="18" DEPTH_LEVEL="1">
			<L BOX="67 697 778 729"/>
			<Q BOX="67 700 80 729" STYLE_REF="5" QID="45">g</Q>
			<q BOX="80 699 113 728" STYLE_REF="5" QID="45">irls</q>
			<QW QID="45">girls</QW>
			<W BOX="125 699 213 728" STYLE_REF="5">snatched</W>
			<W BOX="224 699 271 728" STYLE_REF="5">from</W>
			<W BOX="281 699 291 728" STYLE_REF="5">a</W>
			<W BOX="300 698 339 726" STYLE_REF="5">hell</W>
			<W BOX="347 698 398 726" STYLE_REF="5">upon</W>
			<W BOX="406 698 459 726" STYLE_REF="5" NS="y">earth</W>
			<W BOX="461 698 465 726" STYLE_REF="5">,</W>
			<W BOX="474 697 523 725" STYLE_REF="5">with</W>
			<W BOX="529 697 563 725" STYLE_REF="5">the</W>
			<W BOX="571 697 661 725" STYLE_REF="5">sunshine</W>
			<W BOX="674 697 778 725" STYLE_REF="5">streaming</W>
			<L BOX="65 720 777 752"/>
			<W BOX="65 723 86 752" STYLE_REF="5">in</W>
			<Q BOX="99 723 167 752" STYLE_REF="5" QID="46">throug</Q>
			<q BOX="167 723 181 751" STYLE_REF="5" QID="46">h</q>
			<QW QID="46">through</QW>
			<W BOX="194 723 227 751" STYLE_REF="5">the</W>
			<W BOX="241 723 289 751" STYLE_REF="5">clear</W>
			<W BOX="298 722 390 750" STYLE_REF="5">windows</W>
			<W BOX="399 721 449 750" STYLE_REF="5">upon</W>
			<W BOX="458 721 507 749" STYLE_REF="5">their</W>
			<Q BOX="515 721 573 749" STYLE_REF="5" QID="47">white</Q>
			<Q BOX="573 721 582 749" STYLE_REF="5" LH="y" QID="47">-</Q>
			<q BOX="582 721 655 749" STYLE_REF="5" QID="47">capped</q>
			<QW QID="47">white-capped</QW>
			<W BOX="665 721 724 749" STYLE_REF="5" NS="y">heads</W>
			<W BOX="725 721 730 749" STYLE_REF="5">,</W>
			<W BOX="740 720 777 748" STYLE_REF="5">and</W>
		</Primitive>
		<Primitive BOX="24 744 828 800" ID="Ar0210014" SEQ_NO="14" TOC_ENTRY_ID="18" DEPTH_LEVEL="1">
			<L BOX="64 744 777 775"/>
			<W BOX="64 747 129 775" STYLE_REF="5">bowed</W>
			<W BOX="137 747 184 775" STYLE_REF="5">grey</W>
			<W BOX="193 746 229 775" STYLE_REF="5">and</W>
			<W BOX="241 746 286 775" STYLE_REF="5">lilac</W>
			<W BOX="297 746 355 775" STYLE_REF="5" NS="y">forms</W>
			<W BOX="355 745 360 774" STYLE_REF="5">,</W>
			<W BOX="369 745 389 773" STYLE_REF="5">in</W>
			<W BOX="397 745 431 773" STYLE_REF="5">the</W>
			<W BOX="442 745 515 773" STYLE_REF="5">hushed</W>
			<W BOX="524 745 594 773" STYLE_REF="5">silence</W>
			<W BOX="603 744 623 773" STYLE_REF="5">to</W>
			<W BOX="632 744 676 773" STYLE_REF="5">hear</W>
			<W BOX="684 744 717 773" STYLE_REF="5">the</W>
			<Q BOX="725 744 769 772" STYLE_REF="5" QID="48">War</Q>
			<Q BOX="769 744 777 772" STYLE_REF="5" QID="48">-</Q>
			<L BOX="63 768 778 800"/>
			<q BOX="63 770 100 799" STYLE_REF="5" NS="y" QID="48">den</q>
			<QW QID="48">Warden</QW>
			<W BOX="101 770 108 798" STYLE_REF="5" NS="y">'</W>
			<W BOX="107 770 115 798" STYLE_REF="5">s</W>
			<W BOX="123 770 177 798" STYLE_REF="5">voice</W>
			<W BOX="186 770 243 798" STYLE_REF="5">chant</W>
			<W BOX="251 770 300 798" STYLE_REF="5" NS="y">forth</W>
			<W BOX="302 770 307 798" STYLE_REF="5">,</W>
			<W BOX="317 772 327 800" STYLE_REF="5">"</W>
			<W BOX="335 769 351 797" STYLE_REF="5">O</W>
			<W BOX="360 769 401 797" STYLE_REF="5" NS="y">God</W>
			<W BOX="403 769 408 797" STYLE_REF="5">,</W>
			<W BOX="416 768 449 796" STYLE_REF="5">the</W>
			<W BOX="457 768 526 796" STYLE_REF="5">Father</W>
			<W BOX="534 768 552 796" STYLE_REF="5">of</W>
			<W BOX="563 768 641 796" STYLE_REF="5" NS="y">Heaven</W>
			<W BOX="643 768 648 796" STYLE_REF="5">,</W>
			<Q BOX="656 768 692 796" STYLE_REF="5" QID="49">hav</Q>
			<q BOX="694 768 704 796" STYLE_REF="5" QID="49">e</q>
			<QW QID="49">have</QW>
			<W BOX="712 768 778 796" STYLE_REF="5">mercy</W>
		</Primitive>
		<Primitive BOX="24 791 828 849" ID="Ar0210015" SEQ_NO="15" TOC_ENTRY_ID="18" DEPTH_LEVEL="1">
			<L BOX="64 791 777 822"/>
			<W BOX="64 794 114 822" STYLE_REF="5">upon</W>
			<W BOX="127 794 150 822" STYLE_REF="5">us</W>
			<W BOX="163 794 261 822" STYLE_REF="5">miserable</W>
			<W BOX="274 793 347 822" STYLE_REF="5">sinners</W>
			<W BOX="354 793 359 821" STYLE_REF="5">!</W>
			<W BOX="365 793 374 821" STYLE_REF="5">"</W>
			<W BOX="387 792 423 820" STYLE_REF="5">and</W>
			<W BOX="432 792 477 820" STYLE_REF="5">then</W>
			<W BOX="486 792 539 820" STYLE_REF="5">those</W>
			<W BOX="547 792 612 820" STYLE_REF="5">young</W>
			<W BOX="620 791 706 820" STYLE_REF="5">penitent</W>
			<W BOX="714 791 777 820" STYLE_REF="5">voices</W>
			<L BOX="95 815 777 849"/>
			<Q BOX="95 818 104 846" STYLE_REF="5" QID="50">l</Q>
			<q BOX="136 820 147 849" STYLE_REF="5" QID="50">"</q>
			<QW QID="50">l"</QW>
			<W BOX="154 818 170 846" STYLE_REF="5">O</W>
			<Q BOX="182 818 224 846" STYLE_REF="5" QID="51">God</Q>
			<q BOX="243 817 276 845" STYLE_REF="5" QID="51">the</q>
			<QW QID="51">Godthe</QW>
			<W BOX="288 817 359 845" STYLE_REF="5">Father</W>
			<W BOX="374 816 391 844" STYLE_REF="5">of</W>
			<W BOX="406 816 484 844" STYLE_REF="5" NS="y">Heaven</W>
			<W BOX="486 816 491 844" STYLE_REF="5">,</W>
			<W BOX="503 815 552 843" STYLE_REF="5">have</W>
			<W BOX="565 815 629 843" STYLE_REF="5">mercy</W>
			<W BOX="642 815 692 843" STYLE_REF="5">upon</W>
			<W BOX="705 815 728 843" STYLE_REF="5">us</W>
			<Q BOX="741 815 768 843" STYLE_REF="5" QID="52">mi</Q>
			<Q BOX="768 815 777 843" STYLE_REF="5" QID="52">-</Q>
		</Primitive>
		<Primitive BOX="24 838 828 894" ID="Ar0210016" SEQ_NO="16" TOC_ENTRY_ID="18" DEPTH_LEVEL="1">
			<L BOX="61 817 777 870"/>
			<q BOX="61 819 95 847" STYLE_REF="5" QID="52">rep</q>
			<QW QID="52">mirep</QW>
			<W BOX="62 841 131 870" STYLE_REF="5">serable</W>
			<W BOX="103 818 115 846" STYLE_REF="5" NS="y">y</W>
			<W BOX="115 818 122 846" STYLE_REF="5">,</W>
			<W BOX="141 841 214 870" STYLE_REF="5">sinners</W>
			<W BOX="220 841 226 870" STYLE_REF="5">!</W>
			<W BOX="225 817 231 845" STYLE_REF="5">,</W>
			<W BOX="231 841 241 869" STYLE_REF="5">"</W>
			<Q BOX="250 841 310 869" STYLE_REF="5" QID="53">broug</Q>
			<q BOX="309 840 332 868" STYLE_REF="5" QID="53">ht</q>
			<QW QID="53">brought</QW>
			<W BOX="339 840 411 868" STYLE_REF="5">sudden</W>
			<W BOX="419 839 468 868" STYLE_REF="5">tears</W>
			<W BOX="476 839 497 867" STYLE_REF="5">to</W>
			<W BOX="504 839 537 867" STYLE_REF="5">my</W>
			<W BOX="545 839 591 867" STYLE_REF="5" NS="y">eyes</W>
			<W BOX="591 839 596 867" STYLE_REF="5">,</W>
			<W BOX="604 839 642 867" STYLE_REF="5">and</W>
			<W BOX="651 839 719 867" STYLE_REF="5">brings</W>
			<W BOX="724 838 777 867" STYLE_REF="5">them</W>
			<L BOX="64 863 496 894"/>
			<W BOX="64 865 119 894" STYLE_REF="5">again</W>
			<W BOX="128 865 176 894" STYLE_REF="5">even</W>
			<W BOX="184 865 227 894" STYLE_REF="5" NS="y">now</W>
			<W BOX="228 865 233 893" STYLE_REF="5">,</W>
			<W BOX="242 864 296 892" STYLE_REF="5">when</W>
			<W BOX="306 864 316 892" STYLE_REF="5">I</W>
			<W BOX="325 864 382 892" STYLE_REF="5">recall</W>
			<W BOX="391 864 424 892" STYLE_REF="5">the</W>
			<W BOX="432 863 487 891" STYLE_REF="5" NS="y">scene</W>
			<W BOX="488 863 496 891" STYLE_REF="5">.</W>
		</Primitive>
		<Primitive BOX="24 885 828 941" ID="Ar0210017" SEQ_NO="17" TOC_ENTRY_ID="18" DEPTH_LEVEL="1">
			<L BOX="87 885 774 917"/>
			<W BOX="87 888 97 917" STYLE_REF="5">I</W>
			<W BOX="109 888 175 917" STYLE_REF="5">cannot</W>
			<W BOX="188 888 222 917" STYLE_REF="5">but</W>
			<W BOX="235 888 308 917" STYLE_REF="5">believe</W>
			<W BOX="321 888 362 916" STYLE_REF="5">that</W>
			<W BOX="370 887 403 916" STYLE_REF="5">the</W>
			<Q BOX="416 887 452 915" STYLE_REF="5" QID="54">reli</Q>
			<Q BOX="451 887 464 916" STYLE_REF="5" QID="54">g</Q>
			<q BOX="464 886 505 914" STYLE_REF="5" QID="54">ious</q>
			<QW QID="54">religious</QW>
			<W BOX="516 886 597 914" STYLE_REF="5">services</W>
			<W BOX="605 886 625 914" STYLE_REF="5">in</W>
			<W BOX="635 885 679 914" STYLE_REF="5">such</W>
			<W BOX="692 885 774 913" STYLE_REF="5">Refuges</W>
			<L BOX="63 909 774 941"/>
			<W BOX="63 913 101 941" STYLE_REF="5">and</W>
			<W BOX="110 913 252 941" STYLE_REF="5">Penitentiaries</W>
			<Q BOX="265 912 301 941" STYLE_REF="5" QID="55">oug</Q>
			<q BOX="302 911 323 939" STYLE_REF="5" QID="55">ht</q>
			<QW QID="55">ought</QW>
			<W BOX="331 911 353 939" STYLE_REF="5">to</W>
			<W BOX="361 911 385 939" STYLE_REF="5">be</W>
			<W BOX="394 911 484 939" STYLE_REF="5">rendered</W>
			<W BOX="494 910 514 938" STYLE_REF="5">as</W>
			<Q BOX="520 910 566 938" STYLE_REF="5" QID="56">beau</Q>
			<Q BOX="569 910 604 938" STYLE_REF="5" QID="56">tifu</Q>
			<q BOX="605 910 613 938" STYLE_REF="5" QID="56">l</q>
			<QW QID="56">beautiful</QW>
			<W BOX="622 909 658 938" STYLE_REF="5">and</W>
			<W BOX="668 909 687 937" STYLE_REF="5">as</W>
			<Q BOX="695 909 765 937" STYLE_REF="5" QID="57">impres</Q>
			<Q BOX="765 909 774 937" STYLE_REF="5" QID="57">-</Q>
		</Primitive>
		<Primitive BOX="24 933 828 988" ID="Ar0210018" SEQ_NO="18" TOC_ENTRY_ID="18" DEPTH_LEVEL="1">
			<L BOX="62 933 775 965"/>
			<q BOX="62 936 104 965" STYLE_REF="5" QID="57">sive</q>
			<QW QID="57">impressive</QW>
			<W BOX="111 936 130 965" STYLE_REF="5">as</W>
			<W BOX="138 936 220 964" STYLE_REF="5" NS="y">possible</W>
			<W BOX="220 936 226 964" STYLE_REF="5">.</W>
			<W BOX="247 936 280 964" STYLE_REF="5">All</W>
			<W BOX="288 935 329 963" STYLE_REF="5">that</W>
			<W BOX="337 935 354 963" STYLE_REF="5">is</W>
			<W BOX="362 935 408 963" STYLE_REF="5">pure</W>
			<W BOX="417 934 453 962" STYLE_REF="5">and</W>
			<Q BOX="462 934 512 962" STYLE_REF="5" QID="58">lovel</Q>
			<q BOX="513 934 525 962" STYLE_REF="5" QID="58">y</q>
			<QW QID="58">lovely</QW>
			<W BOX="534 933 601 962" STYLE_REF="5" NS="y">should</W>
			<W BOX="604 933 609 961" STYLE_REF="5">,</W>
			<W BOX="617 933 634 961" STYLE_REF="5">it</W>
			<W BOX="642 933 701 961" STYLE_REF="5">seems</W>
			<W BOX="709 933 729 961" STYLE_REF="5">to</W>
			<W BOX="738 933 768 961" STYLE_REF="5" NS="y">me</W>
			<W BOX="770 933 775 961" STYLE_REF="5">,</W>
			<L BOX="63 956 775 988"/>
			<W BOX="63 960 87 988" STYLE_REF="5">be</W>
			<Q BOX="95 960 155 988" STYLE_REF="5" QID="59">broug</Q>
			<q BOX="154 960 176 988" STYLE_REF="5" QID="59">ht</q>
			<QW QID="59">brought</QW>
			<W BOX="184 960 204 988" STYLE_REF="5">to</W>
			<W BOX="212 960 265 988" STYLE_REF="5">these</W>
			<W BOX="273 959 319 988" STYLE_REF="5">poor</W>
			<Q BOX="331 959 345 988" STYLE_REF="5" QID="60">g</Q>
			<q BOX="345 958 378 986" STYLE_REF="5" QID="60">irls</q>
			<QW QID="60">girls</QW>
			<W BOX="390 958 491 986" STYLE_REF="5">connected</W>
			<W BOX="500 957 547 985" STYLE_REF="5">with</W>
			<W BOX="557 957 591 985" STYLE_REF="5">the</W>
			<W BOX="598 957 660 985" STYLE_REF="5">words</W>
			<W BOX="672 956 690 985" STYLE_REF="5">of</W>
			<W BOX="703 956 768 984" STYLE_REF="5" NS="y">Christ</W>
			<W BOX="769 956 775 985" STYLE_REF="5">,</W>
		</Primitive>
		<Primitive BOX="24 981 828 1076" ID="Ar0210019" SEQ_NO="19" TOC_ENTRY_ID="18" DEPTH_LEVEL="1">
			<L BOX="62 981 606 1012"/>
			<W BOX="62 983 93 1012" STYLE_REF="5">lie</W>
			<W BOX="103 983 144 1012" STYLE_REF="5">who</W>
			<W BOX="152 983 210 1012" STYLE_REF="5">spoke</W>
			<W BOX="218 983 239 1012" STYLE_REF="5">as</W>
			<W BOX="247 983 305 1012" STYLE_REF="5">never</W>
			<W BOX="312 983 355 1011" STYLE_REF="5">man</W>
			<Q BOX="364 982 410 1010" STYLE_REF="5" QID="61">spak</Q>
			<q BOX="411 982 422 1010" STYLE_REF="5" QID="61">e</q>
			<QW QID="61">spake</QW>
			<W BOX="431 982 450 1010" STYLE_REF="5">to</W>
			<W BOX="458 981 515 1010" STYLE_REF="5">fallen</W>
			<W BOX="524 981 597 1009" STYLE_REF="5" NS="y">woman</W>
			<W BOX="597 981 606 1009" STYLE_REF="5">.</W>
			<L BOX="86 1043 775 1076" P="S"/>
			<W BOX="86 1047 97 1076" STYLE_REF="5">I</W>
			<W BOX="110 1047 185 1076" STYLE_REF="5">noticed</W>
			<W BOX="199 1047 234 1076" STYLE_REF="5">one</W>
			<W BOX="248 1047 303 1076" STYLE_REF="5">thing</W>
			<W BOX="313 1047 376 1075" STYLE_REF="5">which</W>
			<W BOX="390 1046 484 1074" STYLE_REF="5">surprised</W>
			<W BOX="498 1045 527 1073" STYLE_REF="5">me</W>
			<W BOX="540 1045 596 1073" STYLE_REF="5">when</W>
			<W BOX="609 1045 619 1073" STYLE_REF="5">I</W>
			<W BOX="632 1045 670 1073" STYLE_REF="5">saw</W>
			<W BOX="682 1044 715 1072" STYLE_REF="5">the</W>
			<Q BOX="727 1044 741 1072" STYLE_REF="5" QID="62">g</Q>
			<q BOX="741 1043 775 1072" STYLE_REF="5" QID="62">irls</q>
			<QW QID="62">girls</QW>
		</Primitive>
		<Primitive BOX="24 1067 828 1123" ID="Ar0210020" SEQ_NO="20" TOC_ENTRY_ID="18" DEPTH_LEVEL="1">
			<L BOX="61 1067 775 1099"/>
			<W BOX="61 1071 165 1099" STYLE_REF="5">assembled</W>
			<W BOX="180 1071 200 1099" STYLE_REF="5">in</W>
			<W BOX="213 1071 247 1099" STYLE_REF="5">the</W>
			<W BOX="259 1071 325 1099" STYLE_REF="5" NS="y">chapel</W>
			<W BOX="327 1070 332 1098" STYLE_REF="5">,</W>
			<W BOX="347 1070 383 1098" STYLE_REF="5">and</W>
			<W BOX="397 1070 438 1098" STYLE_REF="5">this</W>
			<W BOX="449 1069 488 1097" STYLE_REF="5">was</W>
			<Q BOX="503 1069 522 1097" STYLE_REF="5" QID="63">th</Q>
			<q BOX="523 1069 542 1097" STYLE_REF="5" QID="63">at</q>
			<QW QID="63">that</QW>
			<Q BOX="556 1068 634 1096" STYLE_REF="5" QID="64">amongs</Q>
			<q BOX="633 1068 641 1096" STYLE_REF="5" QID="64">t</q>
			<QW QID="64">amongst</QW>
			<W BOX="654 1068 705 1096" STYLE_REF="5">them</W>
			<W BOX="720 1067 775 1096" STYLE_REF="5">there</W>
			<L BOX="61 1091 775 1123"/>
			<W BOX="61 1094 111 1123" STYLE_REF="5">were</W>
			<W BOX="122 1094 156 1123" STYLE_REF="5">not</W>
			<W BOX="169 1094 228 1123" STYLE_REF="5">above</W>
			<W BOX="241 1094 281 1123" STYLE_REF="5">half</W>
			<W BOX="294 1094 305 1123" STYLE_REF="5">a</W>
			<W BOX="318 1094 377 1122" STYLE_REF="5">dozen</W>
			<Q BOX="390 1092 492 1121" STYLE_REF="5" QID="65">moderatel</Q>
			<q BOX="491 1092 505 1120" STYLE_REF="5" QID="65">y</q>
			<QW QID="65">moderately</QW>
			<Q BOX="513 1091 563 1120" STYLE_REF="5" QID="66">good</Q>
			<Q BOX="563 1091 571 1120" STYLE_REF="5" LH="y" QID="66">-</Q>
			<q BOX="572 1091 646 1120" STYLE_REF="5" NS="y" QID="66">looking</q>
			<QW QID="66">good-looking</QW>
			<W BOX="646 1091 652 1120" STYLE_REF="5">.</W>
			<W BOX="677 1091 688 1119" STYLE_REF="5">I</W>
			<W BOX="696 1091 728 1119" STYLE_REF="5">did</W>
			<W BOX="741 1091 775 1119" STYLE_REF="5">not</W>
		</Primitive>
		<Primitive BOX="24 1115 828 1147" ID="Ar0210021" SEQ_NO="21" TOC_ENTRY_ID="18" DEPTH_LEVEL="1">
			<L BOX="61 1115 775 1147"/>
			<W BOX="61 1118 93 1147" STYLE_REF="5">see</W>
			<W BOX="102 1118 136 1147" STYLE_REF="5">one</W>
			<Q BOX="143 1118 250 1146" STYLE_REF="5" QID="67">remarkabl</Q>
			<q BOX="250 1118 263 1146" STYLE_REF="5" QID="67">y</q>
			<QW QID="67">remarkably</QW>
			<W BOX="271 1117 374 1145" STYLE_REF="5" NS="y">handsome</W>
			<W BOX="374 1117 380 1145" STYLE_REF="5">.</W>
			<W BOX="400 1116 440 1144" STYLE_REF="5">The</W>
			<W BOX="449 1116 521 1144" STYLE_REF="5">greater</W>
			<W BOX="529 1115 608 1143" STYLE_REF="5">number</W>
			<W BOX="617 1115 667 1143" STYLE_REF="5">were</W>
			<Q BOX="675 1115 759 1143" STYLE_REF="5" QID="68">decidedl</Q>
			<q BOX="761 1115 775 1143" STYLE_REF="5" QID="68">y</q>
			<QW QID="68">decidedly</QW>
		</Primitive>
		<Primitive BOX="24 1147 828 1226" ID="Ar0210022" SEQ_NO="22" TOC_ENTRY_ID="18" DEPTH_LEVEL="1">
			<L BOX="65 1139 775 1195"/>
			<W BOX="65 1144 77 1172" STYLE_REF="5">p</W>
			<W BOX="65 1167 120 1195" STYLE_REF="5">when</W>
			<Q BOX="77 1143 102 1171" STYLE_REF="5" QID="69">lai</Q>
			<q BOX="104 1143 117 1171" STYLE_REF="5" NS="y" QID="69">n</q>
			<QW QID="69">lain</QW>
			<W BOX="118 1143 123 1171" STYLE_REF="5">,</W>
			<W BOX="128 1167 161 1195" STYLE_REF="5">the</W>
			<W BOX="137 1142 174 1171" STYLE_REF="5">and</W>
			<Q BOX="169 1167 182 1195" STYLE_REF="5" QID="70">g</Q>
			<q BOX="181 1166 216 1194" STYLE_REF="5" QID="70">irls</q>
			<QW QID="70">girls</QW>
			<W BOX="188 1142 242 1171" STYLE_REF="5">three</W>
			<W BOX="224 1166 278 1194" STYLE_REF="5">enter</W>
			<W BOX="255 1141 273 1170" STYLE_REF="5">at</W>
			<W BOX="286 1166 318 1194" STYLE_REF="5">the</W>
			<Q BOX="287 1141 294 1170" STYLE_REF="5" QID="71">l</Q>
			<q BOX="295 1141 333 1170" STYLE_REF="5" QID="71">east</q>
			<QW QID="71">least</QW>
			<W BOX="327 1165 415 1193" STYLE_REF="5">establish</W>
			<W BOX="347 1141 396 1170" STYLE_REF="5">were</W>
			<W BOX="409 1140 476 1168" STYLE_REF="5">almost</W>
			<W BOX="417 1164 460 1192" STYLE_REF="5">men</W>
			<W BOX="461 1164 470 1192" STYLE_REF="5">t</W>
			<W BOX="477 1164 522 1192" STYLE_REF="5">they</W>
			<W BOX="490 1140 542 1168" STYLE_REF="5">idioti</W>
			<W BOX="531 1164 563 1192" STYLE_REF="5">are</W>
			<Q BOX="544 1140 555 1168" STYLE_REF="5" QID="72">c</Q>
			<Q BOX="555 1140 564 1168" STYLE_REF="5" LH="y" QID="72">-</Q>
			<q BOX="564 1140 640 1168" STYLE_REF="5" QID="72">looking</q>
			<QW QID="72">c-looking</QW>
			<W BOX="571 1163 653 1192" STYLE_REF="5">generall</W>
			<W BOX="640 1140 646 1168" STYLE_REF="5">.</W>
			<W BOX="656 1164 669 1192" STYLE_REF="5">y</W>
			<W BOX="671 1140 695 1168" STYLE_REF="5">Of</W>
			<W BOX="677 1163 734 1191" STYLE_REF="5">much</W>
			<W BOX="710 1139 742 1168" STYLE_REF="5">cou</W>
			<W BOX="741 1163 774 1191" STYLE_REF="5">out</W>
			<Q BOX="745 1139 764 1167" STYLE_REF="5" QID="73">rs</Q>
			<q BOX="765 1139 775 1167" STYLE_REF="5" QID="73">e</q>
			<QW QID="73">rse</QW>
		</Primitive>
	</Content>
	<TOC_Entries><TOC_Entry TOC_ENTRY_ID="45" TITLE=". at A few This High days institution ga..." ENTITY_ID_REF="Ar02100" PAGE_NO="21" PAGE_LABEL="21" PRIM_ID_REF="Ar0210000" IS_IC="true"/></TOC_Entries></XMD-entity>
