<?xml version="1.0" encoding="windows-1252" standalone="no"?>
<XMD-entity REPOSITORY_FORMAT="1.0" PRXML_VER="2.0" ENTITY_TYPE="Article" FIRST_TOC_ENTRY_ID="57" DEPTH_LEVEL="1" INDEX_IN_DOC="104" PAGE_NO="51" ID="Ar05100" BOX="24 97 811 648" LANGUAGE="English" CONTINUATION_FROM="Ar05000" LOGICAL_NAME="true">
	<Meta NAME="~ ^U - , just There as trul is a y commo..." DESCRIPTION="" SUBTYPE="" BASE_HREF="EWJ/1858/04/01" SOURCE_TYPE="TIFF" PUBLICATION="EWJ" SECTION="None" ISSUE_DATE="01/04/1858" WORDCNT="290" RELEASE_NO="041-EWJ-1858-04-01-001-SINGLE" PAGE_ID="" PAGE_TYPE="Single" PAGE_WIDTH="823" PAGE_HEIGHT="1239" DEFAULT_IMG_EXT="png" PDF_DESTINATION_MAPPED="OLV0_Entity_0051_0001" IMAGES_RESOLUTION="86" XMD_VER="2.6.238.8" PAGE_LABEL="123"/>
	<Link SOURCE="041-EWJ-1858-04-01-001-SINGLE.PDF" FIRST_ID="Ar00200" LAST_ID="Ar07201" NEXT_ID="Ar05101" PREV_ID="" TOC_ID="d:/Olive/Repository/EWJ/1858/04/01/TOC.xml"/>
	<DataFiles>
		<Files TYPE="DOC_PDF" PRESENT="1"/>
		<Files TYPE="PAGE_PDF" PRESENT="0"/>
		<Files TYPE="DOC_IMG" PRESENT="0"/>
		<Files TYPE="PAGE_IMG" PRESENT="0"/>
		<Files TYPE="PAGE_VIEW_IMG" PRESENT="1"/>
		<Files TYPE="PAGE_PREVIEW_IMG" PRESENT="1"/>
		<Files TYPE="PRIMITIVE_IMG" PRESENT="1"/>
		<Files TYPE="SNIPPET_IMG" PRESENT="1"/>
	</DataFiles>
	<Content>
		<Primitive BOX="24 97 811 155" ID="Ar0510000" SEQ_NO="0" TOC_ENTRY_ID="57" DEPTH_LEVEL="1">
			<L BOX="75 102 764 132"/>
			<W BOX="75 102 112 129" STYLE_REF="1">gon</W>
			<W BOX="120 102 156 129" STYLE_REF="1">also</W>
			<W BOX="164 102 191 129" STYLE_REF="1">for</W>
			<W BOX="200 102 243 129" STYLE_REF="1">soup</W>
			<W BOX="252 104 272 131" STYLE_REF="1">or</W>
			<W BOX="281 104 340 131" STYLE_REF="1" NS="y">salads</W>
			<W BOX="345 104 350 131" STYLE_REF="1">;</W>
			<W BOX="364 104 399 131" STYLE_REF="1">and</W>
			<W BOX="412 105 469 131" STYLE_REF="1">many</W>
			<W BOX="483 105 559 132" STYLE_REF="1">another</W>
			<W BOX="572 105 663 132" STYLE_REF="1">palatable</W>
			<Q BOX="679 105 711 132" STYLE_REF="1" QID="1">pot</Q>
			<Q BOX="711 105 719 132" STYLE_REF="1" LH="y" QID="1">-</Q>
			<q BOX="719 105 764 132" STYLE_REF="1" QID="1">herb</q>
			<QW QID="1">pot-herb</QW>
			<L BOX="72 124 764 155"/>
			<W BOX="72 124 103 151" STYLE_REF="1" NS="y">too</W>
			<W BOX="104 125 109 151" STYLE_REF="1">,</W>
			<W BOX="116 125 129 151" STYLE_REF="1">if</W>
			<Q BOX="138 125 160 151" STYLE_REF="1" QID="2">su</Q>
			<Q BOX="161 125 232 151" STYLE_REF="1" QID="2">fficientl</Q>
			<q BOX="233 127 246 153" STYLE_REF="1" QID="2">y</q>
			<QW QID="2">sufficiently</QW>
			<W BOX="252 127 370 153" STYLE_REF="1">familiarized</W>
			<W BOX="380 127 421 153" STYLE_REF="1" NS="y">with</W>
			<W BOX="422 127 427 153" STYLE_REF="1">,</W>
			<W BOX="432 128 480 155" STYLE_REF="1">their</W>
			<W BOX="490 128 551 155" STYLE_REF="1">aspect</W>
			<W BOX="558 128 578 155" STYLE_REF="1">to</W>
			<W BOX="586 128 609 155" STYLE_REF="1">be</W>
			<W BOX="617 128 657 155" STYLE_REF="1">able</W>
			<Q BOX="666 128 723 155" STYLE_REF="1" QID="3">readil</Q>
			<q BOX="723 129 737 155" STYLE_REF="1" QID="3">y</q>
			<QW QID="3">readily</QW>
			<W BOX="744 129 764 155" STYLE_REF="1">to</W>
		</Primitive>
		<Primitive BOX="24 147 811 224" ID="Ar0510001" SEQ_NO="1" TOC_ENTRY_ID="57" DEPTH_LEVEL="1">
			<L BOX="75 147 764 178"/>
			<W BOX="75 147 171 173" STYLE_REF="1">recognize</W>
			<W BOX="179 148 229 175" STYLE_REF="1" NS="y">them</W>
			<W BOX="229 148 234 175" STYLE_REF="1">.</W>
			<W BOX="259 148 285 175" STYLE_REF="1" NS="y">Or</W>
			<W BOX="285 149 290 176" STYLE_REF="1">,</W>
			<W BOX="298 149 351 176" STYLE_REF="1" NS="y">again</W>
			<W BOX="353 150 357 177" STYLE_REF="1">,</W>
			<W BOX="369 150 425 177" STYLE_REF="1">while</W>
			<W BOX="435 150 542 177" STYLE_REF="1">insufficient</W>
			<W BOX="559 151 579 177" STYLE_REF="1">or</W>
			<W BOX="592 151 684 177" STYLE_REF="1">improper</W>
			<W BOX="696 151 733 177" STYLE_REF="1">diet</W>
			<W BOX="745 151 764 178" STYLE_REF="1">so</W>
			<L BOX="74 169 766 223"/>
			<W BOX="74 192 110 219" STYLE_REF="1">wei</W>
			<W BOX="75 169 122 196" STYLE_REF="1">often</W>
			<Q BOX="110 193 123 220" STYLE_REF="1" QID="4">g</Q>
			<q BOX="123 193 153 219" STYLE_REF="1" QID="4">hts</q>
			<QW QID="4">ghts</QW>
			<W BOX="133 170 197 197" STYLE_REF="1">brings</W>
			<W BOX="164 193 181 219" STYLE_REF="1">of</W>
			<W BOX="194 194 303 221" STYLE_REF="1">wholesome</W>
			<W BOX="204 171 286 198" STYLE_REF="1">sickness</W>
			<W BOX="294 172 314 199" STYLE_REF="1">to</W>
			<W BOX="315 195 350 222" STYLE_REF="1">and</W>
			<W BOX="322 172 352 199" STYLE_REF="1">the</W>
			<W BOX="360 173 423 199" STYLE_REF="1">health</W>
			<Q BOX="362 195 415 222" STYLE_REF="1" QID="5">delici</Q>
			<q BOX="418 196 450 223" STYLE_REF="1" QID="5">ous</q>
			<QW QID="5">delicious</QW>
			<W BOX="421 174 434 200" STYLE_REF="1">y</W>
			<W BOX="441 174 477 200" STYLE_REF="1">and</W>
			<W BOX="459 196 500 223" STYLE_REF="1">food</W>
			<W BOX="488 174 544 200" STYLE_REF="1">death</W>
			<W BOX="518 196 538 223" STYLE_REF="1">as</W>
			<W BOX="548 196 578 223" STYLE_REF="1">we</W>
			<W BOX="552 174 572 200" STYLE_REF="1">to</W>
			<W BOX="580 174 612 200" STYLE_REF="1">the</W>
			<W BOX="589 196 620 223" STYLE_REF="1">are</W>
			<W BOX="619 174 659 200" STYLE_REF="1">sick</W>
			<W BOX="630 196 703 223" STYLE_REF="1">assured</W>
			<W BOX="660 173 665 200" STYLE_REF="1">,</W>
			<W BOX="673 174 757 200" STYLE_REF="1">hundred</W>
			<Q BOX="715 196 728 223" STYLE_REF="1" QID="6">b</Q>
			<q BOX="728 197 742 223" STYLE_REF="1" QID="6">y</q>
			<QW QID="6">by</QW>
			<W BOX="753 197 765 223" STYLE_REF="1">a</W>
			<W BOX="757 174 766 200" STYLE_REF="1" LH="y">-</W>
		</Primitive>
		<Primitive BOX="24 216 811 269" ID="Ar0510002" SEQ_NO="2" TOC_ENTRY_ID="57" DEPTH_LEVEL="1">
			<L BOX="74 197 763 246"/>
			<W BOX="74 216 178 243" STYLE_REF="1">competent</W>
			<W BOX="190 216 284 243" STYLE_REF="1" NS="y">authority</W>
			<W BOX="284 216 291 243" STYLE_REF="1">,</W>
			<W BOX="306 218 335 244" STYLE_REF="1">rot</W>
			<W BOX="350 219 393 245" STYLE_REF="1">year</W>
			<Q BOX="407 219 420 245" STYLE_REF="1" QID="7">b</Q>
			<q BOX="419 219 432 246" STYLE_REF="1" QID="7">y</q>
			<QW QID="7">by</QW>
			<W BOX="448 219 492 246" STYLE_REF="1">year</W>
			<W BOX="503 197 508 224" STYLE_REF="1">,</W>
			<W BOX="506 219 611 246" STYLE_REF="1">untouched</W>
			<W BOX="627 219 648 246" STYLE_REF="1">in</W>
			<Q BOX="660 218 667 245" STYLE_REF="1" LH="y" QID="8">-</Q>
			<q BOX="666 218 711 245" STYLE_REF="1" QID="8">wood</q>
			<QW QID="8">-wood</QW>
			<W BOX="727 219 763 246" STYLE_REF="1">and</W>
			<L BOX="73 238 762 269"/>
			<W BOX="73 238 148 265" STYLE_REF="1" NS="y">pasture</W>
			<W BOX="148 239 153 265" STYLE_REF="1">,</W>
			<W BOX="162 239 238 266" STYLE_REF="1">because</W>
			<W BOX="246 239 279 266" STYLE_REF="1">the</W>
			<W BOX="286 240 385 267" STYLE_REF="1" NS="y">unlearned</W>
			<W BOX="386 242 391 268" STYLE_REF="1">,</W>
			<W BOX="401 242 433 269" STYLE_REF="1">not</W>
			<W BOX="444 242 502 269" STYLE_REF="1">being</W>
			<W BOX="512 242 553 269" STYLE_REF="1">able</W>
			<W BOX="563 242 582 269" STYLE_REF="1">to</W>
			<W BOX="592 242 665 269" STYLE_REF="1">discern</W>
			<W BOX="676 242 708 269" STYLE_REF="1">the</W>
			<W BOX="715 242 762 269" STYLE_REF="1">good</W>
		</Primitive>
		<Primitive BOX="24 261 811 315" ID="Ar0510003" SEQ_NO="3" TOC_ENTRY_ID="57" DEPTH_LEVEL="1">
			<L BOX="72 261 763 292"/>
			<W BOX="72 261 118 288" STYLE_REF="1">from</W>
			<W BOX="127 261 160 288" STYLE_REF="1">the</W>
			<W BOX="166 262 200 288" STYLE_REF="1" NS="y">bad</W>
			<W BOX="202 263 207 290" STYLE_REF="1">,</W>
			<W BOX="215 262 252 289" STYLE_REF="1">fear</W>
			<W BOX="260 262 279 289" STYLE_REF="1">to</W>
			<W BOX="287 263 351 290" STYLE_REF="1">gather</W>
			<W BOX="359 263 377 290" STYLE_REF="1">of</W>
			<W BOX="385 264 416 290" STYLE_REF="1">the</W>
			<W BOX="423 265 467 291" STYLE_REF="1">feast</W>
			<W BOX="477 265 497 291" STYLE_REF="1">so</W>
			<Q BOX="505 265 550 291" STYLE_REF="1" QID="9">freel</Q>
			<q BOX="551 265 564 292" STYLE_REF="1" QID="9">y</q>
			<QW QID="9">freely</QW>
			<W BOX="572 264 635 291" STYLE_REF="1" NS="y">spread</W>
			<W BOX="637 264 643 291" STYLE_REF="1">,</W>
			<W BOX="668 265 703 291" STYLE_REF="1">Let</W>
			<Q BOX="710 265 754 291" STYLE_REF="1" QID="10">accu</Q>
			<Q BOX="754 265 763 291" STYLE_REF="1" QID="10">-</Q>
			<L BOX="72 284 753 314"/>
			<q BOX="72 284 111 311" STYLE_REF="1" QID="10">rate</q>
			<QW QID="10">accurate</QW>
			<W BOX="118 284 187 311" STYLE_REF="1">models</W>
			<W BOX="191 285 208 312" STYLE_REF="1">of</W>
			<W BOX="217 285 249 312" STYLE_REF="1">the</W>
			<W BOX="257 285 345 312" STYLE_REF="1">Esculent</W>
			<Q BOX="350 286 404 313" STYLE_REF="1" QID="11">Fung</Q>
			<q BOX="404 287 411 314" STYLE_REF="1" QID="11">i</q>
			<QW QID="11">Fungi</QW>
			<W BOX="416 287 433 314" STYLE_REF="1">of</W>
			<W BOX="439 287 512 314" STYLE_REF="1">Britain</W>
			<W BOX="516 287 591 314" STYLE_REF="1">become</W>
			<W BOX="597 287 680 314" STYLE_REF="1">common</W>
			<W BOX="685 287 753 314" STYLE_REF="1">objects</W>
		</Primitive>
		<Primitive BOX="24 307 811 360" ID="Ar0510004" SEQ_NO="4" TOC_ENTRY_ID="57" DEPTH_LEVEL="1">
			<L BOX="71 288 763 337"/>
			<W BOX="71 307 107 333" STYLE_REF="1">and</W>
			<W BOX="115 307 146 333" STYLE_REF="1">the</W>
			<W BOX="154 308 198 335" STYLE_REF="1">poor</W>
			<W BOX="206 308 245 335" STYLE_REF="1">will</W>
			<Q BOX="253 308 264 335" STYLE_REF="1" QID="12">h</Q>
			<q BOX="265 309 299 335" STYLE_REF="1" QID="12">ave</q>
			<QW QID="12">have</QW>
			<W BOX="307 309 323 335" STYLE_REF="1">it</W>
			<W BOX="330 309 350 335" STYLE_REF="1">in</W>
			<W BOX="357 310 405 336" STYLE_REF="1">their</W>
			<W BOX="412 310 473 337" STYLE_REF="1">power</W>
			<W BOX="479 310 499 337" STYLE_REF="1">to</W>
			<W BOX="507 310 568 337" STYLE_REF="1" NS="y">obtain</W>
			<W BOX="570 311 575 337" STYLE_REF="1">,</W>
			<W BOX="581 310 660 337" STYLE_REF="1">without</W>
			<Q BOX="667 310 700 337" STYLE_REF="1" QID="13">bre</Q>
			<Q BOX="701 310 711 337" STYLE_REF="1" QID="13">a</Q>
			<q BOX="711 310 734 337" STYLE_REF="1" QID="13">ch</q>
			<QW QID="13">breach</QW>
			<W BOX="743 310 761 337" STYLE_REF="1">of</W>
			<W BOX="756 288 763 315" STYLE_REF="1">,</W>
			<L BOX="71 331 760 360"/>
			<W BOX="71 331 108 358" STYLE_REF="1">any</W>
			<W BOX="116 331 172 358" STYLE_REF="1">Game</W>
			<Q BOX="181 331 226 358" STYLE_REF="1" QID="14">Law</Q>
			<q BOX="243 331 293 358" STYLE_REF="1" QID="14">what</q>
			<QW QID="14">Lawwhat</QW>
			<W BOX="301 331 316 358" STYLE_REF="1">is</W>
			<W BOX="325 333 342 359" STYLE_REF="1">at</W>
			<W BOX="351 333 396 359" STYLE_REF="1">once</W>
			<W BOX="403 333 511 359" STYLE_REF="1">substantial</W>
			<W BOX="520 333 561 360" STYLE_REF="1">food</W>
			<W BOX="570 333 596 360" STYLE_REF="1">for</W>
			<W BOX="605 333 638 360" STYLE_REF="1">the</W>
			<Q BOX="646 333 709 360" STYLE_REF="1" QID="15">robust</Q>
			<q BOX="727 334 760 360" STYLE_REF="1" QID="15">yet</q>
			<QW QID="15">robustyet</QW>
		</Primitive>
		<Primitive BOX="24 353 811 405" ID="Ar0510005" SEQ_NO="5" TOC_ENTRY_ID="57" DEPTH_LEVEL="1">
			<L BOX="70 332 761 382"/>
			<W BOX="70 353 80 380" STYLE_REF="1">a</W>
			<W BOX="88 353 136 380" STYLE_REF="1">most</W>
			<W BOX="143 354 234 380" STYLE_REF="1">tempting</W>
			<W BOX="226 332 231 359" STYLE_REF="1">,</W>
			<W BOX="242 354 323 381" STYLE_REF="1">delicacy</W>
			<W BOX="328 355 355 382" STYLE_REF="1">for</W>
			<W BOX="362 355 394 382" STYLE_REF="1">the</W>
			<Q BOX="399 355 469 382" STYLE_REF="1" QID="16">invalid</Q>
			<q BOX="480 356 516 382" STYLE_REF="1" QID="16">and</q>
			<QW QID="16">invalidand</QW>
			<W BOX="522 356 583 382" STYLE_REF="1">which</W>
			<W BOX="588 356 639 382" STYLE_REF="1">offers</W>
			<W BOX="648 356 697 382" STYLE_REF="1">itself</W>
			<W BOX="705 356 752 382" STYLE_REF="1">with</W>
			<W BOX="710 333 715 360" STYLE_REF="1">,</W>
			<W BOX="752 356 761 382" STYLE_REF="1" LH="y">-</W>
			<L BOX="71 356 754 405"/>
			<W BOX="71 376 103 403" STYLE_REF="1">out</W>
			<W BOX="113 376 152 403" STYLE_REF="1">care</W>
			<W BOX="161 376 181 403" STYLE_REF="1">or</W>
			<W BOX="189 376 259 403" STYLE_REF="1">culture</W>
			<W BOX="265 377 286 404" STYLE_REF="1">to</W>
			<W BOX="293 377 318 404" STYLE_REF="1">all</W>
			<W BOX="326 377 369 404" STYLE_REF="1">who</W>
			<W BOX="377 378 408 405" STYLE_REF="1">can</W>
			<W BOX="416 378 467 405" STYLE_REF="1">learn</W>
			<W BOX="471 356 475 383" STYLE_REF="1">,</W>
			<W BOX="475 378 494 405" STYLE_REF="1">to</W>
			<W BOX="502 378 557 405" STYLE_REF="1">know</W>
			<W BOX="565 378 600 405" STYLE_REF="1">and</W>
			<W BOX="608 378 723 405" STYLE_REF="1">appropriate</W>
			<W BOX="731 378 746 405" STYLE_REF="1" NS="y">it</W>
			<W BOX="746 378 754 405" STYLE_REF="1">.</W>
		</Primitive>
		<Primitive BOX="24 399 811 452" ID="Ar0510006" SEQ_NO="6" TOC_ENTRY_ID="57" DEPTH_LEVEL="1">
			<L BOX="93 399 758 427"/>
			<W BOX="93 399 146 426" STYLE_REF="1">Even</W>
			<W BOX="154 399 206 426" STYLE_REF="1">these</W>
			<W BOX="213 399 248 426" STYLE_REF="1">few</W>
			<W BOX="257 400 372 426" STYLE_REF="1" NS="y">suggestions</W>
			<W BOX="374 400 379 427" STYLE_REF="1">,</W>
			<W BOX="388 400 401 427" STYLE_REF="1">if</W>
			<Q BOX="414 400 444 427" STYLE_REF="1" QID="17">abl</Q>
			<q BOX="444 401 457 427" STYLE_REF="1" QID="17">y</q>
			<QW QID="17">ably</QW>
			<W BOX="469 401 539 427" STYLE_REF="1">carried</W>
			<W BOX="552 401 583 427" STYLE_REF="1" NS="y">out</W>
			<W BOX="585 401 590 427" STYLE_REF="1">,</W>
			<Q BOX="599 400 629 427" STYLE_REF="1" QID="18">wo</Q>
			<q BOX="628 400 660 427" STYLE_REF="1" QID="18">uld</q>
			<QW QID="18">would</QW>
			<W BOX="669 400 723 427" STYLE_REF="1">afford</W>
			<W BOX="734 400 758 427" STYLE_REF="1">no</W>
			<L BOX="69 422 759 452"/>
			<W BOX="69 422 194 448" STYLE_REF="1">unimportant</W>
			<W BOX="207 422 288 448" STYLE_REF="1">addition</W>
			<W BOX="297 423 317 449" STYLE_REF="1">to</W>
			<W BOX="328 423 360 449" STYLE_REF="1">the</W>
			<W BOX="371 423 427 449" STYLE_REF="1">stores</W>
			<W BOX="438 423 454 449" STYLE_REF="1">of</W>
			<W BOX="466 423 505 449" STYLE_REF="1">this</W>
			<W BOX="514 425 524 452" STYLE_REF="1">"</W>
			<W BOX="531 423 622 450" STYLE_REF="1">Treasury</W>
			<W BOX="636 423 653 450" STYLE_REF="1">of</W>
			<Q BOX="668 423 729 450" STYLE_REF="1" QID="19">Practi</Q>
			<Q BOX="730 423 741 450" STYLE_REF="1" QID="19">c</Q>
			<q BOX="741 423 759 450" STYLE_REF="1" QID="19">al</q>
			<QW QID="19">Practical</QW>
		</Primitive>
		<Primitive BOX="24 444 811 496" ID="Ar0510007" SEQ_NO="7" TOC_ENTRY_ID="57" DEPTH_LEVEL="1">
			<L BOX="68 444 759 473"/>
			<Q BOX="68 444 158 471" STYLE_REF="1" QID="20">Knowled</Q>
			<q BOX="159 444 186 471" STYLE_REF="1" NS="y" QID="20">ge</q>
			<QW QID="20">Knowledge</QW>
			<W BOX="186 444 193 471" STYLE_REF="1" NS="y">;</W>
			<W BOX="195 444 205 470" STYLE_REF="1">"</W>
			<W BOX="215 445 250 471" STYLE_REF="1">and</W>
			<W BOX="261 445 285 471" STYLE_REF="1">on</W>
			<W BOX="292 445 303 471" STYLE_REF="1">a</W>
			<W BOX="310 445 358 471" STYLE_REF="1">little</W>
			<W BOX="367 445 459 472" STYLE_REF="1">reflection</W>
			<W BOX="469 446 492 472" STYLE_REF="1">no</W>
			<Q BOX="501 446 550 472" STYLE_REF="1" QID="21">doub</Q>
			<q BOX="551 446 558 472" STYLE_REF="1" QID="21">t</q>
			<QW QID="21">doubt</QW>
			<Q BOX="566 446 583 472" STYLE_REF="1" QID="22">m</Q>
			<q BOX="584 446 620 472" STYLE_REF="1" QID="22">any</q>
			<QW QID="22">many</QW>
			<W BOX="629 446 689 473" STYLE_REF="1">others</W>
			<W BOX="697 446 759 473" STYLE_REF="1">would</W>
			<L BOX="68 467 759 496"/>
			<W BOX="68 467 142 494" STYLE_REF="1">present</W>
			<W BOX="157 467 268 494" STYLE_REF="1">themselves</W>
			<W BOX="283 468 302 495" STYLE_REF="1">to</W>
			<W BOX="318 468 355 495" STYLE_REF="1">any</W>
			<Q BOX="371 468 431 495" STYLE_REF="1" QID="23">intelli</Q>
			<q BOX="431 469 474 495" STYLE_REF="1" QID="23">gent</q>
			<QW QID="23">intelligent</QW>
			<W BOX="491 468 543 495" STYLE_REF="1">mind</W>
			<W BOX="555 468 595 495" STYLE_REF="1">that</W>
			<Q BOX="606 468 632 495" STYLE_REF="1" QID="24">mi</Q>
			<Q BOX="633 469 645 496" STYLE_REF="1" QID="24">g</Q>
			<q BOX="644 469 666 495" STYLE_REF="1" QID="24">ht</q>
			<QW QID="24">might</QW>
			<W BOX="679 469 721 495" STYLE_REF="1">turn</W>
			<W BOX="734 469 759 495" STYLE_REF="1">its</W>
		</Primitive>
		<Primitive BOX="24 490 811 541" ID="Ar0510008" SEQ_NO="8" TOC_ENTRY_ID="57" DEPTH_LEVEL="1">
			<L BOX="67 490 758 518"/>
			<W BOX="67 490 157 516" STYLE_REF="1">attention</W>
			<W BOX="166 490 187 516" STYLE_REF="1">to</W>
			<W BOX="195 490 227 516" STYLE_REF="1">the</W>
			<W BOX="236 490 302 517" STYLE_REF="1" NS="y">subject</W>
			<W BOX="309 491 313 518" STYLE_REF="1">,</W>
			<W BOX="324 491 382 518" STYLE_REF="1">while</W>
			<W BOX="390 491 423 518" STYLE_REF="1">the</W>
			<Q BOX="431 492 444 518" STYLE_REF="1" QID="25">p</Q>
			<q BOX="444 491 515 518" STYLE_REF="1" QID="25">leasure</q>
			<QW QID="25">pleasure</QW>
			<W BOX="527 491 595 518" STYLE_REF="1">arising</W>
			<W BOX="604 491 649 518" STYLE_REF="1">from</W>
			<W BOX="663 491 697 518" STYLE_REF="1">the</W>
			<W BOX="708 491 758 518" STYLE_REF="1">mere</W>
			<L BOX="67 513 757 541"/>
			<W BOX="67 513 147 539" STYLE_REF="1">exercise</W>
			<W BOX="155 513 173 539" STYLE_REF="1">of</W>
			<W BOX="182 513 239 539" STYLE_REF="1">talent</W>
			<W BOX="247 513 283 540" STYLE_REF="1">and</W>
			<W BOX="291 514 336 541" STYLE_REF="1">skill</W>
			<W BOX="345 514 397 541" STYLE_REF="1">could</W>
			<W BOX="407 514 439 541" STYLE_REF="1">not</W>
			<W BOX="452 514 487 541" STYLE_REF="1">but</W>
			<W BOX="496 514 520 541" STYLE_REF="1">be</W>
			<Q BOX="529 514 642 541" STYLE_REF="1" QID="26">considerabl</Q>
			<q BOX="643 514 656 541" STYLE_REF="1" QID="26">y</q>
			<QW QID="26">considerably</QW>
			<W BOX="664 514 757 541" STYLE_REF="1">enhanced</W>
		</Primitive>
		<Primitive BOX="24 535 811 587" ID="Ar0510009" SEQ_NO="9" TOC_ENTRY_ID="57" DEPTH_LEVEL="1">
			<L BOX="67 535 758 564"/>
			<Q BOX="67 536 80 562" STYLE_REF="1" QID="27">b</Q>
			<q BOX="79 536 93 563" STYLE_REF="1" QID="27">y</q>
			<QW QID="27">by</QW>
			<W BOX="101 535 126 562" STYLE_REF="1">its</W>
			<W BOX="133 535 190 562" STYLE_REF="1">result</W>
			<W BOX="201 536 257 563" STYLE_REF="1">being</W>
			<W BOX="268 536 322 563" STYLE_REF="1">made</W>
			<Q BOX="329 536 362 563" STYLE_REF="1" QID="28">thu</Q>
			<q BOX="363 536 372 563" STYLE_REF="1" QID="28">s</q>
			<QW QID="28">thus</QW>
			<Q BOX="380 536 438 563" STYLE_REF="1" QID="29">greatl</Q>
			<q BOX="438 537 450 564" STYLE_REF="1" QID="29">y</q>
			<QW QID="29">greatly</QW>
			<W BOX="461 537 555 564" STYLE_REF="1">profitable</W>
			<W BOX="565 537 585 564" STYLE_REF="1">to</W>
			<W BOX="593 537 655 564" STYLE_REF="1" NS="y">others</W>
			<W BOX="655 537 662 564" STYLE_REF="1">.</W>
			<Q BOX="686 537 738 564" STYLE_REF="1" QID="30">Surel</Q>
			<q BOX="738 538 751 564" STYLE_REF="1" NS="y" QID="30">y</q>
			<QW QID="30">Surely</QW>
			<W BOX="751 538 758 564" STYLE_REF="1">,</W>
			<L BOX="66 558 755 587"/>
			<W BOX="66 558 111 585" STYLE_REF="1" NS="y">then</W>
			<W BOX="113 559 117 586" STYLE_REF="1">,</W>
			<W BOX="125 559 162 585" STYLE_REF="1">this</W>
			<W BOX="170 559 268 585" STYLE_REF="1">invitation</W>
			<W BOX="276 559 295 585" STYLE_REF="1">to</W>
			<W BOX="301 559 330 585" STYLE_REF="1">aid</W>
			<Q BOX="336 560 349 586" STYLE_REF="1" QID="31">b</Q>
			<q BOX="348 559 362 586" STYLE_REF="1" QID="31">y</q>
			<QW QID="31">by</QW>
			<W BOX="367 559 412 586" STYLE_REF="1">such</W>
			<W BOX="419 559 481 586" STYLE_REF="1">means</W>
			<W BOX="486 559 506 586" STYLE_REF="1">in</W>
			<Q BOX="512 559 588 586" STYLE_REF="1" QID="32">develop</Q>
			<q BOX="589 559 621 586" STYLE_REF="1" QID="32">ing</q>
			<QW QID="32">developing</QW>
			<W BOX="629 560 649 587" STYLE_REF="1">so</W>
			<W BOX="657 560 755 586" STYLE_REF="1">admirable</W>
		</Primitive>
		<Primitive BOX="24 581 811 609" ID="Ar0510010" SEQ_NO="10" TOC_ENTRY_ID="57" DEPTH_LEVEL="1">
			<L BOX="67 581 755 609"/>
			<W BOX="67 581 77 608" STYLE_REF="1">a</W>
			<Q BOX="91 581 130 608" STYLE_REF="1" QID="33">desi</Q>
			<q BOX="130 582 155 608" STYLE_REF="1" QID="33">gn</q>
			<QW QID="33">design</QW>
			<Q BOX="169 581 177 608" STYLE_REF="1" LH="y" QID="34">-</Q>
			<q BOX="175 581 208 608" STYLE_REF="1" QID="34">will</q>
			<QW QID="34">-will</QW>
			<W BOX="221 582 254 609" STYLE_REF="1">not</W>
			<W BOX="267 582 291 609" STYLE_REF="1">be</W>
			<W BOX="303 582 380 609" STYLE_REF="1">allowed</W>
			<W BOX="394 582 413 609" STYLE_REF="1">to</W>
			<W BOX="428 582 490 609" STYLE_REF="1">appeal</W>
			<W BOX="506 582 526 609" STYLE_REF="1">in</W>
			<Q BOX="539 582 552 609" STYLE_REF="1" QID="35">v</Q>
			<q BOX="552 582 582 609" STYLE_REF="1" QID="35">ain</q>
			<QW QID="35">vain</QW>
			<W BOX="595 582 614 609" STYLE_REF="1">to</W>
			<W BOX="626 582 658 609" STYLE_REF="1">the</W>
			<W BOX="667 582 755 609" STYLE_REF="1">Working</W>
		</Primitive>
		<Primitive BOX="24 609 811 648" ID="Ar0510011" SEQ_NO="11" TOC_ENTRY_ID="57" DEPTH_LEVEL="1">
			<L BOX="65 604 729 636"/>
			<W BOX="65 604 141 631" STYLE_REF="1">Women</W>
			<W BOX="149 604 167 631" STYLE_REF="1">of</W>
			<Q BOX="175 605 217 631" STYLE_REF="1" QID="36">Eng</Q>
			<q BOX="216 605 259 631" STYLE_REF="1" NS="y" QID="36">land</q>
			<QW QID="36">England</QW>
			<W BOX="260 605 266 631" STYLE_REF="1">.</W>
			<W BOX="639 609 720 636" STYLE_REF="1" NS="y">Elleret</W>
			<W BOX="720 609 729 636" STYLE_REF="1">.</W>
		</Primitive>
	</Content>
	<TOC_Entries><TOC_Entry TOC_ENTRY_ID="108" TITLE="~ ^U - , just There as trul is a y commo..." ENTITY_ID_REF="Ar05100" PAGE_NO="51" PAGE_LABEL="123" PRIM_ID_REF="Ar0510000" IS_IC="true"/></TOC_Entries></XMD-entity>
