<?xml version="1.0" encoding="windows-1252" standalone="no"?>
<XMD-entity REPOSITORY_FORMAT="1.0" PRXML_VER="2.0" ENTITY_TYPE="Article" DOC_UID="EWJ_01/04/1858" DOC_VER="1" FIRST_TOC_ENTRY_ID="64" DEPTH_LEVEL="1" INDEX_IN_DOC="111" PAGE_NO="51" ID="Ar05103" BOX="24 711 811 1214" LANGUAGE="English" SNP="Ar05103S.png" SNP_WIDTH="788" SNP_HEIGHT="56" LOGICAL_NAME="true">
	<Meta NAME="Percy Bysshe Shelley, drowned July 8, 18..." DESCRIPTION="" SUBTYPE="" BASE_HREF="EWJ/1858/04/01" SOURCE_TYPE="TIFF" PUBLICATION="EWJ" SECTION="None" ISSUE_DATE="01/04/1858" WORDCNT="169" RELEASE_NO="041-EWJ-1858-04-01-001-SINGLE" PAGE_ID="" PAGE_TYPE="Single" PAGE_WIDTH="823" PAGE_HEIGHT="1239" DEFAULT_IMG_EXT="png" PDF_DESTINATION_MAPPED="OLV0_Entity_0051_0004" IMAGES_RESOLUTION="86" XMD_VER="2.6.238.8" PAGE_LABEL="123"/>
	<Link SOURCE="041-EWJ-1858-04-01-001-SINGLE.PDF" FIRST_ID="Ar00200" LAST_ID="Ar07201" NEXT_ID="" PREV_ID="Ar05102" TOC_ID="d:/Olive/Repository/EWJ/1858/04/01/TOC.xml"/>
	<DataFiles>
		<Files TYPE="DOC_PDF" PRESENT="1"/>
		<Files TYPE="PAGE_PDF" PRESENT="0"/>
		<Files TYPE="DOC_IMG" PRESENT="0"/>
		<Files TYPE="PAGE_IMG" PRESENT="0"/>
		<Files TYPE="PAGE_VIEW_IMG" PRESENT="1"/>
		<Files TYPE="PAGE_PREVIEW_IMG" PRESENT="1"/>
		<Files TYPE="PRIMITIVE_IMG" PRESENT="1"/>
		<Files TYPE="SNIPPET_IMG" PRESENT="1"/>
	</DataFiles>
	<Content>
		<Primitive BOX="24 711 811 767" ID="Ar0510300" SEQ_NO="0" TOC_ENTRY_ID="64" DEPTH_LEVEL="1">
			<L BOX="189 721 585 746"/>
			<W BOX="189 721 241 744" STYLE_REF="7">Percy</W>
			<W BOX="251 721 314 744" STYLE_REF="7">Bysshe</W>
			<W BOX="324 721 396 745" STYLE_REF="7" NS="y">Shelley</W>
			<W BOX="399 721 403 745" STYLE_REF="7">,</W>
			<Q BOX="409 722 433 745" STYLE_REF="7" QID="1">dro</Q>
			<q BOX="433 722 473 745" STYLE_REF="7" QID="1">wned</q>
			<QW QID="1">drowned</QW>
			<Q BOX="480 722 504 746" STYLE_REF="7" QID="2">Jul</Q>
			<q BOX="505 722 515 746" STYLE_REF="7" QID="2">y</q>
			<QW QID="2">July</QW>
			<W BOX="522 722 532 746" STYLE_REF="7" NS="y">8</W>
			<W BOX="531 722 535 746" STYLE_REF="7">,</W>
			<W BOX="542 722 580 745" STYLE_REF="7" NS="y">1822</W>
			<W BOX="580 722 585 745" STYLE_REF="7">.</W>
			<L BOX="188 738 624 767"/>
			<W BOX="188 740 234 764" STYLE_REF="7">Mary</W>
			<W BOX="245 741 384 765" STYLE_REF="7">Wolstonecraft</W>
			<W BOX="393 741 454 765" STYLE_REF="7">Shelle</W>
			<W BOX="456 738 466 761" STYLE_REF="7">y</W>
			<W BOX="467 741 471 765" STYLE_REF="7">,</W>
			<W BOX="477 742 506 765" STYLE_REF="7">died</W>
			<W BOX="515 742 543 765" STYLE_REF="7" NS="y">Feb</W>
			<W BOX="543 742 548 765" STYLE_REF="7">.</W>
			<W BOX="556 742 567 765" STYLE_REF="7" NS="y">1</W>
			<W BOX="565 742 569 766" STYLE_REF="7">,</W>
			<Q BOX="577 744 596 765" STYLE_REF="8" QID="3">18</Q>
			<Q BOX="595 742 606 765" STYLE_REF="7" QID="3">5</Q>
			<q BOX="605 744 617 765" STYLE_REF="8" NS="y" QID="3">1</q>
			<QW QID="3">1851</QW>
			<W BOX="615 743 624 767" STYLE_REF="7">.</W>
		</Primitive>
		<Primitive BOX="24 767 811 846" ID="Ar0510301" SEQ_NO="1" TOC_ENTRY_ID="64" DEPTH_LEVEL="1">
			<L BOX="292 781 523 804" P="S"/>
			<W BOX="292 781 313 804" STYLE_REF="9">In</W>
			<W BOX="319 781 358 804" STYLE_REF="9">death</W>
			<W BOX="367 781 399 804" STYLE_REF="9">they</W>
			<W BOX="404 781 427 804" STYLE_REF="9">are</W>
			<W BOX="435 781 458 804" STYLE_REF="9">not</W>
			<Q BOX="464 781 488 804" STYLE_REF="9" QID="4">div</Q>
			<Q BOX="488 781 509 804" STYLE_REF="9" QID="4">ide</Q>
			<q BOX="508 781 518 804" STYLE_REF="9" NS="y" QID="4">d</q>
			<QW QID="4">divided</QW>
			<W BOX="518 781 523 804" STYLE_REF="9">.</W>
			<L BOX="218 820 524 846" P="S"/>
			<W BOX="218 820 256 846" STYLE_REF="10">Two</W>
			<W BOX="263 820 317 846" STYLE_REF="10">graves</W>
			<W BOX="324 820 381 846" STYLE_REF="10">within</W>
			<W BOX="388 820 416 846" STYLE_REF="10">one</W>
			<W BOX="423 820 462 846" STYLE_REF="10">year</W>
			<W BOX="469 820 477 846" STYLE_REF="10">I</W>
			<W BOX="485 820 518 846" STYLE_REF="10" NS="y">saw</W>
			<W BOX="517 821 524 846" STYLE_REF="10">,</W>
		</Primitive>
		<Primitive BOX="24 841 811 908" ID="Ar0510302" SEQ_NO="2" TOC_ENTRY_ID="64" DEPTH_LEVEL="1">
			<L BOX="239 841 565 867"/>
			<W BOX="239 841 298 866" STYLE_REF="10">Where</W>
			<W BOX="305 841 347 866" STYLE_REF="10" NS="y">sleep</W>
			<W BOX="347 841 351 866" STYLE_REF="10">,</W>
			<W BOX="359 841 369 866" STYLE_REF="10">a</W>
			<W BOX="377 841 454 866" STYLE_REF="10">thousand</W>
			<W BOX="461 841 507 866" STYLE_REF="10">miles</W>
			<W BOX="514 841 558 866" STYLE_REF="10" NS="y">apart</W>
			<W BOX="559 842 565 867" STYLE_REF="10">,</W>
			<L BOX="217 862 538 887"/>
			<W BOX="217 862 294 887" STYLE_REF="10">Husband</W>
			<W BOX="302 862 332 887" STYLE_REF="10">and</W>
			<W BOX="337 862 380 887" STYLE_REF="10" NS="y">Wife</W>
			<W BOX="380 862 385 887" STYLE_REF="10">,</W>
			<W BOX="392 862 445 887" STYLE_REF="10">whose</W>
			<W BOX="451 862 501 887" STYLE_REF="10">living</W>
			<W BOX="508 862 538 887" STYLE_REF="10">law</W>
			<L BOX="238 882 566 908"/>
			<W BOX="238 882 277 907" STYLE_REF="10">Was</W>
			<W BOX="285 882 314 907" STYLE_REF="10">but</W>
			<W BOX="322 882 338 907" STYLE_REF="10">to</W>
			<W BOX="345 882 391 907" STYLE_REF="10">know</W>
			<W BOX="397 882 426 907" STYLE_REF="10">one</W>
			<W BOX="433 882 467 907" STYLE_REF="10" NS="y">soul</W>
			<W BOX="468 882 473 908" STYLE_REF="10">,</W>
			<W BOX="479 882 509 907" STYLE_REF="10">one</W>
			<W BOX="515 882 560 907" STYLE_REF="10" NS="y">heart</W>
			<W BOX="560 882 566 907" STYLE_REF="10">.</W>
		</Primitive>
		<Primitive BOX="24 906 811 974" ID="Ar0510303" SEQ_NO="3" TOC_ENTRY_ID="64" DEPTH_LEVEL="1">
			<L BOX="216 906 524 932"/>
			<W BOX="216 906 241 932" STYLE_REF="10">He</W>
			<W BOX="248 906 297 932" STYLE_REF="10">sleeps</W>
			<W BOX="307 906 374 932" STYLE_REF="10">beneath</W>
			<W BOX="381 906 408 932" STYLE_REF="10">the</W>
			<W BOX="414 906 476 932" STYLE_REF="10">Eoman</W>
			<W BOX="483 906 517 932" STYLE_REF="10" NS="y">rose</W>
			<W BOX="517 907 524 932" STYLE_REF="10">,</W>
			<L BOX="237 927 537 953"/>
			<W BOX="237 927 274 952" STYLE_REF="10">And</W>
			<W BOX="281 927 338 952" STYLE_REF="10" NS="y">violets</W>
			<W BOX="338 927 343 953" STYLE_REF="10">,</W>
			<W BOX="351 927 383 952" STYLE_REF="10">like</W>
			<W BOX="389 927 416 952" STYLE_REF="10">his</W>
			<W BOX="421 927 465 952" STYLE_REF="10">verse</W>
			<W BOX="470 927 524 952" STYLE_REF="10">divine</W>
			<W BOX="530 927 537 952" STYLE_REF="10">;</W>
			<L BOX="216 948 575 973"/>
			<Q BOX="216 948 247 973" STYLE_REF="10" QID="5">She</Q>
			<q BOX="259 948 312 973" STYLE_REF="10" QID="5">where</q>
			<QW QID="5">Shewhere</QW>
			<W BOX="318 948 346 973" STYLE_REF="10">the</W>
			<W BOX="352 948 430 973" STYLE_REF="10">tenderest</W>
			<W BOX="438 948 519 973" STYLE_REF="10">snowdrop</W>
			<W BOX="526 948 575 973" STYLE_REF="10">blows</W>
		</Primitive>
		<Primitive BOX="24 968 811 1018" ID="Ar0510304" SEQ_NO="4" TOC_ENTRY_ID="64" DEPTH_LEVEL="1">
			<L BOX="247 949 582 974"/>
			<W BOX="247 949 252 974" STYLE_REF="10">,</W>
			<W BOX="574 949 582 974" STYLE_REF="10">,</W>
			<L BOX="236 968 527 994"/>
			<W BOX="236 968 301 993" STYLE_REF="10">Amidst</W>
			<W BOX="307 968 334 993" STYLE_REF="10">the</W>
			<W BOX="341 968 406 993" STYLE_REF="10">heather</W>
			<W BOX="412 968 443 993" STYLE_REF="10">and</W>
			<W BOX="450 968 478 993" STYLE_REF="10">the</W>
			<Q BOX="484 968 495 993" STYLE_REF="10" QID="6">p</Q>
			<q BOX="495 969 522 994" STYLE_REF="10" NS="y" QID="6">ine</q>
			<QW QID="6">pine</QW>
			<W BOX="522 969 527 994" STYLE_REF="10">.</W>
			<L BOX="219 993 539 1018"/>
			<W BOX="219 993 256 1018" STYLE_REF="10">And</W>
			<W BOX="263 993 292 1018" STYLE_REF="10">yet</W>
			<W BOX="298 993 323 1018" STYLE_REF="10">we</W>
			<W BOX="329 993 377 1018" STYLE_REF="10">know</W>
			<W BOX="384 993 422 1018" STYLE_REF="10">they</W>
			<W BOX="428 993 453 1018" STYLE_REF="10">are</W>
			<W BOX="460 993 488 1018" STYLE_REF="10">not</W>
			<W BOX="495 993 532 1018" STYLE_REF="10" NS="y">here</W>
			<W BOX="532 993 539 1018" STYLE_REF="10">,</W>
		</Primitive>
		<Primitive BOX="24 1013 811 1079" ID="Ar0510305" SEQ_NO="5" TOC_ENTRY_ID="64" DEPTH_LEVEL="1">
			<L BOX="237 1013 559 1039"/>
			<W BOX="237 1013 269 1038" STYLE_REF="10">But</W>
			<W BOX="276 1013 329 1038" STYLE_REF="10">where</W>
			<W BOX="335 1013 363 1038" STYLE_REF="10">the</W>
			<W BOX="369 1013 446 1038" STYLE_REF="10">heavenly</W>
			<W BOX="453 1013 494 1038" STYLE_REF="10">lilies</W>
			<W BOX="498 1013 551 1038" STYLE_REF="10" NS="y">bloom</W>
			<W BOX="552 1014 559 1039" STYLE_REF="10">,</W>
			<L BOX="215 1033 516 1060"/>
			<W BOX="215 1033 252 1058" STYLE_REF="10">And</W>
			<W BOX="259 1033 342 1058" STYLE_REF="10" NS="y">amaranth</W>
			<W BOX="342 1034 347 1060" STYLE_REF="10">,</W>
			<W BOX="355 1034 372 1059" STYLE_REF="10">to</W>
			<W BOX="379 1034 406 1059" STYLE_REF="10">the</W>
			<Q BOX="413 1034 458 1059" STYLE_REF="10" QID="7">angel</Q>
			<q BOX="459 1034 467 1059" STYLE_REF="10" QID="7">s</q>
			<QW QID="7">angels</QW>
			<W BOX="473 1034 509 1059" STYLE_REF="10" NS="y">dear</W>
			<W BOX="509 1034 516 1059" STYLE_REF="10">,</W>
			<L BOX="234 1054 611 1079"/>
			<W BOX="234 1054 290 1079" STYLE_REF="10">Mocks</W>
			<W BOX="297 1054 325 1079" STYLE_REF="10">our</W>
			<W BOX="332 1054 366 1079" STYLE_REF="10">pale</W>
			<W BOX="373 1054 413 1079" STYLE_REF="10">buds</W>
			<W BOX="420 1054 473 1079" STYLE_REF="10">which</W>
			<W BOX="480 1054 519 1079" STYLE_REF="10">deck</W>
			<W BOX="527 1054 555 1079" STYLE_REF="10">the</W>
			<W BOX="561 1054 606 1079" STYLE_REF="10" NS="y">tomb</W>
			<W BOX="606 1054 611 1079" STYLE_REF="10">.</W>
		</Primitive>
		<Primitive BOX="24 1077 811 1144" ID="Ar0510306" SEQ_NO="6" TOC_ENTRY_ID="64" DEPTH_LEVEL="1">
			<L BOX="211 1077 542 1104"/>
			<W BOX="211 1078 261 1103" STYLE_REF="10">There</W>
			<W BOX="265 1078 287 1103" STYLE_REF="10">no</W>
			<W BOX="292 1078 331 1103" STYLE_REF="10">dark</W>
			<W BOX="338 1078 401 1103" STYLE_REF="10">cypress</W>
			<W BOX="405 1078 455 1103" STYLE_REF="10" NS="y">grows</W>
			<W BOX="455 1078 460 1104" STYLE_REF="10">,</W>
			<W BOX="464 1078 492 1103" STYLE_REF="10">nor</W>
			<Q BOX="498 1078 509 1103" STYLE_REF="10" QID="8">p</Q>
			<q BOX="509 1077 535 1102" STYLE_REF="10" NS="y" QID="8">ine</q>
			<QW QID="8">pine</QW>
			<W BOX="535 1078 542 1103" STYLE_REF="10">,</W>
			<L BOX="232 1098 587 1125"/>
			<W BOX="232 1098 289 1123" STYLE_REF="10">Where</W>
			<W BOX="296 1098 334 1123" STYLE_REF="10" NS="y">they</W>
			<W BOX="334 1098 340 1123" STYLE_REF="10">,</W>
			<W BOX="347 1098 374 1123" STYLE_REF="10">the</W>
			<W BOX="381 1098 458 1123" STYLE_REF="10">Husband</W>
			<W BOX="465 1098 496 1123" STYLE_REF="10">and</W>
			<W BOX="503 1098 531 1123" STYLE_REF="10">the</W>
			<W BOX="537 1098 580 1123" STYLE_REF="10" NS="y">Wife</W>
			<W BOX="579 1099 587 1125" STYLE_REF="10">,</W>
			<L BOX="212 1118 517 1144"/>
			<W BOX="212 1118 258 1144" STYLE_REF="10">Their</W>
			<Q BOX="266 1118 304 1144" STYLE_REF="10" QID="9">long</Q>
			<Q BOX="304 1118 311 1144" STYLE_REF="10" LH="y" QID="9">-</Q>
			<Q BOX="311 1118 380 1144" STYLE_REF="10" QID="9">dissever</Q>
			<Q BOX="381 1118 384 1143" STYLE_REF="10" QID="9">'</Q>
			<q BOX="384 1118 395 1143" STYLE_REF="10" QID="9">d</q>
			<QW QID="9">long-dissever'd</QW>
			<W BOX="402 1118 442 1143" STYLE_REF="10">lives</W>
			<W BOX="449 1118 517 1143" STYLE_REF="10">entwine</W>
		</Primitive>
		<Primitive BOX="24 1139 811 1184" ID="Ar0510307" SEQ_NO="7" TOC_ENTRY_ID="64" DEPTH_LEVEL="1">
			<L BOX="518 1119 525 1144"/>
			<W BOX="518 1119 525 1144" STYLE_REF="10">,</W>
			<L BOX="231 1139 549 1164"/>
			<W BOX="231 1139 269 1164" STYLE_REF="10">And</W>
			<W BOX="275 1139 323 1164" STYLE_REF="10">dwell</W>
			<W BOX="329 1139 396 1164" STYLE_REF="10">beneath</W>
			<W BOX="403 1139 430 1164" STYLE_REF="10">the</W>
			<W BOX="438 1139 476 1164" STYLE_REF="10">Tree</W>
			<W BOX="484 1139 499 1164" STYLE_REF="10">of</W>
			<W BOX="507 1139 544 1164" STYLE_REF="10" NS="y">Life</W>
			<W BOX="544 1139 549 1164" STYLE_REF="10">,</W>
			<L BOX="74 1162 633 1189"/>
			<Q BOX="74 1164 147 1189" STYLE_REF="13" QID="10">JBoscombe</Q>
			<q BOX="157 1164 206 1189" STYLE_REF="13" QID="10">March</q>
			<QW QID="10">JBoscombeMarch</QW>
			<W BOX="213 1165 234 1187" STYLE_REF="12" NS="y">14</W>
			<W BOX="233 1163 237 1188" STYLE_REF="10">,</W>
			<W BOX="244 1163 282 1188" STYLE_REF="10" NS="y">1858</W>
			<W BOX="282 1163 286 1188" STYLE_REF="10">.</W>
			<W BOX="557 1162 572 1187" STYLE_REF="10" NS="y">B</W>
			<W BOX="572 1162 577 1187" STYLE_REF="10">,</W>
			<W BOX="582 1162 599 1188" STYLE_REF="10" NS="y">B</W>
			<W BOX="599 1162 605 1188" STYLE_REF="10">,</W>
			<W BOX="612 1164 626 1189" STYLE_REF="10" NS="y">P</W>
			<W BOX="626 1164 633 1189" STYLE_REF="10">.</W>
		</Primitive>
		<Primitive BOX="24 1184 811 1214" ID="Ar0510308" SEQ_NO="8" TOC_ENTRY_ID="64" DEPTH_LEVEL="1">
			<L BOX="147 1166 671 1210"/>
			<W BOX="147 1166 154 1191" STYLE_REF="13" M="1 * ">_,</W>
			<W BOX="633 1187 645 1208" STYLE_REF="8">K</W>
			<W BOX="659 1181 671 1210" STYLE_REF="4">2</W>
		</Primitive>
	</Content>
	<TOC_Entries><TOC_Entry TOC_ENTRY_ID="111" TITLE="Percy Bysshe Shelley, drowned July 8, 18..." ENTITY_ID_REF="Ar05103" PAGE_NO="51" PAGE_LABEL="123" PRIM_ID_REF="Ar0510300" IS_IC="true"/></TOC_Entries></XMD-entity>
