<?xml version="1.0" encoding="windows-1252" standalone="no"?>
<XMD-entity REPOSITORY_FORMAT="1.0" PRXML_VER="2.0" ENTITY_TYPE="Article" DOC_UID="EWJ_01/04/1858" DOC_VER="1" FIRST_TOC_ENTRY_ID="62" DEPTH_LEVEL="1" INDEX_IN_DOC="109" PAGE_NO="51" ID="Ar05101" BOX="24 12 811 97" LANGUAGE="English" SNP="Ar05101S.png" SNP_WIDTH="788" SNP_HEIGHT="86" LOGICAL_NAME="true">
	<Meta NAME="ILLUSTKATIONS OF EVERY-DAY LIFE. 128" DESCRIPTION="" SUBTYPE="" BASE_HREF="EWJ/1858/04/01" SOURCE_TYPE="TIFF" PUBLICATION="EWJ" SECTION="None" ISSUE_DATE="01/04/1858" WORDCNT="6" RELEASE_NO="041-EWJ-1858-04-01-001-SINGLE" PAGE_ID="" PAGE_TYPE="Single" PAGE_WIDTH="823" PAGE_HEIGHT="1239" DEFAULT_IMG_EXT="png" PDF_DESTINATION_MAPPED="OLV0_Entity_0051_0002" IMAGES_RESOLUTION="86" XMD_VER="2.6.238.8" PAGE_LABEL="123"/>
	<Link SOURCE="041-EWJ-1858-04-01-001-SINGLE.PDF" FIRST_ID="Ar00200" LAST_ID="Ar07201" NEXT_ID="Ar05102" PREV_ID="Ar05100" TOC_ID="d:/Olive/Repository/EWJ/1858/04/01/TOC.xml"/>
	<DataFiles>
		<Files TYPE="DOC_PDF" PRESENT="1"/>
		<Files TYPE="PAGE_PDF" PRESENT="0"/>
		<Files TYPE="DOC_IMG" PRESENT="0"/>
		<Files TYPE="PAGE_IMG" PRESENT="0"/>
		<Files TYPE="PAGE_VIEW_IMG" PRESENT="1"/>
		<Files TYPE="PAGE_PREVIEW_IMG" PRESENT="1"/>
		<Files TYPE="PRIMITIVE_IMG" PRESENT="1"/>
		<Files TYPE="SNIPPET_IMG" PRESENT="1"/>
	</DataFiles>
	<Content>
		<Primitive BOX="24 12 811 97" ID="Ar0510100" SEQ_NO="0" TOC_ENTRY_ID="62" DEPTH_LEVEL="1">
			<L BOX="220 61 766 89"/>
			<W BOX="220 61 382 86" STYLE_REF="10" M="12 * ">_ILLUSTKATIONS</W>
			<W BOX="393 62 420 87" STYLE_REF="10">OF</W>
			<Q BOX="433 62 500 87" STYLE_REF="10" QID="1">EVERY</Q>
			<Q BOX="500 62 507 87" STYLE_REF="10" LH="y" QID="1">-</Q>
			<q BOX="507 62 550 87" STYLE_REF="10" QID="1">DAY</q>
			<QW QID="1">EVERY-DAY</QW>
			<W BOX="564 63 613 88" STYLE_REF="10" NS="y">LIFE</W>
			<W BOX="613 63 619 88" STYLE_REF="10">.</W>
			<W BOX="728 64 766 89" STYLE_REF="10">128</W>
		</Primitive>
	</Content>
	<TOC_Entries><TOC_Entry TOC_ENTRY_ID="109" TITLE="ILLUSTKATIONS OF EVERY-DAY LIFE. 128" ENTITY_ID_REF="Ar05101" PAGE_NO="51" PAGE_LABEL="123" PRIM_ID_REF="Ar0510100" IS_IC="true"/></TOC_Entries></XMD-entity>
