<?xml version="1.0" encoding="windows-1252" standalone="no"?>
<XMD-PAGE REPOSITORY_FORMAT="1.0" PRXML_VER="2.0">
	<Meta ISSUE_DATE="01/04/1858" RELEASE_NO="041-EWJ-1858-04-01-001-SINGLE" PAGE_NO="51" NAME="" PAGE_LABEL="123" PAGE_TYPE="Single" PUBLISHER="Olive" PUBLICATION="EWJ" SOURCE_TYPE="TIFF" SOURCE_RESOLUTION="72" IMAGES_RESOLUTION="86" PAGE_THUMBNAIL_RESOLUTION="86" PAGE_PREVIEW_RESOLUTION="15" DEFAULT_IMG_EXT="png" IMG_EXT="png" PREVIEW_IMG_EXT="png" XMD_VER="2.6.238.8" PROFILE_ID="D:\pdfs\EWJ\XMD_EWJ.ini" SECTION="None" PAGE_WIDTH="823" PAGE_HEIGHT="1239" PAGES_NUMBER="72" BASE_HREF="EWJ/1858/04/01" PDF_DESTINATION_MAPPED="OLV0_Page_0051">
		<Resolutions>
			<Resolution DEFAULT="true">86</Resolution>
		</Resolutions>
	</Meta>
	<Link SOURCE="041-EWJ-1858-04-01-001-SINGLE.PDF" NEXT_SECTION="" PREV_SECTION="1"/>
	<DataFiles>
		<Files TYPE="DOC_PDF" PRESENT="1"/>
		<Files TYPE="PAGE_PDF" PRESENT="0"/>
		<Files TYPE="DOC_IMG" PRESENT="0"/>
		<Files TYPE="PAGE_IMG" PRESENT="0"/>
		<Files TYPE="PAGE_VIEW_IMG" PRESENT="1"/>
		<Files TYPE="PAGE_PREVIEW_IMG" PRESENT="1"/>
		<Files TYPE="PRIMITIVE_IMG" PRESENT="1"/>
		<Files TYPE="SNIPPET_IMG" PRESENT="1"/>
	</DataFiles>
	<Entity ENTITY_TYPE="Article" FIRST_TOC_ENTRY_ID="57" INDEX_IN_DOC="104" DEPTH_LEVEL="1" ID="Ar05100" SIZE="XLarge" BOX="24 97 811 648" NEXT_SECTION="" PREV_SECTION="1" CONTINUATION_FROM="Ar05000" FIRST_CHUNK="Ar04602" IMAGES_RESOLUTION="86" LOGICAL_NAME="true">
		<Name>~ ^U - , just There as trul is a y commo...</Name>
		<Primitive ID="Ar0510000" BOX="24 97 811 155" ELEMENT_TYPE="Content" SEQ_NO="0" TOC_ENTRY_ID="57" DEPTH_LEVEL="1"/>
		<Primitive ID="Ar0510001" BOX="24 147 811 224" ELEMENT_TYPE="Content" SEQ_NO="1" TOC_ENTRY_ID="57" DEPTH_LEVEL="1"/>
		<Primitive ID="Ar0510002" BOX="24 216 811 269" ELEMENT_TYPE="Content" SEQ_NO="2" TOC_ENTRY_ID="57" DEPTH_LEVEL="1"/>
		<Primitive ID="Ar0510003" BOX="24 261 811 315" ELEMENT_TYPE="Content" SEQ_NO="3" TOC_ENTRY_ID="57" DEPTH_LEVEL="1"/>
		<Primitive ID="Ar0510004" BOX="24 307 811 360" ELEMENT_TYPE="Content" SEQ_NO="4" TOC_ENTRY_ID="57" DEPTH_LEVEL="1"/>
		<Primitive ID="Ar0510005" BOX="24 353 811 405" ELEMENT_TYPE="Content" SEQ_NO="5" TOC_ENTRY_ID="57" DEPTH_LEVEL="1"/>
		<Primitive ID="Ar0510006" BOX="24 399 811 452" ELEMENT_TYPE="Content" SEQ_NO="6" TOC_ENTRY_ID="57" DEPTH_LEVEL="1"/>
		<Primitive ID="Ar0510007" BOX="24 444 811 496" ELEMENT_TYPE="Content" SEQ_NO="7" TOC_ENTRY_ID="57" DEPTH_LEVEL="1"/>
		<Primitive ID="Ar0510008" BOX="24 490 811 541" ELEMENT_TYPE="Content" SEQ_NO="8" TOC_ENTRY_ID="57" DEPTH_LEVEL="1"/>
		<Primitive ID="Ar0510009" BOX="24 535 811 587" ELEMENT_TYPE="Content" SEQ_NO="9" TOC_ENTRY_ID="57" DEPTH_LEVEL="1"/>
		<Primitive ID="Ar0510010" BOX="24 581 811 609" ELEMENT_TYPE="Content" SEQ_NO="10" TOC_ENTRY_ID="57" DEPTH_LEVEL="1"/>
		<Primitive ID="Ar0510011" BOX="24 609 811 648" ELEMENT_TYPE="Content" SEQ_NO="11" TOC_ENTRY_ID="57" DEPTH_LEVEL="1"/>
	</Entity>
	<Entity ENTITY_TYPE="Article" FIRST_TOC_ENTRY_ID="62" INDEX_IN_DOC="109" DEPTH_LEVEL="1" ID="Ar05101" SIZE="Small" BOX="24 12 811 97" NEXT_SECTION="" PREV_SECTION="1" IMAGES_RESOLUTION="86" LOGICAL_NAME="true">
		<Name>ILLUSTKATIONS OF EVERY-DAY LIFE. 128</Name>
		<Primitive ID="Ar0510100" BOX="24 12 811 97" ELEMENT_TYPE="Content" SEQ_NO="0" TOC_ENTRY_ID="62" DEPTH_LEVEL="1"/>
	</Entity>
	<Entity ENTITY_TYPE="Article" ENTITY_SUBTYPE="Section" FIRST_TOC_ENTRY_ID="63" INDEX_IN_DOC="110" DEPTH_LEVEL="1" ID="Ar05102" SIZE="Small" BOX="24 648 811 711" NEXT_SECTION="" PREV_SECTION="1" IMAGES_RESOLUTION="86" LOGICAL_NAME="true">
		<Name>XIV.�TWO GRAVES. -*-</Name>
		<Primitive ID="Ar0510200" BOX="24 648 811 711" ELEMENT_TYPE="HedLine_hl1" SEQ_NO="0" TOC_ENTRY_ID="63" DEPTH_LEVEL="1"/>
	</Entity>
	<Entity ENTITY_TYPE="Article" FIRST_TOC_ENTRY_ID="64" INDEX_IN_DOC="111" DEPTH_LEVEL="1" ID="Ar05103" SIZE="XLarge" BOX="24 711 811 1214" NEXT_SECTION="" PREV_SECTION="1" IMAGES_RESOLUTION="86" LOGICAL_NAME="true">
		<Name>Percy Bysshe Shelley, drowned July 8, 18...</Name>
		<Primitive ID="Ar0510300" BOX="24 711 811 767" ELEMENT_TYPE="Content" SEQ_NO="0" TOC_ENTRY_ID="64" DEPTH_LEVEL="1"/>
		<Primitive ID="Ar0510301" BOX="24 767 811 846" ELEMENT_TYPE="Content" SEQ_NO="1" TOC_ENTRY_ID="64" DEPTH_LEVEL="1"/>
		<Primitive ID="Ar0510302" BOX="24 841 811 908" ELEMENT_TYPE="Content" SEQ_NO="2" TOC_ENTRY_ID="64" DEPTH_LEVEL="1"/>
		<Primitive ID="Ar0510303" BOX="24 906 811 974" ELEMENT_TYPE="Content" SEQ_NO="3" TOC_ENTRY_ID="64" DEPTH_LEVEL="1"/>
		<Primitive ID="Ar0510304" BOX="24 968 811 1018" ELEMENT_TYPE="Content" SEQ_NO="4" TOC_ENTRY_ID="64" DEPTH_LEVEL="1"/>
		<Primitive ID="Ar0510305" BOX="24 1013 811 1079" ELEMENT_TYPE="Content" SEQ_NO="5" TOC_ENTRY_ID="64" DEPTH_LEVEL="1"/>
		<Primitive ID="Ar0510306" BOX="24 1077 811 1144" ELEMENT_TYPE="Content" SEQ_NO="6" TOC_ENTRY_ID="64" DEPTH_LEVEL="1"/>
		<Primitive ID="Ar0510307" BOX="24 1139 811 1184" ELEMENT_TYPE="Content" SEQ_NO="7" TOC_ENTRY_ID="64" DEPTH_LEVEL="1"/>
		<Primitive ID="Ar0510308" BOX="24 1184 811 1214" ELEMENT_TYPE="Content" SEQ_NO="8" TOC_ENTRY_ID="64" DEPTH_LEVEL="1"/>
	</Entity>
</XMD-PAGE>
