<?xml version="1.0" encoding="windows-1252" standalone="no"?>
<XMD-entity REPOSITORY_FORMAT="1.0" PRXML_VER="2.0" ENTITY_TYPE="Article" DOC_UID="EWJ_01/04/1858" DOC_VER="1" FIRST_TOC_ENTRY_ID="36" DEPTH_LEVEL="1" INDEX_IN_DOC="65" PAGE_NO="29" ID="Ar02901" BOX="23 41 811 117" LANGUAGE="English" SNP="Ar02901S.png" SNP_WIDTH="789" SNP_HEIGHT="76" LOGICAL_NAME="true">
	<Meta NAME="MORE THAIST FIFTY YEARS AGO. 101" DESCRIPTION="" SUBTYPE="" BASE_HREF="EWJ/1858/04/01" SOURCE_TYPE="TIFF" PUBLICATION="EWJ" SECTION="None" ISSUE_DATE="01/04/1858" WORDCNT="7" RELEASE_NO="041-EWJ-1858-04-01-001-SINGLE" PAGE_ID="" PAGE_TYPE="Single" PAGE_WIDTH="823" PAGE_HEIGHT="1239" DEFAULT_IMG_EXT="png" PDF_DESTINATION_MAPPED="OLV0_Entity_0029_0002" IMAGES_RESOLUTION="86" XMD_VER="2.6.238.8" PAGE_LABEL="101"/>
	<Link SOURCE="041-EWJ-1858-04-01-001-SINGLE.PDF" FIRST_ID="Ar00200" LAST_ID="Ar07201" NEXT_ID="" PREV_ID="Ar02900" TOC_ID="d:/Olive/Repository/EWJ/1858/04/01/TOC.xml"/>
	<DataFiles>
		<Files TYPE="DOC_PDF" PRESENT="1"/>
		<Files TYPE="PAGE_PDF" PRESENT="0"/>
		<Files TYPE="DOC_IMG" PRESENT="0"/>
		<Files TYPE="PAGE_IMG" PRESENT="0"/>
		<Files TYPE="PAGE_VIEW_IMG" PRESENT="1"/>
		<Files TYPE="PAGE_PREVIEW_IMG" PRESENT="1"/>
		<Files TYPE="PRIMITIVE_IMG" PRESENT="1"/>
		<Files TYPE="SNIPPET_IMG" PRESENT="1"/>
	</DataFiles>
	<Content>
		<Primitive BOX="23 41 811 117" ID="Ar0290100" SEQ_NO="0" TOC_ENTRY_ID="36" DEPTH_LEVEL="1">
			<L BOX="234 85 734 111"/>
			<W BOX="234 86 289 111" STYLE_REF="10">MORE</W>
			<W BOX="303 86 359 111" STYLE_REF="10" M="4 * 6 * ">_THAIST</W>
			<W BOX="372 86 430 111" STYLE_REF="10">FIFTY</W>
			<W BOX="444 86 507 111" STYLE_REF="10">YEARS</W>
			<W BOX="519 86 561 111" STYLE_REF="10" NS="y">AGO</W>
			<W BOX="561 86 565 111" STYLE_REF="10">.</W>
			<W BOX="696 85 734 110" STYLE_REF="10">101</W>
		</Primitive>
	</Content>
	<TOC_Entries><TOC_Entry TOC_ENTRY_ID="63" TITLE="MORE THAIST FIFTY YEARS AGO. 101" ENTITY_ID_REF="Ar02901" PAGE_NO="29" PAGE_LABEL="101" PRIM_ID_REF="Ar0290100" IS_IC="true"/></TOC_Entries></XMD-entity>
