<?xml version="1.0" encoding="windows-1252" standalone="no"?>
<XMD-PAGE REPOSITORY_FORMAT="1.0" PRXML_VER="2.0">
	<Meta ISSUE_DATE="01/04/1858" RELEASE_NO="041-EWJ-1858-04-01-001-SINGLE" PAGE_NO="29" NAME="" PAGE_LABEL="101" PAGE_TYPE="Single" PUBLISHER="Olive" PUBLICATION="EWJ" SOURCE_TYPE="TIFF" SOURCE_RESOLUTION="72" IMAGES_RESOLUTION="86" PAGE_THUMBNAIL_RESOLUTION="86" PAGE_PREVIEW_RESOLUTION="15" DEFAULT_IMG_EXT="png" IMG_EXT="png" PREVIEW_IMG_EXT="png" XMD_VER="2.6.238.8" PROFILE_ID="D:\pdfs\EWJ\XMD_EWJ.ini" SECTION="None" PAGE_WIDTH="823" PAGE_HEIGHT="1239" PAGES_NUMBER="72" BASE_HREF="EWJ/1858/04/01" PDF_DESTINATION_MAPPED="OLV0_Page_0029">
		<Resolutions>
			<Resolution DEFAULT="true">86</Resolution>
		</Resolutions>
	</Meta>
	<Link SOURCE="041-EWJ-1858-04-01-001-SINGLE.PDF" NEXT_SECTION="" PREV_SECTION="1"/>
	<DataFiles>
		<Files TYPE="DOC_PDF" PRESENT="1"/>
		<Files TYPE="PAGE_PDF" PRESENT="0"/>
		<Files TYPE="DOC_IMG" PRESENT="0"/>
		<Files TYPE="PAGE_IMG" PRESENT="0"/>
		<Files TYPE="PAGE_VIEW_IMG" PRESENT="1"/>
		<Files TYPE="PAGE_PREVIEW_IMG" PRESENT="1"/>
		<Files TYPE="PRIMITIVE_IMG" PRESENT="1"/>
		<Files TYPE="SNIPPET_IMG" PRESENT="1"/>
	</DataFiles>
	<Entity ENTITY_TYPE="Article" FIRST_TOC_ENTRY_ID="35" INDEX_IN_DOC="62" DEPTH_LEVEL="1" ID="Ar02900" SIZE="XLarge" BOX="24 117 811 1214" NEXT_SECTION="" PREV_SECTION="1" CONTINUATION_TO="Ar03000" CONTINUATION_FROM="Ar02803" FIRST_CHUNK="Ar02803" IMAGES_RESOLUTION="86" LOGICAL_NAME="true">
		<Name>-^_ It is considerably more than fifty y...</Name>
		<Primitive ID="Ar0290000" BOX="24 117 811 176" ELEMENT_TYPE="Content" SEQ_NO="0" TOC_ENTRY_ID="35" DEPTH_LEVEL="1"/>
		<Primitive ID="Ar0290001" BOX="24 169 811 220" ELEMENT_TYPE="Content" SEQ_NO="1" TOC_ENTRY_ID="35" DEPTH_LEVEL="1"/>
		<Primitive ID="Ar0290002" BOX="24 213 811 264" ELEMENT_TYPE="Content" SEQ_NO="2" TOC_ENTRY_ID="35" DEPTH_LEVEL="1"/>
		<Primitive ID="Ar0290003" BOX="24 257 811 308" ELEMENT_TYPE="Content" SEQ_NO="3" TOC_ENTRY_ID="35" DEPTH_LEVEL="1"/>
		<Primitive ID="Ar0290004" BOX="24 302 811 355" ELEMENT_TYPE="Content" SEQ_NO="4" TOC_ENTRY_ID="35" DEPTH_LEVEL="1"/>
		<Primitive ID="Ar0290005" BOX="24 346 811 421" ELEMENT_TYPE="Content" SEQ_NO="5" TOC_ENTRY_ID="35" DEPTH_LEVEL="1"/>
		<Primitive ID="Ar0290006" BOX="24 413 811 463" ELEMENT_TYPE="Content" SEQ_NO="6" TOC_ENTRY_ID="35" DEPTH_LEVEL="1"/>
		<Primitive ID="Ar0290007" BOX="24 456 811 508" ELEMENT_TYPE="Content" SEQ_NO="7" TOC_ENTRY_ID="35" DEPTH_LEVEL="1"/>
		<Primitive ID="Ar0290008" BOX="24 501 811 553" ELEMENT_TYPE="Content" SEQ_NO="8" TOC_ENTRY_ID="35" DEPTH_LEVEL="1"/>
		<Primitive ID="Ar0290009" BOX="24 545 811 596" ELEMENT_TYPE="Content" SEQ_NO="9" TOC_ENTRY_ID="35" DEPTH_LEVEL="1"/>
		<Primitive ID="Ar0290010" BOX="24 589 811 641" ELEMENT_TYPE="Content" SEQ_NO="10" TOC_ENTRY_ID="35" DEPTH_LEVEL="1"/>
		<Primitive ID="Ar0290011" BOX="24 634 811 684" ELEMENT_TYPE="Content" SEQ_NO="11" TOC_ENTRY_ID="35" DEPTH_LEVEL="1"/>
		<Primitive ID="Ar0290012" BOX="24 678 811 729" ELEMENT_TYPE="Content" SEQ_NO="12" TOC_ENTRY_ID="35" DEPTH_LEVEL="1"/>
		<Primitive ID="Ar0290013" BOX="24 722 811 774" ELEMENT_TYPE="Content" SEQ_NO="13" TOC_ENTRY_ID="35" DEPTH_LEVEL="1"/>
		<Primitive ID="Ar0290014" BOX="24 766 811 818" ELEMENT_TYPE="Content" SEQ_NO="14" TOC_ENTRY_ID="35" DEPTH_LEVEL="1"/>
		<Primitive ID="Ar0290015" BOX="24 810 811 862" ELEMENT_TYPE="Content" SEQ_NO="15" TOC_ENTRY_ID="35" DEPTH_LEVEL="1"/>
		<Primitive ID="Ar0290016" BOX="24 854 811 906" ELEMENT_TYPE="Content" SEQ_NO="16" TOC_ENTRY_ID="35" DEPTH_LEVEL="1"/>
		<Primitive ID="Ar0290017" BOX="24 898 811 973" ELEMENT_TYPE="Content" SEQ_NO="17" TOC_ENTRY_ID="35" DEPTH_LEVEL="1"/>
		<Primitive ID="Ar0290018" BOX="24 964 811 1018" ELEMENT_TYPE="Content" SEQ_NO="18" TOC_ENTRY_ID="35" DEPTH_LEVEL="1"/>
		<Primitive ID="Ar0290019" BOX="24 1008 811 1062" ELEMENT_TYPE="Content" SEQ_NO="19" TOC_ENTRY_ID="35" DEPTH_LEVEL="1"/>
		<Primitive ID="Ar0290020" BOX="24 1052 811 1128" ELEMENT_TYPE="Content" SEQ_NO="20" TOC_ENTRY_ID="35" DEPTH_LEVEL="1"/>
		<Primitive ID="Ar0290021" BOX="24 1119 811 1151" ELEMENT_TYPE="Content" SEQ_NO="21" TOC_ENTRY_ID="35" DEPTH_LEVEL="1"/>
		<Primitive ID="Ar0290022" BOX="24 1151 811 1214" ELEMENT_TYPE="Content" SEQ_NO="22" TOC_ENTRY_ID="35" DEPTH_LEVEL="1"/>
	</Entity>
	<Entity ENTITY_TYPE="Article" FIRST_TOC_ENTRY_ID="36" INDEX_IN_DOC="65" DEPTH_LEVEL="1" ID="Ar02901" SIZE="Small" BOX="23 41 811 117" NEXT_SECTION="" PREV_SECTION="1" IMAGES_RESOLUTION="86" LOGICAL_NAME="true">
		<Name>MORE THAIST FIFTY YEARS AGO. 101</Name>
		<Primitive ID="Ar0290100" BOX="23 41 811 117" ELEMENT_TYPE="Content" SEQ_NO="0" TOC_ENTRY_ID="36" DEPTH_LEVEL="1"/>
	</Entity>
</XMD-PAGE>