<?xml version="1.0" encoding="windows-1252" standalone="no"?>
<XMD-entity REPOSITORY_FORMAT="1.0" PRXML_VER="2.0" ENTITY_TYPE="Article" FIRST_TOC_ENTRY_ID="18" DEPTH_LEVEL="1" INDEX_IN_DOC="40" PAGE_NO="23" ID="Ar02300" BOX="24 83 829 1219" LANGUAGE="English" CONTINUATION_TO="Ar02400" CONTINUATION_FROM="Ar02200" LOGICAL_NAME="true">
	<Meta NAME=". at A few This High days institution ga..." DESCRIPTION="" SUBTYPE="" BASE_HREF="EWJ/1858/03/01" SOURCE_TYPE="TIFF" PUBLICATION="EWJ" SECTION="None" ISSUE_DATE="01/03/1858" WORDCNT="566" RELEASE_NO="041-EWJ-1858-03-01-001-SINGLE" PAGE_ID="" PAGE_TYPE="Single" PAGE_WIDTH="842" PAGE_HEIGHT="1244" DEFAULT_IMG_EXT="png" PDF_DESTINATION_MAPPED="OLV0_Entity_0023_0001" IMAGES_RESOLUTION="86" XMD_VER="2.6.238.8" PAGE_LABEL="23"/>
	<Link SOURCE="041-EWJ-1858-03-01-001-SINGLE.PDF" FIRST_ID="Ar00200" LAST_ID="Ar07201" NEXT_ID="Ar02301" PREV_ID="" TOC_ID="d:/Olive/Repository/EWJ/1858/03/01/TOC.xml"/>
	<DataFiles>
		<Files TYPE="DOC_PDF" PRESENT="1"/>
		<Files TYPE="PAGE_PDF" PRESENT="0"/>
		<Files TYPE="DOC_IMG" PRESENT="0"/>
		<Files TYPE="PAGE_IMG" PRESENT="0"/>
		<Files TYPE="PAGE_VIEW_IMG" PRESENT="1"/>
		<Files TYPE="PAGE_PREVIEW_IMG" PRESENT="1"/>
		<Files TYPE="PRIMITIVE_IMG" PRESENT="1"/>
		<Files TYPE="SNIPPET_IMG" PRESENT="1"/>
	</DataFiles>
	<Content>
		<Primitive BOX="24 83 829 141" ID="Ar0230000" SEQ_NO="0" TOC_ENTRY_ID="18" DEPTH_LEVEL="1">
			<L BOX="56 89 759 118"/>
			<W BOX="56 92 151 118" STYLE_REF="9">infirmary</W>
			<W BOX="160 92 199 118" STYLE_REF="9">was</W>
			<W BOX="206 92 229 118" STYLE_REF="9">an</W>
			<W BOX="238 92 296 118" STYLE_REF="9">object</W>
			<W BOX="311 92 328 118" STYLE_REF="9">of</W>
			<W BOX="341 91 420 118" STYLE_REF="9">especial</W>
			<W BOX="429 90 470 117" STYLE_REF="9">care</W>
			<W BOX="480 90 500 117" STYLE_REF="9">to</W>
			<W BOX="508 90 540 117" STYLE_REF="9">the</W>
			<W BOX="549 89 654 116" STYLE_REF="9" NS="y">Sisterhood</W>
			<W BOX="654 89 660 116" STYLE_REF="9">.</W>
			<W BOX="685 89 759 116" STYLE_REF="9">Several</W>
			<L BOX="56 112 760 141"/>
			<W BOX="56 115 75 141" STYLE_REF="9">of</W>
			<W BOX="89 115 123 141" STYLE_REF="9">the</W>
			<W BOX="134 115 229 141" STYLE_REF="9">penitents</W>
			<W BOX="243 115 332 141" STYLE_REF="9">appeared</W>
			<W BOX="348 114 415 141" STYLE_REF="9">serious</W>
			<Q BOX="433 114 464 141" STYLE_REF="9" QID="1">inv</Q>
			<q BOX="466 114 513 141" STYLE_REF="9" NS="y" QID="1">alids</q>
			<QW QID="1">invalids</QW>
			<W BOX="513 114 519 141" STYLE_REF="9">.</W>
			<W BOX="544 112 591 139" STYLE_REF="9">Two</W>
			<W BOX="606 112 626 139" STYLE_REF="9">or</W>
			<Q BOX="641 112 684 139" STYLE_REF="9" QID="2">thre</Q>
			<q BOX="684 112 694 139" STYLE_REF="9" QID="2">e</q>
			<QW QID="2">three</QW>
			<W BOX="710 112 760 139" STYLE_REF="9">were</W>
		</Primitive>
		<Primitive BOX="24 136 829 188" ID="Ar0230001" SEQ_NO="1" TOC_ENTRY_ID="18" DEPTH_LEVEL="1">
			<L BOX="56 136 759 165"/>
			<W BOX="56 139 147 165" STYLE_REF="9">supposed</W>
			<W BOX="162 139 182 165" STYLE_REF="9">to</W>
			<W BOX="194 139 217 165" STYLE_REF="9">be</W>
			<W BOX="233 138 254 165" STYLE_REF="9">in</W>
			<W BOX="267 138 405 165" STYLE_REF="9" NS="y">consumptions</W>
			<W BOX="405 138 411 165" STYLE_REF="9">.</W>
			<W BOX="442 137 501 164" STYLE_REF="9">These</W>
			<W BOX="517 137 562 164" STYLE_REF="9">poor</W>
			<Q BOX="579 137 593 164" STYLE_REF="9" QID="3">g</Q>
			<q BOX="593 136 625 162" STYLE_REF="9" QID="3">irls</q>
			<QW QID="3">girls</QW>
			<W BOX="639 136 711 162" STYLE_REF="9">excited</W>
			<W BOX="727 136 759 162" STYLE_REF="9">the</W>
			<L BOX="56 159 761 188"/>
			<W BOX="56 162 130 188" STYLE_REF="9">deepest</W>
			<Q BOX="144 161 228 188" STYLE_REF="9" QID="4">sympath</Q>
			<q BOX="230 161 244 188" STYLE_REF="9" NS="y" QID="4">y</q>
			<QW QID="4">sympathy</QW>
			<W BOX="244 161 251 188" STYLE_REF="9">.</W>
			<W BOX="274 161 328 188" STYLE_REF="9">They</W>
			<W BOX="336 161 386 188" STYLE_REF="9">were</W>
			<W BOX="398 160 466 187" STYLE_REF="9">carried</W>
			<W BOX="481 160 501 187" STYLE_REF="9">in</W>
			<W BOX="514 160 547 187" STYLE_REF="9">the</W>
			<W BOX="559 159 607 186" STYLE_REF="9">arms</W>
			<W BOX="621 159 637 186" STYLE_REF="9">of</W>
			<W BOX="651 159 701 186" STYLE_REF="9">their</W>
			<Q BOX="712 159 753 186" STYLE_REF="9" QID="5">com</Q>
			<Q BOX="753 159 761 186" STYLE_REF="9" QID="5">-</Q>
		</Primitive>
		<Primitive BOX="24 182 829 234" ID="Ar0230002" SEQ_NO="2" TOC_ENTRY_ID="18" DEPTH_LEVEL="1">
			<L BOX="56 182 761 211"/>
			<q BOX="56 184 136 211" STYLE_REF="9" QID="5">panions</q>
			<QW QID="5">companions</QW>
			<W BOX="142 184 168 211" STYLE_REF="9">up</W>
			<W BOX="176 184 213 211" STYLE_REF="9">and</W>
			<W BOX="222 184 277 211" STYLE_REF="9">down</W>
			<W BOX="283 184 337 211" STYLE_REF="9">stairs</W>
			<W BOX="343 184 348 211" STYLE_REF="9">;</W>
			<W BOX="361 184 399 211" STYLE_REF="9">sate</W>
			<W BOX="408 184 428 211" STYLE_REF="9">or</W>
			<W BOX="435 184 516 211" STYLE_REF="9">reclined</W>
			<W BOX="525 183 612 209" STYLE_REF="9">wrapped</W>
			<W BOX="624 183 649 209" STYLE_REF="9">up</W>
			<W BOX="661 182 682 209" STYLE_REF="9">in</W>
			<Q BOX="692 182 750 209" STYLE_REF="9" QID="6">shawl</Q>
			<q BOX="750 182 761 209" STYLE_REF="9" QID="6">s</q>
			<QW QID="6">shawls</QW>
			<L BOX="56 205 759 234"/>
			<W BOX="56 208 77 234" STYLE_REF="9">in</W>
			<W BOX="89 208 121 234" STYLE_REF="9">the</W>
			<W BOX="134 208 230 234" STYLE_REF="9" NS="y">infirmary</W>
			<W BOX="230 208 236 234" STYLE_REF="9">,</W>
			<W BOX="246 208 266 234" STYLE_REF="9">or</W>
			<W BOX="274 208 324 234" STYLE_REF="9">were</W>
			<W BOX="335 207 417 234" STYLE_REF="9">propped</W>
			<W BOX="426 207 473 234" STYLE_REF="9">with</W>
			<Q BOX="484 208 498 234" STYLE_REF="9" QID="7">p</Q>
			<q BOX="498 206 560 232" STYLE_REF="9" QID="7">illows</q>
			<QW QID="7">pillows</QW>
			<W BOX="572 206 622 232" STYLE_REF="9">upon</W>
			<W BOX="634 206 666 232" STYLE_REF="9">the</W>
			<W BOX="678 206 725 232" STYLE_REF="9">seats</W>
			<W BOX="738 205 759 232" STYLE_REF="9">in</W>
		</Primitive>
		<Primitive BOX="24 228 829 282" ID="Ar0230003" SEQ_NO="3" TOC_ENTRY_ID="18" DEPTH_LEVEL="1">
			<L BOX="55 228 759 258"/>
			<W BOX="55 231 88 258" STYLE_REF="9">the</W>
			<Q BOX="101 231 145 258" STYLE_REF="9" QID="8">gard</Q>
			<q BOX="146 231 169 258" STYLE_REF="9" QID="8">en</q>
			<QW QID="8">garden</QW>
			<W BOX="180 231 237 258" STYLE_REF="9">when</W>
			<W BOX="247 231 303 258" STYLE_REF="9">taken</W>
			<W BOX="315 230 346 257" STYLE_REF="9">out</W>
			<W BOX="360 230 387 257" STYLE_REF="9">for</W>
			<W BOX="398 230 447 257" STYLE_REF="9">fresh</W>
			<W BOX="460 230 488 257" STYLE_REF="9" NS="y">air</W>
			<W BOX="489 230 493 257" STYLE_REF="9">.</W>
			<W BOX="519 229 579 256" STYLE_REF="9">There</W>
			<W BOX="591 229 683 256" STYLE_REF="9">reclining</W>
			<W BOX="695 228 715 255" STYLE_REF="9">in</W>
			<W BOX="726 228 759 255" STYLE_REF="9">the</W>
			<L BOX="56 252 760 281"/>
			<Q BOX="56 255 146 281" STYLE_REF="9" QID="9">sunshine</Q>
			<q BOX="163 254 196 281" STYLE_REF="9" QID="9">the</q>
			<QW QID="9">sunshinethe</QW>
			<W BOX="210 254 262 281" STYLE_REF="9">other</W>
			<Q BOX="275 254 288 281" STYLE_REF="9" QID="10">g</Q>
			<q BOX="288 254 322 280" STYLE_REF="9" QID="10">irls</q>
			<QW QID="10">girls</QW>
			<Q BOX="335 254 366 280" STYLE_REF="9" QID="11">cro</Q>
			<q BOX="368 254 420 280" STYLE_REF="9" QID="11">wded</q>
			<QW QID="11">crowded</QW>
			<Q BOX="433 254 478 280" STYLE_REF="9" QID="12">roun</Q>
			<q BOX="480 254 491 280" STYLE_REF="9" QID="12">d</q>
			<QW QID="12">round</QW>
			<W BOX="508 252 559 279" STYLE_REF="9">them</W>
			<Q BOX="572 252 598 279" STYLE_REF="9" QID="13">wi</Q>
			<q BOX="598 252 619 279" STYLE_REF="9" QID="13">th</q>
			<QW QID="13">with</QW>
			<W BOX="634 252 700 279" STYLE_REF="9">tender</W>
			<Q BOX="716 252 751 278" STYLE_REF="9" QID="14">soli</Q>
			<Q BOX="751 252 760 278" STYLE_REF="9" LH="y" QID="14">-</Q>
		</Primitive>
		<Primitive BOX="24 275 829 328" ID="Ar0230004" SEQ_NO="4" TOC_ENTRY_ID="18" DEPTH_LEVEL="1">
			<L BOX="145 255 150 282"/>
			<q BOX="145 255 150 282" STYLE_REF="9" QID="14">,</q>
			<QW QID="14">soli-,</QW>
			<L BOX="55 275 759 306"/>
			<W BOX="55 279 119 306" STYLE_REF="9" NS="y">citude</W>
			<W BOX="119 278 124 305" STYLE_REF="9">,</W>
			<W BOX="132 278 241 304" STYLE_REF="9">presenting</W>
			<W BOX="253 277 305 304" STYLE_REF="9">them</W>
			<W BOX="317 277 364 304" STYLE_REF="9">with</W>
			<W BOX="375 277 423 304" STYLE_REF="9">little</W>
			<W BOX="432 276 526 303" STYLE_REF="9" M="5 * ">_bouqiiets</W>
			<W BOX="530 276 548 302" STYLE_REF="9">of</W>
			<W BOX="561 276 632 302" STYLE_REF="9" NS="y">flowers</W>
			<W BOX="634 276 640 302" STYLE_REF="9">,</W>
			<W BOX="651 275 672 302" STYLE_REF="9">or</W>
			<W BOX="685 275 759 302" STYLE_REF="9">casting</W>
			<L BOX="56 299 757 328"/>
			<W BOX="56 301 201 328" STYLE_REF="9">compassionate</W>
			<W BOX="209 301 261 328" STYLE_REF="9">looks</W>
			<W BOX="269 301 320 328" STYLE_REF="9">upon</W>
			<W BOX="327 301 380 328" STYLE_REF="9" NS="y">them</W>
			<W BOX="380 301 386 328" STYLE_REF="9">.</W>
			<W BOX="409 300 462 326" STYLE_REF="9">They</W>
			<W BOX="470 300 518 326" STYLE_REF="9">were</W>
			<W BOX="527 300 566 326" STYLE_REF="9">also</W>
			<Q BOX="574 299 664 326" STYLE_REF="9" QID="15">frequentl</Q>
			<q BOX="667 300 680 326" STYLE_REF="9" QID="15">y</q>
			<QW QID="15">frequently</QW>
			<W BOX="688 299 757 325" STYLE_REF="9">prayed</W>
		</Primitive>
		<Primitive BOX="24 324 829 375" ID="Ar0230005" SEQ_NO="5" TOC_ENTRY_ID="18" DEPTH_LEVEL="1">
			<L BOX="54 324 232 352"/>
			<W BOX="54 325 82 352" STYLE_REF="9">for</W>
			<W BOX="90 325 111 352" STYLE_REF="9">in</W>
			<W BOX="118 325 151 352" STYLE_REF="9">the</W>
			<W BOX="159 324 225 351" STYLE_REF="9" NS="y">chapel</W>
			<W BOX="225 324 232 351" STYLE_REF="9">.</W>
			<L BOX="80 345 757 375"/>
			<W BOX="80 348 119 375" STYLE_REF="9">The</W>
			<W BOX="129 348 207 375" STYLE_REF="9">Warden</W>
			<Q BOX="221 347 248 374" STYLE_REF="9" QID="16">sai</Q>
			<q BOX="249 347 261 374" STYLE_REF="9" NS="y" QID="16">d</q>
			<QW QID="16">said</QW>
			<W BOX="262 348 267 374" STYLE_REF="9">,</W>
			<W BOX="280 349 290 375" STYLE_REF="9">"</W>
			<Q BOX="297 347 369 374" STYLE_REF="9" QID="17">Perhap</Q>
			<q BOX="370 347 379 374" STYLE_REF="9" QID="17">s</q>
			<QW QID="17">Perhaps</QW>
			<W BOX="387 347 398 374" STYLE_REF="9">I</W>
			<Q BOX="406 347 432 374" STYLE_REF="9" QID="18">mi</Q>
			<Q BOX="432 347 445 374" STYLE_REF="9" QID="18">g</Q>
			<q BOX="444 346 464 373" STYLE_REF="9" QID="18">ht</q>
			<QW QID="18">might</QW>
			<W BOX="478 346 502 373" STYLE_REF="9">be</W>
			<W BOX="515 345 595 372" STYLE_REF="9">inclined</W>
			<W BOX="612 345 630 372" STYLE_REF="9">to</W>
			<W BOX="643 345 706 372" STYLE_REF="9">accuse</W>
			<W BOX="717 345 757 372" STYLE_REF="9">him</W>
		</Primitive>
		<Primitive BOX="24 368 829 421" ID="Ar0230006" SEQ_NO="6" TOC_ENTRY_ID="18" DEPTH_LEVEL="1">
			<L BOX="55 368 756 398"/>
			<W BOX="55 371 73 398" STYLE_REF="9">of</W>
			<W BOX="86 371 175 398" STYLE_REF="9" NS="y">hardness</W>
			<W BOX="175 371 181 398" STYLE_REF="9">,</W>
			<W BOX="195 371 231 397" STYLE_REF="9">and</W>
			<W BOX="245 371 296 397" STYLE_REF="9">want</W>
			<W BOX="308 371 326 397" STYLE_REF="9">of</W>
			<W BOX="341 370 425 397" STYLE_REF="9">common</W>
			<Q BOX="442 369 525 396" STYLE_REF="9" QID="19">sympath</Q>
			<q BOX="527 369 541 396" STYLE_REF="9" NS="y" QID="19">y</q>
			<QW QID="19">sympathy</QW>
			<W BOX="541 369 547 396" STYLE_REF="9">,</W>
			<W BOX="560 368 595 395" STYLE_REF="9">but</W>
			<W BOX="611 368 631 395" STYLE_REF="9">in</W>
			<W BOX="644 368 691 395" STYLE_REF="9">very</W>
			<W BOX="705 368 756 395" STYLE_REF="9">truth</W>
			<L BOX="54 392 757 421"/>
			<W BOX="54 394 79 421" STYLE_REF="9">he</W>
			<W BOX="88 394 138 421" STYLE_REF="9">must</W>
			<W BOX="150 394 221 421" STYLE_REF="9">confess</W>
			<W BOX="230 394 271 420" STYLE_REF="9">that</W>
			<W BOX="281 394 319 420" STYLE_REF="9">this</W>
			<W BOX="332 394 380 420" STYLE_REF="9">state</W>
			<W BOX="391 393 409 420" STYLE_REF="9">of</W>
			<W BOX="419 392 482 419" STYLE_REF="9">things</W>
			<W BOX="493 392 536 419" STYLE_REF="9">soon</W>
			<W BOX="549 392 644 418" STYLE_REF="9">disgusted</W>
			<W BOX="654 392 693 418" STYLE_REF="9" NS="y">him</W>
			<W BOX="699 392 703 418" STYLE_REF="9">;</W>
			<W BOX="716 392 757 418" STYLE_REF="9">that</W>
		</Primitive>
		<Primitive BOX="24 415 829 468" ID="Ar0230007" SEQ_NO="7" TOC_ENTRY_ID="18" DEPTH_LEVEL="1">
			<L BOX="55 415 758 445"/>
			<W BOX="55 419 80 445" STYLE_REF="9" NS="y">he</W>
			<W BOX="81 419 86 445" STYLE_REF="9">,</W>
			<W BOX="99 418 143 444" STYLE_REF="9">after</W>
			<W BOX="159 418 209 444" STYLE_REF="9">close</W>
			<W BOX="224 417 339 444" STYLE_REF="9" NS="y">observation</W>
			<W BOX="342 417 347 444" STYLE_REF="9">,</W>
			<W BOX="362 416 407 443" STYLE_REF="9">soon</W>
			<W BOX="420 416 473 443" STYLE_REF="9">made</W>
			<W BOX="485 416 511 443" STYLE_REF="9">up</W>
			<W BOX="523 415 553 442" STYLE_REF="9">his</W>
			<W BOX="567 415 620 442" STYLE_REF="9">mind</W>
			<W BOX="631 415 672 442" STYLE_REF="9">that</W>
			<W BOX="684 415 716 442" STYLE_REF="9">the</W>
			<Q BOX="729 415 749 442" STYLE_REF="9" QID="20">in</Q>
			<Q BOX="749 415 758 442" STYLE_REF="9" QID="20">-</Q>
			<L BOX="54 438 757 468"/>
			<q BOX="54 441 130 468" STYLE_REF="9" QID="20">firmary</q>
			<QW QID="20">infirmary</QW>
			<W BOX="144 441 183 468" STYLE_REF="9">was</W>
			<W BOX="201 441 211 468" STYLE_REF="9">a</W>
			<W BOX="230 441 310 467" STYLE_REF="9" NS="y">mistake</W>
			<W BOX="310 441 319 467" STYLE_REF="9" NS="y">.</W>
			<W BOX="317 439 326 466" STYLE_REF="9">"</W>
			<W BOX="360 439 420 466" STYLE_REF="9">When</W>
			<W BOX="440 439 469 466" STYLE_REF="9">his</W>
			<Q BOX="489 439 502 466" STYLE_REF="9" QID="21">p</Q>
			<q BOX="502 438 542 465" STYLE_REF="9" QID="21">lans</q>
			<QW QID="21">plans</QW>
			<W BOX="559 438 609 465" STYLE_REF="9">were</W>
			<W BOX="628 438 711 465" STYLE_REF="9" NS="y">matured</W>
			<W BOX="712 438 717 465" STYLE_REF="9">,</W>
			<W BOX="732 438 757 465" STYLE_REF="9">he</W>
		</Primitive>
		<Primitive BOX="24 461 829 515" ID="Ar0230008" SEQ_NO="8" TOC_ENTRY_ID="18" DEPTH_LEVEL="1">
			<L BOX="54 461 757 491"/>
			<W BOX="54 464 164 491" STYLE_REF="9">announced</W>
			<W BOX="175 464 210 491" STYLE_REF="9">the</W>
			<W BOX="223 464 335 491" STYLE_REF="9">astounding</W>
			<Q BOX="349 463 410 490" STYLE_REF="9" QID="22">intelli</Q>
			<q BOX="411 462 467 489" STYLE_REF="9" QID="22">gence</q>
			<QW QID="22">intelligence</QW>
			<W BOX="482 462 523 489" STYLE_REF="9">that</W>
			<W BOX="537 462 570 488" STYLE_REF="9">the</W>
			<W BOX="583 462 660 488" STYLE_REF="9">surgery</W>
			<W BOX="674 461 709 488" STYLE_REF="9">and</W>
			<W BOX="724 461 757 488" STYLE_REF="9">the</W>
			<L BOX="52 485 756 515"/>
			<W BOX="52 488 146 515" STYLE_REF="9">infirmary</W>
			<W BOX="156 488 219 515" STYLE_REF="9">would</W>
			<W BOX="231 488 255 515" STYLE_REF="9">be</W>
			<W BOX="268 487 316 514" STYLE_REF="9">done</W>
			<W BOX="329 487 383 513" STYLE_REF="9">away</W>
			<W BOX="390 485 438 512" STYLE_REF="9" NS="y">with</W>
			<W BOX="438 485 442 512" STYLE_REF="9">.</W>
			<W BOX="467 485 507 512" STYLE_REF="9">The</W>
			<W BOX="519 485 603 512" STYLE_REF="9">invalids</W>
			<W BOX="610 485 673 512" STYLE_REF="9">would</W>
			<W BOX="683 485 706 512" STYLE_REF="9">be</W>
			<W BOX="714 485 756 512" STYLE_REF="9">sent</W>
		</Primitive>
		<Primitive BOX="24 508 829 563" ID="Ar0230009" SEQ_NO="9" TOC_ENTRY_ID="18" DEPTH_LEVEL="1">
			<L BOX="53 508 757 538"/>
			<W BOX="53 511 73 538" STYLE_REF="9">to</W>
			<W BOX="86 511 96 538" STYLE_REF="9">a</W>
			<Q BOX="110 512 157 538" STYLE_REF="9" QID="23">hosp</Q>
			<q BOX="157 511 192 538" STYLE_REF="9" NS="y" QID="23">ital</q>
			<QW QID="23">hospital</QW>
			<W BOX="193 511 198 538" STYLE_REF="9">.</W>
			<W BOX="224 511 269 538" STYLE_REF="9">This</W>
			<W BOX="283 510 424 536" STYLE_REF="9">establishment</W>
			<W BOX="434 509 473 536" STYLE_REF="9">was</W>
			<W BOX="484 509 495 536" STYLE_REF="9">a</W>
			<W BOX="508 508 634 535" STYLE_REF="9" NS="y">penitentiary</W>
			<W BOX="634 508 641 535" STYLE_REF="9">,</W>
			<W BOX="651 508 683 535" STYLE_REF="9">not</W>
			<W BOX="694 508 705 535" STYLE_REF="9">a</W>
			<Q BOX="714 508 749 535" STYLE_REF="9" QID="24">hos</Q>
			<Q BOX="749 508 757 535" STYLE_REF="9" QID="24">-</Q>
			<L BOX="54 531 758 563"/>
			<Q BOX="54 536 68 563" STYLE_REF="9" QID="24">p</Q>
			<q BOX="68 535 100 562" STYLE_REF="9" QID="24">ital</q>
			<QW QID="24">hospital</QW>
			<W BOX="109 535 114 562" STYLE_REF="9">;</W>
			<W BOX="126 534 141 561" STYLE_REF="9">it</W>
			<W BOX="155 534 206 561" STYLE_REF="9">must</W>
			<W BOX="219 534 243 561" STYLE_REF="9">be</W>
			<W BOX="257 534 302 561" STYLE_REF="9">used</W>
			<W BOX="317 534 344 561" STYLE_REF="9">for</W>
			<W BOX="358 534 384 560" STYLE_REF="9">its</W>
			<Q BOX="400 534 431 560" STYLE_REF="9" QID="25">leg</Q>
			<Q BOX="430 532 491 559" STYLE_REF="9" QID="25">itimat</Q>
			<q BOX="491 532 502 559" STYLE_REF="9" QID="25">e</q>
			<QW QID="25">legitimate</QW>
			<Q BOX="515 532 528 559" STYLE_REF="9" QID="26">p</Q>
			<q BOX="528 532 596 559" STYLE_REF="9" NS="y" QID="26" M="1 * ">iirpose</q>
			<QW QID="26">_piirpose</QW>
			<W BOX="597 532 601 559" STYLE_REF="9">.</W>
			<W BOX="630 532 661 559" STYLE_REF="9">He</W>
			<W BOX="675 532 710 559" STYLE_REF="9">and</W>
			<W BOX="725 531 758 558" STYLE_REF="9">the</W>
		</Primitive>
		<Primitive BOX="24 555 829 608" ID="Ar0230010" SEQ_NO="10" TOC_ENTRY_ID="18" DEPTH_LEVEL="1">
			<L BOX="55 555 756 585"/>
			<W BOX="55 558 120 585" STYLE_REF="9">Sisters</W>
			<W BOX="134 558 170 585" STYLE_REF="9">had</W>
			<W BOX="185 558 205 585" STYLE_REF="9">to</W>
			<W BOX="221 558 265 584" STYLE_REF="9">cure</W>
			<W BOX="280 558 362 584" STYLE_REF="9">diseased</W>
			<W BOX="380 557 441 583" STYLE_REF="9" NS="y">minds</W>
			<W BOX="442 557 447 583" STYLE_REF="9">,</W>
			<W BOX="463 556 495 582" STYLE_REF="9">not</W>
			<W BOX="512 556 595 582" STYLE_REF="9">diseased</W>
			<W BOX="612 556 675 582" STYLE_REF="9" NS="y">bodies</W>
			<W BOX="675 556 681 582" STYLE_REF="9">.</W>
			<W BOX="711 555 756 582" STYLE_REF="9">This</W>
			<L BOX="53 579 758 608"/>
			<W BOX="53 582 200 608" STYLE_REF="9">announcement</W>
			<W BOX="214 582 232 608" STYLE_REF="9">at</W>
			<W BOX="246 582 285 608" STYLE_REF="9">first</W>
			<W BOX="301 581 339 607" STYLE_REF="9">was</W>
			<Q BOX="351 580 409 607" STYLE_REF="9" QID="27">hardl</Q>
			<q BOX="406 580 419 607" STYLE_REF="9" QID="27">y</q>
			<QW QID="27">hardly</QW>
			<W BOX="428 579 511 606" STYLE_REF="9" NS="y">credited</W>
			<W BOX="513 579 518 606" STYLE_REF="9">,</W>
			<W BOX="532 579 548 606" STYLE_REF="9">it</W>
			<W BOX="561 579 651 606" STYLE_REF="9">appeared</W>
			<W BOX="666 579 685 606" STYLE_REF="9">so</W>
			<W BOX="699 579 749 606" STYLE_REF="9" NS="y">cruel</W>
			<W BOX="751 579 758 605" STYLE_REF="9">,</W>
		</Primitive>
		<Primitive BOX="24 602 829 656" ID="Ar0230011" SEQ_NO="11" TOC_ENTRY_ID="18" DEPTH_LEVEL="1">
			<L BOX="53 602 756 632"/>
			<W BOX="53 606 73 632" STYLE_REF="9">so</W>
			<W BOX="81 606 186 632" STYLE_REF="9">monstrous</W>
			<W BOX="198 605 218 632" STYLE_REF="9">in</W>
			<W BOX="232 605 257 631" STYLE_REF="9">its</W>
			<W BOX="268 605 319 631" STYLE_REF="9">want</W>
			<W BOX="329 605 347 631" STYLE_REF="9">of</W>
			<Q BOX="361 604 446 631" STYLE_REF="9" QID="28">sympath</Q>
			<q BOX="447 604 460 631" STYLE_REF="9" NS="y" QID="28">y</q>
			<QW QID="28">sympathy</QW>
			<W BOX="460 604 466 631" STYLE_REF="9">.</W>
			<W BOX="491 602 530 629" STYLE_REF="9">The</W>
			<W BOX="541 602 607 629" STYLE_REF="9">tender</W>
			<W BOX="618 602 680 629" STYLE_REF="9">hearts</W>
			<W BOX="693 602 710 629" STYLE_REF="9">of</W>
			<W BOX="724 602 756 629" STYLE_REF="9">the</W>
			<L BOX="53 625 755 656"/>
			<W BOX="53 629 120 656" STYLE_REF="9">Sisters</W>
			<W BOX="128 629 177 656" STYLE_REF="9">were</W>
			<Q BOX="185 628 243 655" STYLE_REF="9" QID="29">greatl</Q>
			<q BOX="244 629 258 656" STYLE_REF="9" QID="29">y</q>
			<QW QID="29">greatly</QW>
			<W BOX="266 628 366 655" STYLE_REF="9" NS="y">distressed</W>
			<W BOX="372 628 377 655" STYLE_REF="9">;</W>
			<W BOX="391 627 425 653" STYLE_REF="9" NS="y">but</W>
			<W BOX="426 627 431 654" STYLE_REF="9">,</W>
			<W BOX="439 626 459 653" STYLE_REF="9">as</W>
			<W BOX="466 626 499 653" STYLE_REF="9">the</W>
			<W BOX="508 626 605 653" STYLE_REF="9">authority</W>
			<W BOX="612 626 629 653" STYLE_REF="9">of</W>
			<W BOX="636 626 670 653" STYLE_REF="9">the</W>
			<W BOX="677 625 755 652" STYLE_REF="9">Warden</W>
		</Primitive>
		<Primitive BOX="24 649 829 702" ID="Ar0230012" SEQ_NO="12" TOC_ENTRY_ID="18" DEPTH_LEVEL="1">
			<L BOX="53 649 756 679"/>
			<W BOX="53 653 70 679" STYLE_REF="9">is</W>
			<W BOX="83 653 165 679" STYLE_REF="9" NS="y">supreme</W>
			<W BOX="167 652 172 679" STYLE_REF="9">,</W>
			<W BOX="186 652 216 678" STYLE_REF="9">his</W>
			<W BOX="230 652 271 678" STYLE_REF="9">will</W>
			<W BOX="283 652 322 678" STYLE_REF="9">was</W>
			<W BOX="335 650 433 677" STYLE_REF="9">forthwith</W>
			<W BOX="447 649 515 676" STYLE_REF="9">carried</W>
			<W BOX="531 649 563 676" STYLE_REF="9" NS="y">out</W>
			<W BOX="565 649 569 676" STYLE_REF="9">.</W>
			<W BOX="595 649 618 676" STYLE_REF="9">Of</W>
			<W BOX="630 649 663 676" STYLE_REF="9">the</W>
			<W BOX="675 649 756 676" STYLE_REF="9">invalids</W>
			<L BOX="53 672 757 702"/>
			<W BOX="53 676 105 702" STYLE_REF="9">three</W>
			<W BOX="118 676 166 702" STYLE_REF="9">were</W>
			<Q BOX="179 675 253 702" STYLE_REF="9" QID="30">carefull</Q>
			<q BOX="256 676 270 702" STYLE_REF="9" QID="30">y</q>
			<QW QID="30">carefully</QW>
			<W BOX="283 674 371 700" STYLE_REF="9">removed</W>
			<W BOX="386 674 406 700" STYLE_REF="9">to</W>
			<W BOX="419 674 429 700" STYLE_REF="9">a</W>
			<Q BOX="443 673 489 700" STYLE_REF="9" QID="31">hosp</Q>
			<q BOX="490 672 522 699" STYLE_REF="9" QID="31">ital</q>
			<QW QID="31">hospital</QW>
			<W BOX="537 672 602 699" STYLE_REF="9">where</W>
			<W BOX="617 672 641 699" STYLE_REF="9">all</W>
			<W BOX="655 672 693 699" STYLE_REF="9">was</W>
			<Q BOX="708 672 749 699" STYLE_REF="9" QID="32">com</Q>
			<Q BOX="749 672 757 699" STYLE_REF="9" QID="32">-</Q>
		</Primitive>
		<Primitive BOX="24 696 829 749" ID="Ar0230013" SEQ_NO="13" TOC_ENTRY_ID="18" DEPTH_LEVEL="1">
			<L BOX="53 696 757 726"/>
			<Q BOX="53 699 120 726" STYLE_REF="9" QID="32">fortabl</Q>
			<q BOX="120 700 134 726" STYLE_REF="9" QID="32">y</q>
			<QW QID="32">comfortably</QW>
			<W BOX="146 698 237 725" STYLE_REF="9">prepared</W>
			<W BOX="249 698 276 724" STYLE_REF="9">for</W>
			<W BOX="289 698 341 724" STYLE_REF="9" NS="y">them</W>
			<W BOX="342 698 346 724" STYLE_REF="9">,</W>
			<W BOX="361 696 397 723" STYLE_REF="9">and</W>
			<W BOX="411 696 443 723" STYLE_REF="9">the</W>
			<W BOX="455 696 549 722" STYLE_REF="9">infirmary</W>
			<W BOX="562 696 601 722" STYLE_REF="9">was</W>
			<W BOX="613 696 680 722" STYLE_REF="9">turned</W>
			<W BOX="693 696 732 722" STYLE_REF="9">into</W>
			<W BOX="745 696 757 722" STYLE_REF="9">a</W>
			<L BOX="54 723 164 749"/>
			<Q BOX="54 723 99 749" STYLE_REF="9" QID="33">class</Q>
			<Q BOX="99 723 107 749" STYLE_REF="9" LH="y" QID="33">-</Q>
			<q BOX="107 723 158 749" STYLE_REF="9" NS="y" QID="33">room</q>
			<QW QID="33">class-room</QW>
			<W BOX="158 723 164 749" STYLE_REF="9">.</W>
		</Primitive>
		<Primitive BOX="24 741 829 797" ID="Ar0230014" SEQ_NO="14" TOC_ENTRY_ID="18" DEPTH_LEVEL="1">
			<L BOX="77 741 756 773"/>
			<W BOX="77 746 104 773" STYLE_REF="9">As</W>
			<W BOX="112 746 144 773" STYLE_REF="9">the</W>
			<W BOX="152 745 247 772" STYLE_REF="9">sagacious</W>
			<W BOX="256 745 309 771" STYLE_REF="9">mind</W>
			<W BOX="317 744 335 771" STYLE_REF="9">of</W>
			<W BOX="343 744 377 770" STYLE_REF="9">the</W>
			<W BOX="386 745 396 772" STYLE_REF="9">"</W>
			<W BOX="404 743 554 769" STYLE_REF="9">unsympathetic</W>
			<W BOX="558 741 568 768" STYLE_REF="9">"</W>
			<W BOX="578 742 657 769" STYLE_REF="9">Warden</W>
			<W BOX="665 742 702 769" STYLE_REF="9">had</W>
			<Q BOX="709 742 748 769" STYLE_REF="9" QID="34">fore</Q>
			<Q BOX="748 742 756 769" STYLE_REF="9" QID="34">-</Q>
			<L BOX="53 765 756 797"/>
			<Q BOX="53 770 97 797" STYLE_REF="9" QID="34">seen</Q>
			<q BOX="112 770 144 796" STYLE_REF="9" QID="34">the</q>
			<QW QID="34">foreseenthe</QW>
			<W BOX="156 769 197 795" STYLE_REF="9">sick</W>
			<Q BOX="211 769 224 796" STYLE_REF="9" QID="35">g</Q>
			<Q BOX="223 768 258 795" STYLE_REF="9" QID="35">irls</Q>
			<q BOX="271 768 296 794" STYLE_REF="9" QID="35">no</q>
			<QW QID="35">girlsno</QW>
			<W BOX="305 768 371 794" STYLE_REF="9">longer</W>
			<W BOX="384 766 417 793" STYLE_REF="9">the</W>
			<W BOX="429 766 514 793" STYLE_REF="9">supreme</W>
			<W BOX="525 766 594 792" STYLE_REF="9">objects</W>
			<W BOX="607 765 624 792" STYLE_REF="9">of</W>
			<W BOX="634 765 712 792" STYLE_REF="9">interest</W>
			<W BOX="719 765 756 792" STYLE_REF="9">and</W>
		</Primitive>
		<Primitive BOX="24 789 829 843" ID="Ar0230015" SEQ_NO="15" TOC_ENTRY_ID="18" DEPTH_LEVEL="1">
			<L BOX="52 769 757 820"/>
			<W BOX="52 793 148 820" STYLE_REF="9">solicitude</W>
			<W BOX="98 770 103 797" STYLE_REF="9">,</W>
			<W BOX="162 792 181 819" STYLE_REF="9">in</W>
			<W BOX="194 791 243 818" STYLE_REF="9">their</W>
			<W BOX="256 791 305 818" STYLE_REF="9">little</W>
			<W BOX="257 769 262 795" STYLE_REF="9">,</W>
			<W BOX="319 791 379 817" STYLE_REF="9" NS="y">world</W>
			<W BOX="379 790 384 817" STYLE_REF="9">,</W>
			<W BOX="394 790 452 816" STYLE_REF="9">began</W>
			<W BOX="466 790 486 816" STYLE_REF="9">to</W>
			<W BOX="499 789 574 816" STYLE_REF="9">recover</W>
			<W BOX="585 789 632 816" STYLE_REF="9">with</W>
			<Q BOX="640 789 662 816" STYLE_REF="9" QID="36">as</Q>
			<Q BOX="662 789 741 816" STYLE_REF="9" QID="36">tonishin</Q>
			<q BOX="742 789 757 816" STYLE_REF="9" QID="36">g</q>
			<QW QID="36">astonishing</QW>
			<L BOX="52 812 755 843"/>
			<Q BOX="52 817 85 843" STYLE_REF="9" QID="37">rap</Q>
			<q BOX="86 816 134 843" STYLE_REF="9" NS="y" QID="37">idity</q>
			<QW QID="37">rapidity</QW>
			<W BOX="135 816 140 843" STYLE_REF="9">.</W>
			<W BOX="164 815 202 842" STYLE_REF="9">For</W>
			<W BOX="212 815 249 841" STYLE_REF="9">two</W>
			<W BOX="257 815 289 841" STYLE_REF="9">out</W>
			<W BOX="302 815 320 841" STYLE_REF="9">of</W>
			<W BOX="334 813 367 840" STYLE_REF="9">the</W>
			<W BOX="379 813 433 840" STYLE_REF="9">three</W>
			<W BOX="443 813 494 840" STYLE_REF="9" NS="y">cases</W>
			<W BOX="494 813 499 840" STYLE_REF="9">,</W>
			<W BOX="508 812 518 839" STYLE_REF="9">I</W>
			<W BOX="526 812 599 839" STYLE_REF="9" NS="y">believe</W>
			<W BOX="600 813 605 839" STYLE_REF="9">,</W>
			<W BOX="614 812 624 839" STYLE_REF="9">a</W>
			<Q BOX="632 812 687 839" STYLE_REF="9" QID="38">fortni</Q>
			<Q BOX="689 812 702 839" STYLE_REF="9" QID="38">g</Q>
			<q BOX="701 812 722 838" STYLE_REF="9" QID="38">ht</q>
			<QW QID="38">fortnight</QW>
			<W BOX="735 812 755 838" STYLE_REF="9">at</W>
		</Primitive>
		<Primitive BOX="24 835 829 889" ID="Ar0230016" SEQ_NO="16" TOC_ENTRY_ID="18" DEPTH_LEVEL="1">
			<L BOX="51 835 755 867"/>
			<W BOX="51 840 85 867" STYLE_REF="9">the</W>
			<Q BOX="97 840 144 867" STYLE_REF="9" QID="39">hosp</Q>
			<q BOX="144 839 177 866" STYLE_REF="9" QID="39">ital</q>
			<QW QID="39">hospital</QW>
			<W BOX="190 838 263 865" STYLE_REF="9" NS="y">sufficed</W>
			<W BOX="263 838 268 865" STYLE_REF="9">.</W>
			<W BOX="296 838 336 864" STYLE_REF="9">The</W>
			<W BOX="346 837 399 863" STYLE_REF="9" NS="y">other</W>
			<W BOX="400 837 405 864" STYLE_REF="9">,</W>
			<W BOX="413 836 424 863" STYLE_REF="9">a</W>
			<W BOX="431 836 480 863" STYLE_REF="9">more</W>
			<W BOX="493 836 584 862" STYLE_REF="9">obstinate</W>
			<W BOX="598 836 639 862" STYLE_REF="9" NS="y">case</W>
			<W BOX="639 836 644 863" STYLE_REF="9">,</W>
			<W BOX="652 835 686 862" STYLE_REF="9">but</W>
			<W BOX="697 835 717 862" STYLE_REF="9">in</W>
			<W BOX="730 835 755 862" STYLE_REF="9">no</W>
			<L BOX="52 858 754 889"/>
			<W BOX="52 863 119 889" STYLE_REF="9">degree</W>
			<Q BOX="127 863 197 889" STYLE_REF="9" QID="40">serious</Q>
			<q BOX="213 861 299 888" STYLE_REF="9" QID="40">required</q>
			<QW QID="40">seriousrequired</QW>
			<W BOX="308 861 318 888" STYLE_REF="9">a</W>
			<W BOX="326 860 428 887" STYLE_REF="9">somewhat</W>
			<W BOX="439 860 502 886" STYLE_REF="9">longer</W>
			<W BOX="511 859 585 886" STYLE_REF="9">sojourn</W>
			<W BOX="598 859 618 886" STYLE_REF="9">in</W>
			<W BOX="631 859 663 886" STYLE_REF="9">the</W>
			<Q BOX="674 859 720 885" STYLE_REF="9" QID="41">hosp</Q>
			<q BOX="720 858 754 885" STYLE_REF="9" QID="41">ital</q>
			<QW QID="41">hospital</QW>
		</Primitive>
		<Primitive BOX="24 882 829 937" ID="Ar0230017" SEQ_NO="17" TOC_ENTRY_ID="18" DEPTH_LEVEL="1">
			<L BOX="52 862 755 913"/>
			<W BOX="52 886 103 913" STYLE_REF="9" NS="y">ward</W>
			<W BOX="109 886 114 913" STYLE_REF="9">;</W>
			<W BOX="123 886 156 913" STYLE_REF="9">but</W>
			<W BOX="164 885 197 912" STYLE_REF="9">she</W>
			<W BOX="199 862 203 889" STYLE_REF="9">,</W>
			<W BOX="207 885 245 912" STYLE_REF="9" NS="y">also</W>
			<W BOX="246 885 251 912" STYLE_REF="9">,</W>
			<W BOX="258 884 278 911" STYLE_REF="9">in</W>
			<W BOX="287 884 324 911" STYLE_REF="9">due</W>
			<W BOX="332 884 396 910" STYLE_REF="9" NS="y">course</W>
			<W BOX="397 884 402 910" STYLE_REF="9">,</W>
			<W BOX="409 883 495 910" STYLE_REF="9">returned</W>
			<W BOX="503 883 522 910" STYLE_REF="9">in</W>
			<W BOX="530 882 594 909" STYLE_REF="9">health</W>
			<W BOX="602 882 621 909" STYLE_REF="9">to</W>
			<W BOX="629 882 662 909" STYLE_REF="9">the</W>
			<Q BOX="670 882 747 909" STYLE_REF="9" QID="42">Peniten</Q>
			<Q BOX="747 882 755 909" STYLE_REF="9" QID="42">-</Q>
			<L BOX="52 905 753 937"/>
			<q BOX="52 910 100 937" STYLE_REF="9" NS="y" QID="42">tiary</q>
			<QW QID="42">Penitentiary</QW>
			<W BOX="100 910 107 937" STYLE_REF="9">.</W>
			<W BOX="131 910 176 937" STYLE_REF="9">Two</W>
			<W BOX="184 908 217 935" STYLE_REF="9">out</W>
			<W BOX="229 908 246 935" STYLE_REF="9">of</W>
			<W BOX="260 908 312 934" STYLE_REF="9">these</W>
			<W BOX="320 907 373 934" STYLE_REF="9">three</W>
			<Q BOX="381 907 394 933" STYLE_REF="9" QID="43">g</Q>
			<q BOX="394 906 427 933" STYLE_REF="9" NS="y" QID="43">irls</q>
			<QW QID="43">girls</QW>
			<W BOX="428 907 433 933" STYLE_REF="9">,</W>
			<W BOX="441 906 532 933" STYLE_REF="9">supposed</W>
			<W BOX="541 905 561 932" STYLE_REF="9">to</W>
			<W BOX="569 905 593 932" STYLE_REF="9">be</W>
			<W BOX="601 905 619 932" STYLE_REF="9">at</W>
			<W BOX="627 905 684 932" STYLE_REF="9" NS="y">death</W>
			<W BOX="684 905 688 932" STYLE_REF="9" NS="y">'</W>
			<W BOX="689 905 698 931" STYLE_REF="9">s</W>
			<W BOX="710 905 753 931" STYLE_REF="9">door</W>
		</Primitive>
		<Primitive BOX="24 928 829 983" ID="Ar0230018" SEQ_NO="18" TOC_ENTRY_ID="18" DEPTH_LEVEL="1">
			<L BOX="52 928 754 959"/>
			<W BOX="52 933 89 959" STYLE_REF="9">less</W>
			<W BOX="97 933 142 959" STYLE_REF="9">than</W>
			<W BOX="150 933 188 959" STYLE_REF="9">two</W>
			<W BOX="195 932 250 958" STYLE_REF="9">years</W>
			<W BOX="257 932 291 958" STYLE_REF="9" NS="y">ago</W>
			<W BOX="292 931 297 958" STYLE_REF="9">,</W>
			<Q BOX="304 930 341 957" STYLE_REF="9" QID="44">hav</Q>
			<q BOX="341 930 352 957" STYLE_REF="9" QID="44">e</q>
			<QW QID="44">have</QW>
			<W BOX="360 930 402 957" STYLE_REF="9">now</W>
			<W BOX="407 929 427 956" STYLE_REF="9">in</W>
			<W BOX="434 929 480 956" STYLE_REF="9">good</W>
			<W BOX="489 929 553 956" STYLE_REF="9">health</W>
			<W BOX="561 928 699 955" STYLE_REF="9">recommenced</W>
			<W BOX="705 928 754 955" STYLE_REF="9">their</W>
			<L BOX="51 952 754 983"/>
			<W BOX="51 956 83 983" STYLE_REF="9">life</W>
			<W BOX="92 956 112 983" STYLE_REF="9">in</W>
			<W BOX="120 956 153 983" STYLE_REF="9">the</W>
			<W BOX="161 955 213 982" STYLE_REF="9">outer</W>
			<Q BOX="220 954 228 981" STYLE_REF="9" LH="y" QID="45">-</Q>
			<q BOX="226 954 279 981" STYLE_REF="9" NS="y" QID="45">world</q>
			<QW QID="45">-world</QW>
			<W BOX="279 954 285 981" STYLE_REF="9">.</W>
			<W BOX="311 953 350 980" STYLE_REF="9">One</W>
			<W BOX="359 953 375 980" STYLE_REF="9">is</W>
			<W BOX="384 953 431 980" STYLE_REF="9">gone</W>
			<W BOX="439 953 458 980" STYLE_REF="9">to</W>
			<W BOX="466 952 489 979" STYLE_REF="9">an</W>
			<W BOX="498 952 592 978" STYLE_REF="9">excellent</W>
			<W BOX="600 952 687 978" STYLE_REF="9">situation</W>
			<W BOX="694 952 713 978" STYLE_REF="9">in</W>
			<W BOX="723 952 754 978" STYLE_REF="9">the</W>
		</Primitive>
		<Primitive BOX="24 975 829 1029" ID="Ar0230019" SEQ_NO="19" TOC_ENTRY_ID="18" DEPTH_LEVEL="1">
			<L BOX="51 975 755 1029"/>
			<W BOX="51 1003 122 1029" STYLE_REF="9">having</W>
			<W BOX="51 979 107 1006" STYLE_REF="9">north</W>
			<W BOX="121 979 138 1006" STYLE_REF="9">of</W>
			<W BOX="129 1002 182 1029" STYLE_REF="9">there</W>
			<W BOX="153 979 196 1006" STYLE_REF="9">Eng</W>
			<W BOX="190 1001 297 1028" STYLE_REF="9">comfortabl</W>
			<Q BOX="196 978 227 1005" STYLE_REF="9" QID="46">lan</Q>
			<q BOX="228 978 240 1005" STYLE_REF="9" NS="y" QID="46">d</q>
			<QW QID="46">land</QW>
			<W BOX="242 978 247 1005" STYLE_REF="9">,</W>
			<W BOX="262 977 294 1004" STYLE_REF="9">the</W>
			<W BOX="300 1001 310 1027" STYLE_REF="9">e</W>
			<W BOX="308 977 360 1004" STYLE_REF="9">other</W>
			<W BOX="318 1000 414 1027" STYLE_REF="9">prospects</W>
			<W BOX="373 976 390 1003" STYLE_REF="9">is</W>
			<W BOX="403 976 445 1003" STYLE_REF="9">now</W>
			<W BOX="422 999 502 1026" STYLE_REF="9">opening</W>
			<W BOX="458 976 482 1003" STYLE_REF="9">on</W>
			<W BOX="496 976 530 1003" STYLE_REF="9">her</W>
			<W BOX="510 998 538 1025" STYLE_REF="9">for</W>
			<W BOX="544 975 618 1002" STYLE_REF="9">voyage</W>
			<W BOX="547 998 581 1025" STYLE_REF="9" NS="y">her</W>
			<W BOX="581 998 588 1025" STYLE_REF="9">.</W>
			<W BOX="630 975 650 1002" STYLE_REF="9">to</W>
			<W BOX="664 975 747 1002" STYLE_REF="9" NS="y">America</W>
			<W BOX="748 975 755 1002" STYLE_REF="9">,</W>
		</Primitive>
		<Primitive BOX="24 1021 829 1076" ID="Ar0230020" SEQ_NO="20" TOC_ENTRY_ID="18" DEPTH_LEVEL="1">
			<L BOX="77 1021 754 1052"/>
			<W BOX="77 1025 87 1052" STYLE_REF="9">I</W>
			<W BOX="100 1025 139 1052" STYLE_REF="9">was</W>
			<W BOX="151 1025 230 1051" STYLE_REF="9">anxious</W>
			<W BOX="245 1025 265 1051" STYLE_REF="9">to</W>
			<W BOX="279 1025 329 1051" STYLE_REF="9">learn</W>
			<W BOX="343 1023 394 1050" STYLE_REF="9">what</W>
			<W BOX="404 1023 493 1050" STYLE_REF="9">appeared</W>
			<W BOX="506 1021 525 1048" STYLE_REF="9">to</W>
			<W BOX="538 1021 562 1048" STYLE_REF="9">be</W>
			<W BOX="574 1021 608 1048" STYLE_REF="9">the</W>
			<W BOX="620 1021 678 1048" STYLE_REF="9">result</W>
			<W BOX="691 1021 708 1048" STYLE_REF="9">of</W>
			<W BOX="721 1021 754 1048" STYLE_REF="9">the</W>
			<L BOX="51 1044 754 1076"/>
			<W BOX="51 1049 120 1076" STYLE_REF="9">system</W>
			<W BOX="125 1048 143 1075" STYLE_REF="9">of</W>
			<W BOX="150 1048 234 1075" STYLE_REF="9">training</W>
			<W BOX="242 1048 278 1075" STYLE_REF="9">and</W>
			<Q BOX="287 1047 334 1074" STYLE_REF="9" QID="47">disci</Q>
			<Q BOX="334 1048 348 1075" STYLE_REF="9" QID="47">p</Q>
			<q BOX="347 1046 386 1073" STYLE_REF="9" QID="47">line</q>
			<QW QID="47">discipline</QW>
			<Q BOX="394 1046 461 1073" STYLE_REF="9" QID="48">pursue</Q>
			<q BOX="462 1046 473 1073" STYLE_REF="9" QID="48">d</q>
			<QW QID="48">pursued</QW>
			<W BOX="482 1045 502 1071" STYLE_REF="9">in</W>
			<W BOX="510 1045 548 1071" STYLE_REF="9">this</W>
			<W BOX="557 1044 682 1071" STYLE_REF="9" NS="y">Penitentiary</W>
			<W BOX="682 1044 688 1071" STYLE_REF="9">.</W>
			<W BOX="714 1044 754 1071" STYLE_REF="9">The</W>
		</Primitive>
		<Primitive BOX="24 1068 829 1122" ID="Ar0230021" SEQ_NO="21" TOC_ENTRY_ID="18" DEPTH_LEVEL="1">
			<L BOX="52 1068 755 1099"/>
			<W BOX="52 1072 132 1099" STYLE_REF="9">Warden</W>
			<W BOX="138 1071 233 1097" STYLE_REF="9">reminded</W>
			<W BOX="242 1071 272 1097" STYLE_REF="9">me</W>
			<W BOX="277 1071 319 1097" STYLE_REF="9" NS="y">that</W>
			<W BOX="320 1071 325 1097" STYLE_REF="9">,</W>
			<W BOX="332 1070 352 1096" STYLE_REF="9">as</W>
			<Q BOX="359 1070 372 1096" STYLE_REF="9" QID="49">g</Q>
			<Q BOX="372 1069 395 1095" STYLE_REF="9" QID="49">irl</Q>
			<q BOX="396 1069 405 1095" STYLE_REF="9" QID="49">s</q>
			<QW QID="49">girls</QW>
			<W BOX="411 1069 460 1095" STYLE_REF="9">were</W>
			<W BOX="466 1068 551 1095" STYLE_REF="9">received</W>
			<W BOX="559 1068 598 1094" STYLE_REF="9">into</W>
			<W BOX="604 1068 641 1094" STYLE_REF="9">this</W>
			<W BOX="648 1068 755 1094" STYLE_REF="9">institution</W>
			<L BOX="52 1091 755 1122"/>
			<Q BOX="52 1095 143 1122" STYLE_REF="9" QID="50">nominall</Q>
			<q BOX="141 1095 155 1122" STYLE_REF="9" QID="50">y</q>
			<QW QID="50">nominally</QW>
			<W BOX="162 1094 191 1120" STYLE_REF="9">for</W>
			<W BOX="203 1094 242 1120" STYLE_REF="9">two</W>
			<W BOX="250 1094 305 1120" STYLE_REF="9" NS="y">years</W>
			<W BOX="306 1093 311 1120" STYLE_REF="9">,</W>
			<W BOX="319 1093 355 1119" STYLE_REF="9">and</W>
			<W BOX="364 1093 384 1119" STYLE_REF="9">as</W>
			<W BOX="394 1093 418 1119" STYLE_REF="9">he</W>
			<Q BOX="427 1091 493 1118" STYLE_REF="9" QID="51">himsel</Q>
			<q BOX="493 1091 499 1118" STYLE_REF="9" QID="51">f</q>
			<QW QID="51">himself</QW>
			<W BOX="513 1091 550 1118" STYLE_REF="9">had</W>
			<W BOX="562 1091 595 1118" STYLE_REF="9">not</W>
			<W BOX="608 1091 640 1118" STYLE_REF="9">yet</W>
			<W BOX="652 1091 697 1118" STYLE_REF="9">been</W>
			<Q BOX="705 1091 739 1118" STYLE_REF="9" QID="52">full</Q>
			<q BOX="742 1092 755 1118" STYLE_REF="9" QID="52">y</q>
			<QW QID="52">fully</QW>
		</Primitive>
		<Primitive BOX="24 1114 829 1169" ID="Ar0230022" SEQ_NO="22" TOC_ENTRY_ID="18" DEPTH_LEVEL="1">
			<L BOX="51 1114 755 1145"/>
			<Q BOX="51 1119 73 1145" STYLE_REF="9" QID="53">th</Q>
			<q BOX="74 1119 91 1145" STYLE_REF="9" QID="53">at</q>
			<QW QID="53">that</QW>
			<W BOX="100 1118 146 1145" STYLE_REF="9">term</W>
			<W BOX="155 1118 173 1144" STYLE_REF="9">at</W>
			<W BOX="182 1118 215 1144" STYLE_REF="9">the</W>
			<W BOX="222 1117 270 1143" STYLE_REF="9">head</W>
			<W BOX="283 1117 301 1143" STYLE_REF="9">of</W>
			<W BOX="314 1115 346 1142" STYLE_REF="9">the</W>
			<W BOX="358 1115 497 1142" STYLE_REF="9" NS="y">establishment</W>
			<W BOX="499 1114 504 1141" STYLE_REF="9">,</W>
			<W BOX="512 1114 537 1141" STYLE_REF="9">he</W>
			<W BOX="545 1114 600 1141" STYLE_REF="9">could</W>
			<Q BOX="610 1114 677 1141" STYLE_REF="9" QID="54">scarcel</Q>
			<q BOX="677 1115 690 1142" STYLE_REF="9" QID="54">y</q>
			<QW QID="54">scarcely</QW>
			<W BOX="699 1115 755 1142" STYLE_REF="9">speak</W>
			<L BOX="52 1138 756 1169"/>
			<W BOX="52 1142 69 1169" STYLE_REF="9">of</W>
			<W BOX="79 1142 111 1169" STYLE_REF="9">the</W>
			<W BOX="118 1142 179 1168" STYLE_REF="9">effects</W>
			<W BOX="190 1141 253 1167" STYLE_REF="9">which</W>
			<W BOX="261 1139 322 1166" STYLE_REF="9">would</W>
			<Q BOX="331 1139 355 1165" STYLE_REF="9" QID="55">flo</Q>
			<q BOX="357 1139 373 1165" STYLE_REF="9" QID="55">w</q>
			<QW QID="55">flow</QW>
			<W BOX="382 1139 427 1165" STYLE_REF="9">from</W>
			<W BOX="437 1138 469 1165" STYLE_REF="9">the</W>
			<W BOX="477 1138 552 1165" STYLE_REF="9">present</W>
			<Q BOX="561 1139 574 1165" STYLE_REF="9" QID="56" M="2 * ">sj</Q>
			<Q BOX="578 1139 582 1165" STYLE_REF="9" QID="56" M="1 * ">'</Q>
			<q BOX="582 1139 630 1165" STYLE_REF="9" QID="56">stem</q>
			<QW QID="56">_sj'stem</QW>
			<W BOX="642 1138 659 1165" STYLE_REF="9">of</W>
			<Q BOX="672 1138 748 1165" STYLE_REF="9" QID="57">manage</Q>
			<Q BOX="748 1138 756 1165" STYLE_REF="9" QID="57">-</Q>
		</Primitive>
		<Primitive BOX="24 1169 829 1219" ID="Ar0230023" SEQ_NO="23" TOC_ENTRY_ID="18" DEPTH_LEVEL="1">
			<L BOX="52 1161 755 1192"/>
			<Q BOX="52 1166 83 1192" STYLE_REF="9" QID="57">me</Q>
			<q BOX="82 1166 104 1192" STYLE_REF="9" NS="y" QID="57">nt</q>
			<QW QID="57">management</QW>
			<W BOX="104 1166 111 1192" STYLE_REF="9">.</W>
			<W BOX="134 1166 165 1192" STYLE_REF="9">He</W>
			<W BOX="178 1165 232 1191" STYLE_REF="9" NS="y">could</W>
			<W BOX="235 1165 239 1191" STYLE_REF="9">,</W>
			<W BOX="252 1162 338 1191" STYLE_REF="5" NS="y">however</W>
			<W BOX="339 1163 344 1190" STYLE_REF="9">,</W>
			<W BOX="356 1162 408 1189" STYLE_REF="9">show</W>
			<W BOX="421 1162 450 1189" STYLE_REF="9">me</W>
			<W BOX="460 1162 510 1188" STYLE_REF="9">some</W>
			<W BOX="522 1161 588 1188" STYLE_REF="9">letters</W>
			<W BOX="600 1161 643 1188" STYLE_REF="9">from</W>
			<Q BOX="656 1161 669 1188" STYLE_REF="9" QID="58">g</Q>
			<Q BOX="669 1161 677 1189" STYLE_REF="5" QID="58">i</Q>
			<Q BOX="677 1162 685 1188" STYLE_REF="9" QID="58">r</Q>
			<Q BOX="685 1161 694 1189" STYLE_REF="5" QID="58">l</Q>
			<q BOX="693 1162 702 1188" STYLE_REF="9" QID="58">s</q>
			<QW QID="58">girls</QW>
			<W BOX="713 1161 755 1189" STYLE_REF="5">who</W>
		</Primitive>
	</Content>
	<TOC_Entries><TOC_Entry TOC_ENTRY_ID="49" TITLE=". at A few This High days institution ga..." ENTITY_ID_REF="Ar02300" PAGE_NO="23" PAGE_LABEL="23" PRIM_ID_REF="Ar0230000" IS_IC="true"/></TOC_Entries></XMD-entity>
