<?xml version="1.0" encoding="windows-1252" standalone="no"?>
<XMD-PAGE REPOSITORY_FORMAT="1.0" PRXML_VER="2.0">
	<Meta ISSUE_DATE="01/03/1858" RELEASE_NO="041-EWJ-1858-03-01-001-SINGLE" PAGE_NO="23" NAME="" PAGE_LABEL="23" PAGE_TYPE="Single" PUBLISHER="Olive" PUBLICATION="EWJ" SOURCE_TYPE="TIFF" SOURCE_RESOLUTION="72" IMAGES_RESOLUTION="86" PAGE_THUMBNAIL_RESOLUTION="86" PAGE_PREVIEW_RESOLUTION="15" DEFAULT_IMG_EXT="png" IMG_EXT="png" PREVIEW_IMG_EXT="png" XMD_VER="2.6.238.8" PROFILE_ID="D:\pdfs\EWJ\XMD_EWJ.ini" SECTION="None" PAGE_WIDTH="842" PAGE_HEIGHT="1244" PAGES_NUMBER="72" BASE_HREF="EWJ/1858/03/01" PDF_DESTINATION_MAPPED="OLV0_Page_0023">
		<Resolutions>
			<Resolution DEFAULT="true">86</Resolution>
		</Resolutions>
	</Meta>
	<Link SOURCE="041-EWJ-1858-03-01-001-SINGLE.PDF" NEXT_SECTION="" PREV_SECTION="1"/>
	<DataFiles>
		<Files TYPE="DOC_PDF" PRESENT="1"/>
		<Files TYPE="PAGE_PDF" PRESENT="0"/>
		<Files TYPE="DOC_IMG" PRESENT="0"/>
		<Files TYPE="PAGE_IMG" PRESENT="0"/>
		<Files TYPE="PAGE_VIEW_IMG" PRESENT="1"/>
		<Files TYPE="PAGE_PREVIEW_IMG" PRESENT="1"/>
		<Files TYPE="PRIMITIVE_IMG" PRESENT="1"/>
		<Files TYPE="SNIPPET_IMG" PRESENT="1"/>
	</DataFiles>
	<Entity ENTITY_TYPE="Article" FIRST_TOC_ENTRY_ID="18" INDEX_IN_DOC="40" DEPTH_LEVEL="1" ID="Ar02300" SIZE="XLarge" BOX="24 83 829 1219" NEXT_SECTION="" PREV_SECTION="1" CONTINUATION_TO="Ar02400" CONTINUATION_FROM="Ar02200" FIRST_CHUNK="Ar01303" IMAGES_RESOLUTION="86" LOGICAL_NAME="true">
		<Name>. at A few This High days institution ga...</Name>
		<Primitive ID="Ar0230000" BOX="24 83 829 141" ELEMENT_TYPE="Content" SEQ_NO="0" TOC_ENTRY_ID="18" DEPTH_LEVEL="1"/>
		<Primitive ID="Ar0230001" BOX="24 136 829 188" ELEMENT_TYPE="Content" SEQ_NO="1" TOC_ENTRY_ID="18" DEPTH_LEVEL="1"/>
		<Primitive ID="Ar0230002" BOX="24 182 829 234" ELEMENT_TYPE="Content" SEQ_NO="2" TOC_ENTRY_ID="18" DEPTH_LEVEL="1"/>
		<Primitive ID="Ar0230003" BOX="24 228 829 282" ELEMENT_TYPE="Content" SEQ_NO="3" TOC_ENTRY_ID="18" DEPTH_LEVEL="1"/>
		<Primitive ID="Ar0230004" BOX="24 275 829 328" ELEMENT_TYPE="Content" SEQ_NO="4" TOC_ENTRY_ID="18" DEPTH_LEVEL="1"/>
		<Primitive ID="Ar0230005" BOX="24 324 829 375" ELEMENT_TYPE="Content" SEQ_NO="5" TOC_ENTRY_ID="18" DEPTH_LEVEL="1"/>
		<Primitive ID="Ar0230006" BOX="24 368 829 421" ELEMENT_TYPE="Content" SEQ_NO="6" TOC_ENTRY_ID="18" DEPTH_LEVEL="1"/>
		<Primitive ID="Ar0230007" BOX="24 415 829 468" ELEMENT_TYPE="Content" SEQ_NO="7" TOC_ENTRY_ID="18" DEPTH_LEVEL="1"/>
		<Primitive ID="Ar0230008" BOX="24 461 829 515" ELEMENT_TYPE="Content" SEQ_NO="8" TOC_ENTRY_ID="18" DEPTH_LEVEL="1"/>
		<Primitive ID="Ar0230009" BOX="24 508 829 563" ELEMENT_TYPE="Content" SEQ_NO="9" TOC_ENTRY_ID="18" DEPTH_LEVEL="1"/>
		<Primitive ID="Ar0230010" BOX="24 555 829 608" ELEMENT_TYPE="Content" SEQ_NO="10" TOC_ENTRY_ID="18" DEPTH_LEVEL="1"/>
		<Primitive ID="Ar0230011" BOX="24 602 829 656" ELEMENT_TYPE="Content" SEQ_NO="11" TOC_ENTRY_ID="18" DEPTH_LEVEL="1"/>
		<Primitive ID="Ar0230012" BOX="24 649 829 702" ELEMENT_TYPE="Content" SEQ_NO="12" TOC_ENTRY_ID="18" DEPTH_LEVEL="1"/>
		<Primitive ID="Ar0230013" BOX="24 696 829 749" ELEMENT_TYPE="Content" SEQ_NO="13" TOC_ENTRY_ID="18" DEPTH_LEVEL="1"/>
		<Primitive ID="Ar0230014" BOX="24 741 829 797" ELEMENT_TYPE="Content" SEQ_NO="14" TOC_ENTRY_ID="18" DEPTH_LEVEL="1"/>
		<Primitive ID="Ar0230015" BOX="24 789 829 843" ELEMENT_TYPE="Content" SEQ_NO="15" TOC_ENTRY_ID="18" DEPTH_LEVEL="1"/>
		<Primitive ID="Ar0230016" BOX="24 835 829 889" ELEMENT_TYPE="Content" SEQ_NO="16" TOC_ENTRY_ID="18" DEPTH_LEVEL="1"/>
		<Primitive ID="Ar0230017" BOX="24 882 829 937" ELEMENT_TYPE="Content" SEQ_NO="17" TOC_ENTRY_ID="18" DEPTH_LEVEL="1"/>
		<Primitive ID="Ar0230018" BOX="24 928 829 983" ELEMENT_TYPE="Content" SEQ_NO="18" TOC_ENTRY_ID="18" DEPTH_LEVEL="1"/>
		<Primitive ID="Ar0230019" BOX="24 975 829 1029" ELEMENT_TYPE="Content" SEQ_NO="19" TOC_ENTRY_ID="18" DEPTH_LEVEL="1"/>
		<Primitive ID="Ar0230020" BOX="24 1021 829 1076" ELEMENT_TYPE="Content" SEQ_NO="20" TOC_ENTRY_ID="18" DEPTH_LEVEL="1"/>
		<Primitive ID="Ar0230021" BOX="24 1068 829 1122" ELEMENT_TYPE="Content" SEQ_NO="21" TOC_ENTRY_ID="18" DEPTH_LEVEL="1"/>
		<Primitive ID="Ar0230022" BOX="24 1114 829 1169" ELEMENT_TYPE="Content" SEQ_NO="22" TOC_ENTRY_ID="18" DEPTH_LEVEL="1"/>
		<Primitive ID="Ar0230023" BOX="24 1169 829 1219" ELEMENT_TYPE="Content" SEQ_NO="23" TOC_ENTRY_ID="18" DEPTH_LEVEL="1"/>
	</Entity>
	<Entity ENTITY_TYPE="Article" FIRST_TOC_ENTRY_ID="28" INDEX_IN_DOC="54" DEPTH_LEVEL="1" ID="Ar02301" SIZE="Small" BOX="24 12 829 83" NEXT_SECTION="" PREV_SECTION="1" IMAGES_RESOLUTION="86" LOGICAL_NAME="true">
		<Name>A HOUSE OF MERCY. 23</Name>
		<Primitive ID="Ar0230100" BOX="24 12 829 83" ELEMENT_TYPE="Content" SEQ_NO="0" TOC_ENTRY_ID="28" DEPTH_LEVEL="1"/>
	</Entity>
</XMD-PAGE>