<?xml version="1.0" encoding="windows-1252" standalone="no"?>
<XMD-entity REPOSITORY_FORMAT="1.0" PRXML_VER="2.0" ENTITY_TYPE="Article" DOC_UID="EWJ_01/04/1858" DOC_VER="1" FIRST_TOC_ENTRY_ID="79" DEPTH_LEVEL="1" INDEX_IN_DOC="134" PAGE_NO="60" ID="Ar06001" BOX="24 12 811 81" LANGUAGE="English" SNP="Ar06001S.png" SNP_WIDTH="788" SNP_HEIGHT="69" LOGICAL_NAME="true">
	<Meta NAME="132 NOTICES OF BOOKS." DESCRIPTION="" SUBTYPE="" BASE_HREF="EWJ/1858/04/01" SOURCE_TYPE="TIFF" PUBLICATION="EWJ" SECTION="None" ISSUE_DATE="01/04/1858" WORDCNT="5" RELEASE_NO="041-EWJ-1858-04-01-001-SINGLE" PAGE_ID="" PAGE_TYPE="Single" PAGE_WIDTH="823" PAGE_HEIGHT="1239" DEFAULT_IMG_EXT="png" PDF_DESTINATION_MAPPED="OLV0_Entity_0060_0002" IMAGES_RESOLUTION="86" XMD_VER="2.6.238.8" PAGE_LABEL="132"/>
	<Link SOURCE="041-EWJ-1858-04-01-001-SINGLE.PDF" FIRST_ID="Ar00200" LAST_ID="Ar07201" NEXT_ID="" PREV_ID="Ar06000" TOC_ID="d:/Olive/Repository/EWJ/1858/04/01/TOC.xml"/>
	<DataFiles>
		<Files TYPE="DOC_PDF" PRESENT="1"/>
		<Files TYPE="PAGE_PDF" PRESENT="0"/>
		<Files TYPE="DOC_IMG" PRESENT="0"/>
		<Files TYPE="PAGE_IMG" PRESENT="0"/>
		<Files TYPE="PAGE_VIEW_IMG" PRESENT="1"/>
		<Files TYPE="PAGE_PREVIEW_IMG" PRESENT="1"/>
		<Files TYPE="PRIMITIVE_IMG" PRESENT="1"/>
		<Files TYPE="SNIPPET_IMG" PRESENT="1"/>
	</DataFiles>
	<Content>
		<Primitive BOX="24 12 811 81" ID="Ar0600100" SEQ_NO="0" TOC_ENTRY_ID="79" DEPTH_LEVEL="1">
			<L BOX="72 35 535 64"/>
			<W BOX="72 37 106 64" STYLE_REF="1">132</W>
			<W BOX="319 37 409 63" STYLE_REF="1" M="1 * ">_NOTICES</W>
			<W BOX="423 36 448 62" STYLE_REF="1">OF</W>
			<W BOX="463 35 530 62" STYLE_REF="1" NS="y">BOOKS</W>
			<W BOX="530 35 535 62" STYLE_REF="1">.</W>
		</Primitive>
	</Content>
	<TOC_Entries><TOC_Entry TOC_ENTRY_ID="132" TITLE="132 NOTICES OF BOOKS." ENTITY_ID_REF="Ar06001" PAGE_NO="60" PAGE_LABEL="132" PRIM_ID_REF="Ar0600100" IS_IC="true"/></TOC_Entries></XMD-entity>
