<?xml version="1.0" encoding="windows-1252" standalone="no"?>
<XMD-PAGE REPOSITORY_FORMAT="1.0" PRXML_VER="2.0">
	<Meta ISSUE_DATE="01/04/1858" RELEASE_NO="041-EWJ-1858-04-01-001-SINGLE" PAGE_NO="60" NAME="" PAGE_LABEL="132" PAGE_TYPE="Single" PUBLISHER="Olive" PUBLICATION="EWJ" SOURCE_TYPE="TIFF" SOURCE_RESOLUTION="72" IMAGES_RESOLUTION="86" PAGE_THUMBNAIL_RESOLUTION="86" PAGE_PREVIEW_RESOLUTION="15" DEFAULT_IMG_EXT="png" IMG_EXT="png" PREVIEW_IMG_EXT="png" XMD_VER="2.6.238.8" PROFILE_ID="D:\pdfs\EWJ\XMD_EWJ.ini" SECTION="None" PAGE_WIDTH="823" PAGE_HEIGHT="1239" PAGES_NUMBER="72" BASE_HREF="EWJ/1858/04/01" PDF_DESTINATION_MAPPED="OLV0_Page_0060">
		<Resolutions>
			<Resolution DEFAULT="true">86</Resolution>
		</Resolutions>
	</Meta>
	<Link SOURCE="041-EWJ-1858-04-01-001-SINGLE.PDF" NEXT_SECTION="" PREV_SECTION="1"/>
	<DataFiles>
		<Files TYPE="DOC_PDF" PRESENT="1"/>
		<Files TYPE="PAGE_PDF" PRESENT="0"/>
		<Files TYPE="DOC_IMG" PRESENT="0"/>
		<Files TYPE="PAGE_IMG" PRESENT="0"/>
		<Files TYPE="PAGE_VIEW_IMG" PRESENT="1"/>
		<Files TYPE="PAGE_PREVIEW_IMG" PRESENT="1"/>
		<Files TYPE="PRIMITIVE_IMG" PRESENT="1"/>
		<Files TYPE="SNIPPET_IMG" PRESENT="1"/>
	</DataFiles>
	<Entity ENTITY_TYPE="Article" FIRST_TOC_ENTRY_ID="78" INDEX_IN_DOC="131" DEPTH_LEVEL="1" ID="Ar06000" SIZE="XLarge" BOX="24 81 811 1214" NEXT_SECTION="" PREV_SECTION="1" CONTINUATION_TO="Ar06100" CONTINUATION_FROM="Ar05901" FIRST_CHUNK="Ar05901" IMAGES_RESOLUTION="86" LOGICAL_NAME="true">
		<Name>FOREIGN MTERATURE.</Name>
		<Primitive ID="Ar0600000" BOX="24 81 811 183" ELEMENT_TYPE="Content" SEQ_NO="0" TOC_ENTRY_ID="78" DEPTH_LEVEL="1"/>
		<Primitive ID="Ar0600001" BOX="24 171 811 238" ELEMENT_TYPE="Content" SEQ_NO="1" TOC_ENTRY_ID="78" DEPTH_LEVEL="1"/>
		<Primitive ID="Ar0600002" BOX="24 227 811 294" ELEMENT_TYPE="Content" SEQ_NO="2" TOC_ENTRY_ID="78" DEPTH_LEVEL="1"/>
		<Primitive ID="Ar0600003" BOX="24 282 811 349" ELEMENT_TYPE="Content" SEQ_NO="3" TOC_ENTRY_ID="78" DEPTH_LEVEL="1"/>
		<Primitive ID="Ar0600004" BOX="24 337 811 386" ELEMENT_TYPE="Content" SEQ_NO="4" TOC_ENTRY_ID="78" DEPTH_LEVEL="1"/>
		<Primitive ID="Ar0600005" BOX="24 378 811 443" ELEMENT_TYPE="Content" SEQ_NO="5" TOC_ENTRY_ID="78" DEPTH_LEVEL="1"/>
		<Primitive ID="Ar0600006" BOX="24 436 811 483" ELEMENT_TYPE="Content" SEQ_NO="6" TOC_ENTRY_ID="78" DEPTH_LEVEL="1"/>
		<Primitive ID="Ar0600007" BOX="24 471 811 537" ELEMENT_TYPE="Content" SEQ_NO="7" TOC_ENTRY_ID="78" DEPTH_LEVEL="1"/>
		<Primitive ID="Ar0600008" BOX="24 529 811 585" ELEMENT_TYPE="Content" SEQ_NO="8" TOC_ENTRY_ID="78" DEPTH_LEVEL="1"/>
		<Primitive ID="Ar0600009" BOX="24 577 811 631" ELEMENT_TYPE="Content" SEQ_NO="9" TOC_ENTRY_ID="78" DEPTH_LEVEL="1"/>
		<Primitive ID="Ar0600010" BOX="24 626 811 679" ELEMENT_TYPE="Content" SEQ_NO="10" TOC_ENTRY_ID="78" DEPTH_LEVEL="1"/>
		<Primitive ID="Ar0600011" BOX="24 671 811 725" ELEMENT_TYPE="Content" SEQ_NO="11" TOC_ENTRY_ID="78" DEPTH_LEVEL="1"/>
		<Primitive ID="Ar0600012" BOX="24 718 811 773" ELEMENT_TYPE="Content" SEQ_NO="12" TOC_ENTRY_ID="78" DEPTH_LEVEL="1"/>
		<Primitive ID="Ar0600013" BOX="24 766 811 820" ELEMENT_TYPE="Content" SEQ_NO="13" TOC_ENTRY_ID="78" DEPTH_LEVEL="1"/>
		<Primitive ID="Ar0600014" BOX="24 812 811 867" ELEMENT_TYPE="Content" SEQ_NO="14" TOC_ENTRY_ID="78" DEPTH_LEVEL="1"/>
		<Primitive ID="Ar0600015" BOX="24 858 811 914" ELEMENT_TYPE="Content" SEQ_NO="15" TOC_ENTRY_ID="78" DEPTH_LEVEL="1"/>
		<Primitive ID="Ar0600016" BOX="24 907 811 962" ELEMENT_TYPE="Content" SEQ_NO="16" TOC_ENTRY_ID="78" DEPTH_LEVEL="1"/>
		<Primitive ID="Ar0600017" BOX="24 954 811 1008" ELEMENT_TYPE="Content" SEQ_NO="17" TOC_ENTRY_ID="78" DEPTH_LEVEL="1"/>
		<Primitive ID="Ar0600018" BOX="24 1005 811 1055" ELEMENT_TYPE="Content" SEQ_NO="18" TOC_ENTRY_ID="78" DEPTH_LEVEL="1"/>
		<Primitive ID="Ar0600019" BOX="24 1049 811 1103" ELEMENT_TYPE="Content" SEQ_NO="19" TOC_ENTRY_ID="78" DEPTH_LEVEL="1"/>
		<Primitive ID="Ar0600020" BOX="24 1095 811 1149" ELEMENT_TYPE="Content" SEQ_NO="20" TOC_ENTRY_ID="78" DEPTH_LEVEL="1"/>
		<Primitive ID="Ar0600021" BOX="24 1142 811 1174" ELEMENT_TYPE="Content" SEQ_NO="21" TOC_ENTRY_ID="78" DEPTH_LEVEL="1"/>
		<Primitive ID="Ar0600022" BOX="24 1174 811 1214" ELEMENT_TYPE="Content" SEQ_NO="22" TOC_ENTRY_ID="78" DEPTH_LEVEL="1"/>
	</Entity>
	<Entity ENTITY_TYPE="Article" FIRST_TOC_ENTRY_ID="79" INDEX_IN_DOC="134" DEPTH_LEVEL="1" ID="Ar06001" SIZE="Small" BOX="24 12 811 81" NEXT_SECTION="" PREV_SECTION="1" IMAGES_RESOLUTION="86" LOGICAL_NAME="true">
		<Name>132 NOTICES OF BOOKS.</Name>
		<Primitive ID="Ar0600100" BOX="24 12 811 81" ELEMENT_TYPE="Content" SEQ_NO="0" TOC_ENTRY_ID="79" DEPTH_LEVEL="1"/>
	</Entity>
</XMD-PAGE>