<?xml version="1.0" encoding="windows-1252" standalone="no"?>
<XMD-entity REPOSITORY_FORMAT="1.0" PRXML_VER="2.0" ENTITY_TYPE="Article" DOC_UID="EWJ_01/03/1858" DOC_VER="1" FIRST_TOC_ENTRY_ID="12" DEPTH_LEVEL="1" INDEX_IN_DOC="24" PAGE_NO="9" ID="Ar00901" BOX="24 12 829 83" LANGUAGE="English" SNP="Ar00901S.png" SNP_WIDTH="806" SNP_HEIGHT="71" LOGICAL_NAME="true">
	<Meta NAME="i THE PROFESSION OF THE TEACHES. 9" DESCRIPTION="" SUBTYPE="" BASE_HREF="EWJ/1858/03/01" SOURCE_TYPE="TIFF" PUBLICATION="EWJ" SECTION="None" ISSUE_DATE="01/03/1858" WORDCNT="8" RELEASE_NO="041-EWJ-1858-03-01-001-SINGLE" PAGE_ID="" PAGE_TYPE="Single" PAGE_WIDTH="842" PAGE_HEIGHT="1244" DEFAULT_IMG_EXT="png" PDF_DESTINATION_MAPPED="OLV0_Entity_0009_0002" IMAGES_RESOLUTION="86" XMD_VER="2.6.238.8" PAGE_LABEL="9"/>
	<Link SOURCE="041-EWJ-1858-03-01-001-SINGLE.PDF" FIRST_ID="Ar00200" LAST_ID="Ar07201" NEXT_ID="" PREV_ID="Ar00900" TOC_ID="d:/Olive/Repository/EWJ/1858/03/01/TOC.xml"/>
	<DataFiles>
		<Files TYPE="DOC_PDF" PRESENT="1"/>
		<Files TYPE="PAGE_PDF" PRESENT="0"/>
		<Files TYPE="DOC_IMG" PRESENT="0"/>
		<Files TYPE="PAGE_IMG" PRESENT="0"/>
		<Files TYPE="PAGE_VIEW_IMG" PRESENT="1"/>
		<Files TYPE="PAGE_PREVIEW_IMG" PRESENT="1"/>
		<Files TYPE="PRIMITIVE_IMG" PRESENT="1"/>
		<Files TYPE="SNIPPET_IMG" PRESENT="1"/>
	</DataFiles>
	<Content>
		<Primitive BOX="24 12 829 83" ID="Ar0090100" SEQ_NO="0" TOC_ENTRY_ID="12" DEPTH_LEVEL="1">
			<L BOX="373 30 376 36"/>
			<W BOX="373 30 376 36" STYLE_REF="17">i</W>
			<L BOX="220 41 778 75" P="S"/>
			<W BOX="220 51 263 75" STYLE_REF="7">THE</W>
			<W BOX="279 50 406 74" STYLE_REF="7">PROFESSION</W>
			<W BOX="420 49 446 73" STYLE_REF="7">OF</W>
			<W BOX="461 48 504 72" STYLE_REF="7">THE</W>
			<W BOX="519 47 619 71" STYLE_REF="7" NS="y">TEACHES</W>
			<W BOX="619 47 624 71" STYLE_REF="7">.</W>
			<W BOX="765 41 778 71" STYLE_REF="1">9</W>
		</Primitive>
	</Content>
	<TOC_Entries><TOC_Entry TOC_ENTRY_ID="20" TITLE="i THE PROFESSION OF THE TEACHES. 9" ENTITY_ID_REF="Ar00901" PAGE_NO="9" PAGE_LABEL="9" PRIM_ID_REF="Ar0090100" IS_IC="true"/></TOC_Entries></XMD-entity>
