<?xml version="1.0" encoding="windows-1252" standalone="no"?>
<XMD-entity REPOSITORY_FORMAT="1.0" PRXML_VER="2.0" ENTITY_TYPE="Article" DOC_UID="EWJ_01/04/1858" DOC_VER="1" FIRST_TOC_ENTRY_ID="10" DEPTH_LEVEL="1" INDEX_IN_DOC="16" PAGE_NO="7" ID="Ar00701" BOX="23 76 811 162" LANGUAGE="English" SNP="Ar00701S.png" SNP_WIDTH="789" SNP_HEIGHT="86" LOGICAL_NAME="true">
	<Meta NAME="FLOBENOE NIGHTINGALE AND THE ENGLISH SOL..." DESCRIPTION="" SUBTYPE="" BASE_HREF="EWJ/1858/04/01" SOURCE_TYPE="TIFF" PUBLICATION="EWJ" SECTION="None" ISSUE_DATE="01/04/1858" WORDCNT="8" RELEASE_NO="041-EWJ-1858-04-01-001-SINGLE" PAGE_ID="" PAGE_TYPE="Single" PAGE_WIDTH="823" PAGE_HEIGHT="1239" DEFAULT_IMG_EXT="png" PDF_DESTINATION_MAPPED="OLV0_Entity_0007_0002" IMAGES_RESOLUTION="86" XMD_VER="2.6.238.8" PAGE_LABEL="79"/>
	<Link SOURCE="041-EWJ-1858-04-01-001-SINGLE.PDF" FIRST_ID="Ar00200" LAST_ID="Ar07201" NEXT_ID="" PREV_ID="Ar00700" TOC_ID="d:/Olive/Repository/EWJ/1858/04/01/TOC.xml"/>
	<DataFiles>
		<Files TYPE="DOC_PDF" PRESENT="1"/>
		<Files TYPE="PAGE_PDF" PRESENT="0"/>
		<Files TYPE="DOC_IMG" PRESENT="0"/>
		<Files TYPE="PAGE_IMG" PRESENT="0"/>
		<Files TYPE="PAGE_VIEW_IMG" PRESENT="1"/>
		<Files TYPE="PAGE_PREVIEW_IMG" PRESENT="1"/>
		<Files TYPE="PRIMITIVE_IMG" PRESENT="1"/>
		<Files TYPE="SNIPPET_IMG" PRESENT="1"/>
	</DataFiles>
	<Content>
		<Primitive BOX="23 76 811 162" ID="Ar0070100" SEQ_NO="0" TOC_ENTRY_ID="10" DEPTH_LEVEL="1">
			<L BOX="118 123 770 149"/>
			<W BOX="118 125 228 149" STYLE_REF="7" M="1 * 6 * ">_FLOBENOE</W>
			<W BOX="241 123 389 147" STYLE_REF="7">NIGHTINGALE</W>
			<W BOX="401 123 446 147" STYLE_REF="7">AND</W>
			<W BOX="459 123 502 147" STYLE_REF="7">THE</W>
			<W BOX="515 123 607 147" STYLE_REF="7">ENGLISH</W>
			<W BOX="620 123 710 147" STYLE_REF="7" NS="y">SOLDIER</W>
			<W BOX="710 123 715 147" STYLE_REF="7">.</W>
			<W BOX="742 123 770 147" STYLE_REF="7">79</W>
		</Primitive>
	</Content>
	<TOC_Entries><TOC_Entry TOC_ENTRY_ID="16" TITLE="FLOBENOE NIGHTINGALE AND THE ENGLISH SOL..." ENTITY_ID_REF="Ar00701" PAGE_NO="7" PAGE_LABEL="79" PRIM_ID_REF="Ar0070100" IS_IC="true"/></TOC_Entries></XMD-entity>
